# https://github.com/mikedh/trimesh
v -0.47070312 -0.24023438 -0.00976562
v -0.47070312 -0.24023438 -0.00195312
v -0.47070312 -0.22070312 -0.00976562
v -0.47070312 -0.22070312 -0.00195312
v -0.46679688 -0.26367188 0.00585938
v -0.46679688 -0.25976562 -0.00976562
v -0.46679688 -0.25976562 -0.00195312
v -0.46679688 -0.24023438 0.00976562
v -0.46679688 -0.22070312 0.00976562
v -0.46679688 -0.19726562 -0.00976562
v -0.46679688 -0.19726562 -0.00195312
v -0.46289062 -0.28320312 -0.00195312
v -0.46289062 -0.19726562 0.00976562
v -0.45898438 -0.28320312 0.00585938
v -0.45898438 -0.27929688 -0.00585938
v -0.45898438 -0.26367188 0.00976562
v -0.45898438 -0.25976562 -0.00976562
v -0.45898438 -0.24023438 -0.00976562
v -0.45898438 -0.24023438 0.00976562
v -0.45898438 -0.22070312 -0.00976562
v -0.45898438 -0.22070312 0.00976562
v -0.45898438 -0.20117188 -0.00976562
v -0.45898438 -0.19726562 0.00976562
v -0.45898438 -0.16992188 -0.00585938
v -0.45898438 -0.16992188 -0.00195312
v -0.45898438 -0.16992188 0.00585938
v -0.45507812 -0.27929688 -0.00976562
v -0.45507812 -0.27929688 0.00976562
v -0.45117188 -0.29882812 0.00585938
v -0.45117188 -0.29492188 -0.00585938
v -0.45117188 -0.29492188 -0.00195312
v -0.45117188 -0.27539062 -0.01367188
v -0.45117188 -0.25976562 -0.01367188
v -0.45117188 -0.24023438 -0.01367188
v -0.45117188 -0.22070312 -0.01367188
v -0.45117188 -0.16992188 -0.00976562
v -0.45117188 -0.16992188 0.00585938
v -0.45117188 -0.14257812 -0.00195312
v -0.45117188 -0.14257812 0.00585938
v -0.44726562 -0.29492188 0.00976562
v -0.44726562 -0.29101562 -0.01367188
v -0.44726562 -0.27929688 0.00976562
v -0.44726562 -0.26367188 0.00976562
v -0.44726562 -0.20117188 -0.00976562
v -0.44726562 -0.14648438 0.00585938
v -0.44726562 -0.14257812 -0.00585938
v -0.44335938 -0.30664062 -0.00195312
v -0.44335938 -0.30664062 0.00585938
v -0.44335938 -0.30273438 -0.00585938
v -0.44335938 -0.29492188 0.00976562
v -0.44335938 -0.28710938 -0.01757812
v -0.44335938 -0.27148438 -0.01367188
v -0.44335938 -0.25976562 -0.01367188
v -0.44335938 -0.17382812 0.00585938
v -0.44335938 -0.14648438 -0.00585938
v -0.43945312 -0.30664062 0.00976562
v -0.43945312 -0.30273438 -0.01367188
v -0.43945312 -0.30273438 0.00976562
v -0.43945312 -0.27929688 0.01367188
v -0.43945312 -0.25976562 0.01367188
v -0.43945312 -0.24023438 -0.01367188
v -0.43945312 -0.24023438 0.01367188
v -0.43945312 -0.23632812 0.00585938
v -0.43945312 -0.22070312 -0.00976562
v -0.43945312 -0.22070312 0.00585938
v -0.43945312 -0.20507812 0.00195312
v -0.43945312 -0.17773438 -0.00976562
v -0.43945312 -0.11523438 -0.00585938
v -0.43945312 -0.11523438 0.00195312
v -0.43945312 -0.11523438 0.00585938
v -0.43554688 -0.30273438 0.00976562
v -0.43554688 -0.29101562 0.01367188
v -0.43554688 -0.27929688 -0.01757812
v -0.43554688 -0.26367188 -0.01757812
v -0.43554688 -0.25976562 0.01757812
v -0.43554688 -0.22070312 0.01367188
v -0.43554688 -0.20507812 0.01367188
v -0.43554688 -0.19726562 -0.00976562
v -0.43554688 -0.18945312 0.00585938
v -0.43554688 -0.18945312 0.00976562
v -0.43554688 -0.18554688 -0.00585938
v -0.43554688 -0.15820312 -0.00585938
v -0.43554688 -0.15039062 0.00585938
v -0.43554688 -0.11914062 0.00585938
v -0.43164062 -0.31445312 -0.00195312
v -0.43164062 -0.31445312 0.00585938
v -0.43164062 -0.31054688 -0.01367188
v -0.43164062 -0.31054688 -0.00585938
v -0.43164062 -0.31054688 0.01367188
v -0.43164062 -0.30273438 0.01367188
v -0.43164062 -0.29492188 -0.01757812
v -0.43164062 -0.29101562 0.01367188
v -0.43164062 -0.28320312 -0.02148438
v -0.43164062 -0.27929688 0.01757812
v -0.43164062 -0.24023438 0.02148438
v -0.43164062 -0.22070312 -0.01757812
v -0.43164062 -0.19335938 0.01757812
v -0.43164062 -0.11914062 -0.00585938
v -0.42773438 -0.30664062 0.01367188
v -0.42773438 -0.27929688 0.02148438
v -0.42773438 -0.26757812 -0.02539062
v -0.42773438 -0.26367188 0.02539062
v -0.42773438 -0.24414062 -0.02148438
v -0.42773438 -0.22460938 0.02539062
v -0.42773438 -0.20507812 -0.02148438
v -0.42773438 -0.17382812 -0.00585938
v -0.42773438 -0.17382812 0.00585938
v -0.42773438 -0.17382812 0.00976562
v -0.42773438 -0.16601562 -0.00585938
v -0.42773438 -0.13476562 -0.00585938
v -0.42382812 -0.31054688 0.01367188
v -0.42382812 -0.30664062 0.01367188
v -0.42382812 -0.30273438 0.01757812
v -0.42382812 -0.29101562 0.01757812
v -0.42382812 -0.22460938 -0.02539062
v -0.42382812 -0.20898438 0.02539062
v -0.42382812 -0.19335938 -0.01757812
v -0.42382812 -0.19335938 0.02539062
v -0.42382812 -0.18554688 -0.01367188
v -0.42382812 -0.17773438 -0.01367188
v -0.42382812 -0.17773438 0.01367188
v -0.42382812 -0.15820312 0.00585938
v -0.42382812 -0.15429688 -0.00585938
v -0.42382812 -0.12304688 0.00585938
v -0.42382812 -0.08789062 -0.00585938
v -0.42382812 -0.08789062 0.00195312
v -0.42382812 -0.08789062 0.00585938
v -0.41992188 -0.31835938 -0.00195312
v -0.41992188 -0.31835938 0.00585938
v -0.41992188 -0.31835938 0.01367188
v -0.41992188 -0.31445312 -0.00585938
v -0.41992188 -0.31054688 -0.01367188
v -0.41992188 -0.30664062 0.01757812
v -0.41992188 -0.30273438 -0.01757812
v -0.41992188 -0.30273438 0.01757812
v -0.41992188 -0.28320312 0.02148438
v -0.41992188 -0.24804688 -0.02539062
v -0.41992188 -0.24023438 0.02929688
v -0.41992188 -0.19335938 0.02929688
v -0.41992188 -0.18945312 -0.01757812
v -0.41992188 -0.17773438 0.02148438
v -0.41992188 -0.16601562 -0.01367188
v -0.41992188 -0.15820312 0.00976562
v -0.41992188 -0.15820312 0.01367188
v -0.41992188 -0.13867188 -0.00585938
v -0.41992188 -0.09570312 0.00585938
v -0.41601562 -0.31445312 0.01367188
v -0.41601562 -0.31054688 0.01757812
v -0.41601562 -0.29101562 0.02148438
v -0.41601562 -0.28710938 -0.02539062
v -0.41601562 -0.26367188 0.02929688
v -0.41601562 -0.22851562 -0.02929688
v -0.41601562 -0.22460938 0.02929688
v -0.41601562 -0.20898438 -0.02539062
v -0.41601562 -0.18554688 -0.01757812
v -0.41601562 -0.18164062 -0.01757812
v -0.41601562 -0.16210938 0.02539062
v -0.41601562 -0.15820312 -0.01367188
v -0.41601562 -0.11132812 -0.00585938
v -0.41601562 0.27148438 -0.00585938
v -0.41601562 0.27148438 -0.00195312
v -0.41601562 0.27148438 0.00585938
v -0.41601562 0.29492188 -0.00585938
v -0.41601562 0.29492188 -0.00195312
v -0.41601562 0.29492188 0.00585938
v -0.41601562 0.31835938 -0.00195312
v -0.41210938 -0.31835938 0.00585938
v -0.41210938 -0.30273438 0.02148438
v -0.41210938 -0.28320312 0.02539062
v -0.41210938 -0.27148438 -0.02929688
v -0.41210938 -0.24414062 0.02929688
v -0.41210938 -0.21289062 0.03320312
v -0.41210938 -0.19726562 -0.02539062
v -0.41210938 -0.19335938 -0.02539062
v -0.41210938 -0.18945312 -0.02539062
v -0.41210938 -0.18164062 0.02929688
v -0.41210938 -0.16992188 -0.01757812
v -0.41210938 -0.15820312 -0.01757812
v -0.41210938 -0.13476562 0.00976562
v -0.41210938 -0.13085938 0.00585938
v -0.41210938 -0.09960938 -0.00585938
v -0.41210938 -0.09960938 0.00585938
v -0.41210938 0.16601562 -0.00585938
v -0.41210938 0.16601562 -0.00195312
v -0.41210938 0.16601562 0.00585938
v -0.41210938 0.18554688 -0.00585938
v -0.41210938 0.18554688 -0.00195312
v -0.41210938 0.18554688 0.00585938
v -0.41210938 0.20117188 -0.00585938
v -0.41210938 0.20117188 -0.00195312
v -0.41210938 0.20117188 0.00585938
v -0.41210938 0.21679688 -0.00585938
v -0.41210938 0.21679688 -0.00195312
v -0.41210938 0.21679688 0.00585938
v -0.41210938 0.22851562 -0.00585938
v -0.41210938 0.23242188 -0.00195312
v -0.41210938 0.23242188 0.00585938
v -0.41210938 0.24804688 -0.00585938
v -0.41210938 0.24804688 -0.00195312
v -0.41210938 0.25195312 0.00585938
v -0.41210938 0.27148438 -0.00585938
v -0.41210938 0.29101562 -0.00585938
v -0.41210938 0.31445312 -0.00585938
v -0.41210938 0.31835938 -0.00585938
v -0.41210938 0.31835938 0.00585938
v -0.41210938 0.33789062 -0.00585938
v -0.41210938 0.33789062 -0.00195312
v -0.40820312 -0.31835938 0.01757812
v -0.40820312 -0.31054688 0.01757812
v -0.40820312 -0.29492188 0.02148438
v -0.40820312 -0.26757812 0.02929688
v -0.40820312 -0.25195312 -0.02929688
v -0.40820312 -0.21289062 -0.03320312
v -0.40820312 -0.19726562 0.03710938
v -0.40820312 -0.18554688 -0.02539062
v -0.40820312 -0.17382812 -0.02929688
v -0.40820312 -0.16601562 0.03320312
v -0.40820312 -0.13867188 -0.01367188
v -0.40820312 -0.13476562 0.01367188
v -0.40820312 0.14648438 -0.00585938
v -0.40820312 0.14648438 -0.00195312
v -0.40820312 0.16601562 -0.00585938
v -0.40820312 0.18554688 -0.00585938
v -0.40820312 0.20117188 -0.00585938
v -0.40820312 0.21679688 -0.00585938
v -0.40820312 0.22851562 -0.00585938
v -0.40820312 0.24804688 -0.00585938
v -0.40820312 0.27148438 -0.00585938
v -0.40820312 0.27148438 0.00585938
v -0.40820312 0.29101562 -0.00585938
v -0.40820312 0.29492188 0.00585938
v -0.40820312 0.33789062 0.00585938
v -0.40429688 -0.30664062 0.02148438
v -0.40429688 -0.18554688 0.03320312
v -0.40429688 -0.16210938 -0.02929688
v -0.40429688 -0.14257812 -0.01757812
v -0.40429688 -0.13867188 0.02539062
v -0.40429688 -0.11523438 -0.00585938
v -0.40429688 -0.06445312 -0.00585938
v -0.40429688 -0.06445312 0.00195312
v -0.40429688 -0.06445312 0.00585938
v -0.40429688 0.14648438 0.00585938
v -0.40429688 0.16601562 0.00585938
v -0.40429688 0.18554688 0.00585938
v -0.40429688 0.20117188 0.00585938
v -0.40429688 0.21679688 0.00585938
v -0.40429688 0.23632812 0.00585938
v -0.40429688 0.25195312 0.00585938
v -0.40429688 0.27148438 -0.00585938
v -0.40429688 0.29101562 -0.00585938
v -0.40429688 0.31054688 -0.00585938
v -0.40429688 0.31445312 0.00585938
v -0.40429688 0.33007812 -0.00585938
v -0.40429688 0.33398438 -0.00585938
v -0.40429688 0.36132812 -0.00585938
v -0.40429688 0.36132812 -0.00195312
v -0.40039062 -0.31835938 -0.00195312
v -0.40039062 -0.31835938 0.00585938
v -0.40039062 -0.31445312 -0.01367188
v -0.40039062 -0.31445312 0.01367188
v -0.40039062 -0.30664062 -0.01757812
v -0.40039062 -0.29492188 0.02148438
v -0.40039062 -0.29101562 -0.02148438
v -0.40039062 -0.27539062 -0.02539062
v -0.40039062 -0.24414062 0.03320312
v -0.40039062 -0.23632812 -0.03320312
v -0.40039062 -0.22460938 0.03320312
v -0.40039062 -0.20507812 -0.03710938
v -0.40039062 -0.19726562 -0.03320312
v -0.40039062 -0.16992188 0.03710938
v -0.40039062 -0.11914062 -0.01367188
v -0.40039062 -0.11132812 0.00585938
v -0.40039062 -0.11132812 0.00976562
v -0.40039062 -0.07226562 0.00585938
v -0.40039062 0.13085938 -0.00585938
v -0.40039062 0.13085938 -0.00195312
v -0.40039062 0.13476562 0.00585938
v -0.40039062 0.15039062 -0.00585938
v -0.40039062 0.15039062 0.00585938
v -0.40039062 0.18164062 -0.00585938
v -0.40039062 0.19726562 -0.00585938
v -0.40039062 0.21679688 -0.00585938
v -0.40039062 0.22851562 -0.00585938
v -0.40039062 0.24804688 -0.00585938
v -0.40039062 0.31054688 -0.00195312
v -0.40039062 0.32617188 -0.00585938
v -0.40039062 0.36132812 0.00585938
v -0.39648438 -0.31445312 0.01757812
v -0.39648438 -0.30664062 0.02148438
v -0.39648438 -0.28320312 0.02539062
v -0.39648438 -0.21289062 0.03710938
v -0.39648438 -0.18945312 -0.03320312
v -0.39648438 -0.17773438 -0.03710938
v -0.39648438 -0.14648438 -0.02929688
v -0.39648438 -0.14257812 0.03320312
v -0.39648438 -0.12304688 -0.01757812
v -0.39648438 -0.11523438 0.01367188
v -0.39648438 -0.08398438 -0.00585938
v -0.39648438 -0.08007812 0.00585938
v -0.39648438 0.13867188 -0.00585938
v -0.39648438 0.13867188 0.00585938
v -0.39648438 0.16601562 -0.00585938
v -0.39648438 0.16601562 0.00585938
v -0.39648438 0.24804688 -0.00585938
v -0.39648438 0.25585938 0.00585938
v -0.39648438 0.27148438 -0.00585938
v -0.39648438 0.27539062 0.00585938
v -0.39648438 0.29101562 -0.00585938
v -0.39648438 0.29492188 0.00585938
v -0.39648438 0.31054688 -0.00585938
v -0.39648438 0.31054688 0.00585938
v -0.39648438 0.33398438 0.00585938
v -0.39648438 0.34960938 -0.00585938
v -0.39648438 0.35742188 -0.00585938
v -0.39257812 -0.31835938 -0.00976562
v -0.39257812 -0.31835938 -0.00195312
v -0.39257812 -0.31835938 0.00976562
v -0.39257812 -0.31445312 0.01757812
v -0.39257812 -0.29492188 0.02148438
v -0.39257812 -0.26757812 0.02929688
v -0.39257812 -0.25976562 -0.02539062
v -0.39257812 -0.22460938 0.03710938
v -0.39257812 -0.22070312 -0.03710938
v -0.39257812 -0.20117188 0.03710938
v -0.39257812 -0.19335938 -0.03710938
v -0.39257812 -0.16601562 -0.03710938
v -0.39257812 -0.11914062 0.02539062
v -0.39257812 0.19726562 -0.00585938
v -0.39257812 0.21289062 -0.00585938
v -0.39257812 0.22851562 -0.00585938
v -0.39257812 0.24414062 0.00585938
v -0.39257812 0.32617188 -0.00585938
v -0.39257812 0.34179688 -0.00585938
v -0.39257812 0.35351562 0.00585938
v -0.39257812 0.38476562 -0.00195312
v -0.38867188 -0.31835938 0.01367188
v -0.38867188 -0.30664062 -0.01367188
v -0.38867188 -0.30664062 0.01757812
v -0.38867188 -0.29492188 -0.01757812
v -0.38867188 -0.29492188 0.01757812
v -0.38867188 -0.28320312 0.02148438
v -0.38867188 -0.24414062 0.02929688
v -0.38867188 -0.19335938 -0.03710938
v -0.38867188 -0.18945312 0.03710938
v -0.38867188 -0.15039062 -0.03710938
v -0.38867188 -0.15039062 0.03710938
v -0.38867188 -0.12695312 -0.02929688
v -0.38867188 -0.09570312 -0.01367188
v -0.38867188 -0.09570312 -0.00585938
v -0.38867188 0.11914062 0.00195312
v -0.38867188 0.11914062 0.00585938
v -0.38867188 0.12695312 0.00585938
v -0.38867188 0.13867188 0.00585938
v -0.38867188 0.18164062 -0.00585938
v -0.38867188 0.29101562 -0.00585938
v -0.38867188 0.30664062 -0.00585938
v -0.38867188 0.32226562 -0.00585938
v -0.38867188 0.34570312 -0.00976562
v -0.38867188 0.37695312 -0.00585938
v -0.38867188 0.38476562 -0.00585938
v -0.38867188 0.38476562 0.00585938
v -0.38476562 -0.32226562 -0.00195312
v -0.38476562 -0.31835938 -0.00976562
v -0.38476562 -0.31835938 0.00976562
v -0.38476562 -0.30664062 0.01367188
v -0.38476562 -0.28320312 0.01757812
v -0.38476562 -0.27929688 -0.01757812
v -0.38476562 -0.26757812 0.02539062
v -0.38476562 -0.24023438 -0.02929688
v -0.38476562 -0.22851562 0.03320312
v -0.38476562 -0.19335938 -0.03710938
v -0.38476562 -0.17382812 0.04101562
v -0.38476562 -0.12304688 0.03320312
v -0.38476562 -0.09960938 -0.01757812
v -0.38476562 -0.09179688 0.00585938
v -0.38476562 -0.07226562 -0.00585938
v -0.38476562 0.11523438 -0.00195312
v -0.38476562 0.15820312 -0.00585938
v -0.38476562 0.20117188 0.00585938
v -0.38476562 0.22460938 0.00585938
v -0.38476562 0.25195312 -0.00585938
v -0.38476562 0.27148438 -0.00585938
v -0.38085938 -0.31054688 0.00976562
v -0.38085938 -0.30664062 -0.00976562
v -0.38085938 -0.29882812 0.01367188
v -0.38085938 -0.29492188 -0.01367188
v -0.38085938 -0.26367188 -0.02148438
v -0.38085938 -0.24804688 0.02539062
v -0.38085938 -0.21679688 0.03320312
v -0.38085938 -0.20898438 -0.03710938
v -0.38085938 -0.20117188 -0.03710938
v -0.38085938 -0.19726562 -0.03710938
v -0.38085938 -0.18164062 -0.03710938
v -0.38085938 -0.13085938 -0.03710938
v -0.38085938 -0.10742188 -0.02929688
v -0.38085938 -0.09179688 0.01367188
v -0.38085938 -0.09179688 0.01757812
v -0.38085938 0.11914062 -0.00585938
v -0.38085938 0.16601562 0.00585938
v -0.38085938 0.17773438 -0.00585938
v -0.38085938 0.19726562 -0.00585938
v -0.38085938 0.21289062 -0.00585938
v -0.38085938 0.23242188 -0.00585938
v -0.38085938 0.26757812 0.00585938
v -0.38085938 0.29101562 -0.00976562
v -0.38085938 0.29101562 0.00585938
v -0.38085938 0.30664062 -0.00976562
v -0.38085938 0.31054688 0.00585938
v -0.38085938 0.32617188 -0.00976562
v -0.38085938 0.32617188 0.00585938
v -0.38085938 0.36914062 -0.00976562
v -0.38085938 0.37695312 0.00976562
v -0.37695312 -0.31054688 -0.00195312
v -0.37695312 -0.29882812 -0.00195312
v -0.37695312 -0.29882812 0.00585938
v -0.37695312 -0.28320312 -0.01367188
v -0.37695312 -0.28320312 0.01367188
v -0.37695312 -0.26757812 0.01757812
v -0.37695312 -0.24414062 -0.02539062
v -0.37695312 -0.22460938 -0.03320312
v -0.37695312 -0.20507812 0.03710938
v -0.37695312 -0.16992188 -0.04101562
v -0.37695312 -0.15429688 0.04101562
v -0.37695312 -0.12695312 0.03710938
v -0.37695312 -0.09570312 0.02539062
v -0.37695312 0.09960938 -0.00195312
v -0.37695312 0.09960938 0.00195312
v -0.37695312 0.09960938 0.00585938
v -0.37695312 0.19335938 0.00585938
v -0.37695312 0.21289062 0.00585938
v -0.37695312 0.27148438 -0.00976562
v -0.37695312 0.28710938 -0.01757812
v -0.37695312 0.29101562 0.02148438
v -0.37695312 0.29492188 0.01367188
v -0.37695312 0.30664062 -0.01757812
v -0.37695312 0.31835938 0.01757812
v -0.37695312 0.32617188 -0.02148438
v -0.37695312 0.34179688 0.00976562
v -0.37695312 0.34570312 -0.00976562
v -0.37695312 0.40039062 -0.00976562
v -0.37695312 0.40429688 -0.00585938
v -0.37695312 0.40820312 -0.00195312
v -0.37304688 -0.28320312 -0.00195312
v -0.37304688 -0.28320312 0.00585938
v -0.37304688 -0.26757812 -0.01367188
v -0.37304688 -0.26757812 0.01367188
v -0.37304688 -0.24804688 0.02148438
v -0.37304688 -0.21679688 0.02929688
v -0.37304688 -0.20507812 -0.03710938
v -0.37304688 -0.20117188 -0.03710938
v -0.37304688 -0.19726562 -0.03710938
v -0.37304688 -0.18945312 0.03710938
v -0.37304688 -0.15820312 -0.04101562
v -0.37304688 -0.11523438 -0.03710938
v -0.37304688 -0.08398438 -0.01757812
v -0.37304688 -0.08007812 -0.01367188
v -0.37304688 -0.08007812 -0.00585938
v -0.37304688 0.08789062 -0.00195312
v -0.37304688 0.08789062 0.00195312
v -0.37304688 0.10351562 -0.00585938
v -0.37304688 0.10742188 0.00585938
v -0.37304688 0.13085938 -0.00585938
v -0.37304688 0.14648438 0.00585938
v -0.37304688 0.15820312 -0.00585938
v -0.37304688 0.16992188 0.01367188
v -0.37304688 0.18164062 -0.00585938
v -0.37304688 0.21289062 -0.00585938
v -0.37304688 0.22851562 0.00585938
v -0.37304688 0.24414062 0.00585938
v -0.37304688 0.25195312 -0.00976562
v -0.37304688 0.26757812 -0.01757812
v -0.37304688 0.26757812 0.00976562
v -0.37304688 0.28710938 -0.03320312
v -0.37304688 0.29101562 0.02929688
v -0.37304688 0.30664062 -0.03320312
v -0.37304688 0.31054688 0.02539062
v -0.37304688 0.32226562 -0.03320312
v -0.37304688 0.34570312 -0.02148438
v -0.37304688 0.40820312 0.00585938
v -0.36914062 -0.26757812 -0.00195312
v -0.36914062 -0.26757812 0.00585938
v -0.36914062 -0.25195312 0.01757812
v -0.36914062 -0.24804688 -0.01367188
v -0.36914062 -0.22851562 -0.02929688
v -0.36914062 -0.22851562 0.02539062
v -0.36914062 -0.21289062 -0.03710938
v -0.36914062 -0.18554688 -0.03710938
v -0.36914062 -0.09960938 0.03320312
v -0.36914062 -0.09179688 -0.02929688
v -0.36914062 -0.06054688 0.00585938
v -0.36914062 -0.04882812 0.00585938
v -0.36914062 -0.04492188 0.00585938
v -0.36914062 -0.04101562 -0.00585938
v -0.36914062 -0.04101562 0.00195312
v -0.36914062 -0.04101562 0.00585938
v -0.36914062 0.08789062 0.00585938
v -0.36914062 0.09179688 -0.00585938
v -0.36914062 0.11523438 0.00585938
v -0.36914062 0.14648438 0.01757812
v -0.36914062 0.15820312 -0.00585938
v -0.36914062 0.18554688 -0.01367188
v -0.36914062 0.21289062 0.01367188
v -0.36914062 0.23242188 -0.00585938
v -0.36914062 0.25195312 -0.01367188
v -0.36914062 0.26757812 -0.02539062
v -0.36914062 0.26757812 0.02148438
v -0.36914062 0.29882812 0.03710938
v -0.36914062 0.33398438 0.02929688
v -0.36914062 0.34179688 -0.03710938
v -0.36914062 0.36914062 -0.01367188
v -0.36914062 0.36914062 0.01367188
v -0.36914062 0.39257812 -0.00976562
v -0.36523438 -0.25195312 0.01367188
v -0.36523438 -0.23242188 0.02148438
v -0.36523438 -0.20507812 0.03320312
v -0.36523438 -0.17773438 0.04101562
v -0.36523438 -0.17382812 -0.03710938
v -0.36523438 -0.13867188 -0.03710938
v -0.36523438 -0.13476562 0.04101562
v -0.36523438 -0.09960938 -0.03710938
v -0.36523438 0.07617188 -0.00195312
v -0.36523438 0.09179688 0.00585938
v -0.36523438 0.10742188 -0.00585938
v -0.36523438 0.13476562 -0.00585938
v -0.36523438 0.16210938 -0.01367188
v -0.36523438 0.17773438 0.02539062
v -0.36523438 0.19335938 0.01757812
v -0.36523438 0.21289062 -0.01367188
v -0.36523438 0.23242188 -0.01367188
v -0.36523438 0.24414062 0.00976562
v -0.36523438 0.27148438 0.03320312
v -0.36523438 0.28320312 -0.04492188
v -0.36523438 0.30273438 -0.04492188
v -0.36523438 0.31445312 -0.04492188
v -0.36523438 0.36523438 -0.02148438
v -0.36132812 -0.33007812 0.00195312
v -0.36132812 -0.33007812 0.00585938
v -0.36132812 -0.32226562 0.00195312
v -0.36132812 -0.25195312 -0.00585938
v -0.36132812 -0.25195312 0.00195312
v -0.36132812 -0.23242188 -0.01757812
v -0.36132812 -0.23242188 0.01367188
v -0.36132812 -0.21679688 0.02539062
v -0.36132812 -0.20898438 -0.03320312
v -0.36132812 -0.20117188 -0.03710938
v -0.36132812 -0.19726562 -0.03320312
v -0.36132812 -0.19335938 0.03710938
v -0.36132812 -0.16210938 -0.03710938
v -0.36132812 -0.15820312 0.03710938
v -0.36132812 -0.12304688 -0.03710938
v -0.36132812 -0.10742188 0.03710938
v -0.36132812 -0.07226562 0.00585938
v -0.36132812 -0.07226562 0.01367188
v -0.36132812 -0.07226562 0.01757812
v -0.36132812 -0.05664062 -0.00585938
v -0.36132812 0.07617188 0.00195312
v -0.36132812 0.07617188 0.00585938
v -0.36132812 0.08007812 -0.00585938
v -0.36132812 0.12304688 0.00585938
v -0.36132812 0.13867188 -0.00585938
v -0.36132812 0.15429688 0.03710938
v -0.36132812 0.18945312 -0.02148438
v -0.36132812 0.22851562 0.00976562
v -0.36132812 0.24414062 0.01367188
v -0.36132812 0.24804688 -0.01757812
v -0.36132812 0.25976562 0.03320312
v -0.36132812 0.26367188 -0.03710938
v -0.36132812 0.28320312 0.04492188
v -0.36132812 0.32226562 0.04882812
v -0.36132812 0.33007812 -0.05273438
v -0.36132812 0.38867188 -0.01367188
v -0.36132812 0.40039062 0.00976562
v -0.36132812 0.41992188 -0.00976562
v -0.35742188 -0.33789062 0.00195312
v -0.35742188 -0.33789062 0.00585938
v -0.35742188 -0.33398438 -0.00585938
v -0.35742188 -0.33007812 -0.00195312
v -0.35742188 -0.32617188 0.00585938
v -0.35742188 -0.32226562 -0.00585938
v -0.35742188 -0.32226562 0.00585938
v -0.35742188 -0.31835938 -0.00195312
v -0.35742188 -0.31835938 0.00195312
v -0.35742188 -0.31445312 0.00195312
v -0.35742188 -0.21679688 -0.02929688
v -0.35742188 -0.21679688 0.01367188
v -0.35742188 -0.21679688 0.01757812
v -0.35742188 -0.20507812 0.02539062
v -0.35742188 -0.18945312 -0.03320312
v -0.35742188 -0.10742188 -0.03710938
v -0.35742188 -0.07617188 -0.02929688
v -0.35742188 -0.07617188 0.02929688
v -0.35742188 -0.06835938 -0.01757812
v -0.35742188 -0.06835938 -0.01367188
v -0.35742188 -0.06835938 -0.00585938
v -0.35742188 0.08398438 0.00585938
v -0.35742188 0.12695312 0.01757812
v -0.35742188 0.13867188 -0.01367188
v -0.35742188 0.16601562 -0.02539062
v -0.35742188 0.20117188 0.02539062
v -0.35742188 0.21289062 -0.01757812
v -0.35742188 0.21679688 0.02148438
v -0.35742188 0.23632812 -0.01757812
v -0.35742188 0.24804688 -0.03710938
v -0.35742188 0.30273438 -0.05273438
v -0.35742188 0.36132812 -0.04492188
v -0.35742188 0.36523438 0.03320312
v -0.35742188 0.38476562 -0.02929688
v -0.35742188 0.41210938 -0.00976562
v -0.35742188 0.42773438 0.00585938
v -0.35742188 0.43164062 -0.00976562
v -0.35742188 0.43164062 -0.00195312
v -0.35351562 -0.34570312 -0.00195312
v -0.35351562 -0.34570312 0.00585938
v -0.35351562 -0.33398438 0.00976562
v -0.35351562 -0.32617188 -0.00585938
v -0.35351562 -0.32617188 0.00585938
v -0.35351562 -0.32226562 -0.00195312
v -0.35351562 -0.32226562 0.00195312
v -0.35351562 -0.31835938 -0.00195312
v -0.35351562 -0.31835938 0.00195312
v -0.35351562 -0.23242188 -0.00585938
v -0.35351562 -0.23242188 0.00195312
v -0.35351562 -0.21679688 -0.02148438
v -0.35351562 -0.20898438 -0.02929688
v -0.35351562 -0.20117188 -0.02929688
v -0.35351562 -0.20117188 -0.02539062
v -0.35351562 -0.19335938 0.02929688
v -0.35351562 -0.18164062 0.03710938
v -0.35351562 -0.17773438 -0.03710938
v -0.35351562 -0.14648438 -0.04101562
v -0.35351562 -0.13867188 0.03710938
v -0.35351562 -0.11523438 0.03710938
v -0.35351562 0.06835938 -0.00195312
v -0.35351562 0.06835938 0.00195312
v -0.35351562 0.14257812 -0.02929688
v -0.35351562 0.17773438 0.03710938
v -0.35351562 0.19335938 -0.03320312
v -0.35351562 0.23242188 0.01757812
v -0.35351562 0.26757812 0.04882812
v -0.35351562 0.27929688 -0.05664062
v -0.35351562 0.29882812 0.06054688
v -0.35351562 0.39648438 0.01367188
v -0.34960938 -0.34179688 -0.00976562
v -0.34960938 -0.32617188 -0.00195312
v -0.34960938 -0.32617188 0.00195312
v -0.34960938 -0.21679688 0.01367188
v -0.34960938 -0.20898438 -0.02148438
v -0.34960938 -0.20507812 0.01367188
v -0.34960938 -0.20507812 0.01757812
v -0.34960938 -0.20117188 -0.01757812
v -0.34960938 -0.19335938 -0.02929688
v -0.34960938 -0.16601562 -0.03710938
v -0.34960938 -0.16210938 0.03710938
v -0.34960938 -0.13085938 -0.04101562
v -0.34960938 -0.08398438 -0.03710938
v -0.34960938 -0.08398438 0.03710938
v -0.34960938 -0.04882812 -0.00585938
v -0.34960938 0.05664062 -0.00195312
v -0.34960938 0.05664062 0.00195312
v -0.34960938 0.07226562 -0.00585938
v -0.34960938 0.07226562 0.00585938
v -0.34960938 0.09179688 -0.00585938
v -0.34960938 0.09570312 0.00585938
v -0.34960938 0.11523438 -0.00585938
v -0.34960938 0.13476562 0.03710938
v -0.34960938 0.15820312 0.04101562
v -0.34960938 0.21679688 -0.02539062
v -0.34960938 0.23242188 0.02929688
v -0.34960938 0.23632812 -0.03710938
v -0.34960938 0.23632812 -0.02539062
v -0.34960938 0.23632812 0.03710938
v -0.34960938 0.25585938 -0.05273438
v -0.34960938 0.40429688 -0.01367188
v -0.34960938 0.41992188 0.00976562
v -0.34570312 -0.33789062 0.00976562
v -0.34570312 -0.33007812 -0.00976562
v -0.34570312 -0.33007812 0.00585938
v -0.34570312 -0.32617188 -0.00195312
v -0.34570312 -0.32617188 0.00195312
v -0.34570312 -0.21679688 -0.00976562
v -0.34570312 -0.21679688 0.00195312
v -0.34570312 -0.20507812 -0.02148438
v -0.34570312 -0.20507812 -0.01367188
v -0.34570312 -0.19726562 -0.01757812
v -0.34570312 -0.19726562 -0.01367188
v -0.34570312 -0.19726562 0.01367188
v -0.34570312 -0.19726562 0.01757812
v -0.34570312 -0.18164062 -0.02929688
v -0.34570312 -0.18164062 0.02929688
v -0.34570312 -0.14648438 0.03710938
v -0.34570312 -0.11523438 -0.04101562
v -0.34570312 -0.09570312 -0.03710938
v -0.34570312 -0.09179688 0.03710938
v -0.34570312 -0.07617188 -0.02539062
v -0.34570312 -0.06835938 -0.01757812
v -0.34570312 -0.06445312 -0.01367188
v -0.34570312 0.05664062 -0.00585938
v -0.34570312 0.05664062 0.00585938
v -0.34570312 0.07226562 0.00585938
v -0.34570312 0.10351562 -0.00585938
v -0.34570312 0.11914062 -0.01367188
v -0.34570312 0.11914062 -0.00585938
v -0.34570312 0.15039062 -0.03710938
v -0.34570312 0.17382812 -0.03710938
v -0.34570312 0.18164062 0.04101562
v -0.34570312 0.20117188 0.03710938
v -0.34570312 0.22070312 0.02929688
v -0.34570312 0.31054688 -0.06835938
v -0.34570312 0.34570312 -0.05664062
v -0.34570312 0.36914062 0.05273438
v -0.34570312 0.37695312 -0.04882812
v -0.34570312 0.39648438 0.02929688
v -0.34570312 0.43554688 -0.00976562
v -0.34179688 -0.34179688 -0.01367188
v -0.34179688 -0.34179688 0.01367188
v -0.34179688 -0.20898438 -0.00976562
v -0.34179688 -0.20898438 -0.00585938
v -0.34179688 -0.20898438 0.00976562
v -0.34179688 -0.20898438 0.01367188
v -0.34179688 -0.20117188 -0.00976562
v -0.34179688 -0.18554688 -0.02148438
v -0.34179688 -0.18554688 0.02148438
v -0.34179688 -0.16992188 -0.03320312
v -0.34179688 -0.16601562 0.02929688
v -0.34179688 -0.15039062 -0.03710938
v -0.34179688 -0.12304688 0.03710938
v -0.34179688 -0.08398438 -0.03320312
v -0.34179688 -0.06445312 -0.00585938
v -0.34179688 -0.04882812 0.00585938
v -0.34179688 -0.03710938 0.00585938
v -0.34179688 -0.03320312 0.00585938
v -0.34179688 -0.02929688 -0.00585938
v -0.34179688 -0.02929688 0.00195312
v -0.34179688 -0.02929688 0.00585938
v -0.34179688 0.05664062 0.00585938
v -0.34179688 0.09570312 -0.00585938
v -0.34179688 0.10351562 0.00585938
v -0.34179688 0.11132812 0.01757812
v -0.34179688 0.12304688 -0.02929688
v -0.34179688 0.13867188 0.04101562
v -0.34179688 0.16210938 0.04882812
v -0.34179688 0.18164062 -0.04492188
v -0.34179688 0.20117188 -0.04101562
v -0.34179688 0.22070312 -0.03710938
v -0.34179688 0.23242188 -0.03320312
v -0.34179688 0.24414062 0.04882812
v -0.34179688 0.40039062 -0.03320312
v -0.34179688 0.41601562 0.00976562
v -0.34179688 0.42773438 -0.01367188
v -0.33789062 -0.34960938 -0.00195312
v -0.33789062 -0.34960938 0.00585938
v -0.33789062 -0.33007812 -0.00976562
v -0.33789062 -0.33007812 0.00976562
v -0.33789062 -0.32617188 -0.00585938
v -0.33789062 -0.32617188 0.00195312
v -0.33789062 -0.20898438 0.00585938
v -0.33789062 -0.20117188 0.01367188
v -0.33789062 -0.18554688 -0.01367188
v -0.33789062 -0.18554688 0.01367188
v -0.33789062 -0.16992188 0.02148438
v -0.33789062 -0.13476562 -0.04101562
v -0.33789062 -0.13085938 0.03710938
v -0.33789062 -0.10351562 0.03710938
v -0.33789062 -0.09960938 -0.03710938
v -0.33789062 -0.06054688 0.01367188
v -0.33789062 0.03320312 -0.00585938
v -0.33789062 0.03320312 -0.00195312
v -0.33789062 0.03320312 0.00195312
v -0.33789062 0.03320312 0.00585938
v -0.33789062 0.07617188 0.00585938
v -0.33789062 0.08007812 -0.00585938
v -0.33789062 0.10351562 -0.00585938
v -0.33789062 0.10742188 -0.01367188
v -0.33789062 0.10742188 -0.00585938
v -0.33789062 0.11132812 -0.01367188
v -0.33789062 0.13085938 -0.03710938
v -0.33789062 0.15820312 -0.04492188
v -0.33789062 0.20507812 0.04492188
v -0.33789062 0.27539062 0.06445312
v -0.33789062 0.27929688 -0.06445312
v -0.33789062 0.39648438 -0.04492188
v -0.33789062 0.41601562 0.02148438
v -0.33789062 0.44726562 0.00585938
v -0.33789062 0.45117188 -0.00976562
v -0.33789062 0.45117188 -0.00195312
v -0.33398438 -0.34179688 0.01367188
v -0.33398438 -0.33007812 -0.00976562
v -0.33398438 -0.32617188 0.00976562
v -0.33398438 -0.31835938 -0.00585938
v -0.33398438 -0.31835938 0.00195312
v -0.33398438 -0.31054688 0.00585938
v -0.33398438 -0.30664062 -0.00585938
v -0.33398438 -0.30273438 -0.01367188
v -0.33398438 -0.28710938 -0.00585938
v -0.33398438 -0.20507812 -0.00585938
v -0.33398438 -0.20507812 0.00585938
v -0.33398438 -0.18945312 -0.01367188
v -0.33398438 -0.17773438 -0.02539062
v -0.33398438 -0.17773438 -0.01367188
v -0.33398438 -0.17382812 0.01367188
v -0.33398438 -0.15820312 -0.03320312
v -0.33398438 -0.15039062 0.02929688
v -0.33398438 -0.06835938 0.02929688
v -0.33398438 -0.06445312 0.00585938
v -0.33398438 -0.06054688 0.01757812
v -0.33398438 -0.04492188 -0.00585938
v -0.33398438 0.03710938 0.00585938
v -0.33398438 0.05664062 -0.00585938
v -0.33398438 0.05664062 0.00585938
v -0.33398438 0.11132812 -0.02929688
v -0.33398438 0.11523438 -0.02929688
v -0.33398438 0.11523438 0.03710938
v -0.33398438 0.18554688 0.04882812
v -0.33398438 0.22460938 0.03710938
v -0.33398438 0.23242188 0.03710938
v -0.33398438 0.41992188 -0.02148438
v -0.33398438 0.44335938 0.00976562
v -0.33398438 0.44726562 -0.00976562
v -0.33007812 -0.33789062 -0.01367188
v -0.33007812 -0.32617188 -0.00976562
v -0.33007812 -0.31054688 -0.01367188
v -0.33007812 -0.30273438 0.00585938
v -0.33007812 -0.29101562 -0.01757812
v -0.33007812 -0.27929688 0.00195312
v -0.33007812 -0.27539062 0.01367188
v -0.33007812 -0.27148438 -0.02539062
v -0.33007812 -0.26367188 -0.00976562
v -0.33007812 -0.25585938 0.00195312
v -0.33007812 -0.24804688 -0.01367188
v -0.33007812 -0.19335938 -0.00585938
v -0.33007812 -0.19335938 0.01367188
v -0.33007812 -0.18164062 -0.01367188
v -0.33007812 -0.16210938 -0.02539062
v -0.33007812 -0.16210938 -0.01367188
v -0.33007812 -0.15820312 0.01367188
v -0.33007812 -0.15429688 0.02148438
v -0.33007812 -0.14257812 -0.03320312
v -0.33007812 -0.13867188 0.03320312
v -0.33007812 -0.12304688 -0.03710938
v -0.33007812 -0.11132812 0.03710938
v -0.33007812 -0.07617188 0.03710938
v -0.33007812 -0.06054688 -0.01757812
v -0.33007812 -0.06054688 -0.01367188
v -0.33007812 -0.05664062 -0.00585938
v -0.33007812 0.08789062 0.00585938
v -0.33007812 0.09960938 0.01367188
v -0.33007812 0.12304688 -0.03710938
v -0.33007812 0.14257812 0.04882812
v -0.33007812 0.18945312 -0.05273438
v -0.33007812 0.20507812 -0.04492188
v -0.33007812 0.22851562 -0.04101562
v -0.33007812 0.23632812 -0.05273438
v -0.33007812 0.25585938 -0.06054688
v -0.33007812 0.34570312 0.06835938
v -0.33007812 0.41601562 -0.03320312
v -0.33007812 0.43554688 0.00976562
v -0.33007812 0.44335938 -0.00976562
v -0.32617188 -0.35351562 -0.00585938
v -0.32617188 -0.35351562 0.00976562
v -0.32617188 -0.31835938 0.01367188
v -0.32617188 -0.29101562 -0.02539062
v -0.32617188 -0.25585938 0.01367188
v -0.32617188 -0.25195312 -0.02929688
v -0.32617188 -0.19335938 0.00585938
v -0.32617188 -0.18164062 0.01367188
v -0.32617188 -0.16992188 -0.01367188
v -0.32617188 -0.14648438 -0.01367188
v -0.32617188 -0.14257812 0.01757812
v -0.32617188 -0.12304688 0.03710938
v -0.32617188 -0.08398438 0.03710938
v -0.32617188 -0.07617188 -0.03320312
v -0.32617188 -0.06835938 -0.02539062
v -0.32617188 0.06835938 -0.00976562
v -0.32617188 0.08398438 -0.00585938
v -0.32617188 0.10742188 0.03320312
v -0.32617188 0.12304688 0.04101562
v -0.32617188 0.14257812 -0.04882812
v -0.32617188 0.16601562 0.05273438
v -0.32617188 0.23242188 0.04492188
v -0.32617188 0.25195312 0.06054688
v -0.32617188 0.35351562 -0.06835938
v -0.32617188 0.37304688 0.06054688
v -0.32617188 0.38476562 -0.05664062
v -0.32617188 0.39648438 -0.05273438
v -0.32617188 0.43164062 0.02539062
v -0.32617188 0.43945312 -0.01367188
v -0.32226562 -0.33789062 0.01367188
v -0.32226562 -0.33398438 -0.01367188
v -0.32226562 -0.31445312 -0.01757812
v -0.32226562 -0.29882812 0.01757812
v -0.32226562 -0.27929688 -0.02929688
v -0.32226562 -0.23632812 0.00195312
v -0.32226562 -0.22851562 -0.01367188
v -0.32226562 -0.22070312 -0.00195312
v -0.32226562 -0.21289062 0.00585938
v -0.32226562 -0.18554688 -0.00585938
v -0.32226562 -0.18554688 0.00195312
v -0.32226562 -0.17382812 -0.00585938
v -0.32226562 -0.16601562 0.00976562
v -0.32226562 -0.15820312 -0.00585938
v -0.32226562 -0.15039062 -0.01367188
v -0.32226562 -0.15039062 0.01367188
v -0.32226562 -0.14257812 -0.02539062
v -0.32226562 -0.14257812 0.02539062
v -0.32226562 -0.12695312 -0.02929688
v -0.32226562 -0.12695312 0.02929688
v -0.32226562 -0.09570312 0.03710938
v -0.32226562 -0.09179688 -0.03710938
v -0.32226562 0.03710938 -0.00585938
v -0.32226562 0.09179688 -0.01367188
v -0.32226562 0.09179688 0.01367188
v -0.32226562 0.11523438 -0.04101562
v -0.32226562 0.11914062 -0.03710938
v -0.32226562 0.16992188 -0.05273438
v -0.32226562 0.20898438 0.04882812
v -0.32226562 0.22460938 0.04492188
v -0.32226562 0.31445312 0.07617188
v -0.32226562 0.41210938 -0.04882812
v -0.32226562 0.41210938 0.04492188
v -0.32226562 0.43554688 -0.02148438
v -0.31835938 -0.34960938 0.00976562
v -0.31835938 -0.34570312 -0.00585938
v -0.31835938 -0.29492188 -0.02929688
v -0.31835938 -0.26757812 0.02929688
v -0.31835938 -0.25585938 0.02539062
v -0.31835938 -0.22070312 0.01367188
v -0.31835938 -0.20507812 0.01367188
v -0.31835938 -0.17382812 0.00195312
v -0.31835938 -0.15820312 0.00195312
v -0.31835938 -0.13476562 -0.02539062
v -0.31835938 -0.13476562 0.01757812
v -0.31835938 -0.13476562 0.02539062
v -0.31835938 -0.10742188 -0.03710938
v -0.31835938 -0.10351562 0.03710938
v -0.31835938 -0.03320312 -0.00585938
v -0.31835938 -0.02539062 0.00585938
v -0.31835938 -0.02148438 0.00585938
v -0.31835938 -0.01757812 -0.00585938
v -0.31835938 -0.01757812 0.00195312
v -0.31835938 -0.01757812 0.00585938
v -0.31835938 0.01367188 -0.00195312
v -0.31835938 0.01367188 0.00195312
v -0.31835938 0.01367188 0.00585938
v -0.31835938 0.01757812 -0.00585938
v -0.31835938 0.01757812 0.00585938
v -0.31835938 0.03710938 0.00585938
v -0.31835938 0.05664062 0.00585938
v -0.31835938 0.09570312 -0.02539062
v -0.31835938 0.12695312 0.04882812
v -0.31835938 0.13085938 -0.04882812
v -0.31835938 0.15039062 0.05273438
v -0.31835938 0.18945312 0.05273438
v -0.31835938 0.22851562 -0.04492188
v -0.31835938 0.23632812 0.05664062
v -0.31835938 0.31835938 -0.07617188
v -0.31445312 -0.32226562 -0.01367188
v -0.31445312 -0.31445312 0.01757812
v -0.31445312 -0.28320312 -0.02929688
v -0.31445312 -0.25976562 -0.03320312
v -0.31445312 -0.23632812 -0.02539062
v -0.31445312 -0.23632812 0.01757812
v -0.31445312 -0.20898438 -0.01757812
v -0.31445312 -0.19726562 -0.00976562
v -0.31445312 -0.19726562 0.01757812
v -0.31445312 -0.19335938 -0.00195312
v -0.31445312 -0.18945312 0.00585938
v -0.31445312 -0.14257812 -0.01367188
v -0.31445312 -0.14257812 0.01367188
v -0.31445312 -0.13476562 -0.01367188
v -0.31445312 -0.12695312 -0.02148438
v -0.31445312 -0.11914062 -0.02929688
v -0.31445312 -0.11523438 0.03710938
v -0.31445312 -0.05664062 -0.02148438
v -0.31445312 -0.05273438 -0.01367188
v -0.31445312 -0.05273438 -0.00585938
v -0.31445312 -0.04101562 0.00585938
v -0.31445312 -0.03320312 0.00585938
v -0.31445312 0.11132812 0.03710938
v -0.31445312 0.11132812 0.04492188
v -0.31445312 0.12304688 -0.04882812
v -0.31445312 0.12695312 -0.04492188
v -0.31445312 0.15429688 -0.05273438
v -0.31445312 0.17382812 0.05273438
v -0.31445312 0.20117188 -0.05273438
v -0.31445312 0.22070312 -0.04882812
v -0.31445312 0.23632812 -0.05664062
v -0.31445312 0.25585938 -0.06835938
v -0.31445312 0.28320312 -0.07617188
v -0.31445312 0.43164062 -0.03320312
v -0.31445312 0.46289062 0.00585938
v -0.31445312 0.46679688 -0.00976562
v -0.31445312 0.46679688 -0.00195312
v -0.31445312 0.46679688 0.00585938
v -0.31054688 -0.33398438 -0.00976562
v -0.31054688 -0.32617188 0.01367188
v -0.31054688 -0.30273438 -0.02539062
v -0.31054688 -0.28710938 0.02539062
v -0.31054688 -0.20898438 0.02539062
v -0.31054688 -0.18945312 0.01367188
v -0.31054688 -0.15039062 -0.00585938
v -0.31054688 -0.15039062 0.00195312
v -0.31054688 -0.13085938 -0.01367188
v -0.31054688 -0.12304688 0.02148438
v -0.31054688 -0.11914062 0.02929688
v -0.31054688 -0.06445312 -0.02539062
v -0.31054688 -0.05664062 0.02929688
v -0.31054688 -0.05273438 0.00585938
v -0.31054688 -0.04882812 0.01367188
v -0.31054688 -0.04882812 0.01757812
v -0.31054688 0.09570312 0.02539062
v -0.31054688 0.10351562 -0.04101562
v -0.31054688 0.28710938 0.07617188
v -0.31054688 0.40820312 -0.05664062
v -0.31054688 0.45898438 0.00976562
v -0.31054688 0.46289062 -0.00976562
v -0.30664062 -0.33789062 0.00585938
v -0.30664062 -0.30664062 -0.02148438
v -0.30664062 -0.26757812 -0.03320312
v -0.30664062 -0.24414062 -0.02929688
v -0.30664062 -0.24414062 0.02539062
v -0.30664062 -0.13867188 0.01367188
v -0.30664062 -0.12695312 0.01367188
v -0.30664062 -0.07617188 0.03710938
v -0.30664062 -0.06445312 0.03320312
v -0.30664062 0.02929688 -0.00585938
v -0.30664062 0.04882812 -0.00976562
v -0.30664062 0.06835938 -0.00976562
v -0.30664062 0.11132812 0.04882812
v -0.30664062 0.11523438 0.04101562
v -0.30664062 0.13476562 0.04882812
v -0.30664062 0.15820312 0.05273438
v -0.30664062 0.18164062 -0.05273438
v -0.30664062 0.38867188 -0.06445312
v -0.30664062 0.42773438 -0.04882812
v -0.30664062 0.45117188 -0.02148438
v -0.30664062 0.45507812 0.02148438
v -0.30664062 0.45898438 -0.00976562
v -0.30273438 -0.30664062 0.02148438
v -0.30273438 -0.29101562 -0.02539062
v -0.30273438 -0.22070312 -0.02539062
v -0.30273438 -0.22070312 0.02539062
v -0.30273438 -0.18164062 -0.01367188
v -0.30273438 -0.17382812 -0.00585938
v -0.30273438 -0.17382812 0.00585938
v -0.30273438 -0.14648438 -0.00976562
v -0.30273438 -0.14648438 0.00195312
v -0.30273438 -0.13867188 -0.01367188
v -0.30273438 -0.08789062 -0.03710938
v -0.30273438 -0.08789062 0.03710938
v -0.30273438 -0.07226562 -0.03320312
v -0.30273438 -0.00195312 0.00195312
v -0.30273438 -0.00195312 0.00585938
v -0.30273438 0.00585938 -0.00585938
v -0.30273438 0.00585938 0.00585938
v -0.30273438 0.01757812 0.00585938
v -0.30273438 0.06445312 0.00585938
v -0.30273438 0.07617188 -0.01367188
v -0.30273438 0.11914062 -0.04882812
v -0.30273438 0.14257812 -0.05273438
v -0.30273438 0.19726562 0.04882812
v -0.30273438 0.21289062 0.04882812
v -0.30273438 0.22851562 0.04492188
v -0.30273438 0.25976562 0.07226562
v -0.30273438 0.37695312 0.06445312
v -0.30273438 0.41210938 0.05664062
v -0.30273438 0.44726562 0.03320312
v -0.29882812 -0.32226562 -0.01367188
v -0.29882812 -0.31835938 0.01367188
v -0.29882812 -0.29492188 -0.02148438
v -0.29882812 -0.17382812 0.01367188
v -0.29882812 -0.12304688 -0.01367188
v -0.29882812 -0.12304688 0.01367188
v -0.29882812 -0.11914062 -0.02148438
v -0.29882812 -0.11132812 -0.02929688
v -0.29882812 -0.10742188 0.03320312
v -0.29882812 -0.09960938 -0.03710938
v -0.29882812 -0.09960938 0.03710938
v -0.29882812 -0.04492188 -0.00585938
v -0.29882812 0.03320312 0.00585938
v -0.29882812 0.07226562 0.01367188
v -0.29882812 0.08007812 -0.02539062
v -0.29882812 0.09179688 0.03710938
v -0.29882812 0.09960938 0.04492188
v -0.29882812 0.12304688 0.04492188
v -0.29882812 0.14257812 0.05273438
v -0.29882812 0.16601562 -0.05273438
v -0.29882812 0.17773438 0.05273438
v -0.29882812 0.22460938 -0.04492188
v -0.29882812 0.34960938 0.07617188
v -0.29882812 0.36132812 -0.07617188
v -0.29882812 0.45507812 -0.01757812
v -0.29882812 0.47070312 -0.00976562
v -0.29492188 -0.40039062 -0.00195312
v -0.29492188 -0.38085938 -0.02539062
v -0.29492188 -0.38085938 -0.01367188
v -0.29492188 -0.38085938 -0.00195312
v -0.29492188 -0.36132812 -0.01367188
v -0.29492188 -0.32617188 0.00585938
v -0.29492188 -0.29882812 0.02148438
v -0.29492188 -0.28320312 0.02539062
v -0.29492188 -0.25585938 0.02929688
v -0.29492188 -0.25195312 -0.02929688
v -0.29492188 -0.22851562 -0.02539062
v -0.29492188 -0.18945312 -0.02148438
v -0.29492188 -0.18164062 0.02539062
v -0.29492188 -0.13867188 0.01367188
v -0.29492188 -0.12695312 -0.01367188
v -0.29492188 -0.11914062 0.02148438
v -0.29492188 -0.11523438 0.02539062
v -0.29492188 -0.04882812 -0.02148438
v -0.29492188 -0.04882812 -0.01367188
v -0.29492188 -0.02539062 -0.00585938
v -0.29492188 -0.00976562 -0.00585938
v -0.29492188 -0.00585938 -0.00585938
v -0.29492188 0.10742188 0.04882812
v -0.29492188 0.11132812 -0.04882812
v -0.29492188 0.12304688 0.05273438
v -0.29492188 0.13085938 0.04882812
v -0.29492188 0.16601562 0.04882812
v -0.29492188 0.20507812 -0.04882812
v -0.29492188 0.22851562 0.05273438
v -0.29492188 0.23242188 -0.05273438
v -0.29492188 0.24023438 0.06054688
v -0.29492188 0.25195312 -0.07226562
v -0.29492188 0.32226562 0.08007812
v -0.29101562 -0.40039062 -0.01367188
v -0.29101562 -0.39648438 -0.02539062
v -0.29101562 -0.39648438 0.01367188
v -0.29101562 -0.38476562 0.01367188
v -0.29101562 -0.38085938 -0.03710938
v -0.29101562 -0.36523438 0.00195312
v -0.29101562 -0.36523438 0.01757812
v -0.29101562 -0.36132812 -0.02539062
v -0.29101562 -0.30664062 -0.01367188
v -0.29101562 -0.30273438 0.01367188
v -0.29101562 -0.27539062 -0.02539062
v -0.29101562 -0.22851562 0.02929688
v -0.29101562 -0.14648438 -0.00976562
v -0.29101562 -0.14648438 0.00195312
v -0.29101562 -0.13867188 -0.01367188
v -0.29101562 -0.12304688 0.01367188
v -0.29101562 -0.05664062 -0.02539062
v -0.29101562 0.08789062 -0.03710938
v -0.29101562 0.13476562 -0.04882812
v -0.29101562 0.13867188 0.04882812
v -0.29101562 0.15039062 -0.04882812
v -0.29101562 0.18554688 -0.04882812
v -0.29101562 0.28320312 -0.08007812
v -0.29101562 0.29101562 0.08007812
v -0.29101562 0.41601562 -0.06054688
v -0.29101562 0.43945312 0.04492188
v -0.29101562 0.45117188 -0.03320312
v -0.29101562 0.47070312 -0.00976562
v -0.29101562 0.48242188 -0.00585938
v -0.29101562 0.48242188 -0.00195312
v -0.29101562 0.48242188 0.00195312
v -0.29101562 0.48242188 0.00585938
v -0.28710938 -0.39648438 -0.03320312
v -0.28710938 -0.36132812 -0.03710938
v -0.28710938 -0.34960938 0.00585938
v -0.28710938 -0.34570312 -0.01367188
v -0.28710938 -0.31054688 0.00195312
v -0.28710938 -0.27929688 -0.01757812
v -0.28710938 -0.27539062 0.02539062
v -0.28710938 -0.23632812 -0.02148438
v -0.28710938 -0.20117188 -0.02929688
v -0.28710938 -0.18945312 0.02929688
v -0.28710938 -0.07226562 0.03710938
v -0.28710938 -0.06835938 -0.03320312
v -0.28710938 -0.06054688 0.03710938
v -0.28710938 -0.05273438 0.02929688
v -0.28710938 0.11132812 0.04882812
v -0.28710938 0.13085938 0.05273438
v -0.28710938 0.13476562 -0.05273438
v -0.28710938 0.15429688 0.04882812
v -0.28710938 0.17382812 -0.04882812
v -0.28710938 0.19726562 0.04492188
v -0.28710938 0.20898438 -0.04101562
v -0.28710938 0.21289062 0.04101562
v -0.28710938 0.22460938 -0.04101562
v -0.28710938 0.22460938 0.04101562
v -0.28710938 0.47851562 -0.00976562
v -0.28710938 0.47851562 0.00976562
v -0.28320312 -0.41601562 -0.01367188
v -0.28320312 -0.41601562 -0.00195312
v -0.28320312 -0.41601562 0.00976562
v -0.28320312 -0.38085938 -0.04492188
v -0.28320312 -0.38085938 0.03320312
v -0.28320312 -0.36523438 0.04101562
v -0.28320312 -0.36132812 -0.04492188
v -0.28320312 -0.34960938 0.02148438
v -0.28320312 -0.29101562 -0.01367188
v -0.28320312 -0.28710938 0.01367188
v -0.28320312 -0.28320312 0.02148438
v -0.28320312 -0.25976562 -0.02148438
v -0.28320312 -0.25976562 0.01757812
v -0.28320312 -0.24023438 0.02539062
v -0.28320312 -0.15820312 -0.00585938
v -0.28320312 -0.13476562 0.01367188
v -0.28320312 -0.12304688 -0.00976562
v -0.28320312 -0.09179688 0.03710938
v -0.28320312 -0.08398438 0.03710938
v -0.28320312 -0.08007812 -0.03710938
v -0.28320312 -0.04492188 0.00585938
v -0.28320312 -0.04492188 0.01367188
v -0.28320312 -0.04492188 0.01757812
v -0.28320312 -0.04101562 -0.00976562
v -0.28320312 -0.04101562 -0.00585938
v -0.28320312 -0.03320312 0.00585938
v -0.28320312 -0.02148438 0.00585938
v -0.28320312 -0.01757812 0.00585938
v -0.28320312 -0.00585938 0.00195312
v -0.28320312 0.00195312 0.00585938
v -0.28320312 0.00585938 -0.00585938
v -0.28320312 0.01367188 0.00585938
v -0.28320312 0.02539062 -0.00585938
v -0.28320312 0.04882812 -0.00976562
v -0.28320312 0.07617188 0.03320312
v -0.28320312 0.09570312 0.04101562
v -0.28320312 0.12304688 -0.04882812
v -0.28320312 0.14257812 -0.04882812
v -0.28320312 0.14648438 0.04492188
v -0.28320312 0.18945312 0.04492188
v -0.28320312 0.32617188 -0.08398438
v -0.28320312 0.44726562 -0.04882812
v -0.28320312 0.47460938 0.01757812
v -0.27929688 -0.41210938 -0.02148438
v -0.27929688 -0.39648438 0.02539062
v -0.27929688 -0.39257812 -0.04101562
v -0.27929688 -0.37695312 -0.04882812
v -0.27929688 -0.36132812 -0.04882812
v -0.27929688 -0.34570312 -0.02148438
v -0.27929688 -0.29492188 0.00195312
v -0.27929688 -0.26367188 -0.01367188
v -0.27929688 -0.20117188 0.03320312
v -0.27929688 -0.16601562 -0.01367188
v -0.27929688 -0.15820312 0.00585938
v -0.27929688 -0.14257812 -0.00585938
v -0.27929688 -0.14257812 0.00195312
v -0.27929688 -0.13476562 -0.01367188
v -0.27929688 -0.12304688 0.01367188
v -0.27929688 -0.11914062 -0.01367188
v -0.27929688 -0.11523438 -0.02148438
v -0.27929688 -0.11523438 0.02148438
v -0.27929688 -0.11132812 0.02539062
v -0.27929688 -0.10742188 -0.02929688
v -0.27929688 -0.10351562 0.03320312
v -0.27929688 -0.09570312 -0.03710938
v -0.27929688 -0.04492188 -0.02148438
v -0.27929688 -0.04492188 -0.01367188
v -0.27929688 -0.02148438 -0.00585938
v -0.27929688 -0.00585938 -0.00585938
v -0.27929688 -0.00585938 0.00195312
v -0.27929688 0.02539062 0.00585938
v -0.27929688 0.04492188 0.00585938
v -0.27929688 0.05664062 -0.01367188
v -0.27929688 0.09960938 -0.04492188
v -0.27929688 0.11914062 0.04882812
v -0.27929688 0.13867188 -0.05273438
v -0.27929688 0.14648438 0.04882812
v -0.27929688 0.16210938 -0.04492188
v -0.27929688 0.17773438 0.04492188
v -0.27929688 0.19335938 -0.04101562
v -0.27929688 0.22851562 -0.05273438
v -0.27929688 0.22851562 0.04882812
v -0.27929688 0.24414062 0.06054688
v -0.27929688 0.38085938 0.07226562
v -0.27929688 0.39648438 -0.06835938
v -0.27929688 0.40820312 0.06054688
v -0.27929688 0.46679688 0.02539062
v -0.27539062 -0.41601562 0.01757812
v -0.27539062 -0.40820312 -0.02929688
v -0.27539062 -0.39257812 -0.04492188
v -0.27539062 -0.34960938 0.04101562
v -0.27539062 -0.34570312 -0.02929688
v -0.27539062 -0.27148438 0.00976562
v -0.27539062 -0.26757812 0.01367188
v -0.27539062 -0.24414062 -0.01367188
v -0.27539062 -0.21289062 -0.02929688
v -0.27539062 -0.17382812 -0.02539062
v -0.27539062 -0.15429688 0.01367188
v -0.27539062 -0.13085938 0.01367188
v -0.27539062 -0.11914062 -0.00585938
v -0.27539062 -0.06835938 0.03710938
v -0.27539062 -0.05273438 -0.02539062
v -0.27539062 -0.01367188 -0.00585938
v -0.27539062 0.05273438 0.01367188
v -0.27539062 0.06445312 -0.02539062
v -0.27539062 0.16601562 0.04101562
v -0.27539062 0.18164062 -0.04101562
v -0.27539062 0.21289062 -0.03710938
v -0.27539062 0.21679688 0.03710938
v -0.27539062 0.22460938 0.03710938
v -0.27539062 0.24804688 -0.06445312
v -0.27539062 0.26367188 0.07617188
v -0.27539062 0.35351562 0.08007812
v -0.27148438 -0.43164062 -0.01367188
v -0.27148438 -0.43164062 -0.00585938
v -0.27148438 -0.43164062 0.00585938
v -0.27148438 -0.40429688 -0.03710938
v -0.27148438 -0.38476562 0.05664062
v -0.27148438 -0.37695312 -0.06445312
v -0.27148438 -0.36914062 0.06054688
v -0.27148438 -0.36132812 -0.06445312
v -0.27148438 -0.34570312 -0.04101562
v -0.27148438 -0.33789062 0.00585938
v -0.27148438 -0.33789062 0.02148438
v -0.27148438 -0.27539062 -0.00976562
v -0.27148438 -0.27539062 0.00195312
v -0.27148438 -0.25195312 -0.01367188
v -0.27148438 -0.24414062 0.01367188
v -0.27148438 -0.20898438 0.02929688
v -0.27148438 -0.16210938 0.02539062
v -0.27148438 -0.13867188 -0.00195312
v -0.27148438 -0.13476562 0.00585938
v -0.27148438 -0.13085938 -0.00976562
v -0.27148438 -0.06445312 -0.03320312
v -0.27148438 0.10351562 0.04882812
v -0.27148438 0.12695312 0.04882812
v -0.27148438 0.13476562 -0.04882812
v -0.27148438 0.15429688 -0.04101562
v -0.27148438 0.19726562 0.03710938
v -0.27148438 0.20117188 -0.03320312
v -0.27148438 0.22460938 -0.03710938
v -0.27148438 0.37304688 -0.07617188
v -0.27148438 0.42773438 -0.05664062
v -0.27148438 0.43164062 0.05273438
v -0.27148438 0.46289062 0.03710938
v -0.26757812 -0.42773438 -0.02148438
v -0.26757812 -0.42773438 0.01367188
v -0.26757812 -0.40429688 -0.04492188
v -0.26757812 -0.39648438 0.04492188
v -0.26757812 -0.38867188 -0.06054688
v -0.26757812 -0.34570312 -0.04492188
v -0.26757812 -0.33789062 -0.00976562
v -0.26757812 -0.25585938 0.01367188
v -0.26757812 -0.22070312 -0.02539062
v -0.26757812 -0.13085938 0.00976562
v -0.26757812 -0.12304688 0.01367188
v -0.26757812 -0.11523438 -0.00976562
v -0.26757812 -0.11523438 0.01757812
v -0.26757812 -0.11132812 -0.00195312
v -0.26757812 -0.10742188 0.00195312
v -0.26757812 -0.09570312 -0.03710938
v -0.26757812 -0.08007812 -0.03710938
v -0.26757812 -0.08007812 0.03710938
v -0.26757812 -0.06445312 0.03710938
v -0.26757812 -0.05664062 0.03320312
v -0.26757812 0.06054688 0.02929688
v -0.26757812 0.07226562 -0.03710938
v -0.26757812 0.08398438 0.04101562
v -0.26757812 0.11132812 -0.04882812
v -0.26757812 0.13476562 0.04882812
v -0.26757812 0.15429688 0.04492188
v -0.26757812 0.15820312 0.03710938
v -0.26757812 0.16601562 -0.04101562
v -0.26757812 0.18554688 0.03710938
v -0.26757812 0.21679688 -0.02929688
v -0.26757812 0.32617188 0.08007812
v -0.26757812 0.40820312 0.06835938
v -0.26757812 0.49414062 0.00195312
v -0.26367188 -0.42382812 -0.02539062
v -0.26367188 -0.41601562 0.03320312
v -0.26367188 -0.37304688 -0.07226562
v -0.26367188 -0.35351562 0.06445312
v -0.26367188 -0.34179688 0.04101562
v -0.26367188 -0.26367188 -0.00195312
v -0.26367188 -0.25976562 0.00976562
v -0.26367188 -0.25585938 -0.01367188
v -0.26367188 -0.22070312 0.02539062
v -0.26367188 -0.18554688 -0.03320312
v -0.26367188 -0.17382812 0.02929688
v -0.26367188 -0.14648438 -0.00585938
v -0.26367188 -0.14648438 0.00585938
v -0.26367188 -0.13085938 0.00195312
v -0.26367188 -0.12695312 -0.00195312
v -0.26367188 -0.11914062 0.00976562
v -0.26367188 -0.11132812 -0.01757812
v -0.26367188 -0.11132812 0.01757812
v -0.26367188 -0.11132812 0.02539062
v -0.26367188 -0.10742188 -0.02539062
v -0.26367188 -0.10742188 0.00976562
v -0.26367188 -0.09960938 0.03320312
v -0.26367188 -0.08789062 0.03710938
v -0.26367188 -0.04101562 -0.02148438
v -0.26367188 -0.04101562 -0.01367188
v -0.26367188 -0.03710938 -0.00976562
v -0.26367188 -0.03710938 -0.00585938
v -0.26367188 -0.01367188 0.00585938
v -0.26367188 0.04101562 -0.00976562
v -0.26367188 0.11523438 0.04882812
v -0.26367188 0.13867188 0.04882812
v -0.26367188 0.15820312 -0.04492188
v -0.26367188 0.16210938 -0.03710938
v -0.26367188 0.17382812 0.03710938
v -0.26367188 0.18945312 -0.03320312
v -0.26367188 0.20898438 -0.01757812
v -0.26367188 0.20898438 0.02929688
v -0.26367188 0.22070312 0.02539062
v -0.26367188 0.22851562 -0.04492188
v -0.26367188 0.22851562 0.04492188
v -0.26367188 0.27539062 -0.07617188
v -0.26367188 0.47070312 -0.02539062
v -0.26367188 0.48242188 -0.00976562
v -0.26367188 0.49023438 0.00976562
v -0.26367188 0.49414062 -0.00585938
v -0.26367188 0.49414062 -0.00195312
v -0.26367188 0.49414062 0.00585938
v -0.25976562 -0.41992188 -0.03320312
v -0.25976562 -0.40039062 -0.06054688
v -0.25976562 -0.38476562 -0.07617188
v -0.25976562 -0.36132812 -0.07226562
v -0.25976562 -0.34960938 -0.06054688
v -0.25976562 -0.33789062 -0.01757812
v -0.25976562 -0.22851562 -0.01367188
v -0.25976562 -0.14648438 -0.01367188
v -0.25976562 -0.10742188 0.01367188
v -0.25976562 -0.10351562 0.02539062
v -0.25976562 -0.09960938 0.02929688
v -0.25976562 -0.08398438 0.03710938
v -0.25976562 -0.07617188 0.03710938
v -0.25976562 -0.06054688 -0.03710938
v -0.25976562 -0.04882812 -0.02929688
v -0.25976562 -0.04101562 0.00585938
v -0.25976562 -0.04101562 0.01367188
v -0.25976562 -0.02929688 0.00585938
v -0.25976562 -0.02539062 0.00585938
v -0.25976562 -0.02148438 -0.00585938
v -0.25976562 -0.00976562 -0.00585938
v -0.25976562 -0.00585938 0.00195312
v -0.25976562 0.00195312 -0.00585938
v -0.25976562 0.00976562 0.00585938
v -0.25976562 0.02148438 -0.00585938
v -0.25976562 0.02148438 0.00585938
v -0.25976562 0.04492188 -0.01367188
v -0.25976562 0.15039062 -0.04492188
v -0.25976562 0.15820312 0.04101562
v -0.25976562 0.16210938 -0.04101562
v -0.25976562 0.19726562 0.02929688
v -0.25976562 0.21679688 -0.01757812
v -0.25976562 0.29101562 0.08007812
v -0.25976562 0.38085938 0.07226562
v -0.25976562 0.40820312 -0.06445312
v -0.25976562 0.41992188 0.06054688
v -0.25976562 0.45117188 0.04882812
v -0.25976562 0.48632812 0.01367188
v -0.25976562 0.49023438 -0.00585938
v -0.25585938 -0.44335938 0.00585938
v -0.25585938 -0.43164062 0.02148438
v -0.25585938 -0.41601562 -0.04492188
v -0.25585938 -0.38476562 0.07226562
v -0.25585938 -0.37304688 0.07617188
v -0.25585938 -0.33789062 -0.02539062
v -0.25585938 -0.33007812 0.00976562
v -0.25585938 -0.33007812 0.02148438
v -0.25585938 -0.19335938 -0.02929688
v -0.25585938 -0.18164062 0.02929688
v -0.25585938 -0.15429688 -0.02539062
v -0.25585938 -0.14257812 0.01367188
v -0.25585938 -0.08007812 -0.03710938
v -0.25585938 -0.04492188 0.02148438
v -0.25585938 0.02539062 0.00585938
v -0.25585938 0.05273438 -0.02148438
v -0.25585938 0.08789062 -0.04101562
v -0.25585938 0.12304688 -0.04882812
v -0.25585938 0.12304688 0.04882812
v -0.25585938 0.14648438 0.04492188
v -0.25585938 0.16601562 0.03320312
v -0.25585938 0.16601562 0.03710938
v -0.25585938 0.17382812 -0.03320312
v -0.25585938 0.18554688 0.02929688
v -0.25585938 0.19726562 -0.02148438
v -0.25585938 0.21679688 -0.00976562
v -0.25585938 0.21679688 0.01757812
v -0.25585938 0.22460938 -0.03710938
v -0.25585938 0.24023438 -0.06054688
v -0.25585938 0.24023438 0.05664062
v -0.25585938 0.34570312 -0.08398438
v -0.25585938 0.35351562 0.08007812
v -0.25195312 -0.44726562 -0.00585938
v -0.25195312 -0.44335938 -0.01367188
v -0.25195312 -0.44335938 0.01367188
v -0.25195312 -0.40039062 0.06054688
v -0.25195312 -0.37304688 -0.08398438
v -0.25195312 -0.34179688 0.06054688
v -0.25195312 -0.33789062 -0.03320312
v -0.25195312 -0.33007812 -0.00585938
v -0.25195312 -0.23632812 -0.01367188
v -0.25195312 -0.23632812 0.01367188
v -0.25195312 -0.23242188 0.01367188
v -0.25195312 -0.15039062 0.02539062
v -0.25195312 -0.13867188 -0.00195312
v -0.25195312 -0.13867188 0.00585938
v -0.25195312 -0.10742188 -0.02148438
v -0.25195312 -0.10742188 -0.00976562
v -0.25195312 -0.10742188 -0.00195312
v -0.25195312 -0.10351562 0.01367188
v -0.25195312 -0.09570312 -0.03710938
v -0.25195312 -0.09179688 0.02539062
v -0.25195312 -0.07226562 0.03320312
v -0.25195312 -0.04882812 -0.02929688
v -0.25195312 -0.04101562 -0.02148438
v -0.25195312 -0.03710938 -0.01367188
v -0.25195312 -0.03710938 -0.00976562
v -0.25195312 -0.03710938 -0.00585938
v -0.25195312 0.03710938 0.00585938
v -0.25195312 0.04492188 0.01367188
v -0.25195312 0.09179688 0.04492188
v -0.25195312 0.16210938 -0.03710938
v -0.25195312 0.16992188 -0.03320312
v -0.25195312 0.18164062 -0.02148438
v -0.25195312 0.20507812 0.01757812
v -0.25195312 0.21679688 0.00585938
v -0.25195312 0.22460938 0.03710938
v -0.25195312 0.25585938 0.06835938
v -0.25195312 0.46289062 -0.04492188
v -0.25195312 0.48242188 0.02148438
v -0.24804688 -0.44335938 -0.01757812
v -0.24804688 -0.43945312 0.01757812
v -0.24804688 -0.41992188 0.04492188
v -0.24804688 -0.39257812 -0.07617188
v -0.24804688 -0.38085938 -0.08398438
v -0.24804688 -0.36523438 -0.08398438
v -0.24804688 -0.35742188 0.07617188
v -0.24804688 -0.34960938 -0.06835938
v -0.24804688 -0.33789062 -0.04492188
v -0.24804688 -0.33398438 0.04101562
v -0.24804688 -0.24414062 -0.01367188
v -0.24804688 -0.24414062 0.00976562
v -0.24804688 -0.20507812 -0.02148438
v -0.24804688 -0.19726562 0.02929688
v -0.24804688 -0.13867188 -0.01367188
v -0.24804688 -0.10742188 -0.02148438
v -0.24804688 -0.10742188 -0.01367188
v -0.24804688 -0.10742188 0.00585938
v -0.24804688 -0.10742188 0.00976562
v -0.24804688 -0.06054688 -0.03710938
v -0.24804688 0.05664062 -0.02929688
v -0.24804688 0.06835938 0.03710938
v -0.24804688 0.13085938 0.04492188
v -0.24804688 0.16210938 0.03710938
v -0.24804688 0.17382812 0.02539062
v -0.24804688 0.18164062 0.01757812
v -0.24804688 0.19335938 0.01757812
v -0.24804688 0.20507812 -0.00976562
v -0.24804688 0.22460938 -0.02929688
v -0.24804688 0.29492188 -0.08007812
v -0.24804688 0.33007812 0.08007812
v -0.24804688 0.38476562 -0.07226562
v -0.24804688 0.47851562 0.02929688
v -0.24804688 0.49804688 -0.00195312
v -0.24804688 0.49804688 0.00195312
v -0.24804688 0.49804688 0.00585938
v -0.24414062 -0.43945312 -0.02539062
v -0.24414062 -0.41210938 -0.06445312
v -0.24414062 -0.33007812 -0.01367188
v -0.24414062 -0.24414062 -0.00195312
v -0.24414062 -0.16601562 -0.02929688
v -0.24414062 -0.15820312 0.02539062
v -0.24414062 -0.13476562 0.01367188
v -0.24414062 -0.09570312 -0.03710938
v -0.24414062 -0.08007812 -0.03710938
v -0.24414062 0.04492188 0.02539062
v -0.24414062 0.09960938 -0.04492188
v -0.24414062 0.09960938 0.04882812
v -0.24414062 0.13867188 -0.04101562
v -0.24414062 0.16992188 -0.02539062
v -0.24414062 0.16992188 0.02539062
v -0.24414062 0.17382812 -0.02148438
v -0.24414062 0.18164062 0.01757812
v -0.24414062 0.18945312 -0.00976562
v -0.24414062 0.20507812 0.00585938
v -0.24414062 0.22460938 -0.01367188
v -0.24414062 0.22460938 0.01367188
v -0.24414062 0.22460938 0.02929688
v -0.24414062 0.23632812 -0.04882812
v -0.24414062 0.25976562 -0.06835938
v -0.24414062 0.27539062 0.07226562
v -0.24414062 0.43554688 0.05664062
v -0.24414062 0.44335938 -0.05664062
v -0.24414062 0.49414062 -0.00585938
v -0.24414062 0.49414062 0.00976562
v -0.24414062 0.49804688 0.00585938
v -0.24023438 -0.43554688 -0.03320312
v -0.24023438 -0.43554688 0.02929688
v -0.24023438 -0.40429688 0.06835938
v -0.24023438 -0.39257812 0.08398438
v -0.24023438 -0.38867188 -0.08789062
v -0.24023438 -0.37695312 0.09179688
v -0.24023438 -0.35351562 -0.08007812
v -0.24023438 -0.34179688 -0.05664062
v -0.24023438 -0.33398438 -0.02148438
v -0.24023438 -0.33398438 0.05273438
v -0.24023438 -0.32617188 0.01367188
v -0.24023438 -0.32617188 0.02148438
v -0.24023438 -0.21289062 -0.01367188
v -0.24023438 -0.20507812 0.02539062
v -0.24023438 -0.14257812 -0.02148438
v -0.24023438 -0.12695312 -0.00195312
v -0.24023438 -0.12695312 0.00585938
v -0.24023438 -0.04492188 0.02929688
v -0.24023438 -0.04101562 0.00976562
v -0.24023438 -0.02929688 -0.00195312
v -0.24023438 -0.01367188 -0.00585938
v -0.24023438 0.01757812 -0.00585938
v -0.24023438 0.02929688 -0.00585938
v -0.24023438 0.14257812 0.04101562
v -0.24023438 0.17773438 -0.00976562
v -0.24023438 0.17773438 0.01757812
v -0.24023438 0.18164062 0.00585938
v -0.24023438 0.19335938 0.00585938
v -0.24023438 0.22460938 0.00585938
v -0.24023438 0.23632812 0.04492188
v -0.24023438 0.35742188 0.07617188
v -0.24023438 0.40429688 0.06445312
v -0.23632812 -0.45507812 0.01367188
v -0.23632812 -0.44726562 0.01757812
v -0.23632812 -0.43164062 -0.04492188
v -0.23632812 -0.40429688 -0.08007812
v -0.23632812 -0.38085938 -0.09179688
v -0.23632812 -0.37304688 -0.09179688
v -0.23632812 -0.32617188 -0.00195312
v -0.23632812 -0.21289062 0.01367188
v -0.23632812 -0.17773438 -0.02929688
v -0.23632812 -0.16992188 0.02929688
v -0.23632812 -0.13867188 0.02148438
v -0.23632812 -0.13085938 -0.00976562
v -0.23632812 -0.10351562 -0.01757812
v -0.23632812 -0.10351562 -0.00976562
v -0.23632812 -0.10351562 -0.00195312
v -0.23632812 -0.10351562 0.00585938
v -0.23632812 -0.10351562 0.00976562
v -0.23632812 -0.09960938 0.01367188
v -0.23632812 -0.04492188 -0.02929688
v -0.23632812 -0.04101562 0.01367188
v -0.23632812 -0.04101562 0.01757812
v -0.23632812 -0.03710938 -0.02148438
v -0.23632812 -0.02929688 -0.01367188
v -0.23632812 -0.02929688 -0.00585938
v -0.23632812 -0.02539062 0.00585938
v -0.23632812 -0.01757812 0.00585938
v -0.23632812 -0.01367188 -0.01757812
v -0.23632812 -0.01367188 -0.00976562
v -0.23632812 -0.00585938 0.00195312
v -0.23632812 0.00195312 -0.00585938
v -0.23632812 0.00976562 0.00585938
v -0.23632812 0.01757812 -0.00585938
v -0.23632812 0.01757812 0.00585938
v -0.23632812 0.02929688 0.00585938
v -0.23632812 0.03320312 -0.00585938
v -0.23632812 0.07226562 -0.03710938
v -0.23632812 0.11132812 -0.04492188
v -0.23632812 0.15039062 -0.03320312
v -0.23632812 0.17773438 -0.00976562
v -0.23632812 0.18164062 0.00585938
v -0.23632812 0.22851562 -0.03320312
v -0.23632812 0.31445312 0.07617188
v -0.23632812 0.37304688 0.07617188
v -0.23632812 0.41601562 -0.05664062
v -0.23632812 0.46679688 0.04101562
v -0.23632812 0.49023438 -0.00976562
v -0.23242188 -0.45898438 -0.00195312
v -0.23242188 -0.45898438 0.00585938
v -0.23242188 -0.42382812 0.05273438
v -0.23242188 -0.34960938 0.07226562
v -0.23242188 -0.34570312 -0.06835938
v -0.23242188 -0.33007812 -0.02929688
v -0.23242188 -0.32617188 0.03710938
v -0.23242188 -0.22070312 -0.01367188
v -0.23242188 -0.15429688 -0.02539062
v -0.23242188 -0.14648438 0.02539062
v -0.23242188 -0.13476562 -0.01757812
v -0.23242188 -0.12695312 0.01367188
v -0.23242188 -0.12304688 0.00195312
v -0.23242188 -0.10742188 -0.00195312
v -0.23242188 -0.10742188 0.00585938
v -0.23242188 -0.09960938 -0.02539062
v -0.23242188 -0.08789062 -0.03320312
v -0.23242188 -0.08789062 0.02148438
v -0.23242188 -0.07226562 -0.03710938
v -0.23242188 -0.07226562 0.03320312
v -0.23242188 -0.05664062 -0.03710938
v -0.23242188 -0.02929688 0.01367188
v -0.23242188 -0.02148438 -0.02929688
v -0.23242188 -0.01757812 0.00976562
v -0.23242188 -0.00195312 0.00585938
v -0.23242188 0.00195312 -0.01367188
v -0.23242188 0.00195312 -0.00976562
v -0.23242188 0.02539062 -0.01367188
v -0.23242188 0.03710938 0.01367188
v -0.23242188 0.04101562 -0.01367188
v -0.23242188 0.05664062 0.02929688
v -0.23242188 0.07617188 0.04101562
v -0.23242188 0.10742188 0.04492188
v -0.23242188 0.15039062 0.03710938
v -0.23242188 0.31835938 -0.08007812
v -0.23242188 0.34179688 0.07617188
v -0.23242188 0.36523438 -0.07617188
v -0.23242188 0.48242188 -0.02148438
v -0.23242188 0.49804688 -0.00195312
v -0.23242188 0.49804688 0.00195312
v -0.23242188 0.49804688 0.00585938
v -0.22851562 -0.45898438 -0.00976562
v -0.22851562 -0.42382812 -0.06054688
v -0.22851562 -0.40039062 -0.09570312
v -0.22851562 -0.38867188 -0.09960938
v -0.22851562 -0.36523438 -0.09179688
v -0.22851562 -0.36523438 0.09179688
v -0.22851562 -0.32617188 -0.00976562
v -0.22851562 -0.22851562 -0.01367188
v -0.22851562 -0.22070312 0.01367188
v -0.22851562 -0.18945312 -0.02148438
v -0.22851562 -0.18164062 0.02929688
v -0.22851562 -0.13085938 0.01757812
v -0.22851562 -0.12304688 -0.00976562
v -0.22851562 -0.11914062 -0.00195312
v -0.22851562 -0.11914062 0.01367188
v -0.22851562 -0.11523438 -0.00195312
v -0.22851562 -0.11523438 0.00195312
v -0.22851562 -0.10742188 -0.00976562
v -0.22851562 -0.10742188 0.00976562
v -0.22851562 -0.05273438 0.03710938
v -0.22851562 -0.04101562 -0.03710938
v -0.22851562 -0.02929688 0.02929688
v -0.22851562 -0.01367188 0.02539062
v -0.22851562 0.00195312 0.01367188
v -0.22851562 0.01757812 0.01367188
v -0.22851562 0.16210938 -0.02148438
v -0.22851562 0.16210938 0.02539062
v -0.22851562 0.22851562 -0.01367188
v -0.22851562 0.22851562 0.00585938
v -0.22851562 0.24414062 -0.05273438
v -0.22851562 0.25195312 0.05664062
v -0.22851562 0.27148438 -0.06835938
v -0.22851562 0.30273438 0.07617188
v -0.22851562 0.32617188 0.07617188
v -0.22851562 0.41992188 0.05664062
v -0.22851562 0.49023438 0.01367188
v -0.22460938 -0.45507812 -0.01757812
v -0.22460938 -0.43945312 0.03710938
v -0.22460938 -0.41210938 0.07617188
v -0.22460938 -0.40039062 0.09179688
v -0.22460938 -0.38085938 -0.09960938
v -0.22460938 -0.35351562 -0.08007812
v -0.22460938 -0.33398438 -0.04492188
v -0.22460938 -0.33007812 0.04492188
v -0.22460938 -0.32226562 -0.00585938
v -0.22460938 -0.32226562 0.00195312
v -0.22460938 -0.32226562 0.01367188
v -0.22460938 -0.32226562 0.02148438
v -0.22460938 -0.22851562 -0.00195312
v -0.22460938 -0.22851562 0.00976562
v -0.22460938 -0.15820312 0.02539062
v -0.22460938 -0.12695312 -0.01367188
v -0.22460938 -0.11523438 -0.00976562
v -0.22460938 -0.11132812 0.01367188
v -0.22460938 -0.10351562 -0.02929688
v -0.22460938 -0.09570312 0.02539062
v -0.22460938 -0.09179688 -0.04101562
v -0.22460938 -0.08007812 0.04101562
v -0.22460938 -0.07617188 -0.04101562
v -0.22460938 -0.05664062 -0.04101562
v -0.22460938 -0.03320312 0.04101562
v -0.22460938 -0.01367188 0.03710938
v -0.22460938 0.00585938 -0.02539062
v -0.22460938 0.00585938 0.03320312
v -0.22460938 0.02929688 -0.02539062
v -0.22460938 0.03320312 0.01757812
v -0.22460938 0.04492188 -0.02539062
v -0.22460938 0.11914062 0.04492188
v -0.22460938 0.12304688 -0.04101562
v -0.22460938 0.16601562 -0.00976562
v -0.22460938 0.16601562 0.01367188
v -0.22460938 0.23242188 0.01367188
v -0.22460938 0.23242188 0.02929688
v -0.22460938 0.27148438 0.06835938
v -0.22460938 0.39648438 -0.06054688
v -0.22460938 0.45117188 0.04882812
v -0.22460938 0.47460938 -0.03710938
v -0.22460938 0.49804688 -0.00585938
v -0.22460938 0.49804688 -0.00195312
v -0.22460938 0.49804688 0.00195312
v -0.22460938 0.49804688 0.00585938
v -0.22070312 -0.46289062 0.01367188
v -0.22070312 -0.45507812 0.02148438
v -0.22070312 -0.45117188 -0.03320312
v -0.22070312 -0.45117188 -0.02539062
v -0.22070312 -0.41992188 -0.08007812
v -0.22070312 -0.39257812 -0.09960938
v -0.22070312 -0.38867188 0.09960938
v -0.22070312 -0.35742188 0.08398438
v -0.22070312 -0.34179688 0.06835938
v -0.22070312 -0.33789062 -0.05664062
v -0.22070312 -0.32226562 0.03320312
v -0.22070312 -0.20117188 -0.01367188
v -0.22070312 -0.19335938 0.02539062
v -0.22070312 -0.16601562 -0.02539062
v -0.22070312 -0.14257812 -0.02148438
v -0.22070312 -0.13867188 0.02148438
v -0.22070312 -0.12304688 0.01757812
v -0.22070312 -0.11914062 -0.01367188
v -0.22070312 -0.11132812 -0.01757812
v -0.22070312 -0.05664062 -0.04882812
v -0.22070312 -0.05664062 0.04882812
v -0.22070312 -0.03710938 -0.04492188
v -0.22070312 -0.01367188 -0.04101562
v -0.22070312 0.00585938 -0.04101562
v -0.22070312 0.02539062 0.02929688
v -0.22070312 0.03710938 0.02539062
v -0.22070312 0.04882812 0.02148438
v -0.22070312 0.08398438 -0.04101562
v -0.22070312 0.08789062 0.04101562
v -0.22070312 0.16992188 0.00585938
v -0.22070312 0.24023438 -0.03320312
v -0.22070312 0.39257812 0.06445312
v -0.22070312 0.48632812 0.02148438
v -0.21679688 -0.47070312 0.00585938
v -0.21679688 -0.44726562 -0.04492188
v -0.21679688 -0.42773438 0.06054688
v -0.21679688 -0.40039062 -0.09960938
v -0.21679688 -0.39257812 -0.10351562
v -0.21679688 -0.37695312 -0.09960938
v -0.21679688 -0.35351562 -0.08007812
v -0.21679688 -0.34570312 -0.06835938
v -0.21679688 -0.32226562 -0.01367188
v -0.21679688 -0.13476562 -0.02148438
v -0.21679688 -0.10351562 0.03710938
v -0.21679688 -0.09570312 -0.04101562
v -0.21679688 -0.08789062 0.04492188
v -0.21679688 -0.07617188 -0.04882812
v -0.21679688 -0.03710938 0.04882812
v -0.21679688 -0.01367188 0.04882812
v -0.21679688 0.00585938 0.04101562
v -0.21679688 0.02539062 -0.03710938
v -0.21679688 0.04882812 -0.02929688
v -0.21679688 0.06054688 -0.02929688
v -0.21679688 0.06445312 0.03320312
v -0.21679688 0.12695312 0.04101562
v -0.21679688 0.25585938 -0.05273438
v -0.21679688 0.29101562 0.06835938
v -0.21679688 0.32226562 0.07226562
v -0.21679688 0.35351562 0.07226562
v -0.21679688 0.41601562 -0.05273438
v -0.21679688 0.49414062 -0.00976562
v -0.21289062 -0.47460938 -0.00195312
v -0.21289062 -0.44335938 0.04492188
v -0.21289062 -0.41992188 0.08398438
v -0.21289062 -0.41210938 0.09570312
v -0.21289062 -0.37695312 0.09960938
v -0.21289062 -0.36523438 -0.09179688
v -0.21289062 -0.32617188 0.04101562
v -0.21289062 -0.31835938 -0.00976562
v -0.21289062 -0.31835938 0.00195312
v -0.21289062 -0.31835938 0.01367188
v -0.21289062 -0.20898438 -0.01757812
v -0.21289062 -0.20117188 0.01367188
v -0.21289062 -0.17773438 -0.02148438
v -0.21289062 -0.16992188 0.02539062
v -0.21289062 -0.15429688 -0.02539062
v -0.21289062 -0.14648438 0.02539062
v -0.21289062 -0.13085938 0.02148438
v -0.21289062 -0.12695312 -0.01757812
v -0.21289062 -0.11914062 -0.02539062
v -0.21289062 -0.11914062 0.02539062
v -0.21289062 -0.10742188 -0.03320312
v -0.21289062 -0.01367188 -0.05664062
v -0.21289062 0.00585938 -0.05273438
v -0.21289062 0.02539062 -0.04492188
v -0.21289062 0.02539062 0.04101562
v -0.21289062 0.04101562 0.03710938
v -0.21289062 0.04492188 -0.04101562
v -0.21289062 0.05664062 0.02929688
v -0.21289062 0.13476562 -0.03320312
v -0.21289062 0.23632812 -0.01367188
v -0.21289062 0.23632812 0.00585938
v -0.21289062 0.33789062 -0.07617188
v -0.21289062 0.37695312 -0.06835938
v -0.21289062 0.47851562 0.02929688
v -0.21289062 0.49804688 -0.00585938
v -0.20898438 -0.47460938 -0.00976562
v -0.20898438 -0.45898438 0.02929688
v -0.20898438 -0.43945312 -0.06054688
v -0.20898438 -0.41992188 -0.09179688
v -0.20898438 -0.40039062 -0.10351562
v -0.20898438 -0.38867188 -0.10351562
v -0.20898438 -0.36132812 -0.08398438
v -0.20898438 -0.35351562 0.07617188
v -0.20898438 -0.34960938 -0.06835938
v -0.20898438 -0.31835938 0.01757812
v -0.20898438 -0.31835938 0.02929688
v -0.20898438 -0.21679688 -0.01367188
v -0.20898438 -0.20898438 0.01367188
v -0.20898438 -0.06445312 0.05664062
v -0.20898438 -0.05664062 -0.06054688
v -0.20898438 -0.03710938 -0.06054688
v -0.20898438 0.03710938 -0.04492188
v -0.20898438 0.07226562 0.03320312
v -0.20898438 0.09570312 -0.04101562
v -0.20898438 0.09570312 0.04101562
v -0.20898438 0.13867188 0.03320312
v -0.20898438 0.24414062 0.03710938
v -0.20898438 0.24804688 -0.03320312
v -0.20898438 0.29101562 -0.07226562
v -0.20898438 0.40039062 -0.05273438
v -0.20898438 0.40039062 0.05664062
v -0.20898438 0.43164062 0.04882812
v -0.20898438 0.45117188 -0.04882812
v -0.20898438 0.49023438 -0.01757812
v -0.20898438 0.49414062 0.00976562
v -0.20898438 0.49804688 -0.00585938
v -0.20898438 0.49804688 -0.00195312
v -0.20898438 0.49804688 0.00195312
v -0.20898438 0.49804688 0.00585938
v -0.20507812 -0.47851562 0.01367188
v -0.20507812 -0.47070312 -0.01367188
v -0.20507812 -0.46679688 0.01757812
v -0.20507812 -0.43164062 0.06835938
v -0.20507812 -0.41601562 -0.09960938
v -0.20507812 -0.40039062 0.10351562
v -0.20507812 -0.37695312 -0.09570312
v -0.20507812 -0.36914062 0.09179688
v -0.20507812 -0.33789062 0.05664062
v -0.20507812 -0.21679688 -0.00585938
v -0.20507812 -0.21289062 0.00585938
v -0.20507812 -0.18164062 0.02539062
v -0.20507812 -0.15820312 0.02148438
v -0.20507812 -0.14648438 -0.02148438
v -0.20507812 -0.13867188 0.02539062
v -0.20507812 -0.11914062 -0.04101562
v -0.20507812 -0.11523438 0.04101562
v -0.20507812 -0.10351562 -0.04882812
v -0.20507812 -0.09960938 0.04882812
v -0.20507812 -0.08007812 -0.05664062
v -0.20507812 -0.04492188 0.06445312
v -0.20507812 -0.01367188 0.06054688
v -0.20507812 0.00976562 0.05664062
v -0.20507812 0.02929688 0.04882812
v -0.20507812 0.04882812 0.04101562
v -0.20507812 0.06054688 -0.03710938
v -0.20507812 0.06054688 0.03320312
v -0.20507812 0.06835938 -0.03320312
v -0.20507812 0.14648438 -0.02148438
v -0.20507812 0.14648438 0.02148438
v -0.20507812 0.15429688 -0.00976562
v -0.20507812 0.24414062 0.01367188
v -0.20507812 0.26757812 0.05664062
v -0.20507812 0.31054688 0.06835938
v -0.20507812 0.37304688 0.06835938
v -0.20117188 -0.48242188 0.00195312
v -0.20117188 -0.46679688 -0.02148438
v -0.20117188 -0.46289062 -0.03320312
v -0.20117188 -0.44726562 0.05273438
v -0.20117188 -0.43554688 -0.07617188
v -0.20117188 -0.42773438 0.08789062
v -0.20117188 -0.41992188 0.09570312
v -0.20117188 -0.40039062 -0.10742188
v -0.20117188 -0.39257812 0.10351562
v -0.20117188 -0.34179688 -0.05664062
v -0.20117188 -0.32226562 0.03710938
v -0.20117188 -0.31445312 0.00195312
v -0.20117188 -0.31445312 0.01367188
v -0.20117188 -0.18554688 -0.01367188
v -0.20117188 -0.16601562 -0.02148438
v -0.20117188 -0.13867188 -0.02148438
v -0.20117188 -0.13085938 -0.02929688
v -0.20117188 -0.13085938 0.02539062
v -0.20117188 -0.01367188 -0.06835938
v -0.20117188 0.00585938 -0.06054688
v -0.20117188 0.02929688 -0.05664062
v -0.20117188 0.04492188 -0.04882812
v -0.20117188 0.05273438 -0.04101562
v -0.20117188 0.08398438 0.03710938
v -0.20117188 0.10351562 0.04101562
v -0.20117188 0.15429688 0.01367188
v -0.20117188 0.15820312 0.00195312
v -0.20117188 0.24414062 -0.01367188
v -0.20117188 0.24414062 0.00585938
v -0.20117188 0.34179688 0.06835938
v -0.20117188 0.40429688 -0.04101562
v -0.20117188 0.46289062 0.03710938
v -0.20117188 0.49023438 0.01367188
v -0.20117188 0.49804688 -0.00976562
v -0.20117188 0.49804688 -0.00195312
v -0.20117188 0.49804688 0.00195312
v -0.20117188 0.49804688 0.00585938
v -0.19726562 -0.48242188 -0.00976562
v -0.19726562 -0.45898438 -0.04492188
v -0.19726562 -0.43554688 0.07617188
v -0.19726562 -0.41601562 -0.10351562
v -0.19726562 -0.38867188 -0.09960938
v -0.19726562 -0.36914062 -0.08789062
v -0.19726562 -0.36523438 0.08398438
v -0.19726562 -0.35742188 -0.07226562
v -0.19726562 -0.31835938 -0.00976562
v -0.19726562 -0.31445312 0.01757812
v -0.19726562 -0.18945312 0.01367188
v -0.19726562 -0.08007812 0.06445312
v -0.19726562 -0.06054688 -0.06835938
v -0.19726562 -0.03710938 -0.06835938
v -0.19726562 0.10742188 -0.04101562
v -0.19726562 0.38867188 -0.05664062
v -0.19726562 0.40820312 0.04492188
v -0.19726562 0.41601562 -0.04492188
v -0.19726562 0.48242188 -0.03320312
v -0.19726562 0.49804688 -0.00585938
v -0.19726562 0.49804688 0.00585938
v -0.19335938 -0.48242188 -0.01367188
v -0.19335938 -0.48242188 0.01367188
v -0.19335938 -0.47070312 0.02148438
v -0.19335938 -0.46289062 0.03710938
v -0.19335938 -0.45507812 -0.05664062
v -0.19335938 -0.43554688 -0.08789062
v -0.19335938 -0.43164062 0.09179688
v -0.19335938 -0.41210938 0.10351562
v -0.19335938 -0.38476562 0.09570312
v -0.19335938 -0.38085938 -0.09179688
v -0.19335938 -0.34960938 0.06835938
v -0.19335938 -0.33398438 0.04882812
v -0.19335938 -0.32226562 -0.02539062
v -0.19335938 -0.31445312 0.02148438
v -0.19335938 -0.19726562 -0.01757812
v -0.19335938 -0.16992188 0.02148438
v -0.19335938 -0.15429688 -0.01757812
v -0.19335938 -0.15039062 0.02148438
v -0.19335938 -0.14257812 -0.03320312
v -0.19335938 -0.13085938 0.04101562
v -0.19335938 -0.12695312 -0.04492188
v -0.19335938 -0.11523438 0.05273438
v -0.19335938 -0.11132812 -0.05664062
v -0.19335938 -0.08789062 -0.06445312
v -0.19335938 0.03710938 0.06054688
v -0.19335938 0.05664062 0.04882812
v -0.19335938 0.07226562 -0.03710938
v -0.19335938 0.07226562 0.04101562
v -0.19335938 0.08007812 -0.03320312
v -0.19335938 0.27148438 -0.05273438
v -0.19335938 0.31445312 -0.06445312
v -0.19335938 0.35351562 -0.06445312
v -0.19335938 0.49804688 0.00195312
v -0.18945312 -0.48632812 0.00585938
v -0.18945312 -0.44726562 0.06835938
v -0.18945312 -0.43945312 0.08398438
v -0.18945312 -0.43164062 -0.09570312
v -0.18945312 -0.42773438 0.09570312
v -0.18945312 -0.41601562 -0.10742188
v -0.18945312 -0.40429688 0.10351562
v -0.18945312 -0.40039062 -0.10351562
v -0.18945312 -0.39257812 -0.09570312
v -0.18945312 -0.36523438 -0.07617188
v -0.18945312 -0.31445312 0.01367188
v -0.18945312 -0.20117188 -0.01367188
v -0.18945312 -0.19726562 0.01367188
v -0.18945312 -0.17382812 -0.01367188
v -0.18945312 -0.14648438 -0.02148438
v -0.18945312 -0.14257812 0.02539062
v -0.18945312 -0.05664062 0.07617188
v -0.18945312 -0.01757812 0.07226562
v -0.18945312 0.01367188 0.06835938
v -0.18945312 0.03320312 -0.06445312
v -0.18945312 0.05273438 -0.05273438
v -0.18945312 0.06445312 -0.04492188
v -0.18945312 0.11523438 0.03710938
v -0.18945312 0.11914062 -0.03320312
v -0.18945312 0.26367188 0.03710938
v -0.18945312 0.29101562 0.06054688
v -0.18945312 0.32617188 0.06445312
v -0.18945312 0.38867188 0.05664062
v -0.18945312 0.41601562 0.02539062
v -0.18945312 0.44335938 -0.04492188
v -0.18945312 0.44335938 0.03710938
v -0.18945312 0.46679688 -0.03710938
v -0.18945312 0.48242188 0.02148438
v -0.18945312 0.49804688 -0.00976562
v -0.18945312 0.49804688 -0.00195312
v -0.18554688 -0.49023438 -0.00585938
v -0.18554688 -0.47851562 -0.02148438
v -0.18554688 -0.47460938 -0.03320312
v -0.18554688 -0.45117188 -0.07226562
v -0.18554688 -0.43164062 -0.09960938
v -0.18554688 -0.42382812 0.10351562
v -0.18554688 -0.38085938 -0.08398438
v -0.18554688 -0.38085938 0.08789062
v -0.18554688 -0.34960938 -0.06445312
v -0.18554688 -0.31445312 0.00195312
v -0.18554688 -0.31445312 0.00976562
v -0.18554688 -0.31054688 0.01757812
v -0.18554688 -0.20507812 -0.00585938
v -0.18554688 -0.20117188 0.00195312
v -0.18554688 -0.09960938 0.06835938
v -0.18554688 -0.01367188 -0.07617188
v -0.18554688 0.00976562 -0.06835938
v -0.18554688 0.08789062 0.03710938
v -0.18554688 0.12304688 0.02929688
v -0.18554688 0.13085938 -0.02148438
v -0.18554688 0.25585938 -0.01367188
v -0.18554688 0.25585938 0.01367188
v -0.18554688 0.25585938 0.02148438
v -0.18554688 0.26367188 -0.03710938
v -0.18554688 0.35742188 0.06445312
v -0.18554688 0.39648438 -0.04882812
v -0.18554688 0.40820312 -0.02148438
v -0.18554688 0.41992188 -0.02929688
v -0.18554688 0.49414062 -0.01367188
v -0.18554688 0.49414062 0.00976562
v -0.18164062 -0.49023438 -0.01367188
v -0.18164062 -0.48632812 0.01757812
v -0.18164062 -0.47070312 -0.04492188
v -0.18164062 -0.45898438 0.05664062
v -0.18164062 -0.44726562 -0.08398438
v -0.18164062 -0.44726562 0.07617188
v -0.18164062 -0.43945312 0.09179688
v -0.18164062 -0.41601562 -0.10351562
v -0.18164062 -0.40429688 -0.09960938
v -0.18164062 -0.39648438 0.09570312
v -0.18164062 -0.36132812 0.06835938
v -0.18164062 -0.34570312 0.05664062
v -0.18164062 -0.33398438 -0.04101562
v -0.18164062 -0.33007812 0.04492188
v -0.18164062 -0.31445312 0.02929688
v -0.18164062 -0.31054688 -0.00976562
v -0.18164062 -0.18554688 -0.01757812
v -0.18164062 -0.17773438 0.01367188
v -0.18164062 -0.16601562 -0.01367188
v -0.18164062 -0.16210938 0.01757812
v -0.18164062 -0.06445312 -0.07617188
v -0.18164062 -0.04101562 -0.08007812
v -0.18164062 0.08398438 0.04101562
v -0.18164062 0.13476562 0.01757812
v -0.18164062 0.13867188 -0.01367188
v -0.18164062 0.14257812 0.00195312
v -0.18164062 0.25976562 -0.00195312
v -0.18164062 0.25976562 0.00195312
v -0.18164062 0.26367188 -0.01367188
v -0.18164062 0.40039062 0.04492188
v -0.18164062 0.41601562 0.00195312
v -0.18164062 0.43554688 -0.03320312
v -0.18164062 0.47070312 0.02929688
v -0.18164062 0.49804688 -0.00976562
v -0.18164062 0.49804688 -0.00195312
v -0.18164062 0.49804688 0.00195312
v -0.17773438 -0.49023438 0.00976562
v -0.17773438 -0.48632812 -0.02148438
v -0.17773438 -0.47851562 0.02929688
v -0.17773438 -0.46289062 -0.05664062
v -0.17773438 -0.44726562 -0.09179688
v -0.17773438 -0.43164062 -0.10351562
v -0.17773438 -0.41210938 0.09960938
v -0.17773438 -0.39257812 -0.08789062
v -0.17773438 -0.36523438 -0.06835938
v -0.17773438 -0.15820312 -0.02148438
v -0.17773438 -0.14648438 0.04101562
v -0.17773438 -0.13867188 -0.04882812
v -0.17773438 -0.13085938 0.05664062
v -0.17773438 -0.11914062 -0.06445312
v -0.17773438 -0.09570312 -0.07226562
v -0.17773438 -0.08398438 0.07617188
v -0.17773438 0.06445312 0.05664062
v -0.17773438 0.09179688 -0.03320312
v -0.17773438 0.09960938 0.03320312
v -0.17773438 0.13867188 0.01367188
v -0.17773438 0.25195312 -0.00195312
v -0.17773438 0.25195312 0.00195312
v -0.17773438 0.28320312 0.04882812
v -0.17773438 0.29101562 -0.05273438
v -0.17773438 0.31445312 0.06054688
v -0.17773438 0.32617188 -0.06054688
v -0.17773438 0.36914062 -0.06054688
v -0.17773438 0.41601562 0.01367188
v -0.17773438 0.42382812 0.00195312
v -0.17773438 0.43164062 0.01757812
v -0.17773438 0.45507812 -0.03710938
v -0.17773438 0.49023438 0.00976562
v -0.17382812 -0.49414062 -0.00585938
v -0.17382812 -0.48242188 -0.03320312
v -0.17382812 -0.47070312 0.04101562
v -0.17382812 -0.45898438 -0.06835938
v -0.17382812 -0.45507812 0.07226562
v -0.17382812 -0.44726562 0.08789062
v -0.17382812 -0.44335938 -0.09570312
v -0.17382812 -0.43164062 0.09960938
v -0.17382812 -0.42773438 -0.10351562
v -0.17382812 -0.41601562 -0.09960938
v -0.17382812 -0.40820312 0.09570312
v -0.17382812 -0.39257812 0.08789062
v -0.17382812 -0.30664062 0.00195312
v -0.17382812 -0.30664062 0.00976562
v -0.17382812 -0.19335938 -0.00976562
v -0.17382812 -0.18945312 -0.01367188
v -0.17382812 -0.18945312 0.00195312
v -0.17382812 -0.18554688 0.00976562
v -0.17382812 -0.17382812 -0.01367188
v -0.17382812 -0.16992188 0.01367188
v -0.17382812 -0.15429688 -0.03320312
v -0.17382812 -0.15429688 0.02148438
v -0.17382812 -0.11914062 0.06835938
v -0.17382812 0.01367188 0.07617188
v -0.17382812 0.04101562 -0.06835938
v -0.17382812 0.04101562 0.06835938
v -0.17382812 0.06054688 -0.06054688
v -0.17382812 0.23242188 -0.00195312
v -0.17382812 0.23242188 0.00195312
v -0.17382812 0.23632812 0.00585938
v -0.17382812 0.27539062 -0.02929688
v -0.17382812 0.27929688 -0.03710938
v -0.17382812 0.34570312 0.06054688
v -0.17382812 0.37695312 0.05664062
v -0.17382812 0.41210938 0.02929688
v -0.17382812 0.42382812 -0.01367188
v -0.17382812 0.42773438 0.01367188
v -0.17382812 0.45507812 0.02929688
v -0.17382812 0.48632812 -0.02148438
v -0.17382812 0.49804688 -0.00976562
v -0.17382812 0.49804688 -0.00195312
v -0.17382812 0.49804688 0.00195312
v -0.16992188 -0.49414062 -0.01367188
v -0.16992188 -0.47851562 -0.04492188
v -0.16992188 -0.47070312 -0.05664062
v -0.16992188 -0.46679688 0.05664062
v -0.16992188 -0.45507812 -0.08007812
v -0.16992188 -0.44335938 -0.09960938
v -0.16992188 -0.42773438 -0.09960938
v -0.16992188 -0.42382812 0.09960938
v -0.16992188 -0.40429688 -0.09179688
v -0.16992188 -0.37695312 -0.07226562
v -0.16992188 -0.37695312 0.07226562
v -0.16992188 -0.35742188 0.06445312
v -0.16992188 -0.34960938 -0.05273438
v -0.16992188 -0.30664062 0.01757812
v -0.16992188 -0.04492188 0.08398438
v -0.16992188 -0.01757812 0.08398438
v -0.16992188 -0.00976562 -0.08398438
v -0.16992188 0.01367188 -0.08007812
v -0.16992188 0.07226562 -0.05273438
v -0.16992188 0.21679688 -0.00195312
v -0.16992188 0.21679688 0.00195312
v -0.16992188 0.22070312 0.00585938
v -0.16992188 0.27148438 0.00195312
v -0.16992188 0.27148438 0.01367188
v -0.16992188 0.27148438 0.02148438
v -0.16992188 0.27929688 -0.01367188
v -0.16992188 0.27929688 -0.00195312
v -0.16992188 0.27929688 0.03710938
v -0.16992188 0.40820312 -0.02929688
v -0.16992188 0.41210938 -0.00976562
v -0.16992188 0.43164062 -0.01757812
v -0.16992188 0.44726562 -0.02929688
v -0.16601562 -0.49414062 0.00976562
v -0.16601562 -0.49023438 -0.02148438
v -0.16601562 -0.49023438 0.02148438
v -0.16601562 -0.48242188 0.03320312
v -0.16601562 -0.46679688 -0.06835938
v -0.16601562 -0.46289062 -0.07617188
v -0.16601562 -0.45507812 -0.08789062
v -0.16601562 -0.45507812 -0.08398438
v -0.16601562 -0.45507812 0.08398438
v -0.16601562 -0.44335938 0.09570312
v -0.16601562 -0.43945312 -0.09960938
v -0.16601562 -0.41992188 0.09570312
v -0.16601562 -0.41601562 -0.09179688
v -0.16601562 -0.40429688 0.09179688
v -0.16601562 -0.39257812 -0.08007812
v -0.16601562 -0.34179688 0.04882812
v -0.16601562 -0.32226562 0.03710938
v -0.16601562 -0.30273438 0.00976562
v -0.16601562 -0.18554688 -0.00976562
v -0.16601562 -0.18164062 -0.01367188
v -0.16601562 -0.18164062 -0.00195312
v -0.16601562 -0.17773438 0.00585938
v -0.16601562 -0.16992188 -0.01367188
v -0.16601562 -0.16992188 0.01367188
v -0.16601562 -0.10351562 0.07617188
v -0.16601562 -0.06835938 0.08398438
v -0.16601562 0.08789062 -0.04101562
v -0.16601562 0.10742188 -0.02929688
v -0.16601562 0.11132812 0.02539062
v -0.16601562 0.25585938 0.00585938
v -0.16601562 0.30273438 0.04882812
v -0.16601562 0.41601562 0.00195312
v -0.16601562 0.41601562 0.01367188
v -0.16601562 0.43554688 0.00976562
v -0.16601562 0.47851562 -0.02539062
v -0.16601562 0.47851562 0.01757812
v -0.16601562 0.49414062 0.00585938
v -0.16210938 -0.49804688 -0.00195312
v -0.16210938 -0.48632812 -0.03320312
v -0.16210938 -0.48242188 -0.04492188
v -0.16210938 -0.47851562 0.04492188
v -0.16210938 -0.47460938 -0.06054688
v -0.16210938 -0.46679688 -0.06835938
v -0.16210938 -0.46289062 -0.07617188
v -0.16210938 -0.46289062 0.06835938
v -0.16210938 -0.45507812 -0.09179688
v -0.16210938 -0.43554688 -0.09570312
v -0.16210938 -0.43554688 0.09570312
v -0.16210938 -0.42773438 -0.09179688
v -0.16210938 -0.38867188 0.08007812
v -0.16210938 -0.36132812 -0.06054688
v -0.16210938 -0.31835938 -0.01757812
v -0.16210938 -0.16992188 -0.01757812
v -0.16210938 -0.16210938 -0.04101562
v -0.16210938 -0.15820312 0.04101562
v -0.16210938 -0.14648438 -0.05664062
v -0.16210938 -0.14648438 0.05664062
v -0.16210938 -0.12304688 -0.06835938
v -0.16210938 -0.09960938 -0.08007812
v -0.16210938 -0.08789062 0.08398438
v -0.16210938 -0.06835938 -0.08398438
v -0.16210938 -0.04101562 -0.08398438
v -0.16210938 0.09179688 0.04882812
v -0.16210938 0.11523438 -0.01757812
v -0.16210938 0.20117188 0.00195312
v -0.16210938 0.20117188 0.00585938
v -0.16210938 0.20507812 -0.00195312
v -0.16210938 0.24023438 0.00585938
v -0.16210938 0.25585938 -0.00195312
v -0.16210938 0.29101562 0.03710938
v -0.16210938 0.31054688 -0.05273438
v -0.16210938 0.33398438 0.05664062
v -0.16210938 0.34570312 -0.05273438
v -0.16210938 0.36523438 0.05664062
v -0.16210938 0.38476562 -0.04882812
v -0.16210938 0.39257812 0.04492188
v -0.16210938 0.43554688 0.00195312
v -0.16210938 0.44335938 -0.01757812
v -0.16210938 0.44335938 0.01367188
v -0.16210938 0.45898438 0.01757812
v -0.16210938 0.49414062 -0.00976562
v -0.16210938 0.49414062 -0.00585938
v -0.16210938 0.49414062 -0.00195312
v -0.16210938 0.49414062 0.00195312
v -0.15820312 -0.49804688 -0.01367188
v -0.15820312 -0.47460938 0.05664062
v -0.15820312 -0.46289062 -0.08007812
v -0.15820312 -0.45117188 -0.09179688
v -0.15820312 -0.45117188 0.08789062
v -0.15820312 -0.43554688 -0.09179688
v -0.15820312 -0.41601562 0.09179688
v -0.15820312 -0.40820312 -0.08398438
v -0.15820312 -0.37695312 -0.06445312
v -0.15820312 -0.37304688 0.06835938
v -0.15820312 -0.18164062 -0.00585938
v -0.15820312 -0.17773438 0.00195312
v -0.15820312 -0.16601562 0.02539062
v -0.15820312 0.07226562 0.06054688
v -0.15820312 0.10351562 -0.03320312
v -0.15820312 0.11132812 0.02929688
v -0.15820312 0.12304688 -0.00976562
v -0.15820312 0.12304688 0.01367188
v -0.15820312 0.12695312 0.00585938
v -0.15820312 0.18164062 0.00195312
v -0.15820312 0.22070312 0.00585938
v -0.15820312 0.24023438 -0.00195312
v -0.15820312 0.28710938 0.02148438
v -0.15820312 0.29101562 -0.02929688
v -0.15820312 0.29882812 -0.03710938
v -0.15820312 0.46679688 -0.02539062
v -0.15429688 -0.49804688 0.01367188
v -0.15429688 -0.49414062 -0.02148438
v -0.15429688 -0.49414062 0.02148438
v -0.15429688 -0.48632812 -0.03710938
v -0.15429688 -0.48242188 -0.05273438
v -0.15429688 -0.47460938 -0.06445312
v -0.15429688 -0.47070312 -0.07226562
v -0.15429688 -0.47070312 0.06835938
v -0.15429688 -0.46289062 -0.08398438
v -0.15429688 -0.46289062 0.07617188
v -0.15429688 -0.44726562 -0.09179688
v -0.15429688 -0.43945312 -0.08789062
v -0.15429688 -0.42773438 0.09179688
v -0.15429688 -0.41992188 -0.08789062
v -0.15429688 -0.40039062 0.08007812
v -0.15429688 -0.35742188 0.05664062
v -0.15429688 -0.33789062 0.04492188
v -0.15429688 -0.31445312 0.03320312
v -0.15429688 -0.29492188 -0.00195312
v -0.15429688 -0.29492188 0.01367188
v -0.15429688 -0.17773438 0.01367188
v -0.15429688 -0.13085938 0.06835938
v -0.15429688 0.01367188 0.08398438
v -0.15429688 0.04492188 0.07617188
v -0.15429688 0.18554688 0.00585938
v -0.15429688 0.18945312 -0.00585938
v -0.15429688 0.20507812 0.00585938
v -0.15429688 0.22460938 -0.00195312
v -0.15429688 0.28710938 0.01367188
v -0.15429688 0.32226562 0.04882812
v -0.15429688 0.40429688 0.03320312
v -0.15429688 0.44335938 0.00585938
v -0.15429688 0.45898438 -0.02539062
v -0.15429688 0.48632812 0.00976562
v -0.15039062 -0.49804688 -0.00195312
v -0.15039062 -0.48632812 0.03320312
v -0.15039062 -0.47851562 0.04492188
v -0.15039062 -0.47460938 0.06054688
v -0.15039062 -0.47070312 0.06835938
v -0.15039062 -0.46679688 -0.07226562
v -0.15039062 -0.45898438 -0.08398438
v -0.15039062 -0.44726562 0.08789062
v -0.15039062 -0.43164062 -0.08789062
v -0.15039062 -0.42382812 0.08789062
v -0.15039062 -0.41210938 0.08398438
v -0.15039062 -0.39257812 -0.06835938
v -0.15039062 -0.38867188 0.06835938
v -0.15039062 -0.34570312 -0.04492188
v -0.15039062 -0.18554688 0.00195312
v -0.15039062 -0.18164062 -0.01367188
v -0.15039062 -0.17382812 -0.02539062
v -0.15039062 -0.04101562 0.08789062
v -0.15039062 -0.01367188 0.08789062
v -0.15039062 0.01757812 -0.08789062
v -0.15039062 0.04492188 -0.07617188
v -0.15039062 0.06445312 -0.06835938
v -0.15039062 0.08007812 -0.06054688
v -0.15039062 0.11523438 -0.01757812
v -0.15039062 0.11914062 -0.00585938
v -0.15039062 0.12304688 0.01367188
v -0.15039062 0.12695312 0.00195312
v -0.15039062 0.20898438 -0.00195312
v -0.15039062 0.22460938 0.00195312
v -0.15039062 0.24414062 0.00195312
v -0.15039062 0.25976562 0.00195312
v -0.15039062 0.28320312 -0.00195312
v -0.15039062 0.28320312 0.00195312
v -0.15039062 0.29101562 -0.01367188
v -0.15039062 0.31054688 0.03710938
v -0.15039062 0.35351562 0.04882812
v -0.15039062 0.38085938 0.04492188
v -0.15039062 0.41601562 -0.01367188
v -0.15039062 0.44335938 0.00195312
v -0.15039062 0.45117188 -0.01367188
v -0.15039062 0.45117188 0.00976562
v -0.15039062 0.46679688 0.00976562
v -0.15039062 0.48632812 -0.00976562
v -0.15039062 0.48632812 0.00195312
v -0.15039062 0.49023438 -0.00585938
v -0.15039062 0.49023438 -0.00195312
v -0.14648438 -0.47460938 -0.06445312
v -0.14648438 -0.46289062 -0.07617188
v -0.14648438 -0.45898438 0.08007812
v -0.14648438 -0.45507812 -0.08398438
v -0.14648438 -0.44335938 -0.08398438
v -0.14648438 -0.43945312 0.08789062
v -0.14648438 -0.42382812 -0.08007812
v -0.14648438 -0.41992188 0.08398438
v -0.14648438 -0.40820312 -0.07617188
v -0.14648438 -0.37304688 0.06054688
v -0.14648438 -0.36523438 -0.04882812
v -0.14648438 -0.32617188 -0.03320312
v -0.14648438 -0.29492188 -0.02148438
v -0.14648438 -0.17773438 0.02929688
v -0.14648438 -0.11523438 0.08007812
v -0.14648438 -0.09179688 0.08789062
v -0.14648438 -0.06835938 0.08789062
v -0.14648438 -0.00976562 -0.09179688
v -0.14648438 0.09570312 -0.04882812
v -0.14648438 0.16601562 0.00195312
v -0.14648438 0.16601562 0.00585938
v -0.14648438 0.16992188 -0.00195312
v -0.14648438 0.18945312 0.00585938
v -0.14648438 0.19335938 -0.00585938
v -0.14648438 0.20898438 0.00195312
v -0.14648438 0.22851562 -0.00195312
v -0.14648438 0.24414062 -0.00195312
v -0.14648438 0.25976562 -0.00195312
v -0.14648438 0.27148438 -0.00195312
v -0.14648438 0.27148438 0.00195312
v -0.14648438 0.29882812 0.02148438
v -0.14648438 0.30273438 -0.02148438
v -0.14648438 0.32617188 -0.04101562
v -0.14648438 0.36523438 -0.04492188
v -0.14648438 0.39648438 -0.03710938
v -0.14648438 0.41210938 0.01757812
v -0.14648438 0.41992188 0.00195312
v -0.14257812 -0.49804688 -0.01367188
v -0.14257812 -0.48632812 -0.04101562
v -0.14257812 -0.47851562 -0.05664062
v -0.14257812 -0.46679688 0.07226562
v -0.14257812 -0.45507812 0.08007812
v -0.14257812 -0.43554688 -0.08007812
v -0.14257812 -0.43554688 0.08398438
v -0.14257812 -0.40429688 0.07226562
v -0.14257812 -0.39257812 0.06445312
v -0.14257812 -0.37695312 -0.05664062
v -0.14257812 -0.35351562 0.04882812
v -0.14257812 -0.29882812 0.02929688
v -0.14257812 -0.18554688 -0.01367188
v -0.14257812 -0.18554688 0.01367188
v -0.14257812 -0.17382812 0.04492188
v -0.14257812 -0.16992188 -0.04882812
v -0.14257812 -0.15820312 0.06054688
v -0.14257812 -0.15039062 -0.06445312
v -0.14257812 -0.13085938 -0.07617188
v -0.14257812 -0.10351562 -0.08398438
v -0.14257812 -0.07226562 -0.09179688
v -0.14257812 -0.04101562 -0.09179688
v -0.14257812 0.10351562 0.04882812
v -0.14257812 0.10742188 -0.03710938
v -0.14257812 0.11523438 -0.01757812
v -0.14257812 0.11914062 0.02929688
v -0.14257812 0.12304688 -0.00585938
v -0.14257812 0.12695312 0.01367188
v -0.14257812 0.13476562 0.00195312
v -0.14257812 0.21289062 -0.00195312
v -0.14257812 0.29882812 0.01367188
v -0.14257812 0.31445312 -0.03710938
v -0.14257812 0.34179688 0.04492188
v -0.14257812 0.39648438 0.03320312
v -0.14257812 0.45117188 -0.00195312
v -0.14257812 0.45117188 0.00195312
v -0.14257812 0.45507812 -0.00976562
v -0.14257812 0.47851562 -0.00976562
v -0.14257812 0.48242188 -0.00585938
v -0.14257812 0.48242188 -0.00195312
v -0.13867188 -0.49023438 -0.02539062
v -0.13867188 -0.49023438 0.02148438
v -0.13867188 -0.48242188 0.03320312
v -0.13867188 -0.47851562 0.04492188
v -0.13867188 -0.47460938 0.06054688
v -0.13867188 -0.47070312 -0.06835938
v -0.13867188 -0.45898438 -0.07617188
v -0.13867188 -0.45117188 -0.07617188
v -0.13867188 -0.45117188 0.08007812
v -0.13867188 -0.42382812 0.08007812
v -0.13867188 -0.41601562 0.07617188
v -0.13867188 -0.39648438 -0.06445312
v -0.13867188 -0.27539062 -0.00585938
v -0.13867188 -0.27539062 0.01367188
v -0.13867188 -0.18945312 0.00195312
v -0.13867188 -0.18164062 -0.03320312
v -0.13867188 -0.14257812 0.07226562
v -0.13867188 0.07617188 0.06835938
v -0.13867188 0.17382812 0.00585938
v -0.13867188 0.17773438 -0.00585938
v -0.13867188 0.19726562 0.00195312
v -0.13867188 0.29882812 -0.00195312
v -0.13867188 0.36523438 0.03710938
v -0.13867188 0.45898438 -0.00585938
v -0.13867188 0.45898438 -0.00195312
v -0.13867188 0.45898438 0.00195312
v -0.13867188 0.46679688 -0.01367188
v -0.13867188 0.47070312 -0.00585938
v -0.13867188 0.47460938 -0.00195312
v -0.13867188 0.47460938 0.00195312
v -0.13476562 -0.49414062 0.00195312
v -0.13476562 -0.49414062 0.01367188
v -0.13476562 -0.49023438 -0.01367188
v -0.13476562 -0.47460938 -0.05664062
v -0.13476562 -0.46289062 -0.06835938
v -0.13476562 -0.46289062 0.07226562
v -0.13476562 -0.44335938 0.07617188
v -0.13476562 -0.43945312 -0.07226562
v -0.13476562 -0.42773438 -0.06835938
v -0.13476562 -0.41210938 -0.06835938
v -0.13476562 -0.40820312 0.06835938
v -0.13476562 -0.37304688 0.05273438
v -0.13476562 -0.34960938 -0.04101562
v -0.13476562 -0.12304688 0.08398438
v -0.13476562 0.01757812 0.08789062
v -0.13476562 0.04882812 0.08007812
v -0.13476562 0.13476562 0.00585938
v -0.13476562 0.13867188 -0.00195312
v -0.13476562 0.14648438 0.00195312
v -0.13476562 0.15039062 0.00585938
v -0.13476562 0.19726562 -0.00195312
v -0.13476562 0.31054688 -0.00976562
v -0.13476562 0.31054688 0.00976562
v -0.13476562 0.31054688 0.01757812
v -0.13476562 0.33007812 0.03710938
v -0.13476562 0.34570312 -0.03710938
v -0.13476562 0.38085938 -0.03320312
v -0.13476562 0.40429688 0.01757812
v -0.13085938 -0.49414062 -0.00976562
v -0.13085938 -0.48632812 -0.01757812
v -0.13085938 -0.47851562 -0.04492188
v -0.13085938 -0.47851562 -0.02929688
v -0.13085938 -0.47851562 0.04492188
v -0.13085938 -0.47070312 0.06054688
v -0.13085938 -0.45898438 0.06835938
v -0.13085938 -0.45507812 -0.06835938
v -0.13085938 -0.43164062 0.07226562
v -0.13085938 -0.41992188 0.06835938
v -0.13085938 -0.39257812 0.05273438
v -0.13085938 -0.38085938 -0.04492188
v -0.13085938 -0.36523438 -0.04492188
v -0.13085938 -0.33398438 0.04101562
v -0.13085938 -0.29882812 -0.02929688
v -0.13085938 -0.27539062 0.02539062
v -0.13085938 -0.19335938 0.01367188
v -0.13085938 -0.18945312 -0.01367188
v -0.13085938 -0.09960938 0.09179688
v -0.13085938 -0.06835938 0.09570312
v -0.13085938 -0.03710938 0.09570312
v -0.13085938 -0.00976562 0.09570312
v -0.13085938 0.16210938 -0.00195312
v -0.13085938 0.18164062 0.00195312
v -0.13085938 0.18554688 -0.00195312
v -0.13085938 0.24023438 0.00585938
v -0.13085938 0.25585938 -0.01367188
v -0.13085938 0.25976562 0.00195312
v -0.13085938 0.31835938 -0.01757812
v -0.13085938 0.33398438 -0.02539062
v -0.13085938 0.35351562 0.03710938
v -0.13085938 0.37695312 0.02929688
v -0.13085938 0.40820312 -0.01757812
v -0.13085938 0.40820312 0.00195312
v -0.12695312 -0.48632812 0.02148438
v -0.12695312 -0.48242188 0.03320312
v -0.12695312 -0.46679688 -0.06054688
v -0.12695312 -0.46679688 0.05664062
v -0.12695312 -0.45117188 0.06835938
v -0.12695312 -0.44335938 -0.06835938
v -0.12695312 -0.42773438 -0.06445312
v -0.12695312 -0.41601562 -0.06054688
v -0.12695312 -0.41210938 0.05664062
v -0.12695312 -0.39648438 -0.05273438
v -0.12695312 -0.35742188 0.04492188
v -0.12695312 -0.33398438 -0.03710938
v -0.12695312 -0.30664062 0.03710938
v -0.12695312 -0.27148438 -0.01757812
v -0.12695312 -0.25195312 0.00585938
v -0.12695312 -0.24804688 -0.00585938
v -0.12695312 -0.19335938 -0.00195312
v -0.12695312 -0.18945312 0.02929688
v -0.12695312 -0.18164062 0.04492188
v -0.12695312 -0.07226562 -0.09570312
v -0.12695312 -0.04101562 -0.09570312
v -0.12695312 -0.00976562 -0.09570312
v -0.12695312 0.01757812 -0.09179688
v -0.12695312 0.04492188 -0.08398438
v -0.12695312 0.06835938 -0.07617188
v -0.12695312 0.08789062 -0.06835938
v -0.12695312 0.10351562 -0.05664062
v -0.12695312 0.11523438 -0.04101562
v -0.12695312 0.12695312 -0.02148438
v -0.12695312 0.12695312 0.03320312
v -0.12695312 0.13476562 -0.00195312
v -0.12695312 0.13476562 0.01367188
v -0.12695312 0.13867188 0.00585938
v -0.12695312 0.15429688 0.00585938
v -0.12695312 0.16992188 -0.00195312
v -0.12695312 0.23632812 -0.01367188
v -0.12695312 0.27148438 -0.01757812
v -0.12695312 0.27929688 0.00195312
v -0.12695312 0.32226562 -0.00195312
v -0.12695312 0.32226562 0.01367188
v -0.12695312 0.34179688 0.02929688
v -0.12695312 0.36523438 -0.02539062
v -0.12304688 -0.48242188 -0.01757812
v -0.12304688 -0.47070312 0.04492188
v -0.12304688 -0.46679688 -0.04882812
v -0.12304688 -0.45507812 -0.05664062
v -0.12304688 -0.43945312 0.06445312
v -0.12304688 -0.42773438 0.06054688
v -0.12304688 -0.37695312 0.04492188
v -0.12304688 -0.25195312 0.01367188
v -0.12304688 -0.18945312 -0.03710938
v -0.12304688 -0.17773438 -0.05664062
v -0.12304688 -0.16992188 0.06054688
v -0.12304688 -0.15820312 -0.06835938
v -0.12304688 -0.13476562 -0.08398438
v -0.12304688 -0.10742188 -0.09179688
v -0.12304688 0.11132812 0.05273438
v -0.12304688 0.21289062 -0.00585938
v -0.12304688 0.21679688 0.00585938
v -0.12304688 0.24804688 0.01757812
v -0.12304688 0.26757812 0.01757812
v -0.12304688 0.33398438 0.01367188
v -0.12304688 0.34960938 -0.01757812
v -0.12304688 0.36523438 0.02539062
v -0.12304688 0.38476562 0.01757812
v -0.12304688 0.39257812 -0.01367188
v -0.11914062 -0.48632812 -0.01367188
v -0.11914062 -0.48632812 -0.00585938
v -0.11914062 -0.48632812 0.00195312
v -0.11914062 -0.48632812 0.01367188
v -0.11914062 -0.47460938 -0.02929688
v -0.11914062 -0.47460938 0.03320312
v -0.11914062 -0.47070312 -0.03710938
v -0.11914062 -0.45507812 0.05664062
v -0.11914062 -0.44335938 -0.05664062
v -0.11914062 -0.41601562 0.04492188
v -0.11914062 -0.40039062 -0.04492188
v -0.11914062 -0.39648438 0.04492188
v -0.11914062 -0.38476562 -0.04101562
v -0.11914062 -0.36914062 -0.04101562
v -0.11914062 -0.27929688 0.02929688
v -0.11914062 -0.15429688 0.07617188
v -0.11914062 0.08398438 0.07226562
v -0.11914062 0.14257812 0.00585938
v -0.11914062 0.17773438 0.00195312
v -0.11914062 0.22851562 0.02148438
v -0.11914062 0.24804688 -0.03320312
v -0.11914062 0.27148438 -0.02929688
v -0.11914062 0.33398438 -0.00195312
v -0.11914062 0.35351562 0.02148438
v -0.11914062 0.37695312 -0.01367188
v -0.11914062 0.39257812 0.00195312
v -0.11523438 -0.47851562 0.02148438
v -0.11523438 -0.47070312 -0.01757812
v -0.11523438 -0.46679688 -0.02929688
v -0.11523438 -0.46679688 0.02929688
v -0.11523438 -0.46289062 0.04492188
v -0.11523438 -0.45898438 -0.04492188
v -0.11523438 -0.44726562 0.05273438
v -0.11523438 -0.43164062 -0.05273438
v -0.11523438 -0.43164062 0.04882812
v -0.11523438 -0.41601562 -0.04882812
v -0.11523438 -0.35742188 -0.03710938
v -0.11523438 -0.27539062 -0.02929688
v -0.11523438 -0.24414062 -0.01757812
v -0.11523438 -0.22460938 -0.00585938
v -0.11523438 -0.22460938 0.00585938
v -0.11523438 -0.20117188 0.00195312
v -0.11523438 -0.20117188 0.00976562
v -0.11523438 -0.13085938 0.08398438
v -0.11523438 -0.10351562 0.09570312
v -0.11523438 0.02148438 0.09179688
v -0.11523438 0.05273438 0.08398438
v -0.11523438 0.15820312 -0.00195312
v -0.11523438 0.15820312 0.00585938
v -0.11523438 0.17382812 -0.00195312
v -0.11523438 0.19726562 0.00195312
v -0.11523438 0.23242188 0.03320312
v -0.11523438 0.25195312 0.03320312
v -0.11523438 0.26757812 0.03320312
v -0.11523438 0.29492188 -0.01757812
v -0.11523438 0.29882812 0.00195312
v -0.11523438 0.34960938 -0.00195312
v -0.11523438 0.34960938 0.01367188
v -0.11523438 0.36132812 -0.01367188
v -0.11523438 0.36914062 0.01367188
v -0.11523438 0.37304688 0.00195312
v -0.11132812 -0.47460938 -0.01367188
v -0.11132812 -0.46679688 0.02148438
v -0.11132812 -0.45898438 -0.03710938
v -0.11132812 -0.45117188 0.04101562
v -0.11132812 -0.44726562 -0.04492188
v -0.11132812 -0.43945312 0.04101562
v -0.11132812 -0.43554688 -0.04492188
v -0.11132812 -0.41992188 0.03710938
v -0.11132812 -0.40039062 0.03710938
v -0.11132812 -0.38085938 0.03710938
v -0.11132812 -0.36132812 0.03710938
v -0.11132812 -0.34179688 0.03710938
v -0.11132812 -0.30664062 -0.03320312
v -0.11132812 -0.25195312 0.02539062
v -0.11132812 -0.22460938 0.01367188
v -0.11132812 -0.20117188 -0.01367188
v -0.11132812 -0.06835938 0.09960938
v -0.11132812 -0.03710938 0.09960938
v -0.11132812 -0.00976562 0.09960938
v -0.11132812 0.20117188 0.00976562
v -0.11132812 0.20898438 0.02148438
v -0.11132812 0.22070312 -0.02539062
v -0.11132812 0.29492188 0.01367188
v -0.10742188 -0.47851562 -0.00585938
v -0.10742188 -0.47851562 0.00585938
v -0.10742188 -0.47851562 0.01367188
v -0.10742188 -0.45898438 -0.01757812
v -0.10742188 -0.45507812 -0.02539062
v -0.10742188 -0.45507812 0.02929688
v -0.10742188 -0.45117188 -0.03710938
v -0.10742188 -0.43945312 0.02929688
v -0.10742188 -0.41992188 -0.04101562
v -0.10742188 -0.41992188 0.02929688
v -0.10742188 -0.40429688 -0.03710938
v -0.10742188 -0.40039062 0.02929688
v -0.10742188 -0.38867188 -0.03320312
v -0.10742188 -0.33398438 -0.03320312
v -0.10742188 -0.31445312 0.03320312
v -0.10742188 -0.20898438 -0.00976562
v -0.10742188 -0.20898438 0.00195312
v -0.10742188 -0.20898438 0.01367188
v -0.10742188 -0.20117188 0.02929688
v -0.10742188 -0.19335938 0.04492188
v -0.10742188 -0.07617188 -0.10351562
v -0.10742188 0.14257812 0.00585938
v -0.10742188 0.18554688 0.00195312
v -0.10742188 0.22070312 0.03710938
v -0.10742188 0.22851562 -0.03710938
v -0.10742188 0.25195312 0.04101562
v -0.10742188 0.26367188 -0.04101562
v -0.10742188 0.26757812 0.04101562
v -0.10742188 0.28710938 -0.03320312
v -0.10742188 0.28710938 0.03320312
v -0.10351562 -0.46289062 -0.01367188
v -0.10351562 -0.45507812 0.01757812
v -0.10351562 -0.44726562 -0.01757812
v -0.10351562 -0.44335938 -0.02539062
v -0.10351562 -0.44335938 0.01757812
v -0.10351562 -0.43945312 -0.03320312
v -0.10351562 -0.42773438 -0.02148438
v -0.10351562 -0.42382812 -0.02929688
v -0.10351562 -0.42382812 0.01757812
v -0.10351562 -0.41210938 -0.01757812
v -0.10351562 -0.40820312 -0.02539062
v -0.10351562 -0.40039062 0.02148438
v -0.10351562 -0.39257812 -0.02539062
v -0.10351562 -0.38476562 0.02929688
v -0.10351562 -0.37695312 -0.03320312
v -0.10351562 -0.28710938 0.02929688
v -0.10351562 -0.24804688 -0.02539062
v -0.10351562 -0.22851562 0.02148438
v -0.10351562 -0.22460938 -0.01367188
v -0.10351562 -0.19726562 -0.04492188
v -0.10351562 -0.18164062 -0.06054688
v -0.10351562 -0.17773438 0.06445312
v -0.10351562 -0.16210938 -0.07226562
v -0.10351562 -0.13867188 -0.08789062
v -0.10351562 -0.11132812 -0.09570312
v -0.10351562 -0.04101562 -0.09960938
v -0.10351562 -0.00976562 -0.10351562
v -0.10351562 0.01757812 -0.09570312
v -0.10351562 0.04492188 -0.09179688
v -0.10351562 0.13476562 -0.02539062
v -0.10351562 0.13867188 0.01367188
v -0.10351562 0.16601562 -0.00195312
v -0.10351562 0.19335938 -0.00195312
v -0.10351562 0.31054688 -0.01757812
v -0.10351562 0.31054688 0.00195312
v -0.09960938 -0.46679688 -0.00585938
v -0.09960938 -0.46679688 0.00585938
v -0.09960938 -0.46679688 0.01367188
v -0.09960938 -0.45117188 -0.01367188
v -0.09960938 -0.43554688 -0.01367188
v -0.09960938 -0.41601562 -0.01367188
v -0.09960938 -0.39648438 -0.01757812
v -0.09960938 -0.38085938 -0.02539062
v -0.09960938 -0.36523438 0.03320312
v -0.09960938 -0.36132812 -0.03320312
v -0.09960938 -0.34179688 0.03320312
v -0.09960938 -0.21289062 -0.01367188
v -0.09960938 -0.20507812 -0.02539062
v -0.09960938 -0.16210938 0.07617188
v -0.09960938 -0.13867188 0.08789062
v -0.09960938 0.07226562 -0.08398438
v -0.09960938 0.09179688 -0.07226562
v -0.09960938 0.09179688 0.07617188
v -0.09960938 0.11132812 -0.06445312
v -0.09960938 0.11914062 0.05664062
v -0.09960938 0.12695312 -0.04492188
v -0.09960938 0.13476562 0.03320312
v -0.09960938 0.14257812 -0.00195312
v -0.09960938 0.16601562 0.00585938
v -0.09960938 0.19726562 -0.01367188
v -0.09960938 0.23632812 0.04492188
v -0.09960938 0.24414062 -0.04882812
v -0.09960938 0.27929688 -0.04101562
v -0.09960938 0.31054688 0.01367188
v -0.09570312 -0.45507812 -0.00195312
v -0.09570312 -0.45507812 0.00585938
v -0.09570312 -0.45507812 0.01367188
v -0.09570312 -0.43945312 -0.00976562
v -0.09570312 -0.43945312 0.01367188
v -0.09570312 -0.41992188 -0.00976562
v -0.09570312 -0.41992188 0.01367188
v -0.09570312 -0.40429688 0.01367188
v -0.09570312 -0.40039062 -0.01367188
v -0.09570312 -0.38476562 -0.01757812
v -0.09570312 -0.38476562 0.02148438
v -0.09570312 -0.31835938 0.03320312
v -0.09570312 -0.27929688 -0.02929688
v -0.09570312 -0.25976562 0.02539062
v -0.09570312 -0.21289062 0.02148438
v -0.09570312 -0.10742188 0.09570312
v -0.09570312 0.06054688 0.08789062
v -0.09570312 0.15039062 0.00585938
v -0.09570312 0.18945312 0.00585938
v -0.09570312 0.19726562 0.02148438
v -0.09570312 0.20507812 -0.03320312
v -0.09570312 0.20898438 0.03710938
v -0.09570312 0.28320312 0.04101562
v -0.09570312 0.29882812 -0.03320312
v -0.09179688 -0.43945312 -0.00195312
v -0.09179688 -0.43945312 0.00585938
v -0.09179688 -0.41992188 -0.00195312
v -0.09179688 -0.41992188 0.00585938
v -0.09179688 -0.40429688 -0.00976562
v -0.09179688 -0.40429688 -0.00195312
v -0.09179688 -0.40429688 0.00585938
v -0.09179688 -0.38867188 0.01367188
v -0.09179688 -0.38476562 -0.01367188
v -0.09179688 -0.36914062 0.02539062
v -0.09179688 -0.36523438 -0.02539062
v -0.09179688 -0.34179688 -0.03320312
v -0.09179688 -0.31054688 -0.02929688
v -0.09179688 -0.22460938 -0.02148438
v -0.09179688 -0.07226562 0.10351562
v -0.09179688 -0.03710938 0.10351562
v -0.09179688 -0.00585938 0.10351562
v -0.09179688 0.02539062 0.09570312
v -0.09179688 0.21679688 -0.04101562
v -0.09179688 0.26757812 0.04882812
v -0.09179688 0.29492188 -0.03710938
v -0.09179688 0.30273438 0.02929688
v -0.08789062 -0.38867188 -0.00976562
v -0.08789062 -0.36914062 -0.01757812
v -0.08789062 -0.36914062 0.01757812
v -0.08789062 -0.34570312 0.02929688
v -0.08789062 -0.29101562 0.02929688
v -0.08789062 -0.23632812 0.02539062
v -0.08789062 -0.21679688 -0.02148438
v -0.08789062 -0.21289062 -0.03320312
v -0.08789062 0.16992188 0.00585938
v -0.08789062 0.22460938 0.04882812
v -0.08789062 0.25585938 -0.05273438
v -0.08789062 0.27539062 -0.04882812
v -0.08398438 -0.38867188 0.00195312
v -0.08398438 -0.38867188 0.00976562
v -0.08398438 -0.36914062 -0.01367188
v -0.08398438 -0.34570312 -0.02539062
v -0.08398438 -0.25585938 -0.02539062
v -0.08398438 -0.22070312 0.02539062
v -0.08398438 -0.20898438 0.03710938
v -0.08398438 -0.20117188 -0.04492188
v -0.08398438 -0.20117188 0.05273438
v -0.08398438 -0.18554688 0.06835938
v -0.08398438 -0.16601562 -0.07617188
v -0.08398438 -0.14257812 -0.09179688
v -0.08398438 -0.11132812 -0.09960938
v -0.08398438 -0.07617188 -0.10351562
v -0.08398438 0.15429688 0.00585938
v -0.08398438 0.18554688 0.00585938
v -0.08398438 0.23242188 -0.05273438
v -0.08398438 0.29492188 0.04101562
v -0.08398438 0.31835938 -0.01367188
v -0.08398438 0.32226562 -0.00195312
v -0.08007812 -0.37304688 -0.00585938
v -0.08007812 -0.37304688 0.00195312
v -0.08007812 -0.37304688 0.01367188
v -0.08007812 -0.34960938 -0.01757812
v -0.08007812 -0.34960938 0.02148438
v -0.08007812 -0.32226562 0.02929688
v -0.08007812 -0.31445312 -0.02929688
v -0.08007812 -0.28320312 -0.02539062
v -0.08007812 -0.26367188 0.02929688
v -0.08007812 -0.18554688 -0.06445312
v -0.08007812 -0.16601562 0.07617188
v -0.08007812 -0.04101562 -0.10351562
v -0.08007812 -0.00976562 -0.10742188
v -0.08007812 0.17382812 -0.00585938
v -0.08007812 0.18945312 -0.01367188
v -0.08007812 0.19726562 -0.03320312
v -0.08007812 0.24804688 0.05664062
v -0.08007812 0.31445312 -0.02539062
v -0.08007812 0.32226562 0.01367188
v -0.07617188 -0.35351562 -0.01367188
v -0.07617188 -0.35351562 0.01367188
v -0.07617188 -0.24023438 0.02539062
v -0.07617188 -0.23242188 -0.02148438
v -0.07617188 -0.14257812 0.09179688
v -0.07617188 -0.11132812 0.09960938
v -0.07617188 0.01757812 -0.10351562
v -0.07617188 0.04882812 -0.09570312
v -0.07617188 0.07226562 -0.08789062
v -0.07617188 0.09570312 -0.07617188
v -0.07617188 0.09570312 0.07617188
v -0.07617188 0.11523438 -0.06835938
v -0.07617188 0.13085938 0.05664062
v -0.07617188 0.13476562 -0.04882812
v -0.07617188 0.14257812 -0.02929688
v -0.07617188 0.14257812 0.03710938
v -0.07617188 0.18554688 0.01757812
v -0.07617188 0.20117188 0.03710938
v -0.07617188 0.25195312 -0.05664062
v -0.07617188 0.27539062 0.05273438
v -0.07617188 0.29101562 -0.04882812
v -0.07617188 0.31054688 -0.03320312
v -0.07617188 0.31445312 0.02539062
v -0.07226562 -0.35351562 -0.00585938
v -0.07226562 -0.35351562 0.00195312
v -0.07226562 -0.32617188 0.02148438
v -0.07226562 -0.32226562 -0.02539062
v -0.07226562 -0.29492188 0.02929688
v -0.07226562 -0.22460938 -0.02539062
v -0.07226562 -0.07226562 0.10351562
v -0.07226562 -0.04101562 0.10351562
v -0.07226562 -0.00585938 0.10351562
v -0.07226562 0.02539062 0.09960938
v -0.07226562 0.06054688 0.09179688
v -0.07226562 0.15039062 -0.00976562
v -0.07226562 0.15039062 0.01757812
v -0.07226562 0.17773438 0.00585938
v -0.07226562 0.20507812 -0.04101562
v -0.07226562 0.21679688 0.04882812
v -0.07226562 0.27148438 -0.05664062
v -0.06835938 -0.32617188 -0.01757812
v -0.06835938 -0.29101562 -0.02539062
v -0.06835938 -0.25976562 -0.02539062
v -0.06835938 -0.22460938 0.02539062
v -0.06835938 -0.21679688 -0.03320312
v -0.06835938 0.16210938 0.00585938
v -0.06835938 0.21679688 -0.04882812
v -0.06835938 0.23632812 0.05664062
v -0.06445312 -0.33007812 0.00585938
v -0.06445312 -0.33007812 0.01367188
v -0.06445312 -0.32617188 -0.01367188
v -0.06445312 -0.29882812 0.02148438
v -0.06445312 -0.26757812 0.02539062
v -0.06445312 -0.21679688 0.03710938
v -0.06445312 -0.20898438 -0.04492188
v -0.06445312 -0.20507812 0.05273438
v -0.06445312 0.24414062 -0.05664062
v -0.06445312 0.25976562 0.06054688
v -0.06445312 0.30273438 -0.04101562
v -0.06445312 0.30273438 0.04101562
v -0.06054688 -0.33007812 -0.00585938
v -0.06054688 -0.19335938 -0.06445312
v -0.06054688 -0.18945312 0.06835938
v -0.06054688 -0.16992188 -0.07617188
v -0.06054688 -0.16992188 0.08007812
v -0.06054688 -0.14257812 -0.09179688
v -0.06054688 -0.11523438 -0.10351562
v -0.06054688 0.18554688 -0.01757812
v -0.06054688 0.26367188 -0.05664062
v -0.06054688 0.28710938 0.04882812
v -0.06054688 0.31835938 -0.02148438
v -0.06054688 0.32617188 -0.00585938
v -0.06054688 0.32617188 0.00976562
v -0.05664062 -0.29492188 -0.02148438
v -0.05664062 -0.24414062 0.02539062
v -0.05664062 -0.24023438 -0.02148438
v -0.05664062 -0.14648438 0.09179688
v -0.05664062 -0.08007812 -0.10742188
v -0.05664062 -0.04101562 -0.11132812
v -0.05664062 -0.00976562 -0.10742188
v -0.05664062 0.17773438 -0.00976562
v -0.05664062 0.19335938 -0.03320312
v -0.05664062 0.24804688 0.06054688
v -0.05273438 -0.29882812 -0.01757812
v -0.05273438 -0.29882812 0.01757812
v -0.05273438 -0.26367188 -0.02148438
v -0.05273438 -0.22851562 -0.02148438
v -0.05273438 -0.22851562 0.02539062
v -0.05273438 -0.11914062 0.09960938
v -0.05273438 -0.07617188 0.10742188
v -0.05273438 0.01757812 -0.10351562
v -0.05273438 0.04492188 -0.09960938
v -0.05273438 0.07226562 -0.09179688
v -0.05273438 0.09960938 -0.08007812
v -0.05273438 0.09960938 0.08007812
v -0.05273438 0.11914062 -0.06835938
v -0.05273438 0.13476562 0.05664062
v -0.05273438 0.13867188 -0.05273438
v -0.05273438 0.15039062 -0.02929688
v -0.05273438 0.16601562 0.00585938
v -0.05273438 0.17773438 0.00585938
v -0.05273438 0.18945312 0.02539062
v -0.05273438 0.20117188 0.04101562
v -0.05273438 0.21679688 0.05273438
v -0.05273438 0.23242188 0.05664062
v -0.05273438 0.27148438 0.05664062
v -0.05273438 0.27929688 -0.05273438
v -0.05273438 0.31835938 0.02148438
v -0.04882812 -0.30273438 -0.00976562
v -0.04882812 -0.29882812 0.00976562
v -0.04882812 -0.27148438 0.02148438
v -0.04882812 -0.22460938 -0.03320312
v -0.04882812 -0.22070312 0.03710938
v -0.04882812 -0.04101562 0.10742188
v -0.04882812 -0.00585938 0.10742188
v -0.04882812 0.02929688 0.10351562
v -0.04882812 0.06445312 0.09570312
v -0.04882812 0.15039062 0.03710938
v -0.04882812 0.15820312 0.01757812
v -0.04882812 0.20507812 -0.04101562
v -0.04882812 0.22070312 -0.04882812
v -0.04882812 0.23632812 -0.05664062
v -0.04882812 0.25585938 0.05664062
v -0.04882812 0.29101562 0.04492188
v -0.04882812 0.29492188 -0.04492188
v -0.04882812 0.30664062 0.03320312
v -0.04492188 -0.30273438 -0.00195312
v -0.04492188 -0.26757812 -0.02148438
v -0.04492188 -0.24414062 -0.02148438
v -0.04492188 -0.24414062 0.02148438
v -0.04492188 0.15820312 -0.00976562
v -0.04492188 0.18945312 -0.01367188
v -0.04492188 0.30273438 -0.03710938
v -0.04101562 -0.27148438 -0.01367188
v -0.04101562 -0.27148438 0.01757812
v -0.04101562 -0.21679688 -0.04492188
v -0.04101562 -0.20898438 0.05273438
v -0.04101562 -0.19335938 0.06835938
v -0.04101562 -0.17382812 0.08007812
v -0.04101562 0.18554688 -0.00976562
v -0.04101562 0.25585938 -0.05664062
v -0.04101562 0.26757812 0.05273438
v -0.04101562 0.31054688 -0.02539062
v -0.04101562 0.31835938 0.00195312
v -0.03710938 -0.27148438 -0.00976562
v -0.03710938 -0.27148438 0.00976562
v -0.03710938 -0.23242188 -0.01757812
v -0.03710938 -0.23242188 0.02148438
v -0.03710938 -0.19726562 -0.06445312
v -0.03710938 -0.16992188 -0.08007812
v -0.03710938 -0.15039062 0.09179688
v -0.03710938 -0.14648438 -0.09179688
v -0.03710938 -0.11523438 -0.10351562
v -0.03710938 0.16601562 0.00585938
v -0.03710938 0.18164062 0.00585938
v -0.03710938 0.19335938 -0.01367188
v -0.03710938 0.19335938 0.02148438
v -0.03710938 0.19726562 -0.02929688
v -0.03710938 0.24023438 0.05273438
v -0.03710938 0.27148438 -0.05273438
v -0.03710938 0.31835938 -0.01367188
v -0.03320312 -0.26757812 -0.00195312
v -0.03320312 -0.24414062 -0.01757812
v -0.03320312 -0.24414062 0.01367188
v -0.03320312 -0.11914062 0.09960938
v -0.03320312 -0.08007812 -0.11132812
v -0.03320312 0.20898438 0.03710938
v -0.03320312 0.22460938 0.04882812
v -0.03320312 0.28320312 0.04101562
v -0.03320312 0.31054688 0.01367188
v -0.02929688 -0.24804688 -0.00585938
v -0.02929688 -0.24804688 0.00976562
v -0.02929688 -0.24414062 -0.01367188
v -0.02929688 -0.23632812 0.01367188
v -0.02929688 -0.23242188 -0.01757812
v -0.02929688 -0.22851562 -0.02929688
v -0.02929688 -0.08007812 0.10742188
v -0.02929688 -0.04101562 -0.11132812
v -0.02929688 -0.00976562 -0.11132812
v -0.02929688 0.15820312 -0.00585938
v -0.02929688 0.20898438 -0.03710938
v -0.02929688 0.22851562 -0.04882812
v -0.02929688 0.25195312 -0.04882812
v -0.02929688 0.25585938 0.04882812
v -0.02929688 0.28710938 -0.03710938
v -0.02929688 0.29882812 0.02929688
v -0.02539062 -0.24804688 0.00195312
v -0.02539062 -0.23632812 -0.01367188
v -0.02539062 -0.22460938 0.03320312
v -0.02539062 -0.04101562 0.11132812
v -0.02539062 -0.00585938 0.11132812
v -0.02539062 0.01757812 -0.10742188
v -0.02539062 0.03320312 0.10351562
v -0.02539062 0.04492188 -0.10351562
v -0.02539062 0.06835938 0.09570312
v -0.02539062 0.07226562 -0.09179688
v -0.02539062 0.09960938 -0.08398438
v -0.02539062 0.10351562 0.08007812
v -0.02539062 0.12304688 -0.06835938
v -0.02539062 0.13867188 0.05664062
v -0.02539062 0.14257812 -0.05664062
v -0.02539062 0.15429688 -0.02929688
v -0.02539062 0.15429688 0.04101562
v -0.02539062 0.16210938 0.02148438
v -0.02539062 0.20117188 -0.00976562
v -0.02539062 0.20507812 -0.02148438
v -0.02539062 0.26757812 -0.04492188
v -0.02539062 0.29882812 -0.02539062
v -0.02539062 0.30664062 -0.01367188
v -0.02148438 -0.24023438 -0.00585938
v -0.02148438 -0.24023438 0.00195312
v -0.02148438 -0.23632812 0.00976562
v -0.02148438 -0.23242188 -0.02148438
v -0.02148438 -0.21289062 0.05273438
v -0.02148438 -0.19726562 0.06835938
v -0.02148438 0.18554688 -0.00585938
v -0.02148438 0.18554688 0.00195312
v -0.02148438 0.23632812 0.04101562
v -0.02148438 0.26757812 0.04101562
v -0.02148438 0.30273438 0.01367188
v -0.02148438 0.30664062 -0.00195312
v -0.01757812 -0.23242188 -0.01367188
v -0.01757812 -0.21679688 -0.04492188
v -0.01757812 -0.17773438 0.07617188
v -0.01757812 0.16210938 0.00195312
v -0.01757812 0.20117188 0.00585938
v -0.01757812 0.21679688 0.02539062
v -0.01757812 0.23632812 -0.04101562
v -0.01757812 0.28320312 0.02929688
v -0.01367188 -0.23632812 -0.00585938
v -0.01367188 -0.22851562 0.02148438
v -0.01367188 -0.17382812 -0.08007812
v -0.01367188 -0.15429688 0.08789062
v -0.01367188 0.18945312 0.00195312
v -0.01367188 0.20898438 -0.00585938
v -0.01367188 0.24804688 0.03710938
v -0.01367188 0.25976562 -0.03710938
v -0.01367188 0.28320312 -0.02929688
v -0.01367188 0.29492188 -0.01367188
v -0.00976562 -0.23632812 0.00195312
v -0.00976562 -0.23242188 0.01367188
v -0.00976562 -0.20117188 -0.06445312
v -0.00976562 -0.14648438 -0.09179688
v -0.00976562 -0.12304688 0.09960938
v -0.00976562 -0.11523438 -0.10351562
v -0.00976562 0.16210938 -0.00585938
v -0.00976562 0.22070312 -0.02148438
v -0.00976562 0.22070312 0.00585938
v -0.00976562 0.25976562 0.02539062
v -0.00976562 0.29101562 0.01367188
v -0.00976562 0.29492188 -0.00195312
v -0.00585938 -0.08007812 -0.11132812
v -0.00585938 -0.08007812 0.10742188
v -0.00585938 0.18554688 -0.00585938
v -0.00585938 0.21289062 -0.00585938
v -0.00585938 0.23242188 0.02148438
v -0.00585938 0.24414062 -0.02539062
v -0.00585938 0.25976562 -0.02539062
v -0.00585938 0.26757812 0.01367188
v -0.00585938 0.27539062 0.00585938
v -0.00585938 0.27929688 -0.01367188
v -0.00585938 0.28320312 -0.00195312
v -0.00195312 -0.04492188 0.11523438
v -0.00195312 -0.04101562 -0.11523438
v -0.00195312 -0.00976562 -0.11132812
v -0.00195312 0.02929688 0.10742188
v -0.00195312 0.06445312 0.09570312
v -0.00195312 0.10351562 0.08007812
v -0.00195312 0.22460938 -0.00585938
v -0.00195312 0.23242188 -0.01367188
v -0.00195312 0.23632812 0.00585938
v -0.00195312 0.24414062 -0.01367188
v -0.00195312 0.24804688 0.01367188
v 0.00195312 -0.23632812 0.00195312
v 0.00195312 -0.23242188 -0.01367188
v 0.00195312 -0.23242188 -0.00976562
v 0.00195312 -0.22851562 -0.02539062
v 0.00195312 -0.20898438 0.05273438
v 0.00195312 -0.00585938 0.11132812
v 0.00195312 0.01757812 -0.10742188
v 0.00195312 0.04492188 -0.10351562
v 0.00195312 0.07226562 -0.09570312
v 0.00195312 0.09960938 -0.08398438
v 0.00195312 0.12304688 -0.07226562
v 0.00195312 0.13867188 0.06054688
v 0.00195312 0.14257812 -0.05664062
v 0.00195312 0.15039062 0.04101562
v 0.00195312 0.15429688 -0.03320312
v 0.00195312 0.16210938 -0.00976562
v 0.00195312 0.16210938 0.00195312
v 0.00195312 0.23242188 -0.01367188
v 0.00195312 0.24023438 -0.02148438
v 0.00195312 0.24414062 0.01367188
v 0.00195312 0.25585938 -0.02148438
v 0.00195312 0.25976562 -0.01367188
v 0.00195312 0.26757812 0.01757812
v 0.00195312 0.27148438 -0.01757812
v 0.00195312 0.27148438 -0.00976562
v 0.00195312 0.27929688 0.01367188
v 0.00195312 0.28320312 -0.00195312
v 0.00585938 -0.23242188 0.01367188
v 0.00585938 -0.22070312 -0.03710938
v 0.00585938 -0.19726562 0.06445312
v 0.00585938 0.15820312 0.02148438
v 0.00585938 0.20898438 0.00195312
v 0.00585938 0.22460938 -0.00585938
v 0.00585938 0.22851562 0.00585938
v 0.00585938 0.28710938 -0.01367188
v 0.00585938 0.29492188 -0.00195312
v 0.00976562 -0.22460938 0.02539062
v 0.00976562 -0.21679688 0.03710938
v 0.00976562 -0.18164062 0.07617188
v 0.00976562 0.16210938 0.00585938
v 0.00976562 0.18164062 0.00195312
v 0.00976562 0.19335938 -0.00585938
v 0.00976562 0.19726562 0.00195312
v 0.00976562 0.21289062 -0.00585938
v 0.00976562 0.22070312 0.01757812
v 0.00976562 0.24414062 0.03710938
v 0.00976562 0.24804688 -0.03710938
v 0.00976562 0.27148438 -0.02929688
v 0.00976562 0.29492188 0.01367188
v 0.01367188 -0.19335938 -0.06445312
v 0.01367188 -0.16992188 -0.08007812
v 0.01367188 -0.15820312 0.08789062
v 0.01367188 -0.14648438 -0.09179688
v 0.01367188 -0.12695312 0.09960938
v 0.01367188 0.21679688 -0.02539062
v 0.01367188 0.26757812 0.03320312
v 0.01367188 0.29101562 -0.02148438
v 0.01757812 -0.23632812 -0.01367188
v 0.01757812 -0.23632812 -0.00976562
v 0.01757812 -0.23632812 0.00195312
v 0.01757812 -0.11523438 -0.10351562
v 0.01757812 -0.08398438 0.10742188
v 0.01757812 0.20507812 0.00585938
v 0.01757812 0.22460938 0.03710938
v 0.01757812 0.29101562 0.02539062
v 0.01757812 0.30664062 -0.00976562
v 0.02148438 -0.23632812 0.00976562
v 0.02148438 -0.23242188 -0.02539062
v 0.02148438 -0.20898438 0.05273438
v 0.02148438 -0.08007812 -0.11132812
v 0.02148438 -0.04882812 0.11132812
v 0.02148438 -0.04492188 -0.11132812
v 0.02148438 0.15820312 -0.00976562
v 0.02148438 0.18554688 -0.00585938
v 0.02148438 0.20117188 -0.01367188
v 0.02148438 0.22460938 -0.04101562
v 0.02148438 0.25585938 -0.04492188
v 0.02148438 0.27539062 -0.03710938
v 0.02539062 -0.24804688 0.00195312
v 0.02539062 -0.24414062 -0.00976562
v 0.02539062 -0.22851562 -0.02929688
v 0.02539062 -0.21289062 -0.04882812
v 0.02539062 -0.19726562 0.06445312
v 0.02539062 -0.01367188 -0.11132812
v 0.02539062 -0.00976562 0.11132812
v 0.02539062 0.02929688 0.10742188
v 0.02539062 0.06445312 0.09960938
v 0.02539062 0.09960938 0.08007812
v 0.02539062 0.13476562 0.06445312
v 0.02539062 0.20507812 0.02148438
v 0.02539062 0.24804688 0.04882812
v 0.02539062 0.26757812 0.04492188
v 0.02539062 0.31054688 0.00976562
v 0.02929688 -0.24804688 0.00976562
v 0.02929688 -0.24023438 -0.01367188
v 0.02929688 -0.23242188 0.01367188
v 0.02929688 -0.18554688 0.07226562
v 0.02929688 0.01757812 -0.10742188
v 0.02929688 0.04492188 -0.10351562
v 0.02929688 0.07226562 -0.09570312
v 0.02929688 0.15039062 0.04101562
v 0.02929688 0.15820312 0.02539062
v 0.02929688 0.16210938 0.00585938
v 0.02929688 0.18164062 0.00195312
v 0.02929688 0.29101562 0.03710938
v 0.02929688 0.29492188 -0.03320312
v 0.03320312 -0.24414062 0.01367188
v 0.03320312 -0.23632812 -0.02148438
v 0.03320312 -0.22070312 0.03710938
v 0.03320312 -0.16210938 0.08398438
v 0.03320312 0.09960938 -0.08007812
v 0.03320312 0.12304688 -0.06835938
v 0.03320312 0.14257812 -0.05664062
v 0.03320312 0.15429688 -0.03320312
v 0.03320312 0.15820312 -0.01367188
v 0.03320312 0.18554688 -0.00976562
v 0.03320312 0.19335938 -0.01367188
v 0.03320312 0.20898438 0.03710938
v 0.03320312 0.23242188 0.04882812
v 0.03320312 0.23632812 -0.05273438
v 0.03320312 0.31054688 -0.02539062
v 0.03320312 0.31054688 0.02148438
v 0.03710938 -0.27148438 0.01367188
v 0.03710938 -0.26757812 -0.00976562
v 0.03710938 -0.26757812 0.00195312
v 0.03710938 -0.23242188 -0.02539062
v 0.03710938 -0.16992188 -0.08007812
v 0.03710938 -0.13085938 0.09960938
v 0.03710938 0.19335938 0.00585938
v 0.03710938 0.19726562 -0.02929688
v 0.03710938 0.26757812 -0.05273438
v 0.03710938 0.28320312 -0.04882812
v 0.04101562 -0.26367188 -0.01757812
v 0.04101562 -0.22851562 0.02148438
v 0.04101562 -0.22460938 -0.03320312
v 0.04101562 -0.18945312 -0.06835938
v 0.04101562 -0.14648438 -0.09179688
v 0.04101562 -0.11523438 -0.10351562
v 0.04101562 -0.08789062 0.10742188
v 0.04101562 0.15820312 0.00585938
v 0.04101562 0.19335938 0.01757812
v 0.04101562 0.20898438 -0.04101562
v 0.04101562 0.27148438 0.05273438
v 0.04101562 0.29492188 -0.04101562
v 0.04101562 0.30273438 0.03710938
v 0.04101562 0.31835938 -0.01367188
v 0.04492188 -0.26757812 0.01757812
v 0.04492188 -0.24414062 0.02148438
v 0.04492188 -0.20507812 -0.05273438
v 0.04492188 -0.08007812 -0.10742188
v 0.04492188 -0.05273438 0.11132812
v 0.04492188 0.15820312 -0.01367188
v 0.04492188 0.18164062 -0.00976562
v 0.04492188 0.18164062 0.00585938
v 0.04492188 0.18945312 -0.01367188
v 0.04492188 0.21679688 0.04882812
v 0.04492188 0.25195312 -0.05664062
v 0.04492188 0.32226562 0.00195312
v 0.04882812 -0.29882812 -0.00976562
v 0.04882812 -0.29882812 0.00585938
v 0.04882812 -0.29492188 0.01367188
v 0.04882812 -0.25976562 -0.02539062
v 0.04882812 -0.22851562 -0.02539062
v 0.04882812 -0.20898438 0.04492188
v 0.04882812 -0.20117188 0.06054688
v 0.04882812 -0.04492188 -0.11132812
v 0.04882812 -0.01367188 0.11132812
v 0.04882812 0.18945312 0.00585938
v 0.04882812 0.22070312 -0.05273438
v 0.04882812 0.25195312 0.05664062
v 0.04882812 0.29101562 0.04492188
v 0.04882812 0.31835938 0.01367188
v 0.05273438 -0.29492188 -0.02148438
v 0.05273438 -0.25976562 0.02539062
v 0.05273438 -0.25585938 -0.02539062
v 0.05273438 -0.18554688 0.06835938
v 0.05273438 -0.01367188 -0.10742188
v 0.05273438 0.01367188 -0.10351562
v 0.05273438 0.02539062 0.10742188
v 0.05273438 0.06054688 0.09570312
v 0.05273438 0.09570312 0.08007812
v 0.05273438 0.15429688 0.02539062
v 0.05273438 0.15820312 0.00585938
v 0.05664062 -0.29101562 0.02539062
v 0.05664062 -0.21679688 0.03710938
v 0.05664062 -0.16601562 0.08007812
v 0.05664062 0.04492188 -0.09960938
v 0.05664062 0.13085938 0.06445312
v 0.05664062 0.14648438 0.04101562
v 0.05664062 0.17773438 -0.01367188
v 0.05664062 0.17773438 0.00585938
v 0.05664062 0.18554688 -0.01757812
v 0.05664062 0.19335938 0.02929688
v 0.05664062 0.27539062 -0.05664062
v 0.05664062 0.29101562 -0.04882812
v 0.05664062 0.31445312 0.02929688
v 0.06054688 -0.33007812 -0.00585938
v 0.06054688 -0.33007812 0.00976562
v 0.06054688 -0.29101562 -0.02539062
v 0.06054688 -0.25195312 -0.02929688
v 0.06054688 -0.22460938 0.02539062
v 0.06054688 -0.21679688 -0.03710938
v 0.06054688 -0.16992188 -0.08007812
v 0.06054688 -0.13476562 0.09570312
v 0.06054688 0.06835938 -0.09179688
v 0.06054688 0.09570312 -0.08007812
v 0.06054688 0.11914062 -0.06835938
v 0.06054688 0.13867188 -0.05273438
v 0.06054688 0.15039062 -0.02929688
v 0.06054688 0.15429688 -0.01367188
v 0.06054688 0.18945312 -0.02929688
v 0.06054688 0.30664062 -0.03710938
v 0.06445312 -0.33007812 -0.01757812
v 0.06445312 -0.22460938 -0.02539062
v 0.06445312 -0.20507812 0.04492188
v 0.06445312 -0.20117188 0.05664062
v 0.06445312 -0.18554688 -0.06835938
v 0.06445312 -0.14648438 -0.09179688
v 0.06445312 -0.09570312 0.10351562
v 0.06445312 0.18554688 -0.01757812
v 0.06445312 0.18554688 0.00976562
v 0.06445312 0.20117188 -0.04101562
v 0.06445312 0.22460938 0.05664062
v 0.06445312 0.24023438 -0.05664062
v 0.06445312 0.24414062 0.06054688
v 0.06445312 0.26757812 0.06054688
v 0.06445312 0.28320312 0.05273438
v 0.06445312 0.29882812 0.04492188
v 0.06445312 0.32226562 -0.02148438
v 0.06445312 0.32617188 -0.00585938
v 0.06835938 -0.32617188 0.01757812
v 0.06835938 -0.28710938 -0.02929688
v 0.06835938 -0.28710938 0.02929688
v 0.06835938 -0.23632812 0.02148438
v 0.06835938 -0.20117188 -0.05664062
v 0.06835938 -0.11523438 -0.09960938
v 0.06835938 -0.08007812 -0.10742188
v 0.06835938 -0.05664062 0.10742188
v 0.06835938 0.15039062 0.00585938
v 0.06835938 0.17382812 0.00976562
v 0.06835938 0.20507812 0.04492188
v 0.06835938 0.21289062 -0.04882812
v 0.06835938 0.26367188 -0.06054688
v 0.06835938 0.32617188 0.01367188
v 0.07226562 -0.32617188 -0.02539062
v 0.07226562 -0.32226562 0.02929688
v 0.07226562 -0.24414062 -0.02539062
v 0.07226562 -0.21289062 0.03710938
v 0.07226562 -0.18945312 0.06835938
v 0.07226562 -0.04492188 -0.10742188
v 0.07226562 -0.01757812 0.10742188
v 0.07226562 0.15039062 -0.01367188
v 0.07226562 0.17382812 -0.01367188
v 0.07617188 -0.36132812 -0.00585938
v 0.07617188 -0.36132812 0.00976562
v 0.07617188 -0.28320312 -0.02929688
v 0.07617188 -0.25976562 0.02148438
v 0.07617188 -0.22070312 0.02539062
v 0.07617188 -0.16992188 0.07617188
v 0.07617188 -0.01367188 -0.10351562
v 0.07617188 0.01757812 0.10351562
v 0.07617188 0.18554688 0.00976562
v 0.07617188 0.27539062 -0.05664062
v 0.07617188 0.31054688 0.02929688
v 0.08007812 -0.32226562 -0.02929688
v 0.08007812 -0.21679688 -0.02539062
v 0.08007812 -0.21289062 -0.03710938
v 0.08007812 -0.20117188 0.05273438
v 0.08007812 -0.18164062 -0.06835938
v 0.08007812 -0.16601562 -0.08007812
v 0.08007812 -0.14257812 0.08789062
v 0.08007812 0.01367188 -0.10351562
v 0.08007812 0.05273438 0.09179688
v 0.08007812 0.08789062 0.08007812
v 0.08007812 0.14257812 0.02148438
v 0.08007812 0.18945312 -0.01367188
v 0.08007812 0.22070312 0.04882812
v 0.08007812 0.28710938 -0.04882812
v 0.08398438 -0.36132812 -0.01757812
v 0.08398438 -0.35351562 0.02148438
v 0.08398438 -0.22851562 0.02148438
v 0.08398438 -0.14257812 -0.08789062
v 0.08398438 0.04101562 -0.09570312
v 0.08398438 0.11914062 0.06445312
v 0.08398438 0.13476562 0.04101562
v 0.08398438 0.14648438 -0.01367188
v 0.08398438 0.14648438 0.00585938
v 0.08398438 0.19335938 -0.02539062
v 0.08398438 0.19335938 0.02539062
v 0.08398438 0.25976562 0.05664062
v 0.08398438 0.27929688 0.04882812
v 0.08398438 0.30273438 -0.03710938
v 0.08398438 0.31835938 0.01757812
v 0.08789062 -0.39257812 -0.00585938
v 0.08789062 -0.38867188 0.01367188
v 0.08789062 -0.35742188 -0.02539062
v 0.08789062 -0.31835938 0.03320312
v 0.08789062 -0.28320312 0.02539062
v 0.08789062 -0.20507812 0.04492188
v 0.08789062 -0.19335938 0.06054688
v 0.08789062 -0.18945312 -0.06054688
v 0.08789062 -0.10742188 0.09570312
v 0.08789062 0.06835938 -0.08398438
v 0.08789062 0.09179688 -0.07617188
v 0.08789062 0.16992188 -0.00976562
v 0.08789062 0.16992188 0.00585938
v 0.08789062 0.18554688 0.00585938
v 0.08789062 0.20507812 -0.03710938
v 0.08789062 0.23632812 0.05273438
v 0.08789062 0.24804688 -0.05273438
v 0.08789062 0.26367188 -0.05273438
v 0.08789062 0.29101562 0.04101562
v 0.08789062 0.31445312 -0.02539062
v 0.08789062 0.31835938 -0.01367188
v 0.08789062 0.32226562 0.00195312
v 0.09179688 -0.43554688 0.00585938
v 0.09179688 -0.34960938 0.02929688
v 0.09179688 -0.31445312 -0.02929688
v 0.09179688 -0.27148438 -0.02929688
v 0.09179688 -0.23632812 -0.02539062
v 0.09179688 -0.20898438 0.03710938
v 0.09179688 -0.17382812 -0.07226562
v 0.09179688 -0.11523438 -0.09570312
v 0.09179688 -0.06445312 0.10351562
v 0.09179688 0.11132812 -0.06445312
v 0.09179688 0.12695312 -0.04492188
v 0.09179688 0.13867188 -0.02148438
v 0.09179688 0.18945312 -0.01367188
v 0.09179688 0.20507812 0.03710938
v 0.09179688 0.23242188 -0.04882812
v 0.09179688 0.30273438 0.03320312
v 0.09570312 -0.46289062 -0.00195312
v 0.09570312 -0.45507812 -0.00976562
v 0.09570312 -0.45507812 0.01367188
v 0.09570312 -0.44726562 -0.01757812
v 0.09570312 -0.43164062 -0.01367188
v 0.09570312 -0.41992188 0.02148438
v 0.09570312 -0.41210938 -0.00976562
v 0.09570312 -0.40820312 0.00585938
v 0.09570312 -0.38867188 -0.01757812
v 0.09570312 -0.38085938 0.02148438
v 0.09570312 -0.35351562 -0.03320312
v 0.09570312 -0.24804688 0.02148438
v 0.09570312 -0.21679688 0.01757812
v 0.09570312 -0.21289062 -0.02148438
v 0.09570312 -0.21289062 0.02539062
v 0.09570312 -0.16210938 -0.07617188
v 0.09570312 -0.08007812 -0.10351562
v 0.09570312 -0.04492188 -0.09960938
v 0.09570312 -0.02539062 0.10351562
v 0.09570312 0.14257812 -0.00976562
v 0.09570312 0.21679688 -0.03710938
v 0.09570312 0.22070312 0.04101562
v 0.09570312 0.25585938 0.04882812
v 0.09570312 0.29492188 -0.03710938
v 0.09960938 -0.43945312 -0.02929688
v 0.09960938 -0.41210938 -0.01757812
v 0.09960938 -0.40039062 0.02148438
v 0.09960938 -0.20507812 -0.02539062
v 0.09960938 -0.17773438 0.06835938
v 0.09960938 -0.01367188 -0.09960938
v 0.09960938 0.00976562 0.09570312
v 0.09960938 0.16210938 -0.00585938
v 0.09960938 0.20117188 -0.02148438
v 0.09960938 0.27148438 0.04492188
v 0.09960938 0.27539062 -0.04492188
v 0.10351562 -0.47851562 -0.01367188
v 0.10351562 -0.47851562 0.00585938
v 0.10351562 -0.47070312 -0.02148438
v 0.10351562 -0.44335938 0.02929688
v 0.10351562 -0.43554688 -0.03710938
v 0.10351562 -0.42773438 -0.02539062
v 0.10351562 -0.38867188 -0.03320312
v 0.10351562 -0.34179688 0.03320312
v 0.10351562 -0.31054688 0.02929688
v 0.10351562 -0.23242188 -0.02148438
v 0.10351562 -0.19726562 -0.04492188
v 0.10351562 -0.19726562 0.04882812
v 0.10351562 -0.17773438 -0.06445312
v 0.10351562 -0.14257812 -0.08398438
v 0.10351562 0.01367188 -0.09960938
v 0.10351562 0.04492188 0.09179688
v 0.10351562 0.13476562 0.01367188
v 0.10351562 0.13867188 -0.01367188
v 0.10351562 0.13867188 0.00585938
v 0.10351562 0.14648438 -0.00976562
v 0.10351562 0.19726562 0.01367188
v 0.10351562 0.24414062 0.04492188
v 0.10351562 0.28710938 0.03710938
v 0.10351562 0.30273438 -0.02539062
v 0.10351562 0.30664062 0.01757812
v 0.10351562 0.31445312 0.00585938
v 0.10742188 -0.46679688 -0.02539062
v 0.10742188 -0.46289062 -0.03320312
v 0.10742188 -0.41601562 -0.04101562
v 0.10742188 -0.40429688 -0.03320312
v 0.10742188 -0.40039062 0.03710938
v 0.10742188 -0.38867188 0.03320312
v 0.10742188 -0.37304688 0.02929688
v 0.10742188 -0.34570312 -0.03320312
v 0.10742188 -0.30273438 -0.03320312
v 0.10742188 -0.27148438 0.02539062
v 0.10742188 -0.26367188 -0.02929688
v 0.10742188 -0.23632812 0.01757812
v 0.10742188 -0.21289062 0.01367188
v 0.10742188 -0.20898438 -0.01367188
v 0.10742188 -0.15429688 0.08007812
v 0.10742188 0.03710938 -0.09179688
v 0.10742188 0.08007812 0.08007812
v 0.10742188 0.16210938 0.00195312
v 0.10742188 0.18554688 -0.00195312
v 0.10742188 0.21289062 -0.02929688
v 0.10742188 0.21289062 0.02929688
v 0.10742188 0.22851562 0.03710938
v 0.10742188 0.31445312 -0.00976562
v 0.11132812 -0.48242188 -0.00195312
v 0.11132812 -0.47460938 0.02148438
v 0.11132812 -0.45507812 -0.04101562
v 0.11132812 -0.43164062 -0.04882812
v 0.11132812 -0.42773438 0.04882812
v 0.11132812 -0.38476562 -0.03320312
v 0.11132812 -0.20898438 0.00976562
v 0.11132812 -0.20507812 -0.01367188
v 0.11132812 -0.20507812 0.01757812
v 0.11132812 0.10742188 0.06054688
v 0.11132812 0.12695312 0.04101562
v 0.11132812 0.14257812 -0.00976562
v 0.11132812 0.20117188 -0.00976562
v 0.11132812 0.25585938 -0.04101562
v 0.11132812 0.26367188 0.03710938
v 0.11523438 -0.49414062 -0.00976562
v 0.11523438 -0.49023438 -0.01757812
v 0.11523438 -0.48632812 -0.02539062
v 0.11523438 -0.47070312 0.04101562
v 0.11523438 -0.40429688 -0.04492188
v 0.11523438 -0.39257812 -0.03710938
v 0.11523438 -0.23242188 -0.01367188
v 0.11523438 -0.23242188 0.01367188
v 0.11523438 -0.20898438 -0.00195312
v 0.11523438 -0.20117188 0.03710938
v 0.11523438 -0.18554688 0.05664062
v 0.11523438 -0.16210938 -0.06835938
v 0.11523438 -0.11914062 0.09179688
v 0.11523438 -0.11523438 -0.09179688
v 0.11523438 0.06445312 -0.08007812
v 0.11523438 0.13085938 -0.02148438
v 0.11523438 0.16992188 -0.00195312
v 0.11523438 0.23242188 -0.03710938
v 0.11523438 0.24023438 0.03320312
v 0.11523438 0.27929688 -0.03320312
v 0.11523438 0.28710938 0.02539062
v 0.11523438 0.30273438 0.00976562
v 0.11523438 0.35351562 -0.00195312
v 0.11523438 0.35742188 -0.01367188
v 0.11523438 0.35742188 0.01367188
v 0.11523438 0.36523438 -0.00195312
v 0.11523438 0.37304688 0.00976562
v 0.11523438 0.37695312 -0.01367188
v 0.11523438 0.38476562 0.00195312
v 0.11914062 -0.49023438 0.00585938
v 0.11914062 -0.49023438 0.01367188
v 0.11914062 -0.48242188 -0.02929688
v 0.11914062 -0.45507812 -0.05664062
v 0.11914062 -0.41992188 -0.05664062
v 0.11914062 -0.37304688 -0.03710938
v 0.11914062 -0.36132812 0.03320312
v 0.11914062 -0.29492188 -0.02929688
v 0.11914062 -0.25976562 -0.02539062
v 0.11914062 -0.23242188 0.00585938
v 0.11914062 -0.22851562 -0.00585938
v 0.11914062 -0.20507812 -0.00195312
v 0.11914062 -0.19726562 -0.02929688
v 0.11914062 -0.08007812 -0.09570312
v 0.11914062 -0.07617188 0.09570312
v 0.11914062 -0.04882812 -0.09960938
v 0.11914062 0.08398438 -0.06835938
v 0.11914062 0.13476562 -0.00976562
v 0.11914062 0.21289062 0.00585938
v 0.11914062 0.21679688 -0.01757812
v 0.11914062 0.25585938 0.02929688
v 0.11914062 0.27148438 0.02539062
v 0.11914062 0.33789062 -0.00195312
v 0.11914062 0.34179688 -0.01367188
v 0.11914062 0.34179688 0.01367188
v 0.11914062 0.39257812 0.01367188
v 0.12304688 -0.49414062 -0.00976562
v 0.12304688 -0.49414062 -0.00195312
v 0.12304688 -0.47851562 -0.03710938
v 0.12304688 -0.47460938 -0.04101562
v 0.12304688 -0.45507812 0.06835938
v 0.12304688 -0.38476562 0.04492188
v 0.12304688 -0.37304688 0.04101562
v 0.12304688 -0.33398438 -0.03320312
v 0.12304688 -0.33398438 0.03320312
v 0.12304688 -0.29882812 0.02929688
v 0.12304688 -0.26367188 0.02148438
v 0.12304688 -0.20117188 0.01367188
v 0.12304688 -0.19726562 -0.01367188
v 0.12304688 -0.18164062 -0.04882812
v 0.12304688 -0.03710938 0.09570312
v 0.12304688 0.10351562 -0.05664062
v 0.12304688 0.11914062 -0.04101562
v 0.12304688 0.21289062 -0.00195312
v 0.12304688 0.22460938 0.01757812
v 0.12304688 0.24414062 -0.02148438
v 0.12304688 0.26367188 -0.02539062
v 0.12304688 0.28320312 0.01367188
v 0.12304688 0.29101562 -0.01367188
v 0.12304688 0.29492188 -0.00195312
v 0.12304688 0.32226562 -0.00195312
v 0.12304688 0.32226562 0.01367188
v 0.12304688 0.32617188 -0.01757812
v 0.12304688 0.36132812 0.02539062
v 0.12304688 0.36523438 -0.02148438
v 0.12304688 0.37695312 0.01757812
v 0.12304688 0.40429688 -0.00976562
v 0.12695312 -0.49414062 -0.01367188
v 0.12695312 -0.49023438 -0.01757812
v 0.12695312 -0.40820312 0.06445312
v 0.12695312 -0.38867188 -0.04882812
v 0.12695312 -0.38085938 -0.04101562
v 0.12695312 -0.25976562 -0.01367188
v 0.12695312 -0.20117188 0.00195312
v 0.12695312 -0.16210938 0.06835938
v 0.12695312 -0.14257812 -0.08007812
v 0.12695312 -0.01757812 -0.09570312
v 0.12695312 -0.00195312 0.09179688
v 0.12695312 0.13476562 0.00195312
v 0.12695312 0.16992188 -0.00585938
v 0.12695312 0.24414062 0.01757812
v 0.12695312 0.26367188 0.01367188
v 0.12695312 0.30664062 -0.00195312
v 0.12695312 0.34960938 -0.02929688
v 0.12695312 0.34960938 0.02929688
v 0.12695312 0.38867188 -0.02929688
v 0.12695312 0.41210938 0.00585938
v 0.13085938 -0.49804688 -0.00585938
v 0.13085938 -0.49804688 0.00585938
v 0.13085938 -0.49414062 0.00976562
v 0.13085938 -0.49414062 0.01757812
v 0.13085938 -0.49023438 -0.02539062
v 0.13085938 -0.48242188 0.02929688
v 0.13085938 -0.44335938 -0.07617188
v 0.13085938 -0.40429688 -0.06835938
v 0.13085938 -0.28710938 -0.02539062
v 0.13085938 -0.25976562 0.01367188
v 0.13085938 -0.18554688 0.04101562
v 0.13085938 0.00976562 -0.09179688
v 0.13085938 0.03320312 0.08789062
v 0.13085938 0.16210938 0.00585938
v 0.13085938 0.18945312 -0.00195312
v 0.13085938 0.23242188 -0.00585938
v 0.13085938 0.23242188 0.00585938
v 0.13085938 0.27148438 -0.01367188
v 0.13085938 0.27539062 0.00195312
v 0.13085938 0.30664062 -0.01367188
v 0.13085938 0.31054688 0.01367188
v 0.13085938 0.33007812 -0.03320312
v 0.13085938 0.33007812 0.02539062
v 0.13085938 0.36914062 0.03320312
v 0.13085938 0.37304688 -0.03320312
v 0.13085938 0.38476562 0.02929688
v 0.13085938 0.39648438 0.02539062
v 0.13476562 -0.49804688 -0.00976562
v 0.13476562 -0.49804688 -0.00195312
v 0.13476562 -0.48632812 -0.03710938
v 0.13476562 -0.48632812 -0.03320312
v 0.13476562 -0.48242188 0.04101562
v 0.13476562 -0.47460938 -0.05664062
v 0.13476562 -0.43945312 0.08398438
v 0.13476562 -0.35742188 -0.04101562
v 0.13476562 -0.34960938 0.03710938
v 0.13476562 -0.32226562 -0.03320312
v 0.13476562 -0.25976562 0.00585938
v 0.13476562 -0.25585938 -0.00976562
v 0.13476562 -0.19335938 0.01367188
v 0.13476562 -0.16992188 -0.06054688
v 0.13476562 -0.11523438 -0.08398438
v 0.13476562 0.03320312 -0.08789062
v 0.13476562 0.06445312 0.07617188
v 0.13476562 0.12304688 0.00976562
v 0.13476562 0.13085938 -0.00585938
v 0.13476562 0.16210938 -0.00976562
v 0.13476562 0.18945312 0.00585938
v 0.13476562 0.25195312 -0.01367188
v 0.13476562 0.25585938 0.00585938
v 0.13476562 0.31054688 0.02148438
v 0.13476562 0.33398438 0.03710938
v 0.13476562 0.35351562 0.03710938
v 0.13476562 0.35742188 -0.03710938
v 0.13476562 0.41210938 -0.01757812
v 0.13867188 -0.49414062 -0.01367188
v 0.13867188 -0.47460938 0.06835938
v 0.13867188 -0.36914062 -0.05664062
v 0.13867188 -0.36132812 -0.04492188
v 0.13867188 -0.35742188 0.04101562
v 0.13867188 -0.32617188 0.03320312
v 0.13867188 -0.29492188 0.02148438
v 0.13867188 -0.19335938 -0.00195312
v 0.13867188 -0.18554688 -0.03320312
v 0.13867188 -0.13085938 0.07617188
v 0.13867188 -0.06445312 -0.09570312
v 0.13867188 0.09570312 0.06054688
v 0.13867188 0.11523438 0.04101562
v 0.13867188 0.12304688 -0.01367188
v 0.13867188 0.13085938 -0.00195312
v 0.13867188 0.20898438 0.00195312
v 0.13867188 0.28710938 -0.00976562
v 0.13867188 0.29101562 -0.00195312
v 0.13867188 0.29492188 0.01367188
v 0.13867188 0.31445312 -0.03710938
v 0.13867188 0.33789062 -0.04492188
v 0.13867188 0.37695312 -0.03710938
v 0.13867188 0.38476562 -0.03710938
v 0.13867188 0.40039062 -0.02929688
v 0.13867188 0.41601562 0.01367188
v 0.14257812 -0.49414062 -0.01367188
v 0.14257812 -0.42773438 -0.08398438
v 0.14257812 -0.36914062 0.04882812
v 0.14257812 -0.28710938 -0.01757812
v 0.14257812 -0.18945312 -0.01367188
v 0.14257812 -0.16992188 0.04882812
v 0.14257812 -0.08007812 -0.08789062
v 0.14257812 -0.04492188 -0.09570312
v 0.14257812 -0.01757812 -0.09179688
v 0.14257812 0.05664062 -0.07617188
v 0.14257812 0.15820312 -0.00585938
v 0.14257812 0.20898438 -0.00195312
v 0.14257812 0.22851562 0.00195312
v 0.14257812 0.31445312 0.03320312
v 0.14257812 0.37695312 0.04101562
v 0.14257812 0.38867188 0.03710938
v 0.14257812 0.39257812 -0.03710938
v 0.14257812 0.41601562 -0.00585938
v 0.14257812 0.46289062 0.00195312
v 0.14257812 0.46679688 0.00976562
v 0.14257812 0.47070312 -0.00195312
v 0.14257812 0.47460938 0.00976562
v 0.14648438 -0.49804688 -0.00195312
v 0.14648438 -0.49804688 0.00585938
v 0.14648438 -0.49804688 0.01367188
v 0.14648438 -0.49414062 0.02539062
v 0.14648438 -0.49023438 -0.01757812
v 0.14648438 -0.48242188 -0.05273438
v 0.14648438 -0.46289062 -0.07617188
v 0.14648438 -0.39257812 0.06835938
v 0.14648438 -0.31445312 -0.02929688
v 0.14648438 -0.28710938 0.01367188
v 0.14648438 -0.18164062 0.01757812
v 0.14648438 -0.15039062 -0.06835938
v 0.14648438 -0.08789062 0.08789062
v 0.14648438 0.15429688 0.00195312
v 0.14648438 0.18945312 0.00585938
v 0.14648438 0.22851562 -0.00195312
v 0.14648438 0.24414062 0.00195312
v 0.14648438 0.26367188 -0.00195312
v 0.14648438 0.27929688 -0.00195312
v 0.14648438 0.28320312 0.01367188
v 0.14648438 0.29882812 0.02539062
v 0.14648438 0.34179688 0.04882812
v 0.14648438 0.36132812 0.04492188
v 0.14648438 0.36914062 -0.04492188
v 0.14648438 0.40039062 -0.03320312
v 0.14648438 0.40039062 0.03320312
v 0.14648438 0.40820312 -0.02539062
v 0.14648438 0.45898438 -0.00585938
v 0.14648438 0.47070312 -0.00976562
v 0.14648438 0.48632812 -0.00195312
v 0.14648438 0.48632812 0.00585938
v 0.15039062 -0.49023438 -0.02539062
v 0.15039062 -0.48632812 0.03320312
v 0.15039062 -0.45898438 0.08789062
v 0.15039062 -0.38476562 -0.07226562
v 0.15039062 -0.34179688 -0.03710938
v 0.15039062 -0.33789062 0.03320312
v 0.15039062 -0.28710938 0.00585938
v 0.15039062 -0.28320312 -0.00976562
v 0.15039062 -0.18164062 0.00195312
v 0.15039062 -0.17382812 -0.03710938
v 0.15039062 -0.06835938 -0.08789062
v 0.15039062 -0.04882812 0.08789062
v 0.15039062 0.08007812 -0.06054688
v 0.15039062 0.11132812 -0.02929688
v 0.15039062 0.12695312 0.00195312
v 0.15039062 0.18554688 -0.00585938
v 0.15039062 0.24414062 -0.00195312
v 0.15039062 0.27929688 -0.00195312
v 0.15039062 0.31835938 -0.04882812
v 0.15039062 0.31835938 0.04101562
v 0.15039062 0.35351562 -0.05273438
v 0.15039062 0.38085938 -0.04882812
v 0.15039062 0.41601562 0.00585938
v 0.15039062 0.45507812 -0.00195312
v 0.15039062 0.45898438 0.00195312
v 0.15039062 0.45898438 0.00585938
v 0.15039062 0.46289062 0.00976562
v 0.15039062 0.47070312 0.01367188
v 0.15039062 0.48242188 -0.00976562
v 0.15039062 0.48632812 0.00976562
v 0.15429688 -0.49804688 -0.00585938
v 0.15429688 -0.48242188 0.04101562
v 0.15429688 -0.41992188 0.09179688
v 0.15429688 -0.34960938 -0.04492188
v 0.15429688 -0.17773438 -0.00976562
v 0.15429688 -0.01367188 0.08789062
v 0.15429688 0.00585938 -0.08789062
v 0.15429688 0.09570312 -0.04492188
v 0.15429688 0.11914062 0.01367188
v 0.15429688 0.18164062 0.00585938
v 0.15429688 0.20507812 0.00585938
v 0.15429688 0.27929688 -0.02539062
v 0.15429688 0.27929688 -0.00976562
v 0.15429688 0.28710938 0.02929688
v 0.15429688 0.29101562 -0.03710938
v 0.15429688 0.30273438 0.03710938
v 0.15429688 0.36914062 0.05273438
v 0.15429688 0.37695312 0.04882812
v 0.15429688 0.38867188 0.04492188
v 0.15429688 0.39257812 -0.04882812
v 0.15429688 0.41601562 -0.01367188
v 0.15429688 0.41601562 0.02539062
v 0.15429688 0.44726562 0.00585938
v 0.15429688 0.45117188 -0.00195312
v 0.15429688 0.45507812 -0.00976562
v 0.15429688 0.45898438 -0.01757812
v 0.15429688 0.49414062 0.00585938
v 0.15820312 -0.49804688 0.00195312
v 0.15820312 -0.49804688 0.01367188
v 0.15820312 -0.49414062 0.02539062
v 0.15820312 -0.48242188 0.05273438
v 0.15820312 -0.44726562 -0.09179688
v 0.15820312 -0.35351562 -0.05664062
v 0.15820312 -0.34570312 0.04101562
v 0.15820312 -0.31835938 0.02539062
v 0.15820312 -0.31054688 -0.02148438
v 0.15820312 -0.17773438 -0.02148438
v 0.15820312 -0.12304688 -0.07226562
v 0.15820312 -0.04882812 -0.08789062
v 0.15820312 0.01757812 0.08398438
v 0.15820312 0.02539062 -0.08007812
v 0.15820312 0.10351562 0.04101562
v 0.15820312 0.11914062 -0.00976562
v 0.15820312 0.12695312 0.00585938
v 0.15820312 0.18164062 -0.00195312
v 0.15820312 0.18164062 0.00195312
v 0.15820312 0.20507812 -0.00585938
v 0.15820312 0.22070312 0.00585938
v 0.15820312 0.24023438 0.00585938
v 0.15820312 0.31054688 0.04492188
v 0.15820312 0.33007812 -0.05664062
v 0.15820312 0.33007812 0.05664062
v 0.15820312 0.34960938 0.05664062
v 0.15820312 0.40039062 -0.03710938
v 0.15820312 0.41601562 0.01367188
v 0.15820312 0.43945312 -0.00976562
v 0.15820312 0.43945312 0.00585938
v 0.15820312 0.44335938 -0.00585938
v 0.15820312 0.47070312 -0.02148438
v 0.15820312 0.49023438 -0.00976562
v 0.15820312 0.49414062 -0.00195312
v 0.15820312 0.49414062 0.00976562
v 0.16210938 -0.49804688 -0.00976562
v 0.16210938 -0.49414062 -0.01367188
v 0.16210938 -0.48632812 -0.04101562
v 0.16210938 -0.48632812 0.04101562
v 0.16210938 -0.47070312 -0.06835938
v 0.16210938 -0.41210938 -0.09179688
v 0.16210938 -0.33007812 -0.03320312
v 0.16210938 -0.17382812 -0.01367188
v 0.16210938 -0.17382812 -0.00976562
v 0.16210938 -0.17382812 0.00585938
v 0.16210938 -0.17382812 0.02148438
v 0.16210938 -0.16210938 0.04492188
v 0.16210938 -0.15820312 -0.04492188
v 0.16210938 -0.13476562 0.06835938
v 0.16210938 0.04882812 0.07226562
v 0.16210938 0.08007812 0.05664062
v 0.16210938 0.10742188 -0.02148438
v 0.16210938 0.11523438 0.02148438
v 0.16210938 0.19726562 0.00585938
v 0.16210938 0.22070312 -0.00585938
v 0.16210938 0.25585938 0.00585938
v 0.16210938 0.27148438 -0.01757812
v 0.16210938 0.27539062 0.01367188
v 0.16210938 0.29492188 0.04101562
v 0.16210938 0.29882812 -0.05273438
v 0.16210938 0.36914062 -0.05664062
v 0.16210938 0.39648438 0.04101562
v 0.16210938 0.40820312 -0.02929688
v 0.16210938 0.41992188 -0.00585938
v 0.16210938 0.43945312 0.00976562
v 0.16210938 0.44726562 -0.01367188
v 0.16210938 0.45117188 0.00976562
v 0.16210938 0.46289062 0.02148438
v 0.16210938 0.48242188 0.01757812
v 0.16601562 -0.49804688 0.00195312
v 0.16601562 -0.37304688 0.07226562
v 0.16601562 -0.36914062 -0.07226562
v 0.16601562 -0.35351562 0.05273438
v 0.16601562 -0.31054688 0.01367188
v 0.16601562 -0.30664062 -0.01367188
v 0.16601562 -0.16992188 -0.01367188
v 0.16601562 -0.10351562 -0.07617188
v 0.16601562 -0.02539062 -0.08398438
v 0.16601562 0.04882812 -0.07226562
v 0.16601562 0.09570312 -0.03320312
v 0.16601562 0.19726562 -0.00195312
v 0.16601562 0.19726562 0.00195312
v 0.16601562 0.21289062 0.00585938
v 0.16601562 0.23632812 -0.00585938
v 0.16601562 0.27148438 0.00585938
v 0.16601562 0.27539062 -0.03320312
v 0.16601562 0.27539062 0.02929688
v 0.16601562 0.34570312 -0.06054688
v 0.16601562 0.36132812 0.05664062
v 0.16601562 0.41210938 0.03320312
v 0.16601562 0.43554688 -0.00195312
v 0.16601562 0.43554688 0.00976562
v 0.16601562 0.48242188 -0.02148438
v 0.16601562 0.49804688 0.00195312
v 0.16992188 -0.49414062 0.01367188
v 0.16992188 -0.49414062 0.02148438
v 0.16992188 -0.48242188 0.04101562
v 0.16992188 -0.47070312 0.06835938
v 0.16992188 -0.43945312 0.09179688
v 0.16992188 -0.33398438 0.02539062
v 0.16992188 -0.32226562 -0.02539062
v 0.16992188 -0.30664062 0.00195312
v 0.16992188 -0.17382812 0.00195312
v 0.16992188 -0.16210938 -0.03320312
v 0.16992188 -0.09570312 0.07617188
v 0.16992188 0.09960938 0.03320312
v 0.16992188 0.21289062 -0.00195312
v 0.16992188 0.21289062 0.00195312
v 0.16992188 0.23242188 0.00585938
v 0.16992188 0.25195312 -0.00195312
v 0.16992188 0.27929688 0.03710938
v 0.16992188 0.31445312 -0.06054688
v 0.16992188 0.31835938 0.06054688
v 0.16992188 0.33789062 0.06054688
v 0.16992188 0.38867188 -0.05664062
v 0.16992188 0.41601562 -0.01757812
v 0.16992188 0.41992188 0.00585938
v 0.16992188 0.43554688 -0.01367188
v 0.16992188 0.44726562 -0.02539062
v 0.16992188 0.44726562 0.01757812
v 0.16992188 0.46289062 -0.02929688
v 0.16992188 0.49414062 0.00976562
v 0.16992188 0.49804688 -0.00976562
v 0.16992188 0.49804688 -0.00195312
v 0.17382812 -0.47460938 -0.04882812
v 0.17382812 -0.45507812 -0.08007812
v 0.17382812 -0.40429688 0.09570312
v 0.17382812 -0.33789062 -0.04101562
v 0.17382812 -0.17773438 -0.00976562
v 0.17382812 -0.17773438 -0.00195312
v 0.17382812 -0.15820312 -0.02539062
v 0.17382812 -0.13867188 -0.05273438
v 0.17382812 -0.05664062 -0.08007812
v 0.17382812 -0.00195312 -0.08007812
v 0.17382812 0.22851562 0.00195312
v 0.17382812 0.23242188 -0.00195312
v 0.17382812 0.25195312 0.00585938
v 0.17382812 0.25976562 -0.00195312
v 0.17382812 0.30273438 0.05664062
v 0.17382812 0.35351562 -0.06445312
v 0.17382812 0.36914062 0.05664062
v 0.17382812 0.40039062 -0.04492188
v 0.17382812 0.41601562 -0.00976562
v 0.17382812 0.41601562 0.02539062
v 0.17382812 0.42773438 -0.00195312
v 0.17382812 0.45898438 0.02929688
v 0.17773438 -0.49023438 -0.01757812
v 0.17773438 -0.42773438 -0.09960938
v 0.17773438 -0.39257812 -0.09570312
v 0.17773438 -0.32226562 -0.01367188
v 0.17773438 -0.18554688 -0.01367188
v 0.17773438 -0.18164062 0.00195312
v 0.17773438 -0.18164062 0.00976562
v 0.17773438 -0.17382812 -0.01367188
v 0.17773438 -0.16601562 0.01367188
v 0.17773438 -0.16210938 0.01757812
v 0.17773438 -0.15820312 0.02929688
v 0.17773438 -0.15429688 -0.02148438
v 0.17773438 -0.15039062 0.04101562
v 0.17773438 -0.13476562 0.05664062
v 0.17773438 -0.08007812 -0.07617188
v 0.17773438 -0.06054688 0.08007812
v 0.17773438 -0.02929688 0.07617188
v 0.17773438 0.01757812 -0.07617188
v 0.17773438 0.06835938 -0.04882812
v 0.17773438 0.08007812 0.04101562
v 0.17773438 0.13476562 -0.01367188
v 0.17773438 0.13867188 0.00976562
v 0.17773438 0.24804688 -0.00195312
v 0.17773438 0.24804688 0.00195312
v 0.17773438 0.25585938 -0.00976562
v 0.17773438 0.25976562 -0.01757812
v 0.17773438 0.25976562 0.00195312
v 0.17773438 0.26367188 0.02929688
v 0.17773438 0.26757812 -0.03320312
v 0.17773438 0.28320312 -0.05273438
v 0.17773438 0.28320312 0.04882812
v 0.17773438 0.33007812 -0.06835938
v 0.17773438 0.36914062 -0.06445312
v 0.17773438 0.41601562 -0.00195312
v 0.17773438 0.41992188 0.01757812
v 0.17773438 0.42382812 0.00585938
v 0.17773438 0.43554688 0.01367188
v 0.17773438 0.47460938 -0.02929688
v 0.17773438 0.47851562 0.02539062
v 0.17773438 0.49023438 -0.01757812
v 0.18164062 -0.45507812 0.06835938
v 0.18164062 -0.34570312 -0.05273438
v 0.18164062 -0.33398438 0.03710938
v 0.18164062 -0.32617188 -0.03320312
v 0.18164062 -0.32226562 0.01367188
v 0.18164062 -0.18554688 -0.01367188
v 0.18164062 -0.18554688 -0.00195312
v 0.18164062 -0.14648438 -0.03320312
v 0.18164062 -0.14257812 -0.04101562
v 0.18164062 0.00585938 0.07617188
v 0.18164062 0.03320312 -0.06835938
v 0.18164062 0.06445312 0.05273438
v 0.18164062 0.12304688 -0.02539062
v 0.18164062 0.12695312 0.02539062
v 0.18164062 0.25585938 -0.00195312
v 0.18164062 0.25585938 0.00195312
v 0.18164062 0.25585938 0.01367188
v 0.18164062 0.33007812 0.06445312
v 0.18164062 0.34960938 0.06445312
v 0.18164062 0.38085938 0.05664062
v 0.18164062 0.41210938 -0.03320312
v 0.18164062 0.41992188 -0.01367188
v 0.18164062 0.43164062 -0.01757812
v 0.18164062 0.43945312 -0.02929688
v 0.18164062 0.43945312 0.02539062
v 0.18164062 0.45117188 -0.03320312
v 0.18164062 0.49804688 0.00585938
v 0.18554688 -0.49023438 -0.00195312
v 0.18554688 -0.48242188 -0.02148438
v 0.18554688 -0.47070312 0.03710938
v 0.18554688 -0.46289062 -0.05664062
v 0.18554688 -0.43945312 -0.09179688
v 0.18554688 -0.42773438 0.09570312
v 0.18554688 -0.35351562 -0.06835938
v 0.18554688 -0.34179688 0.05273438
v 0.18554688 -0.33398438 -0.04101562
v 0.18554688 -0.31835938 -0.00585938
v 0.18554688 -0.19335938 0.00195312
v 0.18554688 -0.17382812 0.01367188
v 0.18554688 -0.16601562 -0.02148438
v 0.18554688 -0.11914062 -0.05664062
v 0.18554688 -0.07226562 -0.07226562
v 0.18554688 -0.03320312 -0.07617188
v 0.18554688 0.03320312 0.06835938
v 0.18554688 0.08007812 -0.04101562
v 0.18554688 0.08398438 0.03710938
v 0.18554688 0.26367188 0.04101562
v 0.18554688 0.29882812 -0.06445312
v 0.18554688 0.31054688 0.06445312
v 0.18554688 0.38867188 -0.06054688
v 0.18554688 0.39257812 0.05273438
v 0.18554688 0.42382812 0.01367188
v 0.18554688 0.49023438 0.01757812
v 0.18554688 0.49804688 -0.00976562
v 0.18554688 0.49804688 -0.00195312
v 0.18945312 -0.48632812 0.00976562
v 0.18945312 -0.48242188 0.01757812
v 0.18945312 -0.36132812 0.07617188
v 0.18945312 -0.32226562 -0.02148438
v 0.18945312 -0.20117188 -0.00585938
v 0.18945312 -0.19335938 0.00976562
v 0.18945312 -0.14257812 -0.02539062
v 0.18945312 -0.13085938 0.04492188
v 0.18945312 -0.10351562 0.06445312
v 0.18945312 -0.01367188 -0.07226562
v 0.18945312 0.11132812 -0.03710938
v 0.18945312 0.11132812 0.03710938
v 0.18945312 0.25195312 -0.02539062
v 0.18945312 0.25195312 0.02929688
v 0.18945312 0.25976562 -0.04101562
v 0.18945312 0.28710938 0.06054688
v 0.18945312 0.34570312 -0.07226562
v 0.18945312 0.40429688 0.04492188
v 0.18945312 0.41992188 -0.02539062
v 0.18945312 0.42773438 -0.02929688
v 0.18945312 0.45117188 0.03710938
v 0.18945312 0.45898438 -0.03710938
v 0.18945312 0.48242188 -0.02929688
v 0.19335938 -0.48632812 -0.00585938
v 0.19335938 -0.47460938 -0.02539062
v 0.19335938 -0.44726562 0.06835938
v 0.19335938 -0.41210938 -0.10351562
v 0.19335938 -0.32226562 0.01367188
v 0.19335938 -0.20117188 -0.01367188
v 0.19335938 -0.18554688 0.01757812
v 0.19335938 -0.17382812 -0.02148438
v 0.19335938 -0.15039062 -0.01757812
v 0.19335938 -0.14648438 0.01757812
v 0.19335938 -0.14257812 0.02539062
v 0.19335938 -0.13867188 0.03710938
v 0.19335938 -0.12695312 -0.03710938
v 0.19335938 -0.12304688 -0.04492188
v 0.19335938 -0.09960938 -0.05664062
v 0.19335938 0.04882812 -0.05273438
v 0.19335938 0.06445312 0.04101562
v 0.19335938 0.07226562 0.03710938
v 0.19335938 0.31835938 -0.07226562
v 0.19335938 0.34179688 0.06835938
v 0.19335938 0.36132812 0.06445312
v 0.19335938 0.40429688 -0.05273438
v 0.19335938 0.43945312 -0.03710938
v 0.19335938 0.47070312 0.03320312
v 0.19335938 0.49414062 -0.01757812
v 0.19726562 -0.47460938 0.01757812
v 0.19726562 -0.45898438 0.03710938
v 0.19726562 -0.45117188 -0.06445312
v 0.19726562 -0.38867188 0.09960938
v 0.19726562 -0.32226562 -0.00976562
v 0.19726562 -0.19726562 -0.01367188
v 0.19726562 -0.15429688 -0.01757812
v 0.19726562 -0.13476562 -0.02929688
v 0.19726562 -0.06835938 0.06445312
v 0.19726562 -0.05273438 -0.06835938
v 0.19726562 0.15039062 -0.00976562
v 0.19726562 0.15429688 0.01367188
v 0.19726562 0.24023438 -0.01367188
v 0.19726562 0.27148438 -0.05664062
v 0.19726562 0.32226562 0.07226562
v 0.19726562 0.37304688 0.06445312
v 0.19726562 0.41601562 0.03710938
v 0.19726562 0.41992188 -0.04101562
v 0.19726562 0.42382812 0.02539062
v 0.19726562 0.48632812 -0.02539062
v 0.20117188 -0.37304688 -0.09179688
v 0.20117188 -0.32617188 -0.02929688
v 0.20117188 -0.15820312 0.01757812
v 0.20117188 -0.14257812 -0.01757812
v 0.20117188 -0.10742188 -0.04492188
v 0.20117188 -0.10351562 0.04882812
v 0.20117188 -0.08398438 -0.06054688
v 0.20117188 -0.03710938 0.06445312
v 0.20117188 -0.00195312 -0.06445312
v 0.20117188 0.04101562 0.04492188
v 0.20117188 0.09179688 -0.04101562
v 0.20117188 0.09570312 0.04101562
v 0.20117188 0.13867188 -0.02539062
v 0.20117188 0.24023438 0.00195312
v 0.20117188 0.24023438 0.01367188
v 0.20117188 0.33789062 -0.07617188
v 0.20117188 0.36132812 -0.07226562
v 0.20117188 0.44726562 -0.04492188
v 0.20117188 0.49804688 -0.00585938
v 0.20117188 0.49804688 -0.00195312
v 0.20117188 0.49804688 0.00585938
v 0.20507812 -0.47851562 0.01367188
v 0.20507812 -0.46289062 -0.02539062
v 0.20507812 -0.45507812 0.03710938
v 0.20507812 -0.42382812 -0.09179688
v 0.20507812 -0.34179688 -0.05664062
v 0.20507812 -0.20898438 0.00195312
v 0.20507812 -0.16601562 -0.02148438
v 0.20507812 -0.15429688 0.02148438
v 0.20507812 -0.14648438 -0.01757812
v 0.20507812 -0.13476562 -0.01757812
v 0.20507812 -0.12695312 -0.02539062
v 0.20507812 -0.12695312 0.02539062
v 0.20507812 -0.11132812 -0.03710938
v 0.20507812 -0.03320312 -0.06054688
v 0.20507812 -0.00976562 0.06054688
v 0.20507812 0.01757812 -0.05664062
v 0.20507812 0.01757812 0.05664062
v 0.20507812 0.05664062 -0.04101562
v 0.20507812 0.14257812 0.02929688
v 0.20507812 0.24804688 -0.04101562
v 0.20507812 0.25585938 0.04101562
v 0.20507812 0.26367188 0.05273438
v 0.20507812 0.29882812 0.07226562
v 0.20507812 0.35351562 0.06835938
v 0.20507812 0.38867188 0.06054688
v 0.20507812 0.47070312 -0.03710938
v 0.20507812 0.48632812 0.02148438
v 0.20507812 0.49414062 -0.01757812
v 0.20507812 0.49804688 -0.00976562
v 0.20507812 0.49804688 0.00195312
v 0.20898438 -0.47851562 -0.00585938
v 0.20898438 -0.43554688 0.06445312
v 0.20898438 -0.41210938 0.09570312
v 0.20898438 -0.33398438 0.04101562
v 0.20898438 -0.18945312 -0.02148438
v 0.20898438 -0.16992188 0.01757812
v 0.20898438 -0.14257812 -0.01757812
v 0.20898438 -0.13867188 0.02148438
v 0.20898438 -0.13085938 -0.01367188
v 0.20898438 -0.12304688 -0.02148438
v 0.20898438 -0.09570312 -0.04492188
v 0.20898438 -0.06445312 -0.05664062
v 0.20898438 0.05664062 0.03320312
v 0.20898438 0.12695312 -0.03710938
v 0.20898438 0.23632812 -0.01367188
v 0.20898438 0.23632812 0.01367188
v 0.20898438 0.24414062 0.02929688
v 0.20898438 0.30273438 -0.07617188
v 0.20898438 0.32226562 -0.07617188
v 0.20898438 0.33398438 0.07226562
v 0.20898438 0.35351562 -0.07617188
v 0.20898438 0.40429688 -0.05664062
v 0.20898438 0.42773438 -0.04882812
v 0.20898438 0.43945312 0.04492188
v 0.21289062 -0.32617188 -0.00976562
v 0.21289062 -0.22070312 -0.00585938
v 0.21289062 -0.20898438 0.00976562
v 0.21289062 -0.15429688 -0.01757812
v 0.21289062 -0.14257812 0.02148438
v 0.21289062 -0.12695312 -0.01367188
v 0.21289062 -0.11914062 0.02148438
v 0.21289062 -0.10742188 0.03710938
v 0.21289062 -0.07617188 0.04882812
v 0.21289062 0.02929688 -0.04101562
v 0.21289062 0.04882812 0.03320312
v 0.21289062 0.08398438 0.04101562
v 0.21289062 0.12695312 0.04101562
v 0.21289062 0.23632812 -0.02539062
v 0.21289062 0.23632812 0.00195312
v 0.21289062 0.25585938 -0.05664062
v 0.21289062 0.33789062 -0.07617188
v 0.21289062 0.34570312 -0.07617188
v 0.21289062 0.36523438 0.06835938
v 0.21289062 0.38085938 -0.06835938
v 0.21289062 0.40429688 0.05664062
v 0.21289062 0.46289062 0.04101562
v 0.21289062 0.47851562 -0.03320312
v 0.21289062 0.49023438 -0.02148438
v 0.21289062 0.49804688 -0.00976562
v 0.21289062 0.49804688 -0.00195312
v 0.21679688 -0.47070312 0.00976562
v 0.21679688 -0.46289062 0.01757812
v 0.21679688 -0.43945312 -0.06054688
v 0.21679688 -0.39648438 -0.10351562
v 0.21679688 -0.34960938 0.06835938
v 0.21679688 -0.33007812 -0.04101562
v 0.21679688 -0.21679688 -0.01367188
v 0.21679688 -0.16210938 0.02148438
v 0.21679688 -0.15039062 -0.01757812
v 0.21679688 -0.13476562 -0.01367188
v 0.21679688 -0.13085938 -0.01367188
v 0.21679688 -0.13085938 0.01757812
v 0.21679688 -0.11914062 -0.01367188
v 0.21679688 -0.11132812 -0.02539062
v 0.21679688 -0.11132812 -0.01757812
v 0.21679688 -0.10742188 0.02539062
v 0.21679688 -0.09960938 -0.03320312
v 0.21679688 -0.04882812 -0.04882812
v 0.21679688 -0.01757812 -0.04882812
v 0.21679688 0.03320312 0.03320312
v 0.21679688 0.03710938 -0.02929688
v 0.21679688 0.07226562 -0.04101562
v 0.21679688 0.25195312 0.04492188
v 0.21679688 0.27539062 0.06835938
v 0.21679688 0.27929688 -0.07226562
v 0.21679688 0.31445312 0.07617188
v 0.21679688 0.34570312 0.07617188
v 0.21679688 0.41992188 0.05273438
v 0.21679688 0.45507812 -0.04492188
v 0.21679688 0.49414062 0.00976562
v 0.21679688 0.49804688 -0.00976562
v 0.21679688 0.49804688 -0.00585938
v 0.22070312 -0.45117188 0.02929688
v 0.22070312 -0.32226562 0.01367188
v 0.22070312 -0.21289062 -0.01367188
v 0.22070312 -0.19726562 0.01757812
v 0.22070312 -0.17773438 -0.02148438
v 0.22070312 -0.13476562 0.01757812
v 0.22070312 -0.12304688 -0.01367188
v 0.22070312 -0.11523438 -0.01367188
v 0.22070312 -0.11523438 0.01367188
v 0.22070312 -0.11132812 -0.01757812
v 0.22070312 -0.10351562 -0.02539062
v 0.22070312 -0.08398438 -0.04101562
v 0.22070312 -0.04492188 0.04882812
v 0.22070312 -0.01757812 0.04492188
v 0.22070312 0.00976562 0.04101562
v 0.22070312 0.10742188 -0.04492188
v 0.22070312 0.16992188 0.01367188
v 0.22070312 0.34179688 -0.07617188
v 0.22070312 0.35351562 -0.07617188
v 0.22070312 0.36523438 -0.07226562
v 0.22070312 0.38085938 0.06835938
v 0.22070312 0.49804688 -0.00976562
v 0.22460938 -0.45117188 -0.02148438
v 0.22460938 -0.43164062 0.05664062
v 0.22460938 -0.37695312 0.09179688
v 0.22460938 -0.35742188 -0.08007812
v 0.22460938 -0.16992188 -0.01367188
v 0.22460938 -0.15039062 0.02539062
v 0.22460938 -0.13867188 -0.01367188
v 0.22460938 -0.13476562 -0.01367188
v 0.22460938 -0.12304688 0.01367188
v 0.22460938 -0.11914062 -0.01367188
v 0.22460938 -0.11523438 -0.01367188
v 0.22460938 -0.11523438 -0.00195312
v 0.22460938 -0.11523438 0.00585938
v 0.22460938 -0.09179688 -0.03320312
v 0.22460938 -0.09179688 0.02929688
v 0.22460938 -0.08007812 0.04101562
v 0.22460938 -0.07617188 -0.04101562
v 0.22460938 -0.03320312 -0.04101562
v 0.22460938 -0.00195312 -0.03710938
v 0.22460938 0.03320312 -0.02148438
v 0.22460938 0.03710938 0.01757812
v 0.22460938 0.04101562 0.02539062
v 0.22460938 0.06835938 0.04101562
v 0.22460938 0.11523438 0.04492188
v 0.22460938 0.15429688 -0.02929688
v 0.22460938 0.16601562 -0.00976562
v 0.22460938 0.24414062 -0.05273438
v 0.22460938 0.32617188 -0.08007812
v 0.22460938 0.32617188 0.07617188
v 0.22460938 0.35742188 0.07226562
v 0.22460938 0.43164062 -0.05664062
v 0.22460938 0.46289062 -0.04492188
v 0.22460938 0.47851562 0.02929688
v 0.22460938 0.48242188 -0.02539062
v 0.22460938 0.49023438 -0.01367188
v 0.22460938 0.49804688 -0.00195312
v 0.22460938 0.49804688 0.00195312
v 0.22460938 0.49804688 0.00585938
v 0.22460938 0.49804688 0.00976562
v 0.22851562 -0.46289062 -0.00976562
v 0.22851562 -0.40820312 -0.08789062
v 0.22851562 -0.40039062 0.09179688
v 0.22851562 -0.22851562 0.00585938
v 0.22851562 -0.20507812 -0.02148438
v 0.22851562 -0.18945312 0.02148438
v 0.22851562 -0.12695312 -0.00976562
v 0.22851562 -0.12304688 -0.00195312
v 0.22851562 -0.12304688 0.00585938
v 0.22851562 -0.11132812 -0.01757812
v 0.22851562 -0.10351562 -0.02539062
v 0.22851562 -0.10351562 0.01757812
v 0.22851562 -0.05273438 0.03710938
v 0.22851562 -0.02148438 0.02539062
v 0.22851562 0.00585938 0.01757812
v 0.22851562 0.01367188 -0.01367188
v 0.22851562 0.02539062 0.01367188
v 0.22851562 0.23242188 -0.03320312
v 0.22851562 0.23242188 0.02148438
v 0.22851562 0.23632812 -0.04101562
v 0.22851562 0.24023438 0.04101562
v 0.22851562 0.25585938 0.06054688
v 0.22851562 0.28710938 0.07617188
v 0.22851562 0.31054688 -0.08007812
v 0.22851562 0.37304688 0.06835938
v 0.22851562 0.38867188 -0.06835938
v 0.22851562 0.40039062 0.06445312
v 0.22851562 0.40820312 -0.06445312
v 0.22851562 0.43945312 0.05273438
v 0.22851562 0.49414062 -0.00976562
v 0.22851562 0.49804688 -0.00976562
v 0.22851562 0.49804688 -0.00585938
v 0.23242188 -0.45507812 0.01367188
v 0.23242188 -0.44335938 0.02148438
v 0.23242188 -0.32617188 -0.02148438
v 0.23242188 -0.32617188 0.03320312
v 0.23242188 -0.16210938 -0.01367188
v 0.23242188 -0.14257812 0.01757812
v 0.23242188 -0.13085938 0.01757812
v 0.23242188 -0.10742188 0.01367188
v 0.23242188 -0.09179688 -0.03320312
v 0.23242188 -0.09179688 0.02929688
v 0.23242188 -0.08007812 0.03710938
v 0.23242188 -0.07617188 -0.03710938
v 0.23242188 -0.06835938 0.03710938
v 0.23242188 -0.06054688 -0.03710938
v 0.23242188 -0.06054688 0.03710938
v 0.23242188 -0.05273438 0.03320312
v 0.23242188 -0.04492188 0.02539062
v 0.23242188 -0.03320312 0.01367188
v 0.23242188 -0.02148438 -0.02148438
v 0.23242188 -0.01757812 0.00976562
v 0.23242188 -0.00976562 0.00976562
v 0.23242188 0.00195312 0.00976562
v 0.23242188 0.01367188 0.00976562
v 0.23242188 0.02539062 -0.01367188
v 0.23242188 0.02539062 0.00585938
v 0.23242188 0.03320312 0.00976562
v 0.23242188 0.14257812 -0.04101562
v 0.23242188 0.15820312 0.02929688
v 0.23242188 0.18554688 0.01367188
v 0.23242188 0.22460938 -0.00585938
v 0.23242188 0.22460938 0.01367188
v 0.23242188 0.26367188 -0.06835938
v 0.23242188 0.33789062 0.08007812
v 0.23242188 0.34960938 -0.07617188
v 0.23242188 0.37304688 -0.07226562
v 0.23242188 0.41210938 -0.06445312
v 0.23242188 0.49023438 0.01757812
v 0.23632812 -0.45898438 0.00976562
v 0.23632812 -0.42382812 -0.05664062
v 0.23632812 -0.42382812 0.04882812
v 0.23632812 -0.23632812 -0.00585938
v 0.23632812 -0.22460938 0.01367188
v 0.23632812 -0.19726562 -0.02148438
v 0.23632812 -0.12695312 -0.00195312
v 0.23632812 -0.12695312 0.00585938
v 0.23632812 -0.11132812 -0.00585938
v 0.23632812 -0.11132812 -0.00195312
v 0.23632812 -0.11132812 0.00976562
v 0.23632812 -0.10351562 0.02148438
v 0.23632812 -0.06445312 -0.03710938
v 0.23632812 -0.04882812 -0.02929688
v 0.23632812 -0.03710938 -0.01367188
v 0.23632812 -0.03710938 0.01367188
v 0.23632812 -0.03320312 0.00585938
v 0.23632812 -0.02539062 0.00585938
v 0.23632812 -0.00976562 -0.01367188
v 0.23632812 0.03710938 0.01367188
v 0.23632812 0.06054688 -0.03710938
v 0.23632812 0.09179688 -0.04882812
v 0.23632812 0.09960938 0.04882812
v 0.23632812 0.18164062 -0.00976562
v 0.23632812 0.22460938 -0.02148438
v 0.23632812 0.26757812 0.06835938
v 0.23632812 0.29101562 -0.07617188
v 0.23632812 0.30664062 0.08007812
v 0.23632812 0.35742188 -0.07617188
v 0.23632812 0.35742188 0.07617188
v 0.23632812 0.45117188 -0.04882812
v 0.23632812 0.47070312 -0.03710938
v 0.24023438 -0.23632812 -0.01367188
v 0.24023438 -0.21679688 0.01757812
v 0.24023438 -0.17773438 0.02539062
v 0.24023438 -0.15429688 -0.01367188
v 0.24023438 -0.13867188 0.01757812
v 0.24023438 -0.05273438 -0.03320312
v 0.24023438 -0.03710938 0.00585938
v 0.24023438 -0.03320312 0.00195312
v 0.24023438 -0.02929688 -0.01367188
v 0.24023438 -0.02148438 -0.01367188
v 0.24023438 -0.00195312 -0.00976562
v 0.24023438 0.02929688 -0.00585938
v 0.24023438 0.02929688 0.00585938
v 0.24023438 0.14648438 0.04101562
v 0.24023438 0.17382812 -0.02539062
v 0.24023438 0.19335938 -0.01367188
v 0.24023438 0.19726562 0.01367188
v 0.24023438 0.24023438 0.04882812
v 0.24023438 0.24804688 -0.06054688
v 0.24023438 0.33789062 -0.08007812
v 0.24023438 0.37304688 0.07226562
v 0.24023438 0.40429688 -0.06835938
v 0.24023438 0.41601562 0.06054688
v 0.24023438 0.42773438 -0.06054688
v 0.24023438 0.45507812 0.04492188
v 0.24023438 0.47851562 -0.02539062
v 0.24023438 0.48632812 -0.01757812
v 0.24023438 0.49414062 -0.00976562
v 0.24023438 0.49804688 -0.00976562
v 0.24023438 0.49804688 -0.00585938
v 0.24023438 0.49804688 -0.00195312
v 0.24023438 0.49804688 0.00585938
v 0.24023438 0.49804688 0.00976562
v 0.24414062 -0.43945312 -0.02148438
v 0.24414062 -0.37695312 -0.08789062
v 0.24414062 -0.34570312 -0.06445312
v 0.24414062 -0.34179688 0.06054688
v 0.24414062 -0.32617188 -0.00195312
v 0.24414062 -0.22851562 -0.01757812
v 0.24414062 -0.21679688 0.01367188
v 0.24414062 -0.14648438 -0.01367188
v 0.24414062 -0.14257812 -0.00976562
v 0.24414062 -0.13476562 -0.00195312
v 0.24414062 -0.13476562 0.00585938
v 0.24414062 -0.11132812 -0.01757812
v 0.24414062 -0.11132812 -0.01367188
v 0.24414062 -0.11132812 0.01757812
v 0.24414062 -0.10351562 -0.02539062
v 0.24414062 -0.10351562 0.02148438
v 0.24414062 -0.09570312 -0.03320312
v 0.24414062 -0.09570312 0.02929688
v 0.24414062 -0.08398438 -0.03710938
v 0.24414062 -0.08398438 0.03710938
v 0.24414062 -0.07226562 0.03710938
v 0.24414062 -0.04492188 -0.02539062
v 0.24414062 -0.02539062 0.00585938
v 0.24414062 -0.02148438 -0.01367188
v 0.24414062 -0.01757812 0.00976562
v 0.24414062 -0.00976562 -0.01367188
v 0.24414062 -0.00976562 0.00976562
v 0.24414062 -0.00195312 -0.00976562
v 0.24414062 -0.00195312 -0.00195312
v 0.24414062 0.00195312 -0.00585938
v 0.24414062 0.00585938 0.00976562
v 0.24414062 0.00976562 -0.00976562
v 0.24414062 0.02148438 0.00976562
v 0.24414062 0.03710938 0.00585938
v 0.24414062 0.04492188 -0.02539062
v 0.24414062 0.05664062 0.03320312
v 0.24414062 0.12695312 -0.04882812
v 0.24414062 0.17773438 0.02929688
v 0.24414062 0.21289062 0.01367188
v 0.24414062 0.22851562 0.03320312
v 0.24414062 0.24804688 0.06054688
v 0.24414062 0.27929688 0.07617188
v 0.24414062 0.32226562 -0.08007812
v 0.24414062 0.32226562 0.08007812
v 0.24414062 0.38867188 -0.07226562
v 0.24414062 0.39257812 0.06835938
v 0.24414062 0.49804688 -0.00976562
v 0.24414062 0.49804688 -0.00585938
v 0.24804688 -0.45117188 -0.00976562
v 0.24804688 -0.39648438 0.08007812
v 0.24804688 -0.20898438 0.01757812
v 0.24804688 -0.18945312 -0.01757812
v 0.24804688 -0.16601562 0.02539062
v 0.24804688 -0.11132812 -0.00585938
v 0.24804688 -0.11132812 0.00195312
v 0.24804688 -0.11132812 0.00976562
v 0.24804688 -0.07226562 -0.03710938
v 0.24804688 -0.06445312 0.03710938
v 0.24804688 -0.04101562 -0.01757812
v 0.24804688 -0.03710938 -0.01367188
v 0.24804688 -0.02929688 -0.00976562
v 0.24804688 0.00976562 -0.00976562
v 0.24804688 0.01757812 -0.00976562
v 0.24804688 0.16210938 -0.03710938
v 0.24804688 0.20507812 -0.01367188
v 0.24804688 0.22070312 -0.01367188
v 0.24804688 0.22460938 -0.03710938
v 0.24804688 0.22460938 0.01367188
v 0.24804688 0.23632812 -0.05273438
v 0.24804688 0.33398438 0.08007812
v 0.24804688 0.41601562 -0.06445312
v 0.24804688 0.44335938 -0.05273438
v 0.24804688 0.46289062 -0.04101562
v 0.24804688 0.46679688 0.03320312
v 0.24804688 0.47460938 -0.02929688
v 0.25195312 -0.43554688 0.01757812
v 0.25195312 -0.42382812 0.03710938
v 0.25195312 -0.39257812 -0.08007812
v 0.25195312 -0.36914062 0.08398438
v 0.25195312 -0.24804688 0.00585938
v 0.25195312 -0.22070312 -0.02148438
v 0.25195312 -0.20117188 0.01757812
v 0.25195312 -0.17773438 -0.01757812
v 0.25195312 -0.05273438 0.03320312
v 0.25195312 -0.04882812 0.02539062
v 0.25195312 0.04101562 -0.01367188
v 0.25195312 0.08398438 0.04492188
v 0.25195312 0.13085938 0.04882812
v 0.25195312 0.17773438 -0.02929688
v 0.25195312 0.27148438 -0.07226562
v 0.25195312 0.29882812 0.08007812
v 0.25195312 0.37695312 0.07226562
v 0.25195312 0.43164062 0.05664062
v 0.25585938 -0.44726562 0.00585938
v 0.25585938 -0.40820312 -0.05664062
v 0.25585938 -0.33007812 0.01757812
v 0.25585938 -0.25195312 -0.00585938
v 0.25585938 -0.24804688 -0.01367188
v 0.25585938 -0.24023438 0.01367188
v 0.25585938 -0.15820312 0.02148438
v 0.25585938 -0.06054688 -0.03710938
v 0.25585938 -0.04101562 0.00585938
v 0.25585938 -0.04101562 0.01367188
v 0.25585938 -0.02539062 -0.00976562
v 0.25585938 -0.01757812 0.00976562
v 0.25585938 -0.01367188 -0.00976562
v 0.25585938 -0.00585938 -0.00976562
v 0.25585938 -0.00195312 -0.00195312
v 0.25585938 0.02929688 -0.00585938
v 0.25585938 0.04101562 -0.00195312
v 0.25585938 0.04882812 0.02148438
v 0.25585938 0.07617188 -0.04492188
v 0.25585938 0.20898438 0.02539062
v 0.25585938 0.22070312 -0.02148438
v 0.25585938 0.22070312 0.02539062
v 0.25585938 0.26367188 0.07617188
v 0.25585938 0.30273438 -0.08007812
v 0.25585938 0.35351562 0.07617188
v 0.25585938 0.35742188 -0.07617188
v 0.25585938 0.40820312 0.06835938
v 0.25976562 -0.43945312 0.01367188
v 0.25976562 -0.33789062 -0.04101562
v 0.25976562 -0.24414062 -0.01367188
v 0.25976562 -0.23242188 0.01757812
v 0.25976562 -0.21289062 -0.02539062
v 0.25976562 -0.16992188 -0.01757812
v 0.25976562 -0.15429688 0.01757812
v 0.25976562 -0.11523438 -0.00585938
v 0.25976562 -0.11523438 0.00195312
v 0.25976562 -0.11523438 0.00976562
v 0.25976562 -0.11523438 0.01757812
v 0.25976562 -0.11132812 -0.01757812
v 0.25976562 -0.11132812 -0.01367188
v 0.25976562 -0.10742188 0.02539062
v 0.25976562 -0.10351562 -0.02929688
v 0.25976562 -0.04882812 -0.02929688
v 0.25976562 -0.04101562 -0.01757812
v 0.25976562 -0.04101562 -0.00976562
v 0.25976562 -0.03320312 0.00585938
v 0.25976562 -0.02148438 0.00976562
v 0.25976562 -0.00976562 0.00976562
v 0.25976562 0.00585938 -0.00976562
v 0.25976562 0.00585938 0.00976562
v 0.25976562 0.03710938 0.00976562
v 0.25976562 0.04492188 0.00585938
v 0.25976562 0.10742188 -0.04882812
v 0.25976562 0.14648438 -0.04882812
v 0.25976562 0.16210938 0.04101562
v 0.25976562 0.16601562 -0.04101562
v 0.25976562 0.18945312 0.03320312
v 0.25976562 0.19335938 -0.02929688
v 0.25976562 0.21289062 -0.02539062
v 0.25976562 0.23632812 0.05664062
v 0.25976562 0.31445312 0.08398438
v 0.25976562 0.33007812 0.08007812
v 0.25976562 0.40039062 -0.06835938
v 0.25976562 0.45117188 -0.04492188
v 0.25976562 0.46679688 -0.03320312
v 0.25976562 0.47460938 -0.02148438
v 0.25976562 0.48242188 -0.01367188
v 0.25976562 0.49023438 -0.00976562
v 0.26367188 -0.43945312 -0.00976562
v 0.26367188 -0.36132812 -0.06835938
v 0.26367188 -0.26757812 -0.00585938
v 0.26367188 -0.26367188 0.00585938
v 0.26367188 -0.22851562 0.01367188
v 0.26367188 -0.19335938 0.02539062
v 0.26367188 -0.16210938 -0.01367188
v 0.26367188 -0.15039062 -0.00195312
v 0.26367188 -0.15039062 0.00585938
v 0.26367188 -0.09960938 -0.03710938
v 0.26367188 -0.09960938 0.03320312
v 0.26367188 -0.02929688 -0.00585938
v 0.26367188 0.01757812 -0.00976562
v 0.26367188 0.02539062 0.00976562
v 0.26367188 0.07226562 0.03710938
v 0.26367188 0.11523438 0.04882812
v 0.26367188 0.17773438 -0.03710938
v 0.26367188 0.22460938 -0.03710938
v 0.26367188 0.22460938 0.04101562
v 0.26367188 0.25585938 -0.06835938
v 0.26367188 0.33789062 -0.08007812
v 0.26367188 0.42773438 -0.05664062
v 0.26367188 0.44335938 0.04882812
v 0.26367188 0.48242188 0.01757812
v 0.26367188 0.49414062 -0.00976562
v 0.26367188 0.49414062 0.00976562
v 0.26367188 0.49804688 -0.00976562
v 0.26367188 0.49804688 -0.00585938
v 0.26367188 0.49804688 -0.00195312
v 0.26367188 0.49804688 0.00195312
v 0.26757812 -0.42773438 -0.01757812
v 0.26757812 -0.41601562 0.02929688
v 0.26757812 -0.40039062 0.05664062
v 0.26757812 -0.26367188 -0.01367188
v 0.26757812 -0.23632812 -0.02148438
v 0.26757812 -0.22460938 0.01757812
v 0.26757812 -0.20507812 -0.02148438
v 0.26757812 -0.19726562 -0.01757812
v 0.26757812 -0.15820312 -0.01367188
v 0.26757812 -0.09179688 -0.03710938
v 0.26757812 -0.09179688 0.03710938
v 0.26757812 -0.02539062 -0.00976562
v 0.26757812 -0.00976562 -0.00195312
v 0.26757812 0.02929688 -0.00585938
v 0.26757812 0.16992188 -0.03710938
v 0.26757812 0.21679688 -0.03710938
v 0.26757812 0.22070312 0.03710938
v 0.26757812 0.27929688 -0.07617188
v 0.26757812 0.41992188 0.06054688
v 0.27148438 -0.42382812 0.01757812
v 0.27148438 -0.39648438 -0.05273438
v 0.27148438 -0.38085938 -0.06054688
v 0.27148438 -0.34570312 0.04101562
v 0.27148438 -0.33789062 -0.01367188
v 0.27148438 -0.25585938 0.01367188
v 0.27148438 -0.18164062 0.02539062
v 0.27148438 -0.11914062 -0.01367188
v 0.27148438 -0.11914062 -0.00585938
v 0.27148438 -0.11914062 0.00976562
v 0.27148438 -0.08007812 -0.03710938
v 0.27148438 -0.08007812 0.03710938
v 0.27148438 -0.01367188 -0.00976562
v 0.27148438 -0.00585938 -0.00585938
v 0.27148438 0.00585938 -0.00976562
v 0.27148438 0.04492188 -0.00195312
v 0.27148438 0.06445312 -0.03710938
v 0.27148438 0.15039062 0.04882812
v 0.27148438 0.15429688 -0.04882812
v 0.27148438 0.17382812 0.04492188
v 0.27148438 0.20117188 0.03710938
v 0.27148438 0.20507812 -0.03710938
v 0.27148438 0.23242188 -0.04882812
v 0.27148438 0.25195312 0.06835938
v 0.27148438 0.28320312 0.08007812
v 0.27148438 0.34179688 0.08007812
v 0.27148438 0.37695312 -0.07226562
v 0.27148438 0.39257812 0.06835938
v 0.27148438 0.45507812 0.03320312
v 0.27539062 -0.43164062 -0.00976562
v 0.27539062 -0.42773438 0.00585938
v 0.27539062 -0.37695312 0.06054688
v 0.27539062 -0.35742188 -0.04492188
v 0.27539062 -0.28320312 -0.00976562
v 0.27539062 -0.25976562 -0.01367188
v 0.27539062 -0.22851562 -0.02539062
v 0.27539062 -0.21679688 0.01367188
v 0.27539062 -0.19335938 -0.01757812
v 0.27539062 -0.11914062 0.00195312
v 0.27539062 -0.11914062 0.01757812
v 0.27539062 -0.11523438 -0.01757812
v 0.27539062 -0.11132812 -0.02929688
v 0.27539062 -0.07226562 0.03710938
v 0.27539062 -0.06835938 -0.03710938
v 0.27539062 -0.01757812 -0.00585938
v 0.27539062 -0.00976562 -0.00585938
v 0.27539062 0.05664062 -0.02539062
v 0.27539062 0.06445312 0.02539062
v 0.27539062 0.09179688 -0.04882812
v 0.27539062 0.09960938 0.04882812
v 0.27539062 0.22851562 -0.04101562
v 0.27539062 0.31445312 -0.08007812
v 0.27539062 0.43945312 -0.04882812
v 0.27539062 0.45898438 -0.03320312
v 0.27929688 -0.41601562 -0.02148438
v 0.27929688 -0.34179688 0.00195312
v 0.27929688 -0.28320312 0.00195312
v 0.27929688 -0.27929688 -0.01367188
v 0.27929688 -0.25195312 -0.02148438
v 0.27929688 -0.24804688 0.01367188
v 0.27929688 -0.18554688 -0.02148438
v 0.27929688 -0.17382812 0.02539062
v 0.27929688 -0.11523438 0.02539062
v 0.27929688 -0.10351562 -0.03710938
v 0.27929688 -0.06445312 0.03320312
v 0.27929688 -0.02539062 0.00585938
v 0.27929688 -0.01757812 0.00976562
v 0.27929688 -0.00976562 -0.00195312
v 0.27929688 -0.00976562 0.00976562
v 0.27929688 0.00195312 0.00976562
v 0.27929688 0.01757812 -0.00976562
v 0.27929688 0.02929688 -0.00976562
v 0.27929688 0.05273438 -0.01367188
v 0.27929688 0.05664062 -0.00195312
v 0.27929688 0.06054688 0.01367188
v 0.27929688 0.12695312 -0.05273438
v 0.27929688 0.26367188 -0.07226562
v 0.27929688 0.31445312 0.08398438
v 0.27929688 0.41210938 -0.06054688
v 0.27929688 0.46289062 -0.02148438
v 0.27929688 0.47070312 -0.01367188
v 0.28320312 -0.40429688 -0.02539062
v 0.28320312 -0.37695312 -0.04882812
v 0.28320312 -0.29882812 -0.00976562
v 0.28320312 -0.27539062 -0.01367188
v 0.28320312 -0.27148438 0.01367188
v 0.28320312 -0.24414062 0.01367188
v 0.28320312 -0.22070312 -0.01757812
v 0.28320312 -0.20898438 0.02148438
v 0.28320312 -0.16992188 0.01757812
v 0.28320312 -0.16601562 0.00195312
v 0.28320312 -0.10742188 0.03320312
v 0.28320312 -0.05664062 -0.02929688
v 0.28320312 -0.05664062 0.02539062
v 0.28320312 -0.04492188 0.00585938
v 0.28320312 -0.03710938 0.00585938
v 0.28320312 -0.00585938 0.00195312
v 0.28320312 0.00195312 -0.00585938
v 0.28320312 0.02148438 0.00976562
v 0.28320312 0.04101562 -0.00585938
v 0.28320312 0.04882812 0.00976562
v 0.28320312 0.05273438 0.00585938
v 0.28320312 0.05664062 -0.00195312
v 0.28320312 0.13476562 0.05273438
v 0.28320312 0.16210938 -0.04101562
v 0.28320312 0.18164062 -0.04492188
v 0.28320312 0.18554688 0.04492188
v 0.28320312 0.21679688 0.04101562
v 0.28320312 0.22070312 -0.04101562
v 0.28320312 0.22460938 0.04882812
v 0.28320312 0.23242188 0.05273438
v 0.28320312 0.23632812 -0.05273438
v 0.28320312 0.24023438 0.06054688
v 0.28320312 0.24414062 -0.06054688
v 0.28320312 0.37695312 0.07226562
v 0.28320312 0.43164062 0.05273438
v 0.28320312 0.46289062 0.01757812
v 0.28320312 0.47851562 -0.00976562
v 0.28320312 0.48242188 -0.00976562
v 0.28710938 -0.41210938 -0.01367188
v 0.28710938 -0.38476562 -0.02539062
v 0.28710938 -0.35742188 -0.02148438
v 0.28710938 -0.29882812 0.00195312
v 0.28710938 -0.24023438 0.01757812
v 0.28710938 -0.21289062 -0.01367188
v 0.28710938 -0.17773438 -0.02148438
v 0.28710938 -0.16601562 -0.00585938
v 0.28710938 -0.12695312 -0.01367188
v 0.28710938 -0.12695312 -0.00585938
v 0.28710938 -0.12695312 0.00195312
v 0.28710938 -0.12695312 0.00976562
v 0.28710938 -0.12695312 0.01757812
v 0.28710938 -0.09570312 -0.03710938
v 0.28710938 -0.04882812 -0.01757812
v 0.28710938 -0.04882812 0.01367188
v 0.28710938 0.08007812 -0.03710938
v 0.28710938 0.08789062 0.04101562
v 0.28710938 0.13867188 -0.05273438
v 0.28710938 0.16210938 0.04882812
v 0.28710938 0.26367188 0.07617188
v 0.28710938 0.29101562 -0.08007812
v 0.28710938 0.35351562 -0.07617188
v 0.28710938 0.40820312 0.06054688
v 0.28710938 0.48632812 -0.00976562
v 0.29101562 -0.40820312 -0.00195312
v 0.29101562 -0.40039062 0.01367188
v 0.29101562 -0.39257812 0.02929688
v 0.29101562 -0.38867188 -0.01367188
v 0.29101562 -0.36523438 -0.00976562
v 0.29101562 -0.36132812 0.01757812
v 0.29101562 -0.31445312 -0.00976562
v 0.29101562 -0.29492188 -0.01367188
v 0.29101562 -0.29101562 0.01367188
v 0.29101562 -0.26757812 -0.02539062
v 0.29101562 -0.26367188 0.01367188
v 0.29101562 -0.24414062 -0.02539062
v 0.29101562 -0.20507812 -0.01757812
v 0.29101562 -0.16992188 -0.01367188
v 0.29101562 -0.12304688 -0.01757812
v 0.29101562 -0.09960938 0.03710938
v 0.29101562 -0.04492188 -0.00976562
v 0.29101562 -0.04101562 -0.00585938
v 0.29101562 -0.02929688 -0.00976562
v 0.29101562 -0.01367188 -0.00976562
v 0.29101562 -0.00195312 -0.00585938
v 0.29101562 0.05273438 -0.00585938
v 0.29101562 0.19726562 0.04882812
v 0.29101562 0.38867188 -0.06445312
v 0.29101562 0.44726562 -0.03710938
v 0.29101562 0.47460938 0.00976562
v 0.29101562 0.48242188 0.00585938
v 0.29101562 0.48632812 -0.00585938
v 0.29492188 -0.39648438 -0.00976562
v 0.29492188 -0.31054688 0.00195312
v 0.29492188 -0.28710938 -0.01757812
v 0.29492188 -0.25976562 0.01367188
v 0.29492188 -0.22851562 0.01367188
v 0.29492188 -0.19726562 0.02539062
v 0.29492188 -0.12695312 0.02539062
v 0.29492188 -0.11914062 -0.02929688
v 0.29492188 -0.09179688 0.03710938
v 0.29492188 -0.08789062 -0.03710938
v 0.29492188 -0.00585938 0.00195312
v 0.29492188 -0.00195312 -0.00195312
v 0.29492188 -0.00195312 0.00585938
v 0.29492188 0.00195312 0.00976562
v 0.29492188 0.11132812 -0.04882812
v 0.29492188 0.15039062 0.05273438
v 0.29492188 0.17382812 0.05273438
v 0.29492188 0.20507812 -0.04882812
v 0.29492188 0.35742188 0.07617188
v 0.29492188 0.41992188 -0.05273438
v 0.29492188 0.43945312 0.03710938
v 0.29492188 0.46679688 0.00976562
v 0.29492188 0.48632812 -0.00195312
v 0.29492188 0.48632812 0.00195312
v 0.29882812 -0.37695312 0.00195312
v 0.29882812 -0.30664062 -0.01367188
v 0.29882812 -0.30664062 0.01367188
v 0.29882812 -0.28320312 0.01367188
v 0.29882812 -0.27929688 -0.02929688
v 0.29882812 -0.25195312 0.02148438
v 0.29882812 -0.23242188 -0.01757812
v 0.29882812 -0.22460938 0.01757812
v 0.29882812 -0.19726562 -0.02148438
v 0.29882812 -0.13867188 -0.00585938
v 0.29882812 -0.11914062 0.03320312
v 0.29882812 -0.08007812 0.03710938
v 0.29882812 -0.00585938 -0.00585938
v 0.29882812 -0.00585938 0.00195312
v 0.29882812 -0.00585938 0.00585938
v 0.29882812 0.01367188 -0.00976562
v 0.29882812 0.07226562 -0.02539062
v 0.29882812 0.07226562 -0.00195312
v 0.29882812 0.08007812 0.02539062
v 0.29882812 0.11914062 0.04882812
v 0.29882812 0.14648438 -0.04882812
v 0.29882812 0.24414062 0.06445312
v 0.29882812 0.26757812 -0.07226562
v 0.29882812 0.29101562 0.08007812
v 0.29882812 0.32617188 -0.08007812
v 0.29882812 0.45117188 -0.02539062
v 0.30273438 -0.32226562 -0.00976562
v 0.30273438 -0.31835938 0.00195312
v 0.30273438 -0.27929688 0.01367188
v 0.30273438 -0.25976562 -0.02929688
v 0.30273438 -0.18945312 0.02539062
v 0.30273438 -0.14257812 0.00976562
v 0.30273438 -0.13867188 -0.01367188
v 0.30273438 -0.13867188 0.01757812
v 0.30273438 -0.13476562 0.00195312
v 0.30273438 -0.11132812 -0.03320312
v 0.30273438 -0.08007812 -0.03710938
v 0.30273438 -0.07226562 0.03320312
v 0.30273438 -0.01757812 0.00976562
v 0.30273438 -0.01367188 0.00976562
v 0.30273438 0.01367188 0.00585938
v 0.30273438 0.02148438 0.00976562
v 0.30273438 0.03710938 0.00976562
v 0.30273438 0.06054688 0.00976562
v 0.30273438 0.06835938 -0.01367188
v 0.30273438 0.06835938 -0.00195312
v 0.30273438 0.07617188 0.01367188
v 0.30273438 0.12304688 -0.04882812
v 0.30273438 0.21679688 -0.04882812
v 0.30273438 0.22851562 -0.04492188
v 0.30273438 0.22851562 0.05664062
v 0.30273438 0.24804688 -0.06445312
v 0.30273438 0.38867188 0.06445312
v 0.30273438 0.41601562 0.05273438
v 0.30273438 0.45507812 -0.01367188
v 0.30664062 -0.31835938 0.01367188
v 0.30664062 -0.31445312 -0.01367188
v 0.30664062 -0.29882812 -0.02148438
v 0.30664062 -0.29882812 0.01367188
v 0.30664062 -0.29492188 -0.02539062
v 0.30664062 -0.24804688 0.01367188
v 0.30664062 -0.22851562 -0.01367188
v 0.30664062 -0.19335938 -0.02148438
v 0.30664062 -0.18554688 -0.01367188
v 0.30664062 -0.18554688 -0.00976562
v 0.30664062 -0.18164062 0.00195312
v 0.30664062 -0.18164062 0.01367188
v 0.30664062 -0.13476562 -0.01757812
v 0.30664062 -0.11132812 0.03710938
v 0.30664062 -0.06445312 0.02539062
v 0.30664062 -0.03710938 0.00585938
v 0.30664062 -0.02539062 0.00976562
v 0.30664062 0.00976562 -0.00585938
v 0.30664062 0.00976562 -0.00195312
v 0.30664062 0.01367188 0.00585938
v 0.30664062 0.06054688 -0.00585938
v 0.30664062 0.06835938 0.00585938
v 0.30664062 0.16210938 -0.05273438
v 0.30664062 0.18945312 0.05664062
v 0.30664062 0.21679688 0.04492188
v 0.30664062 0.23242188 -0.05273438
v 0.30664062 0.27148438 0.07617188
v 0.30664062 0.33007812 0.07617188
v 0.30664062 0.44726562 0.02148438
v 0.30664062 0.46289062 -0.00976562
v 0.31054688 -0.33007812 -0.00976562
v 0.31054688 -0.33007812 0.00585938
v 0.31054688 -0.27148438 0.02148438
v 0.31054688 -0.24414062 0.01757812
v 0.31054688 -0.21679688 0.02539062
v 0.31054688 -0.13867188 0.02539062
v 0.31054688 -0.13085938 -0.02539062
v 0.31054688 -0.10742188 -0.03710938
v 0.31054688 -0.06835938 -0.03320312
v 0.31054688 -0.06054688 0.01367188
v 0.31054688 -0.05273438 0.00585938
v 0.31054688 0.00976562 0.00195312
v 0.31054688 0.03320312 -0.00585938
v 0.31054688 0.09960938 -0.03710938
v 0.31054688 0.10742188 0.04101562
v 0.31054688 0.13476562 0.04882812
v 0.31054688 0.16210938 0.05664062
v 0.31054688 0.29882812 -0.07617188
v 0.31054688 0.36523438 -0.06835938
v 0.31054688 0.43164062 -0.03710938
v 0.31054688 0.45507812 0.00976562
v 0.31054688 0.46679688 -0.00976562
v 0.31445312 -0.32226562 0.01367188
v 0.31445312 -0.31054688 -0.01757812
v 0.31445312 -0.30664062 0.01367188
v 0.31445312 -0.29492188 0.01757812
v 0.31445312 -0.27148438 -0.03320312
v 0.31445312 -0.26367188 0.01367188
v 0.31445312 -0.24804688 -0.02148438
v 0.31445312 -0.22070312 -0.01367188
v 0.31445312 -0.15429688 -0.00585938
v 0.31445312 -0.15429688 0.00976562
v 0.31445312 -0.15429688 0.01757812
v 0.31445312 -0.15039062 0.00195312
v 0.31445312 -0.13085938 0.03320312
v 0.31445312 -0.09960938 0.03710938
v 0.31445312 -0.05664062 -0.01757812
v 0.31445312 -0.03710938 -0.00585938
v 0.31445312 0.05273438 0.00976562
v 0.31445312 0.13476562 -0.04882812
v 0.31445312 0.18164062 -0.05273438
v 0.31445312 0.24804688 0.06445312
v 0.31445312 0.40039062 -0.05664062
v 0.31445312 0.42382812 0.03710938
v 0.31445312 0.43164062 -0.02929688
v 0.31445312 0.47070312 -0.00976562
v 0.31835938 -0.32226562 -0.01367188
v 0.31835938 -0.30664062 -0.02539062
v 0.31835938 -0.29101562 -0.02929688
v 0.31835938 -0.29101562 0.02539062
v 0.31835938 -0.24414062 -0.01757812
v 0.31835938 -0.23632812 0.02148438
v 0.31835938 -0.21679688 -0.01757812
v 0.31835938 -0.21289062 -0.01367188
v 0.31835938 -0.20898438 -0.01367188
v 0.31835938 -0.20898438 0.02148438
v 0.31835938 -0.15429688 -0.01367188
v 0.31835938 -0.12304688 -0.03320312
v 0.31835938 -0.09960938 -0.03710938
v 0.31835938 -0.09179688 0.03710938
v 0.31835938 -0.05664062 -0.00976562
v 0.31835938 -0.05273438 -0.00195312
v 0.31835938 -0.02539062 0.00976562
v 0.31835938 -0.02148438 -0.00976562
v 0.31835938 -0.02148438 0.00976562
v 0.31835938 -0.01757812 0.00585938
v 0.31835938 0.02539062 -0.00585938
v 0.31835938 0.02539062 -0.00195312
v 0.31835938 0.02929688 0.00585938
v 0.31835938 0.04492188 -0.00585938
v 0.31835938 0.04492188 0.00976562
v 0.31835938 0.09179688 -0.02539062
v 0.31835938 0.09570312 0.02539062
v 0.31835938 0.17773438 0.05664062
v 0.31835938 0.20117188 -0.05273438
v 0.31835938 0.20507812 0.04882812
v 0.31835938 0.21679688 0.04492188
v 0.31835938 0.23242188 0.05664062
v 0.31835938 0.27539062 -0.07226562
v 0.31835938 0.36523438 0.06835938
v 0.31835938 0.39648438 0.05273438
v 0.31835938 0.45898438 0.00585938
v 0.31835938 0.46679688 0.00585938
v 0.31835938 0.47070312 -0.00976562
v 0.31835938 0.47070312 -0.00585938
v 0.32226562 -0.31835938 0.01367188
v 0.32226562 -0.30273438 0.02148438
v 0.32226562 -0.28320312 0.01367188
v 0.32226562 -0.25976562 0.01757812
v 0.32226562 -0.20507812 -0.00195312
v 0.32226562 -0.20507812 0.01367188
v 0.32226562 -0.15039062 -0.01757812
v 0.32226562 -0.15039062 0.02539062
v 0.32226562 -0.12304688 0.03710938
v 0.32226562 -0.01367188 -0.00195312
v 0.32226562 -0.01367188 0.00195312
v 0.32226562 0.02929688 0.00195312
v 0.32226562 0.02929688 0.00585938
v 0.32226562 0.04101562 -0.00585938
v 0.32226562 0.07226562 0.00976562
v 0.32226562 0.08398438 -0.01367188
v 0.32226562 0.08789062 -0.00195312
v 0.32226562 0.09179688 0.01367188
v 0.32226562 0.11132812 -0.04101562
v 0.32226562 0.11914062 0.04101562
v 0.32226562 0.14648438 0.05273438
v 0.32226562 0.21679688 -0.04492188
v 0.32226562 0.23242188 -0.04101562
v 0.32226562 0.23632812 -0.04882812
v 0.32226562 0.24804688 -0.06054688
v 0.32226562 0.30664062 0.07617188
v 0.32226562 0.33789062 -0.07226562
v 0.32226562 0.42382812 0.02148438
v 0.32226562 0.43554688 -0.01367188
v 0.32226562 0.47070312 -0.00195312
v 0.32226562 0.47070312 0.00195312
v 0.32617188 -0.33398438 -0.00585938
v 0.32617188 -0.33398438 0.00585938
v 0.32617188 -0.32226562 -0.01367188
v 0.32617188 -0.32226562 0.01367188
v 0.32617188 -0.30664062 -0.02539062
v 0.32617188 -0.26367188 -0.02148438
v 0.32617188 -0.23632812 -0.01757812
v 0.32617188 -0.23632812 0.02148438
v 0.32617188 -0.16992188 0.00976562
v 0.32617188 -0.16992188 0.01757812
v 0.32617188 -0.16601562 -0.01367188
v 0.32617188 -0.16601562 -0.00585938
v 0.32617188 -0.14648438 -0.02929688
v 0.32617188 -0.14648438 0.03320312
v 0.32617188 -0.11914062 -0.03710938
v 0.32617188 -0.09179688 -0.03710938
v 0.32617188 -0.08398438 0.03320312
v 0.32617188 0.04101562 -0.00195312
v 0.32617188 0.04101562 0.00585938
v 0.32617188 0.08398438 -0.00585938
v 0.32617188 0.08398438 0.00585938
v 0.32617188 0.15429688 -0.04882812
v 0.32617188 0.27929688 0.07226562
v 0.33007812 -0.31445312 -0.01757812
v 0.33007812 -0.31054688 0.01367188
v 0.33007812 -0.29882812 -0.01757812
v 0.33007812 -0.29882812 0.01367188
v 0.33007812 -0.28320312 -0.02148438
v 0.33007812 -0.27929688 0.01367188
v 0.33007812 -0.25976562 0.02148438
v 0.33007812 -0.25585938 -0.01367188
v 0.33007812 -0.23242188 -0.01757812
v 0.33007812 -0.18554688 0.00976562
v 0.33007812 -0.16601562 0.00195312
v 0.33007812 -0.16601562 0.02929688
v 0.33007812 -0.16210938 -0.01757812
v 0.33007812 -0.11523438 0.04101562
v 0.33007812 -0.07617188 0.02539062
v 0.33007812 0.03710938 0.00585938
v 0.33007812 0.04101562 0.00195312
v 0.33007812 0.06054688 -0.00585938
v 0.33007812 0.06054688 0.00976562
v 0.33007812 0.08007812 0.00976562
v 0.33007812 0.12695312 -0.03710938
v 0.33007812 0.19335938 0.04882812
v 0.33007812 0.23242188 -0.03710938
v 0.33007812 0.25976562 0.06054688
v 0.33007812 0.34179688 0.06835938
v 0.33007812 0.37304688 -0.06054688
v 0.33007812 0.40820312 -0.04101562
v 0.33007812 0.43164062 0.00976562
v 0.33007812 0.44335938 -0.00976562
v 0.33398438 -0.32617188 -0.01367188
v 0.33398438 -0.30273438 0.01367188
v 0.33398438 -0.29101562 0.01367188
v 0.33398438 -0.27929688 -0.01367188
v 0.33398438 -0.27539062 0.01757812
v 0.33398438 -0.25195312 0.01757812
v 0.33398438 -0.22851562 -0.01367188
v 0.33398438 -0.22851562 0.00976562
v 0.33398438 -0.18554688 0.01757812
v 0.33398438 -0.18164062 -0.00585938
v 0.33398438 -0.18164062 0.00195312
v 0.33398438 -0.16210938 -0.02929688
v 0.33398438 -0.14257812 -0.03710938
v 0.33398438 -0.11523438 -0.03710938
v 0.33398438 -0.08007812 -0.02929688
v 0.33398438 -0.07226562 0.01757812
v 0.33398438 0.05273438 -0.00195312
v 0.33398438 0.05664062 -0.00585938
v 0.33398438 0.05664062 0.00585938
v 0.33398438 0.07617188 -0.00585938
v 0.33398438 0.10351562 0.01367188
v 0.33398438 0.10742188 -0.02539062
v 0.33398438 0.11132812 0.02539062
v 0.33398438 0.16601562 0.04882812
v 0.33398438 0.17382812 -0.04882812
v 0.33398438 0.20898438 0.04101562
v 0.33398438 0.22070312 0.03710938
v 0.33398438 0.24023438 0.05273438
v 0.33398438 0.31054688 -0.07226562
v 0.33398438 0.37304688 0.05273438
v 0.33398438 0.40039062 0.03710938
v 0.33398438 0.40820312 -0.02929688
v 0.33398438 0.41210938 -0.01757812
v 0.33398438 0.44726562 -0.00976562
v 0.33789062 -0.31835938 0.01757812
v 0.33789062 -0.30664062 -0.01757812
v 0.33789062 -0.29101562 -0.01367188
v 0.33789062 -0.24804688 -0.01757812
v 0.33789062 -0.22460938 -0.01367188
v 0.33789062 -0.22460938 -0.00976562
v 0.33789062 -0.22460938 0.00195312
v 0.33789062 -0.19335938 0.00585938
v 0.33789062 -0.18164062 -0.01367188
v 0.33789062 -0.18164062 0.02929688
v 0.33789062 -0.17773438 -0.02148438
v 0.33789062 -0.16210938 0.03710938
v 0.33789062 -0.13867188 0.03710938
v 0.33789062 -0.06835938 0.00195312
v 0.33789062 -0.06445312 0.00976562
v 0.33789062 -0.06054688 0.00195312
v 0.33789062 -0.04882812 0.00976562
v 0.33789062 0.05273438 0.00195312
v 0.33789062 0.05273438 0.00585938
v 0.33789062 0.09960938 -0.01367188
v 0.33789062 0.09960938 -0.00195312
v 0.33789062 0.09960938 0.00585938
v 0.33789062 0.13476562 0.04101562
v 0.33789062 0.19335938 -0.04492188
v 0.33789062 0.21289062 -0.04101562
v 0.33789062 0.24414062 -0.04882812
v 0.33789062 0.25976562 -0.06054688
v 0.33789062 0.28320312 -0.06835938
v 0.33789062 0.31835938 0.06835938
v 0.33789062 0.40429688 0.02148438
v 0.33789062 0.44335938 0.00585938
v 0.33789062 0.45117188 -0.00976562
v 0.34179688 -0.33007812 -0.00585938
v 0.34179688 -0.33007812 0.00585938
v 0.34179688 -0.32226562 0.01367188
v 0.34179688 -0.30664062 0.01757812
v 0.34179688 -0.29101562 0.01367188
v 0.34179688 -0.27539062 -0.01367188
v 0.34179688 -0.27539062 0.01367188
v 0.34179688 -0.24804688 0.00976562
v 0.34179688 -0.19335938 0.01367188
v 0.34179688 -0.19335938 0.02539062
v 0.34179688 -0.18945312 -0.01367188
v 0.34179688 -0.18945312 -0.00585938
v 0.34179688 -0.18945312 0.00195312
v 0.34179688 -0.17382812 -0.02929688
v 0.34179688 -0.15820312 -0.03710938
v 0.34179688 -0.13867188 -0.03710938
v 0.34179688 -0.10742188 -0.03710938
v 0.34179688 -0.10742188 0.03710938
v 0.34179688 -0.07226562 -0.01757812
v 0.34179688 -0.06835938 -0.00976562
v 0.34179688 -0.03710938 0.00976562
v 0.34179688 -0.03320312 0.00976562
v 0.34179688 0.06835938 0.00585938
v 0.34179688 0.07226562 -0.00585938
v 0.34179688 0.07226562 0.00976562
v 0.34179688 0.09570312 -0.00585938
v 0.34179688 0.09570312 0.00976562
v 0.34179688 0.11914062 -0.02539062
v 0.34179688 0.14648438 -0.04101562
v 0.34179688 0.18164062 0.04101562
v 0.34179688 0.21289062 0.03320312
v 0.34179688 0.22851562 0.02539062
v 0.34179688 0.23242188 -0.02929688
v 0.34179688 0.29101562 0.06054688
v 0.34179688 0.34570312 -0.06054688
v 0.34179688 0.38085938 -0.04492188
v 0.34179688 0.44726562 0.00585938
v 0.34179688 0.45117188 -0.00976562
v 0.34179688 0.45117188 -0.00585938
v 0.34179688 0.45117188 -0.00195312
v 0.34179688 0.45117188 0.00195312
v 0.34570312 -0.31445312 -0.01367188
v 0.34570312 -0.31445312 0.01367188
v 0.34570312 -0.29882812 -0.01367188
v 0.34570312 -0.29882812 0.01367188
v 0.34570312 -0.24414062 -0.01757812
v 0.34570312 -0.24023438 -0.01367188
v 0.34570312 -0.20117188 0.00195312
v 0.34570312 -0.20117188 0.00585938
v 0.34570312 -0.20117188 0.01367188
v 0.34570312 -0.20117188 0.02148438
v 0.34570312 -0.19726562 -0.01367188
v 0.34570312 -0.19726562 -0.00585938
v 0.34570312 -0.19726562 0.00195312
v 0.34570312 -0.18945312 -0.01757812
v 0.34570312 -0.17773438 0.03710938
v 0.34570312 -0.15820312 0.03710938
v 0.34570312 -0.13085938 0.04101562
v 0.34570312 -0.06445312 -0.00195312
v 0.34570312 -0.05664062 -0.00585938
v 0.34570312 -0.03320312 -0.00976562
v 0.34570312 -0.02929688 -0.00195312
v 0.34570312 -0.02929688 0.00195312
v 0.34570312 -0.02929688 0.00585938
v 0.34570312 0.06445312 0.00195312
v 0.34570312 0.06445312 0.00585938
v 0.34570312 0.06835938 -0.00195312
v 0.34570312 0.07226562 -0.00585938
v 0.34570312 0.12304688 0.02539062
v 0.34570312 0.15039062 0.03710938
v 0.34570312 0.19726562 0.03710938
v 0.34570312 0.20898438 -0.02929688
v 0.34570312 0.23242188 0.03320312
v 0.34570312 0.26757812 0.05664062
v 0.34570312 0.34960938 0.05664062
v 0.34570312 0.37695312 0.03710938
v 0.34570312 0.38476562 -0.02929688
v 0.34570312 0.41210938 0.00976562
v 0.34570312 0.41992188 -0.00976562
v 0.34960938 -0.28710938 -0.01367188
v 0.34960938 -0.27148438 -0.01367188
v 0.34960938 -0.27148438 0.00976562
v 0.34960938 -0.24023438 -0.00976562
v 0.34960938 -0.24023438 0.00195312
v 0.34960938 -0.20898438 0.01757812
v 0.34960938 -0.20507812 0.00585938
v 0.34960938 -0.20507812 0.01367188
v 0.34960938 -0.20117188 -0.00585938
v 0.34960938 -0.20117188 0.00195312
v 0.34960938 -0.20117188 0.02148438
v 0.34960938 -0.19726562 -0.01757812
v 0.34960938 -0.19335938 -0.01757812
v 0.34960938 -0.18945312 0.03320312
v 0.34960938 -0.18554688 -0.02929688
v 0.34960938 -0.13085938 -0.03710938
v 0.34960938 -0.09570312 -0.02929688
v 0.34960938 -0.09570312 0.03320312
v 0.34960938 0.08789062 -0.00585938
v 0.34960938 0.11523438 -0.01367188
v 0.34960938 0.11523438 -0.00195312
v 0.34960938 0.11523438 0.01367188
v 0.34960938 0.16601562 -0.03710938
v 0.34960938 0.18554688 -0.03320312
v 0.34960938 0.22851562 0.01367188
v 0.34960938 0.23242188 -0.01367188
v 0.34960938 0.23242188 0.00195312
v 0.34960938 0.24414062 -0.03320312
v 0.34960938 0.24414062 0.04492188
v 0.34960938 0.31835938 -0.06054688
v 0.34960938 0.38085938 0.02148438
v 0.34960938 0.38476562 -0.01757812
v 0.35351562 -0.31835938 -0.00585938
v 0.35351562 -0.31835938 0.00585938
v 0.35351562 -0.30273438 -0.01367188
v 0.35351562 -0.30273438 0.01367188
v 0.35351562 -0.28710938 0.01367188
v 0.35351562 -0.22070312 0.01367188
v 0.35351562 -0.21679688 -0.00585938
v 0.35351562 -0.20117188 -0.01757812
v 0.35351562 -0.20117188 -0.01367188
v 0.35351562 -0.20117188 0.03320312
v 0.35351562 -0.19335938 -0.02539062
v 0.35351562 -0.17382812 -0.03710938
v 0.35351562 -0.17382812 0.03710938
v 0.35351562 -0.15429688 -0.03710938
v 0.35351562 0.08007812 0.00585938
v 0.35351562 0.08398438 -0.00585938
v 0.35351562 0.08398438 0.00585938
v 0.35351562 0.11132812 -0.00585938
v 0.35351562 0.11523438 0.00195312
v 0.35351562 0.13867188 -0.02539062
v 0.35351562 0.14257812 0.02539062
v 0.35351562 0.16992188 0.03320312
v 0.35351562 0.18945312 0.02929688
v 0.35351562 0.20898438 0.02148438
v 0.35351562 0.22851562 -0.00976562
v 0.35351562 0.26367188 -0.04882812
v 0.35351562 0.29101562 -0.06054688
v 0.35351562 0.32226562 0.05273438
v 0.35351562 0.35351562 -0.04882812
v 0.35351562 0.42382812 -0.00976562
v 0.35742188 -0.30273438 -0.00585938
v 0.35742188 -0.30273438 0.00585938
v 0.35742188 -0.28710938 -0.00976562
v 0.35742188 -0.28320312 0.00585938
v 0.35742188 -0.27148438 -0.01367188
v 0.35742188 -0.26757812 0.00585938
v 0.35742188 -0.20898438 0.02929688
v 0.35742188 -0.20507812 -0.01757812
v 0.35742188 -0.20117188 0.02929688
v 0.35742188 -0.20117188 0.03320312
v 0.35742188 -0.19726562 -0.02539062
v 0.35742188 -0.18164062 -0.03320312
v 0.35742188 -0.15039062 0.04101562
v 0.35742188 -0.12304688 -0.03710938
v 0.35742188 -0.12304688 0.03710938
v 0.35742188 -0.09179688 0.02539062
v 0.35742188 -0.08789062 -0.01757812
v 0.35742188 0.07617188 0.00585938
v 0.35742188 0.08007812 -0.00585938
v 0.35742188 0.09960938 -0.00585938
v 0.35742188 0.11132812 0.00585938
v 0.35742188 0.13476562 -0.01367188
v 0.35742188 0.13476562 0.01367188
v 0.35742188 0.20507812 -0.01367188
v 0.35742188 0.20507812 0.01367188
v 0.35742188 0.23632812 0.02148438
v 0.35742188 0.24023438 0.01367188
v 0.35742188 0.29492188 0.04882812
v 0.35742188 0.35351562 -0.03320312
v 0.35742188 0.35351562 0.03710938
v 0.35742188 0.41992188 0.00585938
v 0.35742188 0.42773438 -0.00976562
v 0.35742188 0.42773438 -0.00585938
v 0.36132812 -0.28320312 -0.00585938
v 0.36132812 -0.27148438 -0.00585938
v 0.36132812 -0.20507812 -0.02539062
v 0.36132812 -0.18554688 0.03710938
v 0.36132812 -0.16992188 -0.03710938
v 0.36132812 -0.08789062 0.01757812
v 0.36132812 -0.08398438 -0.00976562
v 0.36132812 -0.07226562 0.00195312
v 0.36132812 0.06835938 -0.00585938
v 0.36132812 0.06835938 -0.00195312
v 0.36132812 0.06835938 0.00195312
v 0.36132812 0.09960938 0.00585938
v 0.36132812 0.13085938 -0.00195312
v 0.36132812 0.15820312 -0.02148438
v 0.36132812 0.16210938 0.01757812
v 0.36132812 0.18164062 -0.01757812
v 0.36132812 0.18164062 0.01367188
v 0.36132812 0.20507812 -0.00585938
v 0.36132812 0.20507812 0.00585938
v 0.36132812 0.23632812 -0.00976562
v 0.36132812 0.24414062 -0.01757812
v 0.36132812 0.25195312 0.03710938
v 0.36132812 0.25585938 -0.03710938
v 0.36132812 0.27539062 0.03710938
v 0.36132812 0.27929688 -0.04101562
v 0.36132812 0.30273438 -0.04492188
v 0.36132812 0.32617188 -0.04492188
v 0.36132812 0.35742188 -0.01757812
v 0.36132812 0.35742188 0.02148438
v 0.36132812 0.38867188 0.00976562
v 0.36132812 0.39257812 -0.00976562
v 0.36132812 0.42773438 -0.00585938
v 0.36132812 0.42773438 -0.00195312
v 0.36132812 0.42773438 0.00195312
v 0.36132812 0.42773438 0.00585938
v 0.36523438 -0.24414062 -0.00585938
v 0.36523438 -0.24414062 0.01367188
v 0.36523438 -0.22460938 0.02539062
v 0.36523438 -0.22070312 -0.01757812
v 0.36523438 -0.20898438 -0.02929688
v 0.36523438 -0.20898438 0.03320312
v 0.36523438 -0.20117188 -0.03320312
v 0.36523438 -0.20117188 0.03710938
v 0.36523438 -0.19726562 -0.03320312
v 0.36523438 -0.19726562 0.03710938
v 0.36523438 -0.19335938 -0.03320312
v 0.36523438 -0.14648438 -0.04101562
v 0.36523438 -0.08007812 0.01367188
v 0.36523438 -0.07617188 -0.00195312
v 0.36523438 -0.07617188 0.00195312
v 0.36523438 -0.06054688 0.00976562
v 0.36523438 0.09570312 -0.00585938
v 0.36523438 0.12304688 -0.00585938
v 0.36523438 0.13085938 0.00195312
v 0.36523438 0.15429688 -0.01367188
v 0.36523438 0.15429688 0.01367188
v 0.36523438 0.25585938 -0.01757812
v 0.36523438 0.26757812 -0.03320312
v 0.36523438 0.32617188 0.03710938
v 0.36523438 0.33007812 -0.03320312
v 0.36914062 -0.24414062 -0.01757812
v 0.36914062 -0.24414062 0.02148438
v 0.36914062 -0.18164062 -0.03710938
v 0.36914062 -0.16992188 0.04101562
v 0.36914062 -0.14257812 0.04101562
v 0.36914062 -0.11523438 0.03320312
v 0.36914062 -0.11132812 -0.02929688
v 0.36914062 -0.07226562 -0.00195312
v 0.36914062 -0.05664062 -0.00585938
v 0.36914062 -0.05273438 0.00976562
v 0.36914062 -0.04882812 -0.00976562
v 0.36914062 -0.04882812 0.00976562
v 0.36914062 0.09570312 0.00585938
v 0.36914062 0.15039062 -0.00195312
v 0.36914062 0.15039062 0.00195312
v 0.36914062 0.17773438 -0.00585938
v 0.36914062 0.17773438 0.00976562
v 0.36914062 0.20507812 0.00585938
v 0.36914062 0.23242188 0.00585938
v 0.36914062 0.24414062 -0.00585938
v 0.36914062 0.25195312 -0.00585938
v 0.36914062 0.25976562 0.02148438
v 0.36914062 0.26367188 -0.01757812
v 0.36914062 0.27539062 -0.02929688
v 0.36914062 0.27539062 -0.01757812
v 0.36914062 0.27929688 0.02929688
v 0.36914062 0.28710938 -0.02929688
v 0.36914062 0.30273438 0.03320312
v 0.36914062 0.30664062 -0.02929688
v 0.36914062 0.33398438 -0.01757812
v 0.36914062 0.39648438 0.00585938
v 0.36914062 0.40039062 -0.00976562
v 0.37304688 -0.26367188 -0.00585938
v 0.37304688 -0.26367188 0.00976562
v 0.37304688 -0.22460938 0.03320312
v 0.37304688 -0.20507812 -0.03320312
v 0.37304688 -0.20117188 0.03710938
v 0.37304688 -0.18554688 -0.03710938
v 0.37304688 -0.17773438 0.04101562
v 0.37304688 -0.16210938 -0.04101562
v 0.37304688 -0.13867188 -0.03710938
v 0.37304688 -0.04492188 -0.00195312
v 0.37304688 -0.04492188 0.00195312
v 0.37304688 -0.04492188 0.00585938
v 0.37304688 0.08007812 -0.00585938
v 0.37304688 0.08007812 -0.00195312
v 0.37304688 0.08007812 0.00195312
v 0.37304688 0.08789062 -0.00585938
v 0.37304688 0.08789062 0.00585938
v 0.37304688 0.11914062 -0.00585938
v 0.37304688 0.12695312 0.00585938
v 0.37304688 0.14648438 -0.00585938
v 0.37304688 0.17773438 0.00195312
v 0.37304688 0.22851562 -0.00585938
v 0.37304688 0.24023438 0.00585938
v 0.37304688 0.25976562 0.01367188
v 0.37304688 0.26367188 -0.00976562
v 0.37304688 0.27929688 -0.00976562
v 0.37304688 0.29101562 -0.01757812
v 0.37304688 0.31054688 -0.01757812
v 0.37304688 0.32617188 0.02148438
v 0.37304688 0.36132812 0.00976562
v 0.37304688 0.36523438 -0.00976562
v 0.37304688 0.40429688 -0.00585938
v 0.37695312 -0.29882812 -0.00195312
v 0.37695312 -0.27929688 -0.00585938
v 0.37695312 -0.27929688 0.00976562
v 0.37695312 -0.26367188 -0.01757812
v 0.37695312 -0.25976562 0.01757812
v 0.37695312 -0.22070312 -0.02929688
v 0.37695312 -0.20507812 0.03710938
v 0.37695312 -0.19726562 -0.03710938
v 0.37695312 -0.19335938 -0.03710938
v 0.37695312 -0.19335938 0.03710938
v 0.37695312 -0.11132812 0.02539062
v 0.37695312 -0.10351562 -0.01757812
v 0.37695312 0.10742188 -0.00585938
v 0.37695312 0.11914062 0.00585938
v 0.37695312 0.14648438 0.00585938
v 0.37695312 0.23632812 -0.00585938
v 0.37695312 0.25195312 -0.00585938
v 0.37695312 0.28320312 0.01757812
v 0.37695312 0.30273438 0.01757812
v 0.37695312 0.33789062 -0.00976562
v 0.37695312 0.40039062 0.00585938
v 0.37695312 0.40429688 -0.00585938
v 0.38085938 -0.30273438 -0.01367188
v 0.38085938 -0.29882812 0.00976562
v 0.38085938 -0.28320312 -0.01367188
v 0.38085938 -0.27929688 0.01367188
v 0.38085938 -0.24414062 -0.02539062
v 0.38085938 -0.24414062 0.02929688
v 0.38085938 -0.22460938 0.03710938
v 0.38085938 -0.19335938 0.03710938
v 0.38085938 -0.17382812 -0.03710938
v 0.38085938 -0.16210938 0.03710938
v 0.38085938 -0.13476562 0.03710938
v 0.38085938 -0.10742188 0.01757812
v 0.38085938 -0.09960938 -0.00976562
v 0.38085938 0.10351562 -0.00585938
v 0.38085938 0.10742188 0.00585938
v 0.38085938 0.14257812 -0.00585938
v 0.38085938 0.16601562 -0.00585938
v 0.38085938 0.18164062 -0.00585938
v 0.38085938 0.20898438 -0.00585938
v 0.38085938 0.26367188 -0.00585938
v 0.38085938 0.28320312 -0.00585938
v 0.38085938 0.29492188 -0.00976562
v 0.38085938 0.31445312 -0.00976562
v 0.38085938 0.33398438 0.00976562
v 0.38085938 0.36914062 -0.00976562
v 0.38085938 0.40429688 -0.00585938
v 0.38085938 0.40429688 -0.00195312
v 0.38085938 0.40429688 0.00195312
v 0.38476562 -0.31835938 -0.00195312
v 0.38476562 -0.25976562 -0.02539062
v 0.38476562 -0.25585938 0.02539062
v 0.38476562 -0.18164062 -0.03710938
v 0.38476562 -0.15429688 -0.03710938
v 0.38476562 -0.12695312 -0.02929688
v 0.38476562 -0.09960938 0.01367188
v 0.38476562 -0.09570312 -0.00195312
v 0.38476562 -0.09179688 0.00195312
v 0.38476562 -0.08398438 0.00195312
v 0.38476562 0.09570312 -0.00585938
v 0.38476562 0.09570312 -0.00195312
v 0.38476562 0.09570312 0.00195312
v 0.38476562 0.10351562 0.00585938
v 0.38476562 0.12695312 -0.00585938
v 0.38476562 0.16210938 0.00585938
v 0.38476562 0.23242188 -0.00585938
v 0.38476562 0.36914062 0.00976562
v 0.38867188 -0.31445312 -0.01367188
v 0.38867188 -0.31445312 0.00976562
v 0.38867188 -0.29492188 0.01367188
v 0.38867188 -0.23632812 0.03320312
v 0.38867188 -0.21679688 -0.03710938
v 0.38867188 -0.20507812 -0.03710938
v 0.38867188 -0.20507812 0.03710938
v 0.38867188 -0.20117188 0.03710938
v 0.38867188 -0.19726562 0.03710938
v 0.38867188 -0.19335938 -0.03710938
v 0.38867188 -0.19335938 0.03710938
v 0.38867188 -0.18945312 -0.03710938
v 0.38867188 -0.17382812 0.03710938
v 0.38867188 -0.13085938 0.02539062
v 0.38867188 -0.08398438 -0.00585938
v 0.38867188 -0.08007812 0.00976562
v 0.38867188 0.12304688 0.00585938
v 0.38867188 0.14257812 0.00976562
v 0.38867188 0.16210938 -0.00585938
v 0.38867188 0.17773438 0.00585938
v 0.38867188 0.20117188 0.00585938
v 0.38867188 0.22070312 0.00585938
v 0.38867188 0.24414062 0.00585938
v 0.38867188 0.25195312 -0.00585938
v 0.38867188 0.26757812 -0.00585938
v 0.38867188 0.28710938 -0.00585938
v 0.38867188 0.30664062 -0.00585938
v 0.38867188 0.30664062 0.00976562
v 0.38867188 0.33789062 -0.00976562
v 0.38867188 0.37304688 -0.00585938
v 0.39257812 -0.32226562 -0.00976562
v 0.39257812 -0.32226562 -0.00195312
v 0.39257812 -0.31835938 0.00976562
v 0.39257812 -0.31054688 0.01757812
v 0.39257812 -0.28320312 -0.02148438
v 0.39257812 -0.27148438 0.02148438
v 0.39257812 -0.18554688 0.03710938
v 0.39257812 -0.15820312 0.03320312
v 0.39257812 -0.11914062 -0.01757812
v 0.39257812 -0.11523438 -0.00976562
v 0.39257812 0.11914062 -0.00585938
v 0.39257812 0.14257812 -0.00585938
v 0.39257812 0.16210938 0.00976562
v 0.39257812 0.18164062 -0.00585938
v 0.39257812 0.20117188 -0.00585938
v 0.39257812 0.22070312 -0.00585938
v 0.39257812 0.26367188 0.00976562
v 0.39257812 0.27929688 0.01367188
v 0.39257812 0.33789062 0.00976562
v 0.39257812 0.37304688 0.00585938
v 0.39257812 0.37695312 -0.00585938
v 0.39648438 -0.30273438 -0.01757812
v 0.39648438 -0.25195312 0.03320312
v 0.39648438 -0.23632812 -0.03320312
v 0.39648438 -0.21679688 0.03710938
v 0.39648438 -0.16992188 -0.03710938
v 0.39648438 -0.16992188 0.03320312
v 0.39648438 -0.14648438 -0.03320312
v 0.39648438 -0.12304688 0.01757812
v 0.39648438 -0.07617188 -0.00585938
v 0.39648438 -0.07226562 -0.00976562
v 0.39648438 -0.07226562 0.00976562
v 0.39648438 0.11914062 -0.00195312
v 0.39648438 0.11914062 0.00195312
v 0.39648438 0.11914062 0.00585938
v 0.39648438 0.16210938 -0.00585938
v 0.39648438 0.17773438 0.00976562
v 0.39648438 0.19726562 0.00976562
v 0.39648438 0.21679688 0.00585938
v 0.39648438 0.24023438 -0.00585938
v 0.39648438 0.24023438 0.00585938
v 0.39648438 0.26757812 -0.00585938
v 0.39648438 0.34179688 -0.00585938
v 0.39648438 0.37695312 -0.00585938
v 0.39648438 0.37695312 -0.00195312
v 0.39648438 0.37695312 0.00195312
v 0.40039062 -0.31835938 0.01367188
v 0.40039062 -0.31445312 -0.01757812
v 0.40039062 -0.19335938 0.03320312
v 0.40039062 -0.17773438 -0.03710938
v 0.40039062 -0.15429688 0.02539062
v 0.40039062 -0.11914062 0.01367188
v 0.40039062 -0.11132812 -0.00585938
v 0.40039062 -0.10351562 0.00195312
v 0.40039062 -0.06835938 0.00976562
v 0.40039062 0.14257812 -0.00585938
v 0.40039062 0.14257812 0.00585938
v 0.40039062 0.16210938 0.00976562
v 0.40039062 0.17773438 -0.00585938
v 0.40039062 0.17773438 0.00585938
v 0.40039062 0.20117188 -0.00585938
v 0.40039062 0.21679688 -0.00585938
v 0.40039062 0.24023438 -0.00585938
v 0.40039062 0.26367188 0.00976562
v 0.40039062 0.28320312 0.00976562
v 0.40039062 0.28710938 -0.00585938
v 0.40039062 0.30664062 0.00976562
v 0.40039062 0.31054688 -0.00585938
v 0.40429688 -0.31835938 -0.01367188
v 0.40429688 -0.31835938 -0.00195312
v 0.40429688 -0.31835938 0.00585938
v 0.40429688 -0.29101562 0.01757812
v 0.40429688 -0.26757812 0.02929688
v 0.40429688 -0.25585938 -0.02929688
v 0.40429688 -0.23242188 0.03710938
v 0.40429688 -0.20117188 -0.03320312
v 0.40429688 -0.19726562 0.03320312
v 0.40429688 -0.18945312 -0.03320312
v 0.40429688 -0.18945312 0.03320312
v 0.40429688 -0.18554688 -0.03710938
v 0.40429688 -0.18164062 0.03320312
v 0.40429688 -0.15039062 0.01757812
v 0.40429688 -0.13867188 -0.01757812
v 0.40429688 -0.13476562 -0.00976562
v 0.40429688 -0.11132812 0.00195312
v 0.40429688 -0.09960938 -0.00585938
v 0.40429688 -0.06835938 -0.00976562
v 0.40429688 -0.06835938 -0.00195312
v 0.40429688 -0.06835938 0.00195312
v 0.40429688 -0.06835938 0.00585938
v 0.40429688 0.14257812 -0.00195312
v 0.40429688 0.14257812 0.00585938
v 0.40429688 0.16210938 -0.00585938
v 0.40429688 0.16210938 -0.00195312
v 0.40429688 0.16210938 0.00195312
v 0.40429688 0.17773438 -0.00585938
v 0.40429688 0.17773438 0.00195312
v 0.40429688 0.19726562 0.00585938
v 0.40429688 0.20117188 -0.00585938
v 0.40429688 0.21679688 -0.00585938
v 0.40429688 0.21679688 0.00195312
v 0.40429688 0.21679688 0.00585938
v 0.40429688 0.24023438 0.00585938
v 0.40429688 0.26757812 -0.00976562
v 0.40429688 0.34179688 0.00585938
v 0.40429688 0.34570312 -0.00585938
v 0.40820312 -0.30273438 0.01757812
v 0.40820312 -0.27929688 -0.02539062
v 0.40820312 -0.24414062 0.03320312
v 0.40820312 -0.21289062 -0.03320312
v 0.40820312 -0.21289062 0.03320312
v 0.40820312 -0.16601562 -0.02929688
v 0.40820312 -0.16601562 0.02539062
v 0.40820312 -0.09960938 0.00976562
v 0.40820312 0.17773438 -0.00195312
v 0.40820312 0.19726562 -0.00195312
v 0.40820312 0.19726562 0.00195312
v 0.40820312 0.21679688 -0.00195312
v 0.40820312 0.24023438 -0.00585938
v 0.40820312 0.26367188 0.00976562
v 0.40820312 0.28710938 -0.00976562
v 0.40820312 0.28710938 0.00976562
v 0.40820312 0.31054688 0.00976562
v 0.40820312 0.31445312 -0.00585938
v 0.40820312 0.34570312 0.00195312
v 0.41210938 -0.31054688 0.01757812
v 0.41210938 -0.29882812 -0.02148438
v 0.41210938 -0.23242188 -0.03320312
v 0.41210938 -0.18945312 0.02539062
v 0.41210938 -0.18554688 0.02148438
v 0.41210938 -0.17773438 -0.02929688
v 0.41210938 -0.17773438 0.02539062
v 0.41210938 -0.15820312 -0.01757812
v 0.41210938 -0.15820312 0.01757812
v 0.41210938 -0.15429688 -0.00976562
v 0.41210938 -0.14257812 0.01367188
v 0.41210938 -0.12695312 -0.00585938
v 0.41210938 -0.09570312 -0.00976562
v 0.41210938 0.23632812 0.00195312
v 0.41210938 0.24023438 -0.00195312
v 0.41210938 0.26757812 -0.00585938
v 0.41210938 0.34570312 -0.00585938
v 0.41210938 0.34570312 -0.00195312
v 0.41601562 -0.31054688 -0.02148438
v 0.41601562 -0.28710938 0.02148438
v 0.41601562 -0.26367188 0.02929688
v 0.41601562 -0.22460938 0.03320312
v 0.41601562 -0.19726562 -0.02929688
v 0.41601562 -0.19335938 0.02539062
v 0.41601562 -0.18945312 -0.02929688
v 0.41601562 -0.18164062 -0.02539062
v 0.41601562 -0.18164062 0.01757812
v 0.41601562 -0.17382812 -0.01757812
v 0.41601562 -0.17382812 0.01757812
v 0.41601562 -0.15429688 0.01367188
v 0.41601562 -0.12695312 0.00195312
v 0.41601562 -0.09570312 0.00976562
v 0.41601562 -0.09179688 -0.00976562
v 0.41601562 0.26367188 0.00585938
v 0.41601562 0.26757812 -0.00195312
v 0.41601562 0.28710938 -0.00585938
v 0.41601562 0.28710938 -0.00195312
v 0.41601562 0.28710938 0.00585938
v 0.41601562 0.31445312 -0.00585938
v 0.41601562 0.31445312 -0.00195312
v 0.41601562 0.31445312 0.00585938
v 0.41992188 -0.31445312 -0.01367188
v 0.41992188 -0.31445312 -0.00195312
v 0.41992188 -0.31054688 0.00976562
v 0.41992188 -0.29882812 0.01757812
v 0.41992188 -0.25195312 -0.02929688
v 0.41992188 -0.21289062 -0.02539062
v 0.41992188 -0.20507812 0.02929688
v 0.41992188 -0.18945312 0.01367188
v 0.41992188 -0.18164062 -0.01757812
v 0.41992188 -0.17382812 -0.00976562
v 0.41992188 -0.15429688 0.00585938
v 0.41992188 -0.15039062 -0.00585938
v 0.41992188 -0.12304688 -0.00585938
v 0.41992188 -0.11914062 0.00976562
v 0.41992188 -0.09179688 0.00976562
v 0.41992188 -0.08789062 -0.00585938
v 0.42382812 -0.30664062 0.00976562
v 0.42382812 -0.30273438 0.01367188
v 0.42382812 -0.27929688 0.02539062
v 0.42382812 -0.24023438 0.02929688
v 0.42382812 -0.19335938 0.01757812
v 0.42382812 -0.18554688 -0.01757812
v 0.42382812 -0.18164062 -0.00976562
v 0.42382812 -0.18164062 0.01367188
v 0.42382812 -0.16992188 0.01367188
v 0.42382812 -0.16601562 -0.00585938
v 0.42382812 -0.11523438 -0.00976562
v 0.42382812 -0.11523438 0.00976562
v 0.42382812 -0.08789062 -0.00195312
v 0.42382812 -0.08789062 0.00195312
v 0.42382812 -0.08789062 0.00585938
v 0.42773438 -0.29101562 -0.02148438
v 0.42773438 -0.27539062 -0.02539062
v 0.42773438 -0.25585938 0.02929688
v 0.42773438 -0.22851562 -0.02929688
v 0.42773438 -0.22070312 0.02539062
v 0.42773438 -0.20507812 0.02148438
v 0.42773438 -0.19726562 -0.02148438
v 0.42773438 -0.18554688 0.01367188
v 0.42773438 -0.18164062 -0.00976562
v 0.42773438 -0.17773438 -0.00585938
v 0.42773438 -0.17773438 0.00976562
v 0.42773438 -0.16992188 0.00585938
v 0.42773438 -0.14257812 -0.00585938
v 0.42773438 -0.14257812 0.00585938
v 0.43164062 -0.30664062 -0.00976562
v 0.43164062 -0.30273438 -0.01757812
v 0.43164062 -0.29882812 0.01367188
v 0.43164062 -0.29101562 0.01757812
v 0.43164062 -0.24804688 -0.02539062
v 0.43164062 -0.23632812 0.02539062
v 0.43164062 -0.21679688 0.02148438
v 0.43164062 -0.21289062 -0.02148438
v 0.43164062 -0.18945312 0.01367188
v 0.43164062 -0.15820312 0.00585938
v 0.43164062 -0.13867188 0.00976562
v 0.43164062 -0.11132812 -0.00976562
v 0.43164062 -0.11132812 0.00976562
v 0.43554688 -0.30664062 -0.00195312
v 0.43554688 -0.30664062 0.00585938
v 0.43554688 -0.30273438 0.00976562
v 0.43554688 -0.27539062 0.02539062
v 0.43554688 -0.25195312 0.02148438
v 0.43554688 -0.22851562 -0.02148438
v 0.43554688 -0.21289062 -0.01367188
v 0.43554688 -0.20507812 0.01367188
v 0.43554688 -0.19726562 -0.01367188
v 0.43554688 -0.18554688 0.00585938
v 0.43554688 -0.17382812 0.00585938
v 0.43554688 -0.16210938 -0.00585938
v 0.43554688 -0.13476562 -0.00976562
v 0.43554688 -0.13085938 0.00976562
v 0.43554688 -0.10742188 -0.00585938
v 0.43554688 -0.10742188 -0.00195312
v 0.43554688 -0.10742188 0.00195312
v 0.43554688 -0.10742188 0.00585938
v 0.43945312 -0.29101562 -0.00976562
v 0.43945312 -0.28320312 0.01757812
v 0.43945312 -0.26757812 -0.02539062
v 0.43945312 -0.24804688 0.01757812
v 0.43945312 -0.24414062 -0.02148438
v 0.43945312 -0.23242188 0.01757812
v 0.43945312 -0.22851562 -0.01367188
v 0.43945312 -0.21679688 0.01367188
v 0.43945312 -0.20117188 0.00976562
v 0.43945312 -0.18164062 -0.00585938
v 0.43945312 -0.15820312 0.00585938
v 0.43945312 -0.15429688 -0.00976562
v 0.43945312 -0.13085938 -0.00976562
v 0.44335938 -0.29882812 -0.00976562
v 0.44335938 -0.29492188 0.00976562
v 0.44335938 -0.29101562 0.01367188
v 0.44335938 -0.28320312 -0.01757812
v 0.44335938 -0.26757812 0.01757812
v 0.44335938 -0.22851562 0.01367188
v 0.44335938 -0.21679688 -0.00976562
v 0.44335938 -0.21679688 0.00976562
v 0.44335938 -0.19726562 -0.00976562
v 0.44335938 -0.17382812 0.00585938
v 0.44335938 -0.12695312 -0.00585938
v 0.44335938 -0.12695312 0.00976562
v 0.44726562 -0.29882812 -0.00195312
v 0.44726562 -0.29882812 0.00585938
v 0.44726562 -0.26367188 0.01367188
v 0.44726562 -0.25976562 -0.01757812
v 0.44726562 -0.24804688 0.01367188
v 0.44726562 -0.24414062 -0.01367188
v 0.44726562 -0.22851562 0.00976562
v 0.44726562 -0.19335938 0.00976562
v 0.44726562 -0.17382812 -0.00976562
v 0.44726562 -0.15429688 -0.00976562
v 0.44726562 -0.15429688 0.00976562
v 0.44726562 -0.12695312 -0.00195312
v 0.44726562 -0.12695312 0.00195312
v 0.44726562 -0.12695312 0.00585938
v 0.45117188 -0.28710938 -0.00976562
v 0.45117188 -0.27929688 0.01367188
v 0.45117188 -0.27539062 -0.01367188
v 0.45117188 -0.25585938 -0.01367188
v 0.45117188 -0.25585938 0.01367188
v 0.45117188 -0.23242188 -0.01367188
v 0.45117188 -0.21289062 0.00976562
v 0.45117188 -0.19335938 -0.00976562
v 0.45117188 -0.16992188 0.00976562
v 0.45117188 -0.15039062 0.00585938
v 0.45507812 -0.29492188 -0.00976562
v 0.45507812 -0.29101562 0.00976562
v 0.45507812 -0.28710938 0.00976562
v 0.45507812 -0.27148438 0.01367188
v 0.45507812 -0.25195312 -0.01367188
v 0.45507812 -0.24414062 -0.01367188
v 0.45507812 -0.24414062 0.00976562
v 0.45507812 -0.21289062 -0.00976562
v 0.45507812 -0.19335938 0.00976562
v 0.45507812 -0.17382812 -0.00976562
v 0.45507812 -0.15039062 -0.00585938
v 0.45507812 -0.15039062 0.00585938
v 0.45507812 -0.14648438 -0.00195312
v 0.45507812 -0.14648438 0.00195312
v 0.45898438 -0.29492188 -0.00195312
v 0.45898438 -0.29492188 0.00585938
v 0.45898438 -0.26367188 0.01367188
v 0.45898438 -0.25195312 0.00976562
v 0.45898438 -0.24023438 0.00976562
v 0.45898438 -0.22851562 0.00976562
v 0.45898438 -0.21289062 0.00976562
v 0.45898438 -0.16992188 -0.00585938
v 0.45898438 -0.16992188 0.00976562
v 0.46289062 -0.29101562 -0.00585938
v 0.46289062 -0.28710938 -0.00976562
v 0.46289062 -0.28710938 -0.00195312
v 0.46289062 -0.28710938 0.00195312
v 0.46289062 -0.28710938 0.00585938
v 0.46289062 -0.27539062 0.00976562
v 0.46289062 -0.27148438 -0.00976562
v 0.46289062 -0.25585938 -0.00976562
v 0.46289062 -0.25585938 0.01367188
v 0.46289062 -0.24414062 -0.00976562
v 0.46289062 -0.24414062 0.00976562
v 0.46289062 -0.23242188 -0.00976562
v 0.46289062 -0.22851562 0.00976562
v 0.46289062 -0.19335938 -0.00976562
v 0.46289062 -0.19335938 0.00976562
v 0.46289062 -0.16992188 -0.00195312
v 0.46289062 -0.16992188 0.00195312
v 0.46679688 -0.27929688 -0.00585938
v 0.46679688 -0.27929688 -0.00195312
v 0.46679688 -0.27929688 0.00195312
v 0.46679688 -0.27929688 0.00585938
v 0.46679688 -0.26757812 0.01367188
v 0.46679688 -0.21289062 -0.00976562
v 0.46679688 -0.21289062 0.00976562
v 0.46679688 -0.19335938 -0.00585938
v 0.46679688 -0.19335938 -0.00195312
v 0.46679688 -0.19335938 0.00585938
v 0.47070312 -0.26757812 -0.00585938
v 0.47070312 -0.26757812 -0.00195312
v 0.47070312 -0.26757812 0.00195312
v 0.47070312 -0.26757812 0.00585938
v 0.47070312 -0.25976562 -0.00976562
v 0.47070312 -0.25976562 -0.00195312
v 0.47070312 -0.25976562 0.00195312
v 0.47070312 -0.25976562 0.00585938
v 0.47070312 -0.25976562 0.01367188
v 0.47070312 -0.24804688 -0.00976562
v 0.47070312 -0.24804688 -0.00195312
v 0.47070312 -0.24804688 0.00195312
v 0.47070312 -0.24804688 0.00585938
v 0.47070312 -0.24804688 0.00976562
v 0.47070312 -0.23242188 -0.00976562
v 0.47070312 -0.23242188 -0.00195312
v 0.47070312 -0.23242188 0.00195312
v 0.47070312 -0.23242188 0.00585938
v 0.47070312 -0.23242188 0.00976562
v 0.47070312 -0.21289062 -0.00585938
v 0.47070312 -0.21289062 -0.00195312
v 0.47070312 -0.21289062 0.00585938
f 2284 2357 2247
f 2284 2247 2173
f 2247 2357 2249
f 2357 2284 2391
f 2284 2173 2331
f 2173 2247 2141
f 2247 2249 2106
f 2249 2357 2359
f 2357 2391 2544
f 2391 2284 2474
f 2284 2331 2474
f 2331 2173 2215
f 2173 2141 2040
f 2141 2247 2106
f 2106 2249 2143
f 2249 2359 2392
f 2359 2357 2515
f 2357 2544 2545
f 2544 2391 2474
f 2474 2331 2514
f 2331 2215 2358
f 2215 2173 2105
f 2173 2040 2075
f 2040 2141 2008
f 2141 2106 2008
f 2106 2143 2009
f 2143 2249 2250
f 2249 2392 2250
f 2392 2359 2515
f 2515 2357 2545
f 2545 2544 2675
f 2544 2474 2572
f 2474 2514 2572
f 2514 2331 2358
f 2358 2215 2248
f 2215 2105 2142
f 2105 2173 2075
f 2075 2040 1949
f 2040 2008 1949
f 2008 2106 2009
f 2009 2143 2010
f 2143 2250 2175
f 2250 2392 2287
f 2392 2515 2516
f 2515 2545 2675
f 2675 2544 2674
f 2544 2572 2674
f 2572 2514 2546
f 2514 2358 2475
f 2358 2248 2285
f 2248 2215 2142
f 2142 2105 2007
f 2105 2075 1986
f 2075 1949 1986
f 1949 2008 1914
f 2008 2009 1914
f 2009 2010 1916
f 2010 2143 2175
f 2175 2250 2287
f 2287 2392 2393
f 2392 2516 2517
f 2516 2515 2607
f 2515 2675 2606
f 2675 2674 2757
f 2674 2572 2673
f 2572 2546 2672
f 2546 2514 2575
f 2514 2475 2574
f 2475 2358 2360
f 2358 2285 2360
f 2285 2248 2174
f 2248 2142 2174
f 2142 2007 2076
f 2007 2105 1986
f 1986 1949 1880
f 1949 1914 1845
f 1914 2009 1916
f 1916 2010 1881
f 2010 2175 2218
f 2175 2287 2332
f 2287 2393 2394
f 2393 2392 2517
f 2517 2516 2607
f 2607 2515 2606
f 2606 2675 2698
f 2675 2757 2758
f 2757 2674 2673
f 2673 2572 2672
f 2672 2546 2648
f 2546 2575 2573
f 2575 2514 2574
f 2574 2475 2476
f 2475 2360 2361
f 2360 2285 2286
f 2285 2174 2216
f 2174 2142 2077
f 2142 2076 2077
f 2076 2007 1915
f 2007 1986 1915
f 1986 1880 1915
f 1880 1949 1845
f 1845 1914 1817
f 1914 1916 1817
f 1916 1881 1784
f 1881 2010 1846
f 2010 2218 2108
f 2218 2175 2332
f 2332 2287 2394
f 2394 2393 2518
f 2393 2517 2518
f 2517 2607 2576
f 2607 2606 2677
f 2606 2698 2677
f 2698 2675 2758
f 2758 2757 2822
f 2757 2673 2756
f 2673 2672 2733
f 2672 2648 2699
f 2648 2546 2573
f 2573 2575 2648
f 2575 2574 2678
f 2574 2476 2547
f 2476 2475 2361
f 2361 2360 2286
f 2286 2285 2216
f 2216 2174 2077
f 2077 2076 1951
f 2076 1915 1950
f 1915 1880 1703
f 1880 1845 1703
f 1845 1817 1663
f 1817 1916 1784
f 1784 1881 1785
f 1881 1846 1785
f 1846 2010 1952
f 2010 2108 1952
f 2108 2218 2291
f 2218 2332 2291
f 2332 2394 2395
f 2394 2518 2477
f 2518 2517 2576
f 2576 2607 2649
f 2607 2677 2649
f 2677 2698 2734
f 2698 2758 2823
f 2758 2822 2823
f 2822 2757 2821
f 2757 2756 2821
f 2756 2673 2733
f 2733 2672 2699
f 2699 2648 2676
f 2648 2575 2676
f 2575 2678 2676
f 2678 2574 2650
f 2574 2547 2650
f 2547 2476 2437
f 2476 2361 2362
f 2361 2286 2362
f 2286 2216 2217
f 2216 2077 2107
f 2077 1951 1987
f 1951 2076 1950
f 1950 1915 1739
f 1915 1703 1739
f 1703 1845 1662
f 1845 1663 1662
f 1663 1817 1784
f 1784 1785 1616
f 1785 1846 1740
f 1846 1952 1917
f 1952 2108 2041
f 2108 2291 2177
f 2291 2332 2364
f 2332 2395 2364
f 2395 2394 2477
f 2477 2518 2549
f 2518 2576 2577
f 2576 2649 2577
f 2649 2677 2702
f 2677 2734 2701
f 2734 2698 2823
f 2823 2822 2851
f 2822 2821 2851
f 2821 2756 2786
f 2756 2733 2786
f 2733 2699 2759
f 2699 2676 2700
f 2676 2678 2700
f 2678 2650 2703
f 2650 2547 2608
f 2547 2437 2519
f 2437 2476 2362
f 2362 2286 2288
f 2286 2217 2288
f 2217 2216 2107
f 2107 2077 1987
f 1987 1951 1786
f 1951 1950 1787
f 1950 1739 1787
f 1739 1703 1481
f 1703 1662 1480
f 1662 1663 1448
f 1663 1784 1616
f 1616 1785 1617
f 1785 1740 1585
f 1740 1846 1664
f 1846 1917 1819
f 1917 1952 1988
f 1952 2041 1988
f 2041 2108 2110
f 2108 2177 2110
f 2177 2291 2366
f 2291 2364 2366
f 2364 2395 2366
f 2395 2477 2439
f 2477 2549 2439
f 2549 2518 2577
f 2577 2649 2609
f 2649 2702 2609
f 2702 2677 2701
f 2701 2734 2787
f 2734 2823 2787
f 2823 2851 2852
f 2851 2821 2850
f 2821 2786 2824
f 2786 2733 2759
f 2759 2699 2760
f 2699 2700 2760
f 2700 2678 2735
f 2678 2703 2735
f 2703 2650 2651
f 2650 2608 2651
f 2608 2547 2548
f 2547 2519 2548
f 2519 2437 2438
f 2437 2362 2396
f 2362 2288 2363
f 2288 2217 2251
f 2217 2107 2144
f 2107 1987 2144
f 1987 1786 1818
f 1786 1951 1787
f 1787 1739 1518
f 1739 1481 1518
f 1481 1703 1480
f 1480 1662 1448
f 1448 1663 1616
f 1616 1617 1519
f 1617 1785 1585
f 1585 1740 1664
f 1664 1846 1819
f 1819 1917 1847
f 1917 1988 1847
f 1988 2041 2042
f 2041 2110 2042
f 2110 2177 2255
f 2177 2366 2255
f 2366 2395 2439
f 2439 2549 2478
f 2549 2577 2609
f 2609 2702 2679
f 2702 2701 2761
f 2701 2787 2761
f 2787 2823 2852
f 2852 2851 2875
f 2851 2850 2875
f 2850 2821 2824
f 2824 2786 2788
f 2786 2759 2788
f 2759 2760 2788
f 2760 2700 2762
f 2700 2735 2762
f 2735 2703 2737
f 2703 2651 2737
f 2651 2608 2579
f 2608 2548 2579
f 2548 2519 2520
f 2519 2438 2520
f 2438 2437 2396
f 2396 2362 2363
f 2363 2288 2289
f 2288 2251 2289
f 2251 2217 2144
f 2144 1987 2011
f 1987 1818 1882
f 1818 1786 1618
f 1786 1787 1584
f 1787 1518 1554
f 1518 1481 1297
f 1481 1480 1297
f 1480 1448 1299
f 1448 1616 1482
f 1616 1519 1482
f 1519 1617 1585
f 1585 1664 1520
f 1664 1819 1741
f 1819 1847 1741
f 1847 1988 1954
f 1988 2042 2013
f 2042 2110 2178
f 2110 2255 2178
f 2255 2366 2335
f 2366 2439 2335
f 2439 2478 2335
f 2478 2549 2578
f 2549 2609 2578
f 2609 2679 2610
f 2679 2702 2704
f 2702 2761 2736
f 2761 2787 2790
f 2787 2852 2790
f 2852 2875 2854
f 2875 2850 2874
f 2850 2824 2853
f 2824 2788 2825
f 2788 2760 2789
f 2760 2762 2791
f 2762 2735 2737
f 2737 2651 2680
f 2651 2579 2611
f 2579 2548 2521
f 2548 2520 2521
f 2520 2438 2397
f 2438 2396 2397
f 2396 2363 2365
f 2363 2289 2290
f 2289 2251 2252
f 2251 2144 2176
f 2144 2011 2176
f 2011 1987 1882
f 1882 1818 1704
f 1818 1618 1704
f 1618 1786 1584
f 1584 1787 1554
f 1554 1518 1362
f 1518 1297 1329
f 1297 1480 1298
f 1480 1299 1298
f 1299 1448 1482
f 1482 1519 1449
f 1519 1585 1449
f 1585 1520 1363
f 1520 1664 1483
f 1664 1741 1586
f 1741 1847 1848
f 1847 1954 1848
f 1954 1988 2013
f 2013 2042 2111
f 2042 2178 2111
f 2178 2255 2256
f 2255 2335 2256
f 2335 2478 2398
f 2478 2578 2522
f 2578 2609 2610
f 2610 2679 2704
f 2704 2702 2736
f 2736 2761 2738
f 2761 2790 2763
f 2790 2852 2854
f 2854 2875 2877
f 2875 2874 2877
f 2874 2850 2853
f 2853 2824 2825
f 2825 2788 2792
f 2788 2789 2792
f 2789 2760 2791
f 2791 2762 2739
f 2762 2737 2739
f 2737 2680 2739
f 2680 2651 2611
f 2611 2579 2551
f 2579 2521 2551
f 2521 2520 2440
f 2520 2397 2440
f 2397 2396 2365
f 2365 2363 2333
f 2363 2290 2333
f 2290 2289 2252
f 2252 2251 2219
f 2251 2176 2219
f 2176 2011 2078
f 2011 1882 1953
f 1882 1704 1953
f 1704 1618 1450
f 1618 1584 1450
f 1584 1554 1362
f 1362 1518 1329
f 1329 1297 1184
f 1297 1298 1184
f 1298 1299 1186
f 1299 1482 1330
f 1482 1449 1330
f 1449 1585 1363
f 1363 1520 1332
f 1520 1483 1332
f 1483 1664 1586
f 1586 1741 1587
f 1741 1848 1742
f 1848 1954 1955
f 1954 2013 1955
f 2013 2111 2044
f 2111 2178 2256
f 2256 2335 2398
f 2398 2478 2522
f 2522 2578 2550
f 2578 2610 2550
f 2610 2704 2652
f 2704 2736 2738
f 2738 2761 2763
f 2763 2790 2794
f 2790 2854 2856
f 2854 2877 2856
f 2877 2874 2876
f 2874 2853 2855
f 2853 2825 2826
f 2825 2792 2826
f 2792 2789 2791
f 2791 2739 2764
f 2739 2680 2705
f 2680 2611 2705
f 2611 2551 2552
f 2551 2521 2441
f 2521 2440 2441
f 2440 2397 2334
f 2397 2365 2292
f 2365 2333 2253
f 2333 2290 2253
f 2290 2252 2219
f 2219 2176 2109
f 2176 2078 2109
f 2078 2011 1953
f 1953 1704 1788
f 1704 1450 1555
f 1450 1584 1409
f 1584 1362 1409
f 1362 1329 1272
f 1329 1184 1227
f 1184 1298 1185
f 1298 1186 1185
f 1186 1299 1330
f 1330 1449 1271
f 1449 1363 1271
f 1363 1332 1271
f 1332 1483 1451
f 1483 1586 1451
f 1586 1587 1451
f 1587 1741 1742
f 1742 1848 1790
f 1848 1955 1919
f 1955 2013 2044
f 2044 2111 2180
f 2111 2256 2180
f 2256 2398 2294
f 2398 2522 2442
f 2522 2550 2442
f 2550 2610 2652
f 2652 2704 2653
f 2704 2738 2706
f 2738 2763 2740
f 2763 2794 2765
f 2794 2790 2856
f 2856 2877 2857
f 2877 2876 2879
f 2876 2874 2855
f 2855 2853 2826
f 2826 2792 2795
f 2792 2791 2793
f 2791 2764 2793
f 2764 2739 2705
f 2705 2611 2612
f 2611 2552 2612
f 2552 2551 2443
f 2551 2441 2479
f 2441 2440 2368
f 2440 2334 2367
f 2334 2397 2292
f 2292 2365 2253
f 2253 2290 2254
f 2290 2219 2254
f 2219 2109 2254
f 2109 2078 2012
f 2078 1953 2012
f 1953 1788 1883
f 1788 1704 1619
f 1704 1555 1619
f 1555 1450 1410
f 1450 1409 1300
f 1409 1362 1272
f 1272 1329 1227
f 1227 1184 1127
f 1184 1185 1093
f 1185 1186 1093
f 1186 1330 1271
f 1271 1332 1228
f 1332 1451 1301
f 1451 1587 1452
f 1587 1742 1589
f 1742 1790 1589
f 1790 1848 1919
f 1919 1955 2014
f 1955 2044 2014
f 2044 2180 2080
f 2180 2256 2222
f 2256 2294 2222
f 2294 2398 2442
f 2442 2550 2480
f 2550 2652 2580
f 2652 2653 2581
f 2653 2704 2706
f 2706 2738 2740
f 2740 2763 2765
f 2765 2794 2797
f 2794 2856 2857
f 2857 2877 2880
f 2877 2879 2880
f 2879 2876 2878
f 2876 2855 2878
f 2855 2826 2858
f 2826 2795 2858
f 2795 2792 2796
f 2792 2793 2796
f 2793 2764 2766
f 2764 2705 2707
f 2705 2612 2707
f 2612 2552 2553
f 2552 2443 2553
f 2443 2551 2479
f 2479 2441 2368
f 2368 2440 2367
f 2367 2334 2257
f 2334 2292 2220
f 2292 2253 2179
f 2253 2254 2179
f 2254 2109 2145
f 2109 2012 2145
f 2012 1953 1883
f 1883 1788 1705
f 1788 1619 1705
f 1619 1555 1410
f 1410 1450 1331
f 1450 1300 1331
f 1300 1409 1272
f 1272 1227 1158
f 1227 1127 1158
f 1127 1184 1126
f 1184 1093 1126
f 1093 1186 1128
f 1186 1271 1128
f 1271 1228 1128
f 1228 1332 1301
f 1301 1451 1452
f 1452 1587 1589
f 1589 1790 1849
f 1790 1919 1957
f 1919 2014 2046
f 2014 2044 2080
f 2080 2180 2222
f 2222 2294 2369
f 2294 2442 2369
f 2442 2480 2369
f 2480 2550 2580
f 2580 2652 2581
f 2581 2653 2614
f 2653 2706 2681
f 2706 2740 2681
f 2740 2765 2741
f 2765 2797 2767
f 2797 2794 2857
f 2857 2880 2909
f 2880 2879 2908
f 2879 2878 2908
f 2878 2855 2858
f 2858 2795 2827
f 2795 2796 2827
f 2796 2793 2766
f 2766 2764 2707
f 2707 2612 2613
f 2612 2553 2613
f 2553 2443 2445
f 2443 2479 2370
f 2479 2368 2399
f 2368 2367 2336
f 2367 2257 2293
f 2257 2334 2220
f 2220 2292 2179
f 2179 2254 2145
f 2145 2012 2043
f 2012 1883 1918
f 1883 1705 1918
f 1705 1619 1521
f 1619 1410 1521
f 1410 1331 1273
f 1331 1300 1273
f 1300 1272 1229
f 1272 1158 1229
f 1158 1127 1130
f 1127 1126 1094
f 1126 1093 1096
f 1093 1128 1129
f 1128 1228 1129
f 1228 1301 1188
f 1301 1452 1303
f 1452 1589 1708
f 1589 1849 1708
f 1849 1790 1957
f 1957 1919 2046
f 2046 2014 2147
f 2014 2080 2147
f 2080 2222 2147
f 2222 2369 2258
f 2369 2480 2400
f 2480 2580 2523
f 2580 2581 2524
f 2581 2614 2554
f 2614 2653 2681
f 2681 2740 2741
f 2741 2765 2767
f 2767 2797 2860
f 2797 2857 2881
f 2857 2909 2881
f 2909 2880 2908
f 2908 2878 2896
f 2878 2858 2882
f 2858 2827 2859
f 2827 2796 2798
f 2796 2766 2768
f 2766 2707 2682
f 2707 2613 2615
f 2613 2553 2525
f 2553 2445 2525
f 2445 2443 2338
f 2443 2370 2338
f 2370 2479 2399
f 2399 2368 2336
f 2336 2367 2293
f 2293 2257 2221
f 2257 2220 2146
f 2220 2179 2079
f 2179 2145 2079
f 2145 2043 2079
f 2043 2012 1918
f 1918 1705 1820
f 1705 1521 1588
f 1521 1410 1333
f 1410 1273 1333
f 1273 1300 1229
f 1229 1158 1187
f 1158 1130 1187
f 1130 1127 1094
f 1094 1126 1095
f 1126 1096 1095
f 1096 1093 1129
f 1129 1228 1188
f 1188 1301 1189
f 1301 1303 1189
f 1303 1452 1524
f 1452 1708 1524
f 1708 1849 1791
f 1849 1957 2015
f 1957 2046 2114
f 2046 2147 2114
f 2147 2222 2183
f 2222 2258 2183
f 2258 2369 2337
f 2369 2400 2337
f 2400 2480 2523
f 2523 2580 2524
f 2524 2581 2554
f 2554 2614 2582
f 2614 2681 2683
f 2681 2741 2683
f 2741 2767 2742
f 2767 2860 2799
f 2860 2797 2881
f 2881 2909 2898
f 2909 2908 2930
f 2908 2896 2928
f 2896 2878 2882
f 2882 2858 2859
f 2859 2827 2798
f 2798 2796 2768
f 2768 2766 2682
f 2682 2707 2615
f 2615 2613 2525
f 2525 2445 2402
f 2445 2338 2402
f 2338 2370 2223
f 2370 2399 2295
f 2399 2336 2295
f 2336 2293 2221
f 2221 2257 2181
f 2257 2146 2181
f 2146 2220 2079
f 2079 2043 1989
f 2043 1918 1989
f 1918 1820 1884
f 1820 1705 1789
f 1705 1588 1706
f 1588 1521 1522
f 1521 1333 1411
f 1333 1273 1230
f 1273 1229 1230
f 1229 1187 1230
f 1187 1130 1159
f 1130 1094 1133
f 1094 1095 1133
f 1095 1096 1131
f 1096 1129 1131
f 1129 1188 1189
f 1189 1303 1365
f 1303 1524 1365
f 1524 1708 1791
f 1791 1849 1921
f 1849 2015 1921
f 2015 1957 2114
f 2114 2147 2183
f 2183 2258 2337
f 2337 2400 2401
f 2400 2523 2444
f 2523 2524 2401
f 2524 2554 2481
f 2554 2582 2482
f 2582 2614 2683
f 2683 2741 2742
f 2742 2767 2799
f 2799 2860 2829
f 2860 2881 2883
f 2881 2898 2883
f 2898 2909 2930
f 2930 2908 2929
f 2908 2928 2929
f 2928 2896 2910
f 2896 2882 2910
f 2882 2859 2910
f 2859 2798 2828
f 2798 2768 2828
f 2768 2682 2684
f 2682 2615 2684
f 2615 2525 2583
f 2525 2402 2339
f 2402 2338 2261
f 2338 2223 2261
f 2223 2370 2259
f 2370 2295 2259
f 2295 2336 2221
f 2221 2181 2112
f 2181 2146 2045
f 2146 2079 1989
f 1989 1918 1884
f 1884 1820 1789
f 1789 1705 1706
f 1706 1588 1620
f 1588 1522 1620
f 1522 1521 1411
f 1411 1333 1364
f 1333 1230 1302
f 1230 1187 1190
f 1187 1159 1190
f 1159 1130 1133
f 1133 1095 1097
f 1095 1131 1097
f 1131 1129 1132
f 1129 1189 1132
f 1189 1365 1274
f 1365 1524 1665
f 1524 1791 1665
f 1791 1921 1992
f 1921 2015 1992
f 2015 2114 2184
f 2114 2183 2260
f 2183 2337 2260
f 2337 2401 2260
f 2401 2400 2444
f 2444 2523 2401
f 2401 2524 2371
f 2524 2481 2371
f 2481 2554 2403
f 2554 2482 2403
f 2482 2582 2555
f 2582 2683 2654
f 2683 2742 2654
f 2742 2799 2743
f 2799 2829 2743
f 2829 2860 2883
f 2883 2898 2899
f 2898 2930 2932
f 2930 2929 2948
f 2929 2928 2970
f 2928 2910 2947
f 2910 2859 2897
f 2859 2828 2897
f 2828 2768 2800
f 2768 2684 2685
f 2684 2615 2583
f 2583 2525 2483
f 2525 2339 2483
f 2339 2402 2261
f 2261 2223 2148
f 2223 2259 2182
f 2259 2295 2221
f 2221 2112 2182
f 2112 2181 2045
f 2045 2146 1989
f 1989 1884 1956
f 1884 1789 1821
f 1789 1706 1743
f 1706 1620 1743
f 1620 1522 1484
f 1522 1411 1484
f 1411 1364 1484
f 1364 1333 1302
f 1302 1230 1304
f 1230 1190 1231
f 1190 1159 1275
f 1159 1133 1275
f 1133 1097 1232
f 1097 1131 1160
f 1131 1132 1160
f 1132 1189 1274
f 1274 1365 1485
f 1365 1665 1485
f 1665 1791 1887
f 1791 1992 1887
f 1992 2015 2082
f 2015 2184 2082
f 2184 2114 2260
f 2260 2401 2371
f 2371 2481 2403
f 2403 2482 2446
f 2482 2555 2446
f 2555 2582 2654
f 2654 2742 2743
f 2743 2829 2744
f 2829 2883 2831
f 2883 2899 2831
f 2899 2898 2932
f 2932 2930 2948
f 2948 2929 2971
f 2929 2970 2971
f 2970 2928 2947
f 2947 2910 2931
f 2910 2897 2931
f 2897 2828 2884
f 2828 2800 2884
f 2800 2768 2685
f 2685 2684 2584
f 2684 2583 2584
f 2583 2483 2584
f 2483 2339 2297
f 2339 2261 2224
f 2261 2148 2081
f 2148 2223 2048
f 2223 2182 2113
f 2182 2259 2221
f 2182 2112 2047
f 2112 2045 2047
f 2045 1989 1956
f 1956 1884 1821
f 1821 1789 1743
f 1743 1620 1621
f 1620 1484 1523
f 1484 1364 1523
f 1364 1302 1412
f 1302 1304 1412
f 1304 1230 1231
f 1231 1190 1305
f 1190 1275 1305
f 1275 1133 1232
f 1232 1097 1161
f 1097 1160 1161
f 1160 1132 1191
f 1132 1274 1191
f 1274 1485 1366
f 1485 1665 1593
f 1665 1887 1792
f 1887 1992 2017
f 1992 2082 2225
f 2082 2184 2296
f 2184 2260 2371
f 2371 2403 2296
f 2403 2446 2340
f 2446 2555 2484
f 2555 2654 2616
f 2654 2743 2616
f 2743 2744 2585
f 2744 2829 2831
f 2831 2899 2861
f 2899 2932 2972
f 2932 2948 2972
f 2948 2971 2996
f 2971 2970 3007
f 2970 2947 3007
f 2947 2931 2987
f 2931 2897 2911
f 2897 2884 2911
f 2884 2800 2830
f 2800 2685 2708
f 2685 2584 2556
f 2584 2483 2447
f 2483 2297 2447
f 2297 2339 2224
f 2224 2261 2081
f 2081 2148 2048
f 2048 2223 2113
f 2113 2182 2047
f 2047 2045 1956
f 1956 1821 1885
f 1821 1743 1885
f 1743 1621 1707
f 1621 1620 1523
f 1523 1364 1412
f 1412 1304 1413
f 1304 1231 1334
f 1231 1305 1334
f 1305 1275 1453
f 1275 1232 1414
f 1232 1161 1335
f 1161 1160 1306
f 1160 1191 1307
f 1191 1274 1366
f 1366 1485 1593
f 1593 1665 1792
f 1792 1887 1922
f 1887 2017 1922
f 2017 1992 2115
f 1992 2225 2115
f 2225 2082 2296
f 2296 2184 2371
f 2296 2403 2340
f 2340 2446 2372
f 2446 2484 2372
f 2484 2555 2616
f 2616 2743 2585
f 2585 2744 2770
f 2744 2831 2861
f 2861 2899 2933
f 2899 2972 2933
f 2972 2948 2996
f 2996 2971 2995
f 2971 3007 2995
f 3007 2947 2997
f 2947 2987 2997
f 2987 2931 2973
f 2931 2911 2973
f 2911 2884 2885
f 2884 2830 2885
f 2830 2800 2708
f 2708 2685 2556
f 2556 2584 2404
f 2584 2447 2404
f 2447 2297 2227
f 2297 2224 2149
f 2224 2081 2149
f 2081 2048 2016
f 2048 2113 1990
f 2113 2047 1990
f 2047 1956 1885
f 1885 1743 1822
f 1743 1707 1822
f 1707 1621 1590
f 1621 1523 1590
f 1523 1412 1525
f 1412 1413 1525
f 1413 1304 1334
f 1334 1305 1486
f 1305 1453 1486
f 1453 1275 1414
f 1414 1232 1335
f 1335 1161 1306
f 1306 1160 1307
f 1307 1191 1366
f 1366 1593 1527
f 1593 1792 1746
f 1792 1922 1746
f 1922 2017 2116
f 2017 2115 2116
f 2115 2225 2340
f 2225 2296 2340
f 2340 2372 2226
f 2372 2484 2373
f 2484 2616 2585
f 2585 2770 2618
f 2770 2744 2861
f 2861 2933 2974
f 2933 2972 2998
f 2972 2996 3031
f 2996 2995 3056
f 2995 3007 3073
f 3007 2997 3055
f 2997 2987 3030
f 2987 2973 3020
f 2973 2911 2934
f 2911 2885 2934
f 2885 2830 2708
f 2708 2556 2617
f 2556 2404 2448
f 2404 2447 2227
f 2227 2297 2149
f 2149 2081 2049
f 2081 2016 1991
f 2016 2048 1990
f 1990 2047 1885
f 1885 1822 1990
f 1822 1707 1920
f 1707 1590 1744
f 1590 1523 1525
f 1525 1413 1591
f 1413 1334 1526
f 1334 1486 1526
f 1486 1453 1592
f 1453 1414 1556
f 1414 1335 1556
f 1335 1306 1454
f 1306 1307 1455
f 1307 1366 1455
f 1366 1527 1455
f 1527 1593 1668
f 1593 1746 1668
f 1746 1922 1851
f 1922 2116 2018
f 2116 2115 2226
f 2115 2340 2226
f 2226 2372 2262
f 2372 2373 2262
f 2373 2484 2585
f 2585 2618 2485
f 2618 2770 2686
f 2770 2861 2900
f 2861 2974 2900
f 2974 2933 2998
f 2998 2972 3031
f 3031 2996 3056
f 3056 2995 3073
f 3073 3007 3055
f 3055 2997 3030
f 3030 2987 3020
f 3020 2973 2988
f 2973 2934 2988
f 2934 2885 2886
f 2885 2708 2769
f 2708 2617 2769
f 2617 2556 2448
f 2448 2404 2117
f 2404 2227 2117
f 2227 2149 2083
f 2149 2049 1993
f 2049 2081 1991
f 1991 2016 1920
f 2016 1990 1920
f 1990 1822 1920
f 1920 1707 1850
f 1707 1744 1850
f 1744 1590 1666
f 1590 1525 1666
f 1525 1591 1666
f 1591 1413 1526
f 1526 1486 1667
f 1486 1592 1667
f 1592 1453 1556
f 1556 1335 1487
f 1335 1454 1487
f 1454 1306 1455
f 1455 1527 1595
f 1527 1668 1595
f 1668 1746 1794
f 1746 1851 1794
f 1851 1922 2018
f 2018 2116 2118
f 2116 2226 2262
f 2262 2373 2263
f 2373 2585 2374
f 2585 2485 2374
f 2485 2618 2686
f 2686 2770 2801
f 2770 2900 2801
f 2900 2974 2999
f 2974 2998 2999
f 2998 3031 3081
f 3031 3056 3081
f 3056 3073 3108
f 3073 3055 3091
f 3055 3030 3080
f 3030 3020 3074
f 3020 2988 3032
f 2988 2934 2935
f 2934 2886 2935
f 2886 2885 2769
f 2769 2617 2745
f 2617 2448 2745
f 2448 2117 2298
f 2117 2227 1958
f 2227 2083 1958
f 2083 2149 1993
f 1993 2049 1886
f 2049 1991 1886
f 1991 1920 1850
f 1850 1744 1886
f 1744 1666 1824
f 1666 1591 1793
f 1591 1526 1745
f 1526 1667 1745
f 1667 1592 1825
f 1592 1556 1709
f 1556 1487 1709
f 1487 1454 1594
f 1454 1455 1595
f 1595 1668 1750
f 1668 1794 1750
f 1794 1851 1959
f 1851 2018 2118
f 2118 2116 2262
f 2262 2263 2118
f 2263 2373 2374
f 2374 2485 2376
f 2485 2686 2587
f 2686 2801 2863
f 2801 2900 2936
f 2900 2999 2936
f 2999 2998 3057
f 2998 3081 3057
f 3081 3056 3092
f 3056 3108 3092
f 3108 3073 3091
f 3091 3055 3080
f 3080 3030 3074
f 3074 3020 3032
f 3032 2988 2989
f 2988 2935 2989
f 2935 2886 2862
f 2886 2769 2745
f 2745 2448 2586
f 2448 2298 2586
f 2298 2117 2019
f 2117 1958 1793
f 1958 2083 1888
f 2083 1993 1888
f 1993 1886 1888
f 1886 1991 1850
f 1886 1744 1823
f 1744 1824 1823
f 1824 1666 1793
f 1793 1591 1745
f 1745 1667 2019
f 1667 1825 2019
f 1825 1592 1709
f 1709 1487 1622
f 1487 1594 1622
f 1594 1454 1595
f 1595 1750 1594
f 1750 1794 1890
f 1794 1959 1890
f 1959 1851 2118
f 2118 2263 1959
f 2263 2374 2119
f 2374 2376 2228
f 2376 2485 2527
f 2485 2587 2527
f 2587 2686 2746
f 2686 2863 2746
f 2863 2801 2936
f 2936 2999 3021
f 2999 3057 3021
f 3057 3081 3110
f 3081 3092 3110
f 3092 3108 3133
f 3108 3091 3117
f 3091 3080 3117
f 3080 3074 3109
f 3074 3032 3109
f 3032 2989 3022
f 2989 2935 2912
f 2935 2862 2912
f 2862 2886 2745
f 2745 2586 2862
f 2586 2298 2449
f 2298 2019 2120
f 2019 2117 1745
f 2117 1793 1745
f 1793 1958 1824
f 1958 1888 1824
f 1888 1886 1823
f 1823 1824 1888
f 2019 1825 1994
f 1825 1709 1747
f 1709 1622 1747
f 1622 1594 1748
f 1594 1750 1749
f 1750 1890 1889
f 1890 1959 2119
f 1959 2263 2119
f 2119 2374 2228
f 2228 2376 2375
f 2376 2527 2526
f 2527 2587 2655
f 2587 2746 2655
f 2746 2863 2901
f 2863 2936 2949
f 2936 3021 2949
f 3021 3057 3076
f 3057 3110 3076
f 3110 3092 3118
f 3092 3133 3118
f 3133 3108 3117
f 3117 3080 3119
f 3080 3109 3119
f 3109 3032 3075
f 3032 3022 3075
f 3022 2989 2912
f 2912 2862 2802
f 2862 2586 2709
f 2586 2449 2619
f 2449 2298 2120
f 2120 2019 1994
f 1994 1825 1852
f 1825 1747 1852
f 1747 1622 1748
f 1748 1594 1749
f 1749 1750 1889
f 1889 1890 1995
f 1890 2119 2020
f 2119 2228 2086
f 2228 2375 2264
f 2375 2376 2526
f 2526 2527 2620
f 2527 2655 2620
f 2655 2746 2803
f 2746 2901 2803
f 2901 2863 2949
f 2949 3021 2990
f 3021 3076 3034
f 3076 3110 3120
f 3110 3118 3120
f 3118 3133 3158
f 3133 3117 3156
f 3117 3119 3134
f 3119 3109 3121
f 3109 3075 3093
f 3075 3022 3033
f 3022 2912 2950
f 2912 2802 2887
f 2802 2862 2709
f 2709 2586 2619
f 2619 2449 2526
f 2449 2120 2185
f 2120 1994 2084
f 1994 1852 1960
f 1852 1747 1748
f 1748 1749 1854
f 1749 1889 1854
f 1889 1995 1961
f 1995 1890 2020
f 2020 2119 2086
f 2086 2228 2186
f 2228 2264 2186
f 2264 2375 2185
f 2375 2526 2449
f 2526 2620 2621
f 2620 2655 2747
f 2655 2803 2747
f 2803 2901 2864
f 2901 2949 2990
f 2990 3021 3034
f 3034 3076 3094
f 3076 3120 3094
f 3120 3118 3158
f 3158 3133 3157
f 3133 3156 3157
f 3156 3117 3134
f 3134 3119 3121
f 3121 3109 3093
f 3093 3075 3033
f 3033 3022 2975
f 3022 2950 2975
f 2950 2912 2887
f 2887 2802 2710
f 2802 2709 2710
f 2709 2619 2710
f 2619 2526 2621
f 2449 2185 2375
f 2185 2120 2084
f 2084 1994 1960
f 1960 1852 1853
f 1852 1748 1853
f 1748 1854 1853
f 1854 1889 1961
f 1961 1995 2050
f 1995 2020 2086
f 2086 2186 2050
f 2186 2264 2185
f 2621 2620 2712
f 2620 2747 2712
f 2747 2803 2864
f 2864 2901 2913
f 2901 2990 2913
f 2990 3034 3000
f 3034 3094 3135
f 3094 3120 3135
f 3120 3158 3177
f 3158 3157 3186
f 3157 3156 3176
f 3156 3134 3168
f 3134 3121 3159
f 3121 3093 3122
f 3093 3033 3058
f 3033 2975 2991
f 2975 2950 2902
f 2950 2887 2902
f 2887 2710 2804
f 2710 2619 2621
f 2185 2084 2085
f 2084 1960 2085
f 1960 1853 1961
f 1853 1854 1961
f 1961 2050 2085
f 2050 1995 2086
f 2050 2186 2085
f 2186 2185 2085
f 2621 2712 2711
f 2712 2747 2773
f 2747 2864 2773
f 2864 2913 2914
f 2913 2990 2914
f 2990 3000 2914
f 3000 3034 3059
f 3034 3135 3059
f 3135 3120 3177
f 3177 3158 3187
f 3158 3186 3187
f 3186 3157 3176
f 3176 3156 3168
f 3168 3134 3159
f 3159 3121 3122
f 3122 3093 3058
f 3058 3033 2991
f 2991 2975 2903
f 2975 2902 2903
f 2902 2887 2832
f 2887 2804 2832
f 2804 2710 2711
f 2710 2621 2711
f 2085 1960 1961
f 2711 2712 2772
f 2712 2773 2772
f 2773 2864 2774
f 2864 2914 2774
f 2914 3000 3002
f 3000 3059 3083
f 3059 3135 3083
f 3135 3177 3256
f 3177 3187 3247
f 3187 3186 3220
f 3186 3176 3222
f 3176 3168 3221
f 3168 3159 3221
f 3159 3122 3223
f 3122 3058 3082
f 3058 2991 3082
f 2991 2903 2915
f 2903 2902 2833
f 2902 2832 2833
f 2832 2804 2771
f 2804 2711 2771
f 2711 2772 2771
f 2772 2773 2714
f 2773 2774 2714
f 2774 2914 2775
f 2914 3002 2916
f 3002 3000 3083
f 3083 3135 3160
f 3135 3256 3257
f 3256 3177 3247
f 3247 3187 3220
f 3220 3186 3222
f 3222 3176 3221
f 3221 3159 3223
f 3223 3122 3248
f 3122 3082 3169
f 3082 2991 3001
f 2991 2915 3001
f 2915 2903 2833
f 2833 2832 2748
f 2832 2771 2748
f 2771 2772 2748
f 2772 2714 2713
f 2714 2774 2623
f 2774 2775 2623
f 2775 2914 2916
f 2916 3002 3009
f 3002 3083 3084
f 3083 3160 3161
f 3160 3135 3224
f 3135 3257 3224
f 3257 3256 3328
f 3256 3247 3315
f 3247 3220 3286
f 3220 3222 3279
f 3222 3221 3278
f 3221 3223 3287
f 3223 3248 3300
f 3248 3122 3169
f 3169 3082 3188
f 3082 3001 3008
f 3001 2915 2937
f 2915 2833 2805
f 2833 2748 2805
f 2748 2772 2713
f 2713 2714 2622
f 2714 2623 2588
f 2623 2775 2624
f 2775 2916 2807
f 2916 3009 2917
f 3009 3002 3084
f 3084 3083 3161
f 3161 3160 3224
f 3224 3257 3288
f 3257 3328 3288
f 3328 3256 3353
f 3256 3315 3353
f 3315 3247 3286
f 3286 3220 3279
f 3279 3222 3278
f 3278 3221 3277
f 3221 3287 3277
f 3287 3223 3300
f 3300 3248 3301
f 3248 3169 3188
f 3188 3082 3095
f 3082 3008 3095
f 3008 3001 2937
f 2937 2915 2806
f 2915 2805 2806
f 2805 2748 2656
f 2748 2713 2589
f 2713 2622 2589
f 2622 2714 2588
f 2588 2623 2450
f 2623 2624 2450
f 2624 2775 2658
f 2775 2807 2658
f 2807 2916 2917
f 2917 3009 2938
f 3009 3084 3085
f 3084 3161 3085
f 3161 3224 3249
f 3224 3288 3249
f 3288 3328 3383
f 3328 3353 3404
f 3353 3315 3326
f 3315 3286 3326
f 3286 3279 3298
f 3279 3278 3299
f 3278 3277 3299
f 3277 3287 3314
f 3287 3300 3345
f 3300 3301 3354
f 3301 3248 3188
f 3188 3095 3096
f 3095 3008 3096
f 3008 2937 3010
f 2937 2806 2808
f 2806 2805 2657
f 2805 2656 2657
f 2656 2748 2529
f 2748 2589 2529
f 2589 2622 2528
f 2622 2588 2528
f 2588 2450 2487
f 2450 2624 2488
f 2624 2658 2490
f 2658 2807 2834
f 2807 2917 2938
f 2938 3009 3011
f 3009 3085 3011
f 3085 3161 3170
f 3161 3249 3258
f 3249 3288 3302
f 3288 3383 3384
f 3383 3328 3404
f 3404 3353 3420
f 3353 3326 3367
f 3326 3286 3313
f 3286 3298 3313
f 3298 3279 3299
f 3299 3277 3314
f 3314 3287 3327
f 3287 3345 3327
f 3345 3300 3354
f 3354 3301 3421
f 3301 3188 3269
f 3188 3096 3178
f 3096 3008 3010
f 3010 2937 2918
f 2937 2808 2918
f 2808 2806 2659
f 2806 2657 2659
f 2657 2656 2529
f 2529 2589 2407
f 2589 2528 2486
f 2528 2588 2487
f 2487 2450 2343
f 2450 2488 2301
f 2488 2624 2490
f 2490 2658 2687
f 2658 2834 2687
f 2834 2807 2938
f 2938 3011 3023
f 3011 3085 3097
f 3085 3170 3097
f 3170 3161 3258
f 3258 3249 3302
f 3302 3288 3384
f 3384 3383 3435
f 3383 3404 3434
f 3404 3420 3477
f 3420 3353 3453
f 3353 3367 3453
f 3367 3326 3393
f 3326 3313 3342
f 3313 3298 3344
f 3298 3299 3344
f 3299 3314 3343
f 3314 3327 3352
f 3327 3345 3381
f 3345 3354 3382
f 3354 3421 3382
f 3421 3301 3368
f 3301 3269 3355
f 3269 3188 3270
f 3188 3178 3270
f 3178 3096 3098
f 3096 3010 3012
f 3010 2918 2919
f 2918 2808 2809
f 2808 2659 2809
f 2659 2657 2491
f 2657 2529 2489
f 2529 2407 2300
f 2407 2589 2486
f 2486 2528 2406
f 2528 2487 2377
f 2487 2343 2377
f 2343 2450 2301
f 2301 2488 2303
f 2488 2490 2303
f 2490 2687 2530
f 2687 2834 2715
f 2834 2938 2835
f 2938 3023 2951
f 3023 3011 3097
f 3097 3170 3179
f 3170 3258 3179
f 3258 3302 3316
f 3302 3384 3316
f 3384 3435 3395
f 3435 3383 3434
f 3434 3404 3467
f 3404 3477 3467
f 3477 3420 3453
f 3453 3367 3476
f 3367 3393 3476
f 3393 3326 3366
f 3326 3342 3366
f 3342 3313 3344
f 3344 3299 3343
f 3343 3314 3352
f 3352 3327 3381
f 3381 3345 3394
f 3345 3382 3419
f 3382 3421 3433
f 3421 3368 3454
f 3368 3301 3355
f 3355 3269 3270
f 3270 3178 3189
f 3178 3098 3189
f 3098 3096 3012
f 3012 3010 2919
f 2919 2918 2809
f 2809 2659 2660
f 2659 2491 2492
f 2491 2657 2489
f 2489 2529 2300
f 2300 2407 2193
f 2407 2486 2406
f 2406 2528 2405
f 2528 2377 2405
f 2377 2343 2270
f 2343 2301 2151
f 2301 2303 2151
f 2303 2490 2378
f 2490 2530 2378
f 2530 2687 2715
f 2715 2834 2835
f 2835 2938 2951
f 2951 3023 3035
f 3023 3097 3035
f 3097 3179 3190
f 3179 3258 3271
f 3258 3316 3271
f 3316 3384 3395
f 3395 3435 3468
f 3435 3434 3487
f 3434 3467 3518
f 3467 3477 3565
f 3477 3453 3500
f 3453 3476 3562
f 3476 3393 3452
f 3393 3366 3403
f 3366 3342 3380
f 3342 3344 3379
f 3344 3343 3379
f 3343 3352 3392
f 3352 3381 3418
f 3381 3394 3451
f 3394 3345 3419
f 3419 3382 3466
f 3382 3433 3466
f 3433 3421 3485
f 3421 3454 3486
f 3454 3368 3355
f 3355 3270 3346
f 3270 3189 3272
f 3189 3098 3191
f 3098 3012 3099
f 3012 2919 2920
f 2919 2809 2920
f 2809 2660 2661
f 2660 2659 2492
f 2492 2491 2304
f 2491 2489 2302
f 2489 2300 2302
f 2300 2193 2302
f 2193 2407 2299
f 2407 2406 2299
f 2406 2405 2342
f 2405 2377 2342
f 2377 2270 2342
f 2270 2343 2194
f 2343 2151 2194
f 2151 2303 2153
f 2303 2378 2153
f 2378 2530 2451
f 2530 2715 2557
f 2715 2835 2865
f 2835 2951 2952
f 2951 3035 2952
f 3035 3097 3111
f 3097 3190 3111
f 3190 3179 3273
f 3179 3271 3273
f 3271 3316 3329
f 3316 3395 3405
f 3395 3468 3405
f 3468 3435 3487
f 3487 3434 3518
f 3518 3467 3540
f 3467 3565 3540
f 3565 3477 3563
f 3477 3500 3563
f 3500 3453 3562
f 3562 3476 3621
f 3476 3452 3517
f 3452 3393 3403
f 3403 3366 3380
f 3380 3342 3379
f 3379 3343 3378
f 3343 3392 3378
f 3392 3352 3418
f 3418 3381 3451
f 3451 3394 3475
f 3394 3419 3475
f 3419 3466 3475
f 3466 3433 3485
f 3485 3421 3486
f 3486 3454 3596
f 3454 3355 3436
f 3355 3346 3422
f 3346 3270 3272
f 3272 3189 3280
f 3189 3191 3280
f 3191 3098 3099
f 3099 3012 3013
f 3012 2920 3013
f 2920 2809 2810
f 2809 2661 2810
f 2661 2660 2493
f 2660 2492 2493
f 2492 2304 2493
f 2304 2491 2302
f 2302 2193 2152
f 2193 2299 2150
f 2299 2406 2341
f 2406 2342 2341
f 2342 2270 2268
f 2270 2194 2192
f 2194 2151 2026
f 2151 2153 2028
f 2153 2378 2195
f 2378 2451 2195
f 2451 2530 2557
f 2557 2715 2716
f 2715 2865 2716
f 2865 2835 2952
f 2952 3035 2976
f 3035 3111 3123
f 3111 3190 3199
f 3190 3273 3199
f 3273 3271 3347
f 3271 3329 3347
f 3329 3316 3405
f 3405 3468 3478
f 3468 3487 3519
f 3487 3518 3519
f 3518 3540 3659
f 3540 3565 3659
f 3565 3563 3643
f 3563 3500 3562
f 3562 3621 3623
f 3621 3476 3517
f 3517 3452 3594
f 3452 3403 3465
f 3403 3380 3450
f 3380 3379 3417
f 3379 3378 3417
f 3378 3392 3432
f 3392 3418 3464
f 3418 3451 3484
f 3451 3475 3537
f 3475 3466 3538
f 3466 3485 3539
f 3485 3486 3564
f 3486 3596 3578
f 3596 3454 3520
f 3454 3436 3488
f 3436 3355 3422
f 3422 3346 3356
f 3346 3272 3356
f 3272 3280 3356
f 3280 3191 3289
f 3191 3099 3198
f 3099 3013 3112
f 3013 2920 2921
f 2920 2810 2921
f 2810 2661 2625
f 2661 2493 2625
f 2493 2304 2305
f 2304 2302 2154
f 2302 2152 2154
f 2152 2193 2027
f 2193 2150 2025
f 2150 2299 2269
f 2299 2341 2269
f 2341 2342 2268
f 2268 2270 2192
f 2192 2194 2124
f 2194 2026 2055
f 2026 2151 2028
f 2028 2153 2195
f 2195 2451 2271
f 2451 2557 2590
f 2557 2716 2590
f 2716 2865 2888
f 2865 2952 2888
f 2952 2976 2888
f 2976 3035 3036
f 3035 3123 3036
f 3123 3111 3199
f 3199 3273 3281
f 3273 3347 3358
f 3347 3329 3405
f 3405 3478 3490
f 3478 3468 3519
f 3519 3518 3597
f 3518 3659 3597
f 3659 3565 3643
f 3643 3563 3624
f 3563 3562 3623
f 3623 3621 3715
f 3621 3517 3714
f 3517 3594 3714
f 3594 3452 3516
f 3452 3465 3516
f 3465 3403 3450
f 3450 3380 3417
f 3417 3378 3416
f 3378 3432 3416
f 3432 3392 3464
f 3464 3418 3484
f 3484 3451 3537
f 3537 3475 3538
f 3538 3466 3539
f 3539 3485 3564
f 3564 3486 3578
f 3578 3596 3691
f 3596 3520 3598
f 3520 3454 3488
f 3488 3436 3422
f 3422 3356 3437
f 3356 3280 3357
f 3280 3289 3369
f 3289 3191 3198
f 3198 3099 3112
f 3112 3013 3024
f 3013 2921 3024
f 2921 2810 2776
f 2810 2625 2776
f 2625 2493 2494
f 2493 2305 2307
f 2305 2304 2154
f 2154 2152 2027
f 2027 2193 2025
f 2025 2150 2054
f 2150 2269 2123
f 2269 2341 2191
f 2341 2268 2267
f 2268 2192 2190
f 2192 2124 2122
f 2124 2194 2055
f 2055 2026 1930
f 2026 2028 1932
f 2028 2195 2089
f 2195 2271 2089
f 2271 2451 2306
f 2451 2590 2452
f 2590 2716 2591
f 2716 2888 2749
f 2888 2976 2977
f 2976 3036 3060
f 3036 3123 3060
f 3123 3199 3209
f 3199 3281 3209
f 3281 3273 3358
f 3358 3347 3438
f 3347 3405 3423
f 3405 3490 3423
f 3490 3478 3626
f 3478 3519 3579
f 3519 3597 3660
f 3597 3659 3660
f 3659 3643 3716
f 3643 3624 3716
f 3624 3563 3623
f 3623 3715 3657
f 3715 3621 3817
f 3621 3714 3817
f 3714 3594 3713
f 3594 3516 3713
f 3516 3465 3536
f 3465 3450 3499
f 3450 3417 3474
f 3417 3416 3474
f 3416 3432 3498
f 3432 3464 3515
f 3464 3484 3561
f 3484 3537 3619
f 3537 3538 3620
f 3538 3539 3622
f 3539 3564 3595
f 3564 3578 3625
f 3578 3691 3717
f 3691 3596 3718
f 3596 3598 3718
f 3598 3520 3541
f 3520 3488 3541
f 3488 3422 3489
f 3422 3437 3489
f 3437 3356 3357
f 3357 3280 3369
f 3369 3289 3291
f 3289 3198 3210
f 3198 3112 3210
f 3112 3024 3124
f 3024 2921 3025
f 2921 2776 2939
f 2776 2625 2811
f 2625 2494 2626
f 2494 2493 2307
f 2307 2305 2125
f 2305 2154 2155
f 2154 2027 2029
f 2027 2025 1929
f 2025 2054 1965
f 2054 2150 2023
f 2150 2123 2023
f 2123 2269 2191
f 2191 2341 2266
f 2341 2267 2265
f 2267 2268 2189
f 2268 2190 2189
f 2190 2192 2122
f 2122 2124 2022
f 2124 2055 2024
f 2055 1930 1966
f 1930 2026 1932
f 1932 2028 2089
f 2089 2271 2156
f 2271 2306 2156
f 2306 2451 2452
f 2452 2590 2591
f 2591 2716 2749
f 2749 2888 2750
f 2888 2977 2889
f 2977 2976 3060
f 3060 3123 3136
f 3123 3209 3136
f 3209 3281 3290
f 3281 3358 3290
f 3358 3438 3457
f 3438 3347 3423
f 3423 3490 3521
f 3490 3626 3662
f 3626 3478 3579
f 3579 3519 3660
f 3660 3659 3766
f 3659 3716 3766
f 3716 3624 3641
f 3624 3623 3657
f 3657 3715 3765
f 3715 3817 3765
f 3817 3714 3953
f 3714 3713 3816
f 3713 3516 3593
f 3516 3536 3593
f 3536 3465 3499
f 3499 3450 3474
f 3474 3416 3473
f 3416 3498 3473
f 3498 3432 3515
f 3515 3464 3561
f 3561 3484 3619
f 3619 3537 3712
f 3537 3620 3712
f 3620 3538 3622
f 3622 3539 3595
f 3595 3564 3625
f 3625 3578 3642
f 3578 3717 3642
f 3717 3691 3840
f 3691 3718 3819
f 3718 3598 3661
f 3598 3541 3566
f 3541 3488 3489
f 3489 3437 3501
f 3437 3357 3455
f 3357 3369 3456
f 3369 3291 3385
f 3291 3289 3210
f 3210 3112 3124
f 3124 3024 3025
f 3025 2921 2939
f 2939 2776 2811
f 2811 2625 2626
f 2626 2494 2495
f 2494 2307 2308
f 2307 2125 2308
f 2125 2305 2155
f 2155 2154 2030
f 2154 2029 2030
f 2029 2027 1931
f 2027 1929 1931
f 1929 2025 1965
f 1965 2054 1964
f 2054 2023 1927
f 2023 2123 1963
f 2123 2191 2053
f 2191 2266 2121
f 2266 2341 2265
f 2265 2267 2187
f 2267 2189 2187
f 2189 2190 2052
f 2190 2122 1996
f 2122 2022 1996
f 2022 2124 1926
f 2124 2024 1926
f 2024 2055 1928
f 2055 1966 1928
f 1966 1930 1827
f 1930 1932 1829
f 1932 2089 1997
f 2089 2156 1997
f 2156 2306 2272
f 2306 2452 2272
f 2452 2591 2453
f 2591 2749 2750
f 2750 2888 2889
f 2889 2977 2978
f 2977 3060 3061
f 3060 3136 3137
f 3136 3209 3225
f 3209 3290 3304
f 3290 3358 3370
f 3358 3457 3370
f 3457 3438 3521
f 3438 3423 3521
f 3521 3490 3662
f 3662 3626 3820
f 3626 3579 3743
f 3579 3660 3743
f 3660 3766 3743
f 3766 3716 3795
f 3716 3641 3690
f 3641 3624 3657
f 3657 3765 3688
f 3765 3817 3867
f 3817 3953 3867
f 3953 3714 3816
f 3816 3713 3791
f 3713 3593 3791
f 3593 3536 3685
f 3536 3499 3560
f 3499 3474 3514
f 3474 3473 3513
f 3473 3498 3513
f 3498 3515 3559
f 3515 3561 3640
f 3561 3619 3684
f 3619 3712 3790
f 3712 3620 3686
f 3620 3622 3686
f 3622 3595 3687
f 3595 3625 3656
f 3625 3642 3690
f 3642 3717 3690
f 3717 3840 3818
f 3840 3691 3819
f 3819 3718 3898
f 3718 3661 3796
f 3661 3598 3566
f 3566 3541 3489
f 3489 3501 3599
f 3501 3437 3542
f 3437 3455 3542
f 3455 3357 3456
f 3456 3369 3385
f 3385 3291 3303
f 3291 3210 3211
f 3210 3124 3125
f 3124 3025 3026
f 3025 2939 3026
f 2939 2811 2812
f 2811 2626 2812
f 2626 2495 2627
f 2495 2494 2308
f 2308 2125 2126
f 2125 2155 1998
f 2155 2030 1998
f 2030 2029 1933
f 2029 1931 1933
f 1931 1929 1828
f 1929 1965 1863
f 1965 1964 1862
f 1964 2054 1927
f 1927 2023 1859
f 2023 1963 1859
f 1963 2123 2053
f 2053 2191 2121
f 2121 2266 2188
f 2266 2265 2187
f 2187 2189 2088
f 2189 2052 2088
f 2052 2190 1996
f 1996 2022 1925
f 2022 1926 1925
f 1926 2024 1928
f 1928 1966 1861
f 1966 1827 1864
f 1827 1930 1829
f 1829 1932 1997
f 1997 2156 2056
f 2156 2272 2056
f 2272 2452 2453
f 2453 2591 2592
f 2591 2750 2592
f 2750 2889 2751
f 2889 2978 2890
f 2978 2977 3061
f 3061 3060 3137
f 3137 3136 3225
f 3225 3209 3304
f 3304 3290 3370
f 3370 3457 3470
f 3457 3521 3543
f 3521 3662 3543
f 3662 3820 3870
f 3820 3626 3743
f 3743 3766 3841
f 3766 3795 3868
f 3795 3716 3818
f 3716 3690 3742
f 3690 3641 3658
f 3641 3657 3688
f 3688 3765 3793
f 3765 3867 3793
f 3867 3953 4019
f 3953 3816 3894
f 3816 3791 3894
f 3791 3593 3685
f 3685 3536 3618
f 3536 3560 3618
f 3560 3499 3514
f 3514 3474 3513
f 3513 3498 3559
f 3559 3515 3592
f 3515 3640 3592
f 3640 3561 3684
f 3684 3619 3790
f 3790 3712 3792
f 3712 3686 3792
f 3686 3622 3687
f 3687 3595 3656
f 3656 3625 3689
f 3625 3690 3658
f 3690 3717 3742
f 3717 3818 3742
f 3818 3840 3923
f 3840 3819 3898
f 3898 3718 3796
f 3796 3661 3744
f 3661 3566 3599
f 3566 3489 3599
f 3599 3501 3542
f 3542 3455 3567
f 3455 3456 3567
f 3456 3385 3469
f 3385 3303 3396
f 3303 3291 3211
f 3211 3210 3125
f 3125 3124 3026
f 3026 2939 2940
f 2939 2812 2940
f 2812 2626 2627
f 2627 2495 2454
f 2495 2308 2454
f 2308 2126 2090
f 2126 2125 1998
f 1998 2030 1933
f 1933 1931 1830
f 1931 1828 1830
f 1828 1929 1865
f 1929 1863 1865
f 1863 1965 1862
f 1862 1964 1927
f 1927 1859 1798
f 1859 1963 1797
f 1963 2053 1857
f 2053 2121 1962
f 2121 2188 2021
f 2188 2266 2187
f 2187 2088 2087
f 2088 2052 1892
f 2052 1996 1856
f 1996 1925 1856
f 1925 1926 1858
f 1926 1928 1860
f 1928 1861 1860
f 1861 1966 1864
f 1864 1827 1756
f 1827 1829 1758
f 1829 1997 1893
f 1997 2056 1893
f 2056 2272 2229
f 2272 2453 2408
f 2453 2592 2408
f 2592 2750 2751
f 2751 2889 2890
f 2890 2978 2891
f 2978 3061 3062
f 3061 3137 3139
f 3137 3225 3139
f 3225 3304 3305
f 3304 3370 3386
f 3370 3470 3386
f 3470 3457 3543
f 3543 3662 3693
f 3662 3870 3693
f 3870 3820 3994
f 3820 3743 3841
f 3841 3766 3868
f 3868 3795 3818
f 3818 3716 3742
f 3658 3641 3689
f 3641 3688 3689
f 3688 3793 3689
f 3793 3867 3895
f 3867 4019 3895
f 4019 3953 4045
f 3953 3894 4045
f 3894 3791 3952
f 3791 3685 3815
f 3685 3618 3711
f 3618 3560 3617
f 3560 3514 3577
f 3514 3513 3558
f 3513 3559 3576
f 3559 3592 3615
f 3592 3640 3615
f 3640 3684 3740
f 3684 3790 3740
f 3790 3792 3893
f 3792 3686 3764
f 3686 3687 3764
f 3687 3656 3741
f 3656 3689 3741
f 3689 3625 3658
f 3818 3923 3897
f 3923 3840 3988
f 3840 3898 3955
f 3898 3796 3869
f 3796 3744 3869
f 3744 3661 3599
f 3599 3542 3663
f 3542 3567 3663
f 3567 3456 3469
f 3469 3385 3396
f 3396 3303 3397
f 3303 3211 3317
f 3211 3125 3226
f 3125 3026 3138
f 3026 2940 2953
f 2940 2812 2813
f 2812 2627 2813
f 2627 2454 2628
f 2454 2308 2231
f 2308 2090 2231
f 2090 2126 1999
f 2126 1998 1999
f 1998 1933 1894
f 1933 1830 1894
f 1830 1828 1761
f 1828 1865 1757
f 1865 1863 1757
f 1863 1862 1801
f 1862 1927 1826
f 1927 1798 1826
f 1798 1859 1670
f 1859 1797 1670
f 1797 1963 1857
f 1857 2053 1962
f 1962 2121 2021
f 2021 2188 2051
f 2188 2187 2051
f 2187 2087 2051
f 2087 2088 1924
f 2088 1892 1924
f 1892 2052 1856
f 1856 1925 1796
f 1925 1858 1796
f 1858 1926 1860
f 1860 1861 1799
f 1861 1864 1756
f 1756 1827 1758
f 1758 1829 1760
f 1829 1893 1804
f 1893 2056 1934
f 2056 2229 2057
f 2229 2272 2408
f 2408 2592 2593
f 2592 2751 2593
f 2751 2890 2717
f 2890 2891 2717
f 2891 2978 2979
f 2978 3062 2979
f 3062 3061 3139
f 3139 3225 3212
f 3225 3305 3212
f 3305 3304 3398
f 3304 3386 3398
f 3386 3470 3480
f 3470 3543 3569
f 3543 3693 3719
f 3693 3870 3719
f 3870 3994 4050
f 3994 3820 3841
f 3841 3868 3992
f 3868 3818 3897
f 3689 3793 3794
f 3793 3895 3896
f 3895 4019 4047
f 4019 4045 4136
f 4045 3894 3952
f 3952 3791 3815
f 3815 3685 3711
f 3711 3618 3617
f 3617 3560 3577
f 3577 3514 3558
f 3558 3513 3557
f 3513 3576 3557
f 3576 3559 3615
f 3615 3640 3655
f 3640 3740 3655
f 3740 3790 3814
f 3790 3893 3814
f 3893 3792 3866
f 3792 3764 3866
f 3764 3687 3741
f 3741 3689 3794
f 3897 3923 3989
f 3923 3988 4021
f 3988 3840 3955
f 3955 3898 4049
f 3898 3869 3993
f 3869 3744 3797
f 3744 3599 3663
f 3663 3567 3692
f 3567 3469 3568
f 3469 3396 3479
f 3396 3397 3479
f 3397 3303 3317
f 3317 3211 3226
f 3226 3125 3138
f 3138 3026 3037
f 3026 2953 3037
f 2953 2940 2813
f 2813 2627 2628
f 2628 2454 2410
f 2454 2231 2232
f 2231 2090 2232
f 2090 1999 1967
f 1999 1998 1894
f 1894 1830 1803
f 1830 1761 1803
f 1761 1828 1759
f 1828 1757 1759
f 1757 1863 1802
f 1863 1801 1802
f 1801 1862 1754
f 1862 1826 1754
f 1826 1798 1672
f 1798 1670 1672
f 1670 1797 1624
f 1797 1857 1712
f 1857 1962 1712
f 1962 2021 1795
f 2021 2051 1891
f 2051 2087 1891
f 2087 1924 1923
f 1924 1892 1711
f 1892 1856 1711
f 1856 1796 1623
f 1796 1858 1713
f 1858 1860 1753
f 1860 1799 1671
f 1799 1861 1800
f 1861 1756 1800
f 1756 1758 1633
f 1758 1760 1679
f 1760 1829 1804
f 1804 1893 1831
f 1893 1934 1831
f 1934 2056 2057
f 2057 2229 2230
f 2229 2408 2409
f 2408 2593 2409
f 2593 2751 2558
f 2751 2717 2558
f 2717 2891 2718
f 2891 2979 2866
f 2979 3062 2980
f 3062 3139 3063
f 3139 3212 3141
f 3212 3305 3213
f 3305 3398 3399
f 3398 3386 3480
f 3480 3470 3581
f 3470 3569 3581
f 3569 3543 3719
f 3719 3870 3900
f 3870 4050 4107
f 4050 3994 4105
f 3994 3841 3992
f 3992 3868 3991
f 3868 3897 3991
f 3794 3793 3896
f 3896 3895 4047
f 4047 4019 4168
f 4019 4136 4168
f 4136 4045 4214
f 4045 3952 4134
f 3952 3815 4018
f 3815 3711 3710
f 3711 3617 3710
f 3617 3577 3616
f 3577 3558 3556
f 3558 3557 3555
f 3557 3576 3591
f 3576 3615 3614
f 3615 3655 3654
f 3655 3740 3739
f 3740 3814 3813
f 3814 3893 3922
f 3893 3866 3987
f 3866 3764 3839
f 3764 3741 3839
f 3741 3794 3839
f 3897 3989 3990
f 3989 3923 4021
f 4021 3988 4103
f 3988 3955 4049
f 4049 3898 3993
f 3993 3869 4077
f 3869 3797 3956
f 3797 3744 3663
f 3663 3692 3842
f 3692 3567 3568
f 3568 3469 3479
f 3479 3397 3491
f 3397 3317 3318
f 3317 3226 3318
f 3226 3138 3227
f 3138 3037 3140
f 3037 2953 2954
f 2953 2813 2814
f 2813 2628 2814
f 2628 2410 2629
f 2410 2454 2232
f 2232 2090 2091
f 2090 1967 1968
f 1967 1999 1895
f 1999 1894 1895
f 1894 1803 1895
f 1803 1761 1762
f 1761 1759 1680
f 1759 1757 1678
f 1757 1802 1677
f 1802 1801 1720
f 1801 1754 1715
f 1754 1826 1672
f 1672 1670 1598
f 1670 1624 1558
f 1624 1797 1712
f 1712 1962 1795
f 1795 2021 1855
f 2021 1891 1855
f 1891 2087 1923
f 1923 1924 1752
f 1924 1711 1752
f 1711 1856 1623
f 1623 1796 1597
f 1796 1713 1531
f 1713 1858 1753
f 1753 1860 1671
f 1671 1799 1626
f 1799 1800 1714
f 1800 1756 1717
f 1756 1633 1721
f 1633 1758 1679
f 1679 1760 1681
f 1760 1804 1722
f 1804 1831 1722
f 1831 1934 1935
f 1934 2057 1935
f 2057 2230 2058
f 2230 2229 2409
f 2409 2593 2379
f 2593 2558 2379
f 2558 2717 2718
f 2718 2891 2866
f 2866 2979 2980
f 2980 3062 3063
f 3063 3139 3141
f 3141 3212 3213
f 3213 3305 3306
f 3305 3399 3306
f 3399 3398 3492
f 3398 3480 3492
f 3480 3581 3601
f 3581 3569 3746
f 3569 3719 3746
f 3719 3900 3924
f 3900 3870 4107
f 4107 4050 4243
f 4050 4105 4195
f 4105 3994 3992
f 3992 3991 4104
f 3991 3897 3990
f 3794 3896 3839
f 3896 4047 4020
f 4047 4168 4020
f 4168 4136 4239
f 4136 4214 4239
f 4214 4045 4134
f 4134 3952 4018
f 4018 3815 3838
f 3815 3710 3838
f 3710 3617 3616
f 3616 3577 3556
f 3556 3558 3535
f 3558 3555 3535
f 3555 3557 3591
f 3591 3576 3614
f 3614 3615 3654
f 3654 3655 3739
f 3739 3740 3813
f 3813 3814 3922
f 3922 3893 4073
f 3893 3987 4073
f 3987 3866 3954
f 3866 3839 3954
f 3990 3989 4021
f 4021 4103 4099
f 4103 3988 4076
f 3988 4049 4076
f 4049 3993 4077
f 4077 3869 3956
f 3956 3797 3842
f 3797 3663 3842
f 3842 3692 3694
f 3692 3568 3694
f 3568 3479 3580
f 3479 3491 3580
f 3491 3397 3406
f 3397 3318 3406
f 3318 3226 3227
f 3227 3138 3140
f 3140 3037 3038
f 3037 2954 3038
f 2954 2953 2814
f 2814 2628 2629
f 2629 2410 2411
f 2410 2232 2197
f 2232 2091 2059
f 2091 2090 1968
f 1968 1967 1866
f 1967 1895 1866
f 1895 1803 1805
f 1803 1762 1805
f 1762 1761 1680
f 1680 1759 1678
f 1678 1757 1677
f 1677 1802 1628
f 1802 1720 1628
f 1720 1801 1755
f 1801 1715 1755
f 1715 1754 1627
f 1754 1672 1627
f 1672 1598 1627
f 1598 1670 1458
f 1670 1558 1458
f 1558 1624 1371
f 1624 1712 1530
f 1712 1795 1596
f 1795 1855 1669
f 1855 1891 1710
f 1891 1923 1751
f 1923 1752 1751
f 1752 1711 1529
f 1711 1623 1490
f 1623 1597 1370
f 1597 1796 1531
f 1531 1713 1625
f 1713 1753 1625
f 1753 1671 1625
f 1671 1626 1559
f 1626 1799 1714
f 1714 1800 1717
f 1717 1756 1721
f 1721 1633 1632
f 1633 1679 1499
f 1679 1681 1500
f 1681 1760 1722
f 1722 1831 1763
f 1831 1935 1832
f 1935 2057 2058
f 2058 2230 2196
f 2230 2409 2379
f 2379 2558 2559
f 2558 2718 2559
f 2718 2866 2688
f 2866 2980 2957
f 2980 3063 2957
f 3063 3141 3041
f 3141 3213 3144
f 3213 3306 3214
f 3306 3399 3307
f 3399 3492 3400
f 3492 3480 3601
f 3601 3581 3768
f 3581 3746 3768
f 3746 3719 3924
f 3924 3900 4108
f 3900 4107 4108
f 4107 4243 4262
f 4243 4050 4195
f 4195 4105 4260
f 4105 3992 4104
f 4104 3991 4102
f 3991 3990 4101
f 3839 3896 4020
f 4020 4168 4095
f 4168 4239 4190
f 4239 4214 4330
f 4214 4134 4309
f 4134 4018 4166
f 4018 3838 3865
f 3838 3710 3738
f 3710 3616 3738
f 3616 3556 3589
f 3556 3535 3553
f 3535 3555 3552
f 3555 3591 3575
f 3591 3614 3590
f 3614 3654 3683
f 3654 3739 3763
f 3739 3813 3892
f 3813 3922 3951
f 3922 4073 3951
f 4073 3987 4046
f 3987 3954 4046
f 3954 3839 4020
f 3990 4021 4048
f 4021 4099 4074
f 4099 4103 4171
f 4103 4076 4139
f 4076 4049 4139
f 4049 4077 4140
f 4077 3956 4022
f 3956 3842 4022
f 3842 3694 3821
f 3694 3568 3580
f 3580 3491 3600
f 3491 3406 3502
f 3406 3318 3319
f 3318 3227 3319
f 3227 3140 3228
f 3140 3038 3039
f 3038 2954 3039
f 2954 2814 2836
f 2814 2629 2836
f 2629 2411 2630
f 2411 2410 2197
f 2197 2232 2059
f 2059 2091 1969
f 2091 1968 1969
f 1968 1866 1867
f 1866 1895 1806
f 1895 1805 1806
f 1805 1762 1723
f 1762 1680 1682
f 1680 1678 1562
f 1678 1677 1561
f 1677 1628 1533
f 1628 1720 1629
f 1720 1755 1675
f 1755 1715 1716
f 1715 1627 1599
f 1627 1598 1532
f 1598 1458 1532
f 1458 1558 1371
f 1371 1624 1456
f 1624 1530 1456
f 1530 1712 1596
f 1596 1795 1669
f 1669 1855 1710
f 1710 1891 1751
f 1751 1752 1529
f 1529 1711 1489
f 1711 1490 1489
f 1490 1623 1370
f 1370 1597 1531
f 1531 1625 1457
f 1625 1671 1559
f 1559 1626 1491
f 1626 1714 1673
f 1714 1717 1673
f 1717 1721 1719
f 1721 1632 1676
f 1632 1633 1497
f 1633 1499 1497
f 1499 1679 1500
f 1500 1681 1722
f 1722 1763 1601
f 1763 1831 1764
f 1831 1832 1764
f 1832 1935 1936
f 1935 2058 1936
f 2058 2196 2031
f 2196 2230 2379
f 2379 2559 2380
f 2559 2718 2688
f 2688 2866 2838
f 2866 2957 2838
f 2957 3063 3041
f 3041 3141 3144
f 3144 3213 3214
f 3214 3306 3307
f 3307 3399 3400
f 3400 3492 3493
f 3492 3601 3628
f 3601 3768 3799
f 3768 3746 3958
f 3746 3924 3958
f 3924 4108 4141
f 4108 4107 4262
f 4262 4243 4338
f 4243 4195 4260
f 4260 4105 4194
f 4105 4104 4194
f 4104 4102 4194
f 4102 3991 4101
f 4101 3990 4100
f 4020 4095 4046
f 4095 4168 4190
f 4190 4239 4256
f 4239 4330 4256
f 4330 4214 4389
f 4214 4309 4389
f 4309 4134 4166
f 4166 4018 4189
f 4018 3865 4016
f 3865 3838 3738
f 3738 3616 3639
f 3616 3589 3639
f 3589 3556 3553
f 3553 3535 3551
f 3535 3552 3551
f 3552 3555 3554
f 3555 3575 3554
f 3575 3591 3590
f 3590 3614 3638
f 3614 3683 3638
f 3683 3654 3763
f 3763 3739 3892
f 3892 3813 3951
f 3951 4073 4133
f 4073 4046 4135
f 4046 3954 4020
f 3990 4048 4100
f 4048 4021 4074
f 4074 4099 4137
f 4099 4171 4137
f 4171 4103 4241
f 4103 4139 4193
f 4139 4049 4140
f 4140 4077 4172
f 4077 4022 4172
f 4022 3842 4106
f 3842 3821 3899
f 3821 3694 3843
f 3694 3580 3745
f 3580 3600 3745
f 3600 3491 3627
f 3491 3502 3627
f 3502 3406 3424
f 3406 3319 3424
f 3319 3227 3228
f 3228 3140 3142
f 3140 3039 3142
f 3039 2954 2955
f 2954 2836 2955
f 2836 2629 2630
f 2630 2411 2412
f 2411 2197 2412
f 2197 2059 2199
f 2059 1969 1970
f 1969 1968 1867
f 1867 1866 1806
f 1806 1805 1723
f 1723 1762 1682
f 1682 1680 1562
f 1562 1678 1561
f 1561 1677 1533
f 1533 1628 1534
f 1628 1629 1534
f 1629 1720 1630
f 1720 1675 1630
f 1675 1755 1718
f 1755 1716 1718
f 1716 1715 1599
f 1599 1627 1532
f 1532 1458 1416
f 1458 1371 1280
f 1371 1456 1279
f 1456 1530 1337
f 1530 1596 1337
f 1596 1669 1415
f 1669 1710 1528
f 1710 1751 1557
f 1751 1529 1557
f 1529 1489 1368
f 1489 1490 1336
f 1490 1370 1311
f 1370 1531 1312
f 1531 1457 1312
f 1457 1625 1559
f 1559 1491 1372
f 1491 1626 1560
f 1626 1673 1560
f 1673 1717 1719
f 1719 1721 1676
f 1676 1632 1631
f 1632 1497 1536
f 1497 1499 1418
f 1499 1500 1420
f 1500 1722 1601
f 1601 1763 1724
f 1763 1764 1724
f 1764 1832 1833
f 1832 1936 1833
f 1936 2058 2031
f 2031 2196 2198
f 2196 2379 2380
f 2380 2559 2344
f 2559 2688 2531
f 2688 2838 2662
f 2838 2957 2840
f 2957 3041 2959
f 3041 3144 3043
f 3144 3214 3146
f 3214 3307 3231
f 3307 3400 3308
f 3400 3493 3407
f 3493 3492 3628
f 3628 3601 3799
f 3799 3768 3958
f 3958 3924 4141
f 4141 4108 4262
f 4262 4338 4400
f 4338 4243 4260
f 4260 4194 4337
f 4194 4102 4221
f 4102 4101 4221
f 4101 4100 4219
f 4046 4095 4190
f 4190 4256 4135
f 4256 4330 4483
f 4330 4389 4483
f 4389 4309 4484
f 4309 4166 4189
f 4189 4018 4016
f 4016 3865 4072
f 3865 3738 3921
f 3738 3639 3789
f 3639 3589 3709
f 3589 3553 3636
f 3553 3551 3587
f 3551 3552 3586
f 3552 3554 3588
f 3554 3575 3612
f 3575 3590 3637
f 3590 3638 3637
f 3638 3683 3682
f 3683 3763 3762
f 3763 3892 3837
f 3892 3951 4017
f 3951 4133 4165
f 4133 4073 4167
f 4073 4135 4167
f 4135 4046 4190
f 4100 4048 4098
f 4048 4074 4075
f 4074 4137 4096
f 4137 4171 4217
f 4171 4241 4282
f 4241 4103 4218
f 4103 4193 4218
f 4193 4139 4242
f 4139 4140 4222
f 4140 4172 4223
f 4172 4022 4106
f 4106 3842 3899
f 3899 3821 3957
f 3821 3843 3957
f 3843 3694 3844
f 3694 3745 3844
f 3745 3600 3767
f 3600 3627 3798
f 3627 3502 3522
f 3502 3424 3522
f 3424 3319 3425
f 3319 3228 3229
f 3228 3142 3229
f 3142 3039 3143
f 3039 2955 3040
f 2955 2836 2837
f 2836 2630 2837
f 2630 2412 2631
f 2412 2197 2199
f 2199 2059 2060
f 2059 1970 2060
f 1970 1969 1896
f 1969 1867 1868
f 1867 1806 1807
f 1806 1723 1684
f 1723 1682 1634
f 1682 1562 1537
f 1562 1561 1498
f 1561 1533 1494
f 1533 1534 1494
f 1534 1629 1495
f 1629 1630 1496
f 1630 1675 1676
f 1675 1718 1719
f 1718 1716 1674
f 1716 1599 1674
f 1599 1532 1492
f 1532 1416 1492
f 1416 1458 1280
f 1280 1371 1104
f 1371 1279 1166
f 1279 1456 1337
f 1337 1596 1415
f 1415 1669 1488
f 1669 1528 1488
f 1528 1710 1557
f 1557 1529 1367
f 1529 1368 1367
f 1368 1489 1336
f 1336 1490 1311
f 1311 1370 1197
f 1370 1312 1197
f 1312 1457 1235
f 1457 1559 1372
f 1372 1491 1313
f 1491 1560 1459
f 1560 1673 1600
f 1673 1719 1674
f 1719 1676 1675
f 1676 1631 1630
f 1631 1632 1536
f 1536 1497 1382
f 1497 1418 1417
f 1418 1499 1419
f 1499 1420 1419
f 1420 1500 1421
f 1500 1601 1348
f 1601 1724 1636
f 1724 1764 1725
f 1764 1833 1766
f 1833 1936 1937
f 1936 2031 1937
f 2031 2198 2032
f 2198 2196 2380
f 2380 2344 2157
f 2344 2559 2531
f 2531 2688 2496
f 2688 2662 2496
f 2662 2838 2840
f 2840 2957 2959
f 2959 3041 3043
f 3043 3144 3146
f 3146 3214 3231
f 3231 3307 3308
f 3308 3400 3407
f 3407 3493 3503
f 3493 3628 3503
f 3628 3799 3644
f 3799 3958 3995
f 3958 4141 3995
f 4141 4262 4290
f 4262 4400 4401
f 4400 4338 4461
f 4338 4260 4425
f 4260 4337 4425
f 4337 4194 4221
f 4221 4101 4220
f 4101 4219 4220
f 4219 4100 4257
f 4135 4256 4167
f 4256 4483 4361
f 4483 4389 4587
f 4389 4484 4587
f 4484 4309 4360
f 4309 4189 4360
f 4189 4016 4238
f 4016 4072 4238
f 4072 3865 3921
f 3921 3738 3789
f 3789 3639 3709
f 3709 3589 3653
f 3589 3636 3653
f 3636 3553 3587
f 3587 3551 3635
f 3551 3586 3635
f 3586 3552 3588
f 3588 3554 3612
f 3612 3575 3613
f 3575 3637 3613
f 3637 3638 3682
f 3682 3683 3762
f 3762 3763 3837
f 3837 3892 3986
f 3892 4017 3986
f 4017 3951 4165
f 4165 4133 4280
f 4133 4167 4280
f 4100 4098 4170
f 4098 4048 4097
f 4048 4075 4097
f 4075 4074 4096
f 4096 4137 4215
f 4137 4217 4240
f 4217 4171 4282
f 4282 4241 4284
f 4241 4218 4258
f 4218 4193 4242
f 4242 4139 4222
f 4222 4140 4223
f 4223 4172 4224
f 4172 4106 4224
f 4106 3899 3957
f 3957 3843 4023
f 3843 3844 4023
f 3844 3745 3767
f 3767 3600 3798
f 3798 3627 3664
f 3627 3522 3664
f 3522 3424 3425
f 3425 3319 3330
f 3319 3229 3330
f 3229 3142 3143
f 3143 3039 3040
f 3040 2955 2956
f 2955 2837 2956
f 2837 2630 2631
f 2631 2412 2413
f 2412 2199 2413
f 2199 2060 2233
f 2060 1970 2061
f 1970 1896 1971
f 1896 1969 1868
f 1868 1867 1807
f 1807 1806 1765
f 1806 1684 1765
f 1684 1723 1637
f 1723 1634 1637
f 1634 1682 1501
f 1682 1537 1501
f 1537 1562 1460
f 1562 1498 1460
f 1498 1561 1494
f 1494 1534 1378
f 1534 1495 1340
f 1495 1629 1496
f 1496 1630 1535
f 1719 1718 1674
f 1674 1599 1600
f 1599 1492 1600
f 1492 1416 1373
f 1416 1280 1236
f 1280 1104 1236
f 1104 1371 1166
f 1166 1279 1103
f 1279 1337 1165
f 1337 1415 1278
f 1415 1488 1278
f 1488 1528 1369
f 1528 1557 1367
f 1367 1368 1309
f 1368 1336 1277
f 1336 1311 1277
f 1311 1197 1101
f 1197 1312 1137
f 1312 1235 1137
f 1235 1457 1372
f 1372 1313 1167
f 1313 1491 1459
f 1459 1560 1493
f 1560 1600 1493
f 1600 1673 1674
f 1630 1631 1535
f 1631 1536 1535
f 1536 1382 1535
f 1382 1497 1417
f 1417 1418 1379
f 1418 1419 1380
f 1419 1420 1383
f 1420 1421 1384
f 1421 1500 1348
f 1348 1601 1461
f 1601 1636 1461
f 1636 1724 1683
f 1724 1725 1683
f 1725 1764 1766
f 1766 1833 1869
f 1833 1937 1869
f 1937 2031 2032
f 2032 2198 2157
f 2198 2380 2157
f 2157 2344 2309
f 2344 2531 2496
f 2496 2662 2499
f 2662 2840 2635
f 2840 2959 2842
f 2959 3043 2962
f 3043 3146 3064
f 3146 3231 3233
f 3231 3308 3320
f 3308 3407 3320
f 3407 3503 3408
f 3503 3628 3644
f 3644 3799 3822
f 3799 3995 3822
f 3995 4141 4175
f 4141 4290 4292
f 4290 4262 4401
f 4401 4400 4462
f 4400 4461 4462
f 4461 4338 4425
f 4425 4337 4371
f 4337 4221 4287
f 4221 4220 4287
f 4220 4219 4287
f 4219 4257 4283
f 4257 4100 4170
f 4167 4256 4280
f 4256 4361 4280
f 4361 4483 4704
f 4483 4587 4704
f 4587 4484 4678
f 4484 4360 4586
f 4360 4189 4238
f 4238 4072 4164
f 4072 3921 4044
f 3921 3789 3891
f 3789 3709 3812
f 3709 3653 3787
f 3653 3636 3787
f 3636 3587 3680
f 3587 3635 3679
f 3635 3586 3650
f 3586 3588 3651
f 3588 3612 3681
f 3612 3613 3681
f 3613 3637 3707
f 3637 3682 3708
f 3682 3762 3864
f 3762 3837 3950
f 3837 3986 3950
f 3986 4017 4094
f 4017 4165 4094
f 4165 4280 4255
f 4170 4098 4216
f 4098 4097 4169
f 4097 4075 4138
f 4075 4096 4138
f 4096 4215 4191
f 4215 4137 4240
f 4240 4217 4310
f 4217 4282 4392
f 4282 4284 4333
f 4284 4241 4258
f 4258 4218 4242
f 4242 4222 4286
f 4222 4223 4288
f 4223 4224 4259
f 4224 4106 4173
f 4106 3957 4078
f 3957 4023 4174
f 4023 3844 3925
f 3844 3767 3925
f 3767 3798 3959
f 3798 3664 3845
f 3664 3522 3695
f 3522 3425 3523
f 3425 3330 3331
f 3330 3229 3331
f 3229 3143 3145
f 3143 3040 3145
f 3040 2956 2958
f 2956 2837 2958
f 2837 2631 2839
f 2631 2413 2632
f 2413 2199 2233
f 2233 2060 2061
f 2061 1970 1971
f 1971 1896 1871
f 1896 1868 1871
f 1868 1807 1834
f 1807 1765 1834
f 1765 1684 1642
f 1684 1637 1642
f 1637 1634 1502
f 1634 1501 1502
f 1501 1537 1423
f 1537 1460 1422
f 1460 1498 1345
f 1498 1494 1381
f 1494 1378 1381
f 1378 1534 1340
f 1340 1495 1342
f 1495 1496 1342
f 1496 1535 1343
f 1600 1492 1493
f 1492 1373 1374
f 1373 1416 1236
f 1236 1104 1042
f 1104 1166 962
f 1166 1103 1040
f 1103 1279 1165
f 1165 1337 1278
f 1278 1488 1310
f 1488 1369 1310
f 1369 1528 1367
f 1367 1309 1308
f 1309 1368 1276
f 1368 1277 1276
f 1277 1311 1196
f 1311 1101 1196
f 1101 1197 1020
f 1197 1137 1020
f 1137 1235 1041
f 1235 1372 1167
f 1167 1313 1105
f 1313 1459 1281
f 1459 1493 1374
f 1535 1382 1343
f 1382 1417 1379
f 1379 1418 1341
f 1418 1380 1341
f 1380 1419 1383
f 1383 1420 1384
f 1384 1421 1346
f 1421 1348 1347
f 1348 1461 1171
f 1461 1636 1425
f 1636 1683 1635
f 1683 1725 1685
f 1725 1766 1726
f 1766 1869 1808
f 1869 1937 1870
f 1937 2032 1938
f 2032 2157 2127
f 2157 2309 2127
f 2309 2344 2496
f 2496 2499 2309
f 2499 2662 2635
f 2635 2840 2842
f 2842 2959 2962
f 2962 3043 3064
f 3064 3146 3149
f 3146 3233 3149
f 3233 3231 3320
f 3320 3407 3408
f 3408 3503 3504
f 3503 3644 3645
f 3644 3822 3645
f 3822 3995 3996
f 3995 4175 3996
f 4175 4141 4292
f 4292 4290 4401
f 4401 4462 4463
f 4462 4461 4498
f 4461 4425 4493
f 4425 4371 4424
f 4371 4337 4336
f 4337 4287 4336
f 4287 4219 4313
f 4219 4283 4313
f 4283 4257 4363
f 4257 4170 4311
f 4280 4361 4413
f 4361 4704 4585
f 4704 4587 4797
f 4587 4678 4797
f 4678 4484 4796
f 4484 4586 4796
f 4586 4360 4661
f 4360 4238 4412
f 4238 4164 4308
f 4164 4072 4044
f 4044 3921 3891
f 3891 3789 3812
f 3812 3709 3787
f 3787 3636 3761
f 3636 3680 3761
f 3680 3587 3679
f 3679 3635 3706
f 3635 3650 3706
f 3650 3586 3651
f 3651 3588 3652
f 3588 3681 3652
f 3681 3613 3707
f 3707 3637 3708
f 3708 3682 3788
f 3682 3864 3788
f 3864 3762 3950
f 3950 3986 4093
f 3986 4094 4093
f 4094 4165 4255
f 4255 4280 4413
f 4170 4216 4311
f 4216 4098 4192
f 4098 4169 4192
f 4169 4097 4138
f 4138 4096 4191
f 4191 4215 4362
f 4215 4240 4362
f 4240 4310 4390
f 4310 4217 4392
f 4392 4282 4414
f 4282 4333 4414
f 4333 4284 4312
f 4284 4258 4312
f 4258 4242 4286
f 4286 4222 4288
f 4288 4223 4259
f 4259 4224 4316
f 4224 4173 4261
f 4173 4106 4078
f 4078 3957 4174
f 4174 4023 4079
f 4023 3925 4079
f 3925 3767 3959
f 3959 3798 4024
f 3798 3845 4024
f 3845 3664 3901
f 3664 3695 3901
f 3695 3522 3523
f 3523 3425 3544
f 3425 3331 3426
f 3331 3229 3230
f 3229 3145 3230
f 3145 3040 3042
f 3040 2958 3042
f 2958 2837 2839
f 2839 2631 2632
f 2632 2413 2455
f 2413 2233 2273
f 2233 2061 2273
f 2061 1971 2033
f 1971 1871 1939
f 1871 1868 1834
f 1834 1765 1767
f 1765 1642 1687
f 1642 1637 1638
f 1637 1502 1503
f 1502 1501 1385
f 1501 1423 1385
f 1423 1537 1422
f 1422 1460 1317
f 1460 1345 1317
f 1345 1498 1344
f 1498 1381 1344
f 1381 1378 1243
f 1378 1340 1242
f 1340 1342 1283
f 1342 1496 1343
f 1493 1492 1374
f 1374 1373 1237
f 1373 1236 1198
f 1236 1042 1043
f 1042 1104 963
f 1104 962 963
f 962 1166 1040
f 1040 1103 960
f 1103 1165 1102
f 1165 1278 1102
f 1278 1310 1195
f 1310 1369 1234
f 1369 1367 1308
f 1308 1309 1233
f 1309 1276 1233
f 1276 1277 1193
f 1277 1196 1194
f 1196 1101 1164
f 1101 1020 925
f 1020 1137 1041
f 1041 1235 998
f 1235 1167 998
f 1167 1105 964
f 1105 1313 1070
f 1313 1281 1070
f 1281 1459 1374
f 1343 1382 1377
f 1382 1379 1377
f 1379 1341 1377
f 1341 1380 1244
f 1380 1383 1245
f 1383 1384 1247
f 1384 1346 1201
f 1346 1421 1347
f 1347 1348 1171
f 1171 1461 1206
f 1461 1425 1205
f 1425 1636 1635
f 1635 1683 1640
f 1683 1685 1640
f 1685 1725 1686
f 1725 1726 1686
f 1726 1766 1727
f 1766 1808 1727
f 1808 1869 1870
f 1870 1937 1938
f 1938 2032 2034
f 2032 2127 2034
f 2127 2309 2159
f 2309 2499 2346
f 2499 2635 2637
f 2635 2842 2637
f 2842 2962 2982
f 2962 3064 2982
f 3064 3149 3065
f 3149 3233 3250
f 3233 3320 3250
f 3320 3408 3321
f 3408 3504 3494
f 3504 3503 3645
f 3645 3822 3823
f 3822 3996 3823
f 3996 4175 4143
f 4175 4292 4264
f 4292 4401 4402
f 4401 4463 4402
f 4463 4462 4501
f 4462 4498 4500
f 4498 4461 4497
f 4461 4493 4495
f 4493 4425 4491
f 4425 4424 4490
f 4424 4371 4460
f 4371 4336 4396
f 4336 4287 4367
f 4287 4313 4367
f 4313 4283 4334
f 4283 4363 4334
f 4363 4257 4311
f 4413 4361 4585
f 4585 4704 4745
f 4704 4797 4825
f 4797 4678 4848
f 4678 4796 4848
f 4796 4586 4661
f 4661 4360 4412
f 4412 4238 4308
f 4308 4164 4212
f 4164 4044 4132
f 4044 3891 4043
f 3891 3812 3949
f 3812 3787 3920
f 3787 3761 3890
f 3761 3680 3759
f 3680 3679 3758
f 3679 3706 3757
f 3706 3650 3705
f 3650 3651 3736
f 3651 3652 3737
f 3652 3681 3760
f 3681 3707 3786
f 3707 3708 3785
f 3708 3788 3785
f 3788 3864 3863
f 3864 3950 3985
f 3950 4093 4071
f 4093 4094 4213
f 4094 4255 4213
f 4255 4413 4359
f 4311 4216 4454
f 4216 4192 4391
f 4192 4169 4281
f 4169 4138 4191
f 4191 4362 4331
f 4362 4240 4390
f 4390 4310 4453
f 4310 4392 4523
f 4392 4414 4523
f 4414 4333 4485
f 4333 4312 4364
f 4312 4258 4285
f 4258 4286 4285
f 4286 4288 4369
f 4288 4259 4316
f 4316 4224 4261
f 4261 4173 4244
f 4173 4078 4244
f 4078 4174 4244
f 4174 4079 4196
f 4079 3925 4109
f 3925 3959 4109
f 3959 4024 4109
f 4024 3845 3901
f 3901 3695 3720
f 3695 3523 3720
f 3523 3544 3720
f 3544 3425 3426
f 3426 3331 3427
f 3331 3230 3332
f 3230 3145 3147
f 3145 3042 3147
f 3042 2958 2960
f 2958 2839 2960
f 2839 2632 2841
f 2632 2455 2633
f 2455 2413 2273
f 2273 2061 2033
f 2033 1971 1939
f 1939 1871 1835
f 1871 1834 1767
f 1767 1765 1689
f 1765 1687 1689
f 1687 1642 1643
f 1642 1638 1639
f 1638 1637 1503
f 1503 1502 1385
f 1385 1423 1285
f 1423 1422 1285
f 1422 1317 1285
f 1317 1345 1169
f 1345 1344 1248
f 1344 1381 1248
f 1381 1243 1246
f 1243 1378 1242
f 1242 1340 1283
f 1283 1342 1376
f 1342 1343 1377
f 1374 1237 1281
f 1237 1373 1198
f 1198 1236 1043
f 1043 1042 965
f 1042 963 965
f 963 962 894
f 962 1040 960
f 960 1103 1019
f 1103 1102 1019
f 1102 1278 1195
f 1195 1310 1234
f 1234 1369 1308
f 1308 1233 1192
f 1233 1276 1193
f 1193 1277 1194
f 1194 1196 1164
f 1164 1101 1100
f 1101 925 924
f 925 1020 961
f 1020 1041 961
f 1041 998 961
f 998 1167 964
f 964 1105 1070
f 1070 1281 1237
f 1377 1341 1339
f 1341 1244 1339
f 1244 1380 1245
f 1245 1383 1247
f 1247 1384 1201
f 1201 1346 1202
f 1346 1347 1284
f 1347 1171 1170
f 1171 1206 1006
f 1206 1461 1205
f 1205 1425 1424
f 1425 1635 1424
f 1635 1640 1602
f 1640 1685 1641
f 1685 1686 1641
f 1686 1726 1727
f 1727 1808 1768
f 1808 1870 1809
f 1870 1938 1940
f 1938 2034 1940
f 2034 2127 2092
f 2127 2159 2092
f 2159 2309 2346
f 2346 2499 2501
f 2499 2637 2501
f 2637 2842 2816
f 2842 2982 2816
f 2982 3064 3065
f 3065 3149 3150
f 3149 3250 3150
f 3250 3320 3321
f 3321 3408 3401
f 3408 3494 3401
f 3494 3504 3645
f 3645 3823 3602
f 3823 3996 3960
f 3996 4143 4111
f 4143 4175 4264
f 4264 4292 4402
f 4402 4463 4375
f 4463 4501 4502
f 4501 4462 4500
f 4500 4498 4535
f 4498 4497 4533
f 4497 4461 4496
f 4461 4495 4496
f 4495 4493 4603
f 4493 4491 4602
f 4491 4425 4490
f 4490 4424 4529
f 4424 4460 4529
f 4460 4371 4396
f 4396 4336 4418
f 4336 4367 4418
f 4367 4313 4334
f 4334 4363 4415
f 4363 4311 4454
f 4413 4585 4584
f 4585 4745 4584
f 4745 4704 4825
f 4825 4797 4914
f 4797 4848 4914
f 4848 4796 4942
f 4796 4661 4824
f 4661 4412 4451
f 4412 4308 4451
f 4308 4212 4307
f 4212 4164 4132
f 4132 4044 4043
f 4043 3891 3949
f 3949 3812 3920
f 3920 3787 3890
f 3890 3761 3759
f 3759 3680 3758
f 3758 3679 3757
f 3757 3706 3784
f 3706 3705 3756
f 3705 3650 3736
f 3736 3651 3737
f 3737 3652 3760
f 3760 3681 3786
f 3786 3707 3785
f 3785 3788 3863
f 3863 3864 3985
f 3985 3950 4071
f 4071 4093 4163
f 4093 4213 4279
f 4213 4255 4359
f 4359 4413 4584
f 4454 4216 4391
f 4391 4192 4332
f 4192 4281 4332
f 4281 4169 4191
f 4191 4331 4281
f 4331 4362 4521
f 4362 4390 4588
f 4390 4453 4588
f 4453 4310 4523
f 4523 4414 4634
f 4414 4485 4634
f 4485 4333 4364
f 4364 4312 4365
f 4312 4285 4314
f 4285 4286 4314
f 4286 4369 4315
f 4369 4288 4372
f 4288 4316 4372
f 4316 4261 4399
f 4261 4244 4317
f 4244 4174 4289
f 4174 4196 4289
f 4196 4079 4109
f 4109 4024 4142
f 4024 3901 4110
f 3901 3720 3926
f 3720 3544 3721
f 3544 3426 3545
f 3426 3427 3545
f 3427 3331 3332
f 3332 3230 3232
f 3230 3147 3232
f 3147 3042 3044
f 3042 2960 3044
f 2960 2839 2841
f 2841 2632 2633
f 2633 2455 2497
f 2455 2273 2497
f 2273 2033 2158
f 2033 1939 2035
f 1939 1835 1941
f 1835 1871 1767
f 1767 1689 1769
f 1689 1687 1647
f 1687 1643 1688
f 1643 1642 1639
f 1639 1638 1504
f 1638 1503 1504
f 1503 1385 1386
f 1385 1285 1249
f 1285 1317 1169
f 1169 1345 1203
f 1345 1248 1203
f 1248 1381 1246
f 1246 1243 1074
f 1243 1242 1073
f 1242 1283 1200
f 1283 1376 1316
f 1376 1342 1377
f 1237 1198 1044
f 1198 1043 1044
f 1043 965 1044
f 965 963 894
f 894 962 893
f 962 960 893
f 960 1019 959
f 1019 1102 959
f 1102 1195 1018
f 1195 1234 1136
f 1234 1308 1163
f 1308 1192 1163
f 1192 1233 1162
f 1233 1193 1135
f 1193 1194 1099
f 1194 1164 1099
f 1164 1100 1099
f 1100 1101 924
f 924 925 862
f 925 961 862
f 961 998 926
f 998 964 926
f 964 1070 999
f 1070 1237 1044
f 1377 1339 1338
f 1339 1244 1241
f 1244 1245 1109
f 1245 1247 1109
f 1247 1201 1075
f 1201 1202 1077
f 1202 1346 1168
f 1346 1284 1168
f 1284 1347 1168
f 1347 1170 1168
f 1170 1171 1006
f 1006 1206 1009
f 1206 1205 1009
f 1205 1424 1204
f 1424 1635 1602
f 1602 1640 1427
f 1640 1641 1427
f 1641 1686 1644
f 1686 1727 1646
f 1727 1768 1690
f 1768 1808 1809
f 1809 1870 1872
f 1870 1940 1872
f 1940 2034 1897
f 2034 2092 1972
f 2092 2159 1973
f 2159 2346 2275
f 2346 2501 2416
f 2501 2637 2560
f 2637 2816 2689
f 2816 2982 2922
f 2982 3065 2992
f 3065 3150 3171
f 3150 3250 3236
f 3250 3321 3259
f 3321 3401 3322
f 3401 3494 3458
f 3494 3645 3602
f 3602 3823 3800
f 3823 3960 3927
f 3960 3996 4111
f 4111 4143 4226
f 4143 4264 4226
f 4264 4402 4375
f 4375 4463 4465
f 4463 4502 4503
f 4502 4501 4609
f 4501 4500 4607
f 4500 4535 4607
f 4535 4498 4534
f 4498 4533 4556
f 4533 4497 4667
f 4497 4496 4666
f 4496 4495 4640
f 4495 4603 4640
f 4603 4493 4602
f 4602 4491 4490
f 4490 4529 4598
f 4529 4460 4488
f 4460 4396 4488
f 4396 4418 4457
f 4418 4367 4393
f 4367 4334 4393
f 4334 4415 4393
f 4415 4363 4635
f 4363 4454 4552
f 4584 4745 4795
f 4745 4825 4795
f 4825 4914 4875
f 4914 4848 4941
f 4848 4942 4941
f 4942 4796 4939
f 4796 4824 4939
f 4824 4661 4632
f 4661 4451 4632
f 4451 4308 4307
f 4307 4212 4278
f 4212 4132 4161
f 4132 4043 4161
f 4043 3949 4042
f 3949 3920 3984
f 3920 3890 3984
f 3890 3759 3861
f 3759 3758 3860
f 3758 3757 3859
f 3757 3784 3858
f 3784 3706 3756
f 3756 3705 3783
f 3705 3736 3783
f 3736 3737 3811
f 3737 3760 3836
f 3760 3786 3862
f 3786 3785 3889
f 3785 3863 3889
f 3863 3985 4070
f 3985 4071 4070
f 4071 4163 4237
f 4163 4093 4279
f 4279 4213 4450
f 4213 4359 4450
f 4359 4584 4450
f 4454 4391 4589
f 4391 4332 4522
f 4332 4281 4452
f 4281 4331 4452
f 4331 4521 4452
f 4521 4362 4550
f 4362 4588 4550
f 4588 4453 4663
f 4453 4523 4663
f 4523 4634 4707
f 4634 4485 4665
f 4485 4364 4416
f 4364 4365 4416
f 4365 4312 4314
f 4314 4286 4315
f 4315 4369 4370
f 4369 4372 4398
f 4372 4316 4399
f 4399 4261 4317
f 4317 4244 4289
f 4289 4196 4263
f 4196 4109 4263
f 4109 4142 4291
f 4142 4024 4110
f 4110 3901 3926
f 3926 3720 3721
f 3721 3544 3545
f 3545 3427 3428
f 3427 3332 3333
f 3332 3232 3333
f 3232 3147 3148
f 3147 3044 3148
f 3044 2960 3045
f 2960 2841 2815
f 2841 2633 2634
f 2633 2497 2634
f 2497 2273 2345
f 2273 2158 2345
f 2158 2033 2035
f 2035 1939 1941
f 1941 1835 1836
f 1835 1767 1836
f 1767 1769 1836
f 1769 1689 1691
f 1689 1647 1650
f 1647 1687 1688
f 1688 1643 1604
f 1643 1639 1604
f 1639 1504 1603
f 1504 1503 1387
f 1503 1386 1387
f 1386 1385 1249
f 1249 1285 1142
f 1285 1169 1142
f 1169 1203 1050
f 1203 1248 1076
f 1248 1246 1076
f 1246 1074 1076
f 1074 1243 1073
f 1073 1242 1071
f 1242 1200 1071
f 1200 1283 1240
f 1283 1316 1240
f 1316 1376 1314
f 1376 1377 1375
f 1044 965 966
f 965 894 895
f 894 893 829
f 893 960 863
f 960 959 863
f 959 1102 1018
f 1018 1195 1136
f 1136 1234 1163
f 1163 1192 1134
f 1192 1162 1134
f 1162 1233 1135
f 1135 1193 1099
f 1099 1100 997
f 1100 924 997
f 924 862 825
f 862 961 828
f 961 926 892
f 926 964 927
f 964 999 927
f 999 1070 966
f 1070 1044 966
f 1377 1338 1375
f 1338 1339 1282
f 1339 1241 1282
f 1241 1244 1141
f 1244 1109 1108
f 1109 1247 1075
f 1075 1201 1077
f 1077 1202 1049
f 1202 1168 1049
f 1168 1170 1024
f 1170 1006 1024
f 1006 1009 805
f 1009 1205 1008
f 1205 1204 1007
f 1204 1424 1426
f 1424 1602 1427
f 1427 1641 1389
f 1641 1644 1389
f 1644 1686 1646
f 1646 1727 1648
f 1727 1690 1649
f 1690 1768 1809
f 1809 1872 1810
f 1872 1940 1837
f 1940 1897 1837
f 1897 2034 1972
f 1972 2092 1973
f 1973 2159 2062
f 2159 2275 2093
f 2275 2346 2416
f 2416 2501 2417
f 2501 2560 2502
f 2560 2637 2638
f 2637 2689 2638
f 2689 2816 2777
f 2816 2922 2867
f 2922 2982 2992
f 2992 3065 3046
f 3065 3171 3100
f 3171 3150 3236
f 3236 3250 3259
f 3259 3321 3322
f 3322 3401 3359
f 3401 3458 3402
f 3458 3494 3506
f 3494 3602 3506
f 3602 3800 3747
f 3800 3823 3927
f 3927 3960 4051
f 3960 4111 4051
f 4111 4226 4227
f 4226 4264 4340
f 4264 4375 4340
f 4375 4465 4340
f 4465 4463 4503
f 4503 4502 4613
f 4502 4609 4613
f 4609 4501 4607
f 4607 4535 4605
f 4535 4534 4557
f 4534 4498 4556
f 4556 4533 4685
f 4533 4667 4685
f 4667 4497 4666
f 4666 4496 4640
f 4640 4603 4804
f 4603 4602 4784
f 4602 4490 4600
f 4490 4598 4600
f 4598 4529 4596
f 4529 4488 4596
f 4488 4396 4528
f 4396 4457 4422
f 4457 4418 4487
f 4418 4393 4487
f 4393 4415 4486
f 4415 4635 4682
f 4635 4363 4552
f 4552 4454 4664
f 4584 4795 4660
f 4795 4825 4875
f 4875 4914 4913
f 4914 4941 4940
f 4941 4942 4989
f 4942 4939 4989
f 4939 4824 4776
f 4824 4632 4776
f 4632 4451 4411
f 4451 4307 4411
f 4307 4278 4411
f 4278 4212 4236
f 4212 4161 4236
f 4161 4043 4042
f 4042 3949 3984
f 3984 3890 3948
f 3890 3861 3948
f 3861 3759 3860
f 3860 3758 3859
f 3859 3757 3858
f 3858 3784 3811
f 3784 3756 3783
f 3783 3736 3811
f 3811 3737 3836
f 3836 3760 3862
f 3862 3786 3889
f 3889 3863 3983
f 3863 4070 3983
f 4070 4071 4162
f 4071 4237 4162
f 4237 4163 4358
f 4163 4279 4358
f 4279 4450 4519
f 4450 4584 4660
f 4454 4589 4633
f 4589 4391 4551
f 4391 4522 4551
f 4522 4332 4452
f 4452 4521 4662
f 4521 4550 4680
f 4550 4588 4705
f 4588 4663 4705
f 4663 4523 4707
f 4707 4634 4780
f 4634 4665 4781
f 4665 4485 4553
f 4485 4416 4553
f 4416 4365 4366
f 4365 4314 4366
f 4314 4315 4335
f 4315 4370 4368
f 4370 4369 4398
f 4398 4372 4423
f 4372 4399 4423
f 4399 4317 4426
f 4317 4289 4373
f 4289 4263 4374
f 4263 4109 4291
f 4291 4142 4225
f 4142 4110 4225
f 4110 3926 4176
f 3926 3721 3902
f 3721 3545 3665
f 3545 3428 3546
f 3428 3427 3333
f 3333 3232 3234
f 3232 3148 3234
f 3148 3044 3045
f 3045 2960 2961
f 2960 2815 2961
f 2815 2841 2634
f 2634 2497 2498
f 2497 2345 2498
f 2345 2158 2274
f 2158 2035 1898
f 2035 1941 1811
f 1941 1836 1651
f 1836 1769 1538
f 1769 1691 1463
f 1691 1689 1650
f 1650 1647 1606
f 1647 1688 1645
f 1688 1604 1645
f 1604 1639 1603
f 1603 1504 1505
f 1504 1387 1505
f 1387 1386 1250
f 1386 1249 1250
f 1249 1142 1110
f 1142 1169 1050
f 1050 1203 1048
f 1203 1076 1048
f 1076 1074 933
f 1074 1073 970
f 1073 1071 970
f 1071 1200 1107
f 1200 1240 1140
f 1240 1316 1238
f 1316 1314 1238
f 1314 1376 1375
f 966 965 895
f 895 894 892
f 894 829 892
f 829 893 863
f 863 959 826
f 959 1018 891
f 1018 1136 1039
f 1136 1163 1069
f 1163 1134 1069
f 1134 1162 1098
f 1162 1135 1098
f 1135 1099 1068
f 1099 997 1038
f 997 924 825
f 825 862 828
f 828 961 892
f 892 926 895
f 926 927 895
f 927 999 895
f 999 966 895
f 1375 1338 1315
f 1338 1282 1315
f 1282 1241 1199
f 1241 1141 1199
f 1141 1244 1108
f 1108 1109 1003
f 1109 1075 1004
f 1075 1077 972
f 1077 1049 907
f 1049 1168 1023
f 1168 1024 1023
f 1024 1006 841
f 1006 805 803
f 805 1009 1008
f 1008 1205 1007
f 1007 1204 1209
f 1204 1426 1209
f 1427 1389 1211
f 1389 1644 1430
f 1644 1646 1432
f 1646 1648 1434
f 1648 1727 1649
f 1649 1690 1507
f 1690 1809 1810
f 1810 1872 1837
f 1837 1897 1812
f 1897 1972 1899
f 1972 1973 1899
f 1973 2062 1770
f 2062 2159 2093
f 2093 2275 2128
f 2275 2416 2348
f 2416 2417 2349
f 2417 2501 2502
f 2502 2560 2562
f 2560 2638 2562
f 2638 2689 2639
f 2689 2777 2720
f 2777 2816 2867
f 2867 2922 2904
f 2922 2992 2983
f 2992 3046 2983
f 3046 3065 3100
f 3100 3171 3163
f 3171 3236 3180
f 3236 3259 3180
f 3259 3322 3260
f 3322 3359 3323
f 3359 3401 3402
f 3402 3458 3410
f 3458 3506 3459
f 3506 3602 3604
f 3602 3747 3604
f 3747 3800 3825
f 3800 3927 3903
f 3927 4051 3998
f 4051 4111 4177
f 4111 4227 4177
f 4227 4226 4318
f 4226 4340 4318
f 4340 4465 4430
f 4465 4503 4505
f 4503 4613 4615
f 4613 4609 4723
f 4609 4607 4687
f 4607 4605 4722
f 4605 4535 4557
f 4557 4534 4556
f 4556 4685 4684
f 4685 4667 4927
f 4667 4666 4857
f 4666 4640 4835
f 4640 4804 4835
f 4804 4603 4784
f 4784 4602 4754
f 4602 4600 4754
f 4600 4598 4716
f 4598 4596 4716
f 4596 4488 4528
f 4528 4396 4422
f 4422 4457 4421
f 4457 4487 4525
f 4487 4393 4486
f 4486 4415 4682
f 4682 4635 4799
f 4635 4552 4749
f 4552 4664 4749
f 4664 4454 4633
f 4660 4795 4677
f 4795 4875 4794
f 4875 4913 4874
f 4913 4914 4940
f 4940 4941 4989
f 4989 4939 4938
f 4939 4776 4775
f 4776 4632 4659
f 4632 4411 4520
f 4411 4278 4388
f 4278 4236 4235
f 4236 4161 4188
f 4161 4042 4041
f 4042 3984 4041
f 3984 3948 4041
f 3948 3861 3860
f 3860 3859 3947
f 3859 3858 3919
f 3858 3811 3919
f 3811 3784 3783
f 3811 3836 3919
f 3836 3862 3981
f 3862 3889 3982
f 3889 3983 4092
f 3983 4070 4160
f 4070 4162 4160
f 4162 4237 4277
f 4237 4358 4410
f 4358 4279 4519
f 4519 4450 4677
f 4450 4660 4677
f 4633 4589 4748
f 4589 4551 4706
f 4551 4522 4706
f 4522 4452 4662
f 4662 4521 4679
f 4521 4680 4679
f 4680 4550 4705
f 4705 4663 4778
f 4663 4707 4778
f 4707 4780 4880
f 4780 4634 4781
f 4781 4665 4830
f 4665 4553 4708
f 4553 4416 4590
f 4416 4366 4417
f 4366 4314 4335
f 4335 4315 4368
f 4368 4370 4395
f 4370 4398 4397
f 4398 4423 4459
f 4423 4399 4426
f 4426 4317 4373
f 4373 4289 4374
f 4374 4263 4291
f 4291 4225 4339
f 4225 4110 4293
f 4110 4176 4293
f 4176 3926 4025
f 3926 3902 4025
f 3902 3721 3824
f 3721 3665 3824
f 3665 3545 3546
f 3546 3428 3471
f 3428 3333 3371
f 3333 3234 3292
f 3234 3148 3235
f 3148 3045 3077
f 3045 2961 2981
f 2961 2815 2981
f 2815 2634 2636
f 2634 2498 2500
f 2498 2345 2414
f 2345 2274 2414
f 2274 2158 2000
f 2158 1898 2000
f 1898 2035 1811
f 1811 1941 1651
f 1651 1836 1538
f 1538 1769 1463
f 1463 1691 1435
f 1691 1650 1435
f 1650 1606 1390
f 1606 1647 1605
f 1647 1645 1605
f 1645 1604 1431
f 1604 1603 1428
f 1603 1505 1428
f 1505 1387 1388
f 1387 1250 1207
f 1250 1249 1110
f 1110 1142 1005
f 1142 1050 1005
f 1050 1048 908
f 1048 1076 933
f 933 1074 971
f 1074 970 971
f 970 1071 1002
f 1071 1107 1002
f 1107 1200 1140
f 1140 1240 1138
f 1240 1238 1138
f 1238 1314 1239
f 1314 1375 1315
f 892 829 827
f 829 863 826
f 826 959 891
f 891 1018 958
f 1018 1039 958
f 1039 1136 1069
f 1069 1134 1017
f 1134 1098 1067
f 1098 1135 1068
f 1068 1099 1038
f 1038 997 890
f 997 825 890
f 825 828 824
f 828 892 827
f 1315 1282 1199
f 1199 1141 1106
f 1141 1108 1072
f 1108 1003 1072
f 1003 1109 1004
f 1004 1075 972
f 972 1077 934
f 1077 907 934
f 907 1049 870
f 1049 1023 870
f 1023 1024 841
f 841 1006 803
f 803 805 591
f 805 1008 765
f 1008 1007 804
f 1007 1209 976
f 1209 1426 1210
f 1427 1211 1210
f 1211 1389 1430
f 1430 1644 1432
f 1432 1646 1434
f 1434 1648 1462
f 1648 1649 1462
f 1649 1507 1506
f 1507 1690 1563
f 1690 1810 1563
f 1810 1837 1692
f 1837 1812 1693
f 1812 1897 1899
f 1899 1973 1694
f 1973 1770 1694
f 1770 2062 1838
f 2062 2093 1838
f 2093 2128 1943
f 2128 2275 2348
f 2348 2416 2349
f 2349 2417 2347
f 2417 2502 2500
f 2502 2562 2561
f 2562 2638 2563
f 2638 2639 2563
f 2639 2689 2720
f 2720 2777 2844
f 2777 2867 2844
f 2867 2904 2844
f 2904 2922 2983
f 2983 3046 3047
f 3046 3100 3101
f 3100 3163 3101
f 3163 3171 3180
f 3180 3259 3260
f 3260 3322 3323
f 3323 3359 3373
f 3359 3402 3410
f 3410 3458 3459
f 3459 3506 3525
f 3506 3604 3525
f 3604 3747 3629
f 3747 3825 3769
f 3825 3800 3903
f 3903 3927 3998
f 3998 4051 4145
f 4051 4177 4266
f 4177 4227 4341
f 4227 4318 4432
f 4318 4340 4430
f 4430 4465 4506
f 4465 4505 4506
f 4505 4503 4615
f 4615 4613 4725
f 4613 4723 4725
f 4723 4609 4687
f 4687 4607 4722
f 4722 4605 4721
f 4605 4557 4721
f 4557 4556 4684
f 4684 4685 4927
f 4927 4667 4886
f 4667 4857 4886
f 4857 4666 4835
f 4835 4804 4973
f 4804 4784 4952
f 4784 4754 4952
f 4754 4600 4716
f 4716 4596 4713
f 4596 4528 4638
f 4528 4422 4421
f 4421 4457 4456
f 4457 4525 4456
f 4525 4487 4593
f 4487 4486 4554
f 4486 4682 4709
f 4682 4799 4854
f 4799 4635 4749
f 4749 4664 4829
f 4664 4633 4779
f 4677 4795 4794
f 4794 4875 4874
f 4874 4913 4940
f 4940 4989 4965
f 4989 4938 4937
f 4938 4939 4775
f 4775 4776 4659
f 4659 4632 4520
f 4520 4411 4482
f 4411 4388 4482
f 4388 4278 4357
f 4278 4235 4357
f 4235 4236 4188
f 4188 4161 4041
f 4041 3948 3947
f 3948 3860 3947
f 3947 3859 3946
f 3859 3919 3946
f 3919 3836 3981
f 3981 3862 3982
f 3982 3889 4092
f 4092 3983 4160
f 4160 4162 4211
f 4162 4277 4211
f 4277 4237 4410
f 4410 4358 4583
f 4358 4519 4583
f 4519 4677 4774
f 4633 4748 4779
f 4748 4589 4706
f 4706 4522 4681
f 4522 4662 4681
f 4662 4679 4746
f 4679 4680 4746
f 4680 4705 4777
f 4705 4778 4827
f 4778 4707 4828
f 4707 4880 4828
f 4880 4780 4917
f 4780 4781 4917
f 4781 4830 4949
f 4830 4665 4708
f 4708 4553 4750
f 4553 4590 4750
f 4590 4416 4417
f 4417 4366 4394
f 4366 4335 4394
f 4335 4368 4394
f 4368 4395 4419
f 4395 4370 4397
f 4397 4398 4458
f 4398 4459 4458
f 4459 4423 4489
f 4423 4426 4492
f 4426 4373 4494
f 4373 4374 4427
f 4374 4291 4428
f 4291 4339 4428
f 4339 4225 4376
f 4225 4293 4376
f 4293 4176 4265
f 4176 4025 4265
f 4025 3902 3997
f 3902 3824 3997
f 3824 3665 3801
f 3665 3546 3603
f 3546 3471 3505
f 3471 3428 3429
f 3428 3371 3429
f 3371 3333 3334
f 3333 3292 3334
f 3292 3234 3235
f 3235 3148 3192
f 3148 3077 3126
f 3077 3045 2981
f 2981 2815 2843
f 2815 2636 2843
f 2636 2634 2500
f 2500 2498 2414
f 2414 2274 2310
f 2274 2000 2063
f 2000 1898 1652
f 1898 1811 1564
f 1811 1651 1464
f 1651 1538 1464
f 1538 1463 1350
f 1463 1435 1288
f 1435 1650 1390
f 1390 1606 1605
f 1605 1645 1433
f 1645 1431 1433
f 1431 1604 1429
f 1604 1428 1429
f 1428 1505 1388
f 1388 1387 1208
f 1387 1207 1208
f 1207 1250 1111
f 1250 1110 1111
f 1110 1005 973
f 1005 1050 871
f 1050 908 871
f 908 1048 933
f 933 971 839
f 971 970 905
f 970 1002 969
f 1002 1107 1140
f 1140 1138 1047
f 1138 1238 1239
f 1239 1314 1315
f 827 829 826
f 826 891 861
f 891 958 861
f 958 1039 923
f 1039 1069 996
f 1069 1017 996
f 1017 1134 1067
f 1067 1098 994
f 1098 1068 995
f 1068 1038 995
f 1038 890 957
f 890 825 824
f 824 828 827
f 1315 1199 1239
f 1199 1106 1239
f 1106 1141 1072
f 1072 1003 1022
f 1003 1004 906
f 1004 972 869
f 972 934 869
f 934 907 840
f 907 870 693
f 870 1023 841
f 841 803 656
f 803 591 656
f 591 805 554
f 805 765 554
f 765 1008 804
f 804 1007 729
f 1007 976 729
f 976 1209 977
f 1209 1210 977
f 1210 1426 1427
f 1210 1211 936
f 1211 1430 1253
f 1430 1432 1213
f 1432 1434 1215
f 1434 1462 1254
f 1462 1649 1506
f 1506 1507 1287
f 1507 1563 1349
f 1563 1810 1692
f 1692 1837 1539
f 1837 1693 1539
f 1693 1812 1565
f 1812 1899 1694
f 1694 1770 1540
f 1770 1838 1607
f 1838 2093 1900
f 2093 1943 1900
f 1943 2128 1974
f 2128 2348 2160
f 2348 2349 2160
f 2349 2347 2130
f 2347 2417 2415
f 2417 2500 2415
f 2500 2502 2636
f 2502 2561 2636
f 2561 2562 2594
f 2562 2563 2456
f 2563 2639 2532
f 2639 2720 2690
f 2720 2844 2778
f 2844 2904 2868
f 2904 2983 2923
f 2983 3047 3048
f 3047 3046 3101
f 3101 3163 3103
f 3163 3180 3172
f 3180 3260 3262
f 3260 3323 3262
f 3323 3373 3348
f 3373 3359 3410
f 3410 3459 3440
f 3459 3525 3481
f 3525 3604 3629
f 3629 3747 3769
f 3769 3825 3871
f 3825 3903 3961
f 3903 3998 3962
f 3998 4145 4113
f 4145 4051 4198
f 4051 4266 4198
f 4266 4177 4341
f 4341 4227 4432
f 4432 4318 4618
f 4318 4430 4431
f 4430 4506 4431
f 4506 4505 4562
f 4505 4615 4562
f 4615 4725 4757
f 4725 4723 4861
f 4723 4687 4859
f 4687 4722 4858
f 4722 4721 4888
f 4721 4557 4684
f 4684 4927 4887
f 4927 4886 5058
f 4886 4857 5026
f 4857 4835 5000
f 4835 4973 5000
f 4973 4804 4952
f 4952 4754 4884
f 4754 4716 4855
f 4716 4713 4832
f 4713 4596 4638
f 4638 4528 4527
f 4528 4421 4527
f 4421 4456 4419
f 4456 4525 4524
f 4525 4593 4592
f 4593 4487 4554
f 4554 4486 4709
f 4709 4682 4882
f 4682 4854 4882
f 4854 4799 4970
f 4799 4749 4881
f 4749 4829 4881
f 4829 4664 4779
f 4677 4794 4774
f 4794 4874 4847
f 4874 4940 4912
f 4940 4965 4912
f 4965 4989 4937
f 4937 4938 4823
f 4938 4775 4793
f 4775 4659 4658
f 4659 4520 4482
f 4482 4388 4481
f 4388 4357 4481
f 4357 4235 4276
f 4235 4188 4276
f 4188 4041 4187
f 4041 3947 4040
f 3947 3946 4015
f 3946 3919 3981
f 3981 3982 4015
f 3982 4092 4015
f 4092 4160 4210
f 4160 4211 4306
f 4211 4277 4306
f 4277 4410 4449
f 4410 4583 4631
f 4583 4519 4774
f 4779 4748 4879
f 4748 4706 4879
f 4706 4681 4798
f 4681 4662 4798
f 4662 4746 4747
f 4746 4680 4777
f 4777 4705 4827
f 4827 4778 4851
f 4778 4828 4851
f 4828 4880 4948
f 4880 4917 4995
f 4917 4781 4949
f 4949 4830 4997
f 4830 4708 4853
f 4708 4750 4918
f 4750 4590 4591
f 4590 4417 4455
f 4417 4394 4455
f 4394 4368 4419
f 4419 4395 4420
f 4395 4397 4420
f 4397 4458 4420
f 4458 4459 4594
f 4459 4489 4599
f 4489 4423 4492
f 4492 4426 4494
f 4494 4373 4427
f 4427 4374 4428
f 4428 4339 4464
f 4339 4376 4464
f 4376 4293 4377
f 4293 4265 4377
f 4265 4025 4197
f 4025 3997 4197
f 3997 3824 3961
f 3824 3801 3825
f 3801 3665 3696
f 3665 3603 3696
f 3603 3546 3570
f 3546 3505 3570
f 3505 3471 3524
f 3471 3429 3472
f 3429 3371 3372
f 3371 3334 3372
f 3334 3292 3293
f 3292 3235 3293
f 3235 3192 3261
f 3192 3148 3126
f 3126 3077 3162
f 3077 2981 3027
f 2981 2843 2941
f 2843 2636 2719
f 2500 2414 2415
f 2414 2310 2347
f 2310 2274 2063
f 2063 2000 1873
f 2000 1652 1771
f 1652 1898 1564
f 1564 1811 1464
f 1464 1538 1350
f 1350 1463 1288
f 1288 1435 1256
f 1435 1390 1217
f 1390 1605 1433
f 1433 1431 1214
f 1431 1429 1252
f 1429 1428 1286
f 1428 1388 1208
f 1208 1207 1078
f 1207 1111 1078
f 1111 1110 973
f 973 1005 842
f 1005 871 872
f 871 908 764
f 908 933 764
f 933 839 764
f 839 971 905
f 905 970 930
f 970 969 930
f 969 1002 1047
f 1002 1140 1047
f 1047 1138 1045
f 1138 1239 1139
f 827 826 794
f 826 861 823
f 861 958 923
f 923 1039 996
f 996 1017 956
f 1017 1067 956
f 1067 994 956
f 994 1098 1016
f 1098 995 1016
f 995 1038 957
f 957 890 822
f 890 824 822
f 824 827 794
f 1239 1106 1139
f 1106 1072 1021
f 1072 1022 1021
f 1022 1003 932
f 1003 906 932
f 906 1004 869
f 869 934 840
f 840 907 763
f 907 693 763
f 693 870 656
f 870 841 656
f 656 591 488
f 591 554 397
f 554 765 553
f 765 804 552
f 804 729 552
f 729 976 977
f 977 1210 936
f 936 1211 937
f 1211 1253 937
f 1253 1430 1213
f 1213 1432 1215
f 1215 1434 1254
f 1254 1462 1255
f 1462 1506 1255
f 1506 1287 1255
f 1287 1507 1349
f 1349 1563 1692
f 1692 1539 1349
f 1539 1693 1508
f 1693 1565 1508
f 1565 1812 1694
f 1694 1540 1466
f 1540 1770 1607
f 1607 1838 1695
f 1838 1900 1695
f 1900 1943 1729
f 1943 1974 1773
f 1974 2128 2160
f 2160 2349 2130
f 2130 2347 2129
f 2347 2415 2414
f 2636 2561 2719
f 2561 2594 2719
f 2594 2562 2458
f 2562 2456 2458
f 2456 2563 2457
f 2563 2532 2457
f 2532 2639 2640
f 2639 2690 2640
f 2690 2720 2778
f 2778 2844 2868
f 2868 2904 2923
f 2923 2983 2963
f 2983 3048 2963
f 3048 3047 3101
f 3101 3103 3048
f 3103 3163 3172
f 3172 3180 3194
f 3180 3262 3194
f 3262 3323 3348
f 3348 3373 3387
f 3373 3410 3387
f 3410 3440 3387
f 3440 3459 3481
f 3481 3525 3526
f 3525 3629 3526
f 3629 3769 3630
f 3769 3871 3964
f 3871 3825 3801
f 3825 3961 3824
f 3961 3903 3962
f 3962 3998 4113
f 4113 4145 4246
f 4145 4198 4342
f 4198 4266 4433
f 4266 4341 4433
f 4341 4432 4669
f 4432 4618 4758
f 4618 4318 4431
f 4431 4506 4537
f 4506 4562 4616
f 4562 4615 4757
f 4757 4725 4862
f 4725 4861 4862
f 4861 4723 4859
f 4859 4687 4858
f 4858 4722 4888
f 4888 4721 4887
f 4721 4684 4887
f 4887 4927 5083
f 4927 5058 5083
f 5058 4886 5026
f 5026 4857 5000
f 5000 4973 5109
f 4973 4952 5057
f 4952 4884 5057
f 4884 4754 4855
f 4855 4716 4832
f 4832 4713 4802
f 4713 4638 4712
f 4638 4527 4637
f 4527 4421 4419
f 4419 4456 4455
f 4456 4524 4455
f 4524 4525 4592
f 4592 4593 4751
f 4593 4554 4752
f 4554 4709 4752
f 4709 4882 4883
f 4882 4854 5055
f 4854 4970 5019
f 4970 4799 4881
f 4881 4829 4969
f 4829 4779 4916
f 4774 4794 4847
f 4847 4874 4912
f 4912 4965 4937
f 4937 4823 4822
f 4823 4938 4793
f 4793 4775 4658
f 4658 4659 4482
f 4482 4481 4658
f 4481 4357 4518
f 4357 4276 4356
f 4276 4188 4187
f 4187 4041 4040
f 4040 3947 4015
f 4015 3946 3981
f 4015 4092 4159
f 4092 4210 4159
f 4210 4160 4306
f 4306 4277 4449
f 4449 4410 4631
f 4631 4583 4744
f 4583 4774 4744
f 4779 4879 4916
f 4879 4706 4852
f 4706 4798 4852
f 4798 4662 4747
f 4747 4746 4826
f 4746 4777 4850
f 4777 4827 4877
f 4827 4851 4877
f 4851 4828 4948
f 4948 4880 4995
f 4995 4917 5050
f 4917 4949 5103
f 4949 4997 5126
f 4997 4830 4853
f 4853 4708 4918
f 4918 4750 4782
f 4750 4591 4782
f 4591 4590 4455
f 4455 4394 4419
f 4419 4420 4526
f 4420 4458 4595
f 4458 4594 4595
f 4594 4459 4597
f 4459 4599 4597
f 4599 4489 4601
f 4489 4492 4601
f 4492 4494 4530
f 4494 4427 4531
f 4427 4428 4499
f 4428 4464 4499
f 4464 4376 4429
f 4376 4377 4538
f 4377 4265 4403
f 4265 4197 4403
f 4197 3997 4144
f 3997 3961 4112
f 3801 3696 3846
f 3696 3603 3646
f 3603 3570 3646
f 3570 3505 3524
f 3524 3471 3472
f 3472 3429 3409
f 3429 3372 3409
f 3372 3334 3335
f 3334 3293 3335
f 3293 3235 3261
f 3261 3192 3200
f 3192 3126 3200
f 3126 3162 3200
f 3162 3077 3086
f 3077 3027 3086
f 3027 2981 2941
f 2941 2843 2817
f 2843 2719 2817
f 2347 2310 2094
f 2310 2063 2094
f 2063 1873 1942
f 1873 2000 1771
f 1771 1652 1465
f 1652 1564 1465
f 1564 1464 1257
f 1464 1350 1257
f 1350 1288 1143
f 1288 1256 1081
f 1256 1435 1217
f 1217 1390 1216
f 1390 1433 1216
f 1433 1214 1216
f 1214 1431 1252
f 1252 1429 1286
f 1286 1428 1251
f 1428 1208 1251
f 1208 1078 1251
f 1078 1111 974
f 1111 973 974
f 973 842 843
f 842 1005 872
f 872 871 727
f 871 764 727
f 764 839 691
f 839 905 761
f 905 930 837
f 930 969 867
f 969 1047 967
f 1047 1045 1000
f 1045 1138 1046
f 1138 1139 1046
f 794 826 823
f 823 861 821
f 861 923 821
f 923 996 889
f 996 956 889
f 956 994 922
f 994 1016 921
f 1016 995 887
f 995 957 887
f 957 822 860
f 822 824 794
f 1139 1106 1021
f 1021 1022 968
f 1022 932 931
f 932 906 904
f 906 869 762
f 869 840 726
f 840 763 726
f 763 693 551
f 693 656 488
f 488 591 425
f 591 397 425
f 397 554 396
f 554 553 396
f 553 765 552
f 552 729 490
f 729 977 730
f 977 936 730
f 936 937 731
f 937 1253 940
f 1253 1213 1054
f 1213 1215 1054
f 1215 1254 1079
f 1254 1255 1079
f 1255 1287 1080
f 1287 1349 1218
f 1349 1539 1218
f 1539 1508 1351
f 1508 1565 1391
f 1565 1694 1466
f 1466 1540 1392
f 1540 1607 1467
f 1607 1695 1467
f 1695 1900 1729
f 1729 1943 1773
f 1773 1974 1813
f 1974 2160 2130
f 2130 2129 1944
f 2129 2347 2094
f 2719 2594 2640
f 2594 2458 2533
f 2458 2456 2350
f 2456 2457 2381
f 2457 2532 2459
f 2532 2640 2595
f 2640 2690 2721
f 2690 2778 2721
f 2778 2868 2752
f 2868 2923 2869
f 2923 2963 2869
f 2963 3048 2964
f 3048 3103 3049
f 3103 3172 3113
f 3172 3194 3202
f 3194 3262 3251
f 3262 3348 3251
f 3348 3387 3360
f 3387 3440 3412
f 3440 3481 3412
f 3481 3526 3508
f 3526 3629 3630
f 3630 3769 3770
f 3769 3964 3928
f 3964 3871 3846
f 3871 3801 3846
f 3961 3962 4113
f 4113 4246 4112
f 4246 4145 4294
f 4145 4342 4294
f 4342 4198 4433
f 4433 4341 4540
f 4341 4669 4540
f 4669 4432 4758
f 4758 4618 4840
f 4618 4431 4537
f 4537 4506 4616
f 4616 4562 4726
f 4562 4757 4726
f 4757 4862 4891
f 4862 4861 4977
f 4861 4859 5028
f 4859 4858 5027
f 4858 4888 5060
f 4888 4887 5084
f 4887 5083 5084
f 5083 5058 5227
f 5058 5026 5206
f 5026 5000 5133
f 5000 5109 5133
f 5109 4973 5057
f 5057 4884 4999
f 4884 4855 4999
f 4855 4832 4971
f 4832 4802 4924
f 4802 4713 4712
f 4712 4638 4711
f 4638 4637 4711
f 4637 4527 4526
f 4527 4419 4526
f 4455 4524 4592
f 4592 4751 4782
f 4751 4593 4752
f 4752 4709 4883
f 4883 4882 5054
f 4882 5055 5054
f 5055 4854 5019
f 5019 4970 5078
f 4970 4881 4996
f 4881 4969 4996
f 4969 4829 4916
f 4774 4847 4744
f 4847 4912 4822
f 4912 4937 4822
f 4822 4823 4744
f 4823 4793 4703
f 4793 4658 4703
f 4658 4481 4703
f 4481 4518 4703
f 4518 4357 4356
f 4356 4276 4306
f 4276 4187 4159
f 4187 4040 4159
f 4040 4015 4159
f 4159 4210 4276
f 4210 4306 4276
f 4306 4449 4518
f 4449 4631 4518
f 4631 4744 4676
f 4916 4879 4968
f 4879 4852 4968
f 4852 4798 4878
f 4798 4747 4849
f 4747 4826 4849
f 4826 4746 4850
f 4850 4777 4877
f 4877 4851 4946
f 4851 4948 4946
f 4948 4995 5102
f 4995 5050 5102
f 5050 4917 5103
f 5103 4949 5126
f 5126 4997 5127
f 4997 4853 5051
f 4853 4918 5051
f 4918 4782 4950
f 4782 4591 4592
f 4591 4455 4592
f 4526 4420 4595
f 4595 4594 4715
f 4594 4597 4714
f 4597 4599 4717
f 4599 4601 4783
f 4601 4492 4639
f 4492 4530 4639
f 4530 4494 4531
f 4531 4427 4499
f 4499 4464 4536
f 4464 4429 4504
f 4429 4376 4617
f 4376 4538 4617
f 4538 4377 4694
f 4377 4403 4539
f 4403 4197 4319
f 4197 4144 4267
f 4144 3997 4112
f 4112 3961 4113
f 3846 3696 3802
f 3696 3646 3802
f 3646 3570 3605
f 3570 3524 3582
f 3524 3472 3495
f 3472 3409 3439
f 3409 3372 3374
f 3372 3335 3374
f 3335 3293 3336
f 3293 3261 3263
f 3261 3200 3263
f 3200 3162 3151
f 3162 3086 3151
f 3086 3027 3014
f 3027 2941 3014
f 2941 2817 2721
f 2817 2719 2721
f 2094 2063 1942
f 1942 1873 1728
f 1873 1771 1653
f 1771 1465 1566
f 1465 1564 1352
f 1564 1257 1352
f 1257 1350 1143
f 1143 1288 1081
f 1081 1256 1057
f 1256 1217 1027
f 1217 1216 1026
f 1216 1214 1053
f 1214 1252 1053
f 1252 1286 1114
f 1286 1251 1112
f 1251 1078 1112
f 1078 974 975
f 974 973 843
f 843 842 695
f 842 872 694
f 872 727 694
f 727 764 692
f 764 691 692
f 691 839 654
f 839 761 654
f 761 905 837
f 837 930 903
f 930 867 903
f 867 969 901
f 969 967 901
f 967 1047 1000
f 1000 1045 1001
f 1045 1046 1001
f 1046 1139 1021
f 794 823 793
f 823 821 793
f 821 923 889
f 889 956 888
f 956 922 888
f 922 994 921
f 921 1016 887
f 887 957 860
f 860 822 788
f 822 794 792
f 1021 968 1046
f 968 1022 931
f 931 932 868
f 932 904 868
f 904 906 838
f 906 762 838
f 762 869 726
f 726 763 632
f 763 551 632
f 551 693 488
f 488 425 373
f 425 397 327
f 397 396 297
f 396 553 552
f 552 490 299
f 490 729 491
f 729 730 491
f 730 936 731
f 731 937 734
f 937 940 734
f 940 1253 1212
f 1253 1054 1052
f 1054 1215 1055
f 1215 1079 1055
f 1079 1255 1056
f 1255 1080 1056
f 1080 1287 1218
f 1218 1539 1351
f 1351 1508 1219
f 1508 1391 1318
f 1391 1565 1466
f 1466 1392 1353
f 1392 1540 1467
f 1467 1695 1541
f 1695 1729 1568
f 1729 1773 1609
f 1773 1813 1655
f 1813 1974 1975
f 1974 2130 1975
f 2130 1944 1975
f 1944 2129 1942
f 2129 2094 1942
f 2719 2640 2721
f 2640 2594 2533
f 2533 2458 2382
f 2458 2350 2382
f 2350 2456 2381
f 2381 2457 2459
f 2459 2532 2595
f 2595 2640 2596
f 2721 2778 2818
f 2778 2752 2722
f 2752 2868 2869
f 2869 2963 2871
f 2963 2964 2871
f 2964 3048 3049
f 3049 3103 3113
f 3113 3172 3173
f 3172 3202 3173
f 3202 3194 3217
f 3194 3251 3253
f 3251 3348 3282
f 3348 3360 3309
f 3360 3387 3412
f 3412 3481 3508
f 3508 3526 3606
f 3526 3630 3606
f 3630 3770 3748
f 3770 3769 3803
f 3769 3928 3872
f 3928 3964 3999
f 3964 3846 3963
f 4112 4246 4245
f 4246 4294 4508
f 4294 4342 4508
f 4342 4433 4563
f 4433 4540 4670
f 4540 4669 4759
f 4669 4758 4929
f 4758 4840 5007
f 4840 4618 4693
f 4618 4537 4693
f 4537 4616 4727
f 4616 4726 4727
f 4726 4757 4893
f 4757 4891 4893
f 4891 4862 5030
f 4862 4977 4978
f 4977 4861 4975
f 4861 5028 5003
f 5028 4859 5027
f 5027 4858 5060
f 5060 4888 5059
f 4888 5084 5059
f 5084 5083 5257
f 5083 5227 5257
f 5227 5058 5206
f 5206 5026 5133
f 5133 5109 5226
f 5109 5057 5167
f 5057 4999 5108
f 4999 4855 4971
f 4971 4832 4924
f 4924 4802 4923
f 4802 4712 4831
f 4712 4711 4831
f 4711 4637 4710
f 4637 4526 4636
f 4782 4751 4950
f 4751 4752 4919
f 4752 4883 4919
f 4883 5054 5053
f 5054 5055 5163
f 5055 5019 5164
f 5019 5078 5129
f 5078 4970 4996
f 4996 4969 5049
f 4969 4916 4994
f 4744 4847 4822
f 4744 4823 4676
f 4823 4703 4676
f 4703 4518 4676
f 4518 4356 4306
f 4518 4631 4676
f 4916 4968 4994
f 4968 4852 4947
f 4852 4878 4947
f 4878 4798 4849
f 4849 4826 4876
f 4826 4850 4944
f 4850 4877 4967
f 4877 4946 4967
f 4946 4948 5018
f 4948 5102 5018
f 5102 5050 5124
f 5050 5103 5196
f 5103 5126 5221
f 5126 5127 5221
f 5127 4997 5051
f 5051 4918 4950
f 4526 4595 4636
f 4595 4715 4636
f 4715 4594 4714
f 4714 4597 4717
f 4717 4599 4753
f 4599 4783 4753
f 4783 4601 4803
f 4601 4639 4803
f 4639 4530 4683
f 4530 4531 4555
f 4531 4499 4532
f 4499 4536 4532
f 4536 4464 4560
f 4464 4504 4614
f 4504 4429 4617
f 4617 4538 4809
f 4538 4694 4809
f 4694 4377 4539
f 4539 4403 4619
f 4403 4319 4507
f 4319 4197 4267
f 4267 4144 4245
f 4144 4112 4245
f 3846 3802 3904
f 3802 3646 3748
f 3646 3605 3748
f 3605 3570 3582
f 3582 3524 3495
f 3495 3472 3439
f 3439 3409 3411
f 3409 3374 3411
f 3374 3335 3336
f 3336 3293 3294
f 3293 3263 3294
f 3263 3200 3201
f 3200 3151 3181
f 3151 3086 3102
f 3086 3014 3078
f 3014 2941 2942
f 2941 2721 2818
f 1942 1728 1944
f 1728 1873 1653
f 1653 1771 1566
f 1566 1465 1320
f 1465 1352 1220
f 1352 1257 1116
f 1257 1143 1116
f 1143 1081 1011
f 1081 1057 910
f 1057 1256 1027
f 1027 1217 1026
f 1026 1216 1025
f 1216 1053 1025
f 1053 1252 1114
f 1114 1286 1113
f 1286 1112 1113
f 1112 1078 975
f 975 974 843
f 843 695 696
f 695 842 694
f 694 727 590
f 727 692 655
f 692 691 589
f 691 654 589
f 654 761 630
f 761 837 725
f 837 903 801
f 903 867 833
f 867 901 834
f 901 967 900
f 967 1000 900
f 1000 1001 929
f 1001 1046 968
f 794 793 792
f 793 821 789
f 821 889 820
f 889 888 820
f 888 922 858
f 922 921 858
f 921 887 786
f 887 860 788
f 788 822 791
f 822 792 791
f 968 931 868
f 868 904 835
f 904 838 836
f 838 762 802
f 762 726 690
f 726 632 631
f 632 551 519
f 551 488 424
f 488 373 424
f 373 425 327
f 327 397 297
f 297 396 273
f 396 552 375
f 552 299 375
f 299 490 491
f 491 730 731
f 731 734 492
f 734 940 939
f 940 1212 939
f 1212 1253 1052
f 1052 1054 943
f 1054 1055 945
f 1055 1079 946
f 1079 1056 947
f 1056 1080 911
f 1080 1218 1082
f 1218 1351 1219
f 1219 1508 1318
f 1318 1391 1172
f 1391 1466 1319
f 1466 1353 1319
f 1353 1392 1260
f 1392 1467 1437
f 1467 1541 1469
f 1541 1695 1568
f 1568 1729 1609
f 1609 1773 1655
f 1655 1813 1654
f 1813 1975 1772
f 1975 1944 1772
f 2640 2533 2596
f 2533 2382 2460
f 2382 2350 2311
f 2350 2381 2312
f 2381 2459 2383
f 2459 2595 2534
f 2595 2596 2564
f 2818 2778 2722
f 2722 2752 2663
f 2752 2869 2753
f 2869 2871 2779
f 2871 2964 2905
f 2964 3049 2985
f 3049 3113 3050
f 3113 3173 3114
f 3173 3202 3182
f 3202 3217 3219
f 3217 3194 3253
f 3253 3251 3282
f 3282 3348 3309
f 3309 3360 3412
f 3412 3508 3548
f 3508 3606 3632
f 3606 3630 3697
f 3630 3748 3666
f 3748 3770 3904
f 3770 3803 3826
f 3803 3769 3872
f 3872 3928 3929
f 3928 3999 3929
f 3999 3964 4027
f 3964 3963 4026
f 3963 3846 3904
f 4245 4246 4435
f 4246 4508 4404
f 4508 4342 4563
f 4563 4433 4670
f 4670 4540 4759
f 4759 4669 4842
f 4669 4929 4842
f 4929 4758 5007
f 5007 4840 4867
f 4840 4693 4727
f 4693 4537 4727
f 4727 4726 4894
f 4726 4893 4894
f 4893 4891 5031
f 4891 5030 5031
f 5030 4862 5029
f 4862 4978 5029
f 4978 4977 5063
f 4977 4975 5085
f 4975 4861 4889
f 4861 5003 4889
f 5003 5028 5138
f 5028 5027 5138
f 5027 5060 5136
f 5060 5059 5292
f 5059 5084 5292
f 5084 5257 5290
f 5257 5227 5464
f 5227 5206 5404
f 5206 5133 5325
f 5133 5226 5325
f 5226 5109 5167
f 5167 5057 5108
f 5108 4999 5079
f 4999 4971 5079
f 4971 4924 5022
f 4924 4923 5022
f 4923 4802 4831
f 4831 4711 4710
f 4710 4637 4636
f 4950 4751 4919
f 4919 4883 5053
f 5053 5054 5128
f 5054 5163 5128
f 5163 5055 5164
f 5164 5019 5129
f 5129 5078 5197
f 5078 4996 5077
f 4996 5049 5077
f 5049 4969 4994
f 4994 4968 5017
f 4968 4947 5017
f 4947 4878 4945
f 4878 4849 4915
f 4849 4876 4915
f 4876 4826 4944
f 4944 4850 4967
f 4967 4946 4993
f 4946 5018 4993
f 5018 5102 5195
f 5102 5124 5195
f 5124 5050 5196
f 5196 5103 5221
f 5221 5127 5248
f 5127 5051 5128
f 5051 4950 5052
f 4636 4715 4710
f 4715 4714 4833
f 4714 4717 4834
f 4717 4753 4856
f 4753 4783 4925
f 4783 4803 4974
f 4803 4639 4836
f 4639 4683 4836
f 4683 4530 4555
f 4555 4531 4604
f 4531 4532 4604
f 4532 4536 4559
f 4536 4560 4610
f 4560 4464 4614
f 4614 4504 4645
f 4504 4617 4668
f 4617 4809 4839
f 4809 4694 4928
f 4694 4539 4728
f 4539 4619 4728
f 4619 4403 4507
f 4507 4319 4267
f 4267 4245 4434
f 3904 3802 3748
f 3748 3605 3666
f 3605 3582 3666
f 3582 3495 3547
f 3495 3439 3430
f 3439 3411 3430
f 3411 3374 3430
f 3374 3336 3349
f 3336 3294 3274
f 3294 3263 3274
f 3263 3201 3215
f 3201 3200 3181
f 3181 3151 3152
f 3151 3102 3104
f 3102 3086 3078
f 3078 3014 3104
f 3014 2942 2943
f 2942 2941 2845
f 2941 2818 2845
f 1944 1728 1772
f 1728 1653 1509
f 1653 1566 1436
f 1566 1320 1436
f 1320 1465 1220
f 1220 1352 1116
f 1116 1143 1011
f 1011 1081 948
f 1081 910 948
f 910 1057 1027
f 1027 1026 873
f 1026 1025 909
f 1025 1053 944
f 1053 1114 944
f 1114 1113 1212
f 1113 1112 935
f 1112 975 935
f 975 843 844
f 843 696 844
f 696 695 592
f 695 694 590
f 590 727 655
f 655 692 520
f 692 589 520
f 589 654 550
f 654 630 550
f 630 761 725
f 725 837 801
f 801 903 833
f 833 867 834
f 834 901 866
f 901 900 866
f 900 1000 929
f 929 1001 968
f 792 793 789
f 789 821 820
f 820 888 819
f 888 858 819
f 858 921 859
f 921 786 859
f 786 887 788
f 788 791 790
f 791 792 790
f 968 868 902
f 868 835 899
f 835 904 836
f 836 838 802
f 802 762 690
f 690 726 631
f 631 632 519
f 519 551 424
f 424 373 346
f 373 327 295
f 327 297 237
f 297 273 219
f 273 396 375
f 375 299 182
f 299 491 274
f 491 731 492
f 492 734 495
f 734 939 733
f 939 1212 1113
f 1212 1052 1051
f 1052 943 942
f 943 1054 945
f 945 1055 946
f 946 1079 947
f 947 1056 845
f 1056 911 845
f 911 1080 1010
f 1080 1082 1010
f 1082 1218 1219
f 1219 1318 1115
f 1318 1172 1115
f 1172 1391 1258
f 1391 1319 1258
f 1319 1353 1260
f 1260 1392 1354
f 1392 1437 1354
f 1437 1467 1469
f 1469 1541 1542
f 1541 1568 1542
f 1568 1609 1570
f 1609 1655 1610
f 1655 1654 1608
f 1654 1813 1772
f 2596 2533 2564
f 2533 2460 2564
f 2460 2382 2418
f 2382 2311 2313
f 2311 2350 2312
f 2312 2381 2383
f 2383 2459 2461
f 2459 2534 2461
f 2534 2595 2564
f 2818 2722 2663
f 2663 2752 2664
f 2752 2753 2691
f 2753 2869 2779
f 2779 2871 2846
f 2871 2905 2846
f 2905 2964 2985
f 2985 3049 3050
f 3050 3113 3114
f 3114 3173 3164
f 3173 3182 3164
f 3182 3202 3219
f 3219 3217 3253
f 3253 3282 3264
f 3282 3309 3264
f 3309 3412 3337
f 3412 3548 3460
f 3548 3508 3632
f 3632 3606 3723
f 3606 3697 3723
f 3697 3630 3722
f 3630 3666 3547
f 3904 3770 3965
f 3770 3826 3847
f 3826 3803 3872
f 3872 3929 3826
f 3929 3999 3966
f 3999 4027 4028
f 4027 3964 4026
f 4026 3963 3904
f 4245 4435 4434
f 4435 4246 4404
f 4404 4508 4620
f 4508 4563 4730
f 4563 4670 4730
f 4670 4759 4896
f 4759 4842 5008
f 4842 4929 5088
f 4929 5007 5088
f 5007 4867 5035
f 4867 4840 4727
f 4727 4894 4867
f 4894 4893 5032
f 4893 5031 5032
f 5031 5030 5144
f 5030 5029 5142
f 5029 4978 5063
f 5063 4977 5085
f 5085 4975 5062
f 4975 4889 4976
f 4889 5003 5002
f 5003 5138 5139
f 5138 5027 5136
f 5136 5060 5292
f 5292 5084 5291
f 5084 5290 5289
f 5290 5257 5487
f 5257 5464 5487
f 5464 5227 5404
f 5404 5206 5325
f 5325 5226 5365
f 5226 5167 5288
f 5167 5108 5203
f 5108 5079 5166
f 5079 4971 5022
f 5022 4923 5020
f 4923 4831 4922
f 4831 4710 4801
f 4950 4919 5052
f 4919 5053 5052
f 5053 5128 5052
f 5128 5163 5282
f 5163 5164 5249
f 5164 5129 5197
f 5197 5078 5125
f 5078 5077 5125
f 5077 5049 5101
f 5049 4994 5076
f 4994 5017 5076
f 5017 4947 4992
f 4947 4945 4992
f 4945 4878 4915
f 4915 4876 4943
f 4876 4944 4990
f 4944 4967 5046
f 4967 4993 5046
f 4993 5018 5100
f 5018 5195 5100
f 5195 5124 5220
f 5124 5196 5279
f 5196 5221 5279
f 5221 5248 5279
f 5248 5127 5280
f 5127 5128 5280
f 5128 5051 5052
f 4710 4715 4801
f 4715 4833 4800
f 4833 4714 4834
f 4834 4717 4856
f 4856 4753 4925
f 4925 4783 4974
f 4974 4803 4836
f 4836 4683 4718
f 4683 4555 4718
f 4555 4604 4718
f 4604 4532 4641
f 4532 4559 4558
f 4559 4536 4608
f 4536 4610 4608
f 4610 4560 4611
f 4560 4614 4612
f 4614 4645 4644
f 4645 4504 4561
f 4504 4668 4692
f 4668 4617 4865
f 4617 4839 4865
f 4839 4809 5005
f 4809 4928 5005
f 4928 4694 4841
f 4694 4728 4841
f 4728 4619 4729
f 4619 4507 4729
f 4507 4267 4434
f 3666 3582 3547
f 3547 3495 3583
f 3495 3430 3507
f 3430 3374 3349
f 3349 3336 3274
f 3274 3263 3237
f 3263 3215 3252
f 3215 3201 3181
f 3181 3152 3193
f 3152 3151 3104
f 3104 3102 3078
f 3104 3014 3028
f 3014 2943 3028
f 2943 2942 2845
f 2845 2818 2663
f 1772 1728 1567
f 1728 1509 1567
f 1509 1653 1436
f 1436 1320 1393
f 1320 1220 1259
f 1220 1116 1058
f 1116 1011 1058
f 1011 948 810
f 948 910 810
f 910 1027 874
f 1027 873 874
f 873 1026 808
f 1026 909 808
f 909 1025 944
f 944 1114 941
f 1114 1212 1051
f 1113 935 938
f 935 975 844
f 844 696 728
f 696 592 593
f 592 695 590
f 590 655 520
f 520 589 550
f 550 630 518
f 630 725 548
f 725 801 652
f 801 833 798
f 833 834 798
f 834 866 832
f 866 900 898
f 900 929 898
f 929 968 902
f 792 789 790
f 789 820 787
f 820 819 787
f 819 858 750
f 858 859 751
f 859 786 715
f 786 788 715
f 788 790 755
f 902 868 899
f 899 835 865
f 835 836 800
f 836 802 760
f 802 690 724
f 690 631 653
f 631 519 549
f 519 424 423
f 424 346 423
f 346 373 295
f 295 327 237
f 237 297 219
f 219 273 179
f 273 375 272
f 375 182 272
f 182 299 274
f 274 491 492
f 492 495 241
f 495 734 494
f 734 733 494
f 733 939 938
f 939 1113 938
f 1051 1052 942
f 942 943 768
f 943 945 769
f 945 946 807
f 946 947 809
f 947 845 770
f 845 911 846
f 911 1010 875
f 1010 1082 1083
f 1082 1219 1083
f 1219 1115 1083
f 1115 1172 1028
f 1172 1258 1173
f 1258 1319 1173
f 1319 1260 1173
f 1260 1354 1222
f 1354 1437 1469
f 1469 1542 1468
f 1542 1568 1570
f 1570 1609 1610
f 1610 1655 1608
f 1608 1654 1567
f 1654 1772 1567
f 2564 2460 2503
f 2460 2418 2503
f 2418 2382 2313
f 2313 2311 2235
f 2311 2312 2236
f 2312 2383 2236
f 2383 2461 2419
f 2461 2534 2564
f 2663 2664 2597
f 2664 2752 2691
f 2691 2753 2723
f 2753 2779 2723
f 2779 2846 2781
f 2846 2905 2944
f 2905 2985 2994
f 2985 3050 3051
f 3050 3114 3051
f 3114 3164 3130
f 3164 3182 3130
f 3182 3219 3195
f 3219 3253 3239
f 3253 3264 3239
f 3264 3309 3337
f 3337 3412 3460
f 3460 3548 3572
f 3548 3632 3633
f 3632 3723 3668
f 3723 3697 3749
f 3697 3722 3771
f 3722 3630 3547
f 3904 3965 4026
f 3965 3770 3847
f 3847 3826 3848
f 3826 3929 3848
f 3929 3966 3848
f 3966 3999 4028
f 4028 4027 4053
f 4027 4026 4052
f 4434 4435 4541
f 4435 4404 4509
f 4404 4620 4509
f 4620 4508 4730
f 4730 4670 4810
f 4670 4896 4810
f 4896 4759 5008
f 5008 4842 5088
f 5088 5007 5146
f 5007 5035 5176
f 5035 4867 4894
f 4894 5032 5065
f 5032 5031 5112
f 5031 5144 5112
f 5144 5030 5208
f 5030 5142 5208
f 5142 5029 5171
f 5029 5063 5171
f 5063 5085 5171
f 5085 5062 5141
f 5062 4975 4976
f 4976 4889 4860
f 4889 5002 4860
f 5002 5003 5139
f 5139 5138 5329
f 5138 5136 5329
f 5136 5292 5328
f 5292 5291 5489
f 5291 5084 5289
f 5289 5290 5529
f 5290 5487 5529
f 5487 5464 5616
f 5464 5404 5547
f 5404 5325 5463
f 5325 5365 5463
f 5365 5226 5288
f 5288 5167 5203
f 5203 5108 5166
f 5166 5079 5106
f 5079 5022 5106
f 5022 5020 5106
f 5020 4923 5023
f 4923 4922 5023
f 4922 4831 4921
f 4831 4801 4921
f 5128 5282 5281
f 5282 5163 5249
f 5249 5164 5197
f 5197 5125 5219
f 5125 5077 5162
f 5077 5101 5162
f 5101 5049 5076
f 5076 5017 5123
f 5017 4992 5099
f 4992 4945 5047
f 4945 4915 4966
f 4915 4943 4966
f 4943 4876 4990
f 4990 4944 5046
f 5046 4993 5048
f 4993 5100 5122
f 5100 5195 5122
f 5195 5220 5245
f 5220 5124 5279
f 5279 5248 5353
f 5248 5280 5354
f 5280 5128 5281
f 4801 4715 4800
f 4800 4833 4951
f 4833 4834 4972
f 4834 4856 5024
f 4856 4925 5081
f 4925 4974 5081
f 4974 4836 5025
f 4836 4718 4885
f 4718 4604 4719
f 4604 4641 4719
f 4641 4532 4642
f 4532 4558 4643
f 4558 4559 4606
f 4559 4608 4606
f 4608 4610 4688
f 4610 4611 4690
f 4611 4560 4612
f 4612 4614 4644
f 4644 4645 4756
f 4645 4561 4691
f 4561 4504 4692
f 4692 4668 4866
f 4668 4865 4866
f 4865 4839 5005
f 5005 4928 5087
f 4928 4841 4979
f 4841 4728 4868
f 4728 4729 4868
f 4729 4507 4646
f 4507 4434 4646
f 3547 3583 3647
f 3583 3495 3507
f 3507 3430 3441
f 3430 3349 3361
f 3349 3274 3295
f 3274 3237 3238
f 3237 3263 3252
f 3252 3215 3237
f 3215 3181 3216
f 3181 3193 3216
f 3193 3152 3104
f 3104 3028 3127
f 3028 2943 3066
f 2943 2845 2870
f 2845 2663 2870
f 1567 1509 1510
f 1509 1436 1438
f 1436 1393 1438
f 1393 1320 1259
f 1259 1220 1174
f 1220 1058 1174
f 1058 1011 980
f 1011 810 912
f 810 910 773
f 910 874 773
f 874 873 771
f 873 808 771
f 808 909 766
f 909 944 766
f 944 941 766
f 941 1114 1051
f 938 935 806
f 935 844 806
f 844 728 806
f 728 696 593
f 593 592 455
f 592 590 455
f 590 520 489
f 520 550 454
f 550 518 454
f 518 630 453
f 630 548 453
f 548 725 652
f 652 801 723
f 801 798 723
f 798 834 799
f 834 832 799
f 832 866 896
f 866 898 896
f 898 929 928
f 929 902 899
f 790 789 754
f 789 787 754
f 787 819 752
f 819 750 714
f 750 858 751
f 751 859 715
f 715 788 753
f 788 755 753
f 755 790 754
f 899 865 928
f 865 835 800
f 800 836 760
f 760 802 724
f 724 690 653
f 653 631 549
f 549 519 423
f 423 346 372
f 346 295 270
f 295 237 157
f 237 219 144
f 219 179 143
f 179 273 272
f 272 182 124
f 182 274 146
f 274 492 241
f 241 495 494
f 494 733 732
f 733 938 732
f 1051 942 941
f 942 768 767
f 768 943 769
f 769 945 807
f 807 946 809
f 809 947 770
f 770 845 737
f 845 846 737
f 846 911 875
f 875 1010 979
f 1010 1083 979
f 1083 1115 979
f 1115 1028 979
f 1028 1172 1117
f 1172 1173 1117
f 1173 1260 1118
f 1260 1222 1145
f 1222 1354 1355
f 1354 1469 1355
f 1469 1468 1355
f 1468 1542 1395
f 1542 1570 1543
f 1570 1610 1543
f 1610 1608 1571
f 1608 1567 1569
f 2564 2503 2461
f 2503 2418 2462
f 2418 2313 2384
f 2313 2235 2234
f 2235 2311 2236
f 2236 2383 2351
f 2383 2419 2351
f 2419 2461 2462
f 2663 2597 2641
f 2597 2664 2665
f 2664 2691 2665
f 2691 2723 2724
f 2723 2779 2724
f 2779 2781 2724
f 2781 2846 2893
f 2846 2944 2893
f 2944 2905 2994
f 2994 2985 3051
f 3051 3114 3105
f 3114 3130 3105
f 3130 3182 3165
f 3182 3195 3165
f 3195 3219 3205
f 3219 3239 3205
f 3239 3264 3265
f 3264 3337 3283
f 3337 3460 3375
f 3460 3572 3496
f 3572 3548 3633
f 3633 3632 3668
f 3668 3723 3699
f 3723 3749 3699
f 3749 3697 3772
f 3697 3771 3772
f 3771 3722 3647
f 3722 3547 3647
f 4026 3965 4052
f 3965 3847 4000
f 3847 3848 3873
f 3848 3966 3874
f 3966 4028 3967
f 4028 4053 4054
f 4053 4027 4052
f 4434 4541 4564
f 4541 4435 4509
f 4509 4620 4732
f 4620 4730 4812
f 4730 4810 4812
f 4810 4896 4931
f 4896 5008 4980
f 5008 5088 5089
f 5088 5146 5178
f 5146 5007 5176
f 5176 5035 5065
f 5035 4894 5065
f 5065 5032 5173
f 5032 5112 5173
f 5112 5144 5231
f 5144 5208 5231
f 5208 5142 5228
f 5142 5171 5228
f 5171 5085 5170
f 5085 5141 5170
f 5141 5062 5140
f 5062 4976 5061
f 4976 4860 4957
f 4860 5002 5001
f 5002 5139 5169
f 5139 5329 5371
f 5329 5136 5328
f 5328 5292 5532
f 5292 5489 5532
f 5489 5291 5289
f 5289 5529 5531
f 5529 5487 5639
f 5487 5616 5639
f 5616 5464 5547
f 5547 5404 5463
f 5463 5365 5461
f 5365 5288 5364
f 5288 5203 5287
f 5203 5166 5224
f 5166 5106 5199
f 5106 5020 5105
f 5020 5023 5107
f 5023 4922 4921
f 4921 4801 4920
f 5281 5282 5390
f 5282 5249 5315
f 5249 5197 5247
f 5197 5219 5247
f 5219 5125 5162
f 5162 5101 5161
f 5101 5076 5123
f 5123 5017 5099
f 5099 4992 5047
f 5047 4945 4991
f 4945 4966 4991
f 4966 4943 5015
f 4943 4990 5015
f 4990 5046 5045
f 5046 5048 5121
f 5048 4993 5122
f 5122 5195 5217
f 5195 5245 5217
f 5245 5220 5313
f 5220 5279 5313
f 5279 5353 5388
f 5353 5248 5354
f 5354 5280 5390
f 5280 5281 5390
f 4801 4800 4920
f 4800 4951 4920
f 4951 4833 4972
f 4972 4834 5024
f 5024 4856 5081
f 5081 4974 5132
f 4974 5025 5132
f 5025 4836 4885
f 4885 4718 4926
f 4718 4719 4926
f 4719 4641 4720
f 4641 4642 4720
f 4642 4532 4643
f 4643 4558 4686
f 4558 4606 4686
f 4606 4608 4686
f 4608 4688 4686
f 4688 4610 4689
f 4610 4690 4689
f 4690 4611 4612
f 4612 4644 4690
f 4644 4756 4724
f 4756 4645 4787
f 4645 4691 4787
f 4691 4561 4692
f 4692 4866 4895
f 4866 4865 5006
f 4865 5005 5033
f 5005 5087 5145
f 5087 4928 4979
f 4979 4841 4868
f 4868 4729 4811
f 4729 4646 4731
f 4646 4434 4564
f 3647 3583 3698
f 3583 3507 3527
f 3507 3441 3527
f 3441 3430 3361
f 3361 3349 3295
f 3295 3274 3266
f 3274 3238 3266
f 3238 3237 3218
f 3237 3215 3216
f 3216 3193 3218
f 3193 3104 3127
f 3127 3028 3066
f 3066 2943 2984
f 2943 2870 2892
f 2870 2663 2754
f 1567 1510 1569
f 1510 1509 1438
f 1438 1393 1321
f 1393 1259 1321
f 1259 1174 1221
f 1174 1058 1144
f 1058 980 1144
f 980 1011 912
f 912 810 913
f 810 773 775
f 773 874 772
f 874 771 736
f 771 808 660
f 808 766 697
f 766 941 767
f 938 806 732
f 806 728 657
f 728 593 594
f 593 455 456
f 455 590 489
f 489 520 395
f 520 454 395
f 454 518 394
f 518 453 345
f 453 548 517
f 548 652 629
f 652 723 688
f 723 798 721
f 798 799 758
f 799 832 797
f 832 896 830
f 896 898 897
f 898 928 897
f 928 929 899
f 754 787 752
f 752 819 714
f 714 750 612
f 750 751 613
f 751 715 675
f 715 753 675
f 753 755 677
f 755 754 679
f 928 865 897
f 865 800 759
f 800 760 722
f 760 724 722
f 724 653 689
f 653 549 516
f 549 423 516
f 423 372 516
f 372 346 270
f 270 295 217
f 295 157 217
f 157 237 144
f 144 219 143
f 143 179 180
f 179 272 180
f 272 124 180
f 124 182 84
f 182 146 84
f 146 274 241
f 241 494 240
f 494 732 493
f 941 942 767
f 767 768 658
f 768 769 659
f 769 807 698
f 807 809 735
f 809 770 699
f 770 737 663
f 737 846 738
f 846 875 738
f 875 979 978
f 979 1028 1029
f 1028 1117 1029
f 1117 1173 1118
f 1118 1260 1145
f 1145 1222 1175
f 1222 1355 1175
f 1355 1468 1289
f 1468 1395 1289
f 1395 1542 1471
f 1542 1543 1544
f 1543 1610 1544
f 1610 1571 1611
f 1571 1608 1569
f 2461 2503 2462
f 2462 2418 2384
f 2384 2313 2234
f 2234 2235 2201
f 2235 2236 2202
f 2236 2351 2314
f 2351 2419 2420
f 2419 2462 2463
f 2663 2641 2754
f 2641 2597 2599
f 2597 2665 2666
f 2665 2691 2724
f 2724 2781 2725
f 2781 2893 2783
f 2893 2944 3004
f 2944 2994 3029
f 2994 3051 3029
f 3051 3105 3029
f 3105 3130 3088
f 3130 3165 3088
f 3165 3195 3175
f 3195 3205 3196
f 3205 3239 3242
f 3239 3265 3275
f 3265 3264 3283
f 3283 3337 3375
f 3375 3460 3496
f 3496 3572 3528
f 3572 3633 3607
f 3633 3668 3607
f 3668 3699 3649
f 3699 3749 3700
f 3749 3772 3750
f 3772 3771 3805
f 3771 3647 3698
f 4052 3965 4000
f 4000 3847 3873
f 3873 3848 3874
f 3874 3966 3967
f 3967 4028 4054
f 4054 4053 4080
f 4053 4052 4081
f 4564 4541 4565
f 4541 4509 4566
f 4509 4732 4566
f 4732 4620 4812
f 4812 4810 4931
f 4931 4896 4980
f 4980 5008 5089
f 5089 5088 5178
f 5178 5146 5264
f 5146 5176 5264
f 5176 5065 5210
f 5065 5173 5210
f 5173 5112 5231
f 5231 5208 5260
f 5208 5228 5260
f 5228 5171 5170
f 5170 5141 5207
f 5141 5140 5172
f 5140 5062 5061
f 5061 4976 4957
f 4957 4860 4838
f 4860 5001 4956
f 5001 5002 5169
f 5169 5139 5370
f 5139 5371 5370
f 5371 5329 5585
f 5329 5328 5553
f 5328 5532 5551
f 5532 5489 5665
f 5489 5289 5531
f 5531 5529 5662
f 5529 5639 5662
f 5639 5616 5687
f 5616 5547 5638
f 5547 5463 5546
f 5463 5461 5546
f 5461 5365 5364
f 5364 5288 5287
f 5287 5203 5224
f 5224 5166 5199
f 5199 5106 5105
f 5105 5020 5107
f 5107 5023 4998
f 5023 4921 4998
f 4921 4920 5021
f 5390 5282 5391
f 5282 5315 5391
f 5315 5249 5247
f 5247 5219 5246
f 5219 5162 5218
f 5162 5161 5218
f 5161 5101 5123
f 5123 5099 5098
f 5099 5047 5098
f 5047 4991 5098
f 4991 4966 5016
f 4966 5015 5016
f 5015 4990 5045
f 5045 5046 5097
f 5046 5121 5097
f 5121 5048 5122
f 5122 5217 5194
f 5217 5245 5215
f 5245 5313 5278
f 5313 5279 5388
f 5388 5353 5453
f 5353 5354 5453
f 5354 5390 5453
f 4920 4951 5056
f 4951 4972 5080
f 4972 5024 5131
f 5024 5081 5204
f 5081 5132 5255
f 5132 5025 5205
f 5025 4885 5082
f 4885 4926 5110
f 4926 4719 4720
f 4720 4642 4643
f 4643 4686 4755
f 4686 4688 4805
f 4688 4689 4806
f 4689 4690 4806
f 4690 4644 4724
f 4724 4756 4863
f 4756 4787 4863
f 4787 4691 4808
f 4691 4692 4808
f 4692 4895 4808
f 4895 4866 5034
f 4866 5006 5034
f 5006 4865 5033
f 5033 5005 5145
f 5145 5087 5263
f 5087 4979 5036
f 4979 4868 4930
f 4868 4811 4930
f 4811 4729 4731
f 4731 4646 4671
f 4646 4564 4671
f 3698 3583 3631
f 3583 3527 3631
f 3527 3441 3461
f 3441 3361 3388
f 3361 3295 3339
f 3295 3266 3296
f 3266 3238 3240
f 3238 3218 3240
f 3218 3237 3216
f 3218 3193 3203
f 3193 3127 3174
f 3127 3066 3128
f 3066 2984 3067
f 2984 2943 2892
f 2892 2870 2780
f 2870 2754 2780
f 1569 1510 1511
f 1510 1438 1394
f 1438 1321 1394
f 1321 1259 1221
f 1221 1174 1144
f 1144 980 981
f 980 912 981
f 912 913 981
f 913 810 811
f 810 775 811
f 775 773 772
f 772 874 736
f 736 771 662
f 771 660 558
f 660 808 697
f 697 766 767
f 732 806 657
f 657 728 594
f 594 593 456
f 456 455 374
f 455 489 374
f 489 395 374
f 395 454 347
f 454 394 347
f 394 518 345
f 345 453 422
f 453 517 422
f 517 548 629
f 629 652 688
f 688 723 721
f 721 798 758
f 758 799 797
f 797 832 830
f 830 896 864
f 896 897 864
f 754 752 678
f 752 714 676
f 714 612 643
f 612 750 613
f 613 751 675
f 675 753 677
f 677 755 679
f 679 754 678
f 897 865 831
f 865 759 831
f 759 800 722
f 722 724 689
f 689 653 628
f 653 516 628
f 516 372 344
f 372 270 234
f 270 217 234
f 217 157 176
f 157 144 141
f 144 143 121
f 143 180 122
f 180 124 83
f 124 84 45
f 84 146 127
f 146 241 127
f 241 240 127
f 240 494 493
f 493 732 657
f 767 658 697
f 658 768 659
f 659 769 698
f 698 807 735
f 735 809 699
f 699 770 595
f 770 663 595
f 663 737 559
f 737 738 596
f 738 875 812
f 875 978 812
f 978 979 1029
f 1029 1117 1084
f 1117 1118 1084
f 1118 1145 1085
f 1145 1175 1085
f 1175 1355 1289
f 1289 1395 1262
f 1395 1471 1357
f 1471 1542 1544
f 1544 1610 1611
f 1611 1571 1545
f 1571 1569 1511
f 2462 2384 2463
f 2384 2234 2352
f 2234 2201 2200
f 2201 2235 2202
f 2202 2236 2314
f 2314 2351 2420
f 2420 2419 2463
f 2754 2641 2692
f 2641 2599 2598
f 2599 2597 2666
f 2666 2665 2725
f 2665 2724 2725
f 2725 2781 2783
f 2783 2893 2872
f 2893 3004 2966
f 3004 2944 3029
f 3029 3105 3069
f 3105 3088 3069
f 3088 3165 3115
f 3165 3175 3115
f 3175 3195 3196
f 3196 3205 3206
f 3205 3242 3206
f 3242 3239 3275
f 3275 3265 3311
f 3265 3283 3310
f 3283 3375 3338
f 3375 3496 3442
f 3496 3528 3442
f 3528 3572 3607
f 3607 3668 3649
f 3649 3699 3700
f 3700 3749 3750
f 3750 3772 3805
f 3805 3771 3804
f 3771 3698 3804
f 4052 4000 4081
f 4000 3873 3905
f 3873 3874 3905
f 3874 3967 4001
f 3967 4054 4082
f 4054 4080 4115
f 4080 4053 4081
f 4564 4565 4671
f 4565 4541 4566
f 4566 4732 4695
f 4732 4812 4899
f 4812 4931 4981
f 4931 4980 5090
f 4980 5089 5090
f 5089 5178 5179
f 5178 5264 5298
f 5264 5176 5262
f 5176 5210 5297
f 5210 5173 5232
f 5173 5231 5232
f 5231 5260 5332
f 5260 5228 5294
f 5228 5170 5229
f 5170 5207 5229
f 5207 5141 5172
f 5172 5140 5143
f 5140 5061 5086
f 5061 4957 5004
f 4957 4838 4890
f 4838 4860 4786
f 4860 4956 4837
f 4956 5001 5168
f 5001 5169 5168
f 5169 5370 5168
f 5370 5371 5585
f 5585 5329 5553
f 5553 5328 5551
f 5551 5532 5689
f 5532 5665 5689
f 5665 5489 5531
f 5531 5662 5664
f 5662 5639 5732
f 5639 5687 5732
f 5687 5616 5638
f 5638 5547 5546
f 5546 5461 5545
f 5461 5364 5431
f 5364 5287 5431
f 5287 5224 5363
f 5224 5199 5285
f 5199 5105 5198
f 5105 5107 5198
f 5107 4998 5104
f 4998 4921 5021
f 5021 4920 5056
f 5390 5391 5454
f 5391 5315 5389
f 5315 5247 5314
f 5247 5246 5314
f 5246 5219 5218
f 5218 5161 5216
f 5161 5123 5160
f 5123 5098 5160
f 5098 4991 5044
f 4991 5016 5044
f 5016 5015 5074
f 5015 5045 5120
f 5045 5097 5120
f 5097 5121 5192
f 5121 5122 5194
f 5194 5217 5215
f 5215 5245 5278
f 5278 5313 5387
f 5313 5388 5387
f 5388 5453 5451
f 5453 5390 5483
f 5056 4951 5080
f 5080 4972 5131
f 5131 5024 5204
f 5204 5081 5255
f 5255 5132 5205
f 5205 5025 5256
f 5025 5082 5256
f 5082 4885 5110
f 5110 4926 5134
f 4926 4720 4953
f 4720 4643 4755
f 4755 4686 4785
f 4686 4805 4785
f 4805 4688 4786
f 4688 4806 4786
f 4806 4690 4807
f 4690 4724 4807
f 4724 4863 4807
f 4863 4787 4864
f 4787 4808 4892
f 4808 4895 4892
f 4895 5034 5064
f 5034 5006 5175
f 5006 5033 5175
f 5033 5145 5174
f 5145 5263 5295
f 5263 5087 5177
f 5087 5036 5177
f 5036 4979 4930
f 4930 4811 4897
f 4811 4731 4897
f 4731 4671 4788
f 3698 3631 3667
f 3631 3527 3571
f 3527 3461 3571
f 3461 3441 3388
f 3388 3361 3339
f 3339 3295 3296
f 3296 3266 3267
f 3266 3240 3267
f 3240 3218 3241
f 3218 3203 3241
f 3203 3193 3174
f 3174 3127 3128
f 3128 3066 3067
f 3067 2984 2993
f 2984 2892 2924
f 2892 2780 2847
f 2780 2754 2692
f 1511 1510 1470
f 1510 1394 1356
f 1394 1321 1356
f 1321 1221 1261
f 1221 1144 1146
f 1144 981 1059
f 981 913 950
f 913 811 847
f 811 775 739
f 775 772 774
f 772 736 700
f 736 662 700
f 662 771 558
f 558 660 521
f 660 697 658
f 657 594 555
f 594 456 457
f 456 374 348
f 374 395 347
f 347 394 294
f 394 345 294
f 345 422 326
f 422 517 487
f 517 629 588
f 629 688 651
f 688 721 684
f 721 758 685
f 758 797 720
f 797 830 795
f 830 864 796
f 864 897 831
f 678 752 676
f 676 714 643
f 643 612 576
f 612 613 575
f 613 675 614
f 675 677 614
f 677 679 616
f 679 678 645
f 831 759 686
f 759 722 686
f 722 689 627
f 689 628 547
f 628 516 547
f 516 344 452
f 344 372 234
f 234 217 176
f 176 157 141
f 141 144 121
f 121 143 108
f 143 122 107
f 122 180 83
f 83 124 45
f 45 84 70
f 84 127 70
f 127 240 126
f 240 493 239
f 493 657 555
f 658 659 634
f 659 698 661
f 698 735 661
f 735 699 661
f 699 595 661
f 595 663 522
f 663 559 498
f 559 737 596
f 596 738 665
f 738 812 665
f 812 978 876
f 978 1029 949
f 1029 1084 1030
f 1084 1118 1030
f 1118 1085 1030
f 1085 1175 1119
f 1175 1289 1119
f 1289 1262 1119
f 1262 1395 1357
f 1357 1471 1439
f 1471 1544 1439
f 1544 1611 1572
f 1611 1545 1572
f 1545 1571 1472
f 1571 1511 1472
f 2463 2384 2352
f 2352 2234 2200
f 2200 2201 2162
f 2201 2202 2162
f 2202 2314 2276
f 2314 2420 2421
f 2420 2463 2421
f 2692 2641 2598
f 2598 2599 2643
f 2599 2666 2643
f 2666 2725 2785
f 2725 2783 2785
f 2783 2872 2785
f 2872 2893 2925
f 2893 2966 2925
f 2966 3004 3016
f 3004 3029 3052
f 3029 3069 3052
f 3069 3088 3052
f 3088 3115 3070
f 3115 3175 3132
f 3175 3196 3166
f 3196 3206 3208
f 3206 3242 3245
f 3242 3275 3284
f 3275 3311 3324
f 3311 3265 3310
f 3310 3283 3338
f 3338 3375 3442
f 3442 3528 3444
f 3528 3607 3573
f 3607 3649 3573
f 3649 3700 3608
f 3700 3750 3670
f 3750 3805 3726
f 3805 3804 3774
f 3804 3698 3724
f 4081 4000 4029
f 4000 3905 4029
f 3905 3874 3875
f 3874 4001 3875
f 4001 3967 4082
f 4082 4054 4115
f 4115 4080 4081
f 4671 4565 4647
f 4565 4566 4621
f 4566 4695 4621
f 4695 4732 4813
f 4732 4899 4813
f 4899 4812 4981
f 4981 4931 5090
f 5090 5089 5179
f 5179 5178 5298
f 5298 5264 5376
f 5264 5262 5376
f 5262 5176 5297
f 5297 5210 5334
f 5210 5232 5334
f 5232 5231 5332
f 5332 5260 5330
f 5260 5294 5330
f 5294 5228 5229
f 5229 5207 5293
f 5207 5172 5258
f 5172 5143 5259
f 5143 5140 5086
f 5086 5061 5004
f 5004 4957 4890
f 4890 4838 4806
f 4838 4786 4806
f 4786 4860 4837
f 4837 4956 4785
f 4956 5168 5137
f 5168 5370 5369
f 5370 5585 5584
f 5585 5553 5758
f 5553 5551 5758
f 5551 5689 5735
f 5689 5665 5757
f 5665 5531 5664
f 5664 5662 5755
f 5662 5732 5755
f 5732 5687 5785
f 5687 5638 5711
f 5638 5546 5637
f 5546 5545 5637
f 5545 5461 5431
f 5431 5287 5363
f 5363 5224 5285
f 5285 5199 5250
f 5199 5198 5250
f 5198 5107 5223
f 5107 5104 5201
f 5104 4998 5130
f 4998 5021 5130
f 5021 5056 5165
f 5390 5454 5483
f 5454 5391 5389
f 5389 5315 5314
f 5314 5246 5312
f 5246 5218 5244
f 5218 5216 5244
f 5216 5161 5160
f 5160 5098 5159
f 5098 5044 5096
f 5044 5016 5075
f 5016 5074 5075
f 5074 5015 5120
f 5120 5097 5192
f 5192 5121 5194
f 5194 5215 5213
f 5215 5278 5277
f 5278 5387 5351
f 5387 5388 5451
f 5451 5453 5483
f 5056 5080 5202
f 5080 5131 5254
f 5131 5204 5323
f 5204 5255 5402
f 5255 5205 5324
f 5205 5256 5324
f 5256 5082 5326
f 5082 5110 5326
f 5110 5134 5327
f 5134 4926 4953
f 4953 4720 4755
f 4755 4785 4955
f 4785 4805 4837
f 4805 4786 4837
f 4806 4807 4890
f 4807 4863 4890
f 4863 4864 5004
f 4864 4787 4892
f 4892 4895 4958
f 4895 5064 4958
f 5064 5034 5209
f 5034 5175 5209
f 5175 5033 5174
f 5174 5145 5295
f 5295 5263 5335
f 5263 5177 5233
f 5177 5036 5113
f 5036 4930 5009
f 4930 4897 5009
f 4897 4731 4788
f 4788 4671 4760
f 3698 3667 3724
f 3667 3631 3571
f 3571 3461 3549
f 3461 3388 3443
f 3388 3339 3443
f 3339 3296 3376
f 3296 3267 3297
f 3267 3240 3243
f 3240 3241 3243
f 3241 3203 3204
f 3203 3174 3183
f 3174 3128 3129
f 3128 3067 3068
f 3067 2993 3068
f 2993 2984 2924
f 2924 2892 2847
f 2847 2780 2692
f 1511 1470 1472
f 1470 1510 1356
f 1356 1321 1261
f 1261 1221 1146
f 1146 1144 1059
f 1059 981 950
f 950 913 847
f 847 811 776
f 811 739 776
f 739 775 701
f 775 774 701
f 774 772 700
f 700 662 523
f 662 558 497
f 558 521 458
f 521 660 633
f 660 658 633
f 555 594 457
f 457 456 348
f 348 374 271
f 374 347 296
f 347 294 236
f 294 345 326
f 326 422 393
f 422 487 393
f 487 517 588
f 588 629 651
f 651 688 684
f 684 721 685
f 685 758 720
f 720 797 795
f 795 830 796
f 796 864 757
f 864 831 757
f 678 676 644
f 676 643 615
f 643 576 615
f 576 612 574
f 612 575 574
f 575 613 614
f 614 677 616
f 616 679 645
f 645 678 644
f 831 686 757
f 686 722 687
f 722 627 687
f 627 689 547
f 547 516 452
f 452 344 421
f 344 234 214
f 234 176 139
f 176 141 118
f 141 121 97
f 121 108 80
f 108 143 107
f 107 122 83
f 83 45 54
f 45 70 39
f 70 127 126
f 126 240 239
f 239 493 555
f 658 634 633
f 634 659 661
f 661 595 557
f 595 522 496
f 522 663 498
f 498 559 353
f 559 596 463
f 596 665 561
f 665 812 740
f 812 876 740
f 876 978 949
f 949 1029 1030
f 1030 1085 1031
f 1085 1119 1031
f 1119 1262 1087
f 1262 1357 1223
f 1357 1439 1322
f 1439 1544 1512
f 1544 1572 1512
f 1572 1545 1513
f 1545 1472 1473
f 2463 2352 2315
f 2352 2200 2315
f 2200 2162 2161
f 2162 2202 2276
f 2276 2314 2421
f 2421 2463 2464
f 2692 2598 2642
f 2598 2643 2642
f 2643 2666 2755
f 2666 2785 2755
f 2785 2872 2925
f 2925 2966 3016
f 3016 3004 3052
f 3052 3088 3070
f 3070 3115 3132
f 3132 3175 3166
f 3166 3196 3197
f 3196 3208 3197
f 3208 3206 3245
f 3245 3242 3284
f 3284 3275 3324
f 3324 3311 3362
f 3311 3310 3362
f 3310 3338 3389
f 3338 3442 3444
f 3444 3528 3509
f 3528 3573 3509
f 3573 3649 3584
f 3649 3608 3584
f 3608 3700 3670
f 3670 3750 3726
f 3726 3805 3774
f 3774 3804 3773
f 3804 3724 3725
f 4081 4029 4055
f 4029 3905 3875
f 3875 4001 4030
f 4001 4082 4118
f 4082 4115 4118
f 4115 4081 4114
f 4671 4647 4733
f 4647 4565 4621
f 4621 4695 4697
f 4695 4813 4697
f 4813 4899 4959
f 4899 4981 5067
f 4981 5090 5147
f 5090 5179 5147
f 5179 5298 5265
f 5298 5376 5377
f 5376 5262 5408
f 5262 5297 5437
f 5297 5334 5469
f 5334 5232 5435
f 5232 5332 5435
f 5332 5330 5433
f 5330 5294 5373
f 5294 5229 5293
f 5293 5207 5258
f 5258 5172 5259
f 5259 5143 5230
f 5143 5086 4958
f 5086 5004 4864
f 5004 4890 4863
f 4785 4956 4955
f 4956 5137 5111
f 5137 5168 5369
f 5369 5370 5584
f 5584 5585 5793
f 5585 5758 5793
f 5758 5551 5735
f 5735 5689 5817
f 5689 5757 5817
f 5757 5665 5788
f 5665 5664 5788
f 5664 5755 5788
f 5755 5732 5785
f 5785 5687 5754
f 5687 5711 5754
f 5711 5638 5637
f 5637 5545 5580
f 5545 5431 5485
f 5431 5363 5400
f 5363 5285 5317
f 5285 5250 5316
f 5250 5198 5222
f 5198 5223 5222
f 5223 5107 5201
f 5201 5104 5200
f 5104 5130 5200
f 5130 5021 5165
f 5165 5056 5202
f 5483 5454 5452
f 5454 5389 5423
f 5389 5314 5312
f 5312 5246 5244
f 5244 5216 5243
f 5216 5160 5214
f 5160 5159 5214
f 5159 5098 5096
f 5096 5044 5075
f 5075 5074 5190
f 5074 5120 5190
f 5120 5192 5190
f 5192 5194 5213
f 5213 5215 5277
f 5277 5278 5351
f 5351 5387 5421
f 5387 5451 5421
f 5451 5483 5482
f 5202 5080 5254
f 5254 5131 5323
f 5323 5204 5402
f 5402 5255 5324
f 5324 5256 5403
f 5256 5326 5403
f 5326 5110 5327
f 5327 5134 5366
f 5134 4953 5135
f 4953 4755 4954
f 4755 4955 4954
f 4864 4892 4958
f 4958 5064 5143
f 5064 5209 5261
f 5209 5175 5296
f 5175 5174 5296
f 5174 5295 5296
f 5295 5335 5406
f 5335 5263 5233
f 5233 5177 5113
f 5113 5036 5009
f 5009 4897 5066
f 4897 4788 4898
f 4788 4760 4898
f 4760 4671 4733
f 3724 3667 3725
f 3667 3571 3549
f 3549 3461 3443
f 3443 3339 3376
f 3376 3296 3350
f 3296 3297 3351
f 3297 3267 3276
f 3267 3243 3276
f 3243 3241 3244
f 3241 3204 3244
f 3204 3203 3183
f 3183 3174 3129
f 3129 3128 3068
f 3068 2993 3003
f 2993 2924 3003
f 2924 2847 2906
f 2847 2692 2782
f 1472 1470 1396
f 1470 1356 1290
f 1356 1261 1290
f 1261 1146 1086
f 1146 1059 1086
f 1059 950 982
f 950 847 877
f 847 776 877
f 776 739 635
f 739 701 597
f 701 774 702
f 774 700 664
f 700 523 664
f 523 662 497
f 497 558 458
f 458 521 459
f 521 633 556
f 555 457 376
f 457 348 349
f 348 271 349
f 271 374 296
f 296 347 236
f 236 294 178
f 294 326 235
f 326 393 293
f 393 487 451
f 487 588 451
f 588 651 546
f 651 684 650
f 684 685 650
f 685 720 683
f 720 795 683
f 795 796 717
f 796 757 719
f 644 676 615
f 615 576 579
f 576 574 577
f 574 575 537
f 575 614 578
f 614 616 578
f 616 645 618
f 645 644 618
f 757 686 648
f 686 687 649
f 687 627 649
f 627 547 587
f 547 452 421
f 421 344 324
f 344 214 324
f 214 234 139
f 139 176 118
f 118 141 97
f 97 121 80
f 80 108 107
f 107 83 54
f 54 45 37
f 45 39 37
f 39 70 69
f 70 126 69
f 126 239 125
f 239 555 376
f 633 634 556
f 634 661 557
f 557 595 496
f 496 522 428
f 522 498 461
f 498 353 461
f 353 559 463
f 463 596 499
f 596 561 499
f 561 665 666
f 665 740 666
f 740 876 848
f 876 949 848
f 949 1030 951
f 1030 1031 951
f 1031 1119 1087
f 1087 1262 1223
f 1223 1357 1322
f 1322 1439 1398
f 1439 1512 1398
f 1512 1572 1474
f 1572 1513 1474
f 1513 1545 1473
f 1473 1472 1397
f 2463 2315 2464
f 2315 2200 2161
f 2161 2162 2131
f 2162 2276 2237
f 2276 2421 2237
f 2421 2464 2465
f 2692 2642 2693
f 2642 2643 2726
f 2643 2755 2727
f 2755 2785 2895
f 2785 2925 2895
f 2925 3016 3006
f 3016 3052 3070
f 3070 3132 3072
f 3132 3166 3116
f 3166 3197 3167
f 3197 3208 3207
f 3208 3245 3246
f 3245 3284 3268
f 3284 3324 3341
f 3324 3362 3390
f 3362 3310 3389
f 3389 3338 3444
f 3444 3509 3445
f 3509 3573 3584
f 3584 3608 3510
f 3608 3670 3550
f 3670 3726 3610
f 3726 3774 3671
f 3774 3773 3728
f 3773 3804 3725
f 4081 4055 4114
f 4055 4029 3875
f 3875 4030 3876
f 4030 4001 4118
f 4118 4115 4147
f 4115 4114 4146
f 4733 4647 4734
f 4647 4621 4650
f 4621 4697 4650
f 4697 4813 4790
f 4813 4959 4900
f 4959 4899 5067
f 5067 4981 5147
f 5147 5179 5265
f 5265 5298 5377
f 5377 5376 5439
f 5376 5408 5439
f 5408 5262 5437
f 5437 5297 5469
f 5469 5334 5435
f 5435 5332 5433
f 5433 5330 5373
f 5373 5294 5293
f 5293 5258 5372
f 5258 5259 5374
f 5259 5230 5375
f 5230 5143 5064
f 4958 5086 4864
f 4955 4956 5111
f 5111 5137 5368
f 5137 5369 5368
f 5369 5584 5583
f 5584 5793 5792
f 5793 5758 5884
f 5758 5735 5884
f 5735 5817 5860
f 5817 5757 5859
f 5757 5788 5859
f 5788 5755 5839
f 5755 5785 5839
f 5785 5754 5837
f 5754 5711 5816
f 5711 5637 5730
f 5637 5580 5686
f 5580 5545 5485
f 5485 5431 5400
f 5400 5363 5317
f 5317 5285 5316
f 5316 5250 5283
f 5250 5222 5283
f 5222 5223 5252
f 5223 5201 5251
f 5201 5200 5284
f 5200 5130 5225
f 5130 5165 5225
f 5165 5202 5253
f 5483 5452 5482
f 5452 5454 5423
f 5423 5389 5312
f 5312 5244 5352
f 5244 5243 5352
f 5243 5216 5214
f 5214 5159 5193
f 5159 5096 5193
f 5096 5075 5191
f 5075 5190 5191
f 5190 5192 5242
f 5192 5213 5242
f 5213 5277 5349
f 5277 5351 5349
f 5351 5421 5349
f 5421 5451 5449
f 5451 5482 5449
f 5202 5254 5253
f 5254 5323 5322
f 5323 5402 5432
f 5402 5324 5462
f 5324 5403 5462
f 5403 5326 5465
f 5326 5327 5465
f 5327 5366 5488
f 5366 5134 5135
f 5135 4953 4954
f 4954 4955 5111
f 5064 5261 5230
f 5261 5209 5333
f 5209 5296 5333
f 5296 5295 5406
f 5406 5335 5470
f 5335 5233 5438
f 5233 5113 5336
f 5113 5009 5211
f 5009 5066 5211
f 5066 4897 4898
f 4898 4760 4814
f 4760 4733 4814
f 3725 3667 3648
f 3667 3549 3648
f 3549 3443 3529
f 3443 3376 3462
f 3376 3350 3413
f 3350 3296 3351
f 3351 3297 3363
f 3297 3276 3325
f 3276 3243 3254
f 3243 3244 3254
f 3244 3204 3207
f 3204 3183 3184
f 3183 3129 3153
f 3129 3068 3087
f 3068 3003 3087
f 3003 2924 2965
f 2924 2906 2965
f 2906 2847 2782
f 2782 2692 2693
f 1472 1396 1323
f 1396 1470 1290
f 1290 1261 1176
f 1261 1086 1176
f 1086 1059 982
f 982 950 877
f 877 776 703
f 776 635 703
f 635 739 597
f 597 701 560
f 701 702 560
f 702 774 664
f 664 523 462
f 523 497 460
f 497 458 426
f 458 459 427
f 459 521 556
f 376 457 349
f 349 271 238
f 271 296 236
f 236 178 158
f 178 294 235
f 235 326 293
f 293 393 343
f 393 451 343
f 451 588 546
f 546 651 626
f 651 650 626
f 650 685 683
f 683 795 717
f 717 796 756
f 796 719 756
f 719 757 648
f 644 615 617
f 615 579 617
f 579 576 577
f 577 574 536
f 574 537 536
f 537 575 578
f 578 616 580
f 616 618 580
f 618 644 617
f 648 686 649
f 649 627 587
f 587 547 515
f 547 421 515
f 421 324 389
f 324 214 291
f 214 139 172
f 139 118 116
f 118 97 116
f 97 80 77
f 80 107 79
f 107 54 79
f 54 37 23
f 37 39 26
f 39 69 38
f 69 126 125
f 125 239 181
f 239 376 298
f 556 634 557
f 557 496 459
f 496 428 427
f 428 522 461
f 461 353 352
f 353 463 399
f 463 499 399
f 499 561 465
f 561 666 636
f 666 740 741
f 740 848 741
f 848 949 951
f 951 1031 983
f 1031 1087 983
f 1087 1223 1177
f 1223 1322 1177
f 1322 1398 1292
f 1398 1512 1474
f 1474 1513 1574
f 1513 1473 1612
f 1473 1397 1440
f 1397 1472 1323
f 2464 2315 2241
f 2315 2161 2131
f 2131 2162 2132
f 2162 2237 2132
f 2237 2421 2466
f 2421 2465 2466
f 2465 2464 2241
f 2693 2642 2784
f 2642 2726 2784
f 2726 2643 2727
f 2727 2755 2849
f 2755 2895 2849
f 2895 2925 2969
f 2925 3006 2969
f 3006 3016 3072
f 3016 3070 3072
f 3072 3132 3116
f 3116 3166 3167
f 3167 3197 3185
f 3197 3207 3185
f 3207 3208 3246
f 3246 3245 3255
f 3245 3268 3255
f 3268 3284 3312
f 3284 3341 3312
f 3341 3324 3364
f 3324 3390 3364
f 3390 3362 3445
f 3362 3389 3445
f 3389 3444 3445
f 3445 3509 3510
f 3509 3584 3510
f 3510 3608 3531
f 3608 3550 3531
f 3550 3670 3610
f 3610 3726 3671
f 3671 3774 3728
f 3728 3773 3727
f 3773 3725 3669
f 4114 4055 4146
f 4055 3875 4083
f 3875 3876 3906
f 3876 4030 3877
f 4030 4118 4003
f 4118 4147 4148
f 4147 4115 4146
f 4733 4734 4814
f 4734 4647 4648
f 4647 4650 4648
f 4650 4697 4622
f 4697 4790 4762
f 4790 4813 4900
f 4900 4959 5068
f 4959 5067 5068
f 5067 5147 5234
f 5147 5265 5234
f 5265 5377 5440
f 5377 5439 5496
f 5439 5408 5471
f 5408 5437 5535
f 5437 5469 5535
f 5469 5435 5493
f 5435 5433 5493
f 5433 5373 5466
f 5373 5293 5372
f 5372 5258 5374
f 5374 5259 5375
f 5375 5230 5331
f 5111 5368 5367
f 5368 5369 5583
f 5583 5584 5792
f 5792 5793 5900
f 5793 5884 5900
f 5884 5735 5860
f 5860 5817 5883
f 5817 5859 5883
f 5859 5788 5839
f 5839 5785 5858
f 5785 5837 5858
f 5837 5754 5816
f 5816 5711 5730
f 5730 5637 5686
f 5686 5580 5635
f 5580 5485 5635
f 5485 5400 5526
f 5400 5317 5358
f 5317 5316 5357
f 5316 5283 5356
f 5283 5222 5320
f 5222 5252 5320
f 5252 5223 5251
f 5251 5201 5284
f 5284 5200 5286
f 5200 5225 5286
f 5225 5165 5253
f 5482 5452 5450
f 5452 5423 5450
f 5423 5312 5422
f 5312 5352 5422
f 5352 5243 5311
f 5243 5214 5311
f 5214 5193 5276
f 5193 5096 5191
f 5191 5190 5308
f 5190 5242 5308
f 5242 5213 5349
f 5349 5421 5449
f 5449 5482 5450
f 5253 5254 5322
f 5322 5323 5432
f 5432 5402 5528
f 5402 5462 5528
f 5462 5403 5548
f 5403 5465 5617
f 5465 5327 5488
f 5488 5366 5530
f 5366 5135 5367
f 5135 4954 5111
f 5230 5261 5331
f 5261 5333 5405
f 5333 5296 5436
f 5296 5406 5407
f 5406 5470 5494
f 5470 5335 5438
f 5438 5233 5336
f 5336 5113 5211
f 5211 5066 5266
f 5066 4898 5114
f 4898 4814 4982
f 3725 3648 3669
f 3648 3549 3529
f 3529 3443 3462
f 3462 3376 3413
f 3413 3350 3351
f 3351 3363 3414
f 3363 3297 3325
f 3325 3276 3340
f 3276 3254 3255
f 3254 3244 3246
f 3244 3207 3246
f 3207 3204 3184
f 3184 3183 3131
f 3183 3153 3131
f 3153 3129 3106
f 3129 3087 3106
f 3087 3003 3015
f 3003 2965 3015
f 2965 2906 2986
f 2906 2782 2848
f 2782 2693 2848
f 1323 1396 1263
f 1396 1290 1263
f 1290 1176 1147
f 1176 1086 1147
f 1086 982 914
f 982 877 777
f 877 703 777
f 703 635 598
f 635 597 525
f 597 560 500
f 560 702 524
f 702 664 524
f 664 462 524
f 462 523 460
f 460 497 426
f 426 458 427
f 427 459 496
f 459 556 557
f 376 349 298
f 349 238 159
f 238 271 218
f 271 236 218
f 236 158 218
f 158 178 177
f 178 235 216
f 235 293 216
f 293 343 292
f 343 451 371
f 451 546 450
f 546 626 545
f 626 650 625
f 650 683 682
f 683 717 716
f 717 756 716
f 756 719 718
f 719 648 718
f 617 579 619
f 579 577 536
f 536 537 538
f 537 578 580
f 580 618 620
f 618 617 620
f 648 649 585
f 649 587 586
f 587 515 448
f 515 421 389
f 389 324 291
f 291 214 172
f 172 139 116
f 116 97 77
f 77 80 66
f 80 79 66
f 79 54 66
f 54 23 66
f 23 37 26
f 26 39 38
f 38 69 68
f 69 125 68
f 125 181 68
f 181 239 298
f 427 428 350
f 428 461 351
f 461 352 351
f 352 353 301
f 353 399 303
f 399 499 465
f 465 561 526
f 561 636 526
f 636 666 705
f 666 741 705
f 741 848 878
f 848 951 878
f 951 983 878
f 983 1087 1060
f 1087 1177 1060
f 1177 1322 1292
f 1292 1398 1399
f 1398 1474 1399
f 1474 1574 1399
f 1574 1513 1612
f 1612 1473 1573
f 1473 1440 1573
f 1440 1397 1358
f 1397 1323 1358
f 2241 2315 2131
f 2131 2132 2096
f 2132 2237 2238
f 2237 2466 2423
f 2466 2465 2423
f 2465 2241 2422
f 2693 2784 2848
f 2784 2726 2873
f 2726 2727 2819
f 2727 2849 2820
f 2849 2895 2946
f 2895 2969 2946
f 2969 3006 3054
f 3006 3072 3054
f 3072 3116 3054
f 3116 3167 3090
f 3167 3185 3155
f 3185 3207 3184
f 3246 3255 3254
f 3255 3268 3285
f 3268 3312 3285
f 3312 3341 3377
f 3341 3364 3391
f 3364 3390 3447
f 3390 3445 3446
f 3445 3510 3446
f 3510 3531 3447
f 3531 3550 3483
f 3550 3610 3512
f 3610 3671 3611
f 3671 3728 3611
f 3728 3727 3634
f 3727 3773 3669
f 4146 4055 4083
f 4083 3875 3906
f 3906 3876 3828
f 3876 3877 3829
f 3877 4030 4003
f 4003 4118 4148
f 4148 4147 4268
f 4147 4146 4268
f 4814 4734 4789
f 4734 4648 4696
f 4648 4650 4510
f 4650 4622 4467
f 4622 4697 4762
f 4762 4790 4902
f 4790 4900 4902
f 4900 5068 4902
f 5068 5067 5149
f 5067 5234 5149
f 5234 5265 5337
f 5265 5440 5337
f 5440 5377 5496
f 5496 5439 5471
f 5471 5408 5535
f 5535 5469 5592
f 5469 5493 5592
f 5493 5433 5554
f 5433 5466 5554
f 5466 5373 5372
f 5372 5374 5491
f 5374 5375 5490
f 5375 5331 5467
f 5111 5367 5135
f 5367 5368 5552
f 5368 5583 5552
f 5583 5792 5791
f 5792 5900 5899
f 5900 5884 5927
f 5884 5860 5927
f 5860 5883 5897
f 5883 5859 5914
f 5859 5839 5858
f 5858 5837 5857
f 5837 5816 5835
f 5816 5730 5835
f 5730 5686 5784
f 5686 5635 5710
f 5635 5485 5526
f 5526 5400 5428
f 5400 5358 5428
f 5358 5317 5357
f 5357 5316 5356
f 5356 5283 5361
f 5283 5320 5361
f 5320 5252 5319
f 5252 5251 5319
f 5251 5284 5318
f 5284 5286 5318
f 5286 5225 5321
f 5225 5253 5321
f 5450 5423 5422
f 5422 5352 5350
f 5352 5311 5350
f 5311 5214 5276
f 5276 5193 5310
f 5193 5191 5309
f 5191 5308 5309
f 5308 5242 5349
f 5349 5449 5419
f 5449 5450 5420
f 5253 5322 5321
f 5322 5432 5430
f 5432 5528 5486
f 5528 5462 5582
f 5462 5548 5582
f 5548 5403 5617
f 5617 5465 5640
f 5465 5488 5640
f 5488 5530 5663
f 5530 5366 5549
f 5366 5367 5549
f 5331 5261 5405
f 5405 5333 5436
f 5436 5296 5407
f 5407 5406 5494
f 5494 5470 5555
f 5470 5438 5495
f 5438 5336 5409
f 5336 5211 5266
f 5266 5066 5114
f 5114 4898 4982
f 4982 4814 4789
f 3669 3648 3585
f 3648 3529 3585
f 3529 3462 3530
f 3462 3413 3482
f 3413 3351 3414
f 3414 3363 3431
f 3363 3325 3431
f 3325 3340 3431
f 3340 3276 3285
f 3276 3255 3285
f 3184 3131 3154
f 3131 3153 3071
f 3153 3106 3071
f 3106 3087 3053
f 3087 3015 3053
f 3015 2965 2986
f 2986 2906 2907
f 2906 2848 2907
f 1323 1263 1291
f 1263 1290 1147
f 1147 1086 1032
f 1086 914 1032
f 914 982 777
f 777 703 704
f 703 598 704
f 598 635 525
f 525 597 500
f 500 560 524
f 524 462 464
f 462 460 398
f 460 426 377
f 426 427 350
f 298 349 181
f 349 159 181
f 159 238 145
f 238 218 145
f 218 158 145
f 158 177 142
f 177 178 216
f 216 293 292
f 292 343 371
f 371 451 450
f 450 546 545
f 545 626 625
f 625 650 682
f 682 683 716
f 716 756 681
f 756 718 646
f 718 648 585
f 617 619 620
f 619 579 581
f 579 536 538
f 538 537 580
f 580 620 582
f 585 649 586
f 586 587 543
f 587 448 543
f 448 515 389
f 389 291 322
f 291 172 153
f 172 116 153
f 116 77 104
f 77 66 76
f 66 23 65
f 23 26 13
f 26 38 25
f 38 68 46
f 68 181 98
f 350 428 351
f 351 352 277
f 352 301 277
f 301 353 303
f 303 399 379
f 399 465 429
f 465 526 429
f 526 636 599
f 636 705 706
f 705 741 878
f 878 983 952
f 983 1060 952
f 1060 1177 1179
f 1177 1292 1179
f 1292 1399 1293
f 1399 1574 1514
f 1574 1612 1774
f 1612 1573 1731
f 1573 1440 1546
f 1440 1358 1546
f 1358 1323 1291
f 2241 2131 2133
f 2131 2096 2095
f 2096 2132 2238
f 2238 2237 2385
f 2237 2423 2385
f 2423 2465 2422
f 2422 2241 2240
f 2848 2784 2873
f 2873 2726 2819
f 2819 2727 2820
f 2820 2849 2946
f 2946 2969 3054
f 3054 3116 3090
f 3090 3167 3155
f 3155 3185 3184
f 3285 3312 3365
f 3312 3377 3365
f 3377 3341 3391
f 3391 3364 3415
f 3364 3447 3415
f 3447 3390 3446
f 3446 3510 3447
f 3447 3531 3483
f 3483 3550 3512
f 3512 3610 3611
f 3611 3728 3634
f 3634 3727 3609
f 3727 3669 3609
f 4146 4083 4116
f 4083 3906 3931
f 3906 3828 3931
f 3828 3876 3829
f 3829 3877 3878
f 3877 4003 4032
f 4003 4148 4032
f 4148 4268 4269
f 4268 4146 4116
f 4789 4734 4761
f 4734 4696 4761
f 4696 4648 4542
f 4648 4510 4542
f 4510 4650 4511
f 4650 4467 4511
f 4467 4622 4469
f 4622 4762 4469
f 4762 4902 4903
f 4902 5068 4903
f 5068 5149 5150
f 5149 5234 5150
f 5234 5337 5378
f 5337 5440 5441
f 5440 5496 5498
f 5496 5471 5537
f 5471 5535 5556
f 5535 5592 5556
f 5592 5493 5619
f 5493 5554 5619
f 5554 5466 5590
f 5466 5372 5492
f 5372 5491 5492
f 5491 5374 5490
f 5490 5375 5467
f 5467 5331 5434
f 5367 5552 5550
f 5552 5583 5791
f 5791 5792 5899
f 5899 5900 5945
f 5900 5927 5945
f 5927 5860 5897
f 5897 5883 5925
f 5883 5914 5925
f 5914 5859 5880
f 5859 5858 5880
f 5858 5857 5894
f 5857 5837 5835
f 5835 5730 5784
f 5784 5686 5710
f 5710 5635 5684
f 5635 5526 5615
f 5526 5428 5458
f 5428 5358 5458
f 5358 5357 5397
f 5357 5356 5393
f 5356 5361 5355
f 5361 5320 5360
f 5320 5319 5360
f 5319 5251 5318
f 5318 5286 5362
f 5286 5321 5362
f 5450 5422 5420
f 5422 5350 5420
f 5350 5311 5276
f 5276 5310 5350
f 5310 5193 5309
f 5309 5308 5419
f 5308 5349 5419
f 5419 5449 5420
f 5321 5322 5430
f 5430 5432 5486
f 5486 5528 5581
f 5528 5582 5581
f 5582 5548 5661
f 5548 5617 5661
f 5617 5640 5713
f 5640 5488 5663
f 5663 5530 5688
f 5530 5549 5688
f 5549 5367 5550
f 5331 5405 5434
f 5405 5436 5468
f 5436 5407 5534
f 5407 5494 5534
f 5494 5555 5593
f 5555 5470 5536
f 5470 5495 5536
f 5495 5438 5409
f 5409 5336 5266
f 5266 5114 5299
f 5114 4982 5148
f 4982 4789 4901
f 3669 3585 3574
f 3585 3529 3530
f 3530 3462 3482
f 3482 3413 3414
f 3414 3431 3497
f 3431 3340 3365
f 3340 3285 3365
f 3184 3154 3155
f 3154 3131 3089
f 3131 3071 3079
f 3071 3106 3053
f 3053 3015 2986
f 2986 2907 2967
f 2907 2848 2894
f 1291 1263 1178
f 1263 1147 1178
f 1147 1032 1120
f 1032 914 849
f 914 777 742
f 777 704 742
f 704 598 637
f 598 525 501
f 525 500 466
f 500 524 464
f 464 462 378
f 462 398 300
f 398 460 377
f 377 426 350
f 181 159 98
f 159 145 110
f 145 158 123
f 158 142 123
f 142 177 156
f 177 216 215
f 216 292 215
f 292 371 325
f 371 450 392
f 450 545 449
f 545 625 544
f 625 682 647
f 682 716 647
f 716 681 680
f 681 756 646
f 646 718 585
f 620 619 582
f 619 581 583
f 581 579 538
f 538 580 582
f 585 586 514
f 586 543 485
f 543 448 485
f 448 389 322
f 322 291 267
f 291 153 267
f 153 116 104
f 104 77 76
f 76 66 65
f 65 23 21
f 23 13 21
f 13 26 25
f 25 38 46
f 46 68 98
f 350 351 276
f 351 277 276
f 277 301 242
f 301 303 279
f 303 379 244
f 379 399 429
f 429 526 527
f 526 599 527
f 599 636 706
f 706 705 778
f 705 878 813
f 878 952 813
f 952 1060 1061
f 1060 1179 1061
f 1179 1292 1293
f 1293 1399 1401
f 1399 1514 1401
f 1514 1574 1575
f 1574 1774 1775
f 1774 1612 1731
f 1731 1573 1730
f 1573 1546 1730
f 1546 1358 1475
f 1358 1291 1324
f 2241 2133 2240
f 2133 2131 2095
f 2095 2096 1976
f 2096 2238 2239
f 2238 2385 2239
f 2385 2423 2504
f 2423 2422 2535
f 2422 2240 2424
f 2848 2873 2894
f 2873 2819 2945
f 2819 2820 2926
f 2820 2946 2927
f 2946 3054 3019
f 3054 3090 3019
f 3090 3155 3107
f 3365 3377 3449
f 3377 3391 3449
f 3391 3415 3463
f 3415 3447 3483
f 3483 3512 3463
f 3512 3611 3534
f 3611 3634 3534
f 3634 3609 3533
f 3609 3669 3574
f 4116 4083 3931
f 3931 3828 3827
f 3828 3829 3776
f 3829 3878 3806
f 3878 3877 3932
f 3877 4032 3932
f 4032 4148 4119
f 4148 4269 4200
f 4269 4268 4344
f 4268 4116 4247
f 4789 4761 4843
f 4761 4696 4649
f 4696 4542 4649
f 4542 4510 4320
f 4510 4511 4321
f 4511 4467 4321
f 4467 4469 4322
f 4469 4762 4567
f 4762 4903 4735
f 4903 5068 5039
f 5068 5150 5151
f 5150 5234 5267
f 5234 5378 5267
f 5378 5337 5441
f 5441 5440 5498
f 5498 5496 5537
f 5537 5471 5556
f 5556 5592 5620
f 5592 5619 5620
f 5619 5554 5642
f 5554 5590 5642
f 5590 5466 5588
f 5466 5492 5588
f 5492 5491 5587
f 5491 5490 5586
f 5490 5467 5586
f 5467 5434 5589
f 5550 5552 5790
f 5552 5791 5790
f 5791 5899 5898
f 5899 5945 5944
f 5945 5927 5970
f 5927 5897 5970
f 5897 5925 5941
f 5925 5914 5924
f 5914 5880 5924
f 5880 5858 5894
f 5894 5857 5855
f 5857 5835 5833
f 5835 5784 5782
f 5784 5710 5684
f 5615 5526 5578
f 5526 5458 5524
f 5458 5358 5397
f 5397 5357 5394
f 5357 5393 5394
f 5393 5356 5396
f 5356 5355 5396
f 5355 5361 5360
f 5360 5319 5359
f 5319 5318 5359
f 5318 5362 5399
f 5362 5321 5401
f 5420 5350 5310
f 5310 5309 5420
f 5309 5419 5420
f 5321 5430 5401
f 5430 5486 5460
f 5486 5581 5544
f 5581 5582 5660
f 5582 5661 5660
f 5661 5617 5712
f 5617 5713 5712
f 5713 5640 5756
f 5640 5663 5756
f 5663 5688 5756
f 5688 5549 5733
f 5549 5550 5733
f 5434 5405 5533
f 5405 5468 5533
f 5468 5436 5534
f 5534 5494 5593
f 5593 5555 5644
f 5555 5536 5557
f 5536 5495 5497
f 5495 5409 5410
f 5409 5266 5299
f 5299 5114 5148
f 5148 4982 5037
f 4982 4901 5037
f 4901 4789 4843
f 3574 3585 3497
f 3585 3530 3497
f 3530 3482 3497
f 3482 3414 3497
f 3497 3431 3511
f 3431 3365 3448
f 3155 3154 3107
f 3154 3089 3107
f 3089 3131 3079
f 3079 3071 3005
f 3071 3053 3005
f 3053 2986 2967
f 2967 2907 2894
f 1291 1178 1324
f 1178 1147 1120
f 1120 1032 984
f 1032 849 984
f 849 914 742
f 742 704 637
f 637 598 562
f 598 501 562
f 501 525 466
f 466 500 464
f 464 378 354
f 378 462 300
f 300 398 275
f 398 377 275
f 377 350 276
f 98 159 110
f 110 145 123
f 123 142 109
f 142 156 120
f 156 177 215
f 215 292 325
f 325 371 392
f 392 450 449
f 449 545 544
f 544 625 624
f 625 647 624
f 647 716 680
f 680 681 622
f 681 646 542
f 646 585 542
f 582 619 583
f 583 581 582
f 581 538 582
f 585 514 542
f 514 586 485
f 485 448 370
f 448 322 370
f 322 267 171
f 267 153 138
f 153 104 138
f 104 76 95
f 76 65 62
f 65 21 63
f 21 13 9
f 13 25 11
f 25 46 24
f 46 98 55
f 276 277 221
f 277 242 221
f 242 301 279
f 279 303 243
f 303 244 243
f 244 379 245
f 379 429 430
f 429 527 502
f 527 599 502
f 599 706 601
f 706 778 707
f 778 705 813
f 813 952 915
f 952 1061 915
f 1061 1179 1181
f 1179 1293 1181
f 1293 1401 1265
f 1401 1514 1477
f 1514 1575 1613
f 1575 1574 1775
f 1775 1774 1945
f 1774 1731 1875
f 1731 1730 1875
f 1730 1546 1656
f 1546 1475 1656
f 1475 1358 1324
f 2240 2133 2203
f 2133 2095 2098
f 2095 1976 1902
f 1976 2096 1977
f 2096 2239 2097
f 2239 2385 2353
f 2385 2504 2467
f 2504 2423 2535
f 2535 2422 2424
f 2424 2240 2354
f 2894 2873 2945
f 2945 2819 2926
f 2926 2820 2927
f 2927 2946 3019
f 3019 3090 3018
f 3090 3107 3018
f 3365 3449 3448
f 3449 3391 3463
f 3463 3415 3483
f 3463 3512 3534
f 3534 3634 3533
f 3533 3609 3532
f 3609 3574 3511
f 4116 3931 4002
f 3931 3827 3930
f 3827 3828 3775
f 3828 3776 3751
f 3776 3829 3806
f 3806 3878 3849
f 3878 3932 3934
f 3932 4032 4056
f 4032 4119 4056
f 4119 4148 4200
f 4200 4269 4322
f 4269 4344 4321
f 4344 4268 4320
f 4268 4247 4320
f 4247 4116 4199
f 4843 4761 4815
f 4761 4649 4815
f 4649 4542 4466
f 4542 4320 4343
f 4320 4510 4344
f 4510 4321 4344
f 4321 4467 4322
f 4322 4469 4378
f 4469 4567 4378
f 4567 4762 4735
f 4735 4903 4905
f 4903 5039 5010
f 5039 5068 5151
f 5151 5150 5269
f 5150 5267 5268
f 5267 5378 5338
f 5378 5441 5442
f 5441 5498 5473
f 5498 5537 5558
f 5537 5556 5558
f 5556 5620 5671
f 5620 5619 5691
f 5619 5642 5690
f 5642 5590 5669
f 5590 5588 5669
f 5588 5492 5587
f 5587 5491 5586
f 5586 5467 5589
f 5589 5434 5533
f 5550 5790 5734
f 5790 5791 5898
f 5898 5899 5944
f 5944 5945 5984
f 5945 5970 5984
f 5970 5897 5941
f 5941 5925 5956
f 5925 5924 5956
f 5924 5880 5912
f 5880 5894 5912
f 5894 5855 5893
f 5855 5857 5833
f 5833 5835 5782
f 5782 5784 5684
f 5615 5578 5681
f 5578 5526 5524
f 5524 5458 5457
f 5458 5397 5457
f 5397 5394 5392
f 5394 5393 5424
f 5393 5396 5425
f 5396 5355 5395
f 5355 5360 5395
f 5360 5359 5395
f 5359 5318 5399
f 5399 5362 5429
f 5362 5401 5429
f 5401 5430 5460
f 5460 5486 5544
f 5544 5581 5636
f 5581 5660 5636
f 5660 5661 5731
f 5661 5712 5731
f 5712 5713 5786
f 5713 5756 5840
f 5756 5688 5789
f 5688 5733 5841
f 5733 5550 5734
f 5533 5468 5618
f 5468 5534 5591
f 5534 5593 5591
f 5593 5644 5692
f 5644 5555 5557
f 5557 5536 5497
f 5497 5495 5410
f 5410 5409 5299
f 5299 5148 5180
f 5148 5037 5180
f 5037 4901 5038
f 4901 4843 5038
f 3574 3497 3511
f 3511 3431 3448
f 3107 3089 3017
f 3089 3079 3017
f 3079 3005 3017
f 3005 3053 2967
f 2967 2894 2968
f 1324 1178 1180
f 1178 1120 1180
f 1120 984 1088
f 984 849 850
f 849 742 743
f 742 637 743
f 637 562 600
f 562 501 528
f 501 466 528
f 466 464 400
f 464 354 400
f 354 378 302
f 378 300 278
f 300 275 220
f 275 377 276
f 98 110 55
f 110 123 82
f 123 109 82
f 109 142 120
f 120 156 155
f 156 215 175
f 215 325 175
f 325 392 391
f 392 449 391
f 449 544 486
f 544 624 584
f 624 647 584
f 647 680 623
f 680 622 621
f 622 681 542
f 542 514 482
f 514 485 388
f 485 370 342
f 370 322 265
f 322 171 265
f 171 267 138
f 138 104 95
f 95 76 62
f 62 65 63
f 63 21 19
f 21 9 19
f 9 13 11
f 11 25 24
f 24 46 55
f 276 221 275
f 221 242 185
f 242 279 243
f 243 244 185
f 244 245 188
f 245 379 380
f 379 430 380
f 430 429 502
f 502 599 601
f 601 706 707
f 707 778 814
f 778 813 915
f 915 1061 1062
f 1061 1181 1062
f 1181 1293 1265
f 1265 1401 1266
f 1401 1477 1266
f 1477 1514 1613
f 1613 1575 1775
f 1775 1945 1901
f 1945 1774 1875
f 1875 1730 1874
f 1730 1656 1874
f 1656 1475 1576
f 1475 1324 1400
f 2240 2203 2354
f 2203 2133 2098
f 2098 2095 1902
f 1902 1976 1814
f 1976 1977 1874
f 1977 2096 1945
f 2096 2097 1945
f 2097 2239 2064
f 2239 2353 2242
f 2353 2385 2467
f 2467 2504 2567
f 2504 2535 2566
f 2535 2424 2565
f 2424 2354 2468
f 2894 2945 2968
f 2945 2926 3018
f 2926 2927 3018
f 2927 3019 3018
f 3018 3107 3017
f 3448 3449 3532
f 3449 3463 3534
f 3534 3533 3449
f 3533 3532 3449
f 3532 3609 3511
f 4116 4002 4117
f 4002 3931 3930
f 3930 3827 3775
f 3775 3828 3751
f 3751 3776 3730
f 3776 3806 3730
f 3806 3849 3778
f 3849 3878 3934
f 3934 3932 4004
f 3932 4056 4004
f 4056 4119 4178
f 4119 4200 4178
f 4200 4322 4296
f 4322 4269 4321
f 4320 4247 4343
f 4247 4199 4343
f 4199 4116 4117
f 4843 4815 4904
f 4815 4649 4651
f 4649 4466 4468
f 4466 4542 4343
f 4322 4378 4296
f 4378 4567 4470
f 4567 4735 4623
f 4735 4905 4816
f 4905 4903 5010
f 5010 5039 5115
f 5039 5151 5115
f 5151 5269 5236
f 5269 5150 5268
f 5268 5267 5338
f 5338 5378 5442
f 5442 5441 5473
f 5473 5498 5558
f 5558 5556 5594
f 5556 5671 5594
f 5671 5620 5716
f 5620 5691 5716
f 5691 5619 5690
f 5690 5642 5669
f 5669 5588 5668
f 5588 5587 5667
f 5587 5586 5666
f 5586 5589 5641
f 5589 5533 5618
f 5734 5790 5885
f 5790 5898 5885
f 5898 5944 5943
f 5944 5984 5983
f 5984 5970 5994
f 5970 5941 5994
f 5941 5956 5981
f 5956 5924 5938
f 5924 5912 5938
f 5912 5894 5893
f 5893 5855 5908
f 5855 5833 5877
f 5833 5782 5832
f 5782 5684 5752
f 5615 5681 5682
f 5681 5578 5680
f 5578 5524 5612
f 5524 5457 5522
f 5457 5397 5392
f 5392 5394 5424
f 5424 5393 5425
f 5425 5396 5395
f 5395 5359 5427
f 5359 5399 5398
f 5399 5429 5398
f 5429 5401 5460
f 5460 5544 5527
f 5544 5636 5579
f 5636 5660 5729
f 5660 5731 5729
f 5731 5712 5786
f 5786 5713 5787
f 5713 5840 5787
f 5840 5756 5789
f 5789 5688 5841
f 5841 5733 5861
f 5733 5734 5861
f 5618 5468 5591
f 5591 5593 5643
f 5593 5692 5643
f 5692 5644 5717
f 5644 5557 5645
f 5557 5497 5472
f 5497 5410 5379
f 5410 5299 5300
f 5299 5180 5300
f 5180 5037 5038
f 5038 4843 5069
f 3511 3448 3532
f 3017 3005 2968
f 3005 2967 2968
f 1324 1180 1400
f 1180 1120 1088
f 1088 984 985
f 984 850 985
f 850 849 743
f 743 637 667
f 637 600 667
f 600 562 528
f 528 466 467
f 466 400 401
f 400 354 401
f 354 302 280
f 302 378 278
f 278 300 220
f 220 275 221
f 55 110 82
f 82 109 106
f 109 120 106
f 120 155 119
f 155 156 175
f 175 325 269
f 325 391 269
f 391 449 486
f 486 544 584
f 584 647 623
f 623 680 621
f 621 622 540
f 622 542 513
f 542 482 513
f 482 514 447
f 514 388 447
f 388 485 342
f 342 370 265
f 265 171 151
f 171 138 102
f 138 95 102
f 95 62 60
f 62 63 60
f 63 19 43
f 19 9 8
f 9 11 4
f 11 24 10
f 24 55 36
f 221 185 184
f 185 242 243
f 185 244 188
f 188 245 191
f 245 380 246
f 380 430 468
f 430 502 468
f 502 601 638
f 601 707 668
f 707 814 815
f 814 778 915
f 915 1062 916
f 1062 1181 1121
f 1181 1265 1121
f 1265 1266 1121
f 1266 1477 1515
f 1477 1613 1515
f 1613 1775 1901
f 1901 1945 2097
f 1945 1875 1977
f 1875 1874 1977
f 1874 1656 1814
f 1656 1576 1814
f 1576 1475 1400
f 2354 2203 2204
f 2203 2098 2204
f 2098 1902 1839
f 1902 1814 1732
f 1814 1976 1874
f 2097 2064 1901
f 2064 2239 2242
f 2242 2353 2316
f 2353 2467 2316
f 2467 2567 2425
f 2567 2504 2566
f 2566 2535 2565
f 2565 2424 2468
f 2468 2354 2355
f 2968 2945 3017
f 2945 3018 3017
f 4117 4002 4120
f 4002 3930 4031
f 3930 3775 3933
f 3775 3751 3729
f 3751 3730 3729
f 3730 3806 3778
f 3778 3849 3807
f 3849 3934 3908
f 3934 4004 3968
f 4004 4056 4122
f 4056 4178 4122
f 4178 4200 4296
f 4343 4199 4295
f 4199 4117 4120
f 4843 4904 5069
f 4904 4815 4906
f 4815 4651 4906
f 4651 4649 4468
f 4468 4466 4343
f 4296 4378 4297
f 4378 4470 4297
f 4470 4567 4623
f 4623 4735 4816
f 4816 4905 5010
f 5010 5115 5070
f 5115 5151 5236
f 5236 5269 5381
f 5269 5268 5380
f 5268 5338 5339
f 5338 5442 5339
f 5442 5473 5411
f 5473 5558 5500
f 5558 5594 5500
f 5594 5671 5693
f 5671 5716 5740
f 5716 5691 5761
f 5691 5690 5760
f 5690 5669 5738
f 5669 5668 5738
f 5668 5588 5667
f 5667 5587 5666
f 5666 5586 5641
f 5641 5589 5618
f 5734 5885 5861
f 5885 5898 5943
f 5943 5944 5983
f 5983 5984 6006
f 5984 5994 6006
f 5994 5941 5981
f 5981 5956 5968
f 5956 5938 5968
f 5938 5912 5911
f 5912 5893 5911
f 5893 5908 5911
f 5908 5855 5877
f 5877 5833 5832
f 5832 5782 5752
f 5752 5684 5682
f 5615 5682 5684
f 5682 5681 5780
f 5681 5680 5780
f 5680 5578 5612
f 5612 5524 5522
f 5522 5457 5455
f 5457 5392 5455
f 5392 5424 5455
f 5424 5425 5518
f 5425 5395 5427
f 5427 5359 5426
f 5359 5398 5426
f 5398 5429 5459
f 5429 5460 5527
f 5527 5544 5579
f 5579 5636 5659
f 5636 5729 5659
f 5729 5731 5815
f 5731 5786 5815
f 5786 5787 5836
f 5787 5840 5881
f 5840 5789 5882
f 5789 5841 5896
f 5841 5861 5926
f 5618 5591 5670
f 5591 5643 5670
f 5643 5692 5739
f 5692 5717 5762
f 5717 5644 5645
f 5645 5557 5646
f 5557 5472 5499
f 5472 5497 5379
f 5379 5410 5300
f 5300 5180 5181
f 5180 5038 5181
f 5038 5069 5181
f 1400 1180 1264
f 1180 1088 1264
f 1088 985 953
f 985 850 953
f 850 743 744
f 743 667 744
f 667 600 670
f 600 528 529
f 528 467 529
f 467 466 401
f 401 354 328
f 354 280 281
f 280 302 222
f 302 278 222
f 278 220 222
f 220 221 184
f 55 82 36
f 82 106 67
f 106 120 119
f 119 155 140
f 155 175 140
f 175 269 174
f 269 391 268
f 391 486 390
f 486 584 484
f 584 623 541
f 623 621 541
f 621 540 539
f 540 622 513
f 513 482 446
f 482 447 418
f 447 388 368
f 388 342 368
f 342 265 211
f 265 151 211
f 151 171 102
f 102 95 75
f 95 60 75
f 60 63 43
f 43 19 16
f 19 8 16
f 8 9 4
f 4 11 10
f 10 24 36
f 184 185 188
f 188 191 187
f 191 245 246
f 246 380 247
f 380 468 469
f 468 502 563
f 502 638 563
f 638 601 668
f 668 707 815
f 815 814 879
f 814 915 916
f 916 1062 879
f 1062 1121 954
f 1121 1266 1123
f 1266 1515 1295
f 1515 1613 1733
f 1613 1901 1733
f 1814 1576 1732
f 1576 1400 1476
f 2354 2204 2355
f 2204 2098 2036
f 2098 1839 2036
f 1839 1902 1732
f 1901 2064 1946
f 2064 2242 2163
f 2242 2316 2163
f 2316 2467 2425
f 2425 2567 2568
f 2567 2566 2645
f 2566 2565 2645
f 2565 2468 2600
f 2468 2355 2505
f 4120 4002 4031
f 4031 3930 3933
f 3933 3775 3830
f 3775 3729 3731
f 3729 3730 3701
f 3730 3778 3703
f 3778 3807 3753
f 3807 3849 3908
f 3908 3934 3968
f 3968 4004 4084
f 4004 4122 4084
f 4122 4178 4297
f 4178 4296 4297
f 4343 4295 4468
f 4295 4199 4201
f 4199 4120 4201
f 5069 4904 5040
f 4904 4906 5040
f 4906 4651 4763
f 4651 4468 4436
f 4297 4470 4379
f 4470 4623 4543
f 4623 4816 4698
f 4816 5010 4932
f 5010 5070 4932
f 5070 5115 5212
f 5115 5236 5212
f 5236 5381 5341
f 5381 5269 5415
f 5269 5380 5415
f 5380 5268 5339
f 5339 5442 5411
f 5411 5473 5413
f 5473 5500 5413
f 5500 5594 5559
f 5594 5693 5694
f 5693 5671 5740
f 5740 5716 5763
f 5716 5761 5763
f 5761 5691 5760
f 5760 5690 5738
f 5738 5668 5737
f 5668 5667 5737
f 5667 5666 5736
f 5666 5641 5714
f 5641 5618 5670
f 5861 5885 5942
f 5885 5943 5942
f 5943 5983 5982
f 5983 6006 6008
f 6006 5994 6017
f 5994 5981 5993
f 5981 5968 5993
f 5968 5938 5937
f 5938 5911 5937
f 5911 5908 5923
f 5908 5877 5923
f 5877 5832 5890
f 5832 5752 5780
f 5752 5682 5780
f 5780 5680 5814
f 5680 5612 5728
f 5612 5522 5634
f 5522 5455 5576
f 5455 5424 5519
f 5424 5518 5519
f 5518 5425 5517
f 5425 5427 5456
f 5427 5426 5456
f 5426 5398 5459
f 5459 5429 5525
f 5429 5527 5525
f 5527 5579 5525
f 5579 5659 5614
f 5659 5729 5753
f 5729 5815 5753
f 5815 5786 5836
f 5836 5787 5838
f 5787 5881 5838
f 5881 5840 5913
f 5840 5882 5913
f 5882 5789 5896
f 5896 5841 5926
f 5926 5861 5942
f 5670 5643 5715
f 5643 5739 5715
f 5739 5692 5762
f 5762 5717 5764
f 5717 5645 5718
f 5645 5646 5718
f 5646 5557 5499
f 5499 5472 5412
f 5472 5379 5412
f 5379 5300 5340
f 5300 5181 5235
f 5181 5069 5182
f 1400 1264 1476
f 1264 1088 1122
f 1088 953 1122
f 953 850 851
f 850 744 851
f 744 667 670
f 670 600 602
f 600 529 602
f 529 467 503
f 467 401 402
f 401 328 402
f 328 354 281
f 281 280 223
f 280 222 223
f 222 220 183
f 220 184 183
f 36 82 67
f 67 106 81
f 106 119 81
f 119 140 117
f 140 175 174
f 174 269 173
f 269 268 173
f 268 391 390
f 390 486 420
f 486 484 420
f 484 584 541
f 541 621 539
f 539 540 480
f 540 513 481
f 513 446 481
f 446 482 418
f 418 447 368
f 368 342 320
f 342 211 320
f 211 151 169
f 151 102 136
f 102 75 94
f 75 60 94
f 60 43 59
f 43 16 42
f 16 8 5
f 8 4 2
f 4 10 3
f 10 36 22
f 184 188 187
f 187 191 190
f 191 246 194
f 246 247 194
f 247 380 331
f 380 469 331
f 469 468 530
f 468 563 530
f 563 638 564
f 638 668 671
f 668 815 671
f 815 879 671
f 879 814 916
f 879 1062 954
f 954 1121 1123
f 1123 1266 1063
f 1266 1295 1063
f 1295 1515 1441
f 1515 1733 1578
f 1733 1901 1946
f 1732 1576 1476
f 2355 2204 2164
f 2204 2036 2164
f 2036 1839 1734
f 1839 1732 1577
f 1946 2064 2163
f 2163 2316 2277
f 2316 2425 2277
f 2425 2568 2386
f 2568 2567 2645
f 2645 2565 2644
f 2565 2600 2644
f 2600 2468 2505
f 2505 2355 2317
f 4120 4031 4121
f 4031 3933 4121
f 3933 3830 3907
f 3830 3775 3731
f 3731 3729 3701
f 3701 3730 3703
f 3703 3778 3753
f 3753 3807 3808
f 3807 3908 3879
f 3908 3968 3970
f 3968 4084 4058
f 4084 4122 4202
f 4122 4297 4202
f 4468 4295 4436
f 4295 4201 4345
f 4201 4120 4121
f 5069 5040 5183
f 5040 4906 5011
f 4906 4763 4869
f 4763 4651 4568
f 4651 4436 4568
f 4297 4379 4202
f 4379 4470 4543
f 4543 4623 4698
f 4698 4816 4932
f 4932 5070 5012
f 5070 5212 5184
f 5212 5236 5341
f 5341 5381 5476
f 5381 5415 5505
f 5415 5380 5503
f 5380 5339 5411
f 5411 5413 5475
f 5413 5500 5559
f 5559 5594 5694
f 5694 5693 5741
f 5693 5740 5741
f 5740 5763 5801
f 5763 5761 5800
f 5761 5760 5798
f 5760 5738 5795
f 5738 5737 5795
f 5737 5667 5736
f 5736 5666 5714
f 5714 5641 5670
f 5942 5943 5982
f 5982 5983 6008
f 6008 6006 6034
f 6006 6017 6034
f 6017 5994 5993
f 5993 5968 5978
f 5968 5937 5978
f 5937 5911 5923
f 5923 5877 5890
f 5890 5832 5852
f 5832 5780 5852
f 5780 5814 5876
f 5814 5680 5728
f 5728 5612 5634
f 5634 5522 5576
f 5576 5455 5519
f 5519 5518 5543
f 5518 5517 5574
f 5517 5425 5520
f 5425 5456 5520
f 5456 5426 5484
f 5426 5459 5484
f 5459 5525 5484
f 5525 5579 5614
f 5614 5659 5685
f 5659 5753 5685
f 5753 5815 5834
f 5815 5836 5834
f 5836 5838 5856
f 5838 5881 5879
f 5881 5913 5939
f 5913 5882 5940
f 5882 5896 5940
f 5896 5926 5958
f 5926 5942 5969
f 5670 5715 5759
f 5715 5739 5796
f 5739 5762 5799
f 5762 5764 5802
f 5764 5717 5718
f 5718 5646 5719
f 5646 5499 5443
f 5499 5412 5443
f 5412 5379 5340
f 5340 5300 5235
f 5235 5181 5301
f 5181 5182 5301
f 5182 5069 5183
f 1476 1264 1294
f 1264 1122 1294
f 1122 953 986
f 953 851 986
f 851 744 745
f 744 670 745
f 670 602 565
f 602 529 565
f 529 503 504
f 503 467 402
f 402 328 329
f 328 281 329
f 281 223 224
f 223 222 186
f 222 183 186
f 183 184 187
f 36 67 22
f 67 81 78
f 81 119 117
f 117 140 174
f 174 173 117
f 173 268 213
f 268 390 213
f 390 420 323
f 420 484 419
f 484 541 483
f 541 539 483
f 539 480 445
f 480 540 481
f 481 446 444
f 446 418 417
f 418 368 341
f 368 320 290
f 320 211 169
f 169 151 136
f 136 102 100
f 102 94 100
f 94 60 59
f 59 43 42
f 42 16 28
f 16 5 28
f 5 8 2
f 2 4 3
f 3 10 22
f 187 190 186
f 190 191 194
f 194 247 197
f 247 331 305
f 331 469 305
f 469 530 472
f 530 563 564
f 564 638 671
f 671 879 746
f 879 954 746
f 954 1123 880
f 1123 1063 880
f 1063 1295 1149
f 1295 1441 1149
f 1441 1515 1578
f 1578 1733 1776
f 1733 1946 1776
f 1732 1476 1577
f 2355 2164 2317
f 2164 2036 1903
f 2036 1734 1903
f 1734 1839 1577
f 1946 2163 2065
f 2163 2277 2065
f 2277 2425 2386
f 2386 2568 2506
f 2568 2645 2646
f 2645 2644 2667
f 2644 2600 2694
f 2600 2505 2601
f 2505 2317 2469
f 4121 3933 4005
f 3933 3907 4005
f 3907 3830 3831
f 3830 3731 3777
f 3731 3701 3702
f 3701 3703 3672
f 3703 3753 3674
f 3753 3808 3732
f 3808 3807 3879
f 3879 3908 3970
f 3970 3968 4058
f 4058 4084 4180
f 4084 4202 4180
f 4436 4295 4345
f 4345 4201 4248
f 4201 4121 4248
f 5183 5040 5152
f 5040 5011 5152
f 5011 4906 4869
f 4869 4763 4791
f 4763 4568 4672
f 4568 4436 4512
f 4202 4379 4298
f 4379 4543 4471
f 4543 4698 4624
f 4698 4932 4817
f 4932 5012 4817
f 5012 5070 5184
f 5184 5212 5304
f 5212 5341 5304
f 5341 5476 5446
f 5476 5381 5505
f 5505 5415 5503
f 5503 5380 5474
f 5380 5411 5474
f 5411 5475 5474
f 5475 5413 5596
f 5413 5559 5560
f 5559 5694 5695
f 5694 5741 5742
f 5741 5740 5801
f 5801 5763 5820
f 5763 5800 5820
f 5800 5761 5798
f 5798 5760 5795
f 5795 5737 5794
f 5737 5736 5794
f 5736 5714 5794
f 5714 5670 5759
f 5942 5982 5969
f 5982 6008 6007
f 6008 6034 6033
f 6034 6017 6032
f 6017 5993 6003
f 5993 5978 6003
f 5978 5937 5954
f 5937 5923 5954
f 5923 5890 5935
f 5890 5852 5906
f 5852 5780 5876
f 5876 5814 5905
f 5814 5728 5778
f 5728 5634 5778
f 5634 5576 5677
f 5576 5519 5633
f 5519 5543 5633
f 5543 5518 5575
f 5518 5574 5575
f 5574 5517 5542
f 5517 5520 5542
f 5520 5456 5521
f 5456 5484 5521
f 5484 5525 5523
f 5525 5614 5523
f 5614 5685 5683
f 5685 5753 5783
f 5753 5834 5783
f 5834 5836 5856
f 5856 5838 5879
f 5879 5881 5895
f 5881 5939 5895
f 5939 5913 5940
f 5940 5896 5958
f 5958 5926 5969
f 5759 5715 5796
f 5796 5739 5799
f 5799 5762 5802
f 5802 5764 5803
f 5764 5718 5765
f 5718 5719 5765
f 5719 5646 5672
f 5646 5443 5595
f 5443 5412 5501
f 5412 5340 5502
f 5340 5235 5301
f 5301 5182 5302
f 5182 5183 5302
f 1476 1294 1577
f 1294 1122 1124
f 1122 986 1124
f 986 851 852
f 851 745 852
f 745 670 669
f 670 565 603
f 565 529 504
f 504 503 470
f 503 402 403
f 402 329 403
f 329 281 282
f 281 224 282
f 224 223 186
f 186 183 187
f 22 67 44
f 67 78 44
f 78 81 117
f 117 173 105
f 173 213 154
f 213 390 323
f 323 420 369
f 420 419 369
f 419 484 483
f 483 539 445
f 445 480 416
f 480 481 444
f 444 446 417
f 417 418 366
f 418 341 366
f 341 368 290
f 290 320 169
f 169 136 149
f 136 100 114
f 100 94 92
f 94 59 92
f 59 42 72
f 42 28 50
f 28 5 14
f 5 2 7
f 2 3 1
f 3 22 20
f 186 190 189
f 190 194 193
f 194 197 193
f 197 247 200
f 247 305 248
f 305 469 404
f 469 472 404
f 472 530 506
f 530 564 506
f 564 671 566
f 671 746 566
f 746 954 880
f 880 1063 1012
f 1063 1149 1012
f 1149 1441 1359
f 1441 1578 1657
f 1578 1776 1840
f 1776 1946 1840
f 2317 2164 2037
f 2164 1903 2037
f 1903 1734 1547
f 1734 1577 1402
f 1946 2065 1840
f 2065 2277 2165
f 2277 2386 2165
f 2386 2506 2318
f 2506 2568 2646
f 2646 2645 2667
f 2667 2644 2694
f 2694 2600 2601
f 2601 2505 2469
f 2469 2317 2166
f 4121 4005 4179
f 4005 3907 3969
f 3907 3831 3909
f 3831 3830 3777
f 3777 3731 3702
f 3702 3701 3672
f 3672 3703 3674
f 3674 3753 3732
f 3732 3808 3779
f 3808 3879 3880
f 3879 3970 3971
f 3970 4058 4059
f 4058 4180 4149
f 4180 4202 4298
f 4436 4345 4512
f 4345 4248 4380
f 4248 4121 4179
f 5183 5152 5303
f 5152 5011 5091
f 5011 4869 4933
f 4869 4791 4933
f 4791 4763 4672
f 4672 4568 4512
f 4298 4379 4471
f 4471 4543 4624
f 4624 4698 4673
f 4698 4817 4673
f 4817 5012 4870
f 5012 5184 5071
f 5184 5304 5237
f 5304 5341 5446
f 5446 5476 5540
f 5476 5505 5569
f 5505 5503 5567
f 5503 5474 5563
f 5474 5475 5563
f 5475 5596 5597
f 5596 5413 5560
f 5560 5559 5695
f 5695 5694 5742
f 5742 5741 5805
f 5741 5801 5805
f 5801 5820 5804
f 5820 5800 5819
f 5800 5798 5818
f 5798 5795 5797
f 5795 5794 5797
f 5794 5714 5759
f 5969 5982 6007
f 6007 6008 6033
f 6033 6034 6044
f 6034 6032 6044
f 6032 6017 6003
f 6003 5978 5991
f 5978 5954 5991
f 5954 5923 5935
f 5935 5890 5906
f 5906 5852 5876
f 5876 5905 5906
f 5905 5814 5850
f 5814 5778 5850
f 5778 5634 5677
f 5677 5576 5633
f 5633 5543 5610
f 5543 5575 5610
f 5575 5574 5607
f 5574 5542 5609
f 5542 5520 5611
f 5520 5521 5611
f 5521 5484 5523
f 5523 5614 5613
f 5614 5683 5613
f 5683 5685 5783
f 5783 5834 5854
f 5834 5856 5854
f 5856 5879 5878
f 5879 5895 5892
f 5895 5939 5955
f 5939 5940 5957
f 5940 5958 5980
f 5958 5969 6005
f 5759 5796 5797
f 5796 5799 5818
f 5799 5802 5819
f 5802 5803 5821
f 5803 5764 5765
f 5765 5719 5766
f 5719 5672 5743
f 5672 5646 5595
f 5595 5443 5501
f 5501 5412 5502
f 5502 5340 5414
f 5340 5301 5414
f 5301 5302 5444
f 5302 5183 5303
f 1577 1294 1402
f 1294 1124 1402
f 1124 986 987
f 986 852 987
f 852 745 669
f 669 670 603
f 603 565 567
f 565 504 505
f 504 470 471
f 470 503 381
f 503 403 381
f 403 329 330
f 329 282 330
f 282 224 225
f 224 186 189
f 22 44 20
f 44 78 35
f 78 117 105
f 105 173 154
f 154 213 152
f 213 323 152
f 323 369 266
f 369 419 387
f 419 483 445
f 445 416 367
f 416 480 443
f 480 444 443
f 444 417 385
f 417 366 385
f 366 341 340
f 341 290 319
f 290 169 262
f 169 149 210
f 149 136 114
f 114 100 92
f 92 59 72
f 72 42 50
f 50 28 40
f 28 14 40
f 14 5 7
f 7 2 1
f 1 3 20
f 189 190 193
f 193 197 196
f 197 200 199
f 200 247 248
f 248 305 307
f 305 404 307
f 404 472 434
f 472 506 434
f 506 564 566
f 566 746 639
f 746 880 639
f 880 1012 779
f 1012 1149 1125
f 1149 1359 1125
f 1359 1441 1548
f 1441 1657 1548
f 1657 1578 1735
f 1578 1840 1735
f 2317 2037 2166
f 2037 1903 1696
f 1903 1547 1696
f 1547 1734 1402
f 1840 2065 1947
f 2065 2165 1947
f 2165 2386 2318
f 2318 2506 2426
f 2506 2646 2602
f 2646 2667 2695
f 2667 2694 2729
f 2694 2601 2668
f 2601 2469 2569
f 2469 2166 2319
f 4179 4005 4057
f 4005 3969 4057
f 3969 3907 3909
f 3909 3831 3881
f 3831 3777 3809
f 3777 3702 3752
f 3702 3672 3673
f 3672 3674 3675
f 3674 3732 3676
f 3732 3779 3734
f 3779 3808 3880
f 3880 3879 3971
f 3971 3970 4059
f 4059 4058 4149
f 4149 4180 4249
f 4180 4298 4249
f 4512 4345 4380
f 4380 4248 4323
f 4248 4179 4323
f 5303 5152 5270
f 5152 5091 5270
f 5091 5011 4933
f 4933 4791 4844
f 4791 4672 4699
f 4672 4512 4544
f 4298 4471 4381
f 4471 4624 4545
f 4624 4673 4545
f 4673 4817 4736
f 4817 4870 4736
f 4870 5012 5071
f 5071 5184 5237
f 5237 5304 5382
f 5304 5446 5382
f 5446 5540 5478
f 5540 5476 5569
f 5569 5505 5567
f 5567 5503 5563
f 5563 5475 5597
f 5597 5596 5696
f 5596 5560 5696
f 5560 5695 5696
f 5695 5742 5744
f 5742 5805 5806
f 5805 5801 5804
f 5804 5820 5821
f 5820 5819 5821
f 5819 5800 5818
f 5818 5798 5797
f 5797 5794 5759
f 5969 6007 6005
f 6007 6033 6005
f 6033 6044 6043
f 6044 6032 6041
f 6032 6003 6015
f 6003 5991 6015
f 5991 5954 5966
f 5954 5935 5953
f 5935 5906 5921
f 5906 5905 5921
f 5905 5850 5920
f 5850 5778 5812
f 5778 5677 5812
f 5677 5633 5658
f 5633 5610 5658
f 5610 5575 5608
f 5575 5607 5608
f 5607 5574 5609
f 5609 5542 5632
f 5542 5611 5632
f 5611 5521 5577
f 5521 5523 5577
f 5523 5613 5577
f 5613 5683 5679
f 5683 5783 5781
f 5783 5854 5781
f 5854 5856 5878
f 5878 5879 5892
f 5892 5895 5910
f 5895 5955 5910
f 5955 5939 5979
f 5939 5957 5979
f 5957 5940 5980
f 5980 5958 6005
f 5797 5796 5818
f 5818 5799 5819
f 5819 5802 5821
f 5821 5803 5843
f 5803 5765 5822
f 5765 5766 5822
f 5766 5719 5743
f 5743 5672 5697
f 5672 5595 5621
f 5595 5501 5561
f 5501 5502 5561
f 5502 5414 5504
f 5414 5301 5444
f 5444 5302 5445
f 5302 5303 5445
f 1402 1124 1148
f 1124 987 1148
f 987 852 853
f 852 669 853
f 669 603 672
f 603 567 672
f 567 565 505
f 505 504 471
f 471 470 431
f 470 381 431
f 381 403 330
f 330 282 283
f 282 225 283
f 225 224 189
f 20 44 35
f 35 78 64
f 78 105 96
f 105 154 115
f 154 152 115
f 152 323 266
f 266 369 321
f 369 387 321
f 387 419 445
f 445 367 387
f 367 416 386
f 416 443 414
f 443 444 415
f 444 385 415
f 385 366 340
f 340 341 319
f 319 290 262
f 262 169 210
f 210 149 168
f 149 114 113
f 114 92 113
f 92 72 90
f 72 50 71
f 50 40 58
f 40 14 29
f 14 7 12
f 7 1 6
f 1 20 18
f 189 193 192
f 193 196 192
f 196 197 199
f 199 200 162
f 200 248 229
f 248 307 229
f 307 404 309
f 404 434 406
f 434 506 433
f 506 566 531
f 566 639 531
f 639 880 779
f 779 1012 917
f 1012 1125 917
f 1125 1359 1296
f 1359 1548 1479
f 1548 1657 1736
f 1657 1735 1736
f 1735 1840 1947
f 2166 2037 1876
f 2037 1696 1876
f 1696 1547 1478
f 1547 1402 1148
f 1947 2165 2066
f 2165 2318 2066
f 2318 2426 2205
f 2426 2506 2602
f 2602 2646 2695
f 2695 2667 2729
f 2729 2694 2728
f 2694 2668 2728
f 2668 2601 2569
f 2569 2469 2319
f 2319 2166 2038
f 4179 4057 4228
f 4057 3969 4123
f 3969 3909 4033
f 3909 3881 4006
f 3881 3831 3809
f 3809 3777 3752
f 3752 3702 3673
f 3673 3672 3675
f 3675 3674 3676
f 3676 3732 3734
f 3734 3779 3781
f 3779 3880 3850
f 3880 3971 3935
f 3971 4059 4034
f 4059 4149 4150
f 4149 4249 4229
f 4249 4298 4381
f 4512 4380 4544
f 4380 4323 4472
f 4323 4179 4324
f 5303 5270 5416
f 5270 5091 5185
f 5091 4933 5013
f 4933 4844 5013
f 4844 4791 4699
f 4699 4672 4544
f 4381 4471 4545
f 4545 4673 4626
f 4673 4736 4626
f 4736 4870 4737
f 4870 5071 4983
f 5071 5237 5153
f 5237 5382 5271
f 5382 5446 5478
f 5478 5540 5510
f 5540 5569 5602
f 5569 5567 5624
f 5567 5563 5623
f 5563 5597 5623
f 5597 5696 5720
f 5696 5695 5744
f 5744 5742 5806
f 5806 5805 5842
f 5805 5804 5842
f 5804 5821 5843
f 6005 6033 6016
f 6033 6043 6016
f 6043 6044 6066
f 6044 6041 6066
f 6041 6032 6015
f 6015 5991 6014
f 5991 5966 5977
f 5966 5954 5953
f 5953 5935 5921
f 5921 5905 5951
f 5905 5920 5951
f 5920 5850 5889
f 5850 5812 5889
f 5812 5677 5726
f 5677 5658 5726
f 5658 5610 5631
f 5610 5608 5631
f 5608 5607 5606
f 5607 5609 5630
f 5609 5632 5657
f 5632 5611 5678
f 5611 5577 5678
f 5577 5613 5679
f 5679 5683 5781
f 5781 5854 5853
f 5854 5878 5853
f 5878 5892 5891
f 5892 5910 5909
f 5910 5955 5909
f 5955 5979 5967
f 5979 5957 6004
f 5957 5980 6004
f 5980 6005 6016
f 5843 5803 5822
f 5822 5766 5844
f 5766 5743 5807
f 5743 5697 5745
f 5697 5672 5621
f 5621 5595 5561
f 5561 5502 5538
f 5502 5504 5538
f 5504 5414 5444
f 5444 5445 5507
f 5445 5303 5416
f 1148 987 988
f 987 853 988
f 853 669 672
f 672 567 532
f 567 505 532
f 505 471 432
f 471 431 432
f 431 381 382
f 381 330 304
f 330 283 304
f 283 225 226
f 225 189 192
f 20 35 18
f 35 64 34
f 64 78 96
f 96 105 115
f 115 152 137
f 152 266 212
f 266 321 212
f 321 387 367
f 367 386 339
f 386 416 414
f 414 443 415
f 415 385 383
f 385 340 365
f 340 319 289
f 319 262 233
f 262 210 233
f 210 168 233
f 168 149 135
f 149 113 135
f 113 92 90
f 90 72 71
f 71 50 58
f 58 40 56
f 40 29 56
f 29 14 12
f 12 7 6
f 6 1 18
f 192 196 195
f 196 199 198
f 199 162 161
f 162 200 229
f 229 307 231
f 307 309 231
f 309 404 406
f 406 434 408
f 434 433 436
f 433 506 531
f 531 639 568
f 639 779 568
f 779 917 641
f 917 1125 1089
f 1125 1296 1089
f 1296 1359 1479
f 1479 1548 1614
f 1548 1736 1697
f 1736 1735 1841
f 1735 1947 1841
f 2166 1876 2038
f 1876 1696 1698
f 1696 1478 1698
f 1478 1547 1224
f 1547 1148 1224
f 1947 2066 1978
f 2066 2318 2205
f 2205 2426 2320
f 2426 2602 2536
f 2602 2695 2669
f 2695 2729 2669
f 2729 2728 2731
f 2728 2668 2730
f 2668 2569 2647
f 2569 2319 2470
f 2319 2038 2167
f 4179 4228 4324
f 4228 4057 4123
f 4123 3969 4033
f 4033 3909 4006
f 4006 3881 3910
f 3881 3809 3832
f 3809 3752 3780
f 3752 3673 3733
f 3673 3675 3677
f 3675 3676 3677
f 3676 3734 3704
f 3734 3781 3704
f 3781 3779 3851
f 3779 3850 3851
f 3850 3880 3935
f 3935 3971 4034
f 4034 4059 4150
f 4150 4149 4229
f 4229 4249 4325
f 4249 4381 4325
f 4544 4380 4472
f 4472 4323 4437
f 4323 4324 4437
f 5416 5270 5342
f 5270 5185 5342
f 5185 5091 5013
f 5013 4844 4934
f 4844 4699 4764
f 4699 4544 4625
f 4381 4545 4438
f 4545 4626 4438
f 4626 4736 4737
f 4737 4870 4818
f 4870 4983 4818
f 4983 5071 5153
f 5153 5237 5271
f 5271 5382 5383
f 5382 5478 5383
f 5478 5510 5417
f 5510 5540 5602
f 5602 5569 5624
f 5624 5567 5623
f 5623 5597 5721
f 5597 5720 5721
f 5720 5696 5744
f 5744 5806 5823
f 5806 5842 5862
f 5842 5804 5843
f 6016 6043 6042
f 6043 6066 6065
f 6066 6041 6063
f 6041 6015 6030
f 6015 6014 6030
f 6014 5991 5977
f 5977 5966 5953
f 5953 5921 5964
f 5921 5951 5964
f 5951 5920 5949
f 5920 5889 5903
f 5889 5812 5903
f 5812 5726 5849
f 5726 5658 5709
f 5658 5631 5709
f 5631 5608 5629
f 5608 5606 5629
f 5606 5607 5628
f 5607 5630 5628
f 5630 5609 5657
f 5657 5632 5727
f 5632 5678 5727
f 5678 5577 5679
f 5679 5781 5779
f 5781 5853 5779
f 5853 5878 5891
f 5891 5892 5909
f 5909 5955 5936
f 5955 5967 5936
f 5967 5979 5992
f 5979 6004 6031
f 6004 5980 6016
f 5843 5822 5863
f 5822 5844 5863
f 5844 5766 5807
f 5807 5743 5745
f 5745 5697 5698
f 5697 5621 5622
f 5621 5561 5562
f 5561 5538 5562
f 5538 5504 5564
f 5504 5444 5539
f 5444 5507 5506
f 5507 5445 5508
f 5445 5416 5508
f 1148 988 955
f 988 853 780
f 853 672 780
f 672 532 640
f 532 505 473
f 505 432 473
f 432 431 405
f 431 382 405
f 382 381 304
f 304 283 284
f 283 226 284
f 226 225 195
f 225 192 195
f 18 35 34
f 34 64 61
f 64 96 61
f 96 115 103
f 115 137 103
f 137 152 212
f 212 321 264
f 321 367 264
f 367 339 264
f 339 386 337
f 386 414 384
f 414 415 383
f 383 385 365
f 365 340 338
f 340 289 338
f 289 319 233
f 233 168 209
f 168 135 133
f 135 113 112
f 113 90 112
f 90 71 89
f 71 58 89
f 58 56 89
f 56 29 48
f 29 12 31
f 12 6 15
f 6 18 17
f 195 196 198
f 198 199 160
f 199 161 160
f 161 162 165
f 162 229 231
f 231 309 252
f 309 406 311
f 406 408 311
f 408 434 436
f 436 433 476
f 433 531 474
f 531 568 474
f 568 779 641
f 641 917 854
f 917 1089 854
f 1089 1296 1267
f 1296 1479 1442
f 1479 1614 1442
f 1614 1548 1697
f 1697 1736 1842
f 1736 1841 1842
f 1841 1947 1978
f 2038 1876 1698
f 1698 1478 1549
f 1478 1224 1325
f 1224 1148 955
f 1978 2066 2205
f 2205 2320 2099
f 2320 2426 2536
f 2536 2602 2669
f 2669 2729 2731
f 2731 2728 2732
f 2728 2730 2696
f 2730 2668 2647
f 2647 2569 2470
f 2470 2319 2167
f 2167 2038 1877
f 4324 4228 4270
f 4228 4123 4270
f 4123 4033 4203
f 4033 4006 4085
f 4006 3910 4060
f 3910 3881 3832
f 3832 3809 3780
f 3780 3752 3733
f 3733 3673 3677
f 3677 3676 3678
f 3676 3704 3678
f 3704 3781 3782
f 3781 3851 3782
f 3851 3850 3937
f 3850 3935 3936
f 3935 4034 3936
f 4034 4150 4086
f 4150 4229 4230
f 4229 4325 4299
f 4325 4381 4438
f 4544 4472 4625
f 4472 4437 4569
f 4437 4324 4346
f 5416 5342 5447
f 5342 5185 5238
f 5185 5013 5092
f 5013 4934 5092
f 4934 4844 4764
f 4764 4699 4625
f 4438 4626 4513
f 4626 4737 4652
f 4737 4818 4700
f 4818 4983 4907
f 4983 5153 5041
f 5153 5271 5154
f 5271 5383 5272
f 5383 5478 5417
f 5417 5510 5511
f 5510 5602 5603
f 5602 5624 5651
f 5624 5623 5701
f 5623 5721 5701
f 5721 5720 5768
f 5720 5744 5767
f 5744 5823 5767
f 5823 5806 5862
f 5862 5842 5863
f 5842 5843 5863
f 6016 6042 6004
f 6042 6043 6065
f 6065 6066 6062
f 6066 6063 6062
f 6063 6041 6030
f 6030 6014 6013
f 6014 5977 6001
f 5977 5953 5964
f 5964 5951 5949
f 5949 5920 5932
f 5920 5903 5932
f 5903 5812 5849
f 5849 5726 5776
f 5726 5709 5776
f 5709 5631 5676
f 5631 5629 5676
f 5629 5606 5656
f 5606 5628 5674
f 5628 5630 5708
f 5630 5657 5708
f 5657 5727 5777
f 5727 5678 5813
f 5678 5679 5779
f 5779 5853 5851
f 5853 5891 5851
f 5891 5909 5907
f 5909 5936 5907
f 5936 5967 5965
f 5967 5992 6002
f 5992 5979 6031
f 6031 6004 6042
f 5863 5844 5865
f 5844 5807 5864
f 5807 5745 5824
f 5745 5698 5769
f 5698 5697 5622
f 5622 5621 5562
f 5562 5538 5564
f 5564 5504 5539
f 5539 5444 5506
f 5506 5507 5570
f 5507 5508 5541
f 5508 5416 5447
f 955 988 780
f 780 672 640
f 640 532 604
f 532 473 475
f 473 432 435
f 432 405 435
f 405 382 355
f 382 304 306
f 304 284 306
f 284 226 227
f 226 195 198
f 18 34 33
f 34 61 53
f 61 96 103
f 103 137 101
f 137 212 170
f 212 264 170
f 264 339 263
f 339 337 261
f 337 386 384
f 384 414 413
f 414 383 413
f 383 365 364
f 365 338 318
f 338 289 288
f 289 233 209
f 209 168 148
f 168 133 148
f 133 135 112
f 112 90 99
f 90 89 99
f 89 56 86
f 56 48 86
f 48 29 47
f 29 31 47
f 31 12 15
f 15 6 17
f 17 18 33
f 198 160 201
f 160 161 164
f 161 165 164
f 165 162 231
f 231 252 165
f 252 309 311
f 311 408 410
f 408 436 410
f 436 476 508
f 476 433 507
f 433 474 507
f 474 568 507
f 568 641 507
f 641 854 569
f 854 1089 1064
f 1089 1267 1064
f 1267 1296 1442
f 1442 1614 1658
f 1614 1697 1842
f 1842 1841 1978
f 2038 1698 1877
f 1698 1549 1877
f 1549 1478 1325
f 1325 1224 1090
f 1224 955 1090
f 1978 2205 2099
f 2099 2320 2206
f 2320 2536 2427
f 2536 2669 2603
f 2669 2731 2603
f 2731 2732 2670
f 2732 2728 2696
f 2696 2730 2647
f 2647 2470 2570
f 2470 2167 2321
f 2167 1877 2001
f 4324 4270 4346
f 4270 4123 4203
f 4203 4033 4085
f 4085 4006 4124
f 4006 4060 4181
f 4060 3910 3938
f 3910 3832 3833
f 3832 3780 3754
f 3780 3733 3677
f 3677 3678 3735
f 3678 3704 3735
f 3704 3782 3755
f 3782 3851 3883
f 3851 3937 3883
f 3937 3850 3936
f 3936 4034 4086
f 4086 4150 4230
f 4230 4229 4299
f 4299 4325 4382
f 4325 4438 4382
f 4625 4472 4569
f 4569 4437 4514
f 4437 4346 4405
f 5447 5342 5343
f 5342 5238 5343
f 5238 5185 5092
f 5092 4934 4960
f 4934 4764 4819
f 4764 4625 4701
f 4438 4513 4382
f 4513 4626 4652
f 4652 4737 4700
f 4700 4818 4907
f 4907 4983 5041
f 5041 5153 5154
f 5154 5271 5272
f 5272 5383 5305
f 5383 5417 5305
f 5417 5511 5385
f 5511 5510 5603
f 5603 5602 5651
f 5651 5624 5701
f 5701 5721 5770
f 5721 5768 5770
f 5768 5720 5767
f 5767 5823 5825
f 5823 5862 5866
f 5862 5863 5865
f 6042 6065 6064
f 6065 6062 6061
f 6062 6063 6058
f 6063 6030 6028
f 6030 6013 6028
f 6013 6014 6001
f 6001 5977 5975
f 5977 5964 5975
f 5964 5949 5975
f 5949 5932 5973
f 5932 5903 5931
f 5903 5849 5931
f 5849 5776 5888
f 5776 5709 5848
f 5709 5676 5775
f 5676 5629 5675
f 5629 5656 5675
f 5656 5606 5674
f 5674 5628 5725
f 5628 5708 5725
f 5708 5657 5777
f 5777 5727 5831
f 5727 5813 5831
f 5813 5678 5779
f 5779 5851 5813
f 5851 5891 5907
f 5907 5936 5922
f 5936 5965 5934
f 5965 5967 6002
f 6002 5992 6040
f 5992 6031 6040
f 6031 6042 6064
f 5865 5844 5864
f 5864 5807 5824
f 5824 5745 5769
f 5769 5698 5699
f 5698 5622 5647
f 5622 5562 5598
f 5562 5564 5598
f 5564 5539 5566
f 5539 5506 5565
f 5506 5570 5568
f 5570 5507 5541
f 5541 5508 5477
f 5508 5447 5477
f 955 780 708
f 780 640 604
f 604 532 533
f 532 475 533
f 475 473 435
f 435 405 407
f 405 355 407
f 355 382 306
f 306 284 249
f 284 227 249
f 227 226 198
f 33 34 53
f 53 61 103
f 103 101 74
f 101 137 170
f 170 264 150
f 264 263 150
f 263 339 261
f 261 337 315
f 337 384 315
f 384 413 362
f 413 383 364
f 364 365 336
f 365 318 336
f 318 338 288
f 288 289 209
f 209 148 208
f 148 133 147
f 133 112 111
f 112 99 111
f 99 89 111
f 89 86 129
f 86 48 85
f 48 47 85
f 47 31 30
f 31 15 30
f 15 17 27
f 17 33 32
f 198 201 228
f 201 160 163
f 160 164 163
f 164 165 205
f 165 252 205
f 252 311 312
f 311 410 312
f 410 436 438
f 436 508 438
f 508 476 507
f 507 641 569
f 569 854 710
f 854 1064 882
f 1064 1267 1269
f 1267 1442 1360
f 1442 1658 1615
f 1658 1614 1842
f 1842 1978 1948
f 1877 1549 1777
f 1549 1325 1443
f 1325 1090 1268
f 1090 955 881
f 1978 2099 1948
f 2099 2206 1948
f 2206 2320 2427
f 2427 2536 2603
f 2603 2731 2670
f 2670 2732 2697
f 2732 2696 2671
f 2696 2647 2570
f 2570 2470 2321
f 2321 2167 2001
f 2001 1877 1777
f 4346 4270 4347
f 4270 4203 4326
f 4203 4085 4271
f 4085 4124 4271
f 4124 4006 4181
f 4181 4060 4231
f 4060 3938 3972
f 3938 3910 3833
f 3833 3832 3754
f 3754 3780 3677
f 3677 3735 3754
f 3735 3704 3755
f 3755 3782 3835
f 3782 3883 3835
f 3883 3937 4007
f 3937 3936 4086
f 4086 4230 4151
f 4230 4299 4250
f 4299 4382 4348
f 4625 4569 4701
f 4569 4514 4546
f 4514 4437 4405
f 4405 4346 4347
f 5447 5343 5384
f 5343 5238 5239
f 5238 5092 5116
f 5092 4960 5116
f 4960 4934 4819
f 4819 4764 4701
f 4382 4513 4439
f 4513 4652 4700
f 4700 4907 4820
f 4907 5041 4935
f 5041 5154 5042
f 5154 5272 5117
f 5272 5305 5186
f 5305 5417 5385
f 5385 5511 5479
f 5511 5603 5572
f 5603 5651 5673
f 5651 5701 5722
f 5701 5770 5722
f 5770 5768 5826
f 5768 5767 5825
f 5825 5823 5866
f 5866 5862 5865
f 6064 6065 6061
f 6061 6062 6057
f 6062 6058 6057
f 6058 6063 6028
f 6028 6013 6012
f 6013 6001 6012
f 6001 5975 5989
f 5975 5949 5973
f 5973 5932 5963
f 5932 5931 5963
f 5931 5849 5888
f 5888 5776 5848
f 5848 5709 5775
f 5775 5676 5707
f 5676 5675 5707
f 5675 5656 5705
f 5656 5674 5704
f 5674 5725 5751
f 5725 5708 5830
f 5708 5777 5811
f 5777 5831 5874
f 5831 5813 5875
f 5813 5851 5875
f 5851 5907 5922
f 5922 5936 5934
f 5934 5965 5990
f 5965 6002 6029
f 6002 6040 6059
f 6040 6031 6064
f 5865 5864 5868
f 5864 5824 5867
f 5824 5769 5827
f 5769 5699 5771
f 5699 5698 5647
f 5647 5622 5598
f 5598 5564 5566
f 5566 5539 5565
f 5565 5506 5568
f 5568 5570 5601
f 5570 5541 5571
f 5541 5477 5509
f 5477 5447 5384
f 955 708 881
f 708 780 604
f 604 533 534
f 533 475 477
f 475 435 437
f 435 407 409
f 407 355 356
f 355 306 308
f 306 249 308
f 249 227 228
f 227 198 228
f 33 53 52
f 53 103 74
f 74 101 93
f 101 170 150
f 150 263 134
f 263 261 134
f 261 315 259
f 315 384 363
f 384 362 363
f 362 413 364
f 364 336 317
f 336 318 317
f 318 288 260
f 288 209 260
f 209 208 260
f 208 148 147
f 147 133 111
f 111 89 130
f 89 129 130
f 129 86 85
f 85 47 88
f 47 30 49
f 30 15 27
f 27 17 32
f 32 33 52
f 228 201 202
f 201 163 202
f 163 164 166
f 164 205 166
f 205 252 312
f 312 410 334
f 410 438 334
f 438 508 606
f 508 507 569
f 569 710 606
f 710 854 882
f 882 1064 1065
f 1064 1269 1065
f 1269 1267 1360
f 1360 1442 1444
f 1442 1615 1444
f 1615 1658 1815
f 1658 1842 1815
f 1842 1948 1815
f 1777 1549 1659
f 1549 1443 1659
f 1443 1325 1268
f 1268 1090 1033
f 1090 881 1033
f 1948 2206 2067
f 2206 2427 2322
f 2427 2603 2507
f 2603 2670 2507
f 2670 2697 2571
f 2697 2732 2671
f 2671 2696 2570
f 2570 2321 2471
f 2321 2001 2100
f 2001 1777 1904
f 4347 4270 4326
f 4326 4203 4271
f 4271 4124 4349
f 4124 4181 4349
f 4181 4231 4327
f 4231 4060 4087
f 4060 3972 4087
f 3972 3938 3882
f 3938 3833 3852
f 3833 3754 3834
f 3754 3735 3810
f 3735 3755 3853
f 3755 3835 3853
f 3835 3883 3940
f 3883 4007 3940
f 4007 3937 4151
f 3937 4086 4151
f 4151 4230 4250
f 4250 4299 4348
f 4348 4382 4439
f 4701 4569 4546
f 4546 4514 4405
f 4405 4347 4406
f 5384 5343 5273
f 5343 5239 5273
f 5239 5238 5116
f 5116 4960 4984
f 4960 4819 4871
f 4819 4701 4738
f 4439 4513 4547
f 4513 4700 4547
f 4700 4820 4674
f 4820 4907 4935
f 4935 5041 5042
f 5042 5154 5117
f 5117 5272 5186
f 5186 5305 5240
f 5305 5385 5240
f 5385 5479 5306
f 5479 5511 5572
f 5572 5603 5673
f 5673 5651 5722
f 5722 5770 5808
f 5770 5826 5808
f 5826 5768 5825
f 5825 5866 5869
f 5866 5865 5868
f 6064 6061 6060
f 6061 6057 6056
f 6057 6058 6052
f 6058 6028 6053
f 6028 6012 6026
f 6012 6001 5989
f 5989 5975 5973
f 5973 5963 5998
f 5963 5931 5986
f 5931 5888 5918
f 5888 5848 5873
f 5848 5775 5810
f 5775 5707 5810
f 5707 5675 5750
f 5675 5705 5706
f 5705 5656 5704
f 5704 5674 5772
f 5674 5751 5772
f 5751 5725 5847
f 5725 5830 5847
f 5830 5708 5811
f 5811 5777 5902
f 5777 5874 5902
f 5874 5831 5919
f 5831 5875 5904
f 5875 5851 5922
f 5922 5934 5933
f 5934 5990 5952
f 5990 5965 6029
f 6029 6002 6059
f 6059 6040 6060
f 6040 6064 6060
f 5868 5864 5867
f 5867 5824 5827
f 5827 5769 5771
f 5771 5699 5700
f 5699 5647 5648
f 5647 5598 5599
f 5598 5566 5599
f 5566 5565 5600
f 5565 5568 5600
f 5568 5601 5600
f 5601 5570 5571
f 5571 5541 5509
f 5509 5477 5418
f 5477 5384 5418
f 881 708 709
f 708 604 570
f 604 534 570
f 534 533 477
f 477 475 437
f 437 435 409
f 409 407 357
f 407 356 357
f 356 355 308
f 308 249 250
f 249 228 230
f 52 53 73
f 53 74 73
f 74 93 73
f 93 101 150
f 150 134 93
f 134 261 259
f 259 315 257
f 315 363 316
f 363 362 316
f 362 364 317
f 317 318 260
f 260 208 258
f 208 147 167
f 147 111 130
f 130 129 167
f 129 85 128
f 85 88 128
f 88 47 49
f 49 30 57
f 30 27 41
f 27 32 41
f 32 52 51
f 228 202 230
f 202 163 204
f 163 166 204
f 166 205 232
f 205 312 232
f 312 334 287
f 334 438 412
f 438 606 511
f 606 508 569
f 606 710 712
f 710 882 919
f 882 1065 919
f 1065 1269 1327
f 1269 1360 1444
f 1444 1615 1579
f 1615 1815 1737
f 1815 1948 2067
f 1777 1659 1843
f 1659 1443 1326
f 1443 1268 1150
f 1268 1033 1013
f 1033 881 883
f 2067 2206 2322
f 2322 2427 2507
f 2507 2670 2571
f 2571 2697 2605
f 2697 2671 2604
f 2671 2570 2471
f 2471 2321 2100
f 2100 2001 1904
f 1904 1777 1843
f 4347 4326 4406
f 4326 4271 4407
f 4271 4349 4407
f 4349 4181 4327
f 4327 4231 4252
f 4231 4087 4252
f 4087 3972 4008
f 3972 3882 3884
f 3882 3938 3852
f 3852 3833 3834
f 3834 3754 3810
f 3810 3735 3853
f 3853 3835 3911
f 3835 3940 3911
f 3940 4007 4035
f 4007 4151 4182
f 4151 4250 4182
f 4250 4348 4300
f 4348 4439 4473
f 4701 4546 4627
f 4546 4405 4406
f 5384 5273 5274
f 5273 5239 5118
f 5239 5116 5093
f 5116 4984 5093
f 4984 4960 4871
f 4871 4819 4738
f 4738 4701 4627
f 4439 4547 4570
f 4547 4700 4674
f 4674 4820 4702
f 4820 4935 4792
f 4935 5042 4908
f 5042 5117 4985
f 5117 5186 5072
f 5186 5240 5094
f 5240 5385 5306
f 5306 5479 5344
f 5479 5572 5516
f 5572 5673 5626
f 5673 5722 5723
f 5722 5808 5723
f 5808 5826 5828
f 5826 5825 5869
f 5869 5866 5868
f 6060 6061 6056
f 6056 6057 6052
f 6052 6058 6053
f 6053 6028 6026
f 6026 6012 5989
f 5989 5973 6011
f 5973 5998 6011
f 5998 5963 5986
f 5986 5931 5947
f 5931 5918 5947
f 5918 5888 5873
f 5873 5848 5810
f 5810 5707 5750
f 5750 5675 5706
f 5706 5705 5773
f 5705 5704 5772
f 5772 5751 5870
f 5751 5847 5870
f 5847 5830 5916
f 5830 5811 5901
f 5811 5902 5901
f 5902 5874 5948
f 5874 5919 5948
f 5919 5831 5904
f 5904 5875 5933
f 5875 5922 5933
f 5933 5934 5952
f 5952 5990 6000
f 5990 6029 6027
f 6029 6059 6054
f 6059 6060 6055
f 5868 5867 5845
f 5867 5827 5845
f 5827 5771 5809
f 5771 5700 5746
f 5700 5699 5648
f 5648 5647 5599
f 5599 5566 5600
f 5600 5601 5650
f 5601 5571 5625
f 5571 5509 5604
f 5509 5418 5512
f 5418 5384 5274
f 881 709 883
f 709 708 570
f 570 534 509
f 534 477 509
f 477 437 478
f 437 409 478
f 409 357 358
f 357 356 332
f 356 308 310
f 308 250 310
f 250 249 230
f 52 73 51
f 73 93 51
f 93 134 91
f 134 259 132
f 259 257 132
f 257 315 316
f 316 362 317
f 317 260 258
f 258 208 167
f 167 147 130
f 167 129 128
f 128 88 131
f 88 49 87
f 49 57 87
f 57 30 41
f 41 32 51
f 230 202 203
f 204 166 207
f 166 232 207
f 232 312 287
f 287 334 412
f 412 438 511
f 511 606 712
f 712 710 919
f 919 1065 1066
f 1065 1327 1151
f 1327 1269 1444
f 1444 1579 1445
f 1579 1615 1737
f 1737 1815 1905
f 1815 2067 1905
f 1843 1659 1580
f 1659 1326 1580
f 1326 1443 1150
f 1150 1268 1013
f 1013 1033 884
f 1033 883 884
f 2067 2322 2134
f 2322 2507 2387
f 2507 2571 2387
f 2571 2605 2472
f 2605 2697 2604
f 2604 2671 2471
f 2471 2100 2243
f 2100 1904 1979
f 1904 1843 2003
f 4406 4326 4407
f 4407 4349 4474
f 4349 4327 4474
f 4327 4252 4328
f 4252 4087 4152
f 4087 4008 4152
f 4008 3972 3884
f 3884 3882 3834
f 3882 3852 3834
f 3834 3810 3884
f 3810 3853 3884
f 3853 3911 3939
f 3911 3940 3973
f 3940 4035 3973
f 4035 4007 4182
f 4182 4250 4300
f 4300 4348 4408
f 4348 4473 4408
f 4473 4439 4570
f 4627 4546 4515
f 4546 4406 4515
f 5274 5273 5187
f 5273 5118 5187
f 5118 5239 5093
f 5093 4984 4961
f 4984 4871 4845
f 4871 4738 4765
f 4738 4627 4653
f 4570 4547 4674
f 4674 4702 4628
f 4702 4820 4792
f 4792 4935 4908
f 4908 5042 4985
f 4985 5117 5072
f 5072 5186 5094
f 5094 5240 5155
f 5240 5306 5155
f 5306 5344 5156
f 5344 5479 5516
f 5516 5572 5626
f 5626 5673 5723
f 5723 5808 5749
f 5808 5828 5749
f 5828 5826 5869
f 5869 5868 5846
f 6060 6056 6055
f 6056 6052 6051
f 6052 6053 6039
f 6053 6026 6011
f 6026 5989 6011
f 6011 5998 6023
f 5998 5986 6023
f 5986 5947 5997
f 5947 5918 5917
f 5918 5873 5887
f 5873 5810 5887
f 5810 5750 5829
f 5750 5706 5774
f 5706 5773 5774
f 5773 5705 5772
f 5772 5870 5871
f 5870 5847 5915
f 5847 5916 5915
f 5916 5830 5901
f 5901 5902 5962
f 5902 5948 5962
f 5948 5919 5950
f 5919 5904 5933
f 5933 5952 5976
f 5952 6000 5976
f 6000 5990 6027
f 6027 6029 6054
f 6054 6059 6055
f 5868 5845 5846
f 5845 5827 5809
f 5809 5771 5746
f 5746 5700 5702
f 5700 5648 5649
f 5648 5599 5600
f 5600 5650 5649
f 5650 5601 5625
f 5625 5571 5604
f 5604 5509 5512
f 5512 5418 5386
f 5418 5274 5386
f 883 709 711
f 709 570 605
f 570 509 605
f 509 477 478
f 478 409 439
f 409 358 439
f 358 357 332
f 332 356 310
f 310 250 285
f 250 230 285
f 51 93 91
f 91 134 132
f 132 257 131
f 257 316 317
f 317 258 257
f 258 167 257
f 167 128 131
f 131 88 87
f 87 57 132
f 57 41 91
f 41 51 91
f 230 203 251
f 204 207 206
f 207 232 256
f 232 287 256
f 287 412 361
f 412 511 572
f 511 712 642
f 712 919 782
f 919 1066 885
f 1066 1065 1151
f 1151 1327 1328
f 1327 1444 1445
f 1445 1579 1660
f 1579 1737 1778
f 1737 1905 1906
f 1905 2067 2134
f 1843 1580 1907
f 1580 1326 1225
f 1326 1150 1034
f 1150 1013 1034
f 1013 884 918
f 884 883 781
f 2134 2322 2387
f 2387 2571 2472
f 2472 2605 2473
f 2605 2604 2428
f 2604 2471 2243
f 2243 2100 2101
f 2100 1979 2101
f 1979 1904 2003
f 2003 1843 2069
f 4406 4407 4515
f 4407 4474 4515
f 4474 4327 4476
f 4327 4328 4476
f 4328 4252 4272
f 4252 4152 4205
f 4152 4008 4061
f 4008 3884 3939
f 3884 3853 3939
f 3939 3911 4009
f 3911 3973 4009
f 3973 4035 4089
f 4035 4182 4204
f 4182 4300 4204
f 4300 4408 4350
f 4408 4473 4475
f 4473 4570 4628
f 4627 4515 4571
f 5274 5187 5241
f 5187 5118 5043
f 5118 5093 5014
f 5093 4961 5014
f 4961 4984 4845
f 4845 4871 4765
f 4765 4738 4653
f 4653 4627 4571
f 4570 4674 4628
f 4628 4702 4572
f 4702 4792 4675
f 4792 4908 4766
f 4908 4985 4821
f 4985 5072 4909
f 5072 5094 4986
f 5094 5155 4986
f 5155 5306 5156
f 5156 5344 5189
f 5344 5516 5348
f 5516 5626 5515
f 5626 5723 5655
f 5723 5749 5655
f 5749 5828 5748
f 5828 5869 5846
f 6055 6056 6051
f 6051 6052 6048
f 6052 6039 6048
f 6039 6053 6011
f 6011 6023 6039
f 6023 5986 5997
f 5997 5947 5961
f 5947 5917 5961
f 5917 5918 5887
f 5887 5810 5829
f 5829 5750 5774
f 5774 5773 5872
f 5773 5772 5871
f 5871 5870 5928
f 5870 5915 5928
f 5915 5916 5959
f 5916 5901 5946
f 5901 5962 5946
f 5962 5948 5974
f 5948 5950 5974
f 5950 5919 5933
f 5933 5976 5950
f 5976 6000 5999
f 6000 6027 5999
f 6027 6054 6049
f 6054 6055 6050
f 5846 5845 5748
f 5845 5809 5747
f 5809 5746 5724
f 5746 5702 5703
f 5702 5700 5650
f 5700 5649 5650
f 5649 5648 5600
f 5650 5625 5702
f 5625 5604 5652
f 5604 5512 5573
f 5512 5386 5448
f 5386 5274 5241
f 883 711 781
f 711 709 605
f 605 509 535
f 509 478 535
f 478 439 510
f 439 358 411
f 358 332 333
f 332 310 286
f 310 285 286
f 285 230 251
f 91 132 57
f 132 131 87
f 131 257 167
f 251 203 254
f 204 206 254
f 206 207 255
f 207 256 255
f 256 287 361
f 361 412 479
f 412 572 479
f 572 511 642
f 642 712 782
f 782 919 885
f 885 1066 1036
f 1066 1151 1270
f 1151 1328 1270
f 1328 1327 1445
f 1445 1660 1550
f 1660 1579 1778
f 1778 1737 1906
f 1906 1905 2002
f 1905 2134 2002
f 1843 1907 2069
f 1907 1580 1516
f 1580 1225 1516
f 1225 1326 1034
f 1034 1013 918
f 918 884 781
f 2134 2387 2207
f 2387 2472 2207
f 2472 2473 2279
f 2473 2605 2428
f 2428 2604 2243
f 2243 2101 2428
f 2101 1979 2003
f 2003 2069 2102
f 4515 4474 4571
f 4474 4476 4571
f 4476 4328 4440
f 4328 4272 4384
f 4272 4252 4232
f 4252 4205 4232
f 4205 4152 4061
f 4061 4008 3939
f 3939 4009 4061
f 4009 3973 4062
f 3973 4089 4062
f 4089 4035 4204
f 4204 4300 4350
f 4350 4408 4475
f 4475 4473 4628
f 5241 5187 5073
f 5187 5043 5073
f 5043 5118 5014
f 5014 4961 4872
f 4961 4845 4846
f 4845 4765 4739
f 4765 4653 4654
f 4653 4571 4573
f 4628 4572 4475
f 4572 4702 4675
f 4675 4792 4766
f 4766 4908 4821
f 4821 4985 4909
f 4909 5072 4986
f 4986 5155 4962
f 5155 5156 4962
f 5156 5189 4963
f 5189 5344 5348
f 5348 5516 5515
f 5515 5626 5655
f 5655 5749 5654
f 5749 5748 5654
f 5748 5828 5846
f 6055 6051 6050
f 6051 6048 6047
f 6048 6039 6023
f 6023 5997 6038
f 5997 5961 5960
f 5961 5917 5930
f 5917 5887 5886
f 5887 5829 5872
f 5829 5774 5872
f 5872 5773 5871
f 5871 5928 5929
f 5928 5915 5959
f 5959 5916 5946
f 5946 5962 5987
f 5962 5974 5987
f 5974 5950 5988
f 5950 5976 5988
f 5976 5999 5988
f 5999 6027 6025
f 6027 6049 6025
f 6049 6054 6050
f 5748 5845 5747
f 5747 5809 5724
f 5724 5746 5703
f 5703 5702 5652
f 5702 5625 5652
f 5652 5604 5573
f 5573 5512 5448
f 5448 5386 5275
f 5386 5241 5275
f 781 711 747
f 711 605 607
f 605 535 607
f 535 478 510
f 510 439 411
f 411 358 313
f 358 333 313
f 333 332 286
f 286 285 253
f 285 251 253
f 254 203 204
f 254 206 255
f 255 256 360
f 256 361 335
f 361 479 442
f 479 572 609
f 572 642 674
f 642 782 748
f 782 885 856
f 885 1036 1014
f 1036 1066 1226
f 1066 1270 1226
f 1270 1328 1517
f 1328 1445 1550
f 1550 1660 1816
f 1660 1778 1878
f 1778 1906 1980
f 1906 2002 2070
f 2002 2134 2207
f 2069 1907 2171
f 1907 1516 1779
f 1516 1225 1403
f 1225 1034 1152
f 1034 918 989
f 918 781 855
f 2207 2472 2279
f 2279 2473 2278
f 2473 2428 2244
f 2428 2101 2244
f 2101 2003 2102
f 2102 2069 2136
f 4571 4476 4516
f 4476 4440 4516
f 4440 4328 4384
f 4384 4272 4301
f 4272 4232 4208
f 4232 4205 4206
f 4205 4061 4088
f 4061 4009 4088
f 4009 4062 4088
f 4062 4089 4126
f 4089 4204 4251
f 4204 4350 4251
f 4350 4475 4383
f 5241 5073 5095
f 5073 5043 4910
f 5043 5014 4873
f 5014 4872 4873
f 4872 4961 4846
f 4846 4845 4739
f 4739 4765 4654
f 4654 4653 4573
f 4573 4571 4516
f 4475 4572 4383
f 4572 4675 4477
f 4675 4766 4574
f 4766 4821 4656
f 4821 4909 4767
f 4909 4986 4962
f 4962 5156 4963
f 4963 5189 4988
f 5189 5348 5188
f 5348 5515 5347
f 5515 5655 5514
f 5655 5654 5514
f 5654 5748 5747
f 6050 6051 6046
f 6051 6047 6046
f 6047 6048 6038
f 6048 6023 6038
f 6038 5997 6022
f 5997 5960 5996
f 5960 5961 5930
f 5930 5917 5886
f 5886 5887 5872
f 5872 5871 5929
f 5929 5928 5972
f 5928 5959 5971
f 5959 5946 5985
f 5946 5987 5985
f 5987 5974 5988
f 5988 5999 6025
f 6025 6049 6045
f 6049 6050 6046
f 5747 5724 5653
f 5724 5703 5627
f 5703 5652 5605
f 5652 5573 5605
f 5573 5448 5480
f 5448 5275 5307
f 5275 5241 5095
f 781 747 855
f 747 711 607
f 607 535 571
f 535 510 571
f 510 411 512
f 411 313 314
f 313 333 286
f 286 253 313
f 254 255 314
f 255 360 359
f 360 256 335
f 335 361 442
f 442 479 611
f 479 609 611
f 609 572 674
f 674 642 748
f 748 782 856
f 856 885 1014
f 1014 1036 1183
f 1036 1226 1183
f 1226 1270 1446
f 1270 1517 1446
f 1517 1328 1550
f 1550 1816 1738
f 1816 1660 1878
f 1878 1778 1980
f 1980 1906 2070
f 2070 2002 2068
f 2002 2207 2068
f 2069 2171 2136
f 2171 1907 2071
f 1907 1779 2004
f 1779 1516 1699
f 1516 1403 1699
f 1403 1225 1152
f 1152 1034 989
f 989 918 855
f 2207 2279 2068
f 2279 2278 2168
f 2278 2473 2244
f 2244 2101 2102
f 2102 2136 2208
f 4516 4440 4573
f 4440 4384 4441
f 4384 4301 4352
f 4301 4272 4208
f 4208 4232 4157
f 4232 4206 4155
f 4206 4205 4154
f 4205 4088 4153
f 4088 4062 4125
f 4062 4126 4125
f 4126 4089 4251
f 4251 4350 4383
f 5095 5073 4911
f 5073 4910 4911
f 4910 5043 4873
f 4873 4872 4742
f 4872 4846 4741
f 4846 4739 4740
f 4739 4654 4655
f 4654 4573 4548
f 4383 4572 4477
f 4477 4675 4574
f 4574 4766 4656
f 4656 4821 4767
f 4767 4909 4962
f 4962 4963 4767
f 4963 4988 4769
f 4988 5189 5188
f 5188 5348 5347
f 5347 5515 5514
f 5514 5654 5653
f 5654 5747 5653
f 6046 6047 6037
f 6047 6038 6037
f 6038 6022 6037
f 6022 5997 6010
f 5997 5996 6010
f 5996 5960 5972
f 5960 5930 5929
f 5930 5886 5872
f 5872 5929 5930
f 5929 5972 5960
f 5972 5928 5971
f 5971 5959 5995
f 5959 5985 5995
f 5985 5987 6024
f 5987 5988 6024
f 5988 6025 6024
f 6025 6045 6024
f 6045 6049 6046
f 5653 5724 5627
f 5627 5703 5605
f 5605 5573 5480
f 5480 5448 5307
f 5307 5275 5119
f 5275 5095 5119
f 855 747 816
f 747 607 673
f 607 571 673
f 571 510 512
f 512 411 440
f 411 314 359
f 314 313 253
f 254 314 253
f 314 255 359
f 359 360 440
f 360 335 442
f 442 611 610
f 611 609 785
f 609 674 783
f 674 748 817
f 748 856 817
f 856 1014 990
f 1014 1183 1157
f 1183 1226 1405
f 1226 1446 1405
f 1446 1517 1582
f 1517 1550 1738
f 1738 1816 1909
f 1816 1878 1981
f 1878 1980 2072
f 1980 2070 2137
f 2070 2068 2210
f 2136 2171 2246
f 2171 2071 2281
f 2071 1907 2004
f 2004 1779 1908
f 1779 1699 1908
f 1699 1403 1661
f 1403 1152 1091
f 1152 989 1035
f 989 855 920
f 2068 2279 2168
f 2168 2278 2135
f 2278 2244 2208
f 2244 2102 2208
f 2208 2136 2245
f 4573 4440 4548
f 4440 4441 4548
f 4441 4384 4352
f 4352 4301 4254
f 4301 4208 4209
f 4208 4157 4129
f 4157 4232 4155
f 4155 4206 4154
f 4154 4205 4153
f 4153 4088 4125
f 4125 4126 4127
f 4126 4251 4253
f 4251 4383 4329
f 5095 4911 4936
f 4911 4910 4768
f 4910 4873 4743
f 4873 4742 4743
f 4742 4872 4741
f 4741 4846 4740
f 4740 4739 4655
f 4655 4654 4548
f 4383 4477 4329
f 4477 4574 4351
f 4574 4656 4442
f 4656 4767 4517
f 4767 4963 4769
f 4769 4988 4773
f 4988 5188 4987
f 5188 5347 5346
f 5347 5514 5513
f 5514 5653 5513
f 6046 6037 6036
f 6037 6022 6021
f 6022 6010 6021
f 6010 5996 5972
f 5972 5971 6009
f 5971 5995 6009
f 5995 5985 6019
f 5985 6024 6019
f 6024 6045 6019
f 6045 6046 6036
f 5653 5627 5513
f 5627 5605 5481
f 5605 5480 5481
f 5480 5307 5345
f 5307 5119 5157
f 5119 5095 4936
f 855 816 920
f 816 747 673
f 673 571 608
f 571 512 608
f 512 440 573
f 440 411 359
f 440 360 441
f 360 442 441
f 442 610 441
f 610 611 784
f 611 785 784
f 785 609 783
f 783 674 817
f 817 856 990
f 990 1014 1157
f 1157 1183 1408
f 1183 1405 1408
f 1405 1446 1583
f 1446 1582 1583
f 1582 1517 1738
f 1738 1909 1913
f 1909 1816 1981
f 1981 1878 2072
f 2072 1980 2137
f 2137 2070 2210
f 2210 2068 2170
f 2136 2246 2245
f 2246 2171 2356
f 2171 2281 2356
f 2281 2071 2211
f 2071 2004 2211
f 2004 1908 2103
f 1908 1699 1844
f 1699 1661 1844
f 1661 1403 1404
f 1403 1091 1404
f 1091 1152 1035
f 1035 989 920
f 2068 2168 2170
f 2168 2135 2169
f 2135 2278 2208
f 2208 2245 2135
f 4548 4441 4549
f 4441 4352 4443
f 4352 4254 4353
f 4254 4301 4209
f 4209 4208 4129
f 4129 4157 4066
f 4157 4155 4066
f 4155 4154 4064
f 4154 4153 4090
f 4153 4125 4090
f 4125 4127 4090
f 4127 4126 4253
f 4253 4251 4329
f 4936 4911 4768
f 4768 4910 4743
f 4743 4742 4577
f 4742 4741 4576
f 4741 4740 4575
f 4740 4655 4657
f 4655 4548 4549
f 4329 4477 4351
f 4351 4574 4442
f 4442 4656 4517
f 4517 4767 4769
f 4769 4773 4582
f 4773 4988 4987
f 4987 5188 5158
f 5188 5346 5158
f 5346 5347 5513
f 6036 6037 6021
f 6021 6010 6009
f 6010 5972 6009
f 6009 5995 6019
f 6019 6045 6035
f 6045 6036 6035
f 5513 5627 5481
f 5481 5480 5345
f 5345 5307 5157
f 5157 5119 4964
f 5119 4936 4964
f 920 816 886
f 816 673 749
f 673 608 749
f 608 512 573
f 573 440 441
f 441 610 573
f 610 784 818
f 784 785 991
f 785 783 992
f 783 817 993
f 817 990 993
f 990 1157 1156
f 1157 1408 1361
f 1408 1405 1553
f 1405 1583 1553
f 1583 1582 1702
f 1582 1738 1702
f 1738 1913 1783
f 1913 1909 1985
f 1909 1981 2006
f 1981 2072 2104
f 2072 2137 2172
f 2137 2210 2282
f 2210 2170 2326
f 2245 2246 2324
f 2246 2356 2389
f 2356 2281 2433
f 2281 2211 2327
f 2211 2004 2103
f 2103 1908 2073
f 1908 1844 1910
f 1844 1661 1780
f 1661 1404 1581
f 1404 1091 1153
f 1091 1035 920
f 2170 2168 2209
f 2168 2169 2209
f 2169 2135 2245
f 4549 4441 4443
f 4443 4352 4353
f 4353 4254 4303
f 4254 4209 4234
f 4209 4129 4131
f 4129 4066 4038
f 4066 4155 4064
f 4064 4154 4063
f 4154 4090 4063
f 4090 4127 4037
f 4127 4253 4183
f 4253 4329 4207
f 4936 4768 4770
f 4768 4743 4578
f 4743 4577 4578
f 4577 4742 4576
f 4576 4741 4575
f 4575 4740 4657
f 4657 4655 4549
f 4329 4351 4207
f 4351 4442 4233
f 4442 4517 4302
f 4517 4769 4582
f 4582 4773 4581
f 4773 4987 4772
f 4987 5158 4964
f 5158 5346 5345
f 5346 5513 5481
f 6036 6021 6020
f 6021 6009 6020
f 6009 6019 6018
f 6019 6035 6018
f 6035 6036 6020
f 5481 5345 5346
f 5345 5157 5158
f 5157 4964 5158
f 4964 4936 4770
f 920 886 1091
f 886 816 749
f 749 608 713
f 608 573 713
f 573 610 713
f 610 818 713
f 818 784 1015
f 784 991 1015
f 991 785 992
f 992 783 993
f 993 990 1156
f 1156 1157 1361
f 1361 1408 1552
f 1408 1553 1552
f 1553 1583 1701
f 1583 1702 1701
f 1702 1738 1783
f 1783 1913 1912
f 1913 1985 1984
f 1985 1909 2006
f 2006 1981 2104
f 2104 2072 2172
f 2172 2137 2282
f 2282 2210 2326
f 2326 2170 2325
f 2245 2324 2323
f 2324 2246 2389
f 2389 2356 2511
f 2356 2433 2511
f 2433 2281 2327
f 2327 2211 2212
f 2211 2103 2212
f 2103 2073 2138
f 2073 1908 1982
f 1908 1910 1982
f 1910 1844 1879
f 1844 1780 1879
f 1780 1661 1581
f 1581 1404 1447
f 1404 1153 1182
f 1153 1091 1092
f 2170 2209 2325
f 2209 2169 2323
f 2169 2245 2323
f 4549 4443 4575
f 4443 4353 4444
f 4353 4303 4444
f 4303 4254 4234
f 4234 4209 4131
f 4131 4129 4038
f 4038 4066 3977
f 4066 4064 3977
f 4064 4063 3974
f 4063 4090 4036
f 4090 4037 4036
f 4037 4127 4183
f 4183 4253 4128
f 4253 4207 4156
f 4770 4768 4630
f 4768 4578 4629
f 4578 4577 4479
f 4577 4576 4478
f 4576 4575 4444
f 4575 4657 4549
f 4207 4351 4233
f 4233 4442 4302
f 4302 4517 4385
f 4517 4582 4385
f 4582 4581 4448
f 4581 4773 4772
f 4772 4987 4964
f 6020 6009 6018
f 6018 6035 6020
f 4964 4770 4771
f 1091 886 1037
f 886 749 857
f 749 713 857
f 713 818 857
f 818 1015 1037
f 1015 991 1182
f 991 992 1154
f 992 993 1155
f 993 1156 1155
f 1156 1361 1407
f 1361 1552 1551
f 1552 1553 1701
f 1701 1702 1782
f 1702 1783 1782
f 1783 1912 1782
f 1912 1913 1984
f 1984 1985 2006
f 2006 2104 2140
f 2104 2172 2283
f 2172 2282 2390
f 2282 2326 2432
f 2326 2325 2431
f 2323 2324 2430
f 2324 2389 2430
f 2389 2511 2540
f 2511 2433 2435
f 2433 2327 2328
f 2327 2212 2213
f 2212 2103 2138
f 2138 2073 2139
f 2073 1982 2074
f 1982 1910 2005
f 1910 1879 1983
f 1879 1780 1911
f 1780 1581 1700
f 1581 1447 1406
f 1447 1404 1182
f 1182 1153 1092
f 1092 1091 1037
f 2325 2209 2280
f 2209 2323 2280
f 4575 4443 4444
f 4444 4303 4354
f 4303 4234 4354
f 4234 4131 4185
f 4131 4038 4068
f 4038 3977 3978
f 3977 4064 3944
f 4064 3974 4011
f 3974 4063 4036
f 4036 4037 3975
f 4037 4183 4128
f 4128 4253 4156
f 4156 4207 4091
f 4770 4630 4579
f 4630 4768 4629
f 4629 4578 4480
f 4578 4479 4480
f 4479 4577 4478
f 4478 4576 4444
f 4207 4233 4091
f 4233 4302 4130
f 4302 4385 4184
f 4385 4582 4448
f 4448 4581 4447
f 4581 4772 4580
f 4772 4964 4771
f 4771 4770 4579
f 1037 886 857
f 857 818 1037
f 1037 1015 1092
f 1182 991 1154
f 1154 992 1155
f 1155 1156 1407
f 1407 1361 1551
f 1551 1552 1701
f 1701 1782 1781
f 1782 1912 1781
f 1912 1984 1911
f 1984 2006 2039
f 2006 2140 2039
f 2140 2104 2283
f 2283 2172 2390
f 2390 2282 2432
f 2432 2326 2431
f 2431 2325 2280
f 2323 2430 2429
f 2430 2389 2540
f 2540 2511 2512
f 2511 2435 2512
f 2435 2433 2328
f 2328 2327 2213
f 2213 2212 2139
f 2212 2138 2139
f 2139 2073 2074
f 2074 1982 2005
f 2005 1910 1983
f 1983 1879 1911
f 1911 1780 1781
f 1780 1700 1781
f 1700 1581 1551
f 1581 1406 1551
f 1406 1447 1182
f 2280 2323 2388
f 4444 4354 4386
f 4354 4234 4304
f 4234 4185 4304
f 4185 4131 4068
f 4068 4038 3978
f 3978 3977 3917
f 3977 3944 3917
f 3944 4064 4011
f 4011 3974 3943
f 3974 4036 3975
f 3975 4037 4010
f 4037 4128 4065
f 4128 4156 4065
f 4156 4091 4013
f 4579 4630 4445
f 4630 4629 4480
f 4480 4479 4386
f 4479 4478 4409
f 4478 4444 4386
f 4091 4233 4130
f 4130 4302 4184
f 4184 4385 4275
f 4385 4448 4275
f 4448 4447 4275
f 4447 4581 4446
f 4581 4580 4446
f 4580 4772 4771
f 4771 4579 4580
f 1182 1154 1406
f 1154 1155 1406
f 1155 1407 1406
f 1407 1551 1406
f 1551 1701 1700
f 1701 1781 1700
f 1781 1912 1911
f 1911 1984 1983
f 1984 2039 1983
f 2039 2140 2074
f 2140 2283 2330
f 2283 2390 2434
f 2390 2432 2543
f 2432 2431 2539
f 2431 2280 2388
f 2323 2429 2388
f 2429 2430 2508
f 2430 2540 2510
f 2540 2512 2541
f 2512 2435 2436
f 2435 2328 2329
f 2328 2213 2329
f 2213 2139 2214
f 2139 2074 2140
f 2074 2005 2039
f 2005 1983 2039
f 4304 4185 4273
f 4185 4068 4186
f 4068 3978 4069
f 3978 3917 3979
f 3917 3944 3886
f 3944 4011 3943
f 3943 3974 3976
f 3974 3975 3976
f 3975 4010 3941
f 4010 4037 4012
f 4037 4065 4012
f 4065 4156 4013
f 4013 4091 4014
f 4579 4445 4446
f 4445 4630 4480
f 4480 4386 4387
f 4409 4478 4386
f 4091 4130 4014
f 4130 4184 4067
f 4184 4275 4158
f 4275 4447 4305
f 4447 4446 4305
f 4446 4580 4579
f 2140 2330 2214
f 2330 2283 2434
f 2434 2390 2543
f 2543 2432 2539
f 2539 2431 2388
f 2388 2429 2508
f 2508 2430 2510
f 2510 2540 2541
f 2541 2512 2513
f 2512 2436 2513
f 2436 2435 2329
f 2329 2213 2214
f 2214 2139 2140
f 4304 4273 4387
f 4273 4185 4274
f 4185 4186 4274
f 4186 4068 4069
f 4069 3978 3979
f 3979 3917 3887
f 3917 3886 3887
f 3886 3944 3943
f 3943 3976 3942
f 3976 3975 3941
f 3941 4010 4012
f 4012 4065 3915
f 4065 4013 3915
f 4013 4014 3918
f 4446 4445 4355
f 4445 4480 4355
f 4480 4387 4355
f 4387 4386 4304
f 4014 4130 4067
f 4067 4184 4158
f 4158 4275 4305
f 4305 4446 4355
f 2214 2330 2329
f 2330 2434 2436
f 2434 2543 2542
f 2543 2539 2538
f 2539 2388 2509
f 2388 2508 2509
f 2508 2510 2538
f 2510 2541 2537
f 2541 2513 2542
f 2513 2436 2434
f 2436 2329 2330
f 4387 4273 4355
f 4273 4274 4355
f 4274 4186 4158
f 4186 4069 4039
f 4069 3979 4039
f 3979 3887 3888
f 3887 3886 3856
f 3886 3943 3885
f 3943 3942 3885
f 3942 3976 3941
f 3941 4012 3914
f 4012 3915 3914
f 3915 4013 3916
f 4013 3918 3916
f 3918 4014 3980
f 4014 4067 3980
f 4067 4158 4039
f 4158 4305 4274
f 4305 4355 4274
f 2434 2542 2513
f 2542 2543 2538
f 2538 2539 2508
f 2539 2509 2508
f 2538 2510 2537
f 2537 2541 2542
f 4158 4186 4039
f 4039 3979 3945
f 3979 3888 3945
f 3888 3887 3857
f 3887 3856 3857
f 3856 3886 3885
f 3885 3942 3912
f 3942 3941 3913
f 3941 3914 3913
f 3914 3915 3855
f 3915 3916 3857
f 3916 3918 3888
f 3918 3980 3945
f 3980 4067 4039
f 2542 2538 2537
f 4039 3945 3980
f 3945 3888 3918
f 3888 3857 3916
f 3857 3856 3855
f 3856 3885 3854
f 3885 3912 3854
f 3912 3942 3913
f 3913 3914 3855
f 3855 3915 3857
f 3855 3856 3854
f 3854 3912 3913
f 3913 3855 3854

