# https://github.com/mikedh/trimesh
v -0.31835938 0.24804688 -0.23242188
v -0.31835938 0.25195312 -0.25195312
v -0.31835938 0.25585938 -0.23632812
v -0.31445312 0.24804688 -0.24804688
v -0.31445312 0.24804688 -0.21679688
v -0.31445312 0.25585938 -0.21679688
v -0.31445312 0.25976562 -0.23632812
v -0.31054688 0.23242188 -0.24804688
v -0.31054688 0.24023438 -0.25976562
v -0.31054688 0.25585938 -0.25195312
v -0.31054688 0.25585938 -0.19335938
v -0.31054688 0.25976562 -0.23632812
v -0.31054688 0.25976562 -0.21679688
v -0.30664062 0.22851562 -0.25195312
v -0.30664062 0.24023438 -0.25976562
v -0.30664062 0.24804688 -0.19335938
v -0.30664062 0.25195312 -0.25976562
v -0.30664062 0.25585938 -0.25195312
v -0.30664062 0.25976562 -0.24023438
v -0.30664062 0.25976562 -0.22070312
v -0.30664062 0.25976562 -0.19335938
v -0.30273438 0.22460938 -0.22851562
v -0.30273438 0.22851562 -0.25585938
v -0.30273438 0.22851562 -0.21289062
v -0.30273438 0.25976562 -0.22070312
v -0.30273438 0.25976562 -0.19726562
v -0.29882812 0.23242188 -0.25585938
v -0.29882812 0.23242188 -0.19726562
v -0.29882812 0.24414062 -0.25585938
v -0.29882812 0.25585938 -0.24023438
v -0.29882812 0.25976562 -0.19726562
v -0.29492188 0.24804688 -0.15820312
v -0.29492188 0.25585938 -0.22070312
v -0.29101562 0.21289062 -0.23632812
v -0.29101562 0.24023438 -0.24414062
v -0.29101562 0.24023438 -0.16210938
v -0.29101562 0.25195312 -0.15820312
v -0.28710938 0.21679688 -0.24023438
v -0.28710938 0.22070312 -0.24414062
v -0.28710938 0.25195312 -0.19726562
v -0.28710938 0.25585938 -0.15820312
v -0.28320312 0.20898438 -0.21679688
v -0.28320312 0.21289062 -0.20117188
v -0.28320312 0.23632812 -0.22460938
v -0.28320312 0.25585938 -0.16210938
v -0.27929688 0.19726562 -0.22460938
v -0.27929688 0.21289062 -0.17382812
v -0.27539062 0.19335938 -0.21679688
v -0.27539062 0.19726562 -0.20117188
v -0.27539062 0.23242188 -0.11914062
v -0.27539062 0.23632812 -0.20507812
v -0.27539062 0.24023438 -0.11523438
v -0.27539062 0.24804688 -0.16210938
v -0.27148438 0.19726562 -0.22851562
v -0.26757812 0.16601562 -0.22070312
v -0.26757812 0.17773438 -0.21679688
v -0.26757812 0.18164062 -0.21679688
v -0.26757812 0.20507812 -0.22851562
v -0.26757812 0.22070312 -0.11914062
v -0.26757812 0.24414062 -0.11914062
v -0.26367188 0.15039062 -0.22070312
v -0.26367188 0.15039062 -0.21679688
v -0.26367188 0.15039062 -0.20898438
v -0.26367188 0.16210938 -0.21679688
v -0.26367188 0.16601562 -0.22460938
v -0.26367188 0.17382812 -0.20507812
v -0.26367188 0.18164062 -0.22070312
v -0.26367188 0.18554688 -0.18164062
v -0.26367188 0.20507812 -0.20898438
v -0.26367188 0.23242188 -0.16601562
v -0.26367188 0.24414062 -0.11914062
v -0.25976562 0.13867188 -0.21679688
v -0.25976562 0.13867188 -0.21289062
v -0.25976562 0.14648438 -0.19335938
v -0.25976562 0.15039062 -0.22460938
v -0.25976562 0.16601562 -0.18945312
v -0.25976562 0.18554688 -0.22460938
v -0.25976562 0.24414062 -0.13085938
v -0.25585938 0.13085938 -0.20117188
v -0.25585938 0.15429688 -0.22851562
v -0.25585938 0.16601562 -0.22460938
v -0.25195312 0.13085938 -0.20507812
v -0.25195312 0.14257812 -0.22070312
v -0.25195312 0.16210938 -0.22070312
v -0.25195312 0.17773438 -0.21679688
v -0.25195312 0.21289062 -0.08789062
v -0.25195312 0.22070312 -0.08007812
v -0.25195312 0.22851562 -0.08007812
v -0.24804688 0.14648438 -0.22070312
v -0.24804688 0.15429688 -0.16992188
v -0.24804688 0.17382812 -0.15429688
v -0.24804688 0.19726562 -0.12695312
v -0.24804688 0.23242188 -0.12304688
v -0.24804688 0.23242188 -0.08007812
v -0.24414062 0.13085938 -0.20898438
v -0.24414062 0.13867188 -0.17382812
v -0.24414062 0.23242188 -0.08789062
v -0.24023438 0.12304688 -0.18164062
v -0.24023438 0.13867188 -0.20898438
v -0.24023438 0.14648438 -0.15820312
v -0.24023438 0.16601562 -0.19335938
v -0.24023438 0.19726562 -0.15820312
v -0.23632812 0.10742188 -0.17773438
v -0.23632812 0.12304688 -0.18945312
v -0.23632812 0.13476562 -0.15820312
v -0.23632812 0.15429688 -0.14648438
v -0.23242188 0.09179688 -0.17382812
v -0.23242188 0.10742188 -0.18164062
v -0.23242188 0.12304688 -0.19335938
v -0.23242188 0.12304688 -0.15820312
v -0.23242188 0.19335938 -0.07617188
v -0.23242188 0.20117188 -0.05273438
v -0.23242188 0.20507812 -0.04492188
v -0.22851562 0.08398438 -0.17382812
v -0.22851562 0.09179688 -0.17773438
v -0.22851562 0.10742188 -0.15820312
v -0.22851562 0.12695312 -0.19726562
v -0.22460938 0.08398438 -0.17773438
v -0.22460938 0.09570312 -0.18164062
v -0.22460938 0.09570312 -0.15820312
v -0.22460938 0.10742188 -0.18554688
v -0.22460938 0.13867188 -0.13867188
v -0.22460938 0.15820312 -0.12304688
v -0.22460938 0.20507812 -0.10742188
v -0.22460938 0.21289062 -0.04492188
v -0.22070312 0.07617188 -0.15820312
v -0.22070312 0.11132812 -0.18554688
v -0.22070312 0.12695312 -0.14257812
v -0.22070312 0.13476562 -0.17773438
v -0.21679688 0.07617188 -0.16210938
v -0.21679688 0.08398438 -0.17773438
v -0.21679688 0.11132812 -0.14257812
v -0.21679688 0.15820312 -0.14257812
v -0.21679688 0.16210938 -0.09179688
v -0.21679688 0.21289062 -0.06054688
v -0.21289062 0.07617188 -0.16601562
v -0.21289062 0.09960938 -0.17773438
v -0.21289062 0.09960938 -0.14257812
v -0.21289062 0.14257812 -0.11523438
v -0.21289062 0.16210938 -0.06445312
v -0.21289062 0.16601562 -0.04101562
v -0.20898438 0.07617188 -0.14257812
v -0.20898438 0.08398438 -0.16992188
v -0.20898438 0.08789062 -0.17382812
v -0.20898438 0.11523438 -0.16601562
v -0.20898438 0.12695312 -0.11914062
v -0.20898438 0.15039062 -0.08789062
v -0.20898438 0.17382812 -0.02539062
v -0.20507812 0.07226562 -0.14648438
v -0.20507812 0.11132812 -0.11914062
v -0.20507812 0.13476562 -0.09960938
v -0.20507812 0.18164062 -0.02148438
v -0.20117188 0.07226562 -0.15039062
v -0.20117188 0.09570312 -0.12304688
v -0.20117188 0.09960938 -0.15820312
v -0.20117188 0.13085938 -0.13867188
v -0.19726562 0.08398438 -0.15820312
v -0.19726562 0.12304688 -0.09570312
v -0.19726562 0.31054688 0.18945312
v -0.19726562 0.32617188 0.18554688
v -0.19726562 0.32617188 0.18945312
v -0.19726562 0.32617188 0.19726562
v -0.19726562 0.34179688 0.18554688
v -0.19726562 0.34179688 0.18945312
v -0.19726562 0.34179688 0.19726562
v -0.19726562 0.35351562 0.18945312
v -0.19726562 0.35351562 0.19335938
v -0.19726562 0.35351562 0.19726562
v -0.19335938 0.06445312 -0.13085938
v -0.19335938 0.07617188 -0.12695312
v -0.19335938 0.10351562 -0.13867188
v -0.19335938 0.10351562 -0.09570312
v -0.19335938 0.12695312 -0.07617188
v -0.19335938 0.13867188 -0.10742188
v -0.19335938 0.17382812 -0.08398438
v -0.19335938 0.29101562 0.19335938
v -0.19335938 0.31054688 0.18164062
v -0.19335938 0.31054688 0.19726562
v -0.19335938 0.32617188 0.17773438
v -0.19335938 0.34179688 0.18164062
v -0.19335938 0.34179688 0.20117188
v -0.19335938 0.34960938 0.20117188
v -0.19335938 0.35351562 0.18554688
v -0.19335938 0.35742188 0.20117188
v -0.19335938 0.36132812 0.19726562
v -0.19335938 0.36132812 0.20117188
v -0.19335938 0.36523438 0.19726562
v -0.19335938 0.36914062 0.20507812
v -0.18945312 0.06445312 -0.13867188
v -0.18945312 0.07617188 -0.14257812
v -0.18945312 0.18554688 -0.04101562
v -0.18945312 0.29101562 0.18554688
v -0.18945312 0.29101562 0.20117188
v -0.18945312 0.31054688 0.17773438
v -0.18945312 0.33007812 0.20117188
v -0.18945312 0.34179688 0.17773438
v -0.18945312 0.35351562 0.20117188
v -0.18945312 0.36132812 0.20507812
v -0.18945312 0.36523438 0.19335938
v -0.18945312 0.36914062 0.20507812
v -0.18945312 0.36914062 0.20898438
v -0.18945312 0.37304688 0.19726562
v -0.18945312 0.37304688 0.20117188
v -0.18945312 0.37304688 0.20898438
v -0.18945312 0.37695312 0.20898438
v -0.18554688 0.04882812 -0.11914062
v -0.18554688 0.06835938 -0.11132812
v -0.18554688 0.08789062 -0.10351562
v -0.18554688 0.12695312 -0.06445312
v -0.18554688 0.12695312 -0.05273438
v -0.18554688 0.13085938 -0.03320312
v -0.18554688 0.27148438 0.19726562
v -0.18554688 0.29492188 0.17773438
v -0.18554688 0.31445312 0.20117188
v -0.18554688 0.32617188 0.17382812
v -0.18554688 0.34570312 0.20117188
v -0.18554688 0.35742188 0.18164062
v -0.18554688 0.35742188 0.20507812
v -0.18554688 0.36523438 0.20898438
v -0.18554688 0.36914062 0.18945312
v -0.18554688 0.37695312 0.19726562
v -0.18554688 0.37695312 0.21289062
v -0.18554688 0.38085938 0.20507812
v -0.18554688 0.38085938 0.21679688
v -0.18554688 0.38476562 0.21289062
v -0.18164062 0.04882812 -0.12304688
v -0.18164062 0.09960938 -0.11914062
v -0.18164062 0.10351562 -0.07226562
v -0.18164062 0.13867188 -0.01367188
v -0.18164062 0.27148438 0.18554688
v -0.18164062 0.31054688 0.17382812
v -0.18164062 0.33398438 0.20117188
v -0.18164062 0.35351562 0.20898438
v -0.18164062 0.36132812 0.21289062
v -0.18164062 0.36914062 0.18554688
v -0.18164062 0.37304688 0.21679688
v -0.18164062 0.38085938 0.20507812
v -0.18164062 0.38085938 0.21679688
v -0.18164062 0.38867188 0.21289062
v -0.18164062 0.38867188 0.22070312
v -0.18164062 0.39257812 0.22070312
v -0.17773438 0.06445312 -0.13085938
v -0.17773438 0.08789062 -0.07226562
v -0.17773438 0.14648438 -0.00976562
v -0.17773438 0.27148438 0.20117188
v -0.17773438 0.27539062 0.18164062
v -0.17773438 0.29492188 0.17382812
v -0.17773438 0.29492188 0.20117188
v -0.17773438 0.31835938 0.20117188
v -0.17773438 0.34179688 0.17382812
v -0.17773438 0.34179688 0.20898438
v -0.17773438 0.35742188 0.17773438
v -0.17773438 0.36914062 0.21679688
v -0.17773438 0.37695312 0.19335938
v -0.17773438 0.38085938 0.22070312
v -0.17773438 0.38476562 0.20117188
v -0.17773438 0.38867188 0.20898438
v -0.17773438 0.38867188 0.22460938
v -0.17773438 0.39257812 0.21679688
v -0.17773438 0.39257812 0.22460938
v -0.17773438 0.39648438 0.22851562
v -0.17382812 0.02929688 -0.10351562
v -0.17382812 0.04882812 -0.09179688
v -0.17382812 0.06445312 -0.08398438
v -0.17382812 0.12695312 -0.08789062
v -0.17382812 0.28320312 0.17773438
v -0.17382812 0.33007812 0.16992188
v -0.17382812 0.35351562 0.21289062
v -0.17382812 0.36914062 0.18164062
v -0.17382812 0.37695312 0.18945312
v -0.17382812 0.38085938 0.22070312
v -0.17382812 0.38476562 0.19726562
v -0.17382812 0.38867188 0.20898438
v -0.17382812 0.38867188 0.22460938
v -0.17382812 0.39257812 0.22851562
v -0.17382812 0.39257812 0.23242188
v -0.17382812 0.39648438 0.21679688
v -0.17382812 0.39648438 0.23242188
v -0.17382812 0.40039062 0.22851562
v -0.16992188 0.02929688 -0.11132812
v -0.16992188 0.08398438 -0.10351562
v -0.16992188 0.14648438 -0.06054688
v -0.16992188 0.27929688 0.20117188
v -0.16992188 0.29492188 0.16992188
v -0.16992188 0.30273438 0.20117188
v -0.16992188 0.31054688 0.16992188
v -0.16992188 0.32617188 0.20507812
v -0.16992188 0.34570312 0.17382812
v -0.16992188 0.35742188 0.17382812
v -0.16992188 0.36523438 0.21679688
v -0.16992188 0.36914062 0.18164062
v -0.16992188 0.37695312 0.18945312
v -0.16992188 0.38476562 0.22851562
v -0.16992188 0.38867188 0.20507812
v -0.16992188 0.38867188 0.23242188
v -0.16992188 0.39648438 0.21289062
v -0.16992188 0.39648438 0.23632812
v -0.16992188 0.40039062 0.22460938
v -0.16992188 0.40039062 0.23242188
v -0.16601562 0.08398438 -0.04492188
v -0.16601562 0.15039062 -0.02929688
v -0.16601562 0.25195312 0.20507812
v -0.16601562 0.25585938 0.19335938
v -0.16601562 0.26757812 0.18554688
v -0.16601562 0.37695312 0.22070312
v -0.16601562 0.38085938 0.19726562
v -0.16601562 0.38476562 0.23242188
v -0.16601562 0.38867188 0.20507812
v -0.16601562 0.39257812 0.20898438
v -0.16601562 0.39648438 0.24023438
v -0.16601562 0.40039062 0.22070312
v -0.16601562 0.40039062 0.24023438
v -0.16601562 0.40429688 0.23242188
v -0.16210938 0.04882812 -0.11523438
v -0.16210938 0.06054688 -0.05664062
v -0.16210938 0.09570312 -0.02539062
v -0.16210938 0.10742188 -0.07617188
v -0.16210938 0.25976562 0.20898438
v -0.16210938 0.27539062 0.17773438
v -0.16210938 0.28710938 0.20117188
v -0.16210938 0.33007812 0.16992188
v -0.16210938 0.33789062 0.20898438
v -0.16210938 0.35742188 0.17773438
v -0.16210938 0.36914062 0.18164062
v -0.16210938 0.37695312 0.18945312
v -0.16210938 0.38085938 0.19726562
v -0.16210938 0.38867188 0.20117188
v -0.16210938 0.38867188 0.24023438
v -0.16210938 0.39257812 0.20898438
v -0.16210938 0.39257812 0.24414062
v -0.16210938 0.40039062 0.22070312
v -0.16210938 0.40039062 0.24414062
v -0.16210938 0.40429688 0.23242188
v -0.16210938 0.40429688 0.24023438
v -0.15820312 0.02929688 -0.07226562
v -0.15820312 0.04492188 -0.06445312
v -0.15820312 0.10351562 -0.00976562
v -0.15820312 0.29492188 0.16601562
v -0.15820312 0.30664062 0.20117188
v -0.15820312 0.31445312 0.16601562
v -0.15820312 0.34570312 0.17382812
v -0.15820312 0.34960938 0.21289062
v -0.15820312 0.37695312 0.18945312
v -0.15820312 0.37695312 0.23632812
v -0.15820312 0.38085938 0.19726562
v -0.15820312 0.38476562 0.20117188
v -0.15820312 0.38476562 0.24414062
v -0.15820312 0.38867188 0.20898438
v -0.15820312 0.39648438 0.21679688
v -0.15820312 0.39648438 0.24804688
v -0.15820312 0.40429688 0.24023438
v -0.15820312 0.40429688 0.24804688
v -0.15429688 0.01367188 -0.08007812
v -0.15429688 0.24804688 0.20117188
v -0.15429688 0.24804688 0.21289062
v -0.15429688 0.25976562 0.18945312
v -0.15429688 0.26757812 0.20898438
v -0.15429688 0.31835938 0.20507812
v -0.15429688 0.36523438 0.22070312
v -0.15429688 0.36914062 0.18554688
v -0.15429688 0.37695312 0.25195312
v -0.15429688 0.38085938 0.19726562
v -0.15429688 0.38476562 0.20117188
v -0.15429688 0.38867188 0.20507812
v -0.15429688 0.39257812 0.21289062
v -0.15429688 0.39257812 0.25195312
v -0.15429688 0.40039062 0.22851562
v -0.15429688 0.40039062 0.25195312
v -0.15429688 0.40429688 0.24023438
v -0.15429688 0.40429688 0.24804688
v -0.15039062 0.01757812 -0.09179688
v -0.15039062 0.07226562 -0.07617188
v -0.15039062 0.11132812 -0.00976562
v -0.15039062 0.11523438 -0.05273438
v -0.15039062 0.25195312 0.33789062
v -0.15039062 0.25585938 0.33789062
v -0.15039062 0.26757812 0.12304688
v -0.15039062 0.27539062 0.11132812
v -0.15039062 0.28320312 0.12304688
v -0.15039062 0.29492188 0.20117188
v -0.15039062 0.33007812 0.16992188
v -0.15039062 0.35742188 0.17773438
v -0.15039062 0.36914062 0.24414062
v -0.15039062 0.37695312 0.19335938
v -0.15039062 0.38085938 0.20117188
v -0.15039062 0.38476562 0.20117188
v -0.15039062 0.38476562 0.20507812
v -0.15039062 0.38476562 0.25585938
v -0.15039062 0.38867188 0.20898438
v -0.15039062 0.39648438 0.22070312
v -0.15039062 0.39648438 0.25585938
v -0.15039062 0.40429688 0.24804688
v -0.14648438 0.03710938 -0.08789062
v -0.14648438 0.04492188 -0.04101562
v -0.14648438 0.05664062 -0.03320312
v -0.14648438 0.11523438 -0.02539062
v -0.14648438 0.24023438 0.20898438
v -0.14648438 0.24023438 0.22070312
v -0.14648438 0.24414062 0.33398438
v -0.14648438 0.24804688 0.36132812
v -0.14648438 0.25195312 0.19335938
v -0.14648438 0.25195312 0.21679688
v -0.14648438 0.25976562 0.11132812
v -0.14648438 0.26367188 0.13867188
v -0.14648438 0.26367188 0.34179688
v -0.14648438 0.26757812 0.09960938
v -0.14648438 0.27148438 0.17773438
v -0.14648438 0.27929688 0.13476562
v -0.14648438 0.27929688 0.20898438
v -0.14648438 0.28320312 0.09960938
v -0.14648438 0.29101562 0.16992188
v -0.14648438 0.29492188 0.11132812
v -0.14648438 0.31054688 0.16601562
v -0.14648438 0.33398438 0.21289062
v -0.14648438 0.34570312 0.17382812
v -0.14648438 0.35742188 0.27539062
v -0.14648438 0.36914062 0.18945312
v -0.14648438 0.36914062 0.25585938
v -0.14648438 0.37304688 0.25976562
v -0.14648438 0.38085938 0.19726562
v -0.14648438 0.38085938 0.20507812
v -0.14648438 0.38476562 0.20507812
v -0.14648438 0.38867188 0.20898438
v -0.14648438 0.38867188 0.25976562
v -0.14648438 0.39257812 0.21679688
v -0.14648438 0.39648438 0.25585938
v -0.14648438 0.40039062 0.23632812
v -0.14648438 0.40039062 0.24804688
v -0.14648438 0.40039062 0.25195312
v -0.14257812 0.01367188 -0.05273438
v -0.14257812 0.02929688 -0.04492188
v -0.14257812 0.06445312 -0.02148438
v -0.14257812 0.20898438 0.21289062
v -0.14257812 0.21679688 0.20507812
v -0.14257812 0.22460938 0.22070312
v -0.14257812 0.22851562 0.20117188
v -0.14257812 0.23242188 0.21289062
v -0.14257812 0.23242188 0.23242188
v -0.14257812 0.24023438 0.19726562
v -0.14257812 0.24414062 0.35742188
v -0.14257812 0.25195312 0.12695312
v -0.14257812 0.25976562 0.36132812
v -0.14257812 0.26757812 0.32226562
v -0.14257812 0.27148438 0.32226562
v -0.14257812 0.27539062 0.15039062
v -0.14257812 0.30664062 0.20507812
v -0.14257812 0.33007812 0.17382812
v -0.14257812 0.34179688 0.22070312
v -0.14257812 0.34960938 0.27148438
v -0.14257812 0.34960938 0.27539062
v -0.14257812 0.35351562 0.26757812
v -0.14257812 0.35351562 0.27148438
v -0.14257812 0.35351562 0.27539062
v -0.14257812 0.35742188 0.23242188
v -0.14257812 0.35742188 0.27148438
v -0.14257812 0.35742188 0.27929688
v -0.14257812 0.36132812 0.18554688
v -0.14257812 0.36132812 0.24804688
v -0.14257812 0.36132812 0.26367188
v -0.14257812 0.36132812 0.27148438
v -0.14257812 0.36132812 0.27539062
v -0.14257812 0.36132812 0.27929688
v -0.14257812 0.37304688 0.19726562
v -0.14257812 0.37695312 0.26367188
v -0.14257812 0.38476562 0.20898438
v -0.14257812 0.38867188 0.21679688
v -0.14257812 0.38867188 0.25976562
v -0.14257812 0.39257812 0.22851562
v -0.14257812 0.39257812 0.25585938
v -0.14257812 0.39648438 0.25195312
v -0.13867188 0.00976562 -0.06054688
v -0.13867188 0.07226562 -0.01757812
v -0.13867188 0.19335938 0.18164062
v -0.13867188 0.20117188 0.19726562
v -0.13867188 0.21289062 0.18945312
v -0.13867188 0.21679688 0.22851562
v -0.13867188 0.23632812 0.35351562
v -0.13867188 0.24023438 0.33398438
v -0.13867188 0.25195312 0.10742188
v -0.13867188 0.25976562 0.21679688
v -0.13867188 0.26367188 0.32226562
v -0.13867188 0.26757812 0.17773438
v -0.13867188 0.27148438 0.34179688
v -0.13867188 0.27539062 0.08789062
v -0.13867188 0.27539062 0.32226562
v -0.13867188 0.28710938 0.20507812
v -0.13867188 0.29101562 0.09179688
v -0.13867188 0.29882812 0.13085938
v -0.13867188 0.30273438 0.10351562
v -0.13867188 0.30664062 0.12304688
v -0.13867188 0.31835938 0.20898438
v -0.13867188 0.34179688 0.26367188
v -0.13867188 0.34179688 0.27148438
v -0.13867188 0.34179688 0.27539062
v -0.13867188 0.34570312 0.18164062
v -0.13867188 0.34570312 0.22851562
v -0.13867188 0.34570312 0.23632812
v -0.13867188 0.34570312 0.26757812
v -0.13867188 0.34570312 0.27539062
v -0.13867188 0.34960938 0.26757812
v -0.13867188 0.34960938 0.27929688
v -0.13867188 0.35351562 0.24023438
v -0.13867188 0.35351562 0.25195312
v -0.13867188 0.35351562 0.25976562
v -0.13867188 0.35742188 0.25976562
v -0.13867188 0.35742188 0.26367188
v -0.13867188 0.35742188 0.27539062
v -0.13867188 0.36132812 0.19335938
v -0.13867188 0.36523438 0.26757812
v -0.13867188 0.36523438 0.27539062
v -0.13867188 0.37695312 0.20117188
v -0.13867188 0.37695312 0.26367188
v -0.13867188 0.38085938 0.20898438
v -0.13867188 0.38476562 0.26367188
v -0.13867188 0.38867188 0.25976562
v -0.13867188 0.39257812 0.24414062
v -0.13867188 0.39257812 0.25195312
v -0.13476562 0.06835938 -0.04882812
v -0.13476562 0.07617188 -0.01757812
v -0.13476562 0.16210938 0.20507812
v -0.13476562 0.16992188 0.21679688
v -0.13476562 0.17773438 0.19335938
v -0.13476562 0.18164062 0.23242188
v -0.13476562 0.18945312 0.20898438
v -0.13476562 0.19726562 0.22070312
v -0.13476562 0.19726562 0.24414062
v -0.13476562 0.20898438 0.17773438
v -0.13476562 0.20898438 0.23632812
v -0.13476562 0.22460938 0.18554688
v -0.13476562 0.22460938 0.24023438
v -0.13476562 0.23632812 0.33398438
v -0.13476562 0.24414062 0.12304688
v -0.13476562 0.24414062 0.14257812
v -0.13476562 0.24414062 0.38085938
v -0.13476562 0.24804688 0.22851562
v -0.13476562 0.25195312 0.15039062
v -0.13476562 0.25976562 0.09570312
v -0.13476562 0.25976562 0.15820312
v -0.13476562 0.25976562 0.32226562
v -0.13476562 0.26367188 0.36132812
v -0.13476562 0.28320312 0.31054688
v -0.13476562 0.28320312 0.32617188
v -0.13476562 0.28710938 0.16992188
v -0.13476562 0.28710938 0.31054688
v -0.13476562 0.29101562 0.31054688
v -0.13476562 0.29492188 0.14648438
v -0.13476562 0.31445312 0.17382812
v -0.13476562 0.32617188 0.21679688
v -0.13476562 0.33007812 0.22460938
v -0.13476562 0.33007812 0.27539062
v -0.13476562 0.33007812 0.27929688
v -0.13476562 0.33789062 0.27929688
v -0.13476562 0.34179688 0.27929688
v -0.13476562 0.34570312 0.24414062
v -0.13476562 0.34570312 0.25195312
v -0.13476562 0.34570312 0.25585938
v -0.13476562 0.34570312 0.25976562
v -0.13476562 0.34960938 0.24804688
v -0.13476562 0.34960938 0.26757812
v -0.13476562 0.34960938 0.27539062
v -0.13476562 0.35351562 0.27148438
v -0.13476562 0.35742188 0.25585938
v -0.13476562 0.36132812 0.25976562
v -0.13476562 0.36523438 0.20117188
v -0.13476562 0.36523438 0.26757812
v -0.13476562 0.36523438 0.27148438
v -0.13476562 0.37304688 0.26757812
v -0.13476562 0.37695312 0.26367188
v -0.13476562 0.38085938 0.22070312
v -0.13476562 0.38476562 0.22851562
v -0.13476562 0.38476562 0.24414062
v -0.13085938 -0.39257812 -0.12695312
v -0.13085938 0.00976562 -0.06835938
v -0.13085938 0.00976562 -0.03710938
v -0.13085938 0.01757812 -0.02929688
v -0.13085938 0.02929688 -0.06445312
v -0.13085938 0.03320312 -0.02539062
v -0.13085938 0.04101562 -0.02148438
v -0.13085938 0.07617188 -0.02929688
v -0.13085938 0.14648438 0.21289062
v -0.13085938 0.15429688 0.18945312
v -0.13085938 0.15820312 0.22851562
v -0.13085938 0.16992188 0.17773438
v -0.13085938 0.16992188 0.24414062
v -0.13085938 0.18164062 0.25585938
v -0.13085938 0.18945312 0.16992188
v -0.13085938 0.20898438 0.25976562
v -0.13085938 0.22070312 0.25195312
v -0.13085938 0.22851562 0.34960938
v -0.13085938 0.23242188 0.11914062
v -0.13085938 0.23242188 0.13867188
v -0.13085938 0.23242188 0.15820312
v -0.13085938 0.24023438 0.37695312
v -0.13085938 0.24414062 0.16601562
v -0.13085938 0.24414062 0.18554688
v -0.13085938 0.24414062 0.24023438
v -0.13085938 0.25195312 0.38085938
v -0.13085938 0.25585938 0.16601562
v -0.13085938 0.25585938 0.18164062
v -0.13085938 0.25585938 0.38085938
v -0.13085938 0.27929688 0.08789062
v -0.13085938 0.27929688 0.16992188
v -0.13085938 0.28320312 0.31054688
v -0.13085938 0.28710938 0.15820312
v -0.13085938 0.29101562 0.31445312
v -0.13085938 0.29882812 0.08789062
v -0.13085938 0.29882812 0.20507812
v -0.13085938 0.29882812 0.30273438
v -0.13085938 0.31445312 0.10351562
v -0.13085938 0.31445312 0.11914062
v -0.13085938 0.31835938 0.28710938
v -0.13085938 0.32617188 0.26757812
v -0.13085938 0.32617188 0.27148438
v -0.13085938 0.33007812 0.18164062
v -0.13085938 0.33007812 0.28320312
v -0.13085938 0.33398438 0.23242188
v -0.13085938 0.33789062 0.25976562
v -0.13085938 0.33789062 0.27929688
v -0.13085938 0.34179688 0.25195312
v -0.13085938 0.34179688 0.25585938
v -0.13085938 0.34179688 0.26757812
v -0.13085938 0.34570312 0.27148438
v -0.13085938 0.34960938 0.18945312
v -0.13085938 0.34960938 0.25195312
v -0.13085938 0.34960938 0.27539062
v -0.13085938 0.35351562 0.27148438
v -0.13085938 0.36132812 0.27539062
v -0.13085938 0.36523438 0.26367188
v -0.13085938 0.36523438 0.26757812
v -0.13085938 0.36914062 0.21289062
v -0.13085938 0.37304688 0.22070312
v -0.13085938 0.38085938 0.25195312
v -0.13085938 0.38085938 0.25976562
v -0.12695312 -0.39648438 -0.14648438
v -0.12695312 -0.37304688 -0.15039062
v -0.12695312 0.04882812 -0.01367188
v -0.12695312 0.13085938 0.22460938
v -0.12695312 0.13867188 0.19726562
v -0.12695312 0.19726562 0.26757812
v -0.12695312 0.20117188 0.16601562
v -0.12695312 0.22460938 0.15039062
v -0.12695312 0.22460938 0.34960938
v -0.12695312 0.22851562 0.13476562
v -0.12695312 0.23242188 0.37304688
v -0.12695312 0.24414062 0.10742188
v -0.12695312 0.24414062 0.17382812
v -0.12695312 0.25585938 0.09570312
v -0.12695312 0.25585938 0.16992188
v -0.12695312 0.25585938 0.32226562
v -0.12695312 0.25976562 0.23242188
v -0.12695312 0.26367188 0.38085938
v -0.12695312 0.26757812 0.08789062
v -0.12695312 0.26757812 0.36132812
v -0.12695312 0.27148438 0.16992188
v -0.12695312 0.27148438 0.21289062
v -0.12695312 0.27929688 0.30664062
v -0.12695312 0.27929688 0.34570312
v -0.12695312 0.28710938 0.16601562
v -0.12695312 0.28710938 0.32617188
v -0.12695312 0.29101562 0.29882812
v -0.12695312 0.29492188 0.29882812
v -0.12695312 0.29882812 0.29882812
v -0.12695312 0.30273438 0.17382812
v -0.12695312 0.30273438 0.30273438
v -0.12695312 0.30664062 0.20898438
v -0.12695312 0.30664062 0.28710938
v -0.12695312 0.30664062 0.29101562
v -0.12695312 0.31054688 0.27929688
v -0.12695312 0.31054688 0.29492188
v -0.12695312 0.31445312 0.28320312
v -0.12695312 0.31835938 0.28710938
v -0.12695312 0.32617188 0.26367188
v -0.12695312 0.33007812 0.28320312
v -0.12695312 0.33789062 0.24023438
v -0.12695312 0.33789062 0.24414062
v -0.12695312 0.33789062 0.25195312
v -0.12695312 0.33789062 0.25585938
v -0.12695312 0.33789062 0.26367188
v -0.12695312 0.33789062 0.27148438
v -0.12695312 0.34179688 0.27539062
v -0.12695312 0.34570312 0.27539062
v -0.12695312 0.35351562 0.20117188
v -0.12695312 0.35742188 0.27148438
v -0.12695312 0.36132812 0.24804688
v -0.12695312 0.36132812 0.25585938
v -0.12695312 0.36914062 0.24414062
v -0.12695312 0.36914062 0.25195312
v -0.12695312 0.36914062 0.25976562
v -0.12695312 0.36914062 0.26757812
v -0.12695312 0.37304688 0.23242188
v -0.12304688 -0.44726562 -0.12695312
v -0.12304688 -0.44726562 -0.10351562
v -0.12304688 -0.43945312 -0.12695312
v -0.12304688 -0.43945312 -0.10351562
v -0.12304688 -0.41992188 -0.12695312
v -0.12304688 -0.41992188 -0.10742188
v -0.12304688 -0.40429688 -0.14257812
v -0.12304688 -0.40039062 -0.12695312
v -0.12304688 -0.39257812 -0.10742188
v -0.12304688 -0.36914062 -0.13085938
v -0.12304688 -0.35351562 -0.15039062
v -0.12304688 -0.12695312 0.11132812
v -0.12304688 -0.11523438 0.11914062
v -0.12304688 -0.11132812 0.09960938
v -0.12304688 -0.11132812 0.12695312
v -0.12304688 -0.10351562 0.10742188
v -0.12304688 -0.09570312 0.12304688
v -0.12304688 0.00585938 -0.04492188
v -0.12304688 0.05273438 -0.01367188
v -0.12304688 0.11914062 0.20898438
v -0.12304688 0.13476562 0.18554688
v -0.12304688 0.14257812 0.24023438
v -0.12304688 0.15039062 0.17382812
v -0.12304688 0.15429688 0.25195312
v -0.12304688 0.16601562 0.16992188
v -0.12304688 0.16992188 0.26367188
v -0.12304688 0.19726562 0.12695312
v -0.12304688 0.20898438 0.13085938
v -0.12304688 0.20898438 0.14257812
v -0.12304688 0.20898438 0.15429688
v -0.12304688 0.21679688 0.11523438
v -0.12304688 0.21679688 0.14257812
v -0.12304688 0.22070312 0.13085938
v -0.12304688 0.22070312 0.15429688
v -0.12304688 0.22070312 0.27539062
v -0.12304688 0.22460938 0.14257812
v -0.12304688 0.22460938 0.16601562
v -0.12304688 0.22460938 0.37304688
v -0.12304688 0.22851562 0.11914062
v -0.12304688 0.23632812 0.25195312
v -0.12304688 0.23632812 0.33789062
v -0.12304688 0.24023438 0.39257812
v -0.12304688 0.24414062 0.39257812
v -0.12304688 0.25195312 0.33007812
v -0.12304688 0.25195312 0.39257812
v -0.12304688 0.25585938 0.39257812
v -0.12304688 0.28320312 0.20898438
v -0.12304688 0.28710938 0.08007812
v -0.12304688 0.28710938 0.29882812
v -0.12304688 0.29492188 0.31445312
v -0.12304688 0.30273438 0.28710938
v -0.12304688 0.30273438 0.30273438
v -0.12304688 0.31054688 0.27929688
v -0.12304688 0.31054688 0.29492188
v -0.12304688 0.31445312 0.13867188
v -0.12304688 0.31445312 0.21289062
v -0.12304688 0.31835938 0.18164062
v -0.12304688 0.31835938 0.25195312
v -0.12304688 0.32226562 0.22070312
v -0.12304688 0.32226562 0.28710938
v -0.12304688 0.32226562 0.29101562
v -0.12304688 0.32617188 0.12304688
v -0.12304688 0.33007812 0.27929688
v -0.12304688 0.33398438 0.18945312
v -0.12304688 0.33789062 0.27148438
v -0.12304688 0.33789062 0.27539062
v -0.12304688 0.34570312 0.27539062
v -0.12304688 0.34960938 0.27148438
v -0.12304688 0.35742188 0.21289062
v -0.12304688 0.35742188 0.26757812
v -0.12304688 0.36132812 0.22460938
v -0.12304688 0.36132812 0.26757812
v -0.11914062 -0.44726562 -0.14257812
v -0.11914062 -0.43945312 -0.14257812
v -0.11914062 -0.43554688 -0.08789062
v -0.11914062 -0.41992188 -0.14257812
v -0.11914062 -0.41992188 -0.08789062
v -0.11914062 -0.40039062 -0.10742188
v -0.11914062 -0.39648438 -0.16601562
v -0.11914062 -0.37304688 -0.16992188
v -0.11914062 -0.36914062 -0.11132812
v -0.11914062 -0.35351562 -0.13476562
v -0.11914062 -0.34570312 0.15039062
v -0.11914062 -0.33398438 0.12695312
v -0.11914062 -0.33398438 0.13867188
v -0.11914062 -0.33398438 0.15039062
v -0.11914062 -0.33398438 0.16601562
v -0.11914062 -0.32226562 0.15429688
v -0.11914062 -0.31835938 0.13476562
v -0.11914062 -0.31835938 0.16992188
v -0.11914062 -0.30273438 0.15820312
v -0.11914062 -0.19335938 0.16601562
v -0.11914062 -0.18554688 0.15429688
v -0.11914062 -0.15039062 0.11914062
v -0.11914062 -0.14257812 0.13867188
v -0.11914062 -0.13867188 0.10351562
v -0.11914062 -0.13476562 0.12695312
v -0.11914062 -0.13085938 -0.10351562
v -0.11914062 -0.12304688 0.09179688
v -0.11914062 -0.12304688 0.13085938
v -0.11914062 -0.11132812 0.13476562
v -0.11914062 -0.09570312 -0.09179688
v -0.11914062 -0.09570312 0.13085938
v -0.11914062 -0.08398438 0.09960938
v -0.11914062 -0.07617188 0.11914062
v -0.11914062 0.00976562 -0.01367188
v -0.11914062 0.01757812 -0.00976562
v -0.11914062 0.02929688 -0.00585938
v -0.11914062 0.04101562 -0.03710938
v -0.11914062 0.05273438 -0.02539062
v -0.11914062 0.05273438 -0.01757812
v -0.11914062 0.18164062 0.11523438
v -0.11914062 0.18164062 0.16601562
v -0.11914062 0.18945312 0.26757812
v -0.11914062 0.19726562 0.13867188
v -0.11914062 0.20117188 0.11523438
v -0.11914062 0.20898438 0.28320312
v -0.11914062 0.21289062 0.16210938
v -0.11914062 0.22070312 0.36914062
v -0.11914062 0.22460938 0.34960938
v -0.11914062 0.22851562 0.26757812
v -0.11914062 0.22851562 0.38867188
v -0.11914062 0.23242188 0.39257812
v -0.11914062 0.23632812 0.34179688
v -0.11914062 0.24023438 0.10742188
v -0.11914062 0.24414062 0.34960938
v -0.11914062 0.24414062 0.40039062
v -0.11914062 0.24804688 0.36523438
v -0.11914062 0.25585938 0.35742188
v -0.11914062 0.25585938 0.37304688
v -0.11914062 0.26367188 0.08789062
v -0.11914062 0.26757812 0.37695312
v -0.11914062 0.27148438 0.08398438
v -0.11914062 0.27539062 0.31054688
v -0.11914062 0.27539062 0.36132812
v -0.11914062 0.28710938 0.34570312
v -0.11914062 0.29492188 0.16992188
v -0.11914062 0.29882812 0.28710938
v -0.11914062 0.30273438 0.20898438
v -0.11914062 0.30664062 0.27539062
v -0.11914062 0.31054688 0.29492188
v -0.11914062 0.31445312 0.08789062
v -0.11914062 0.32226562 0.28320312
v -0.11914062 0.32617188 0.23242188
v -0.11914062 0.33007812 0.22851562
v -0.11914062 0.33007812 0.27929688
v -0.11914062 0.33398438 0.24023438
v -0.11914062 0.33398438 0.24804688
v -0.11914062 0.33398438 0.25585938
v -0.11914062 0.33398438 0.26367188
v -0.11914062 0.33789062 0.20117188
v -0.11914062 0.34179688 0.27148438
v -0.11914062 0.35351562 0.23632812
v -0.11914062 0.35742188 0.24804688
v -0.11914062 0.35742188 0.25585938
v -0.11914062 0.35742188 0.26367188
v -0.11914062 0.36132812 0.23632812
v -0.11523438 -0.45117188 -0.14257812
v -0.11523438 -0.45117188 -0.12304688
v -0.11523438 -0.45117188 -0.10351562
v -0.11523438 -0.44335938 -0.08789062
v -0.11523438 -0.40429688 -0.15820312
v -0.11523438 -0.36132812 0.11914062
v -0.11523438 -0.36132812 0.13085938
v -0.11523438 -0.36132812 0.14257812
v -0.11523438 -0.35742188 -0.16992188
v -0.11523438 -0.35742188 0.15039062
v -0.11523438 -0.35351562 -0.11914062
v -0.11523438 -0.34960938 0.12695312
v -0.11523438 -0.34960938 0.14257812
v -0.11523438 -0.34570312 0.11523438
v -0.11523438 -0.34570312 0.16210938
v -0.11523438 -0.33398438 0.11523438
v -0.11523438 -0.33007812 -0.15429688
v -0.11523438 -0.32617188 -0.13867188
v -0.11523438 -0.32226562 0.12304688
v -0.11523438 -0.31835938 0.18554688
v -0.11523438 -0.30273438 0.14257812
v -0.11523438 -0.29882812 0.17382812
v -0.11523438 -0.23632812 0.18164062
v -0.11523438 -0.23242188 0.20117188
v -0.11523438 -0.22070312 0.16992188
v -0.11523438 -0.22070312 0.19335938
v -0.11523438 -0.20898438 0.18164062
v -0.11523438 -0.20898438 0.20898438
v -0.11523438 -0.18164062 0.17773438
v -0.11523438 -0.17773438 0.14257812
v -0.11523438 -0.17382812 0.16601562
v -0.11523438 -0.16992188 0.12695312
v -0.11523438 -0.16210938 0.11132812
v -0.11523438 -0.16210938 0.15039062
v -0.11523438 -0.15820312 0.13476562
v -0.11523438 -0.15429688 -0.11523438
v -0.11523438 -0.12695312 0.13867188
v -0.11523438 -0.11523438 0.14257812
v -0.11523438 -0.10742188 0.14257812
v -0.11523438 -0.09570312 0.08789062
v -0.11523438 -0.09570312 0.13867188
v -0.11523438 -0.07617188 -0.11914062
v -0.11523438 -0.07617188 0.13085938
v -0.11523438 -0.06445312 -0.08398438
v -0.11523438 0.00195312 -0.02539062
v -0.11523438 0.00976562 -0.04882812
v -0.11523438 0.02148438 -0.04492188
v -0.11523438 0.03710938 -0.00195312
v -0.11523438 0.10742188 0.21679688
v -0.11523438 0.11523438 0.19335938
v -0.11523438 0.11523438 0.23242188
v -0.11523438 0.12695312 0.24804688
v -0.11523438 0.15039062 0.16601562
v -0.11523438 0.16210938 0.11132812
v -0.11523438 0.16210938 0.16210938
v -0.11523438 0.16601562 0.11914062
v -0.11523438 0.18164062 0.10351562
v -0.11523438 0.18164062 0.27929688
v -0.11523438 0.18554688 0.12695312
v -0.11523438 0.19335938 0.15820312
v -0.11523438 0.19726562 0.15039062
v -0.11523438 0.20117188 0.15429688
v -0.11523438 0.20117188 0.28320312
v -0.11523438 0.20507812 0.09960938
v -0.11523438 0.22070312 0.38476562
v -0.11523438 0.22851562 0.09960938
v -0.11523438 0.22851562 0.34960938
v -0.11523438 0.23242188 0.40429688
v -0.11523438 0.23632812 0.35742188
v -0.11523438 0.24023438 0.37695312
v -0.11523438 0.24023438 0.40039062
v -0.11523438 0.24804688 0.38085938
v -0.11523438 0.24804688 0.40039062
v -0.11523438 0.25195312 0.09570312
v -0.11523438 0.25195312 0.33789062
v -0.11523438 0.25195312 0.34570312
v -0.11523438 0.25976562 0.25195312
v -0.11523438 0.25976562 0.35351562
v -0.11523438 0.25976562 0.39257812
v -0.11523438 0.26757812 0.36523438
v -0.11523438 0.27148438 0.22460938
v -0.11523438 0.27539062 0.08007812
v -0.11523438 0.29101562 0.27929688
v -0.11523438 0.29492188 0.16992188
v -0.11523438 0.29492188 0.20898438
v -0.11523438 0.29492188 0.28320312
v -0.11523438 0.29492188 0.32617188
v -0.11523438 0.29882812 0.15429688
v -0.11523438 0.29882812 0.31445312
v -0.11523438 0.30273438 0.26367188
v -0.11523438 0.30273438 0.30273438
v -0.11523438 0.30664062 0.27148438
v -0.11523438 0.31054688 0.18554688
v -0.11523438 0.31054688 0.20898438
v -0.11523438 0.31054688 0.28710938
v -0.11523438 0.31054688 0.29101562
v -0.11523438 0.31445312 0.24414062
v -0.11523438 0.31445312 0.28320312
v -0.11523438 0.32226562 0.18945312
v -0.11523438 0.32226562 0.21289062
v -0.11523438 0.32226562 0.28320312
v -0.11523438 0.32617188 0.10742188
v -0.11523438 0.32617188 0.27929688
v -0.11523438 0.33398438 0.27539062
v -0.11523438 0.33789062 0.21679688
v -0.11523438 0.34179688 0.22851562
v -0.11523438 0.34179688 0.25195312
v -0.11523438 0.34179688 0.25976562
v -0.11523438 0.34179688 0.26757812
v -0.11523438 0.34570312 0.22460938
v -0.11523438 0.34570312 0.24023438
v -0.11523438 0.34570312 0.27148438
v -0.11523438 0.35742188 0.25976562
v -0.11132812 -0.42773438 -0.15820312
v -0.11132812 -0.40039062 -0.09179688
v -0.11132812 -0.39257812 -0.09179688
v -0.11132812 -0.37304688 0.11914062
v -0.11132812 -0.37304688 0.13085938
v -0.11132812 -0.36914062 0.14257812
v -0.11132812 -0.36914062 0.15429688
v -0.11132812 -0.35742188 0.11132812
v -0.11132812 -0.35742188 0.16210938
v -0.11132812 -0.34570312 0.10742188
v -0.11132812 -0.34570312 0.17382812
v -0.11132812 -0.33398438 0.10742188
v -0.11132812 -0.33398438 0.17773438
v -0.11132812 -0.33007812 -0.17382812
v -0.11132812 -0.32226562 0.11523438
v -0.11132812 -0.29882812 0.18945312
v -0.11132812 -0.29101562 0.15039062
v -0.11132812 -0.28710938 0.16601562
v -0.11132812 -0.27148438 0.18164062
v -0.11132812 -0.24414062 0.18945312
v -0.11132812 -0.24023438 0.20507812
v -0.11132812 -0.22070312 0.21289062
v -0.11132812 -0.20898438 0.15820312
v -0.11132812 -0.19726562 0.14648438
v -0.11132812 -0.19335938 0.19335938
v -0.11132812 -0.18945312 0.13476562
v -0.11132812 -0.18164062 0.11914062
v -0.11132812 -0.17773438 -0.12304688
v -0.11132812 -0.16601562 -0.09570312
v -0.11132812 -0.15429688 0.09179688
v -0.11132812 -0.14648438 0.15039062
v -0.11132812 -0.14257812 -0.08007812
v -0.11132812 -0.11523438 -0.07226562
v -0.11132812 -0.11523438 0.08007812
v -0.11132812 -0.11132812 -0.13085938
v -0.11132812 -0.10742188 0.15039062
v -0.11132812 -0.09570312 0.14648438
v -0.11132812 -0.08398438 0.13867188
v -0.11132812 -0.06054688 0.11132812
v -0.11132812 -0.06054688 0.13085938
v -0.11132812 -0.04492188 -0.10742188
v -0.11132812 0.04101562 -0.00585938
v -0.11132812 0.09960938 0.20117188
v -0.11132812 0.13476562 0.17382812
v -0.11132812 0.14257812 0.26367188
v -0.11132812 0.15429688 0.09179688
v -0.11132812 0.15429688 0.27929688
v -0.11132812 0.16210938 0.12695312
v -0.11132812 0.17382812 0.12695312
v -0.11132812 0.17773438 0.15820312
v -0.11132812 0.18164062 0.08789062
v -0.11132812 0.18554688 0.13867188
v -0.11132812 0.18554688 0.14648438
v -0.11132812 0.18945312 0.28710938
v -0.11132812 0.20507812 0.08398438
v -0.11132812 0.21679688 0.30273438
v -0.11132812 0.21679688 0.36523438
v -0.11132812 0.21679688 0.38476562
v -0.11132812 0.22851562 0.08398438
v -0.11132812 0.22851562 0.29492188
v -0.11132812 0.22851562 0.36523438
v -0.11132812 0.22851562 0.40429688
v -0.11132812 0.23632812 0.40429688
v -0.11132812 0.24023438 0.38867188
v -0.11132812 0.24804688 0.26757812
v -0.11132812 0.24804688 0.40039062
v -0.11132812 0.25976562 0.37695312
v -0.11132812 0.26367188 0.08789062
v -0.11132812 0.28320312 0.22070312
v -0.11132812 0.28320312 0.36523438
v -0.11132812 0.28710938 0.29882812
v -0.11132812 0.29492188 0.21289062
v -0.11132812 0.29492188 0.25195312
v -0.11132812 0.29882812 0.08398438
v -0.11132812 0.29882812 0.31445312
v -0.11132812 0.30273438 0.28710938
v -0.11132812 0.30273438 0.29492188
v -0.11132812 0.30664062 0.23242188
v -0.11132812 0.30664062 0.28320312
v -0.11132812 0.31445312 0.19335938
v -0.11132812 0.31445312 0.20117188
v -0.11132812 0.31445312 0.28320312
v -0.11132812 0.32226562 0.21679688
v -0.11132812 0.32617188 0.20117188
v -0.10742188 -0.45117188 -0.15429688
v -0.10742188 -0.45117188 -0.09179688
v -0.10742188 -0.44726562 -0.15820312
v -0.10742188 -0.43945312 -0.15820312
v -0.10742188 -0.43554688 -0.07617188
v -0.10742188 -0.41992188 -0.07617188
v -0.10742188 -0.40039062 -0.17773438
v -0.10742188 -0.38476562 0.13085938
v -0.10742188 -0.37695312 -0.18164062
v -0.10742188 -0.36914062 -0.09960938
v -0.10742188 -0.36914062 0.11523438
v -0.10742188 -0.36523438 0.16210938
v -0.10742188 -0.35351562 0.16992188
v -0.10742188 -0.34570312 0.10351562
v -0.10742188 -0.32617188 -0.12304688
v -0.10742188 -0.32617188 0.10351562
v -0.10742188 -0.30664062 0.12695312
v -0.10742188 -0.29882812 0.13476562
v -0.10742188 -0.29492188 -0.17382812
v -0.10742188 -0.29492188 -0.15820312
v -0.10742188 -0.29492188 -0.14257812
v -0.10742188 -0.27539062 0.19726562
v -0.10742188 -0.26757812 0.16601562
v -0.10742188 -0.26367188 -0.15820312
v -0.10742188 -0.25976562 0.20117188
v -0.10742188 -0.25585938 0.17773438
v -0.10742188 -0.25585938 0.19726562
v -0.10742188 -0.24804688 0.17382812
v -0.10742188 -0.24804688 0.20507812
v -0.10742188 -0.24023438 -0.15429688
v -0.10742188 -0.23632812 -0.17382812
v -0.10742188 -0.23632812 0.21289062
v -0.10742188 -0.23242188 0.16601562
v -0.10742188 -0.22070312 0.15429688
v -0.10742188 -0.21289062 -0.14648438
v -0.10742188 -0.20507812 -0.16601562
v -0.10742188 -0.19335938 -0.13476562
v -0.10742188 -0.18945312 -0.10742188
v -0.10742188 -0.17382812 0.10742188
v -0.10742188 -0.14257812 -0.13476562
v -0.10742188 -0.13476562 0.15039062
v -0.10742188 -0.12304688 0.07617188
v -0.10742188 -0.12304688 0.15429688
v -0.10742188 -0.10742188 0.15820312
v -0.10742188 -0.08789062 0.15039062
v -0.10742188 -0.08398438 -0.06054688
v -0.10742188 -0.06445312 0.14257812
v -0.10742188 -0.06054688 0.08398438
v -0.10742188 -0.03710938 -0.07226562
v -0.10742188 0.00195312 -0.03320312
v -0.10742188 0.04492188 -0.00976562
v -0.10742188 0.09179688 0.22460938
v -0.10742188 0.10351562 0.24414062
v -0.10742188 0.11523438 0.18164062
v -0.10742188 0.11523438 0.25976562
v -0.10742188 0.15039062 0.12304688
v -0.10742188 0.15429688 0.08007812
v -0.10742188 0.16210938 0.15820312
v -0.10742188 0.17382812 0.13476562
v -0.10742188 0.17382812 0.29101562
v -0.10742188 0.17773438 0.07617188
v -0.10742188 0.18554688 0.15429688
v -0.10742188 0.18945312 0.15039062
v -0.10742188 0.20507812 0.07226562
v -0.10742188 0.20898438 0.29882812
v -0.10742188 0.22070312 0.40039062
v -0.10742188 0.22460938 0.36132812
v -0.10742188 0.22851562 0.38476562
v -0.10742188 0.23242188 0.40820312
v -0.10742188 0.23632812 0.28320312
v -0.10742188 0.23632812 0.39257812
v -0.10742188 0.24023438 0.40429688
v -0.10742188 0.25195312 0.08789062
v -0.10742188 0.25195312 0.38476562
v -0.10742188 0.26757812 0.08398438
v -0.10742188 0.27148438 0.23632812
v -0.10742188 0.27148438 0.31445312
v -0.10742188 0.27539062 0.37695312
v -0.10742188 0.28320312 0.08398438
v -0.10742188 0.28710938 0.22851562
v -0.10742188 0.28710938 0.27148438
v -0.10742188 0.29101562 0.24023438
v -0.10742188 0.29492188 0.29101562
v -0.10742188 0.29492188 0.29882812
v -0.10742188 0.29492188 0.34570312
v -0.10742188 0.29882812 0.22070312
v -0.10742188 0.29882812 0.28710938
v -0.10742188 0.30273438 0.18164062
v -0.10742188 0.30273438 0.20898438
v -0.10742188 0.30273438 0.33007812
v -0.10742188 0.30664062 0.18554688
v -0.10742188 0.30664062 0.19335938
v -0.10742188 0.30664062 0.20117188
v -0.10742188 0.30664062 0.20898438
v -0.10742188 0.30664062 0.28320312
v -0.10742188 0.31054688 0.21289062
v -0.10742188 0.31054688 0.28710938
v -0.10742188 0.31835938 0.13867188
v -0.10742188 0.32226562 0.28710938
v -0.10742188 0.32617188 0.28320312
v -0.10742188 0.33398438 0.12695312
v -0.10742188 0.33398438 0.21679688
v -0.10742188 0.33398438 0.27929688
v -0.10742188 0.34179688 0.27539062
v -0.10742188 0.35351562 0.24804688
v -0.10351562 -0.45117188 -0.14257812
v -0.10351562 -0.45117188 -0.12695312
v -0.10351562 -0.44726562 -0.08007812
v -0.10351562 -0.44335938 -0.07617188
v -0.10351562 -0.41210938 -0.17382812
v -0.10351562 -0.40039062 -0.08007812
v -0.10351562 -0.38085938 0.12304688
v -0.10351562 -0.38085938 0.14648438
v -0.10351562 -0.37695312 0.15429688
v -0.10351562 -0.36914062 0.11132812
v -0.10351562 -0.36132812 -0.18554688
v -0.10351562 -0.36132812 0.16992188
v -0.10351562 -0.35742188 0.10742188
v -0.10351562 -0.35351562 -0.10742188
v -0.10351562 -0.33398438 0.09960938
v -0.10351562 -0.33398438 0.18945312
v -0.10351562 -0.32617188 0.09960938
v -0.10351562 -0.31835938 0.19726562
v -0.10351562 -0.31445312 0.11132812
v -0.10351562 -0.31054688 0.11914062
v -0.10351562 -0.29882812 0.20117188
v -0.10351562 -0.29492188 -0.13085938
v -0.10351562 -0.28710938 0.13867188
v -0.10351562 -0.27148438 0.15429688
v -0.10351562 -0.26757812 -0.14257812
v -0.10351562 -0.26367188 -0.17382812
v -0.10351562 -0.25585938 0.16601562
v -0.10351562 -0.25585938 0.20898438
v -0.10351562 -0.24804688 0.21289062
v -0.10351562 -0.24414062 -0.13867188
v -0.10351562 -0.22460938 -0.13085938
v -0.10351562 -0.21679688 0.22851562
v -0.10351562 -0.20898438 0.14257812
v -0.10351562 -0.20507812 -0.11914062
v -0.10351562 -0.20507812 0.22460938
v -0.10351562 -0.20117188 -0.18554688
v -0.10351562 -0.20117188 0.13085938
v -0.10351562 -0.18945312 0.20898438
v -0.10351562 -0.18554688 -0.15429688
v -0.10351562 -0.17773438 0.19335938
v -0.10351562 -0.16992188 -0.14257812
v -0.10351562 -0.16992188 0.18164062
v -0.10351562 -0.16601562 0.08789062
v -0.10351562 -0.16210938 0.16992188
v -0.10351562 -0.15039062 0.16210938
v -0.10351562 -0.13476562 0.08007812
v -0.10351562 -0.10351562 0.16210938
v -0.10351562 -0.09570312 0.15820312
v -0.10351562 -0.08789062 0.07226562
v -0.10351562 -0.07226562 0.15429688
v -0.10351562 -0.06445312 -0.14257812
v -0.10351562 -0.04492188 0.13476562
v -0.10351562 -0.04101562 0.11523438
v -0.10351562 0.00195312 0.00195312
v -0.10351562 0.00976562 -0.03320312
v -0.10351562 0.00976562 0.00585938
v -0.10351562 0.01757812 -0.03320312
v -0.10351562 0.01757812 0.00585938
v -0.10351562 0.03320312 -0.02539062
v -0.10351562 0.04101562 -0.01757812
v -0.10351562 0.13085938 0.27539062
v -0.10351562 0.14257812 0.11132812
v -0.10351562 0.15039062 0.06445312
v -0.10351562 0.15429688 0.16210938
v -0.10351562 0.16210938 0.13085938
v -0.10351562 0.16601562 0.15429688
v -0.10351562 0.17382812 0.13867188
v -0.10351562 0.17773438 0.04101562
v -0.10351562 0.17773438 0.05664062
v -0.10351562 0.20507812 0.03710938
v -0.10351562 0.21289062 0.37695312
v -0.10351562 0.21679688 0.39648438
v -0.10351562 0.22070312 0.37695312
v -0.10351562 0.22460938 0.02148438
v -0.10351562 0.22460938 0.38867188
v -0.10351562 0.22851562 0.03710938
v -0.10351562 0.22851562 0.07226562
v -0.10351562 0.22851562 0.31835938
v -0.10351562 0.23242188 0.40820312
v -0.10351562 0.23632812 0.31445312
v -0.10351562 0.24023438 0.40429688
v -0.10351562 0.24804688 0.39257812
v -0.10351562 0.25195312 0.08007812
v -0.10351562 0.25976562 0.33398438
v -0.10351562 0.25976562 0.34179688
v -0.10351562 0.26367188 0.38867188
v -0.10351562 0.26757812 0.30273438
v -0.10351562 0.26757812 0.35351562
v -0.10351562 0.27539062 0.25195312
v -0.10351562 0.27929688 0.29101562
v -0.10351562 0.28320312 0.26367188
v -0.10351562 0.29492188 0.28710938
v -0.10351562 0.29492188 0.29101562
v -0.10351562 0.29492188 0.30273438
v -0.10351562 0.30273438 0.28710938
v -0.10351562 0.30273438 0.31445312
v -0.10351562 0.30664062 0.17773438
v -0.10351562 0.30664062 0.18945312
v -0.10351562 0.31054688 0.18945312
v -0.10351562 0.31054688 0.19726562
v -0.10351562 0.31054688 0.20507812
v -0.10351562 0.31445312 0.19726562
v -0.10351562 0.31835938 0.20507812
v -0.10351562 0.35351562 0.27148438
v -0.09960938 -0.45117188 -0.15429688
v -0.09960938 -0.45117188 -0.10742188
v -0.09960938 -0.43945312 -0.16601562
v -0.09960938 -0.42773438 -0.16601562
v -0.09960938 -0.39257812 -0.08398438
v -0.09960938 -0.39257812 0.13476562
v -0.09960938 -0.37304688 0.16210938
v -0.09960938 -0.36914062 0.16601562
v -0.09960938 -0.35351562 0.10351562
v -0.09960938 -0.35351562 0.17773438
v -0.09960938 -0.34570312 0.09960938
v -0.09960938 -0.34570312 0.18164062
v -0.09960938 -0.33398438 -0.18554688
v -0.09960938 -0.33398438 0.09570312
v -0.09960938 -0.32617188 -0.11523438
v -0.09960938 -0.32226562 0.09960938
v -0.09960938 -0.31835938 0.10351562
v -0.09960938 -0.29492188 -0.18945312
v -0.09960938 -0.27148438 0.20507812
v -0.09960938 -0.26757812 -0.13476562
v -0.09960938 -0.26367188 -0.18945312
v -0.09960938 -0.23242188 -0.19335938
v -0.09960938 -0.23242188 0.22460938
v -0.09960938 -0.19335938 0.11914062
v -0.09960938 -0.17382812 -0.08398438
v -0.09960938 -0.15039062 -0.07226562
v -0.09960938 -0.13867188 0.15820312
v -0.09960938 -0.13085938 0.16210938
v -0.09960938 -0.11523438 0.16601562
v -0.09960938 -0.11132812 0.06835938
v -0.09960938 -0.10351562 -0.15039062
v -0.09960938 -0.08398438 0.16210938
v -0.09960938 -0.05273438 -0.05273438
v -0.09960938 -0.04882812 0.15039062
v -0.09960938 -0.04101562 0.08789062
v -0.09960938 -0.03320312 -0.13476562
v -0.09960938 -0.01757812 -0.09570312
v -0.09960938 0.02929688 0.00976562
v -0.09960938 0.08789062 0.20898438
v -0.09960938 0.09960938 0.18945312
v -0.09960938 0.13476562 0.09960938
v -0.09960938 0.13867188 0.12304688
v -0.09960938 0.13867188 0.16601562
v -0.09960938 0.14257812 0.28710938
v -0.09960938 0.15039062 0.04492188
v -0.09960938 0.15039062 0.13085938
v -0.09960938 0.17382812 0.15039062
v -0.09960938 0.17773438 0.02539062
v -0.09960938 0.17773438 0.14257812
v -0.09960938 0.18554688 0.30273438
v -0.09960938 0.20117188 0.02148438
v -0.09960938 0.20507812 0.05664062
v -0.09960938 0.21289062 0.39257812
v -0.09960938 0.21679688 0.37304688
v -0.09960938 0.22070312 0.40429688
v -0.09960938 0.22460938 0.00585938
v -0.09960938 0.22460938 0.05664062
v -0.09960938 0.22460938 0.40429688
v -0.09960938 0.22851562 0.40820312
v -0.09960938 0.23242188 0.39257812
v -0.09960938 0.23632812 0.40820312
v -0.09960938 0.24023438 0.39648438
v -0.09960938 0.24804688 0.06835938
v -0.09960938 0.25195312 0.40039062
v -0.09960938 0.25976562 0.38476562
v -0.09960938 0.26367188 0.25976562
v -0.09960938 0.26367188 0.29492188
v -0.09960938 0.26757812 0.07617188
v -0.09960938 0.26757812 0.27148438
v -0.09960938 0.26757812 0.37304688
v -0.09960938 0.27539062 0.28320312
v -0.09960938 0.27539062 0.36132812
v -0.09960938 0.28710938 0.08007812
v -0.09960938 0.30273438 0.28710938
v -0.09960938 0.30664062 0.08398438
v -0.09960938 0.31054688 0.29101562
v -0.09960938 0.31835938 0.29101562
v -0.09960938 0.32617188 0.09179688
v -0.09960938 0.32617188 0.29101562
v -0.09960938 0.33007812 0.20898438
v -0.09960938 0.33398438 0.29101562
v -0.09960938 0.34960938 0.23242188
v -0.09960938 0.35742188 0.26757812
v -0.09570312 -0.45117188 -0.16210938
v -0.09570312 -0.45117188 -0.08789062
v -0.09570312 -0.44726562 -0.16601562
v -0.09570312 -0.39257812 0.14648438
v -0.09570312 -0.38867188 0.12304688
v -0.09570312 -0.38476562 0.15429688
v -0.09570312 -0.37695312 0.11523438
v -0.09570312 -0.36914062 -0.09179688
v -0.09570312 -0.36523438 0.10742188
v -0.09570312 -0.36132812 0.17382812
v -0.09570312 -0.32617188 0.09570312
v -0.09570312 -0.29492188 -0.12304688
v -0.09570312 -0.27148438 0.14648438
v -0.09570312 -0.25976562 0.15820312
v -0.09570312 -0.24804688 -0.13085938
v -0.09570312 -0.24414062 0.21679688
v -0.09570312 -0.24023438 0.16210938
v -0.09570312 -0.22851562 0.15429688
v -0.09570312 -0.20898438 -0.20117188
v -0.09570312 -0.19335938 -0.09960938
v -0.09570312 -0.18945312 -0.18554688
v -0.09570312 -0.18554688 0.10351562
v -0.09570312 -0.17773438 -0.16992188
v -0.09570312 -0.13476562 -0.15429688
v -0.09570312 -0.12695312 0.06835938
v -0.09570312 -0.11914062 -0.05664062
v -0.09570312 -0.09570312 0.16992188
v -0.09570312 -0.06054688 0.16210938
v -0.09570312 -0.02929688 0.13867188
v -0.09570312 -0.02148438 0.11523438
v -0.09570312 -0.00585938 -0.00976562
v -0.09570312 0.03710938 0.00585938
v -0.09570312 0.08398438 0.23632812
v -0.09570312 0.09179688 0.25195312
v -0.09570312 0.10742188 0.27148438
v -0.09570312 0.12695312 0.11132812
v -0.09570312 0.13085938 0.08398438
v -0.09570312 0.15820312 0.15429688
v -0.09570312 0.15820312 0.30273438
v -0.09570312 0.16210938 0.13476562
v -0.09570312 0.20898438 0.38476562
v -0.09570312 0.21679688 0.31835938
v -0.09570312 0.21679688 0.38476562
v -0.09570312 0.21679688 0.40039062
v -0.09570312 0.23242188 0.40820312
v -0.09570312 0.23632812 0.40429688
v -0.09570312 0.24414062 0.32617188
v -0.09570312 0.24414062 0.40429688
v -0.09570312 0.24804688 0.02148438
v -0.09570312 0.24804688 0.03710938
v -0.09570312 0.24804688 0.29882812
v -0.09570312 0.25195312 0.39257812
v -0.09570312 0.25585938 0.28320312
v -0.09570312 0.25585938 0.32226562
v -0.09570312 0.25585938 0.33398438
v -0.09570312 0.25976562 0.34179688
v -0.09570312 0.26757812 0.38867188
v -0.09570312 0.27148438 0.06835938
v -0.09570312 0.28320312 0.37695312
v -0.09570312 0.29101562 0.36523438
v -0.09570312 0.29492188 0.29492188
v -0.09570312 0.29882812 0.28710938
v -0.09570312 0.29882812 0.30273438
v -0.09570312 0.30273438 0.29101562
v -0.09570312 0.30273438 0.34960938
v -0.09570312 0.30664062 0.29492188
v -0.09570312 0.30664062 0.31054688
v -0.09570312 0.31054688 0.15820312
v -0.09570312 0.31054688 0.29492188
v -0.09570312 0.31054688 0.32617188
v -0.09570312 0.31445312 0.17382812
v -0.09570312 0.31835938 0.29882812
v -0.09570312 0.32226562 0.18554688
v -0.09570312 0.32617188 0.19726562
v -0.09570312 0.33789062 0.10742188
v -0.09570312 0.34179688 0.28710938
v -0.09570312 0.36132812 0.25195312
v -0.09179688 -0.44726562 -0.07226562
v -0.09179688 -0.44335938 -0.06835938
v -0.09179688 -0.43554688 -0.06835938
v -0.09179688 -0.41992188 -0.06835938
v -0.09179688 -0.38085938 0.11523438
v -0.09179688 -0.37695312 0.16601562
v -0.09179688 -0.36914062 0.16992188
v -0.09179688 -0.35351562 0.09960938
v -0.09179688 -0.34960938 -0.09960938
v -0.09179688 -0.34179688 0.09570312
v -0.09179688 -0.34179688 0.18945312
v -0.09179688 -0.33398438 0.09179688
v -0.09179688 -0.33398438 0.19726562
v -0.09179688 -0.31835938 0.20507812
v -0.09179688 -0.31054688 0.11132812
v -0.09179688 -0.30664062 0.11523438
v -0.09179688 -0.30273438 0.12695312
v -0.09179688 -0.29882812 0.20898438
v -0.09179688 -0.27148438 0.21289062
v -0.09179688 -0.26757812 -0.12695312
v -0.09179688 -0.25195312 0.21289062
v -0.09179688 -0.22851562 -0.12304688
v -0.09179688 -0.22070312 0.14648438
v -0.09179688 -0.21679688 0.23632812
v -0.09179688 -0.21289062 -0.11523438
v -0.09179688 -0.21289062 0.13476562
v -0.09179688 -0.20117188 0.23242188
v -0.09179688 -0.19726562 -0.20117188
v -0.09179688 -0.17773438 0.09179688
v -0.09179688 -0.16210938 -0.15820312
v -0.09179688 -0.15039062 0.07617188
v -0.09179688 -0.13476562 0.07226562
v -0.09179688 -0.11132812 0.05664062
v -0.09179688 -0.11132812 0.16992188
v -0.09179688 -0.09179688 -0.04492188
v -0.09179688 -0.08789062 0.05664062
v -0.09179688 -0.06835938 0.16992188
v -0.09179688 -0.06445312 0.06054688
v -0.09179688 -0.04492188 0.06445312
v -0.09179688 -0.03710938 0.15429688
v -0.09179688 -0.02929688 -0.04492188
v -0.09179688 -0.02148438 0.09179688
v -0.09179688 -0.01367188 -0.06054688
v -0.09179688 -0.00585938 -0.01757812
v -0.09179688 0.03710938 -0.00585938
v -0.09179688 0.03710938 0.00195312
v -0.09179688 0.07617188 0.22070312
v -0.09179688 0.08789062 0.19726562
v -0.09179688 0.11914062 0.28320312
v -0.09179688 0.12304688 0.11914062
v -0.09179688 0.12304688 0.16601562
v -0.09179688 0.13085938 0.06835938
v -0.09179688 0.13476562 0.13085938
v -0.09179688 0.15039062 0.02929688
v -0.09179688 0.16601562 0.15039062
v -0.09179688 0.16992188 0.31445312
v -0.09179688 0.19726562 0.31835938
v -0.09179688 0.20117188 0.00976562
v -0.09179688 0.21289062 0.38085938
v -0.09179688 0.21289062 0.39648438
v -0.09179688 0.22070312 0.39257812
v -0.09179688 0.22070312 0.40429688
v -0.09179688 0.22460938 0.40429688
v -0.09179688 0.22851562 0.39648438
v -0.09179688 0.22851562 0.40429688
v -0.09179688 0.23242188 0.40039062
v -0.09179688 0.23632812 0.32617188
v -0.09179688 0.23632812 0.40429688
v -0.09179688 0.24414062 0.33789062
v -0.09179688 0.24414062 0.39648438
v -0.09179688 0.24804688 0.05664062
v -0.09179688 0.25195312 0.00976562
v -0.09179688 0.25195312 0.40039062
v -0.09179688 0.26757812 0.35351562
v -0.09179688 0.29101562 0.07617188
v -0.09179688 0.29882812 0.29492188
v -0.09179688 0.30273438 0.30664062
v -0.09179688 0.30664062 0.29492188
v -0.09179688 0.30664062 0.29882812
v -0.09179688 0.31054688 0.30664062
v -0.09179688 0.31835938 0.31054688
v -0.09179688 0.32226562 0.13867188
v -0.09179688 0.32226562 0.29882812
v -0.09179688 0.33007812 0.29882812
v -0.09179688 0.33789062 0.19726562
v -0.09179688 0.34179688 0.12695312
v -0.09179688 0.34179688 0.20898438
v -0.09179688 0.34570312 0.22070312
v -0.09179688 0.34960938 0.28320312
v -0.08789062 -0.45117188 -0.15820312
v -0.08789062 -0.45117188 -0.14648438
v -0.08789062 -0.45117188 -0.13085938
v -0.08789062 -0.40429688 -0.18945312
v -0.08789062 -0.40039062 -0.07617188
v -0.08789062 -0.39257812 -0.08007812
v -0.08789062 -0.38085938 -0.19335938
v -0.08789062 -0.36132812 -0.19335938
v -0.08789062 -0.36132812 0.17773438
v -0.08789062 -0.35351562 0.18164062
v -0.08789062 -0.32617188 -0.11132812
v -0.08789062 -0.32226562 0.09570312
v -0.08789062 -0.31445312 0.09570312
v -0.08789062 -0.31054688 0.10351562
v -0.08789062 -0.29101562 0.13085938
v -0.08789062 -0.28320312 0.13476562
v -0.08789062 -0.26367188 0.15039062
v -0.08789062 -0.24804688 -0.12695312
v -0.08789062 -0.23242188 0.22851562
v -0.08789062 -0.20507812 0.12304688
v -0.08789062 -0.18554688 -0.19335938
v -0.08789062 -0.18554688 0.21679688
v -0.08789062 -0.17773438 0.20507812
v -0.08789062 -0.16601562 0.19335938
v -0.08789062 -0.15820312 0.17773438
v -0.08789062 -0.15039062 0.16992188
v -0.08789062 -0.14257812 0.16992188
v -0.08789062 -0.12695312 0.16992188
v -0.08789062 -0.08789062 0.17382812
v -0.08789062 -0.08398438 0.03320312
v -0.08789062 -0.06445312 0.03320312
v -0.08789062 -0.05664062 -0.03710938
v -0.08789062 -0.04492188 0.03710938
v -0.08789062 -0.00585938 -0.11523438
v -0.08789062 -0.00195312 -0.08007812
v -0.08789062 -0.00195312 0.01367188
v -0.08789062 0.00585938 -0.02148438
v -0.08789062 0.00585938 0.02148438
v -0.08789062 0.01367188 0.02148438
v -0.08789062 0.01757812 -0.02148438
v -0.08789062 0.02929688 -0.01757812
v -0.08789062 0.02929688 0.02148438
v -0.08789062 0.07226562 0.24414062
v -0.08789062 0.08398438 0.25976562
v -0.08789062 0.11132812 0.09960938
v -0.08789062 0.11523438 0.10742188
v -0.08789062 0.13085938 0.29882812
v -0.08789062 0.14648438 0.15820312
v -0.08789062 0.15039062 0.13476562
v -0.08789062 0.16601562 0.13867188
v -0.08789062 0.17773438 0.01367188
v -0.08789062 0.21679688 0.38867188
v -0.08789062 0.22070312 0.33007812
v -0.08789062 0.22070312 0.40039062
v -0.08789062 0.22460938 0.40429688
v -0.08789062 0.23632812 0.40039062
v -0.08789062 0.23632812 0.40429688
v -0.08789062 0.24414062 0.39648438
v -0.08789062 0.24414062 0.40429688
v -0.08789062 0.25195312 0.39257812
v -0.08789062 0.25195312 0.40039062
v -0.08789062 0.25976562 0.02539062
v -0.08789062 0.25976562 0.38476562
v -0.08789062 0.26757812 0.38867188
v -0.08789062 0.27148438 0.37304688
v -0.08789062 0.27929688 0.35742188
v -0.08789062 0.31054688 0.08398438
v -0.08789062 0.32617188 0.09179688
v -0.08789062 0.32617188 0.31054688
v -0.08789062 0.33007812 0.16992188
v -0.08789062 0.33398438 0.18554688
v -0.08789062 0.33789062 0.29882812
v -0.08789062 0.35742188 0.24023438
v -0.08789062 0.36132812 0.27539062
v -0.08398438 -0.43945312 -0.17382812
v -0.08398438 -0.42773438 -0.17382812
v -0.08398438 -0.41210938 -0.18164062
v -0.08398438 -0.39648438 0.13867188
v -0.08398438 -0.39648438 0.14648438
v -0.08398438 -0.37304688 0.17382812
v -0.08398438 -0.36914062 -0.08789062
v -0.08398438 -0.36523438 0.10742188
v -0.08398438 -0.34179688 0.09570312
v -0.08398438 -0.33398438 -0.19726562
v -0.08398438 -0.33007812 0.09179688
v -0.08398438 -0.30273438 -0.19726562
v -0.08398438 -0.29492188 -0.11914062
v -0.08398438 -0.27539062 0.13867188
v -0.08398438 -0.27148438 -0.12304688
v -0.08398438 -0.27148438 0.21289062
v -0.08398438 -0.26757812 -0.20117188
v -0.08398438 -0.25195312 0.22070312
v -0.08398438 -0.24804688 0.15820312
v -0.08398438 -0.24414062 0.22460938
v -0.08398438 -0.24023438 -0.20507812
v -0.08398438 -0.23242188 -0.12304688
v -0.08398438 -0.23242188 0.15429688
v -0.08398438 -0.22070312 0.14648438
v -0.08398438 -0.21679688 -0.21289062
v -0.08398438 -0.21679688 0.13867188
v -0.08398438 -0.21289062 -0.11132812
v -0.08398438 -0.20117188 -0.21289062
v -0.08398438 -0.19726562 -0.09570312
v -0.08398438 -0.19726562 0.11132812
v -0.08398438 -0.17773438 -0.08007812
v -0.08398438 -0.17382812 -0.17773438
v -0.08398438 -0.15820312 -0.06445312
v -0.08398438 -0.13476562 -0.16601562
v -0.08398438 -0.13476562 -0.05273438
v -0.08398438 -0.11132812 0.03320312
v -0.08398438 -0.10351562 0.17773438
v -0.08398438 -0.09570312 -0.29492188
v -0.08398438 -0.09570312 -0.16601562
v -0.08398438 -0.08398438 0.00195312
v -0.08398438 -0.06054688 0.00585938
v -0.08398438 -0.05273438 -0.16210938
v -0.08398438 -0.04492188 0.16992188
v -0.08398438 -0.04101562 0.00585938
v -0.08398438 -0.03710938 -0.03710938
v -0.08398438 -0.02148438 0.06445312
v -0.08398438 -0.01757812 -0.14648438
v -0.08398438 -0.01367188 0.14257812
v -0.08398438 -0.00976562 0.11914062
v -0.08398438 -0.00585938 0.00585938
v -0.08398438 -0.00585938 0.09570312
v -0.08398438 0.03710938 0.01757812
v -0.08398438 0.06835938 0.22851562
v -0.08398438 0.07617188 0.20898438
v -0.08398438 0.09570312 0.27929688
v -0.08398438 0.09960938 0.17773438
v -0.08398438 0.10742188 0.11132812
v -0.08398438 0.11523438 0.12695312
v -0.08398438 0.12695312 0.05273438
v -0.08398438 0.14257812 0.31054688
v -0.08398438 0.18164062 0.32226562
v -0.08398438 0.20898438 0.39257812
v -0.08398438 0.21289062 0.38476562
v -0.08398438 0.21679688 0.40039062
v -0.08398438 0.22070312 0.39257812
v -0.08398438 0.22070312 0.40039062
v -0.08398438 0.22460938 -0.00195312
v -0.08398438 0.22460938 0.39648438
v -0.08398438 0.22460938 0.40429688
v -0.08398438 0.22851562 0.39648438
v -0.08398438 0.22851562 0.40039062
v -0.08398438 0.23242188 0.40429688
v -0.08398438 0.23632812 0.40039062
v -0.08398438 0.24023438 0.34179688
v -0.08398438 0.24414062 0.40429688
v -0.08398438 0.25195312 0.34570312
v -0.08398438 0.27539062 0.06054688
v -0.08398438 0.28320312 0.37695312
v -0.08398438 0.29101562 0.36914062
v -0.08398438 0.30273438 0.35742188
v -0.08398438 0.31445312 0.33398438
v -0.08398438 0.32226562 0.15429688
v -0.08398438 0.33398438 0.31445312
v -0.08398438 0.34179688 0.10351562
v -0.08398438 0.35351562 0.22460938
v -0.08007812 -0.45117188 -0.16601562
v -0.08007812 -0.45117188 -0.11132812
v -0.08007812 -0.44726562 -0.17382812
v -0.08007812 -0.39257812 0.12695312
v -0.08007812 -0.39257812 0.15429688
v -0.08007812 -0.38085938 0.16601562
v -0.08007812 -0.34960938 -0.09960938
v -0.08007812 -0.34960938 0.09960938
v -0.08007812 -0.33007812 0.20507812
v -0.08007812 -0.31445312 0.20898438
v -0.08007812 -0.29492188 0.21289062
v -0.08007812 -0.26757812 0.14648438
v -0.08007812 -0.25195312 -0.12695312
v -0.08007812 -0.21289062 0.13085938
v -0.08007812 -0.19726562 -0.30664062
v -0.08007812 -0.19335938 -0.32226562
v -0.08007812 -0.18554688 -0.20117188
v -0.08007812 -0.16992188 -0.30664062
v -0.08007812 -0.16992188 -0.29101562
v -0.08007812 -0.16601562 0.08007812
v -0.08007812 -0.15820312 -0.16601562
v -0.08007812 -0.15429688 -0.30664062
v -0.08007812 -0.15429688 -0.29101562
v -0.08007812 -0.14648438 0.07226562
v -0.08007812 -0.13867188 -0.30664062
v -0.08007812 -0.13867188 0.06054688
v -0.08007812 -0.12304688 -0.31054688
v -0.08007812 -0.12304688 -0.29492188
v -0.08007812 -0.12304688 0.17773438
v -0.08007812 -0.11132812 -0.31054688
v -0.08007812 -0.11132812 -0.29492188
v -0.08007812 -0.11132812 -0.03710938
v -0.08007812 -0.10742188 0.00195312
v -0.08007812 -0.09179688 -0.31835938
v -0.08007812 -0.09179688 -0.30664062
v -0.08007812 -0.08398438 -0.02148438
v -0.08007812 -0.07617188 -0.29882812
v -0.08007812 -0.06054688 -0.01757812
v -0.08007812 -0.06054688 0.17773438
v -0.08007812 -0.03710938 -0.01367188
v -0.08007812 -0.02148438 -0.02929688
v -0.08007812 -0.02148438 0.00976562
v -0.08007812 -0.02148438 0.03710938
v -0.08007812 -0.01757812 0.15820312
v -0.08007812 -0.01367188 -0.03710938
v -0.08007812 -0.00585938 -0.00585938
v -0.08007812 -0.00195312 -0.04882812
v -0.08007812 0.03710938 0.00976562
v -0.08007812 0.06835938 0.25585938
v -0.08007812 0.07226562 0.27148438
v -0.08007812 0.08789062 0.18554688
v -0.08007812 0.10742188 0.08007812
v -0.08007812 0.10742188 0.09179688
v -0.08007812 0.10742188 0.29492188
v -0.08007812 0.13476562 0.13476562
v -0.08007812 0.15039062 0.01757812
v -0.08007812 0.15429688 0.13867188
v -0.08007812 0.15429688 0.15039062
v -0.08007812 0.15820312 0.31835938
v -0.08007812 0.20117188 0.00195312
v -0.08007812 0.20898438 0.33007812
v -0.08007812 0.21289062 0.39648438
v -0.08007812 0.21679688 0.39257812
v -0.08007812 0.22070312 0.39648438
v -0.08007812 0.22070312 0.40039062
v -0.08007812 0.22460938 0.39648438
v -0.08007812 0.22460938 0.40039062
v -0.08007812 0.22851562 0.40039062
v -0.08007812 0.22851562 0.40429688
v -0.08007812 0.23242188 0.40039062
v -0.08007812 0.23242188 0.40429688
v -0.08007812 0.24023438 0.39648438
v -0.08007812 0.24023438 0.40429688
v -0.08007812 0.24804688 0.39257812
v -0.08007812 0.25195312 0.40429688
v -0.08007812 0.25976562 0.03710938
v -0.08007812 0.25976562 0.38476562
v -0.08007812 0.26757812 0.02148438
v -0.08007812 0.26757812 0.35351562
v -0.08007812 0.26757812 0.39257812
v -0.08007812 0.27148438 0.37304688
v -0.08007812 0.28710938 0.38085938
v -0.08007812 0.29492188 0.06835938
v -0.08007812 0.33398438 0.13867188
v -0.08007812 0.33789062 0.31445312
v -0.08007812 0.34570312 0.18554688
v -0.08007812 0.34960938 0.12304688
v -0.08007812 0.34960938 0.19726562
v -0.08007812 0.34960938 0.29101562
v -0.08007812 0.35351562 0.21289062
v -0.08007812 0.36523438 0.25976562
v -0.07617188 -0.45117188 -0.16210938
v -0.07617188 -0.45117188 -0.15039062
v -0.07617188 -0.45117188 -0.08789062
v -0.07617188 -0.44726562 -0.07226562
v -0.07617188 -0.44335938 -0.06445312
v -0.07617188 -0.43554688 -0.06835938
v -0.07617188 -0.39648438 0.14257812
v -0.07617188 -0.36132812 0.18164062
v -0.07617188 -0.34960938 0.18554688
v -0.07617188 -0.34179688 0.19335938
v -0.07617188 -0.33789062 0.09570312
v -0.07617188 -0.32617188 -0.10742188
v -0.07617188 -0.32617188 0.09179688
v -0.07617188 -0.31835938 0.09179688
v -0.07617188 -0.30664062 0.10742188
v -0.07617188 -0.30664062 0.11523438
v -0.07617188 -0.29492188 -0.11914062
v -0.07617188 -0.27148438 -0.12304688
v -0.07617188 -0.25585938 0.15429688
v -0.07617188 -0.25195312 0.22070312
v -0.07617188 -0.24414062 0.22460938
v -0.07617188 -0.23242188 -0.12304688
v -0.07617188 -0.23242188 0.22851562
v -0.07617188 -0.22460938 -0.30664062
v -0.07617188 -0.22070312 -0.32226562
v -0.07617188 -0.21679688 -0.33789062
v -0.07617188 -0.21679688 -0.11132812
v -0.07617188 -0.21679688 0.23632812
v -0.07617188 -0.20507812 0.23242188
v -0.07617188 -0.20117188 -0.09570312
v -0.07617188 -0.19726562 -0.29492188
v -0.07617188 -0.19335938 -0.33789062
v -0.07617188 -0.18554688 0.09960938
v -0.07617188 -0.16992188 -0.32226562
v -0.07617188 -0.16992188 -0.18554688
v -0.07617188 -0.15820312 0.18554688
v -0.07617188 -0.15039062 -0.32226562
v -0.07617188 -0.14648438 0.17382812
v -0.07617188 -0.13867188 -0.32226562
v -0.07617188 -0.13867188 -0.29492188
v -0.07617188 -0.13867188 0.17382812
v -0.07617188 -0.12304688 -0.32226562
v -0.07617188 -0.11132812 -0.32226562
v -0.07617188 -0.08789062 -0.33007812
v -0.07617188 -0.08398438 -0.02929688
v -0.07617188 -0.08398438 0.18554688
v -0.07617188 -0.05664062 -0.28710938
v -0.07617188 -0.05664062 -0.02929688
v -0.07617188 -0.03710938 -0.02539062
v -0.07617188 -0.02929688 0.17382812
v -0.07617188 -0.01757812 -0.00976562
v -0.07617188 -0.00585938 0.06835938
v -0.07617188 -0.00195312 -0.12695312
v -0.07617188 -0.00195312 -0.02539062
v -0.07617188 0.00195312 0.14257812
v -0.07617188 0.00585938 -0.09179688
v -0.07617188 0.00585938 0.12304688
v -0.07617188 0.00976562 -0.06054688
v -0.07617188 0.00976562 0.09960938
v -0.07617188 0.03320312 0.00195312
v -0.07617188 0.06445312 0.22070312
v -0.07617188 0.08789062 0.28710938
v -0.07617188 0.09960938 0.10351562
v -0.07617188 0.09960938 0.11914062
v -0.07617188 0.11914062 0.30664062
v -0.07617188 0.12304688 0.03710938
v -0.07617188 0.13085938 0.15820312
v -0.07617188 0.18164062 0.00585938
v -0.07617188 0.21679688 0.39257812
v -0.07617188 0.22070312 0.39648438
v -0.07617188 0.22070312 0.40039062
v -0.07617188 0.22460938 0.40039062
v -0.07617188 0.22851562 0.34570312
v -0.07617188 0.24023438 0.40039062
v -0.07617188 0.24023438 0.40429688
v -0.07617188 0.24414062 -0.00195312
v -0.07617188 0.24804688 0.40039062
v -0.07617188 0.25195312 0.40429688
v -0.07617188 0.25585938 0.05273438
v -0.07617188 0.26367188 0.38867188
v -0.07617188 0.26757812 0.39257812
v -0.07617188 0.27539062 0.37695312
v -0.07617188 0.27929688 0.36132812
v -0.07617188 0.28320312 0.38085938
v -0.07617188 0.29492188 0.36914062
v -0.07617188 0.30273438 0.35742188
v -0.07617188 0.31054688 0.07617188
v -0.07617188 0.31835938 0.33789062
v -0.07617188 0.33398438 0.15429688
v -0.07617188 0.34179688 0.16992188
v -0.07617188 0.36523438 0.24414062
v -0.07226562 -0.45117188 -0.13085938
v -0.07226562 -0.41601562 -0.07226562
v -0.07226562 -0.40429688 -0.08007812
v -0.07226562 -0.39648438 0.13085938
v -0.07226562 -0.39257812 -0.08398438
v -0.07226562 -0.38476562 0.11523438
v -0.07226562 -0.36914062 0.17382812
v -0.07226562 -0.36523438 0.10742188
v -0.07226562 -0.31054688 0.09570312
v -0.07226562 -0.30664062 0.10351562
v -0.07226562 -0.29882812 0.12304688
v -0.07226562 -0.29101562 0.13085938
v -0.07226562 -0.28320312 0.13476562
v -0.07226562 -0.27539062 0.13867188
v -0.07226562 -0.27148438 0.21679688
v -0.07226562 -0.26757812 -0.20507812
v -0.07226562 -0.26367188 0.15039062
v -0.07226562 -0.25585938 0.21679688
v -0.07226562 -0.25195312 -0.12695312
v -0.07226562 -0.24804688 -0.34570312
v -0.07226562 -0.24023438 -0.20898438
v -0.07226562 -0.23632812 -0.12304688
v -0.07226562 -0.23632812 0.15820312
v -0.07226562 -0.22460938 -0.29492188
v -0.07226562 -0.22460938 0.15429688
v -0.07226562 -0.21289062 0.14648438
v -0.07226562 -0.20507812 0.11914062
v -0.07226562 -0.18554688 -0.08007812
v -0.07226562 -0.18554688 0.22070312
v -0.07226562 -0.17382812 0.20898438
v -0.07226562 -0.16601562 -0.06445312
v -0.07226562 -0.16601562 0.19726562
v -0.07226562 -0.15820312 -0.17382812
v -0.07226562 -0.14257812 -0.04882812
v -0.07226562 -0.13867188 0.03710938
v -0.07226562 -0.13476562 -0.16992188
v -0.07226562 -0.13085938 0.17382812
v -0.07226562 -0.12695312 -0.03710938
v -0.07226562 -0.10742188 -0.33398438
v -0.07226562 -0.10742188 -0.01757812
v -0.07226562 -0.09960938 0.18554688
v -0.07226562 -0.09179688 -0.33007812
v -0.07226562 -0.08398438 -0.28320312
v -0.07226562 -0.07617188 -0.34179688
v -0.07226562 -0.06445312 -0.30273438
v -0.07226562 -0.06054688 -0.31835938
v -0.07226562 -0.02929688 -0.16210938
v -0.07226562 -0.01367188 -0.01757812
v -0.07226562 -0.00585938 0.01367188
v -0.07226562 -0.00195312 -0.00195312
v -0.07226562 -0.00195312 0.16210938
v -0.07226562 0.00585938 -0.03320312
v -0.07226562 0.00585938 -0.00976562
v -0.07226562 0.01367188 -0.00976562
v -0.07226562 0.02929688 -0.00585938
v -0.07226562 0.06445312 0.24023438
v -0.07226562 0.07617188 0.19726562
v -0.07226562 0.08789062 0.09570312
v -0.07226562 0.09570312 0.30273438
v -0.07226562 0.13476562 0.31835938
v -0.07226562 0.14257812 0.32226562
v -0.07226562 0.16210938 0.32617188
v -0.07226562 0.18945312 0.33398438
v -0.07226562 0.24414062 0.35351562
v -0.07226562 0.25976562 0.03320312
v -0.07226562 0.27539062 0.05664062
v -0.07226562 0.28710938 0.36523438
v -0.07226562 0.29101562 0.37304688
v -0.07226562 0.32226562 0.34179688
v -0.07226562 0.33007812 0.08789062
v -0.07226562 0.36132812 0.27929688
v -0.06835938 -0.45117188 -0.16992188
v -0.06835938 -0.45117188 -0.16210938
v -0.06835938 -0.45117188 -0.11132812
v -0.06835938 -0.44726562 -0.17382812
v -0.06835938 -0.43945312 -0.17382812
v -0.06835938 -0.43164062 -0.17773438
v -0.06835938 -0.41601562 -0.18164062
v -0.06835938 -0.40429688 -0.18945312
v -0.06835938 -0.39257812 0.12304688
v -0.06835938 -0.38867188 -0.19335938
v -0.06835938 -0.38085938 0.16601562
v -0.06835938 -0.36914062 -0.09179688
v -0.06835938 -0.36523438 -0.19335938
v -0.06835938 -0.34960938 -0.09960938
v -0.06835938 -0.33398438 -0.19726562
v -0.06835938 -0.32617188 -0.11132812
v -0.06835938 -0.31445312 0.20898438
v -0.06835938 -0.30273438 -0.20117188
v -0.06835938 -0.29492188 -0.11914062
v -0.06835938 -0.29492188 0.21289062
v -0.06835938 -0.27539062 -0.35742188
v -0.06835938 -0.27148438 -0.12695312
v -0.06835938 -0.26757812 0.14648438
v -0.06835938 -0.25195312 -0.33007812
v -0.06835938 -0.24804688 -0.12695312
v -0.06835938 -0.24804688 0.22070312
v -0.06835938 -0.24414062 0.15820312
v -0.06835938 -0.23242188 -0.12304688
v -0.06835938 -0.22070312 -0.21679688
v -0.06835938 -0.21679688 -0.11132812
v -0.06835938 -0.21289062 -0.34960938
v -0.06835938 -0.20898438 0.14257812
v -0.06835938 -0.20507812 -0.21679688
v -0.06835938 -0.20117188 -0.09570312
v -0.06835938 -0.19726562 -0.28320312
v -0.06835938 -0.19335938 0.10742188
v -0.06835938 -0.18945312 -0.08007812
v -0.06835938 -0.18554688 -0.20898438
v -0.06835938 -0.16992188 -0.27929688
v -0.06835938 -0.16992188 -0.18945312
v -0.06835938 -0.16601562 -0.33398438
v -0.06835938 -0.16210938 0.07226562
v -0.06835938 -0.15429688 -0.27929688
v -0.06835938 -0.15039062 -0.33398438
v -0.06835938 -0.14257812 -0.28320312
v -0.06835938 -0.13476562 -0.33398438
v -0.06835938 -0.13476562 0.00585938
v -0.06835938 -0.13085938 -0.03710938
v -0.06835938 -0.12304688 -0.34570312
v -0.06835938 -0.12304688 -0.28320312
v -0.06835938 -0.11914062 -0.33789062
v -0.06835938 -0.11523438 0.18164062
v -0.06835938 -0.11132812 -0.33789062
v -0.06835938 -0.10742188 -0.34570312
v -0.06835938 -0.10742188 -0.28320312
v -0.06835938 -0.10742188 -0.02929688
v -0.06835938 -0.10351562 -0.17382812
v -0.06835938 -0.05664062 -0.33398438
v -0.06835938 -0.04882812 0.18945312
v -0.06835938 -0.04492188 -0.29492188
v -0.06835938 -0.01367188 -0.15039062
v -0.06835938 -0.00976562 0.17773438
v -0.06835938 -0.00585938 0.01367188
v -0.06835938 -0.00195312 -0.00976562
v -0.06835938 -0.00195312 -0.00195312
v -0.06835938 -0.00195312 0.04101562
v -0.06835938 0.00195312 -0.01367188
v -0.06835938 0.00195312 0.02929688
v -0.06835938 0.00976562 0.03710938
v -0.06835938 0.00976562 0.07617188
v -0.06835938 0.01367188 -0.10351562
v -0.06835938 0.01367188 -0.07226562
v -0.06835938 0.01367188 -0.04492188
v -0.06835938 0.01757812 0.03710938
v -0.06835938 0.01757812 0.14648438
v -0.06835938 0.02148438 0.12695312
v -0.06835938 0.02929688 0.10742188
v -0.06835938 0.03320312 0.03320312
v -0.06835938 0.03710938 0.02539062
v -0.06835938 0.06054688 0.26367188
v -0.06835938 0.06835938 0.28320312
v -0.06835938 0.07617188 0.29882812
v -0.06835938 0.08789062 0.11132812
v -0.06835938 0.09179688 0.12695312
v -0.06835938 0.10742188 0.06445312
v -0.06835938 0.11132812 0.31445312
v -0.06835938 0.11523438 0.13476562
v -0.06835938 0.13867188 0.14257812
v -0.06835938 0.13867188 0.15429688
v -0.06835938 0.13867188 0.32617188
v -0.06835938 0.13867188 0.33007812
v -0.06835938 0.14257812 0.32226562
v -0.06835938 0.15039062 0.33007812
v -0.06835938 0.15429688 0.00976562
v -0.06835938 0.20117188 0.00585938
v -0.06835938 0.22070312 -0.00195312
v -0.06835938 0.23632812 0.00195312
v -0.06835938 0.25585938 0.04882812
v -0.06835938 0.26367188 0.36132812
v -0.06835938 0.29882812 0.06054688
v -0.06835938 0.34179688 0.10351562
v -0.06835938 0.34570312 0.13867188
v -0.06835938 0.34960938 0.32226562
v -0.06835938 0.35351562 0.29882812
v -0.06835938 0.36132812 0.19726562
v -0.06835938 0.36132812 0.21289062
v -0.06835938 0.36523438 0.22851562
v -0.06835938 0.36523438 0.26367188
v -0.06445312 -0.45117188 -0.15429688
v -0.06445312 -0.45117188 -0.09179688
v -0.06445312 -0.44726562 -0.07617188
v -0.06445312 -0.39257812 0.15820312
v -0.06445312 -0.34960938 0.09960938
v -0.06445312 -0.33789062 0.19335938
v -0.06445312 -0.32617188 0.20507812
v -0.06445312 -0.28320312 -0.33007812
v -0.06445312 -0.26757812 -0.36523438
v -0.06445312 -0.26757812 -0.12695312
v -0.06445312 -0.25976562 0.15429688
v -0.06445312 -0.25585938 0.15820312
v -0.06445312 -0.25195312 -0.31835938
v -0.06445312 -0.24804688 -0.13085938
v -0.06445312 -0.24023438 -0.35351562
v -0.06445312 -0.23242188 0.22460938
v -0.06445312 -0.21679688 -0.11132812
v -0.06445312 -0.20117188 0.13085938
v -0.06445312 -0.17773438 0.08789062
v -0.06445312 -0.16601562 -0.06445312
v -0.06445312 -0.14648438 -0.04882812
v -0.06445312 -0.13476562 -0.01757812
v -0.06445312 -0.12304688 -0.35351562
v -0.06445312 -0.11914062 -0.33789062
v -0.06445312 -0.11914062 -0.02929688
v -0.06445312 -0.09960938 -0.33007812
v -0.06445312 -0.06835938 -0.32226562
v -0.06445312 -0.06054688 -0.17773438
v -0.06445312 -0.02929688 -0.27929688
v -0.06445312 0.00585938 -0.00976562
v -0.06445312 0.00585938 -0.00585938
v -0.06445312 0.00976562 -0.02148438
v -0.06445312 0.01367188 -0.02929688
v -0.06445312 0.01367188 0.16210938
v -0.06445312 0.02148438 -0.05273438
v -0.06445312 0.02929688 0.04882812
v -0.06445312 0.02929688 0.08789062
v -0.06445312 0.03710938 0.02148438
v -0.06445312 0.04492188 0.13085938
v -0.06445312 0.05273438 0.11523438
v -0.06445312 0.06054688 0.23242188
v -0.06445312 0.06054688 0.25195312
v -0.06445312 0.06835938 0.20898438
v -0.06445312 0.07226562 0.10351562
v -0.06445312 0.07226562 0.12304688
v -0.06445312 0.08789062 0.08007812
v -0.06445312 0.08789062 0.13867188
v -0.06445312 0.08789062 0.31054688
v -0.06445312 0.10742188 0.16992188
v -0.06445312 0.12304688 0.02148438
v -0.06445312 0.13476562 0.33007812
v -0.06445312 0.13867188 0.33398438
v -0.06445312 0.14257812 0.33007812
v -0.06445312 0.16601562 0.33398438
v -0.06445312 0.18164062 0.00585938
v -0.06445312 0.20898438 0.34570312
v -0.06445312 0.23632812 0.36132812
v -0.06445312 0.27539062 0.37695312
v -0.06445312 0.29492188 0.37695312
v -0.06445312 0.30664062 0.36523438
v -0.06445312 0.31445312 0.07226562
v -0.06445312 0.34960938 0.11914062
v -0.06445312 0.35351562 0.16992188
v -0.06445312 0.35742188 0.18554688
v -0.06054688 -0.44335938 -0.07226562
v -0.06054688 -0.43554688 -0.07226562
v -0.06054688 -0.41601562 -0.07617188
v -0.06054688 -0.40429688 -0.08398438
v -0.06054688 -0.39648438 0.13476562
v -0.06054688 -0.39648438 0.14648438
v -0.06054688 -0.39257812 -0.08789062
v -0.06054688 -0.39257812 0.12695312
v -0.06054688 -0.38867188 0.12304688
v -0.06054688 -0.36914062 -0.09570312
v -0.06054688 -0.36914062 0.17382812
v -0.06054688 -0.35742188 0.18164062
v -0.06054688 -0.34960938 -0.10351562
v -0.06054688 -0.34960938 0.18554688
v -0.06054688 -0.33007812 0.09179688
v -0.06054688 -0.32617188 -0.11132812
v -0.06054688 -0.29492188 -0.12304688
v -0.06054688 -0.28710938 0.13476562
v -0.06054688 -0.27539062 -0.34179688
v -0.06054688 -0.27539062 0.14257812
v -0.06054688 -0.27148438 0.14648438
v -0.06054688 -0.26757812 0.21289062
v -0.06054688 -0.26367188 0.15039062
v -0.06054688 -0.25976562 -0.37695312
v -0.06054688 -0.25585938 -0.30273438
v -0.06054688 -0.25585938 0.21289062
v -0.06054688 -0.23242188 -0.12304688
v -0.06054688 -0.22460938 -0.28710938
v -0.06054688 -0.22070312 0.22851562
v -0.06054688 -0.20507812 0.22460938
v -0.06054688 -0.20117188 -0.09570312
v -0.06054688 -0.19335938 0.12304688
v -0.06054688 -0.18945312 -0.34570312
v -0.06054688 -0.18945312 -0.08007812
v -0.06054688 -0.16992188 -0.06445312
v -0.06054688 -0.16992188 0.19726562
v -0.06054688 -0.16210938 0.06054688
v -0.06054688 -0.16210938 0.18554688
v -0.06054688 -0.15820312 -0.17773438
v -0.06054688 -0.15429688 0.17773438
v -0.06054688 -0.15039062 -0.05273438
v -0.06054688 -0.14257812 0.16992188
v -0.06054688 -0.13476562 -0.17382812
v -0.06054688 -0.13476562 -0.03710938
v -0.06054688 -0.09179688 0.19726562
v -0.06054688 -0.08398438 -0.32226562
v -0.06054688 -0.07226562 0.19726562
v -0.06054688 -0.04492188 -0.27148438
v -0.06054688 -0.03710938 -0.30664062
v -0.06054688 0.00585938 -0.13476562
v -0.06054688 0.00976562 -0.01367188
v -0.06054688 0.00976562 -0.00195312
v -0.06054688 0.00976562 0.04882812
v -0.06054688 0.00976562 0.17773438
v -0.06054688 0.01367188 -0.01757812
v -0.06054688 0.01757812 -0.03710938
v -0.06054688 0.02148438 -0.08007812
v -0.06054688 0.03320312 0.01757812
v -0.06054688 0.03710938 0.04101562
v -0.06054688 0.03710938 0.16210938
v -0.06054688 0.04101562 0.06835938
v -0.06054688 0.04101562 0.14648438
v -0.06054688 0.04882812 0.09179688
v -0.06054688 0.06445312 0.08398438
v -0.06054688 0.06445312 0.13476562
v -0.06054688 0.09179688 0.17773438
v -0.06054688 0.11132812 0.15429688
v -0.06054688 0.11523438 0.13867188
v -0.06054688 0.12695312 0.32617188
v -0.06054688 0.13476562 0.33398438
v -0.06054688 0.14257812 0.33398438
v -0.06054688 0.14257812 0.33789062
v -0.06054688 0.15039062 0.33398438
v -0.06054688 0.18554688 0.34570312
v -0.06054688 0.22460938 0.00195312
v -0.06054688 0.25585938 0.02929688
v -0.06054688 0.25976562 0.01367188
v -0.06054688 0.25976562 0.05273438
v -0.06054688 0.26367188 0.38867188
v -0.06054688 0.27539062 0.05664062
v -0.06054688 0.33007812 0.08398438
v -0.06054688 0.33398438 0.34179688
v -0.06054688 0.34570312 0.15429688
v -0.06054688 0.36523438 0.28320312
v -0.06054688 0.36914062 0.24804688
v -0.05664062 -0.45117188 -0.16601562
v -0.05664062 -0.45117188 -0.16210938
v -0.05664062 -0.45117188 -0.13476562
v -0.05664062 -0.44726562 -0.16992188
v -0.05664062 -0.43945312 -0.16992188
v -0.05664062 -0.43164062 -0.16992188
v -0.05664062 -0.38085938 0.11914062
v -0.05664062 -0.37695312 0.16601562
v -0.05664062 -0.37304688 0.11132812
v -0.05664062 -0.36132812 0.10742188
v -0.05664062 -0.35742188 0.17773438
v -0.05664062 -0.34570312 0.18164062
v -0.05664062 -0.32226562 0.09570312
v -0.05664062 -0.30273438 -0.19335938
v -0.05664062 -0.30273438 0.12304688
v -0.05664062 -0.29882812 -0.35742188
v -0.05664062 -0.29492188 -0.12695312
v -0.05664062 -0.29101562 -0.36523438
v -0.05664062 -0.29101562 0.13085938
v -0.05664062 -0.29101562 0.20898438
v -0.05664062 -0.28320312 -0.37695312
v -0.05664062 -0.27148438 -0.38867188
v -0.05664062 -0.27148438 -0.19726562
v -0.05664062 -0.26757812 -0.13085938
v -0.05664062 -0.26367188 0.15429688
v -0.05664062 -0.24804688 -0.13085938
v -0.05664062 -0.24414062 -0.20507812
v -0.05664062 -0.24023438 0.16601562
v -0.05664062 -0.24023438 0.21679688
v -0.05664062 -0.23632812 -0.36523438
v -0.05664062 -0.23242188 0.16601562
v -0.05664062 -0.22851562 -0.12695312
v -0.05664062 -0.22460938 -0.21289062
v -0.05664062 -0.22070312 0.16210938
v -0.05664062 -0.21679688 -0.11132812
v -0.05664062 -0.21289062 0.15429688
v -0.05664062 -0.20898438 -0.21289062
v -0.05664062 -0.20117188 -0.09570312
v -0.05664062 -0.20117188 0.15039062
v -0.05664062 -0.19335938 0.14648438
v -0.05664062 -0.18945312 0.22070312
v -0.05664062 -0.17773438 0.20898438
v -0.05664062 -0.17382812 -0.18945312
v -0.05664062 -0.16601562 -0.34570312
v -0.05664062 -0.15820312 0.03710938
v -0.05664062 -0.15039062 0.00585938
v -0.05664062 -0.13476562 -0.03320312
v -0.05664062 -0.13476562 0.16992188
v -0.05664062 -0.05664062 -0.31835938
v -0.05664062 -0.04882812 0.20507812
v -0.05664062 -0.04101562 -0.31835938
v -0.05664062 -0.03710938 -0.17382812
v -0.05664062 -0.01757812 0.19726562
v -0.05664062 0.01367188 -0.00585938
v -0.05664062 0.01757812 -0.11132812
v -0.05664062 0.01757812 0.00195312
v -0.05664062 0.02929688 0.07226562
v -0.05664062 0.03710938 0.03320312
v -0.05664062 0.05664062 0.06445312
v -0.05664062 0.05664062 0.16210938
v -0.05664062 0.05664062 0.27929688
v -0.05664062 0.06054688 0.15039062
v -0.05664062 0.06054688 0.22070312
v -0.05664062 0.06445312 0.29101562
v -0.05664062 0.06835938 0.30664062
v -0.05664062 0.08398438 0.06445312
v -0.05664062 0.08398438 0.15039062
v -0.05664062 0.08398438 0.18945312
v -0.05664062 0.09960938 0.04882812
v -0.05664062 0.09960938 0.32617188
v -0.05664062 0.13476562 0.33789062
v -0.05664062 0.14648438 0.34179688
v -0.05664062 0.15820312 0.00585938
v -0.05664062 0.16601562 0.34570312
v -0.05664062 0.18164062 -0.00195312
v -0.05664062 0.20507812 0.00195312
v -0.05664062 0.20898438 0.35742188
v -0.05664062 0.20898438 0.37304688
v -0.05664062 0.23242188 0.37695312
v -0.05664062 0.24023438 0.00585938
v -0.05664062 0.24414062 0.04101562
v -0.05664062 0.24804688 0.38085938
v -0.05664062 0.24804688 0.40039062
v -0.05664062 0.25195312 0.40429688
v -0.05664062 0.25585938 0.36914062
v -0.05664062 0.28320312 0.38867188
v -0.05664062 0.29492188 0.05664062
v -0.05664062 0.29492188 0.38476562
v -0.05664062 0.34179688 0.09960938
v -0.05664062 0.35351562 0.13476562
v -0.05664062 0.36914062 0.26757812
v -0.05664062 0.37304688 0.22851562
v -0.05273438 -0.45117188 -0.15820312
v -0.05273438 -0.45117188 -0.11523438
v -0.05273438 -0.41601562 -0.17773438
v -0.05273438 -0.40429688 -0.18164062
v -0.05273438 -0.38867188 -0.18554688
v -0.05273438 -0.38476562 0.15820312
v -0.05273438 -0.38085938 0.11914062
v -0.05273438 -0.37304688 0.11523438
v -0.05273438 -0.36523438 -0.18945312
v -0.05273438 -0.36523438 0.17382812
v -0.05273438 -0.34960938 -0.10742188
v -0.05273438 -0.33789062 -0.18945312
v -0.05273438 -0.33789062 0.18945312
v -0.05273438 -0.32617188 -0.11914062
v -0.05273438 -0.32617188 0.19726562
v -0.05273438 -0.31835938 0.09960938
v -0.05273438 -0.31445312 0.11523438
v -0.05273438 -0.31445312 0.20507812
v -0.05273438 -0.31054688 0.11914062
v -0.05273438 -0.30273438 -0.34570312
v -0.05273438 -0.29882812 -0.38085938
v -0.05273438 -0.29101562 -0.39257812
v -0.05273438 -0.27539062 -0.31445312
v -0.05273438 -0.26757812 -0.13476562
v -0.05273438 -0.26757812 0.15429688
v -0.05273438 -0.26367188 0.16210938
v -0.05273438 -0.25195312 0.16601562
v -0.05273438 -0.24414062 -0.13476562
v -0.05273438 -0.22851562 0.21679688
v -0.05273438 -0.21289062 -0.35742188
v -0.05273438 -0.21289062 -0.11523438
v -0.05273438 -0.18945312 -0.20507812
v -0.05273438 -0.18945312 -0.08398438
v -0.05273438 -0.18554688 0.13476562
v -0.05273438 -0.18164062 0.09960938
v -0.05273438 -0.15820312 -0.17773438
v -0.05273438 -0.15039062 -0.34570312
v -0.05273438 -0.14648438 -0.01757812
v -0.05273438 -0.13867188 -0.04101562
v -0.05273438 -0.13476562 -0.34570312
v -0.05273438 -0.13085938 0.17382812
v -0.05273438 -0.11523438 -0.34179688
v -0.05273438 -0.11132812 0.19335938
v -0.05273438 -0.10742188 -0.17773438
v -0.05273438 -0.09179688 -0.33398438
v -0.05273438 -0.06835938 -0.32226562
v -0.05273438 -0.01757812 -0.16210938
v -0.05273438 -0.01367188 -0.29101562
v -0.05273438 -0.00585938 -0.26367188
v -0.05273438 0.00195312 0.19726562
v -0.05273438 0.01367188 0.00195312
v -0.05273438 0.01757812 -0.02148438
v -0.05273438 0.02148438 -0.06054688
v -0.05273438 0.02148438 0.00976562
v -0.05273438 0.03320312 0.17773438
v -0.05273438 0.03710938 0.02148438
v -0.05273438 0.03710938 0.02539062
v -0.05273438 0.05273438 0.17382812
v -0.05273438 0.05664062 0.24414062
v -0.05273438 0.05664062 0.26367188
v -0.05273438 0.07226562 0.17382812
v -0.05273438 0.07226562 0.32226562
v -0.05273438 0.07617188 0.16210938
v -0.05273438 0.07617188 0.20117188
v -0.05273438 0.08398438 0.33398438
v -0.05273438 0.12695312 0.00976562
v -0.05273438 0.16210938 0.00195312
v -0.05273438 0.18554688 0.36132812
v -0.05273438 0.22460938 0.38867188
v -0.05273438 0.23242188 0.40820312
v -0.05273438 0.23632812 0.39257812
v -0.05273438 0.23632812 0.41210938
v -0.05273438 0.24804688 0.05273438
v -0.05273438 0.27148438 0.39648438
v -0.05273438 0.30273438 0.37695312
v -0.05273438 0.31445312 0.06835938
v -0.05273438 0.31835938 0.36132812
v -0.05273438 0.35351562 0.11523438
v -0.05273438 0.35742188 0.15039062
v -0.05273438 0.35742188 0.32617188
v -0.05273438 0.36132812 0.16601562
v -0.05273438 0.36523438 0.18164062
v -0.05273438 0.36523438 0.30664062
v -0.05273438 0.36914062 0.19726562
v -0.05273438 0.37304688 0.21289062
v -0.05273438 0.37695312 0.25195312
v -0.04882812 -0.45117188 -0.09570312
v -0.04882812 -0.44726562 -0.08398438
v -0.04882812 -0.40429688 -0.09179688
v -0.04882812 -0.39257812 0.14648438
v -0.04882812 -0.38867188 -0.09570312
v -0.04882812 -0.38867188 0.13476562
v -0.04882812 -0.38476562 0.12304688
v -0.04882812 -0.37304688 0.16601562
v -0.04882812 -0.36914062 -0.10351562
v -0.04882812 -0.36914062 0.11132812
v -0.04882812 -0.35742188 0.17382812
v -0.04882812 -0.35351562 0.17773438
v -0.04882812 -0.34570312 0.17773438
v -0.04882812 -0.34179688 0.09960938
v -0.04882812 -0.31445312 0.10742188
v -0.04882812 -0.30664062 -0.37304688
v -0.04882812 -0.29492188 -0.13085938
v -0.04882812 -0.28710938 0.14648438
v -0.04882812 -0.28320312 -0.40039062
v -0.04882812 -0.27539062 0.15429688
v -0.04882812 -0.27539062 0.15820312
v -0.04882812 -0.27148438 0.16210938
v -0.04882812 -0.27148438 0.20117188
v -0.04882812 -0.26757812 -0.40039062
v -0.04882812 -0.25976562 0.20117188
v -0.04882812 -0.25585938 -0.38867188
v -0.04882812 -0.25195312 -0.29492188
v -0.04882812 -0.22851562 -0.12695312
v -0.04882812 -0.21679688 0.21289062
v -0.04882812 -0.18945312 -0.35351562
v -0.04882812 -0.18554688 0.15429688
v -0.04882812 -0.17773438 0.14648438
v -0.04882812 -0.17773438 0.19335938
v -0.04882812 -0.17382812 -0.18164062
v -0.04882812 -0.17382812 0.08398438
v -0.04882812 -0.16992188 -0.06835938
v -0.04882812 -0.16992188 0.18164062
v -0.04882812 -0.16210938 0.17382812
v -0.04882812 -0.15429688 -0.05273438
v -0.04882812 -0.15429688 0.16601562
v -0.04882812 -0.14648438 0.16210938
v -0.04882812 -0.14257812 -0.03320312
v -0.04882812 -0.13867188 -0.17382812
v -0.04882812 -0.08789062 -0.33789062
v -0.04882812 0.01757812 -0.00585938
v -0.04882812 0.01757812 0.00585938
v -0.04882812 0.02148438 -0.04101562
v -0.04882812 0.02929688 -0.08789062
v -0.04882812 0.03320312 0.01757812
v -0.04882812 0.04882812 0.18945312
v -0.04882812 0.05273438 0.04492188
v -0.04882812 0.05664062 0.33007812
v -0.04882812 0.06445312 0.34179688
v -0.04882812 0.06835938 0.18945312
v -0.04882812 0.07226562 0.04492188
v -0.04882812 0.07617188 0.35351562
v -0.04882812 0.08789062 0.36914062
v -0.04882812 0.09570312 0.02929688
v -0.04882812 0.09570312 0.34570312
v -0.04882812 0.11132812 0.33398438
v -0.04882812 0.13867188 0.34570312
v -0.04882812 0.16210938 0.35351562
v -0.04882812 0.18554688 0.37695312
v -0.04882812 0.20507812 0.38476562
v -0.04882812 0.21289062 0.00976562
v -0.04882812 0.22070312 0.40039062
v -0.04882812 0.22070312 0.41210938
v -0.04882812 0.23242188 0.00976562
v -0.04882812 0.23632812 0.03710938
v -0.04882812 0.24414062 0.01367188
v -0.04882812 0.24414062 0.02539062
v -0.04882812 0.25585938 0.41210938
v -0.04882812 0.27148438 0.05664062
v -0.04882812 0.27148438 0.40429688
v -0.04882812 0.28320312 0.40039062
v -0.04882812 0.29101562 0.39257812
v -0.04882812 0.29492188 0.38867188
v -0.04882812 0.33007812 0.08398438
v -0.04882812 0.34179688 0.34570312
v -0.04882812 0.36132812 0.13085938
v -0.04882812 0.37304688 0.29101562
v -0.04492188 -0.45117188 -0.15820312
v -0.04492188 -0.44726562 -0.16210938
v -0.04492188 -0.44335938 -0.08007812
v -0.04492188 -0.43554688 -0.08007812
v -0.04492188 -0.41601562 -0.08789062
v -0.04492188 -0.38085938 0.12695312
v -0.04492188 -0.37695312 0.11914062
v -0.04492188 -0.37695312 0.15429688
v -0.04492188 -0.37304688 0.11914062
v -0.04492188 -0.36523438 0.16210938
v -0.04492188 -0.36132812 0.11132812
v -0.04492188 -0.35351562 0.10742188
v -0.04492188 -0.34960938 0.17382812
v -0.04492188 -0.33789062 0.18554688
v -0.04492188 -0.33398438 0.10351562
v -0.04492188 -0.33007812 0.18554688
v -0.04492188 -0.32617188 -0.12304688
v -0.04492188 -0.31445312 0.19335938
v -0.04492188 -0.30664062 0.13476562
v -0.04492188 -0.30273438 -0.18164062
v -0.04492188 -0.29882812 -0.33007812
v -0.04492188 -0.29492188 -0.40039062
v -0.04492188 -0.29492188 0.13867188
v -0.04492188 -0.29492188 0.19726562
v -0.04492188 -0.29101562 -0.40820312
v -0.04492188 -0.29101562 0.15820312
v -0.04492188 -0.28710938 0.15820312
v -0.04492188 -0.28320312 -0.41601562
v -0.04492188 -0.27539062 -0.40820312
v -0.04492188 -0.27539062 -0.30664062
v -0.04492188 -0.27148438 -0.18554688
v -0.04492188 -0.26757812 -0.14257812
v -0.04492188 -0.26367188 -0.40820312
v -0.04492188 -0.26367188 0.18164062
v -0.04492188 -0.24804688 0.18164062
v -0.04492188 -0.24414062 -0.19335938
v -0.04492188 -0.24414062 -0.14257812
v -0.04492188 -0.24414062 0.20117188
v -0.04492188 -0.23632812 0.18164062
v -0.04492188 -0.23242188 0.19726562
v -0.04492188 -0.22851562 0.17773438
v -0.04492188 -0.21679688 0.17382812
v -0.04492188 -0.21289062 -0.11523438
v -0.04492188 -0.20507812 -0.20507812
v -0.04492188 -0.20507812 0.16992188
v -0.04492188 -0.20117188 -0.09960938
v -0.04492188 -0.20117188 0.20898438
v -0.04492188 -0.19726562 -0.26757812
v -0.04492188 -0.19726562 0.16210938
v -0.04492188 -0.18554688 -0.19335938
v -0.04492188 -0.18554688 0.20117188
v -0.04492188 -0.18164062 0.11523438
v -0.04492188 -0.18164062 0.17382812
v -0.04492188 -0.17382812 0.16601562
v -0.04492188 -0.16992188 -0.26757812
v -0.04492188 -0.16601562 -0.35351562
v -0.04492188 -0.16601562 0.15820312
v -0.04492188 -0.16210938 -0.17382812
v -0.04492188 -0.15429688 -0.27148438
v -0.04492188 -0.14648438 -0.04492188
v -0.04492188 -0.12695312 0.18554688
v -0.04492188 -0.11132812 -0.34570312
v -0.04492188 -0.08789062 0.20507812
v -0.04492188 -0.07226562 -0.17773438
v -0.04492188 -0.06835938 -0.32617188
v -0.04492188 -0.06445312 0.20898438
v -0.04492188 -0.03320312 0.21289062
v -0.04492188 -0.02929688 -0.25976562
v -0.04492188 0.00195312 -0.14648438
v -0.04492188 0.02148438 -0.02539062
v -0.04492188 0.02148438 -0.00976562
v -0.04492188 0.02929688 -0.06445312
v -0.04492188 0.02929688 0.19726562
v -0.04492188 0.04101562 0.02148438
v -0.04492188 0.04882812 0.02929688
v -0.04492188 0.05664062 0.23632812
v -0.04492188 0.05664062 0.31445312
v -0.04492188 0.06835938 0.21289062
v -0.04492188 0.07226562 0.37304688
v -0.04492188 0.09570312 0.38085938
v -0.04492188 0.10742188 0.36523438
v -0.04492188 0.11132812 0.34570312
v -0.04492188 0.13867188 0.00585938
v -0.04492188 0.14257812 -0.00195312
v -0.04492188 0.16210938 0.00195312
v -0.04492188 0.21289062 0.40820312
v -0.04492188 0.21679688 0.39648438
v -0.04492188 0.22851562 0.41601562
v -0.04492188 0.23632812 0.02539062
v -0.04492188 0.24414062 0.04492188
v -0.04492188 0.24414062 0.41601562
v -0.04492188 0.24804688 0.03320312
v -0.04492188 0.29492188 0.05664062
v -0.04492188 0.31054688 0.37695312
v -0.04492188 0.34179688 0.09570312
v -0.04492188 0.36523438 0.15039062
v -0.04492188 0.37695312 0.27148438
v -0.04492188 0.38085938 0.23242188
v -0.04101562 -0.45117188 -0.13867188
v -0.04101562 -0.44726562 -0.09179688
v -0.04101562 -0.43945312 -0.16210938
v -0.04101562 -0.43164062 -0.16210938
v -0.04101562 -0.41992188 -0.09960938
v -0.04101562 -0.41601562 -0.16210938
v -0.04101562 -0.40429688 -0.10351562
v -0.04101562 -0.40039062 -0.16601562
v -0.04101562 -0.38476562 0.13476562
v -0.04101562 -0.38085938 0.14648438
v -0.04101562 -0.37304688 0.12695312
v -0.04101562 -0.36914062 -0.11132812
v -0.04101562 -0.36914062 0.15429688
v -0.04101562 -0.36523438 0.11914062
v -0.04101562 -0.35742188 0.16210938
v -0.04101562 -0.35351562 -0.11523438
v -0.04101562 -0.34960938 0.11132812
v -0.04101562 -0.34179688 0.17382812
v -0.04101562 -0.33789062 -0.17773438
v -0.04101562 -0.33007812 0.11132812
v -0.04101562 -0.33007812 0.17382812
v -0.04101562 -0.31054688 -0.36132812
v -0.04101562 -0.30273438 0.18164062
v -0.04101562 -0.29882812 -0.39648438
v -0.04101562 -0.29492188 -0.13867188
v -0.04101562 -0.29492188 0.15039062
v -0.04101562 -0.29101562 0.16992188
v -0.04101562 -0.28320312 0.18164062
v -0.04101562 -0.27539062 -0.41992188
v -0.04101562 -0.27539062 0.16992188
v -0.04101562 -0.27148438 -0.41601562
v -0.04101562 -0.25976562 -0.40039062
v -0.04101562 -0.23242188 -0.37304688
v -0.04101562 -0.22460938 -0.20117188
v -0.04101562 -0.22460938 -0.13476562
v -0.04101562 -0.22070312 0.19335938
v -0.04101562 -0.19335938 0.18554688
v -0.04101562 -0.18554688 -0.08398438
v -0.04101562 -0.18164062 -0.18164062
v -0.04101562 -0.17773438 0.13085938
v -0.04101562 -0.17382812 -0.17382812
v -0.04101562 -0.17382812 0.06445312
v -0.04101562 -0.16992188 -0.06835938
v -0.04101562 -0.16992188 0.03710938
v -0.04101562 -0.16992188 0.14257812
v -0.04101562 -0.16601562 0.00585938
v -0.04101562 -0.16210938 0.15429688
v -0.04101562 -0.15429688 -0.05664062
v -0.04101562 -0.15039062 -0.35351562
v -0.04101562 -0.14257812 -0.27148438
v -0.04101562 -0.14257812 0.16601562
v -0.04101562 -0.13085938 -0.35351562
v -0.04101562 -0.12304688 -0.27148438
v -0.04101562 -0.11523438 -0.17382812
v -0.04101562 -0.11132812 -0.27148438
v -0.04101562 -0.10351562 0.20507812
v -0.04101562 -0.09179688 -0.26757812
v -0.04101562 -0.05273438 -0.32226562
v -0.04101562 -0.04492188 -0.17773438
v -0.04101562 -0.03710938 -0.31445312
v -0.04101562 -0.01757812 -0.30273438
v -0.04101562 0.00195312 -0.25195312
v -0.04101562 0.01757812 0.00585938
v -0.04101562 0.02148438 -0.11914062
v -0.04101562 0.02929688 -0.04492188
v -0.04101562 0.02929688 0.00976562
v -0.04101562 0.04492188 0.20117188
v -0.04101562 0.05273438 0.25585938
v -0.04101562 0.05273438 0.38085938
v -0.04101562 0.05664062 0.28710938
v -0.04101562 0.05664062 0.29882812
v -0.04101562 0.05664062 0.36132812
v -0.04101562 0.06445312 0.20117188
v -0.04101562 0.07617188 0.38476562
v -0.04101562 0.12304688 0.36523438
v -0.04101562 0.12695312 -0.00976562
v -0.04101562 0.14257812 0.36914062
v -0.04101562 0.16210938 0.37304688
v -0.04101562 0.16992188 0.00195312
v -0.04101562 0.18554688 0.38476562
v -0.04101562 0.18945312 0.00585938
v -0.04101562 0.21679688 0.41601562
v -0.04101562 0.22070312 0.02148438
v -0.04101562 0.23242188 0.02929688
v -0.04101562 0.23632812 0.42382812
v -0.04101562 0.24023438 0.02539062
v -0.04101562 0.24414062 0.01757812
v -0.04101562 0.28320312 0.40429688
v -0.04101562 0.28710938 0.40039062
v -0.04101562 0.30273438 0.38867188
v -0.04101562 0.32617188 0.36523438
v -0.04101562 0.35351562 0.11132812
v -0.04101562 0.36914062 0.16601562
v -0.04101562 0.37304688 0.17773438
v -0.04101562 0.37695312 0.19726562
v -0.04101562 0.38085938 0.21289062
v -0.04101562 0.38085938 0.25195312
v -0.03710938 -0.45117188 -0.11914062
v -0.03710938 -0.45117188 -0.09960938
v -0.03710938 -0.44335938 -0.09570312
v -0.03710938 -0.43554688 -0.09570312
v -0.03710938 -0.38867188 -0.10351562
v -0.03710938 -0.38085938 -0.17382812
v -0.03710938 -0.37304688 0.13476562
v -0.03710938 -0.37304688 0.14257812
v -0.03710938 -0.36523438 -0.17773438
v -0.03710938 -0.36132812 0.12304688
v -0.03710938 -0.36132812 0.13085938
v -0.03710938 -0.36132812 0.13867188
v -0.03710938 -0.36132812 0.15039062
v -0.03710938 -0.34960938 0.11523438
v -0.03710938 -0.34960938 0.12695312
v -0.03710938 -0.34570312 0.15039062
v -0.03710938 -0.34570312 0.16210938
v -0.03710938 -0.33007812 -0.13085938
v -0.03710938 -0.33007812 0.11914062
v -0.03710938 -0.33007812 0.12695312
v -0.03710938 -0.31835938 0.13085938
v -0.03710938 -0.31835938 0.17773438
v -0.03710938 -0.31054688 -0.34570312
v -0.03710938 -0.30664062 -0.38867188
v -0.03710938 -0.30664062 0.15039062
v -0.03710938 -0.30273438 0.16601562
v -0.03710938 -0.29882812 -0.32226562
v -0.03710938 -0.29492188 -0.41601562
v -0.03710938 -0.29101562 -0.41992188
v -0.03710938 -0.28320312 -0.42382812
v -0.03710938 -0.27929688 -0.42773438
v -0.03710938 -0.27148438 -0.42773438
v -0.03710938 -0.26757812 -0.42382812
v -0.03710938 -0.26757812 -0.16992188
v -0.03710938 -0.26757812 -0.15429688
v -0.03710938 -0.26367188 -0.41601562
v -0.03710938 -0.25976562 -0.41210938
v -0.03710938 -0.25585938 -0.40039062
v -0.03710938 -0.25195312 -0.27929688
v -0.03710938 -0.24804688 -0.39257812
v -0.03710938 -0.24023438 -0.15429688
v -0.03710938 -0.22460938 -0.27539062
v -0.03710938 -0.21289062 -0.36132812
v -0.03710938 -0.20898438 -0.12304688
v -0.03710938 -0.20898438 0.19335938
v -0.03710938 -0.19726562 -0.19335938
v -0.03710938 -0.19726562 -0.10351562
v -0.03710938 -0.18945312 -0.35742188
v -0.03710938 -0.17773438 -0.37304688
v -0.03710938 -0.16992188 -0.36523438
v -0.03710938 -0.16210938 -0.16601562
v -0.03710938 -0.15820312 -0.01757812
v -0.03710938 -0.15429688 0.15429688
v -0.03710938 -0.15039062 -0.03710938
v -0.03710938 -0.14648438 -0.16992188
v -0.03710938 -0.14257812 0.17773438
v -0.03710938 -0.11523438 -0.36914062
v -0.03710938 -0.10351562 -0.36914062
v -0.03710938 -0.10351562 -0.35742188
v -0.03710938 -0.08398438 -0.34960938
v -0.03710938 -0.02148438 -0.16992188
v -0.03710938 -0.01757812 -0.24804688
v -0.03710938 -0.01367188 -0.30273438
v -0.03710938 -0.00195312 0.21289062
v -0.03710938 0.02148438 -0.00976562
v -0.03710938 0.02929688 -0.09179688
v -0.03710938 0.02929688 -0.02539062
v -0.03710938 0.03320312 -0.06835938
v -0.03710938 0.03320312 0.01757812
v -0.03710938 0.04492188 0.01757812
v -0.03710938 0.04882812 0.34570312
v -0.03710938 0.05273438 0.27539062
v -0.03710938 0.06054688 0.02539062
v -0.03710938 0.06054688 0.38867188
v -0.03710938 0.07617188 0.39648438
v -0.03710938 0.09960938 0.01367188
v -0.03710938 0.09960938 0.39648438
v -0.03710938 0.11132812 0.38085938
v -0.03710938 0.12304688 -0.00195312
v -0.03710938 0.12304688 0.38476562
v -0.03710938 0.14257812 0.38476562
v -0.03710938 0.16210938 0.38476562
v -0.03710938 0.20507812 0.39648438
v -0.03710938 0.20898438 0.01367188
v -0.03710938 0.20898438 0.40429688
v -0.03710938 0.21289062 0.41601562
v -0.03710938 0.21289062 0.41992188
v -0.03710938 0.21679688 0.41992188
v -0.03710938 0.22070312 0.41992188
v -0.03710938 0.22070312 0.42382812
v -0.03710938 0.22460938 0.02148438
v -0.03710938 0.25195312 0.02929688
v -0.03710938 0.25585938 0.04492188
v -0.03710938 0.26367188 0.41601562
v -0.03710938 0.26757812 0.05273438
v -0.03710938 0.27539062 0.40820312
v -0.03710938 0.31054688 0.06835938
v -0.03710938 0.31835938 0.37695312
v -0.03710938 0.32617188 0.08007812
v -0.03710938 0.34570312 0.34960938
v -0.03710938 0.36523438 0.12695312
v -0.03710938 0.36914062 0.31054688
v -0.03710938 0.37695312 0.29101562
v -0.03710938 0.38476562 0.23242188
v -0.03320312 -0.44726562 -0.14257812
v -0.03320312 -0.44335938 -0.14257812
v -0.03320312 -0.43945312 -0.14648438
v -0.03320312 -0.43164062 -0.14648438
v -0.03320312 -0.41992188 -0.10742188
v -0.03320312 -0.41210938 -0.14648438
v -0.03320312 -0.40429688 -0.11132812
v -0.03320312 -0.35351562 -0.12304688
v -0.03320312 -0.34960938 0.13476562
v -0.03320312 -0.33398438 0.14648438
v -0.03320312 -0.33007812 0.16210938
v -0.03320312 -0.32226562 0.14648438
v -0.03320312 -0.31835938 0.16210938
v -0.03320312 -0.31445312 -0.37695312
v -0.03320312 -0.31054688 -0.33789062
v -0.03320312 -0.30273438 -0.16601562
v -0.03320312 -0.29882812 -0.41210938
v -0.03320312 -0.29492188 -0.15039062
v -0.03320312 -0.28320312 -0.43554688
v -0.03320312 -0.27539062 -0.43554688
v -0.03320312 -0.27539062 -0.43164062
v -0.03320312 -0.27539062 -0.29492188
v -0.03320312 -0.27148438 -0.43164062
v -0.03320312 -0.26757812 -0.42773438
v -0.03320312 -0.26367188 -0.42382812
v -0.03320312 -0.25976562 -0.41992188
v -0.03320312 -0.25976562 -0.41601562
v -0.03320312 -0.25585938 -0.40820312
v -0.03320312 -0.25195312 -0.40429688
v -0.03320312 -0.24023438 -0.38476562
v -0.03320312 -0.24023438 -0.17382812
v -0.03320312 -0.22460938 -0.37304688
v -0.03320312 -0.22070312 -0.14257812
v -0.03320312 -0.21289062 -0.36523438
v -0.03320312 -0.21289062 -0.18554688
v -0.03320312 -0.20898438 -0.37304688
v -0.03320312 -0.19726562 -0.37695312
v -0.03320312 -0.19335938 -0.36914062
v -0.03320312 -0.19335938 -0.10742188
v -0.03320312 -0.18945312 -0.18164062
v -0.03320312 -0.18164062 -0.38085938
v -0.03320312 -0.18164062 -0.08789062
v -0.03320312 -0.17773438 0.09179688
v -0.03320312 -0.17773438 0.10742188
v -0.03320312 -0.17382812 -0.38085938
v -0.03320312 -0.16992188 0.12695312
v -0.03320312 -0.16601562 -0.07617188
v -0.03320312 -0.16601562 0.13867188
v -0.03320312 -0.16210938 -0.37695312
v -0.03320312 -0.15429688 -0.36914062
v -0.03320312 -0.15429688 -0.06054688
v -0.03320312 -0.15039062 -0.04882812
v -0.03320312 -0.11914062 -0.37304688
v -0.03320312 -0.11132812 -0.36523438
v -0.03320312 -0.10742188 -0.37304688
v -0.03320312 -0.09179688 -0.36914062
v -0.03320312 -0.08789062 -0.36132812
v -0.03320312 -0.07226562 -0.35742188
v -0.03320312 -0.06835938 -0.25976562
v -0.03320312 -0.06445312 -0.34179688
v -0.03320312 -0.05273438 -0.34179688
v -0.03320312 -0.02929688 -0.33007812
v -0.03320312 -0.01757812 -0.23242188
v -0.03320312 -0.00585938 -0.15820312
v -0.03320312 0.00195312 -0.28320312
v -0.03320312 0.00585938 -0.23632812
v -0.03320312 0.00585938 -0.21679688
v -0.03320312 0.02148438 0.00195312
v -0.03320312 0.02929688 -0.02929688
v -0.03320312 0.02929688 0.00976562
v -0.03320312 0.02929688 0.20898438
v -0.03320312 0.03320312 -0.04882812
v -0.03320312 0.03710938 0.01367188
v -0.03320312 0.04101562 0.33007812
v -0.03320312 0.04492188 0.20898438
v -0.03320312 0.05273438 0.24804688
v -0.03320312 0.05273438 0.39648438
v -0.03320312 0.05664062 0.20898438
v -0.03320312 0.06054688 0.22460938
v -0.03320312 0.13476562 -0.00585938
v -0.03320312 0.14648438 0.00195312
v -0.03320312 0.20898438 0.41210938
v -0.03320312 0.20898438 0.41992188
v -0.03320312 0.21289062 0.42382812
v -0.03320312 0.21679688 0.42382812
v -0.03320312 0.22851562 0.42773438
v -0.03320312 0.23632812 0.02539062
v -0.03320312 0.24023438 0.01757812
v -0.03320312 0.24804688 0.02148438
v -0.03320312 0.24804688 0.42382812
v -0.03320312 0.29492188 0.40039062
v -0.03320312 0.30664062 0.38867188
v -0.03320312 0.33007812 0.36914062
v -0.03320312 0.34179688 0.09570312
v -0.03320312 0.35351562 0.11132812
v -0.03320312 0.36132812 0.33007812
v -0.03320312 0.36914062 0.14648438
v -0.03320312 0.37304688 0.16210938
v -0.03320312 0.37695312 0.17773438
v -0.03320312 0.38085938 0.19335938
v -0.03320312 0.38085938 0.21289062
v -0.03320312 0.38085938 0.27148438
v -0.03320312 0.38476562 0.25195312
v -0.02929688 -0.44726562 -0.12304688
v -0.02929688 -0.44335938 -0.12695312
v -0.02929688 -0.44335938 -0.10351562
v -0.02929688 -0.43945312 -0.13085938
v -0.02929688 -0.43554688 -0.12695312
v -0.02929688 -0.43554688 -0.10742188
v -0.02929688 -0.40429688 -0.12695312
v -0.02929688 -0.40039062 -0.15039062
v -0.02929688 -0.38867188 -0.11132812
v -0.02929688 -0.36914062 -0.11914062
v -0.02929688 -0.33398438 -0.16210938
v -0.02929688 -0.33007812 -0.14257812
v -0.02929688 -0.31445312 -0.36523438
v -0.02929688 -0.30664062 -0.40429688
v -0.02929688 -0.29882812 -0.31054688
v -0.02929688 -0.29492188 -0.42773438
v -0.02929688 -0.29101562 -0.43164062
v -0.02929688 -0.28320312 -0.43945312
v -0.02929688 -0.27929688 -0.44335938
v -0.02929688 -0.27148438 -0.43945312
v -0.02929688 -0.26757812 -0.43554688
v -0.02929688 -0.26367188 -0.43164062
v -0.02929688 -0.25976562 -0.42773438
v -0.02929688 -0.25976562 -0.42382812
v -0.02929688 -0.25585938 -0.41601562
v -0.02929688 -0.25585938 -0.41210938
v -0.02929688 -0.24804688 -0.39648438
v -0.02929688 -0.24414062 -0.38867188
v -0.02929688 -0.23242188 -0.38085938
v -0.02929688 -0.22070312 -0.37304688
v -0.02929688 -0.21289062 -0.15820312
v -0.02929688 -0.20898438 -0.37695312
v -0.02929688 -0.20507812 -0.13085938
v -0.02929688 -0.20117188 -0.17382812
v -0.02929688 -0.19335938 -0.36132812
v -0.02929688 -0.18554688 -0.11914062
v -0.02929688 -0.17773438 -0.16992188
v -0.02929688 -0.17773438 -0.09570312
v -0.02929688 -0.15429688 0.16601562
v -0.02929688 -0.15039062 -0.37695312
v -0.02929688 -0.15039062 -0.16210938
v -0.02929688 -0.11914062 -0.37695312
v -0.02929688 -0.11914062 -0.36523438
v -0.02929688 -0.09960938 -0.36523438
v -0.02929688 -0.07617188 -0.36523438
v -0.02929688 -0.05273438 -0.25585938
v -0.02929688 -0.01367188 -0.21679688
v -0.02929688 0.00976562 -0.14257812
v -0.02929688 0.02148438 -0.12304688
v -0.02929688 0.02929688 -0.01367188
v -0.02929688 0.03320312 -0.09570312
v -0.02929688 0.04492188 0.01367188
v -0.02929688 0.04492188 0.31054688
v -0.02929688 0.04492188 0.36914062
v -0.02929688 0.04492188 0.38476562
v -0.02929688 0.05273438 0.26757812
v -0.02929688 0.06445312 0.00976562
v -0.02929688 0.06445312 0.40429688
v -0.02929688 0.08398438 0.40820312
v -0.02929688 0.10351562 0.40429688
v -0.02929688 0.10742188 -0.01367188
v -0.02929688 0.10742188 0.00195312
v -0.02929688 0.11523438 0.39648438
v -0.02929688 0.16210938 0.38867188
v -0.02929688 0.16992188 0.00585938
v -0.02929688 0.18554688 0.39257812
v -0.02929688 0.20117188 0.40820312
v -0.02929688 0.21679688 0.42773438
v -0.02929688 0.22070312 0.02148438
v -0.02929688 0.22070312 0.42773438
v -0.02929688 0.24023438 0.42773438
v -0.02929688 0.25195312 0.02148438
v -0.02929688 0.25585938 0.02929688
v -0.02929688 0.25976562 0.03320312
v -0.02929688 0.28710938 0.40820312
v -0.02929688 0.29101562 0.05664062
v -0.02929688 0.32226562 0.38085938
v -0.02929688 0.34570312 0.39648438
v -0.02929688 0.36523438 0.12695312
v -0.02929688 0.36914062 0.31054688
v -0.02929688 0.37695312 0.29101562
v -0.02929688 0.38476562 0.21289062
v -0.02929688 0.38476562 0.23242188
v -0.02539062 -0.39648438 -0.13085938
v -0.02539062 -0.37695312 -0.15429688
v -0.02539062 -0.37304688 -0.13476562
v -0.02539062 -0.36132812 -0.15820312
v -0.02539062 -0.35742188 -0.13867188
v -0.02539062 -0.31445312 -0.38476562
v -0.02539062 -0.31445312 -0.35351562
v -0.02539062 -0.31054688 -0.39648438
v -0.02539062 -0.29882812 -0.42773438
v -0.02539062 -0.29492188 -0.45507812
v -0.02539062 -0.29492188 -0.44335938
v -0.02539062 -0.29101562 -0.46679688
v -0.02539062 -0.29101562 -0.45898438
v -0.02539062 -0.29101562 -0.44726562
v -0.02539062 -0.29101562 -0.44335938
v -0.02539062 -0.29101562 -0.43945312
v -0.02539062 -0.28710938 -0.45898438
v -0.02539062 -0.28710938 -0.44726562
v -0.02539062 -0.28320312 -0.45507812
v -0.02539062 -0.28320312 -0.45117188
v -0.02539062 -0.27539062 -0.44726562
v -0.02539062 -0.27148438 -0.44335938
v -0.02539062 -0.26757812 -0.43945312
v -0.02539062 -0.26367188 -0.43554688
v -0.02539062 -0.25976562 -0.42773438
v -0.02539062 -0.25585938 -0.42382812
v -0.02539062 -0.25585938 -0.41601562
v -0.02539062 -0.25195312 -0.41210938
v -0.02539062 -0.25195312 -0.40429688
v -0.02539062 -0.23632812 -0.38085938
v -0.02539062 -0.22851562 -0.37695312
v -0.02539062 -0.22070312 -0.37695312
v -0.02539062 -0.20898438 -0.38085938
v -0.02539062 -0.19726562 -0.14257812
v -0.02539062 -0.19335938 -0.38085938
v -0.02539062 -0.18945312 -0.15820312
v -0.02539062 -0.18164062 -0.38085938
v -0.02539062 -0.17773438 0.04101562
v -0.02539062 -0.17382812 0.00976562
v -0.02539062 -0.17382812 0.11523438
v -0.02539062 -0.16992188 -0.38085938
v -0.02539062 -0.16992188 -0.10742188
v -0.02539062 -0.16601562 -0.15820312
v -0.02539062 -0.16601562 -0.01757812
v -0.02539062 -0.16601562 0.14648438
v -0.02539062 -0.16210938 -0.08398438
v -0.02539062 -0.13867188 -0.36914062
v -0.02539062 -0.13476562 -0.37695312
v -0.02539062 -0.13085938 -0.37695312
v -0.02539062 -0.12695312 -0.16992188
v -0.02539062 -0.12304688 0.20117188
v -0.02539062 -0.11914062 -0.37695312
v -0.02539062 -0.11914062 -0.37304688
v -0.02539062 -0.11132812 -0.36914062
v -0.02539062 -0.10351562 -0.37304688
v -0.02539062 -0.09179688 -0.36914062
v -0.02539062 -0.08398438 -0.17773438
v -0.02539062 -0.01757812 -0.20117188
v -0.02539062 -0.00976562 -0.16210938
v -0.02539062 -0.00195312 -0.17773438
v -0.02539062 0.00195312 -0.20117188
v -0.02539062 0.01367188 -0.26367188
v -0.02539062 0.02929688 0.00195312
v -0.02539062 0.02929688 0.00976562
v -0.02539062 0.03710938 -0.07226562
v -0.02539062 0.03710938 -0.04882812
v -0.02539062 0.03710938 0.00976562
v -0.02539062 0.04101562 0.38867188
v -0.02539062 0.04882812 0.40039062
v -0.02539062 0.05273438 0.24023438
v -0.02539062 0.05273438 0.25585938
v -0.02539062 0.05273438 0.29492188
v -0.02539062 0.05664062 0.40820312
v -0.02539062 0.06445312 0.41210938
v -0.02539062 0.07226562 0.40820312
v -0.02539062 0.11914062 -0.01367188
v -0.02539062 0.12695312 0.39257812
v -0.02539062 0.14257812 0.38867188
v -0.02539062 0.19335938 0.00976562
v -0.02539062 0.20507812 0.41601562
v -0.02539062 0.20898438 0.42382812
v -0.02539062 0.21289062 0.42773438
v -0.02539062 0.23242188 0.02148438
v -0.02539062 0.23242188 0.43164062
v -0.02539062 0.24023438 0.01757812
v -0.02539062 0.24023438 0.02929688
v -0.02539062 0.24414062 0.02929688
v -0.02539062 0.25585938 0.42773438
v -0.02539062 0.26757812 0.42382812
v -0.02539062 0.27929688 0.41601562
v -0.02539062 0.29882812 0.40039062
v -0.02539062 0.30664062 0.06835938
v -0.02539062 0.31054688 0.38867188
v -0.02539062 0.32617188 0.08007812
v -0.02539062 0.32617188 0.39648438
v -0.02539062 0.33398438 0.36914062
v -0.02539062 0.33398438 0.38867188
v -0.02539062 0.33789062 0.09570312
v -0.02539062 0.33789062 0.40429688
v -0.02539062 0.34960938 0.34960938
v -0.02539062 0.35351562 0.38867188
v -0.02539062 0.35351562 0.41601562
v -0.02539062 0.35742188 0.40820312
v -0.02539062 0.36132812 0.33007812
v -0.02539062 0.36914062 0.14648438
v -0.02539062 0.37304688 0.16210938
v -0.02539062 0.38085938 0.17773438
v -0.02539062 0.38085938 0.19335938
v -0.02539062 0.38085938 0.27148438
v -0.02539062 0.38476562 0.21289062
v -0.02539062 0.38476562 0.23242188
v -0.02539062 0.38476562 0.25195312
v -0.02148438 -0.31835938 -0.37304688
v -0.02148438 -0.31054688 -0.32617188
v -0.02148438 -0.30664062 -0.42773438
v -0.02148438 -0.29882812 -0.45507812
v -0.02148438 -0.29882812 -0.44335938
v -0.02148438 -0.29492188 -0.47070312
v -0.02148438 -0.29492188 -0.46679688
v -0.02148438 -0.29101562 -0.47460938
v -0.02148438 -0.29101562 -0.46679688
v -0.02148438 -0.28710938 -0.46289062
v -0.02148438 -0.27929688 -0.45507812
v -0.02148438 -0.27539062 -0.44726562
v -0.02148438 -0.24414062 -0.39648438
v -0.02148438 -0.24023438 -0.39257812
v -0.02148438 -0.23632812 -0.38476562
v -0.02148438 -0.22851562 -0.38085938
v -0.02148438 -0.21679688 -0.38085938
v -0.02148438 -0.18164062 -0.13085938
v -0.02148438 -0.18164062 0.06835938
v -0.02148438 -0.17382812 -0.14648438
v -0.02148438 -0.16601562 0.13085938
v -0.02148438 -0.16210938 -0.13867188
v -0.02148438 -0.16210938 -0.12304688
v -0.02148438 -0.15820312 -0.09570312
v -0.02148438 -0.15820312 -0.04101562
v -0.02148438 -0.15429688 -0.38085938
v -0.02148438 -0.15429688 -0.15039062
v -0.02148438 -0.15039062 -0.06835938
v -0.02148438 -0.15039062 -0.05273438
v -0.02148438 -0.14648438 -0.37695312
v -0.02148438 -0.13867188 0.18945312
v -0.02148438 -0.13085938 -0.37304688
v -0.02148438 -0.09960938 0.21289062
v -0.02148438 -0.08398438 0.21679688
v -0.02148438 -0.06445312 0.22070312
v -0.02148438 -0.05273438 -0.35351562
v -0.02148438 -0.05273438 -0.18164062
v -0.02148438 -0.04101562 -0.24414062
v -0.02148438 -0.03710938 0.22070312
v -0.02148438 -0.03320312 -0.23242188
v -0.02148438 -0.02929688 -0.17382812
v -0.02148438 -0.01757812 -0.18164062
v -0.02148438 0.01757812 -0.24023438
v -0.02148438 0.01757812 -0.21679688
v -0.02148438 0.02929688 0.34960938
v -0.02148438 0.03320312 -0.02929688
v -0.02148438 0.03320312 -0.01367188
v -0.02148438 0.03320312 0.37695312
v -0.02148438 0.04882812 0.00976562
v -0.02148438 0.05273438 0.25195312
v -0.02148438 0.05273438 0.28320312
v -0.02148438 0.07617188 0.41601562
v -0.02148438 0.08398438 -0.00195312
v -0.02148438 0.09179688 0.41601562
v -0.02148438 0.10351562 0.41210938
v -0.02148438 0.13867188 -0.00195312
v -0.02148438 0.18554688 0.39648438
v -0.02148438 0.20117188 0.40429688
v -0.02148438 0.20117188 0.41210938
v -0.02148438 0.20507812 0.39648438
v -0.02148438 0.20507812 0.41992188
v -0.02148438 0.20898438 0.42382812
v -0.02148438 0.21289062 0.43164062
v -0.02148438 0.21679688 0.43164062
v -0.02148438 0.22460938 0.43164062
v -0.02148438 0.23242188 0.43554688
v -0.02148438 0.24414062 0.02929688
v -0.02148438 0.24414062 0.03320312
v -0.02148438 0.24414062 0.43164062
v -0.02148438 0.25195312 0.02539062
v -0.02148438 0.27148438 0.04882812
v -0.02148438 0.29101562 0.40820312
v -0.02148438 0.30273438 0.39648438
v -0.02148438 0.31835938 0.39257812
v -0.02148438 0.32226562 0.38085938
v -0.02148438 0.32226562 0.40429688
v -0.02148438 0.32617188 0.38085938
v -0.02148438 0.33398438 0.41210938
v -0.02148438 0.34570312 0.38085938
v -0.02148438 0.34960938 0.10742188
v -0.02148438 0.34960938 0.41992188
v -0.02148438 0.36132812 0.12304688
v -0.02148438 0.36132812 0.33398438
v -0.02148438 0.36132812 0.42382812
v -0.02148438 0.36523438 0.40039062
v -0.02148438 0.36523438 0.41601562
v -0.02148438 0.36914062 0.14257812
v -0.02148438 0.37304688 0.31054688
v -0.02148438 0.37695312 0.16210938
v -0.02148438 0.37695312 0.29101562
v -0.02148438 0.38085938 0.17773438
v -0.02148438 0.38085938 0.19335938
v -0.02148438 0.38085938 0.27148438
v -0.02148438 0.38476562 0.21289062
v -0.02148438 0.38476562 0.23242188
v -0.01757812 -0.31835938 -0.34960938
v -0.01757812 -0.31445312 -0.40429688
v -0.01757812 -0.31445312 -0.39257812
v -0.01757812 -0.30664062 -0.44335938
v -0.01757812 -0.30664062 -0.41992188
v -0.01757812 -0.30273438 -0.29882812
v -0.01757812 -0.29882812 -0.46679688
v -0.01757812 -0.29492188 -0.47851562
v -0.01757812 -0.29492188 -0.47460938
v -0.01757812 -0.29101562 -0.47851562
v -0.01757812 -0.29101562 -0.47460938
v -0.01757812 -0.29101562 -0.47070312
v -0.01757812 -0.28320312 -0.27929688
v -0.01757812 -0.27929688 -0.45507812
v -0.01757812 -0.27539062 -0.45117188
v -0.01757812 -0.27148438 -0.44335938
v -0.01757812 -0.26757812 -0.43945312
v -0.01757812 -0.26367188 -0.43554688
v -0.01757812 -0.25976562 -0.43164062
v -0.01757812 -0.25585938 -0.42382812
v -0.01757812 -0.25585938 -0.41992188
v -0.01757812 -0.25585938 -0.26367188
v -0.01757812 -0.25195312 -0.41210938
v -0.01757812 -0.24804688 -0.40429688
v -0.01757812 -0.24414062 -0.40039062
v -0.01757812 -0.22851562 -0.38085938
v -0.01757812 -0.22851562 -0.25195312
v -0.01757812 -0.19726562 -0.25585938
v -0.01757812 -0.19335938 -0.38085938
v -0.01757812 -0.18164062 -0.38085938
v -0.01757812 -0.17382812 -0.25976562
v -0.01757812 -0.17382812 0.10351562
v -0.01757812 -0.16601562 -0.38085938
v -0.01757812 -0.15429688 -0.26367188
v -0.01757812 -0.15429688 -0.11523438
v -0.01757812 -0.14257812 -0.14648438
v -0.01757812 -0.13476562 -0.37695312
v -0.01757812 -0.13476562 -0.16210938
v -0.01757812 -0.13085938 -0.37304688
v -0.01757812 -0.06835938 -0.36523438
v -0.01757812 -0.03710938 -0.20507812
v -0.01757812 -0.03320312 -0.22070312
v -0.01757812 -0.00585938 0.22070312
v -0.01757812 0.01367188 -0.19726562
v -0.01757812 0.02148438 -0.12304688
v -0.01757812 0.02148438 0.21679688
v -0.01757812 0.02929688 0.33007812
v -0.01757812 0.03320312 -0.09960938
v -0.01757812 0.03320312 0.00195312
v -0.01757812 0.03710938 -0.07226562
v -0.01757812 0.03710938 0.00585938
v -0.01757812 0.04101562 0.00976562
v -0.01757812 0.04101562 0.21679688
v -0.01757812 0.05273438 0.22070312
v -0.01757812 0.05273438 0.27148438
v -0.01757812 0.05664062 0.41210938
v -0.01757812 0.06445312 0.00585938
v -0.01757812 0.06445312 0.41601562
v -0.01757812 0.09570312 -0.02148438
v -0.01757812 0.09570312 -0.00585938
v -0.01757812 0.11523438 0.40039062
v -0.01757812 0.12695312 0.39257812
v -0.01757812 0.14257812 0.39257812
v -0.01757812 0.15039062 0.00585938
v -0.01757812 0.16210938 0.39257812
v -0.01757812 0.21289062 0.01757812
v -0.01757812 0.24414062 0.02539062
v -0.01757812 0.25585938 0.02929688
v -0.01757812 0.26367188 0.03710938
v -0.01757812 0.27929688 0.41992188
v -0.01757812 0.29101562 0.05664062
v -0.01757812 0.29882812 0.40429688
v -0.01757812 0.30664062 0.39648438
v -0.01757812 0.31054688 0.40039062
v -0.01757812 0.31445312 0.38867188
v -0.01757812 0.31835938 0.41210938
v -0.01757812 0.33007812 0.41992188
v -0.01757812 0.34179688 0.37304688
v -0.01757812 0.34179688 0.42773438
v -0.01757812 0.34960938 0.34960938
v -0.01757812 0.35742188 0.42773438
v -0.01757812 0.36523438 0.38476562
v -0.01757812 0.36914062 0.41210938
v -0.01757812 0.36914062 0.42773438
v -0.01757812 0.36914062 0.43554688
v -0.01757812 0.37304688 0.39648438
v -0.01757812 0.37304688 0.42382812
v -0.01757812 0.37304688 0.43164062
v -0.01757812 0.37304688 0.44335938
v -0.01757812 0.37695312 0.41992188
v -0.01757812 0.37695312 0.42773438
v -0.01757812 0.37695312 0.43945312
v -0.01757812 0.37695312 0.44726562
v -0.01757812 0.38085938 0.42382812
v -0.01757812 0.38085938 0.43554688
v -0.01757812 0.38085938 0.44335938
v -0.01757812 0.38085938 0.45117188
v -0.01757812 0.38476562 0.25195312
v -0.01757812 0.38476562 0.43945312
v -0.01757812 0.38476562 0.44726562
v -0.01757812 0.38867188 0.43164062
v -0.01757812 0.38867188 0.43554688
v -0.01757812 0.38867188 0.44335938
v -0.01757812 0.38867188 0.45117188
v -0.01757812 0.39257812 0.43945312
v -0.01757812 0.39257812 0.44726562
v -0.01757812 0.39257812 0.45117188
v -0.01757812 0.39648438 0.45507812
v -0.01757812 0.39648438 0.45898438
v -0.01757812 0.40039062 0.46679688
v -0.01757812 0.40429688 0.46289062
v -0.01757812 0.40820312 0.45898438
v -0.01757812 0.41210938 0.47070312
v -0.01757812 0.41210938 0.47460938
v -0.01757812 0.41601562 0.46679688
v -0.01757812 0.42382812 0.47851562
v -0.01757812 0.42382812 0.48242188
v -0.01367188 -0.31835938 -0.38867188
v -0.01367188 -0.31835938 -0.36523438
v -0.01367188 -0.31445312 -0.32226562
v -0.01367188 -0.31054688 -0.41992188
v -0.01367188 -0.30664062 -0.45507812
v -0.01367188 -0.29882812 -0.47070312
v -0.01367188 -0.29882812 -0.46679688
v -0.01367188 -0.29492188 -0.48242188
v -0.01367188 -0.29492188 -0.47851562
v -0.01367188 -0.29101562 -0.47851562
v -0.01367188 -0.28710938 -0.46679688
v -0.01367188 -0.24023438 -0.39257812
v -0.01367188 -0.23632812 -0.38867188
v -0.01367188 -0.22460938 -0.38476562
v -0.01367188 -0.21679688 -0.38085938
v -0.01367188 -0.20507812 -0.38085938
v -0.01367188 -0.16601562 0.13085938
v -0.01367188 -0.16210938 0.15039062
v -0.01367188 -0.15429688 0.17382812
v -0.01367188 -0.15039062 -0.38085938
v -0.01367188 -0.15039062 -0.13085938
v -0.01367188 -0.15039062 -0.08789062
v -0.01367188 -0.14257812 -0.26367188
v -0.01367188 -0.13867188 -0.37695312
v -0.01367188 -0.13085938 -0.37695312
v -0.01367188 -0.12695312 -0.26367188
v -0.01367188 -0.11914062 -0.37695312
v -0.01367188 -0.11132812 -0.25976562
v -0.01367188 -0.10742188 -0.37695312
v -0.01367188 -0.10351562 -0.16992188
v -0.01367188 -0.09570312 -0.25585938
v -0.01367188 -0.09179688 -0.37304688
v -0.01367188 -0.03710938 -0.18945312
v -0.01367188 -0.02148438 -0.33398438
v -0.01367188 0.00195312 -0.16210938
v -0.01367188 0.00976562 -0.17773438
v -0.01367188 0.00976562 -0.14257812
v -0.01367188 0.02539062 0.36523438
v -0.01367188 0.02929688 0.38085938
v -0.01367188 0.03710938 -0.03320312
v -0.01367188 0.03710938 -0.01367188
v -0.01367188 0.03710938 0.31445312
v -0.01367188 0.03710938 0.39257812
v -0.01367188 0.04101562 -0.05273438
v -0.01367188 0.04492188 0.29882812
v -0.01367188 0.04492188 0.40429688
v -0.01367188 0.04882812 0.00585938
v -0.01367188 0.05273438 0.23632812
v -0.01367188 0.05273438 0.24804688
v -0.01367188 0.05273438 0.25976562
v -0.01367188 0.05273438 0.26367188
v -0.01367188 0.10742188 -0.01757812
v -0.01367188 0.13085938 -0.00585938
v -0.01367188 0.16601562 0.01367188
v -0.01367188 0.18945312 0.01367188
v -0.01367188 0.22851562 0.43554688
v -0.01367188 0.23242188 0.02539062
v -0.01367188 0.25195312 0.02929688
v -0.01367188 0.25585938 0.43164062
v -0.01367188 0.25976562 0.03320312
v -0.01367188 0.26757812 0.04492188
v -0.01367188 0.26757812 0.42773438
v -0.01367188 0.30273438 0.40429688
v -0.01367188 0.30664062 0.40820312
v -0.01367188 0.31054688 0.06445312
v -0.01367188 0.32617188 0.08007812
v -0.01367188 0.33789062 0.09570312
v -0.01367188 0.34960938 0.10742188
v -0.01367188 0.35351562 0.43554688
v -0.01367188 0.35742188 0.37695312
v -0.01367188 0.36132812 0.12304688
v -0.01367188 0.36132812 0.43164062
v -0.01367188 0.36523438 0.33398438
v -0.01367188 0.36523438 0.43945312
v -0.01367188 0.36914062 0.14257812
v -0.01367188 0.36914062 0.44726562
v -0.01367188 0.37304688 0.31054688
v -0.01367188 0.37304688 0.45117188
v -0.01367188 0.37695312 0.16210938
v -0.01367188 0.37695312 0.40820312
v -0.01367188 0.37695312 0.45507812
v -0.01367188 0.38085938 0.17773438
v -0.01367188 0.38085938 0.19335938
v -0.01367188 0.38085938 0.29101562
v -0.01367188 0.38085938 0.45507812
v -0.01367188 0.38476562 0.21289062
v -0.01367188 0.38476562 0.23242188
v -0.01367188 0.38476562 0.25195312
v -0.01367188 0.38476562 0.27148438
v -0.01367188 0.38476562 0.42382812
v -0.01367188 0.38476562 0.45117188
v -0.01367188 0.38867188 0.45507812
v -0.01367188 0.38867188 0.45898438
v -0.01367188 0.39257812 0.42773438
v -0.01367188 0.39257812 0.43554688
v -0.01367188 0.39257812 0.46289062
v -0.01367188 0.39648438 0.43945312
v -0.01367188 0.39648438 0.44335938
v -0.01367188 0.39648438 0.45117188
v -0.01367188 0.39648438 0.46679688
v -0.01367188 0.40039062 0.44726562
v -0.01367188 0.40039062 0.45507812
v -0.01367188 0.40429688 0.45117188
v -0.01367188 0.40820312 0.45507812
v -0.01367188 0.40820312 0.47851562
v -0.01367188 0.41992188 0.46289062
v -0.01367188 0.41992188 0.48632812
v -0.01367188 0.42773438 0.47460938
v -0.01367188 0.43164062 0.47460938
v -0.01367188 0.43554688 0.47851562
v -0.01367188 0.43554688 0.48632812
v -0.01367188 0.43554688 0.49023438
v -0.00976562 -0.31835938 -0.34179688
v -0.00976562 -0.30664062 -0.45507812
v -0.00976562 -0.30273438 -0.46679688
v -0.00976562 -0.29101562 -0.47460938
v -0.00976562 -0.28710938 -0.46679688
v -0.00976562 -0.27929688 -0.45898438
v -0.00976562 -0.27539062 -0.45117188
v -0.00976562 -0.27148438 -0.44726562
v -0.00976562 -0.26757812 -0.43945312
v -0.00976562 -0.26367188 -0.43554688
v -0.00976562 -0.25976562 -0.43164062
v -0.00976562 -0.25585938 -0.42773438
v -0.00976562 -0.25585938 -0.41992188
v -0.00976562 -0.25195312 -0.41210938
v -0.00976562 -0.24804688 -0.40429688
v -0.00976562 -0.24414062 -0.40039062
v -0.00976562 -0.24023438 -0.39257812
v -0.00976562 -0.18164062 0.04101562
v -0.00976562 -0.18164062 0.07226562
v -0.00976562 -0.17773438 0.00976562
v -0.00976562 -0.16992188 -0.01757812
v -0.00976562 -0.16601562 -0.38085938
v -0.00976562 -0.15039062 -0.11132812
v -0.00976562 -0.14257812 -0.13085938
v -0.00976562 -0.13476562 -0.14648438
v -0.00976562 -0.12304688 -0.16210938
v -0.00976562 -0.07617188 -0.25195312
v -0.00976562 -0.06835938 -0.36523438
v -0.00976562 -0.06835938 -0.24804688
v -0.00976562 -0.04882812 -0.35351562
v -0.00976562 -0.04101562 -0.17382812
v -0.00976562 -0.00585938 -0.31054688
v -0.00976562 0.00585938 -0.29101562
v -0.00976562 0.01757812 -0.26367188
v -0.00976562 0.02539062 0.37304688
v -0.00976562 0.03320312 0.00195312
v -0.00976562 0.03710938 0.00585938
v -0.00976562 0.04101562 0.00585938
v -0.00976562 0.04882812 0.28710938
v -0.00976562 0.05273438 0.25976562
v -0.00976562 0.05273438 0.26757812
v -0.00976562 0.05273438 0.27539062
v -0.00976562 0.05273438 0.41210938
v -0.00976562 0.06445312 0.41601562
v -0.00976562 0.08007812 0.41992188
v -0.00976562 0.08789062 -0.01757812
v -0.00976562 0.09179688 0.41992188
v -0.00976562 0.10351562 0.41210938
v -0.00976562 0.11523438 0.40429688
v -0.00976562 0.12695312 0.39648438
v -0.00976562 0.14257812 0.39257812
v -0.00976562 0.16210938 0.39257812
v -0.00976562 0.18554688 0.39648438
v -0.00976562 0.20117188 0.40820312
v -0.00976562 0.20117188 0.41601562
v -0.00976562 0.20507812 0.40039062
v -0.00976562 0.20507812 0.42382812
v -0.00976562 0.20898438 0.01757812
v -0.00976562 0.20898438 0.42773438
v -0.00976562 0.21289062 0.43164062
v -0.00976562 0.21679688 0.43554688
v -0.00976562 0.22460938 0.43554688
v -0.00976562 0.23242188 0.43554688
v -0.00976562 0.24414062 0.43554688
v -0.00976562 0.25585938 0.03320312
v -0.00976562 0.25976562 0.03710938
v -0.00976562 0.27148438 0.04882812
v -0.00976562 0.32617188 0.42382812
v -0.00976562 0.34179688 0.43164062
v -0.00976562 0.34960938 0.36914062
v -0.00976562 0.35351562 0.35351562
v -0.00976562 0.36132812 0.43554688
v -0.00976562 0.36132812 0.44335938
v -0.00976562 0.36523438 0.45117188
v -0.00976562 0.36914062 0.38476562
v -0.00976562 0.36914062 0.45507812
v -0.00976562 0.37695312 0.39648438
v -0.00976562 0.37695312 0.45507812
v -0.00976562 0.38085938 0.40820312
v -0.00976562 0.38085938 0.41601562
v -0.00976562 0.38085938 0.45898438
v -0.00976562 0.38476562 0.45898438
v -0.00976562 0.38867188 0.42382812
v -0.00976562 0.39257812 0.42773438
v -0.00976562 0.39257812 0.46289062
v -0.00976562 0.39648438 0.43164062
v -0.00976562 0.39648438 0.47070312
v -0.00976562 0.40039062 0.43554688
v -0.00976562 0.40039062 0.43945312
v -0.00976562 0.40039062 0.44335938
v -0.00976562 0.40429688 0.44726562
v -0.00976562 0.40820312 0.47851562
v -0.00976562 0.41210938 0.45117188
v -0.00976562 0.41992188 0.48632812
v -0.00976562 0.42382812 0.45898438
v -0.00976562 0.43164062 0.49414062
v -0.00976562 0.43554688 0.47070312
v -0.00976562 0.43554688 0.49414062
v -0.00976562 0.43945312 0.48242188
v -0.00976562 0.43945312 0.49414062
v -0.00976562 0.44335938 0.49023438
v -0.00976562 0.44335938 0.49414062
v -0.00585938 -0.31835938 -0.38085938
v -0.00585938 -0.31835938 -0.36132812
v -0.00585938 -0.31445312 -0.41992188
v -0.00585938 -0.31054688 -0.43945312
v -0.00585938 -0.29882812 -0.47460938
v -0.00585938 -0.29492188 -0.48242188
v -0.00585938 -0.23242188 -0.38867188
v -0.00585938 -0.22460938 -0.38476562
v -0.00585938 -0.21289062 -0.38476562
v -0.00585938 -0.20507812 -0.38476562
v -0.00585938 -0.19335938 -0.38085938
v -0.00585938 -0.18164062 -0.38085938
v -0.00585938 -0.16210938 -0.04101562
v -0.00585938 -0.15429688 -0.38085938
v -0.00585938 -0.15429688 -0.05273438
v -0.00585938 -0.14648438 -0.06835938
v -0.00585938 -0.14257812 -0.38085938
v -0.00585938 -0.13085938 -0.38085938
v -0.00585938 -0.11914062 -0.38085938
v -0.00585938 -0.10742188 -0.37695312
v -0.00585938 -0.08789062 -0.37304688
v -0.00585938 -0.05664062 -0.24023438
v -0.00585938 -0.04882812 -0.23242188
v -0.00585938 -0.04492188 -0.22070312
v -0.00585938 0.00585938 -0.15820312
v -0.00585938 0.00976562 -0.13867188
v -0.00585938 0.01367188 -0.17773438
v -0.00585938 0.02148438 -0.24023438
v -0.00585938 0.02148438 -0.19726562
v -0.00585938 0.02148438 -0.12304688
v -0.00585938 0.02929688 -0.22070312
v -0.00585938 0.03320312 -0.09960938
v -0.00585938 0.03710938 -0.07617188
v -0.00585938 0.03710938 -0.01367188
v -0.00585938 0.04101562 -0.05273438
v -0.00585938 0.04101562 -0.03320312
v -0.00585938 0.06054688 0.00195312
v -0.00585938 0.07617188 -0.00976562
v -0.00585938 0.14257812 0.00195312
v -0.00585938 0.23242188 0.43945312
v -0.00585938 0.24023438 0.43945312
v -0.00585938 0.24414062 0.03320312
v -0.00585938 0.25195312 0.03710938
v -0.00585938 0.26367188 0.04492188
v -0.00585938 0.26757812 0.42773438
v -0.00585938 0.27929688 0.41992188
v -0.00585938 0.29101562 0.41210938
v -0.00585938 0.29492188 0.05273438
v -0.00585938 0.29492188 0.40820312
v -0.00585938 0.30273438 0.40429688
v -0.00585938 0.30664062 0.41210938
v -0.00585938 0.31445312 0.06445312
v -0.00585938 0.31445312 0.41601562
v -0.00585938 0.33007812 0.07617188
v -0.00585938 0.33789062 0.09179688
v -0.00585938 0.34570312 0.10351562
v -0.00585938 0.34960938 0.37304688
v -0.00585938 0.34960938 0.43554688
v -0.00585938 0.35351562 0.35351562
v -0.00585938 0.35742188 0.43945312
v -0.00585938 0.36132812 0.12304688
v -0.00585938 0.36132812 0.37695312
v -0.00585938 0.36523438 0.33398438
v -0.00585938 0.36523438 0.45117188
v -0.00585938 0.36914062 0.14257812
v -0.00585938 0.36914062 0.45507812
v -0.00585938 0.37304688 0.31054688
v -0.00585938 0.37304688 0.45898438
v -0.00585938 0.37695312 0.16210938
v -0.00585938 0.37695312 0.45898438
v -0.00585938 0.38085938 0.17773438
v -0.00585938 0.38085938 0.19335938
v -0.00585938 0.38085938 0.29101562
v -0.00585938 0.38476562 0.21289062
v -0.00585938 0.38476562 0.23242188
v -0.00585938 0.38476562 0.25195312
v -0.00585938 0.38476562 0.27148438
v -0.00585938 0.38476562 0.41601562
v -0.00585938 0.38476562 0.46289062
v -0.00585938 0.38867188 0.42382812
v -0.00585938 0.38867188 0.46679688
v -0.00585938 0.39648438 0.42773438
v -0.00585938 0.39648438 0.47460938
v -0.00585938 0.40039062 0.43945312
v -0.00585938 0.40429688 0.44335938
v -0.00585938 0.40820312 0.44726562
v -0.00585938 0.40820312 0.48242188
v -0.00585938 0.41601562 0.45117188
v -0.00585938 0.41992188 0.49023438
v -0.00585938 0.42382812 0.45898438
v -0.00585938 0.42773438 0.49414062
v -0.00585938 0.43554688 0.47070312
v -0.00585938 0.43945312 0.49804688
v -0.00585938 0.44335938 0.48242188
v -0.00585938 0.44335938 0.49804688
v -0.00585938 0.44726562 0.48242188
v -0.00585938 0.44726562 0.49804688
v -0.00585938 0.45117188 0.49023438
v -0.00585938 0.45117188 0.49804688
v -0.00195312 -0.25585938 -0.41992188
v -0.00195312 -0.14648438 -0.11132812
v -0.00195312 -0.14648438 -0.08789062
v -0.00195312 -0.13867188 -0.13085938
v -0.00195312 -0.13085938 -0.14648438
v -0.00195312 -0.11523438 -0.16210938
v -0.00195312 -0.09570312 -0.17382812
v -0.00195312 -0.06835938 -0.17382812
v -0.00195312 -0.04882812 -0.19335938
v -0.00195312 -0.04882812 -0.17773438
v -0.00195312 -0.04492188 -0.20898438
v -0.00195312 0.03710938 -0.00195312
v -0.00195312 0.03710938 0.00195312
v -0.00195312 0.04101562 0.00195312
v -0.00195312 0.04882812 0.00195312
v -0.00195312 0.09570312 -0.01757812
v -0.00195312 0.11914062 -0.00976562
v -0.00195312 0.22851562 0.02539062
v -0.00195312 0.24414062 0.43554688
v -0.00195312 0.25195312 0.43554688
v -0.00195312 0.25585938 0.04101562
v -0.00195312 0.25976562 0.43164062
v -0.00195312 0.28320312 0.04882812
v -0.00195312 0.32617188 0.42773438
v -0.00195312 0.33789062 0.43554688
v -0.00195312 0.34960938 0.43945312
v -0.00195312 0.35742188 0.44335938
v -0.00195312 0.36132812 0.44726562
v -0.00195312 0.36914062 0.38476562
v -0.00195312 0.36914062 0.45507812
v -0.00195312 0.37304688 0.45898438
v -0.00195312 0.37695312 0.39648438
v -0.00195312 0.37695312 0.45898438
v -0.00195312 0.38085938 0.40820312
v -0.00195312 0.38476562 0.41601562
v -0.00195312 0.38476562 0.46289062
v -0.00195312 0.38867188 0.46679688
v -0.00195312 0.39648438 0.43164062
v -0.00195312 0.39648438 0.47460938
v -0.00195312 0.40039062 0.43554688
v -0.00195312 0.40039062 0.43945312
v -0.00195312 0.40429688 0.44335938
v -0.00195312 0.40429688 0.48242188
v -0.00195312 0.40820312 0.44726562
v -0.00195312 0.41601562 0.45117188
v -0.00195312 0.41601562 0.49023438
v -0.00195312 0.42382812 0.45898438
v -0.00195312 0.42773438 0.49414062
v -0.00195312 0.43554688 0.47070312
v -0.00195312 0.43554688 0.49804688
v -0.00195312 0.43945312 0.49804688
v -0.00195312 0.44335938 0.49804688
v -0.00195312 0.44726562 0.48242188
v -0.00195312 0.45117188 0.49023438
v -0.00195312 0.45117188 0.49804688
v 0.00195312 -0.31835938 -0.37695312
v 0.00195312 -0.31835938 -0.36132812
v 0.00195312 -0.31835938 -0.34179688
v 0.00195312 -0.31445312 -0.41601562
v 0.00195312 -0.31445312 -0.31835938
v 0.00195312 -0.31054688 -0.43945312
v 0.00195312 -0.30664062 -0.45507812
v 0.00195312 -0.30664062 -0.29492188
v 0.00195312 -0.30273438 -0.46679688
v 0.00195312 -0.29882812 -0.47460938
v 0.00195312 -0.29492188 -0.48242188
v 0.00195312 -0.29101562 -0.47851562
v 0.00195312 -0.29101562 -0.47460938
v 0.00195312 -0.28710938 -0.46679688
v 0.00195312 -0.28710938 -0.27148438
v 0.00195312 -0.27929688 -0.45898438
v 0.00195312 -0.27539062 -0.45117188
v 0.00195312 -0.27148438 -0.44726562
v 0.00195312 -0.26757812 -0.43945312
v 0.00195312 -0.26367188 -0.43554688
v 0.00195312 -0.25976562 -0.43164062
v 0.00195312 -0.25976562 -0.25585938
v 0.00195312 -0.25585938 -0.42773438
v 0.00195312 -0.25585938 -0.41992188
v 0.00195312 -0.25195312 -0.41210938
v 0.00195312 -0.24804688 -0.40429688
v 0.00195312 -0.24414062 -0.40039062
v 0.00195312 -0.24023438 -0.39257812
v 0.00195312 -0.23242188 -0.38867188
v 0.00195312 -0.22851562 -0.24804688
v 0.00195312 -0.22460938 -0.38476562
v 0.00195312 -0.21289062 -0.38476562
v 0.00195312 -0.20507812 -0.38476562
v 0.00195312 -0.19726562 -0.24804688
v 0.00195312 -0.19335938 -0.38476562
v 0.00195312 -0.18164062 -0.38476562
v 0.00195312 -0.17382812 -0.25585938
v 0.00195312 -0.16992188 -0.38476562
v 0.00195312 -0.16601562 0.13085938
v 0.00195312 -0.16210938 0.15039062
v 0.00195312 -0.15820312 -0.38476562
v 0.00195312 -0.15429688 -0.25976562
v 0.00195312 -0.15429688 0.17382812
v 0.00195312 -0.14257812 -0.38085938
v 0.00195312 -0.14257812 -0.25976562
v 0.00195312 -0.13867188 0.19335938
v 0.00195312 -0.13085938 -0.38476562
v 0.00195312 -0.12695312 -0.25976562
v 0.00195312 -0.12304688 0.20507812
v 0.00195312 -0.11914062 -0.38085938
v 0.00195312 -0.11132812 -0.25976562
v 0.00195312 -0.10742188 -0.37695312
v 0.00195312 -0.09960938 0.21679688
v 0.00195312 -0.09570312 -0.25585938
v 0.00195312 -0.08789062 -0.37304688
v 0.00195312 -0.08398438 -0.25195312
v 0.00195312 -0.08398438 0.22070312
v 0.00195312 -0.06835938 -0.36523438
v 0.00195312 -0.06835938 -0.24804688
v 0.00195312 -0.06445312 0.22460938
v 0.00195312 -0.05664062 -0.24023438
v 0.00195312 -0.05273438 -0.17773438
v 0.00195312 -0.04882812 -0.35351562
v 0.00195312 -0.04882812 -0.22851562
v 0.00195312 -0.04882812 -0.21679688
v 0.00195312 -0.04882812 -0.20507812
v 0.00195312 -0.04882812 -0.18945312
v 0.00195312 -0.03710938 0.22460938
v 0.00195312 -0.02148438 -0.33398438
v 0.00195312 -0.00585938 -0.31445312
v 0.00195312 -0.00585938 0.22070312
v 0.00195312 0.00585938 -0.29101562
v 0.00195312 0.01757812 -0.26367188
v 0.00195312 0.01757812 0.22070312
v 0.00195312 0.02539062 0.34960938
v 0.00195312 0.02539062 0.36523438
v 0.00195312 0.02539062 0.37304688
v 0.00195312 0.02929688 0.33398438
v 0.00195312 0.02929688 0.38085938
v 0.00195312 0.03320312 0.31445312
v 0.00195312 0.03710938 0.39257812
v 0.00195312 0.04101562 0.21679688
v 0.00195312 0.04101562 0.29882812
v 0.00195312 0.04492188 0.40429688
v 0.00195312 0.04882812 0.28710938
v 0.00195312 0.05273438 0.22070312
v 0.00195312 0.05273438 0.23632812
v 0.00195312 0.05273438 0.24804688
v 0.00195312 0.05273438 0.25976562
v 0.00195312 0.05273438 0.26757812
v 0.00195312 0.05273438 0.27539062
v 0.00195312 0.05273438 0.41210938
v 0.00195312 0.06445312 0.41601562
v 0.00195312 0.07617188 -0.01757812
v 0.00195312 0.08007812 0.41992188
v 0.00195312 0.09179688 0.41992188
v 0.00195312 0.10351562 0.41210938
v 0.00195312 0.11523438 0.40429688
v 0.00195312 0.12695312 0.39648438
v 0.00195312 0.14257812 0.39257812
v 0.00195312 0.15820312 0.00976562
v 0.00195312 0.16210938 0.39257812
v 0.00195312 0.18164062 0.01367188
v 0.00195312 0.18554688 0.39648438
v 0.00195312 0.20117188 0.40820312
v 0.00195312 0.20117188 0.41601562
v 0.00195312 0.20507812 0.40039062
v 0.00195312 0.20507812 0.42382812
v 0.00195312 0.20898438 0.42773438
v 0.00195312 0.21289062 0.43164062
v 0.00195312 0.21679688 0.43554688
v 0.00195312 0.22460938 0.43554688
v 0.00195312 0.23242188 0.43945312
v 0.00195312 0.24023438 0.43945312
v 0.00195312 0.24414062 0.43945312
v 0.00195312 0.24804688 0.03710938
v 0.00195312 0.25195312 0.43554688
v 0.00195312 0.25976562 0.43164062
v 0.00195312 0.26757812 0.04101562
v 0.00195312 0.27148438 0.42773438
v 0.00195312 0.27929688 0.41992188
v 0.00195312 0.29101562 0.41601562
v 0.00195312 0.29492188 0.40820312
v 0.00195312 0.29882812 0.05664062
v 0.00195312 0.30273438 0.40429688
v 0.00195312 0.30664062 0.41210938
v 0.00195312 0.31445312 0.41992188
v 0.00195312 0.33007812 0.07617188
v 0.00195312 0.33789062 0.08789062
v 0.00195312 0.34570312 0.10351562
v 0.00195312 0.34960938 0.37304688
v 0.00195312 0.34960938 0.43945312
v 0.00195312 0.35351562 0.35351562
v 0.00195312 0.35742188 0.12304688
v 0.00195312 0.35742188 0.44335938
v 0.00195312 0.36132812 0.37695312
v 0.00195312 0.36132812 0.44726562
v 0.00195312 0.36523438 0.33398438
v 0.00195312 0.36523438 0.45117188
v 0.00195312 0.36914062 0.14257812
v 0.00195312 0.37304688 0.31054688
v 0.00195312 0.37695312 0.16210938
v 0.00195312 0.37695312 0.39648438
v 0.00195312 0.37695312 0.45898438
v 0.00195312 0.38085938 0.17773438
v 0.00195312 0.38085938 0.19335938
v 0.00195312 0.38085938 0.29101562
v 0.00195312 0.38085938 0.40820312
v 0.00195312 0.38085938 0.45898438
v 0.00195312 0.38476562 0.21289062
v 0.00195312 0.38476562 0.23242188
v 0.00195312 0.38476562 0.25195312
v 0.00195312 0.38476562 0.27148438
v 0.00195312 0.38476562 0.41601562
v 0.00195312 0.38476562 0.46289062
v 0.00195312 0.38867188 0.42382812
v 0.00195312 0.38867188 0.46679688
v 0.00195312 0.39257812 0.42773438
v 0.00195312 0.39648438 0.43164062
v 0.00195312 0.39648438 0.47460938
v 0.00195312 0.40039062 0.43554688
v 0.00195312 0.40039062 0.43945312
v 0.00195312 0.40039062 0.44335938
v 0.00195312 0.40429688 0.44335938
v 0.00195312 0.40820312 0.44726562
v 0.00195312 0.40820312 0.48242188
v 0.00195312 0.41210938 0.45117188
v 0.00195312 0.41601562 0.49023438
v 0.00195312 0.41992188 0.49023438
v 0.00195312 0.42382812 0.45898438
v 0.00195312 0.43164062 0.49414062
v 0.00195312 0.43554688 0.47070312
v 0.00195312 0.43554688 0.49414062
v 0.00195312 0.43945312 0.49414062
v 0.00195312 0.44335938 0.48242188
v 0.00195312 0.44726562 0.49023438
v 0.00195312 0.44726562 0.49414062
v 0.00585938 -0.31835938 -0.38085938
v 0.00585938 -0.31835938 -0.36132812
v 0.00585938 -0.29882812 -0.47460938
v 0.00585938 -0.29492188 -0.48242188
v 0.00585938 -0.23242188 -0.38867188
v 0.00585938 -0.22460938 -0.38476562
v 0.00585938 -0.18164062 0.04101562
v 0.00585938 -0.18164062 0.07617188
v 0.00585938 -0.17773438 0.00976562
v 0.00585938 -0.17382812 0.10351562
v 0.00585938 -0.16992188 -0.01757812
v 0.00585938 -0.16210938 -0.04101562
v 0.00585938 -0.15429688 -0.05273438
v 0.00585938 -0.15039062 -0.06835938
v 0.00585938 -0.14648438 -0.11132812
v 0.00585938 -0.14648438 -0.08398438
v 0.00585938 -0.13867188 -0.13085938
v 0.00585938 -0.13085938 -0.14648438
v 0.00585938 -0.11523438 -0.16210938
v 0.00585938 -0.09570312 -0.17382812
v 0.00585938 -0.06835938 -0.17382812
v 0.00585938 0.00976562 -0.15820312
v 0.00585938 0.00976562 -0.13867188
v 0.00585938 0.01367188 -0.17773438
v 0.00585938 0.02148438 -0.24023438
v 0.00585938 0.02148438 -0.19726562
v 0.00585938 0.02148438 -0.12304688
v 0.00585938 0.02929688 -0.22070312
v 0.00585938 0.03320312 -0.09960938
v 0.00585938 0.03710938 -0.07617188
v 0.00585938 0.03710938 -0.01757812
v 0.00585938 0.03710938 -0.00195312
v 0.00585938 0.03710938 0.00195312
v 0.00585938 0.04101562 -0.05273438
v 0.00585938 0.04101562 -0.03320312
v 0.00585938 0.04492188 0.00195312
v 0.00585938 0.06054688 -0.00195312
v 0.00585938 0.07617188 -0.00976562
v 0.00585938 0.09179688 -0.01757812
v 0.00585938 0.10742188 -0.01367188
v 0.00585938 0.13476562 -0.00195312
v 0.00585938 0.20507812 0.01367188
v 0.00585938 0.22460938 0.43554688
v 0.00585938 0.24023438 0.43945312
v 0.00585938 0.24414062 0.43554688
v 0.00585938 0.28710938 0.04882812
v 0.00585938 0.31835938 0.06835938
v 0.00585938 0.32617188 0.42773438
v 0.00585938 0.33789062 0.08789062
v 0.00585938 0.33789062 0.43554688
v 0.00585938 0.34570312 0.10351562
v 0.00585938 0.34960938 0.37304688
v 0.00585938 0.35351562 0.35351562
v 0.00585938 0.35742188 0.12304688
v 0.00585938 0.35742188 0.44335938
v 0.00585938 0.36132812 0.38085938
v 0.00585938 0.36132812 0.44726562
v 0.00585938 0.36523438 0.33398438
v 0.00585938 0.36523438 0.45117188
v 0.00585938 0.36914062 0.14257812
v 0.00585938 0.36914062 0.38476562
v 0.00585938 0.36914062 0.45507812
v 0.00585938 0.37304688 0.16210938
v 0.00585938 0.37304688 0.31054688
v 0.00585938 0.37695312 0.45898438
v 0.00585938 0.38085938 0.17773438
v 0.00585938 0.38085938 0.19335938
v 0.00585938 0.38085938 0.29101562
v 0.00585938 0.38085938 0.40820312
v 0.00585938 0.38085938 0.45898438
v 0.00585938 0.38476562 0.21289062
v 0.00585938 0.38476562 0.23242188
v 0.00585938 0.38476562 0.25195312
v 0.00585938 0.38476562 0.27148438
v 0.00585938 0.38476562 0.41992188
v 0.00585938 0.38476562 0.46289062
v 0.00585938 0.38867188 0.42382812
v 0.00585938 0.39257812 0.42773438
v 0.00585938 0.39257812 0.46679688
v 0.00585938 0.39648438 0.43164062
v 0.00585938 0.39648438 0.43554688
v 0.00585938 0.40039062 0.43945312
v 0.00585938 0.40039062 0.44726562
v 0.00585938 0.40039062 0.47460938
v 0.00585938 0.40429688 0.44726562
v 0.00585938 0.40429688 0.45117188
v 0.00585938 0.40820312 0.48242188
v 0.00585938 0.41210938 0.45117188
v 0.00585938 0.41210938 0.48242188
v 0.00585938 0.41992188 0.45898438
v 0.00585938 0.41992188 0.49023438
v 0.00585938 0.42382812 0.49023438
v 0.00585938 0.42773438 0.48632812
v 0.00585938 0.43164062 0.47070312
v 0.00585938 0.43164062 0.47851562
v 0.00585938 0.43164062 0.48242188
v 0.00585938 0.43945312 0.48242188
v 0.00585938 0.43945312 0.48632812
v 0.00976562 -0.31835938 -0.34179688
v 0.00976562 -0.31445312 -0.41992188
v 0.00976562 -0.31054688 -0.43945312
v 0.00976562 -0.30664062 -0.45507812
v 0.00976562 -0.30273438 -0.46679688
v 0.00976562 -0.29101562 -0.47460938
v 0.00976562 -0.28710938 -0.46679688
v 0.00976562 -0.27929688 -0.45898438
v 0.00976562 -0.27539062 -0.45117188
v 0.00976562 -0.27148438 -0.44726562
v 0.00976562 -0.26757812 -0.43945312
v 0.00976562 -0.26367188 -0.43554688
v 0.00976562 -0.25976562 -0.43164062
v 0.00976562 -0.25585938 -0.42773438
v 0.00976562 -0.25585938 -0.41992188
v 0.00976562 -0.25195312 -0.41210938
v 0.00976562 -0.24804688 -0.40429688
v 0.00976562 -0.24414062 -0.40039062
v 0.00976562 -0.24023438 -0.39257812
v 0.00976562 -0.21289062 -0.38476562
v 0.00976562 -0.20507812 -0.38476562
v 0.00976562 -0.19335938 -0.38085938
v 0.00976562 -0.18164062 -0.38085938
v 0.00976562 -0.16601562 -0.38085938
v 0.00976562 -0.15429688 -0.38085938
v 0.00976562 -0.14257812 -0.38085938
v 0.00976562 -0.13085938 -0.38085938
v 0.00976562 -0.11914062 -0.38085938
v 0.00976562 -0.10742188 -0.37695312
v 0.00976562 -0.08789062 -0.37304688
v 0.00976562 -0.06835938 -0.17382812
v 0.00976562 -0.05664062 -0.24023438
v 0.00976562 -0.04882812 -0.23242188
v 0.00976562 -0.04882812 -0.19335938
v 0.00976562 -0.04882812 -0.17773438
v 0.00976562 -0.04492188 -0.22070312
v 0.00976562 -0.04492188 -0.20898438
v 0.00976562 0.02539062 0.37304688
v 0.00976562 0.04882812 0.28710938
v 0.00976562 0.05273438 0.25976562
v 0.00976562 0.05273438 0.26757812
v 0.00976562 0.05273438 0.27539062
v 0.00976562 0.09179688 0.41992188
v 0.00976562 0.10742188 0.41210938
v 0.00976562 0.11914062 0.40039062
v 0.00976562 0.13085938 0.39257812
v 0.00976562 0.14648438 0.38867188
v 0.00976562 0.16601562 0.39257812
v 0.00976562 0.21289062 0.42773438
v 0.00976562 0.21679688 0.42773438
v 0.00976562 0.22070312 0.43164062
v 0.00976562 0.22851562 0.43554688
v 0.00976562 0.23242188 0.43945312
v 0.00976562 0.25195312 0.43554688
v 0.00976562 0.25976562 0.03710938
v 0.00976562 0.25976562 0.43164062
v 0.00976562 0.26757812 0.42773438
v 0.00976562 0.27148438 0.04101562
v 0.00976562 0.29101562 0.04882812
v 0.00976562 0.29882812 0.40820312
v 0.00976562 0.30273438 0.40429688
v 0.00976562 0.30664062 0.05664062
v 0.00976562 0.30664062 0.41210938
v 0.00976562 0.31445312 0.41992188
v 0.00976562 0.31835938 0.06835938
v 0.00976562 0.33007812 0.07617188
v 0.00976562 0.34960938 0.37304688
v 0.00976562 0.34960938 0.43945312
v 0.00976562 0.35351562 0.35351562
v 0.00976562 0.36132812 0.38085938
v 0.00976562 0.36132812 0.44335938
v 0.00976562 0.36523438 0.43945312
v 0.00976562 0.36523438 0.44726562
v 0.00976562 0.36914062 0.38476562
v 0.00976562 0.36914062 0.44335938
v 0.00976562 0.36914062 0.45117188
v 0.00976562 0.37304688 0.45507812
v 0.00976562 0.37695312 0.39648438
v 0.00976562 0.38085938 0.41992188
v 0.00976562 0.38085938 0.45507812
v 0.00976562 0.38476562 0.42773438
v 0.00976562 0.38476562 0.45898438
v 0.00976562 0.38867188 0.43164062
v 0.00976562 0.38867188 0.45507812
v 0.00976562 0.38867188 0.46289062
v 0.00976562 0.39257812 0.43554688
v 0.00976562 0.39257812 0.44726562
v 0.00976562 0.39257812 0.45117188
v 0.00976562 0.39257812 0.45898438
v 0.00976562 0.39257812 0.46679688
v 0.00976562 0.39648438 0.43945312
v 0.00976562 0.39648438 0.44335938
v 0.00976562 0.39648438 0.44726562
v 0.00976562 0.39648438 0.45507812
v 0.00976562 0.39648438 0.46289062
v 0.00976562 0.40039062 0.45117188
v 0.00976562 0.40039062 0.47460938
v 0.00976562 0.40429688 0.47070312
v 0.00976562 0.40820312 0.45507812
v 0.00976562 0.41210938 0.47851562
v 0.00976562 0.41601562 0.46289062
v 0.00976562 0.41601562 0.47851562
v 0.00976562 0.41992188 0.47460938
v 0.00976562 0.42382812 0.47070312
v 0.01367188 -0.31835938 -0.38867188
v 0.01367188 -0.31835938 -0.36523438
v 0.01367188 -0.31445312 -0.32226562
v 0.01367188 -0.30664062 -0.45507812
v 0.01367188 -0.29882812 -0.47070312
v 0.01367188 -0.29882812 -0.46679688
v 0.01367188 -0.29492188 -0.48242188
v 0.01367188 -0.29492188 -0.47851562
v 0.01367188 -0.29101562 -0.47851562
v 0.01367188 -0.28710938 -0.46679688
v 0.01367188 -0.23632812 -0.38867188
v 0.01367188 -0.22460938 -0.38476562
v 0.01367188 -0.16210938 0.15039062
v 0.01367188 -0.15039062 -0.38085938
v 0.01367188 -0.14648438 -0.11132812
v 0.01367188 -0.14648438 -0.08789062
v 0.01367188 -0.13867188 -0.37695312
v 0.01367188 -0.13867188 -0.13085938
v 0.01367188 -0.13085938 -0.14648438
v 0.01367188 -0.11523438 -0.16210938
v 0.01367188 -0.09570312 -0.17382812
v 0.01367188 -0.07617188 -0.25195312
v 0.01367188 -0.06835938 -0.36523438
v 0.01367188 -0.06835938 -0.24804688
v 0.01367188 -0.04882812 -0.35351562
v 0.01367188 -0.02148438 -0.33398438
v 0.01367188 -0.00585938 -0.31054688
v 0.01367188 0.00585938 -0.29101562
v 0.01367188 0.00585938 -0.15820312
v 0.01367188 0.00976562 -0.13867188
v 0.01367188 0.01367188 -0.17773438
v 0.01367188 0.01757812 -0.26367188
v 0.01367188 0.02148438 -0.24023438
v 0.01367188 0.02148438 -0.19726562
v 0.01367188 0.02148438 -0.12304688
v 0.01367188 0.02539062 0.36523438
v 0.01367188 0.02929688 -0.22070312
v 0.01367188 0.02929688 0.38085938
v 0.01367188 0.03320312 -0.09960938
v 0.01367188 0.03710938 -0.07617188
v 0.01367188 0.03710938 -0.01367188
v 0.01367188 0.03710938 -0.00195312
v 0.01367188 0.03710938 0.31445312
v 0.01367188 0.03710938 0.39257812
v 0.01367188 0.04101562 -0.05273438
v 0.01367188 0.04101562 -0.03320312
v 0.01367188 0.04101562 0.00195312
v 0.01367188 0.04492188 0.00195312
v 0.01367188 0.04492188 0.29882812
v 0.01367188 0.04492188 0.40429688
v 0.01367188 0.05273438 0.23632812
v 0.01367188 0.05273438 0.24804688
v 0.01367188 0.05273438 0.41210938
v 0.01367188 0.06445312 0.41601562
v 0.01367188 0.08007812 0.41992188
v 0.01367188 0.12304688 -0.00976562
v 0.01367188 0.18945312 0.39648438
v 0.01367188 0.20507812 0.40039062
v 0.01367188 0.20507812 0.40820312
v 0.01367188 0.20507812 0.41601562
v 0.01367188 0.20898438 0.41992188
v 0.01367188 0.21679688 0.01757812
v 0.01367188 0.22070312 0.42773438
v 0.01367188 0.22070312 0.43164062
v 0.01367188 0.22460938 0.43164062
v 0.01367188 0.22851562 0.43164062
v 0.01367188 0.23632812 0.43554688
v 0.01367188 0.24023438 0.02539062
v 0.01367188 0.24023438 0.43554688
v 0.01367188 0.24804688 0.43164062
v 0.01367188 0.27929688 0.04492188
v 0.01367188 0.27929688 0.41992188
v 0.01367188 0.29101562 0.41210938
v 0.01367188 0.30664062 0.06054688
v 0.01367188 0.31054688 0.40820312
v 0.01367188 0.31835938 0.41601562
v 0.01367188 0.32617188 0.08007812
v 0.01367188 0.32617188 0.42773438
v 0.01367188 0.33398438 0.09179688
v 0.01367188 0.34179688 0.10742188
v 0.01367188 0.34179688 0.43554688
v 0.01367188 0.34960938 0.37304688
v 0.01367188 0.35351562 0.12304688
v 0.01367188 0.35351562 0.43554688
v 0.01367188 0.35742188 0.38085938
v 0.01367188 0.35742188 0.43554688
v 0.01367188 0.36523438 0.14257812
v 0.01367188 0.36523438 0.33398438
v 0.01367188 0.36523438 0.38867188
v 0.01367188 0.36914062 0.42773438
v 0.01367188 0.36914062 0.43945312
v 0.01367188 0.37304688 0.16210938
v 0.01367188 0.37304688 0.31054688
v 0.01367188 0.37304688 0.40039062
v 0.01367188 0.37304688 0.42382812
v 0.01367188 0.37304688 0.43554688
v 0.01367188 0.37304688 0.44335938
v 0.01367188 0.37304688 0.44726562
v 0.01367188 0.37695312 0.17773438
v 0.01367188 0.37695312 0.41210938
v 0.01367188 0.37695312 0.43945312
v 0.01367188 0.37695312 0.44726562
v 0.01367188 0.37695312 0.45507812
v 0.01367188 0.38085938 0.19726562
v 0.01367188 0.38085938 0.29101562
v 0.01367188 0.38085938 0.43164062
v 0.01367188 0.38085938 0.45117188
v 0.01367188 0.38476562 0.21289062
v 0.01367188 0.38476562 0.23242188
v 0.01367188 0.38476562 0.25195312
v 0.01367188 0.38476562 0.27148438
v 0.01367188 0.38476562 0.43554688
v 0.01367188 0.38476562 0.45507812
v 0.01367188 0.38867188 0.43945312
v 0.01367188 0.38867188 0.45117188
v 0.01367188 0.39257812 0.44335938
v 0.01367188 0.40039062 0.46289062
v 0.01367188 0.40429688 0.45898438
v 0.01367188 0.40820312 0.47070312
v 0.01367188 0.41210938 0.46679688
v 0.01757812 -0.31835938 -0.34960938
v 0.01757812 -0.31445312 -0.40429688
v 0.01757812 -0.31445312 -0.39257812
v 0.01757812 -0.31054688 -0.41992188
v 0.01757812 -0.30664062 -0.44335938
v 0.01757812 -0.30273438 -0.29882812
v 0.01757812 -0.29882812 -0.46679688
v 0.01757812 -0.29492188 -0.47851562
v 0.01757812 -0.29492188 -0.47460938
v 0.01757812 -0.29101562 -0.47851562
v 0.01757812 -0.29101562 -0.47460938
v 0.01757812 -0.29101562 -0.47070312
v 0.01757812 -0.28320312 -0.27929688
v 0.01757812 -0.27929688 -0.45507812
v 0.01757812 -0.27539062 -0.45117188
v 0.01757812 -0.27148438 -0.44335938
v 0.01757812 -0.26757812 -0.43945312
v 0.01757812 -0.26367188 -0.43554688
v 0.01757812 -0.25976562 -0.43164062
v 0.01757812 -0.25585938 -0.42382812
v 0.01757812 -0.25585938 -0.41992188
v 0.01757812 -0.25195312 -0.41210938
v 0.01757812 -0.24804688 -0.40429688
v 0.01757812 -0.24414062 -0.40039062
v 0.01757812 -0.24023438 -0.39257812
v 0.01757812 -0.22851562 -0.25195312
v 0.01757812 -0.21679688 -0.38085938
v 0.01757812 -0.20507812 -0.38085938
v 0.01757812 -0.19726562 -0.25195312
v 0.01757812 -0.19335938 -0.38085938
v 0.01757812 -0.18164062 -0.38085938
v 0.01757812 -0.18164062 0.07226562
v 0.01757812 -0.17382812 -0.25976562
v 0.01757812 -0.16601562 -0.38085938
v 0.01757812 -0.16601562 0.13085938
v 0.01757812 -0.16210938 -0.04101562
v 0.01757812 -0.15429688 -0.26367188
v 0.01757812 -0.15429688 -0.05273438
v 0.01757812 -0.15429688 0.17382812
v 0.01757812 -0.15039062 -0.11132812
v 0.01757812 -0.14648438 -0.06835938
v 0.01757812 -0.14257812 -0.26367188
v 0.01757812 -0.14257812 -0.13085938
v 0.01757812 -0.13085938 -0.37695312
v 0.01757812 -0.12695312 -0.26367188
v 0.01757812 -0.11914062 -0.37695312
v 0.01757812 -0.11132812 -0.25976562
v 0.01757812 -0.10742188 -0.37695312
v 0.01757812 -0.09570312 -0.25585938
v 0.01757812 -0.09179688 -0.37304688
v 0.01757812 -0.04101562 -0.17382812
v 0.01757812 0.00195312 -0.16210938
v 0.01757812 0.02929688 0.33007812
v 0.01757812 0.03710938 -0.01367188
v 0.01757812 0.04101562 0.21289062
v 0.01757812 0.05273438 0.25976562
v 0.01757812 0.05273438 0.26367188
v 0.01757812 0.06054688 -0.00195312
v 0.01757812 0.07617188 -0.01367188
v 0.01757812 0.07617188 -0.00976562
v 0.01757812 0.09179688 -0.01757812
v 0.01757812 0.11132812 -0.01367188
v 0.01757812 0.14257812 0.00195312
v 0.01757812 0.16210938 0.01367188
v 0.01757812 0.17773438 0.01757812
v 0.01757812 0.19335938 0.01757812
v 0.01757812 0.21289062 0.41601562
v 0.01757812 0.21679688 0.41992188
v 0.01757812 0.21679688 0.42382812
v 0.01757812 0.22070312 0.42382812
v 0.01757812 0.22070312 0.42773438
v 0.01757812 0.22460938 0.42773438
v 0.01757812 0.22460938 0.43164062
v 0.01757812 0.23632812 0.43164062
v 0.01757812 0.24023438 0.43164062
v 0.01757812 0.24414062 0.42773438
v 0.01757812 0.25585938 0.42773438
v 0.01757812 0.26757812 0.42382812
v 0.01757812 0.29492188 0.05273438
v 0.01757812 0.30664062 0.06445312
v 0.01757812 0.30664062 0.40429688
v 0.01757812 0.31835938 0.07226562
v 0.01757812 0.34179688 0.37304688
v 0.01757812 0.34179688 0.43164062
v 0.01757812 0.35351562 0.35351562
v 0.01757812 0.36132812 0.33398438
v 0.01757812 0.36523438 0.43164062
v 0.01757812 0.36914062 0.41601562
v 0.01757812 0.38476562 0.44335938
v 0.01757812 0.38476562 0.44726562
v 0.02148438 -0.31835938 -0.37304688
v 0.02148438 -0.31054688 -0.32617188
v 0.02148438 -0.30664062 -0.42773438
v 0.02148438 -0.30664062 -0.41992188
v 0.02148438 -0.29882812 -0.45507812
v 0.02148438 -0.29882812 -0.44335938
v 0.02148438 -0.29492188 -0.47070312
v 0.02148438 -0.29492188 -0.46679688
v 0.02148438 -0.29101562 -0.47460938
v 0.02148438 -0.29101562 -0.46679688
v 0.02148438 -0.28710938 -0.46289062
v 0.02148438 -0.27929688 -0.45507812
v 0.02148438 -0.27539062 -0.44726562
v 0.02148438 -0.25585938 -0.26367188
v 0.02148438 -0.24023438 -0.39257812
v 0.02148438 -0.23632812 -0.38476562
v 0.02148438 -0.22851562 -0.38085938
v 0.02148438 -0.21679688 -0.38085938
v 0.02148438 -0.18164062 0.04101562
v 0.02148438 -0.17773438 0.00976562
v 0.02148438 -0.17382812 0.10351562
v 0.02148438 -0.16992188 -0.01757812
v 0.02148438 -0.15429688 -0.38085938
v 0.02148438 -0.15429688 -0.11523438
v 0.02148438 -0.15039062 -0.13085938
v 0.02148438 -0.15039062 -0.08789062
v 0.02148438 -0.14648438 -0.37695312
v 0.02148438 -0.14257812 -0.37695312
v 0.02148438 -0.13867188 0.18945312
v 0.02148438 -0.13476562 -0.37695312
v 0.02148438 -0.13476562 -0.14648438
v 0.02148438 -0.13085938 -0.37304688
v 0.02148438 -0.12304688 -0.16210938
v 0.02148438 -0.09960938 0.21289062
v 0.02148438 -0.06835938 -0.36523438
v 0.02148438 -0.03710938 -0.20507812
v 0.02148438 -0.03710938 -0.18945312
v 0.02148438 -0.03710938 0.22070312
v 0.02148438 -0.00585938 0.21679688
v 0.02148438 0.00976562 -0.17773438
v 0.02148438 0.01367188 -0.19726562
v 0.02148438 0.02148438 0.21679688
v 0.02148438 0.02929688 0.34960938
v 0.02148438 0.03320312 0.37695312
v 0.02148438 0.03710938 -0.03320312
v 0.02148438 0.03710938 -0.00585938
v 0.02148438 0.04101562 -0.05273438
v 0.02148438 0.04101562 -0.00195312
v 0.02148438 0.04492188 -0.00195312
v 0.02148438 0.05273438 0.22070312
v 0.02148438 0.05273438 0.25195312
v 0.02148438 0.05273438 0.27148438
v 0.02148438 0.05273438 0.28320312
v 0.02148438 0.05664062 0.41210938
v 0.02148438 0.06445312 0.41601562
v 0.02148438 0.20507812 0.01757812
v 0.02148438 0.20898438 0.40039062
v 0.02148438 0.20898438 0.40820312
v 0.02148438 0.22070312 0.41210938
v 0.02148438 0.22070312 0.41992188
v 0.02148438 0.22460938 0.41992188
v 0.02148438 0.22460938 0.42382812
v 0.02148438 0.22460938 0.42773438
v 0.02148438 0.23242188 0.43164062
v 0.02148438 0.24023438 0.42773438
v 0.02148438 0.25195312 0.42382812
v 0.02148438 0.26757812 0.03710938
v 0.02148438 0.28320312 0.04882812
v 0.02148438 0.29492188 0.05664062
v 0.02148438 0.30273438 0.40820312
v 0.02148438 0.31054688 0.39648438
v 0.02148438 0.31445312 0.07226562
v 0.02148438 0.31835938 0.40429688
v 0.02148438 0.32226562 0.08007812
v 0.02148438 0.32226562 0.41210938
v 0.02148438 0.33007812 0.09179688
v 0.02148438 0.33007812 0.42382812
v 0.02148438 0.33789062 0.37695312
v 0.02148438 0.34179688 0.10742188
v 0.02148438 0.34960938 0.12304688
v 0.02148438 0.34960938 0.35351562
v 0.02148438 0.34960938 0.38476562
v 0.02148438 0.34960938 0.42773438
v 0.02148438 0.35742188 0.39257812
v 0.02148438 0.35742188 0.42382812
v 0.02148438 0.36132812 0.14257812
v 0.02148438 0.36523438 0.40429688
v 0.02148438 0.36523438 0.41992188
v 0.02148438 0.36914062 0.16210938
v 0.02148438 0.37304688 0.18164062
v 0.02148438 0.37304688 0.31054688
v 0.02148438 0.37695312 0.19726562
v 0.02148438 0.38085938 0.21289062
v 0.02148438 0.38085938 0.27148438
v 0.02148438 0.38085938 0.29101562
v 0.02148438 0.38476562 0.23242188
v 0.02148438 0.38476562 0.25195312
v 0.02539062 -0.31445312 -0.38476562
v 0.02539062 -0.31445312 -0.35351562
v 0.02539062 -0.31054688 -0.39648438
v 0.02539062 -0.29882812 -0.42773438
v 0.02539062 -0.29492188 -0.45507812
v 0.02539062 -0.29492188 -0.44335938
v 0.02539062 -0.29101562 -0.45898438
v 0.02539062 -0.29101562 -0.44726562
v 0.02539062 -0.29101562 -0.44335938
v 0.02539062 -0.28710938 -0.45898438
v 0.02539062 -0.28710938 -0.44726562
v 0.02539062 -0.28320312 -0.45507812
v 0.02539062 -0.28320312 -0.45117188
v 0.02539062 -0.27539062 -0.44726562
v 0.02539062 -0.27148438 -0.44335938
v 0.02539062 -0.26757812 -0.43945312
v 0.02539062 -0.26367188 -0.43554688
v 0.02539062 -0.25976562 -0.42773438
v 0.02539062 -0.25585938 -0.42382812
v 0.02539062 -0.25585938 -0.41601562
v 0.02539062 -0.25195312 -0.41210938
v 0.02539062 -0.25195312 -0.40429688
v 0.02539062 -0.24414062 -0.39648438
v 0.02539062 -0.23632812 -0.38085938
v 0.02539062 -0.22851562 -0.38085938
v 0.02539062 -0.22851562 -0.37695312
v 0.02539062 -0.22070312 -0.37695312
v 0.02539062 -0.20898438 -0.38085938
v 0.02539062 -0.19335938 -0.38085938
v 0.02539062 -0.18164062 -0.38085938
v 0.02539062 -0.18164062 -0.13085938
v 0.02539062 -0.16992188 -0.38085938
v 0.02539062 -0.16992188 -0.10351562
v 0.02539062 -0.16210938 -0.13476562
v 0.02539062 -0.16210938 -0.11914062
v 0.02539062 -0.15820312 -0.09570312
v 0.02539062 -0.14257812 -0.14648438
v 0.02539062 -0.13867188 -0.36914062
v 0.02539062 -0.13476562 -0.37695312
v 0.02539062 -0.13085938 -0.37695312
v 0.02539062 -0.12304688 0.20117188
v 0.02539062 -0.11914062 -0.37695312
v 0.02539062 -0.11132812 -0.36914062
v 0.02539062 -0.10351562 -0.16992188
v 0.02539062 -0.08398438 0.21679688
v 0.02539062 -0.06445312 0.22070312
v 0.02539062 -0.05273438 -0.35351562
v 0.02539062 -0.03320312 -0.23242188
v 0.02539062 -0.03320312 -0.22070312
v 0.02539062 -0.01757812 -0.18164062
v 0.02539062 0.00976562 -0.14257812
v 0.02539062 0.01757812 -0.21679688
v 0.02539062 0.02148438 -0.12304688
v 0.02539062 0.03320312 -0.09960938
v 0.02539062 0.03320312 -0.01367188
v 0.02539062 0.03710938 -0.07226562
v 0.02539062 0.03710938 -0.00585938
v 0.02539062 0.04101562 0.38867188
v 0.02539062 0.04882812 0.40039062
v 0.02539062 0.05273438 0.29492188
v 0.02539062 0.06445312 0.41210938
v 0.02539062 0.07617188 -0.01367188
v 0.02539062 0.08007812 0.41601562
v 0.02539062 0.09570312 0.41601562
v 0.02539062 0.11132812 -0.01367188
v 0.02539062 0.11914062 0.39257812
v 0.02539062 0.12695312 -0.00585938
v 0.02539062 0.13476562 0.38867188
v 0.02539062 0.14648438 0.38867188
v 0.02539062 0.16992188 0.39257812
v 0.02539062 0.18945312 0.39648438
v 0.02539062 0.22070312 0.40429688
v 0.02539062 0.22460938 0.01757812
v 0.02539062 0.22851562 0.41601562
v 0.02539062 0.22851562 0.42773438
v 0.02539062 0.23632812 0.42773438
v 0.02539062 0.24023438 0.02539062
v 0.02539062 0.24414062 0.42382812
v 0.02539062 0.25976562 0.03320312
v 0.02539062 0.25976562 0.41992188
v 0.02539062 0.27148438 0.04101562
v 0.02539062 0.27539062 0.41992188
v 0.02539062 0.28320312 0.04882812
v 0.02539062 0.29101562 0.41210938
v 0.02539062 0.29492188 0.06054688
v 0.02539062 0.30664062 0.06445312
v 0.02539062 0.30664062 0.40429688
v 0.02539062 0.31445312 0.07617188
v 0.02539062 0.31445312 0.39257812
v 0.02539062 0.32226562 0.08398438
v 0.02539062 0.32226562 0.40039062
v 0.02539062 0.32617188 0.09960938
v 0.02539062 0.32617188 0.38476562
v 0.02539062 0.33398438 0.11132812
v 0.02539062 0.34179688 0.38867188
v 0.02539062 0.34570312 0.12695312
v 0.02539062 0.34960938 0.40039062
v 0.02539062 0.35742188 0.14648438
v 0.02539062 0.36132812 0.33398438
v 0.02539062 0.36523438 0.16601562
v 0.02539062 0.37304688 0.31054688
v 0.02539062 0.37695312 0.29101562
v 0.02539062 0.38085938 0.21289062
v 0.02539062 0.38085938 0.27148438
v 0.02539062 0.38476562 0.23242188
v 0.02539062 0.38476562 0.25195312
v 0.02929688 -0.44335938 -0.17773438
v 0.02929688 -0.43164062 -0.16601562
v 0.02929688 -0.42382812 -0.17773438
v 0.02929688 -0.40429688 -0.17773438
v 0.02929688 -0.40039062 -0.20117188
v 0.02929688 -0.40039062 -0.18945312
v 0.02929688 -0.39257812 -0.17773438
v 0.02929688 -0.38867188 -0.20117188
v 0.02929688 -0.38867188 -0.18945312
v 0.02929688 -0.36523438 -0.18945312
v 0.02929688 -0.31445312 -0.36523438
v 0.02929688 -0.30664062 -0.40429688
v 0.02929688 -0.29882812 -0.31054688
v 0.02929688 -0.29492188 -0.42773438
v 0.02929688 -0.29101562 -0.43164062
v 0.02929688 -0.27929688 -0.44335938
v 0.02929688 -0.27148438 -0.43945312
v 0.02929688 -0.26757812 -0.43554688
v 0.02929688 -0.26367188 -0.43164062
v 0.02929688 -0.26367188 -0.19726562
v 0.02929688 -0.25976562 -0.42773438
v 0.02929688 -0.25976562 -0.42382812
v 0.02929688 -0.25585938 -0.41601562
v 0.02929688 -0.25195312 -0.19335938
v 0.02929688 -0.24804688 -0.39648438
v 0.02929688 -0.24804688 -0.20507812
v 0.02929688 -0.24414062 -0.38867188
v 0.02929688 -0.23632812 -0.19726562
v 0.02929688 -0.23242188 -0.38085938
v 0.02929688 -0.22070312 -0.37304688
v 0.02929688 -0.22070312 -0.18554688
v 0.02929688 -0.21289062 -0.15820312
v 0.02929688 -0.20898438 -0.37695312
v 0.02929688 -0.20507812 -0.13085938
v 0.02929688 -0.19726562 -0.14257812
v 0.02929688 -0.19335938 -0.36132812
v 0.02929688 -0.18945312 -0.15429688
v 0.02929688 -0.18554688 -0.11523438
v 0.02929688 -0.17382812 -0.14648438
v 0.02929688 -0.17382812 0.11523438
v 0.02929688 -0.16601562 0.13085938
v 0.02929688 -0.16601562 0.14648438
v 0.02929688 -0.15039062 -0.37695312
v 0.02929688 -0.15039062 -0.06835938
v 0.02929688 -0.13476562 -0.16210938
v 0.02929688 -0.11914062 -0.37695312
v 0.02929688 -0.11914062 -0.37304688
v 0.02929688 -0.10351562 -0.37304688
v 0.02929688 -0.09960938 -0.36523438
v 0.02929688 -0.09179688 -0.36914062
v 0.02929688 -0.05273438 -0.17773438
v 0.02929688 -0.04101562 -0.24414062
v 0.02929688 -0.02929688 -0.17382812
v 0.02929688 -0.01757812 -0.20117188
v 0.02929688 -0.00976562 -0.16210938
v 0.02929688 -0.00195312 -0.17773438
v 0.02929688 0.00195312 -0.20117188
v 0.02929688 0.01367188 -0.26367188
v 0.02929688 0.01757812 -0.24023438
v 0.02929688 0.03320312 -0.02929688
v 0.02929688 0.03710938 -0.04882812
v 0.02929688 0.04101562 -0.00195312
v 0.02929688 0.04492188 0.31054688
v 0.02929688 0.04492188 0.36914062
v 0.02929688 0.04492188 0.38476562
v 0.02929688 0.05273438 0.24023438
v 0.02929688 0.05273438 0.25585938
v 0.02929688 0.06054688 -0.00585938
v 0.02929688 0.07226562 -0.00976562
v 0.02929688 0.09179688 -0.01367188
v 0.02929688 0.11132812 0.40039062
v 0.02929688 0.18945312 0.01757812
v 0.02929688 0.21289062 0.01757812
v 0.02929688 0.21679688 0.39648438
v 0.02929688 0.22851562 0.40820312
v 0.02929688 0.23242188 0.42382812
v 0.02929688 0.23632812 0.01757812
v 0.02929688 0.24023438 0.42382812
v 0.02929688 0.24414062 0.02539062
v 0.02929688 0.25976562 0.02929688
v 0.02929688 0.26757812 0.03710938
v 0.02929688 0.27539062 0.04101562
v 0.02929688 0.28320312 0.05273438
v 0.02929688 0.30273438 0.06835938
v 0.02929688 0.31835938 0.09179688
v 0.02929688 0.33007812 0.40820312
v 0.02929688 0.33398438 0.39257812
v 0.02929688 0.33789062 0.40429688
v 0.02929688 0.34179688 0.41992188
v 0.02929688 0.34960938 0.35351562
v 0.02929688 0.34960938 0.41601562
v 0.02929688 0.35742188 0.40820312
v 0.02929688 0.36914062 0.18164062
v 0.02929688 0.37695312 0.19726562
v 0.03320312 -0.44726562 -0.16601562
v 0.03320312 -0.44335938 -0.19335938
v 0.03320312 -0.41601562 -0.19335938
v 0.03320312 -0.40820312 -0.20117188
v 0.03320312 -0.40820312 -0.16601562
v 0.03320312 -0.39648438 -0.16601562
v 0.03320312 -0.37695312 0.13867188
v 0.03320312 -0.36523438 -0.17773438
v 0.03320312 -0.36132812 -0.20117188
v 0.03320312 -0.34570312 -0.17773438
v 0.03320312 -0.34179688 -0.20117188
v 0.03320312 -0.34179688 -0.18945312
v 0.03320312 -0.32226562 -0.18945312
v 0.03320312 -0.31835938 -0.19726562
v 0.03320312 -0.31445312 -0.37695312
v 0.03320312 -0.31054688 -0.33789062
v 0.03320312 -0.30273438 -0.18945312
v 0.03320312 -0.29882812 -0.41210938
v 0.03320312 -0.29101562 -0.18945312
v 0.03320312 -0.28320312 -0.43945312
v 0.03320312 -0.28320312 -0.43554688
v 0.03320312 -0.28320312 -0.19726562
v 0.03320312 -0.27539062 -0.43554688
v 0.03320312 -0.27539062 -0.43164062
v 0.03320312 -0.27539062 -0.29492188
v 0.03320312 -0.27539062 -0.20507812
v 0.03320312 -0.27148438 -0.43164062
v 0.03320312 -0.27148438 -0.18554688
v 0.03320312 -0.26757812 -0.42773438
v 0.03320312 -0.26367188 -0.42382812
v 0.03320312 -0.25976562 -0.41992188
v 0.03320312 -0.25976562 -0.41601562
v 0.03320312 -0.25976562 -0.20507812
v 0.03320312 -0.25976562 -0.18164062
v 0.03320312 -0.25585938 -0.41210938
v 0.03320312 -0.25585938 -0.40820312
v 0.03320312 -0.25195312 -0.40429688
v 0.03320312 -0.25195312 -0.17773438
v 0.03320312 -0.24414062 -0.18945312
v 0.03320312 -0.24023438 -0.38476562
v 0.03320312 -0.24023438 -0.21679688
v 0.03320312 -0.22851562 -0.17773438
v 0.03320312 -0.22460938 -0.37304688
v 0.03320312 -0.22070312 -0.20898438
v 0.03320312 -0.22070312 -0.14648438
v 0.03320312 -0.21289062 -0.36523438
v 0.03320312 -0.20898438 -0.37304688
v 0.03320312 -0.20898438 -0.19726562
v 0.03320312 -0.20507812 -0.16992188
v 0.03320312 -0.19726562 -0.37695312
v 0.03320312 -0.19726562 -0.18164062
v 0.03320312 -0.19335938 -0.36914062
v 0.03320312 -0.19335938 -0.10742188
v 0.03320312 -0.18164062 -0.38085938
v 0.03320312 -0.18164062 -0.16601562
v 0.03320312 -0.18164062 0.06835938
v 0.03320312 -0.17773438 -0.09179688
v 0.03320312 -0.17773438 0.03710938
v 0.03320312 -0.17382812 -0.38085938
v 0.03320312 -0.16992188 0.12695312
v 0.03320312 -0.16601562 -0.15820312
v 0.03320312 -0.16601562 -0.01757812
v 0.03320312 -0.16210938 -0.37695312
v 0.03320312 -0.16210938 -0.08007812
v 0.03320312 -0.15820312 -0.04101562
v 0.03320312 -0.15429688 -0.36914062
v 0.03320312 -0.15429688 -0.15039062
v 0.03320312 -0.15429688 0.16601562
v 0.03320312 -0.15039062 -0.04882812
v 0.03320312 -0.11914062 -0.36523438
v 0.03320312 -0.08398438 -0.17773438
v 0.03320312 -0.07617188 -0.36523438
v 0.03320312 -0.05273438 -0.34179688
v 0.03320312 -0.05273438 -0.25585938
v 0.03320312 -0.02929688 -0.33007812
v 0.03320312 -0.01367188 -0.30273438
v 0.03320312 -0.01367188 -0.21679688
v 0.03320312 0.00195312 -0.28320312
v 0.03320312 0.00585938 -0.21679688
v 0.03320312 0.02148438 -0.12304688
v 0.03320312 0.03320312 -0.09570312
v 0.03320312 0.03320312 -0.01367188
v 0.03320312 0.03320312 -0.00585938
v 0.03320312 0.03710938 -0.07226562
v 0.03320312 0.04101562 0.33007812
v 0.03320312 0.04882812 -0.00195312
v 0.03320312 0.04882812 0.38085938
v 0.03320312 0.05273438 0.26757812
v 0.03320312 0.05273438 0.39648438
v 0.03320312 0.06054688 0.22460938
v 0.03320312 0.07226562 0.40429688
v 0.03320312 0.07617188 0.40820312
v 0.03320312 0.08398438 0.40429688
v 0.03320312 0.11523438 0.38085938
v 0.03320312 0.13476562 0.38085938
v 0.03320312 0.13867188 0.00585938
v 0.03320312 0.15039062 0.00976562
v 0.03320312 0.15039062 0.38085938
v 0.03320312 0.16601562 0.02539062
v 0.03320312 0.16992188 0.38476562
v 0.03320312 0.18164062 0.02539062
v 0.03320312 0.19335938 0.39257812
v 0.03320312 0.19726562 0.02148438
v 0.03320312 0.22460938 0.02148438
v 0.03320312 0.23242188 0.41601562
v 0.03320312 0.24023438 0.41992188
v 0.03320312 0.24414062 0.02148438
v 0.03320312 0.25195312 0.02539062
v 0.03320312 0.25195312 0.41992188
v 0.03320312 0.25976562 0.02929688
v 0.03320312 0.26757812 0.03710938
v 0.03320312 0.28320312 0.05664062
v 0.03320312 0.29101562 0.06445312
v 0.03320312 0.30273438 0.40429688
v 0.03320312 0.31054688 0.08398438
v 0.03320312 0.31835938 0.10351562
v 0.03320312 0.32617188 0.11914062
v 0.03320312 0.33789062 0.13085938
v 0.03320312 0.34960938 0.15039062
v 0.03320312 0.36132812 0.16601562
v 0.03320312 0.36132812 0.33398438
v 0.03320312 0.37304688 0.31054688
v 0.03320312 0.37695312 0.29101562
v 0.03320312 0.38476562 0.25195312
v 0.03320312 0.38476562 0.27148438
v 0.03710938 -0.45117188 -0.18945312
v 0.03710938 -0.45117188 -0.17773438
v 0.03710938 -0.44726562 -0.15039062
v 0.03710938 -0.43164062 -0.15039062
v 0.03710938 -0.43164062 0.15820312
v 0.03710938 -0.40039062 -0.21679688
v 0.03710938 -0.38867188 -0.21679688
v 0.03710938 -0.36914062 -0.16601562
v 0.03710938 -0.36523438 0.16992188
v 0.03710938 -0.36132812 -0.21289062
v 0.03710938 -0.34960938 -0.16601562
v 0.03710938 -0.34570312 0.13476562
v 0.03710938 -0.34179688 0.16210938
v 0.03710938 -0.33789062 -0.20898438
v 0.03710938 -0.33007812 -0.16992188
v 0.03710938 -0.32617188 -0.17773438
v 0.03710938 -0.31445312 -0.20898438
v 0.03710938 -0.31054688 -0.34570312
v 0.03710938 -0.30664062 -0.38867188
v 0.03710938 -0.30664062 -0.17773438
v 0.03710938 -0.29882812 -0.32226562
v 0.03710938 -0.29882812 -0.19726562
v 0.03710938 -0.29492188 -0.41601562
v 0.03710938 -0.29492188 -0.20898438
v 0.03710938 -0.29492188 -0.17773438
v 0.03710938 -0.29101562 -0.41992188
v 0.03710938 -0.28320312 -0.42382812
v 0.03710938 -0.27929688 -0.42773438
v 0.03710938 -0.27539062 -0.17773438
v 0.03710938 -0.27148438 -0.42773438
v 0.03710938 -0.26757812 -0.42382812
v 0.03710938 -0.26757812 -0.17382812
v 0.03710938 -0.26367188 -0.41601562
v 0.03710938 -0.25976562 -0.41210938
v 0.03710938 -0.25585938 -0.40039062
v 0.03710938 -0.25585938 -0.21679688
v 0.03710938 -0.25195312 -0.27929688
v 0.03710938 -0.24804688 -0.39257812
v 0.03710938 -0.24023438 -0.16601562
v 0.03710938 -0.22460938 -0.27148438
v 0.03710938 -0.21289062 -0.36132812
v 0.03710938 -0.20898438 -0.12304688
v 0.03710938 -0.18945312 -0.35742188
v 0.03710938 -0.18164062 -0.08398438
v 0.03710938 -0.17773438 -0.37304688
v 0.03710938 -0.17773438 0.09179688
v 0.03710938 -0.17773438 0.10742188
v 0.03710938 -0.17773438 0.13085938
v 0.03710938 -0.17382812 0.00976562
v 0.03710938 -0.16992188 -0.36523438
v 0.03710938 -0.16601562 -0.07226562
v 0.03710938 -0.16601562 0.13867188
v 0.03710938 -0.15039062 -0.16210938
v 0.03710938 -0.14257812 0.17773438
v 0.03710938 -0.12695312 -0.16992188
v 0.03710938 -0.11914062 -0.37304688
v 0.03710938 -0.11132812 -0.36523438
v 0.03710938 -0.10742188 -0.37304688
v 0.03710938 -0.10351562 -0.35742188
v 0.03710938 -0.09179688 -0.36914062
v 0.03710938 -0.08789062 -0.36132812
v 0.03710938 -0.08398438 -0.34960938
v 0.03710938 -0.07226562 -0.35742188
v 0.03710938 -0.06835938 -0.25976562
v 0.03710938 -0.06445312 -0.34179688
v 0.03710938 -0.03710938 -0.31445312
v 0.03710938 -0.01757812 -0.30273438
v 0.03710938 -0.01757812 -0.23242188
v 0.03710938 -0.00195312 0.20898438
v 0.03710938 0.00585938 -0.23632812
v 0.03710938 0.00976562 -0.14257812
v 0.03710938 0.02539062 0.20507812
v 0.03710938 0.03320312 -0.02929688
v 0.03710938 0.03710938 -0.00585938
v 0.03710938 0.04492188 0.20507812
v 0.03710938 0.04882812 0.34570312
v 0.03710938 0.05273438 0.24804688
v 0.03710938 0.05273438 0.27539062
v 0.03710938 0.05664062 -0.00585938
v 0.03710938 0.05664062 0.20898438
v 0.03710938 0.06835938 -0.00976562
v 0.03710938 0.07226562 -0.01367188
v 0.03710938 0.07617188 0.39648438
v 0.03710938 0.08789062 -0.01367188
v 0.03710938 0.10742188 -0.00976562
v 0.03710938 0.12304688 -0.00195312
v 0.03710938 0.13476562 0.36523438
v 0.03710938 0.21289062 0.02539062
v 0.03710938 0.22460938 0.40039062
v 0.03710938 0.23632812 0.02539062
v 0.03710938 0.26367188 0.41601562
v 0.03710938 0.26757812 0.04101562
v 0.03710938 0.27539062 0.04492188
v 0.03710938 0.29101562 0.06835938
v 0.03710938 0.29882812 0.07617188
v 0.03710938 0.31445312 0.09960938
v 0.03710938 0.31445312 0.39648438
v 0.03710938 0.32617188 0.38476562
v 0.03710938 0.36523438 0.18164062
v 0.03710938 0.37304688 0.19726562
v 0.03710938 0.38085938 0.21289062
v 0.03710938 0.38476562 0.23242188
v 0.04101562 -0.45117188 -0.16601562
v 0.04101562 -0.44335938 -0.20898438
v 0.04101562 -0.42773438 -0.20898438
v 0.04101562 -0.42773438 0.18945312
v 0.04101562 -0.42382812 0.15429688
v 0.04101562 -0.41992188 0.18554688
v 0.04101562 -0.41210938 -0.15429688
v 0.04101562 -0.40820312 -0.21289062
v 0.04101562 -0.32617188 0.12695312
v 0.04101562 -0.32226562 0.15039062
v 0.04101562 -0.31054688 -0.36132812
v 0.04101562 -0.31054688 -0.16992188
v 0.04101562 -0.29882812 -0.39648438
v 0.04101562 -0.29882812 -0.16992188
v 0.04101562 -0.28710938 -0.16992188
v 0.04101562 -0.27539062 -0.41992188
v 0.04101562 -0.27148438 -0.41601562
v 0.04101562 -0.27148438 -0.21289062
v 0.04101562 -0.25976562 -0.40039062
v 0.04101562 -0.25585938 -0.16992188
v 0.04101562 -0.24023438 -0.15820312
v 0.04101562 -0.23242188 -0.37304688
v 0.04101562 -0.22851562 -0.22460938
v 0.04101562 -0.22460938 -0.14257812
v 0.04101562 -0.21289062 -0.22070312
v 0.04101562 -0.20117188 -0.21289062
v 0.04101562 -0.19726562 -0.09960938
v 0.04101562 -0.19335938 0.13476562
v 0.04101562 -0.18164062 0.11132812
v 0.04101562 -0.16992188 0.14257812
v 0.04101562 -0.15429688 -0.05664062
v 0.04101562 -0.15429688 0.15429688
v 0.04101562 -0.11523438 -0.36914062
v 0.04101562 -0.10351562 -0.36914062
v 0.04101562 -0.10351562 0.20507812
v 0.04101562 -0.05273438 -0.32226562
v 0.04101562 -0.01757812 -0.24804688
v 0.04101562 -0.00585938 -0.15820312
v 0.04101562 0.02929688 -0.01367188
v 0.04101562 0.02929688 -0.00585938
v 0.04101562 0.03320312 -0.04882812
v 0.04101562 0.04492188 -0.00195312
v 0.04101562 0.05664062 0.28710938
v 0.04101562 0.05664062 0.29882812
v 0.04101562 0.05664062 0.36132812
v 0.04101562 0.06054688 0.37304688
v 0.04101562 0.10351562 0.39257812
v 0.04101562 0.14648438 0.01757812
v 0.04101562 0.15429688 0.36914062
v 0.04101562 0.16601562 0.02929688
v 0.04101562 0.18164062 0.03320312
v 0.04101562 0.19335938 0.38476562
v 0.04101562 0.20117188 0.02929688
v 0.04101562 0.20507812 0.39648438
v 0.04101562 0.20898438 0.40429688
v 0.04101562 0.22460938 0.41601562
v 0.04101562 0.22851562 0.02929688
v 0.04101562 0.24804688 0.02929688
v 0.04101562 0.25976562 0.03320312
v 0.04101562 0.27539062 0.05273438
v 0.04101562 0.27539062 0.41992188
v 0.04101562 0.27929688 0.06445312
v 0.04101562 0.30664062 0.09179688
v 0.04101562 0.34570312 0.35742188
v 0.04492188 -0.45117188 -0.20117188
v 0.04492188 -0.45117188 -0.15429688
v 0.04492188 -0.43554688 0.16601562
v 0.04492188 -0.40820312 0.15039062
v 0.04492188 -0.40429688 0.17773438
v 0.04492188 -0.40039062 -0.22851562
v 0.04492188 -0.39648438 -0.15429688
v 0.04492188 -0.39257812 0.17382812
v 0.04492188 -0.38867188 -0.22851562
v 0.04492188 -0.38476562 0.14257812
v 0.04492188 -0.38476562 0.16992188
v 0.04492188 -0.37695312 -0.15429688
v 0.04492188 -0.37695312 0.16601562
v 0.04492188 -0.35742188 -0.22460938
v 0.04492188 -0.35351562 -0.15820312
v 0.04492188 -0.35351562 0.11132812
v 0.04492188 -0.33398438 -0.22070312
v 0.04492188 -0.33398438 -0.15820312
v 0.04492188 -0.31445312 -0.21679688
v 0.04492188 -0.30273438 0.12304688
v 0.04492188 -0.29882812 -0.33007812
v 0.04492188 -0.29492188 -0.40039062
v 0.04492188 -0.29101562 -0.40820312
v 0.04492188 -0.29101562 -0.21289062
v 0.04492188 -0.28320312 -0.41601562
v 0.04492188 -0.27539062 -0.30664062
v 0.04492188 -0.27148438 -0.16601562
v 0.04492188 -0.26367188 -0.40820312
v 0.04492188 -0.25976562 -0.16210938
v 0.04492188 -0.25195312 -0.22460938
v 0.04492188 -0.24804688 0.11914062
v 0.04492188 -0.22070312 0.11914062
v 0.04492188 -0.21679688 0.13867188
v 0.04492188 -0.21289062 -0.11523438
v 0.04492188 -0.20117188 0.11523438
v 0.04492188 -0.19726562 -0.26367188
v 0.04492188 -0.18945312 -0.19335938
v 0.04492188 -0.17382812 -0.17773438
v 0.04492188 -0.16992188 -0.26367188
v 0.04492188 -0.16601562 -0.35351562
v 0.04492188 -0.16210938 -0.16601562
v 0.04492188 -0.16210938 0.15429688
v 0.04492188 -0.15039062 -0.35351562
v 0.04492188 -0.15039062 -0.04492188
v 0.04492188 -0.15039062 -0.03710938
v 0.04492188 -0.14257812 -0.27148438
v 0.04492188 -0.14257812 0.16601562
v 0.04492188 -0.13085938 -0.35351562
v 0.04492188 -0.12695312 0.18554688
v 0.04492188 -0.12304688 -0.27148438
v 0.04492188 -0.11132812 -0.27148438
v 0.04492188 -0.09179688 -0.26757812
v 0.04492188 -0.08789062 0.20898438
v 0.04492188 -0.06835938 -0.32617188
v 0.04492188 -0.03710938 0.20898438
v 0.04492188 -0.02148438 -0.16992188
v 0.04492188 0.00195312 -0.25195312
v 0.04492188 0.02148438 -0.12304688
v 0.04492188 0.02929688 -0.09179688
v 0.04492188 0.02929688 -0.02539062
v 0.04492188 0.03320312 -0.07226562
v 0.04492188 0.03320312 -0.00585938
v 0.04492188 0.05273438 0.25585938
v 0.04492188 0.05664062 0.23632812
v 0.04492188 0.05664062 0.31445312
v 0.04492188 0.06835938 0.21289062
v 0.04492188 0.07226562 -0.01367188
v 0.04492188 0.08789062 -0.01367188
v 0.04492188 0.10351562 -0.00585938
v 0.04492188 0.10742188 0.36523438
v 0.04492188 0.11914062 0.00195312
v 0.04492188 0.13476562 0.00976562
v 0.04492188 0.13476562 0.35351562
v 0.04492188 0.14648438 0.34960938
v 0.04492188 0.17382812 0.37695312
v 0.04492188 0.23242188 0.41992188
v 0.04492188 0.24023438 0.03320312
v 0.04492188 0.25585938 0.04101562
v 0.04492188 0.26367188 0.04492188
v 0.04492188 0.29492188 0.41210938
v 0.04492188 0.29882812 0.08398438
v 0.04492188 0.31445312 0.11132812
v 0.04492188 0.32226562 0.12304688
v 0.04492188 0.33007812 0.13867188
v 0.04492188 0.34179688 0.15039062
v 0.04492188 0.34960938 0.16601562
v 0.04492188 0.36132812 0.17773438
v 0.04492188 0.36132812 0.33398438
v 0.04492188 0.36914062 0.31054688
v 0.04492188 0.37304688 0.19335938
v 0.04492188 0.37695312 0.29101562
v 0.04492188 0.38476562 0.21289062
v 0.04492188 0.38476562 0.27148438
v 0.04492188 0.38867188 0.23242188
v 0.04492188 0.38867188 0.25195312
v 0.04882812 -0.44726562 -0.13867188
v 0.04882812 -0.43554688 0.18554688
v 0.04882812 -0.43164062 -0.14257812
v 0.04882812 -0.39648438 0.14648438
v 0.04882812 -0.38867188 0.14257812
v 0.04882812 -0.37695312 0.11523438
v 0.04882812 -0.33398438 0.10742188
v 0.04882812 -0.31445312 -0.16210938
v 0.04882812 -0.30664062 -0.37304688
v 0.04882812 -0.30664062 0.10742188
v 0.04882812 -0.30273438 -0.16210938
v 0.04882812 -0.29882812 0.14257812
v 0.04882812 -0.29101562 -0.16210938
v 0.04882812 -0.28320312 -0.40039062
v 0.04882812 -0.27539062 -0.40820312
v 0.04882812 -0.27539062 0.11914062
v 0.04882812 -0.27148438 0.13867188
v 0.04882812 -0.26757812 -0.40039062
v 0.04882812 -0.26757812 -0.22070312
v 0.04882812 -0.25585938 -0.38867188
v 0.04882812 -0.25195312 -0.29492188
v 0.04882812 -0.25195312 0.10351562
v 0.04882812 -0.24414062 -0.15429688
v 0.04882812 -0.24414062 0.13867188
v 0.04882812 -0.22851562 -0.13476562
v 0.04882812 -0.22851562 0.10351562
v 0.04882812 -0.20117188 -0.09570312
v 0.04882812 -0.20117188 0.10351562
v 0.04882812 -0.18945312 -0.35351562
v 0.04882812 -0.18554688 -0.08007812
v 0.04882812 -0.18554688 0.15429688
v 0.04882812 -0.18164062 0.09570312
v 0.04882812 -0.16992188 -0.06445312
v 0.04882812 -0.16601562 0.00585938
v 0.04882812 -0.15820312 -0.01757812
v 0.04882812 -0.15429688 -0.26757812
v 0.04882812 -0.15429688 -0.05273438
v 0.04882812 -0.14648438 -0.16992188
v 0.04882812 -0.14648438 0.16210938
v 0.04882812 -0.11523438 -0.17382812
v 0.04882812 -0.11132812 -0.34570312
v 0.04882812 -0.08789062 -0.33789062
v 0.04882812 -0.06445312 0.20898438
v 0.04882812 -0.04492188 -0.17773438
v 0.04882812 -0.02929688 -0.25976562
v 0.04882812 0.02148438 -0.00976562
v 0.04882812 0.02148438 -0.00585938
v 0.04882812 0.02929688 0.18945312
v 0.04882812 0.04101562 -0.00195312
v 0.04882812 0.04882812 0.19335938
v 0.04882812 0.05664062 -0.00585938
v 0.04882812 0.05664062 0.33007812
v 0.04882812 0.06445312 -0.00976562
v 0.04882812 0.06835938 0.34179688
v 0.04882812 0.08007812 0.35351562
v 0.04882812 0.08398438 0.36914062
v 0.04882812 0.09570312 0.34570312
v 0.04882812 0.09570312 0.38085938
v 0.04882812 0.11914062 0.34960938
v 0.04882812 0.13476562 0.34179688
v 0.04882812 0.15039062 0.34570312
v 0.04882812 0.15820312 0.34960938
v 0.04882812 0.17773438 0.36523438
v 0.04882812 0.19335938 0.37304688
v 0.04882812 0.19726562 0.04101562
v 0.04882812 0.19726562 0.39648438
v 0.04882812 0.20117188 0.38476562
v 0.04882812 0.21289062 0.41210938
v 0.04882812 0.21679688 0.03710938
v 0.04882812 0.24414062 0.41992188
v 0.04882812 0.26367188 0.04882812
v 0.04882812 0.27148438 0.05664062
v 0.04882812 0.28710938 0.07617188
v 0.04882812 0.30273438 0.09960938
v 0.04882812 0.31054688 0.10351562
v 0.04882812 0.31054688 0.40039062
v 0.04882812 0.32617188 0.38085938
v 0.05273438 -0.45117188 -0.18554688
v 0.05273438 -0.45117188 -0.14257812
v 0.05273438 -0.44335938 -0.21679688
v 0.05273438 -0.42773438 -0.22070312
v 0.05273438 -0.41210938 -0.22460938
v 0.05273438 -0.41210938 -0.14257812
v 0.05273438 -0.39648438 -0.14648438
v 0.05273438 -0.38867188 0.11914062
v 0.05273438 -0.36523438 0.19335938
v 0.05273438 -0.34179688 0.18164062
v 0.05273438 -0.31054688 -0.22460938
v 0.05273438 -0.29882812 -0.38085938
v 0.05273438 -0.29101562 -0.39257812
v 0.05273438 -0.29101562 -0.22070312
v 0.05273438 -0.28320312 0.10742188
v 0.05273438 -0.27539062 -0.31445312
v 0.05273438 -0.27539062 -0.16210938
v 0.05273438 -0.26367188 -0.15820312
v 0.05273438 -0.21679688 -0.11132812
v 0.05273438 -0.21289062 -0.35742188
v 0.05273438 -0.21289062 0.15820312
v 0.05273438 -0.17382812 0.06445312
v 0.05273438 -0.16992188 0.03710938
v 0.05273438 -0.16992188 0.16210938
v 0.05273438 -0.16210938 -0.17382812
v 0.05273438 -0.14648438 -0.04492188
v 0.05273438 -0.07226562 -0.18164062
v 0.05273438 -0.06835938 -0.32226562
v 0.05273438 -0.05664062 -0.31835938
v 0.05273438 -0.04101562 -0.31835938
v 0.05273438 -0.01367188 -0.29101562
v 0.05273438 -0.00585938 -0.26367188
v 0.05273438 -0.00195312 0.19335938
v 0.05273438 0.00195312 -0.14648438
v 0.05273438 0.02148438 -0.04492188
v 0.05273438 0.02929688 -0.00585938
v 0.05273438 0.04882812 -0.00195312
v 0.05273438 0.05664062 0.26367188
v 0.05273438 0.06054688 0.20117188
v 0.05273438 0.06835938 -0.00976562
v 0.05273438 0.07617188 0.32226562
v 0.05273438 0.08398438 -0.00976562
v 0.05273438 0.09960938 -0.00195312
v 0.05273438 0.10742188 0.33789062
v 0.05273438 0.11523438 0.00585938
v 0.05273438 0.11523438 0.33398438
v 0.05273438 0.12695312 0.33789062
v 0.05273438 0.13867188 0.34179688
v 0.05273438 0.14257812 0.02539062
v 0.05273438 0.14648438 0.33789062
v 0.05273438 0.15820312 0.03710938
v 0.05273438 0.19726562 0.36523438
v 0.05273438 0.21289062 0.04101562
v 0.05273438 0.22460938 0.41601562
v 0.05273438 0.23632812 0.04101562
v 0.05273438 0.25195312 0.04492188
v 0.05273438 0.25976562 0.05273438
v 0.05273438 0.25976562 0.41601562
v 0.05273438 0.26757812 0.06445312
v 0.05273438 0.27148438 0.42382812
v 0.05273438 0.27929688 0.07226562
v 0.05273438 0.29101562 0.08789062
v 0.05273438 0.29882812 0.09179688
v 0.05273438 0.34570312 0.35742188
v 0.05273438 0.36914062 0.31054688
v 0.05273438 0.37304688 0.19335938
v 0.05273438 0.37695312 0.29101562
v 0.05273438 0.38476562 0.27148438
v 0.05273438 0.38867188 0.23242188
v 0.05273438 0.38867188 0.25195312
v 0.05664062 -0.45117188 -0.20898438
v 0.05664062 -0.45117188 -0.17382812
v 0.05664062 -0.45117188 -0.15429688
v 0.05664062 -0.43554688 0.13867188
v 0.05664062 -0.42773438 0.21289062
v 0.05664062 -0.42382812 0.13476562
v 0.05664062 -0.41601562 0.13085938
v 0.05664062 -0.41601562 0.20898438
v 0.05664062 -0.40039062 0.20117188
v 0.05664062 -0.39257812 0.19335938
v 0.05664062 -0.38085938 -0.14648438
v 0.05664062 -0.37304688 0.19335938
v 0.05664062 -0.36132812 -0.15039062
v 0.05664062 -0.35742188 -0.23242188
v 0.05664062 -0.34179688 -0.15429688
v 0.05664062 -0.33398438 -0.22851562
v 0.05664062 -0.32226562 -0.15429688
v 0.05664062 -0.31835938 0.16992188
v 0.05664062 -0.30664062 -0.15820312
v 0.05664062 -0.30273438 -0.34570312
v 0.05664062 -0.29882812 -0.35742188
v 0.05664062 -0.29882812 0.16210938
v 0.05664062 -0.29492188 -0.15820312
v 0.05664062 -0.29101562 -0.36523438
v 0.05664062 -0.28320312 -0.33007812
v 0.05664062 -0.27539062 -0.34179688
v 0.05664062 -0.27148438 -0.38867188
v 0.05664062 -0.27148438 0.15429688
v 0.05664062 -0.26757812 -0.22460938
v 0.05664062 -0.25585938 -0.30273438
v 0.05664062 -0.25195312 -0.33007812
v 0.05664062 -0.25195312 -0.31835938
v 0.05664062 -0.24804688 -0.22851562
v 0.05664062 -0.24804688 -0.15039062
v 0.05664062 -0.24023438 0.15429688
v 0.05664062 -0.23632812 -0.36523438
v 0.05664062 -0.23632812 -0.13085938
v 0.05664062 -0.22460938 -0.28710938
v 0.05664062 -0.22070312 -0.22851562
v 0.05664062 -0.20507812 -0.22460938
v 0.05664062 -0.19335938 -0.21679688
v 0.05664062 -0.18945312 -0.34570312
v 0.05664062 -0.18945312 -0.07617188
v 0.05664062 -0.18164062 -0.19726562
v 0.05664062 -0.17382812 -0.18164062
v 0.05664062 -0.16992188 -0.06445312
v 0.05664062 -0.16601562 -0.34570312
v 0.05664062 -0.15429688 0.16601562
v 0.05664062 -0.15039062 -0.34570312
v 0.05664062 -0.14257812 -0.03320312
v 0.05664062 -0.13867188 -0.17382812
v 0.05664062 -0.13476562 -0.34570312
v 0.05664062 -0.13476562 0.16992188
v 0.05664062 -0.13085938 0.17382812
v 0.05664062 -0.11523438 -0.34179688
v 0.05664062 -0.11132812 0.19335938
v 0.05664062 -0.09179688 -0.33398438
v 0.05664062 -0.03710938 -0.30664062
v 0.05664062 0.01367188 -0.12695312
v 0.05664062 0.01757812 -0.02148438
v 0.05664062 0.02148438 -0.09179688
v 0.05664062 0.02148438 -0.06835938
v 0.05664062 0.03320312 -0.00195312
v 0.05664062 0.03710938 -0.00195312
v 0.05664062 0.05664062 0.18164062
v 0.05664062 0.05664062 0.24414062
v 0.05664062 0.05664062 0.27929688
v 0.05664062 0.06054688 -0.00976562
v 0.05664062 0.06054688 0.22070312
v 0.05664062 0.06445312 0.29101562
v 0.05664062 0.07226562 0.30664062
v 0.05664062 0.08398438 0.33398438
v 0.05664062 0.12304688 0.33398438
v 0.05664062 0.12695312 0.01367188
v 0.05664062 0.13476562 0.33398438
v 0.05664062 0.15429688 0.33789062
v 0.05664062 0.16210938 0.34179688
v 0.05664062 0.17773438 0.04101562
v 0.05664062 0.18164062 0.34960938
v 0.05664062 0.19726562 0.04492188
v 0.05664062 0.20117188 0.40429688
v 0.05664062 0.20507812 0.37695312
v 0.05664062 0.23242188 0.04492188
v 0.05664062 0.24804688 0.04882812
v 0.05664062 0.25585938 0.06445312
v 0.05664062 0.25976562 0.41992188
v 0.05664062 0.29101562 0.41601562
v 0.05664062 0.31054688 0.10351562
v 0.05664062 0.31445312 0.11132812
v 0.05664062 0.32226562 0.12304688
v 0.05664062 0.33007812 0.13867188
v 0.05664062 0.33789062 0.15039062
v 0.05664062 0.34570312 0.16601562
v 0.05664062 0.35742188 0.33398438
v 0.05664062 0.36132812 0.17773438
v 0.05664062 0.38476562 0.20898438
v 0.06054688 -0.45117188 -0.18945312
v 0.06054688 -0.43945312 0.15039062
v 0.06054688 -0.43554688 0.20117188
v 0.06054688 -0.40039062 -0.24023438
v 0.06054688 -0.40039062 0.12695312
v 0.06054688 -0.39257812 0.13085938
v 0.06054688 -0.38476562 -0.23632812
v 0.06054688 -0.38085938 0.18945312
v 0.06054688 -0.29101562 -0.22460938
v 0.06054688 -0.28320312 -0.37695312
v 0.06054688 -0.28320312 -0.15820312
v 0.06054688 -0.26757812 -0.15429688
v 0.06054688 -0.25976562 -0.37695312
v 0.06054688 -0.25585938 0.09570312
v 0.06054688 -0.22851562 0.09179688
v 0.06054688 -0.22460938 -0.31054688
v 0.06054688 -0.22460938 -0.29882812
v 0.06054688 -0.22070312 -0.10742188
v 0.06054688 -0.21289062 -0.34960938
v 0.06054688 -0.20507812 -0.08789062
v 0.06054688 -0.20507812 0.09570312
v 0.06054688 -0.18164062 0.09179688
v 0.06054688 -0.17382812 0.08398438
v 0.06054688 -0.15429688 -0.04882812
v 0.06054688 -0.14648438 -0.01757812
v 0.06054688 -0.09179688 0.19726562
v 0.06054688 -0.08398438 -0.32226562
v 0.06054688 -0.06835938 -0.32226562
v 0.06054688 -0.04492188 -0.27148438
v 0.06054688 -0.04101562 0.19726562
v 0.06054688 -0.02929688 -0.27929688
v 0.06054688 -0.01757812 -0.16210938
v 0.06054688 0.01367188 -0.00585938
v 0.06054688 0.03710938 0.17382812
v 0.06054688 0.04101562 -0.00585938
v 0.06054688 0.06445312 -0.00976562
v 0.06054688 0.06835938 0.20507812
v 0.06054688 0.07617188 -0.00976562
v 0.06054688 0.09570312 0.33007812
v 0.06054688 0.10742188 0.32617188
v 0.06054688 0.11523438 0.32617188
v 0.06054688 0.13476562 0.33007812
v 0.06054688 0.14257812 0.33398438
v 0.06054688 0.15039062 0.33398438
v 0.06054688 0.19726562 0.34570312
v 0.06054688 0.20117188 0.38476562
v 0.06054688 0.21289062 0.04882812
v 0.06054688 0.21289062 0.35742188
v 0.06054688 0.22851562 0.05273438
v 0.06054688 0.23632812 0.41992188
v 0.06054688 0.24414062 0.06054688
v 0.06054688 0.27929688 0.08007812
v 0.06054688 0.29882812 0.09570312
v 0.06054688 0.30273438 0.09960938
v 0.06054688 0.30664062 0.39648438
v 0.06054688 0.32226562 0.37695312
v 0.06445312 -0.45117188 -0.17382812
v 0.06445312 -0.45117188 -0.13476562
v 0.06445312 -0.44335938 -0.22460938
v 0.06445312 -0.44335938 -0.13085938
v 0.06445312 -0.42773438 -0.22851562
v 0.06445312 -0.42773438 -0.13476562
v 0.06445312 -0.41210938 -0.22851562
v 0.06445312 -0.41210938 -0.13867188
v 0.06445312 -0.37695312 0.10351562
v 0.06445312 -0.35742188 0.09960938
v 0.06445312 -0.33789062 0.09960938
v 0.06445312 -0.31054688 -0.22460938
v 0.06445312 -0.31054688 0.09570312
v 0.06445312 -0.28710938 0.09570312
v 0.06445312 -0.26757812 -0.36523438
v 0.06445312 -0.25195312 -0.14648438
v 0.06445312 -0.24804688 -0.34570312
v 0.06445312 -0.24023438 -0.35351562
v 0.06445312 -0.23632812 -0.13085938
v 0.06445312 -0.22070312 -0.32226562
v 0.06445312 -0.19335938 -0.33789062
v 0.06445312 -0.19335938 -0.32226562
v 0.06445312 -0.18945312 0.16601562
v 0.06445312 -0.17382812 0.16601562
v 0.06445312 -0.16601562 -0.33398438
v 0.06445312 -0.16210938 0.16992188
v 0.06445312 -0.15820312 -0.17773438
v 0.06445312 -0.15039062 0.00585938
v 0.06445312 -0.14257812 0.16992188
v 0.06445312 -0.13867188 -0.04101562
v 0.06445312 -0.12304688 -0.35351562
v 0.06445312 -0.11914062 -0.33789062
v 0.06445312 -0.10742188 -0.17773438
v 0.06445312 -0.09960938 -0.33007812
v 0.06445312 -0.06835938 0.19726562
v 0.06445312 -0.05664062 -0.33398438
v 0.06445312 -0.04492188 -0.29492188
v 0.06445312 0.00195312 -0.13867188
v 0.06445312 0.00976562 -0.12304688
v 0.06445312 0.00976562 -0.02539062
v 0.06445312 0.01757812 -0.09179688
v 0.06445312 0.02148438 -0.00195312
v 0.06445312 0.04492188 0.15820312
v 0.06445312 0.05273438 -0.00976562
v 0.06445312 0.06054688 0.23242188
v 0.06445312 0.06054688 0.25195312
v 0.06445312 0.06445312 0.16601562
v 0.06445312 0.06835938 0.18554688
v 0.06445312 0.06835938 0.20898438
v 0.06445312 0.09179688 0.00195312
v 0.06445312 0.09179688 0.31445312
v 0.06445312 0.12695312 0.32226562
v 0.06445312 0.13867188 0.03320312
v 0.06445312 0.15429688 0.33398438
v 0.06445312 0.16210938 0.03710938
v 0.06445312 0.16601562 0.33398438
v 0.06445312 0.21289062 0.41210938
v 0.06445312 0.21679688 0.36914062
v 0.06445312 0.25195312 0.41992188
v 0.06445312 0.26757812 0.07617188
v 0.06445312 0.29101562 0.09179688
v 0.06445312 0.30273438 0.09960938
v 0.06445312 0.31054688 0.10351562
v 0.06445312 0.31445312 0.11132812
v 0.06445312 0.32226562 0.12304688
v 0.06445312 0.33007812 0.13476562
v 0.06445312 0.33789062 0.15039062
v 0.06445312 0.34179688 0.35351562
v 0.06445312 0.34570312 0.16210938
v 0.06445312 0.35742188 0.17773438
v 0.06445312 0.35742188 0.33398438
v 0.06445312 0.36523438 0.31054688
v 0.06445312 0.37304688 0.18945312
v 0.06445312 0.37304688 0.29101562
v 0.06445312 0.38476562 0.20898438
v 0.06445312 0.38476562 0.27148438
v 0.06445312 0.38867188 0.23242188
v 0.06445312 0.38867188 0.25195312
v 0.06835938 -0.45117188 -0.21679688
v 0.06835938 -0.43554688 0.17773438
v 0.06835938 -0.39648438 -0.13867188
v 0.06835938 -0.38867188 0.11132812
v 0.06835938 -0.38085938 -0.14257812
v 0.06835938 -0.34179688 -0.15039062
v 0.06835938 -0.33398438 -0.23242188
v 0.06835938 -0.32617188 -0.15039062
v 0.06835938 -0.31054688 -0.15429688
v 0.06835938 -0.29882812 -0.15429688
v 0.06835938 -0.28320312 -0.15429688
v 0.06835938 -0.27539062 -0.35742188
v 0.06835938 -0.26757812 -0.22460938
v 0.06835938 -0.26757812 -0.15039062
v 0.06835938 -0.24414062 -0.22851562
v 0.06835938 -0.21679688 -0.33789062
v 0.06835938 -0.21289062 0.16992188
v 0.06835938 -0.20898438 -0.08789062
v 0.06835938 -0.19726562 -0.30664062
v 0.06835938 -0.19726562 -0.29492188
v 0.06835938 -0.19726562 -0.28320312
v 0.06835938 -0.19335938 -0.07226562
v 0.06835938 -0.17382812 -0.06054688
v 0.06835938 -0.16992188 -0.32226562
v 0.06835938 -0.16992188 -0.27929688
v 0.06835938 -0.16992188 -0.18554688
v 0.06835938 -0.15820312 0.03710938
v 0.06835938 -0.15429688 -0.27929688
v 0.06835938 -0.15039062 -0.33398438
v 0.06835938 -0.15039062 0.16992188
v 0.06835938 -0.14257812 -0.28320312
v 0.06835938 -0.13476562 -0.33398438
v 0.06835938 -0.13476562 -0.03320312
v 0.06835938 -0.12304688 -0.34570312
v 0.06835938 -0.12304688 -0.28320312
v 0.06835938 -0.11914062 -0.33789062
v 0.06835938 -0.11523438 0.18164062
v 0.06835938 -0.10742188 -0.34570312
v 0.06835938 -0.10742188 -0.28320312
v 0.06835938 -0.09179688 -0.33007812
v 0.06835938 -0.06054688 -0.31835938
v 0.06835938 -0.03710938 -0.17382812
v 0.06835938 -0.01757812 0.18554688
v 0.06835938 0.00195312 -0.03320312
v 0.06835938 0.00195312 -0.00585938
v 0.06835938 0.00585938 0.17382812
v 0.06835938 0.01367188 -0.06835938
v 0.06835938 0.01367188 -0.05273438
v 0.06835938 0.02929688 -0.00195312
v 0.06835938 0.05664062 -0.00976562
v 0.06835938 0.06835938 -0.00585938
v 0.06835938 0.06835938 0.15039062
v 0.06835938 0.07617188 0.15820312
v 0.06835938 0.08398438 0.15429688
v 0.06835938 0.10351562 0.31445312
v 0.06835938 0.10742188 0.00976562
v 0.06835938 0.11523438 0.31445312
v 0.06835938 0.12304688 0.02148438
v 0.06835938 0.12304688 0.31835938
v 0.06835938 0.14257812 0.32617188
v 0.06835938 0.17382812 0.33398438
v 0.06835938 0.18164062 0.04101562
v 0.06835938 0.19726562 0.39257812
v 0.06835938 0.20117188 0.04492188
v 0.06835938 0.21289062 0.37695312
v 0.06835938 0.21679688 0.05273438
v 0.06835938 0.21679688 0.34179688
v 0.06835938 0.22460938 0.34960938
v 0.06835938 0.23242188 0.06054688
v 0.06835938 0.24414062 0.06835938
v 0.06835938 0.25195312 0.42382812
v 0.06835938 0.25585938 0.07226562
v 0.06835938 0.28320312 0.08398438
v 0.06835938 0.29882812 0.09570312
v 0.06835938 0.30664062 0.09960938
v 0.07226562 -0.45117188 -0.15429688
v 0.07226562 -0.43164062 0.13867188
v 0.07226562 -0.42382812 0.13085938
v 0.07226562 -0.41601562 0.12695312
v 0.07226562 -0.40429688 0.12304688
v 0.07226562 -0.39257812 0.12304688
v 0.07226562 -0.36132812 -0.14648438
v 0.07226562 -0.35742188 -0.24023438
v 0.07226562 -0.29101562 -0.22460938
v 0.07226562 -0.26757812 0.16210938
v 0.07226562 -0.25195312 -0.14648438
v 0.07226562 -0.24023438 0.16601562
v 0.07226562 -0.23632812 -0.12695312
v 0.07226562 -0.22070312 -0.10742188
v 0.07226562 -0.21679688 -0.22851562
v 0.07226562 -0.20507812 -0.22460938
v 0.07226562 -0.20507812 0.09179688
v 0.07226562 -0.18945312 -0.21679688
v 0.07226562 -0.18945312 0.08789062
v 0.07226562 -0.17773438 -0.20117188
v 0.07226562 -0.16992188 -0.30664062
v 0.07226562 -0.16992188 -0.29101562
v 0.07226562 -0.16210938 0.06054688
v 0.07226562 -0.15429688 -0.04882812
v 0.07226562 -0.13476562 -0.17382812
v 0.07226562 -0.13476562 -0.03710938
v 0.07226562 -0.13085938 0.17773438
v 0.07226562 -0.11132812 -0.33789062
v 0.07226562 -0.10742188 -0.33398438
v 0.07226562 -0.09570312 0.18945312
v 0.07226562 -0.08398438 -0.28320312
v 0.07226562 -0.07617188 -0.34179688
v 0.07226562 -0.06445312 -0.30273438
v 0.07226562 -0.06054688 -0.17773438
v 0.07226562 -0.04492188 0.18554688
v 0.07226562 -0.00585938 -0.00585938
v 0.07226562 0.00976562 -0.08789062
v 0.07226562 0.03320312 -0.00585938
v 0.07226562 0.04492188 0.14648438
v 0.07226562 0.06054688 0.15039062
v 0.07226562 0.06054688 0.26367188
v 0.07226562 0.06835938 0.28320312
v 0.07226562 0.07226562 0.14648438
v 0.07226562 0.08398438 0.17382812
v 0.07226562 0.08398438 0.19726562
v 0.07226562 0.08398438 0.29492188
v 0.07226562 0.08789062 0.00585938
v 0.07226562 0.08789062 0.15039062
v 0.07226562 0.09179688 0.16210938
v 0.07226562 0.09570312 0.15429688
v 0.07226562 0.15039062 0.32617188
v 0.07226562 0.18945312 0.33398438
v 0.07226562 0.20507812 0.33007812
v 0.07226562 0.22851562 0.35742188
v 0.07226562 0.22851562 0.41601562
v 0.07226562 0.23242188 0.33007812
v 0.07226562 0.23632812 0.33789062
v 0.07226562 0.26757812 0.42382812
v 0.07226562 0.27539062 0.07617188
v 0.07226562 0.29492188 0.09179688
v 0.07226562 0.30273438 0.09570312
v 0.07226562 0.31054688 0.09960938
v 0.07226562 0.31445312 0.10742188
v 0.07226562 0.32226562 0.11523438
v 0.07226562 0.33007812 0.13085938
v 0.07226562 0.33789062 0.14257812
v 0.07226562 0.34570312 0.15820312
v 0.07226562 0.35742188 0.17382812
v 0.07226562 0.36523438 0.31054688
v 0.07617188 -0.45117188 -0.19726562
v 0.07617188 -0.43554688 0.14648438
v 0.07617188 -0.43554688 0.20507812
v 0.07617188 -0.42773438 -0.23242188
v 0.07617188 -0.42773438 0.22070312
v 0.07617188 -0.41601562 0.22070312
v 0.07617188 -0.41210938 -0.23242188
v 0.07617188 -0.40039062 -0.24414062
v 0.07617188 -0.38476562 -0.24023438
v 0.07617188 -0.31445312 0.18164062
v 0.07617188 -0.31054688 -0.22851562
v 0.07617188 -0.31054688 0.09179688
v 0.07617188 -0.29882812 -0.15429688
v 0.07617188 -0.29492188 0.16992188
v 0.07617188 -0.28710938 0.09179688
v 0.07617188 -0.28320312 -0.15429688
v 0.07617188 -0.26757812 -0.15039062
v 0.07617188 -0.25585938 0.08789062
v 0.07617188 -0.22851562 0.08789062
v 0.07617188 -0.17773438 0.08398438
v 0.07617188 -0.16210938 0.07226562
v 0.07617188 -0.15429688 -0.30664062
v 0.07617188 -0.15429688 -0.29101562
v 0.07617188 -0.15039062 -0.32226562
v 0.07617188 -0.14648438 0.17382812
v 0.07617188 -0.13867188 -0.32226562
v 0.07617188 -0.13867188 -0.29492188
v 0.07617188 -0.13867188 0.17382812
v 0.07617188 -0.13476562 -0.01757812
v 0.07617188 -0.12304688 -0.32226562
v 0.07617188 -0.11914062 -0.02929688
v 0.07617188 -0.11132812 -0.32226562
v 0.07617188 -0.08789062 -0.33007812
v 0.07617188 -0.05664062 -0.28710938
v 0.07617188 -0.01367188 -0.15039062
v 0.07617188 -0.01367188 0.17382812
v 0.07617188 -0.00195312 -0.12695312
v 0.07617188 0.00195312 -0.04101562
v 0.07617188 0.00585938 -0.11132812
v 0.07617188 0.00585938 -0.05273438
v 0.07617188 0.01367188 0.15039062
v 0.07617188 0.01757812 -0.00585938
v 0.07617188 0.03710938 -0.00585938
v 0.07617188 0.06445312 0.22070312
v 0.07617188 0.06445312 0.24023438
v 0.07617188 0.07617188 0.20507812
v 0.07617188 0.08789062 0.16601562
v 0.07617188 0.10351562 0.01367188
v 0.07617188 0.10351562 0.30273438
v 0.07617188 0.11914062 0.02539062
v 0.07617188 0.12695312 0.31054688
v 0.07617188 0.13476562 0.31835938
v 0.07617188 0.13867188 0.02929688
v 0.07617188 0.15820312 0.32617188
v 0.07617188 0.20507812 0.38085938
v 0.07617188 0.20507812 0.40039062
v 0.07617188 0.22851562 0.36523438
v 0.07617188 0.24023438 0.32226562
v 0.07617188 0.24804688 0.32617188
v 0.07617188 0.25195312 0.06835938
v 0.07617188 0.26367188 0.07226562
v 0.07617188 0.28710938 0.08398438
v 0.07617188 0.28710938 0.41601562
v 0.07617188 0.29882812 0.09179688
v 0.07617188 0.30273438 0.39648438
v 0.07617188 0.30664062 0.09570312
v 0.07617188 0.31445312 0.09960938
v 0.07617188 0.32226562 0.37304688
v 0.07617188 0.32617188 0.11914062
v 0.07617188 0.33398438 0.13476562
v 0.07617188 0.34179688 0.35351562
v 0.07617188 0.35351562 0.33398438
v 0.07617188 0.36914062 0.18945312
v 0.07617188 0.37304688 0.29101562
v 0.07617188 0.38085938 0.27148438
v 0.07617188 0.38476562 0.20898438
v 0.07617188 0.38476562 0.22851562
v 0.07617188 0.38476562 0.24804688
v 0.08007812 -0.45117188 -0.22070312
v 0.08007812 -0.45117188 -0.18164062
v 0.08007812 -0.45117188 -0.12695312
v 0.08007812 -0.44335938 -0.22851562
v 0.08007812 -0.43945312 -0.12695312
v 0.08007812 -0.40039062 0.21289062
v 0.08007812 -0.38867188 0.11132812
v 0.08007812 -0.38867188 0.20507812
v 0.08007812 -0.38085938 0.20117188
v 0.08007812 -0.37695312 0.10351562
v 0.08007812 -0.36914062 0.20117188
v 0.08007812 -0.36132812 0.20898438
v 0.08007812 -0.35742188 0.09570312
v 0.08007812 -0.33789062 0.09570312
v 0.08007812 -0.33789062 0.19726562
v 0.08007812 -0.33398438 -0.23242188
v 0.08007812 -0.32617188 -0.15039062
v 0.08007812 -0.31445312 -0.15429688
v 0.08007812 -0.27148438 -0.22460938
v 0.08007812 -0.25195312 -0.14648438
v 0.08007812 -0.24804688 -0.22460938
v 0.08007812 -0.23632812 -0.12695312
v 0.08007812 -0.22070312 -0.10742188
v 0.08007812 -0.20898438 -0.08789062
v 0.08007812 -0.19335938 -0.07226562
v 0.08007812 -0.17773438 -0.06054688
v 0.08007812 -0.16992188 0.16992188
v 0.08007812 -0.15820312 0.17382812
v 0.08007812 -0.15429688 -0.17773438
v 0.08007812 -0.13867188 -0.30664062
v 0.08007812 -0.13476562 0.00585938
v 0.08007812 -0.12304688 -0.31054688
v 0.08007812 -0.12304688 -0.29492188
v 0.08007812 -0.11914062 0.17773438
v 0.08007812 -0.11132812 -0.31054688
v 0.08007812 -0.11132812 -0.29492188
v 0.08007812 -0.10351562 -0.17382812
v 0.08007812 -0.10351562 0.18164062
v 0.08007812 -0.09179688 -0.31835938
v 0.08007812 -0.09179688 -0.30664062
v 0.08007812 -0.07617188 -0.29882812
v 0.08007812 -0.06835938 0.18554688
v 0.08007812 -0.02929688 0.17773438
v 0.08007812 -0.00585938 -0.01367188
v 0.08007812 -0.00195312 -0.05273438
v 0.08007812 0.00585938 -0.08398438
v 0.08007812 0.00585938 -0.06835938
v 0.08007812 0.02148438 -0.00195312
v 0.08007812 0.02148438 0.13867188
v 0.08007812 0.04101562 0.14257812
v 0.08007812 0.04492188 -0.00195312
v 0.08007812 0.06054688 -0.00195312
v 0.08007812 0.07617188 0.00976562
v 0.08007812 0.08789062 0.14648438
v 0.08007812 0.09960938 0.15039062
v 0.08007812 0.11523438 0.30664062
v 0.08007812 0.14257812 0.31835938
v 0.08007812 0.16601562 0.03320312
v 0.08007812 0.16601562 0.32617188
v 0.08007812 0.22070312 0.32226562
v 0.08007812 0.22460938 0.05273438
v 0.08007812 0.24023438 0.06054688
v 0.08007812 0.24023438 0.34570312
v 0.08007812 0.24023438 0.41601562
v 0.08007812 0.27929688 0.08007812
v 0.08007812 0.29492188 0.08789062
v 0.08007812 0.30273438 0.09570312
v 0.08007812 0.31054688 0.09570312
v 0.08007812 0.32226562 0.11132812
v 0.08007812 0.33789062 0.15429688
v 0.08398438 -0.45117188 -0.16601562
v 0.08398438 -0.43554688 0.14257812
v 0.08398438 -0.43554688 0.16601562
v 0.08398438 -0.43164062 0.13867188
v 0.08398438 -0.42773438 -0.12695312
v 0.08398438 -0.42382812 0.13476562
v 0.08398438 -0.41601562 0.12695312
v 0.08398438 -0.40820312 -0.13085938
v 0.08398438 -0.40429688 0.12304688
v 0.08398438 -0.39648438 -0.13476562
v 0.08398438 -0.39257812 0.12304688
v 0.08398438 -0.38476562 -0.13867188
v 0.08398438 -0.36523438 -0.14257812
v 0.08398438 -0.34570312 -0.15039062
v 0.08398438 -0.29101562 -0.22070312
v 0.08398438 -0.22070312 -0.22851562
v 0.08398438 -0.18945312 0.09179688
v 0.08398438 -0.18945312 0.16992188
v 0.08398438 -0.17773438 0.08398438
v 0.08398438 -0.16992188 -0.18554688
v 0.08398438 -0.16601562 0.08007812
v 0.08398438 -0.15429688 -0.04882812
v 0.08398438 -0.13867188 0.03710938
v 0.08398438 -0.13476562 -0.16992188
v 0.08398438 -0.13085938 -0.04101562
v 0.08398438 -0.11523438 -0.01367188
v 0.08398438 -0.09570312 -0.29492188
v 0.08398438 -0.04882812 0.17773438
v 0.08398438 -0.03320312 -0.15820312
v 0.08398438 -0.00976562 -0.13476562
v 0.08398438 -0.00976562 0.00195312
v 0.08398438 -0.00585938 -0.03320312
v 0.08398438 0.00195312 -0.09960938
v 0.08398438 0.02148438 -0.00195312
v 0.08398438 0.02148438 0.15039062
v 0.08398438 0.04101562 0.15039062
v 0.08398438 0.06054688 0.15039062
v 0.08398438 0.06445312 0.14257812
v 0.08398438 0.06835938 0.22851562
v 0.08398438 0.06835938 0.25585938
v 0.08398438 0.07226562 0.14648438
v 0.08398438 0.07617188 0.20898438
v 0.08398438 0.08789062 0.18164062
v 0.08398438 0.09570312 0.02148438
v 0.08398438 0.09570312 0.16601562
v 0.08398438 0.09570312 0.19335938
v 0.08398438 0.10351562 0.14648438
v 0.08398438 0.10351562 0.16210938
v 0.08398438 0.11914062 0.30273438
v 0.08398438 0.13085938 0.31054688
v 0.08398438 0.15039062 0.31835938
v 0.08398438 0.18164062 0.32226562
v 0.08398438 0.18554688 0.04101562
v 0.08398438 0.19726562 0.31835938
v 0.08398438 0.20898438 0.04492188
v 0.08398438 0.21289062 0.38476562
v 0.08398438 0.22070312 0.36914062
v 0.08398438 0.22070312 0.40429688
v 0.08398438 0.23632812 0.34960938
v 0.08398438 0.24414062 0.41992188
v 0.08398438 0.24804688 0.33398438
v 0.08398438 0.25195312 0.31445312
v 0.08398438 0.25195312 0.31835938
v 0.08398438 0.26757812 0.07226562
v 0.08398438 0.29882812 0.08789062
v 0.08398438 0.30664062 0.31054688
v 0.08398438 0.31054688 0.30664062
v 0.08398438 0.31445312 0.09960938
v 0.08398438 0.31835938 0.10351562
v 0.08398438 0.34179688 0.34960938
v 0.08398438 0.35351562 0.33007812
v 0.08398438 0.36132812 0.31054688
v 0.08398438 0.36523438 0.29101562
v 0.08789062 -0.45117188 -0.20117188
v 0.08789062 -0.45117188 -0.15039062
v 0.08789062 -0.45117188 -0.13476562
v 0.08789062 -0.35742188 -0.24023438
v 0.08789062 -0.31054688 -0.22460938
v 0.08789062 -0.29882812 -0.15429688
v 0.08789062 -0.28320312 -0.15429688
v 0.08789062 -0.26757812 -0.15039062
v 0.08789062 -0.26757812 0.16210938
v 0.08789062 -0.25195312 -0.14648438
v 0.08789062 -0.24023438 0.16210938
v 0.08789062 -0.21679688 -0.10351562
v 0.08789062 -0.21289062 0.16992188
v 0.08789062 -0.20507812 -0.22460938
v 0.08789062 -0.20507812 0.09179688
v 0.08789062 -0.19335938 -0.21679688
v 0.08789062 -0.17773438 -0.19726562
v 0.08789062 -0.14648438 0.07226562
v 0.08789062 -0.14257812 0.17382812
v 0.08789062 -0.13867188 0.06054688
v 0.08789062 -0.10742188 0.00195312
v 0.08789062 -0.09179688 -0.02929688
v 0.08789062 -0.08789062 0.18164062
v 0.08789062 -0.02929688 -0.01757812
v 0.08789062 -0.01757812 0.16210938
v 0.08789062 -0.00585938 -0.05273438
v 0.08789062 -0.00195312 -0.09570312
v 0.08789062 -0.00195312 -0.08789062
v 0.08789062 -0.00195312 -0.07226562
v 0.08789062 -0.00195312 -0.06054688
v 0.08789062 0.00585938 -0.01367188
v 0.08789062 0.02929688 -0.00195312
v 0.08789062 0.03320312 -0.00195312
v 0.08789062 0.04492188 -0.00195312
v 0.08789062 0.05664062 0.00195312
v 0.08789062 0.07226562 0.00976562
v 0.08789062 0.07226562 0.15039062
v 0.08789062 0.07617188 0.26757812
v 0.08789062 0.08789062 0.15039062
v 0.08789062 0.09179688 0.28320312
v 0.08789062 0.09960938 0.16992188
v 0.08789062 0.10742188 0.29492188
v 0.08789062 0.11523438 0.15820312
v 0.08789062 0.11914062 0.02539062
v 0.08789062 0.23242188 0.35351562
v 0.08789062 0.23632812 0.40820312
v 0.08789062 0.24414062 0.33789062
v 0.08789062 0.25585938 0.31054688
v 0.08789062 0.25585938 0.31445312
v 0.08789062 0.25585938 0.32617188
v 0.08789062 0.25585938 0.41601562
v 0.08789062 0.25976562 0.06835938
v 0.08789062 0.28320312 0.08007812
v 0.08789062 0.30664062 0.09570312
v 0.08789062 0.30664062 0.30664062
v 0.08789062 0.31054688 0.09960938
v 0.08789062 0.31054688 0.29882812
v 0.08789062 0.31054688 0.31835938
v 0.08789062 0.31445312 0.10742188
v 0.08789062 0.31445312 0.30273438
v 0.08789062 0.31445312 0.31054688
v 0.08789062 0.31835938 0.11523438
v 0.08789062 0.32226562 0.12695312
v 0.08789062 0.32226562 0.36523438
v 0.08789062 0.33007812 0.14257812
v 0.08789062 0.37695312 0.27148438
v 0.09179688 -0.45117188 -0.22070312
v 0.09179688 -0.44335938 -0.22851562
v 0.09179688 -0.43554688 0.14648438
v 0.09179688 -0.43554688 0.20507812
v 0.09179688 -0.42773438 -0.22851562
v 0.09179688 -0.41210938 -0.23242188
v 0.09179688 -0.40039062 -0.24023438
v 0.09179688 -0.38476562 -0.24023438
v 0.09179688 -0.33398438 0.09570312
v 0.09179688 -0.31445312 -0.15429688
v 0.09179688 -0.31054688 0.09570312
v 0.09179688 -0.28710938 0.09570312
v 0.09179688 -0.27148438 -0.22070312
v 0.09179688 -0.25585938 0.09179688
v 0.09179688 -0.25195312 -0.22070312
v 0.09179688 -0.23242188 -0.12695312
v 0.09179688 -0.22851562 0.08789062
v 0.09179688 -0.20507812 -0.08789062
v 0.09179688 -0.19335938 -0.07226562
v 0.09179688 -0.17773438 -0.06054688
v 0.09179688 -0.16992188 0.08398438
v 0.09179688 -0.16992188 0.16992188
v 0.09179688 -0.15429688 -0.16992188
v 0.09179688 -0.12695312 0.17773438
v 0.09179688 -0.11132812 0.03320312
v 0.09179688 -0.08398438 0.00195312
v 0.09179688 -0.06835938 0.17773438
v 0.09179688 -0.05273438 -0.16601562
v 0.09179688 -0.05273438 -0.02539062
v 0.09179688 -0.03710938 0.00195312
v 0.09179688 -0.03320312 0.16601562
v 0.09179688 -0.02148438 -0.03710938
v 0.09179688 -0.00976562 -0.11914062
v 0.09179688 -0.00195312 0.14257812
v 0.09179688 0.00585938 0.14648438
v 0.09179688 0.00585938 0.15429688
v 0.09179688 0.04101562 0.16601562
v 0.09179688 0.05664062 0.16210938
v 0.09179688 0.06835938 0.16210938
v 0.09179688 0.07617188 0.24414062
v 0.09179688 0.08398438 0.21679688
v 0.09179688 0.09179688 0.02148438
v 0.09179688 0.09179688 0.19726562
v 0.09179688 0.09960938 0.15429688
v 0.09179688 0.11523438 0.16210938
v 0.09179688 0.11914062 0.15429688
v 0.09179688 0.12695312 0.15820312
v 0.09179688 0.13867188 0.31054688
v 0.09179688 0.14257812 0.02929688
v 0.09179688 0.15820312 0.31835938
v 0.09179688 0.20898438 0.31054688
v 0.09179688 0.22460938 0.37304688
v 0.09179688 0.22460938 0.39257812
v 0.09179688 0.22851562 0.31445312
v 0.09179688 0.23632812 0.41210938
v 0.09179688 0.24023438 0.34179688
v 0.09179688 0.24804688 0.06054688
v 0.09179688 0.25195312 0.33007812
v 0.09179688 0.25976562 0.30273438
v 0.09179688 0.25976562 0.31835938
v 0.09179688 0.26367188 0.30664062
v 0.09179688 0.26757812 0.29492188
v 0.09179688 0.27148438 0.07617188
v 0.09179688 0.27148438 0.40820312
v 0.09179688 0.29101562 0.08398438
v 0.09179688 0.29492188 0.38867188
v 0.09179688 0.30664062 0.38476562
v 0.09179688 0.31054688 0.29492188
v 0.09179688 0.31054688 0.31835938
v 0.09179688 0.31445312 0.31835938
v 0.09179688 0.31835938 0.30664062
v 0.09179688 0.34179688 0.16601562
v 0.09179688 0.34960938 0.18554688
v 0.09179688 0.34960938 0.33007812
v 0.09179688 0.35742188 0.30664062
v 0.09179688 0.36523438 0.20117188
v 0.09179688 0.37695312 0.22460938
v 0.09179688 0.38085938 0.25195312
v 0.09570312 -0.45117188 -0.18554688
v 0.09570312 -0.45117188 -0.15039062
v 0.09570312 -0.44726562 -0.12695312
v 0.09570312 -0.43554688 0.17773438
v 0.09570312 -0.43164062 0.14257812
v 0.09570312 -0.42773438 0.21679688
v 0.09570312 -0.42382812 0.13867188
v 0.09570312 -0.41601562 0.13476562
v 0.09570312 -0.41601562 0.22070312
v 0.09570312 -0.40429688 0.12695312
v 0.09570312 -0.39257812 0.12304688
v 0.09570312 -0.38867188 0.10742188
v 0.09570312 -0.37695312 0.09960938
v 0.09570312 -0.35742188 0.09570312
v 0.09570312 -0.33398438 -0.22851562
v 0.09570312 -0.33007812 -0.15039062
v 0.09570312 -0.29492188 -0.21679688
v 0.09570312 -0.29492188 0.16992188
v 0.09570312 -0.28710938 -0.15820312
v 0.09570312 -0.26757812 -0.15429688
v 0.09570312 -0.25195312 -0.15039062
v 0.09570312 -0.23242188 -0.22070312
v 0.09570312 -0.21679688 -0.21679688
v 0.09570312 -0.15429688 -0.04882812
v 0.09570312 -0.15429688 0.16992188
v 0.09570312 -0.15039062 0.07617188
v 0.09570312 -0.13476562 0.07226562
v 0.09570312 -0.13085938 -0.04492188
v 0.09570312 -0.12304688 0.06835938
v 0.09570312 -0.11132812 0.05664062
v 0.09570312 -0.10742188 0.17773438
v 0.09570312 -0.09570312 -0.16601562
v 0.09570312 -0.08789062 -0.04101562
v 0.09570312 -0.08789062 0.03320312
v 0.09570312 -0.07617188 0.17773438
v 0.09570312 -0.05273438 0.00195312
v 0.09570312 -0.04492188 -0.03710938
v 0.09570312 -0.04101562 0.02929688
v 0.09570312 -0.02929688 -0.14257812
v 0.09570312 -0.02929688 0.02929688
v 0.09570312 -0.02148438 -0.05273438
v 0.09570312 -0.00976562 -0.10742188
v 0.09570312 -0.00195312 -0.01367188
v 0.09570312 0.00976562 -0.02929688
v 0.09570312 0.01757812 -0.01757812
v 0.09570312 0.02148438 0.16992188
v 0.09570312 0.08398438 0.15820312
v 0.09570312 0.08789062 0.25585938
v 0.09570312 0.10351562 0.17382812
v 0.09570312 0.10742188 0.18554688
v 0.09570312 0.11523438 0.28710938
v 0.09570312 0.12695312 0.29492188
v 0.09570312 0.16601562 0.03710938
v 0.09570312 0.21289062 0.04492188
v 0.09570312 0.23242188 0.05273438
v 0.09570312 0.23242188 0.37695312
v 0.09570312 0.23632812 0.35742188
v 0.09570312 0.23632812 0.39257812
v 0.09570312 0.25195312 0.33398438
v 0.09570312 0.25976562 0.32226562
v 0.09570312 0.26367188 0.31054688
v 0.09570312 0.27148438 0.29101562
v 0.09570312 0.27148438 0.30273438
v 0.09570312 0.27539062 0.29882812
v 0.09570312 0.27929688 0.28710938
v 0.09570312 0.28710938 0.28710938
v 0.09570312 0.29492188 0.28710938
v 0.09570312 0.29882812 0.09179688
v 0.09570312 0.30273438 0.09960938
v 0.09570312 0.30273438 0.29101562
v 0.09570312 0.30273438 0.30273438
v 0.09570312 0.32226562 0.28710938
v 0.09570312 0.32226562 0.29101562
v 0.09570312 0.32226562 0.36132812
v 0.09570312 0.32617188 0.29882812
v 0.09570312 0.33789062 0.34179688
v 0.09570312 0.35351562 0.31054688
v 0.09570312 0.36132812 0.29101562
v 0.09960938 -0.45117188 -0.21289062
v 0.09960938 -0.45117188 -0.17382812
v 0.09960938 -0.43554688 -0.12695312
v 0.09960938 -0.43554688 0.15820312
v 0.09960938 -0.42382812 -0.13085938
v 0.09960938 -0.40820312 -0.13085938
v 0.09960938 -0.40039062 0.21289062
v 0.09960938 -0.38867188 0.20507812
v 0.09960938 -0.37695312 0.19726562
v 0.09960938 -0.36914062 0.20117188
v 0.09960938 -0.36523438 -0.14257812
v 0.09960938 -0.34570312 -0.15039062
v 0.09960938 -0.33789062 0.19726562
v 0.09960938 -0.31445312 -0.22070312
v 0.09960938 -0.31445312 0.18164062
v 0.09960938 -0.29882812 -0.15820312
v 0.09960938 -0.27539062 -0.21289062
v 0.09960938 -0.26757812 0.15429688
v 0.09960938 -0.25976562 -0.20898438
v 0.09960938 -0.23242188 -0.13867188
v 0.09960938 -0.20898438 -0.10351562
v 0.09960938 -0.20117188 -0.20898438
v 0.09960938 -0.20117188 -0.08789062
v 0.09960938 -0.18945312 -0.07617188
v 0.09960938 -0.18554688 0.09570312
v 0.09960938 -0.18554688 0.15820312
v 0.09960938 -0.18164062 -0.19726562
v 0.09960938 -0.16992188 -0.18164062
v 0.09960938 -0.15429688 0.08007812
v 0.09960938 -0.13476562 -0.16210938
v 0.09960938 -0.13476562 0.07617188
v 0.09960938 -0.10742188 0.06445312
v 0.09960938 -0.09179688 0.17773438
v 0.09960938 -0.08398438 0.05664062
v 0.09960938 -0.05664062 0.02929688
v 0.09960938 -0.04882812 0.16992188
v 0.09960938 -0.04492188 0.04882812
v 0.09960938 -0.01757812 -0.06835938
v 0.09960938 -0.01757812 0.14648438
v 0.09960938 -0.01367188 -0.09179688
v 0.09960938 -0.01367188 -0.07617188
v 0.09960938 -0.01367188 -0.00195312
v 0.09960938 -0.00976562 0.14648438
v 0.09960938 -0.00976562 0.15429688
v 0.09960938 0.05664062 0.17773438
v 0.09960938 0.06054688 0.00195312
v 0.09960938 0.06835938 0.00976562
v 0.09960938 0.08789062 0.23242188
v 0.09960938 0.09570312 0.20898438
v 0.09960938 0.09960938 0.27148438
v 0.09960938 0.10742188 0.18945312
v 0.09960938 0.11132812 0.16210938
v 0.09960938 0.11523438 0.02929688
v 0.09960938 0.12695312 0.15429688
v 0.09960938 0.12695312 0.16601562
v 0.09960938 0.13476562 0.15820312
v 0.09960938 0.14648438 0.30664062
v 0.09960938 0.17382812 0.31445312
v 0.09960938 0.18945312 0.04101562
v 0.09960938 0.23632812 0.39648438
v 0.09960938 0.24023438 0.31054688
v 0.09960938 0.24023438 0.36132812
v 0.09960938 0.24023438 0.37695312
v 0.09960938 0.24414062 0.34570312
v 0.09960938 0.24414062 0.36523438
v 0.09960938 0.25195312 0.33789062
v 0.09960938 0.25195312 0.40820312
v 0.09960938 0.25976562 0.07226562
v 0.09960938 0.25976562 0.32617188
v 0.09960938 0.26367188 0.31445312
v 0.09960938 0.26367188 0.31835938
v 0.09960938 0.26367188 0.39648438
v 0.09960938 0.27148438 0.30664062
v 0.09960938 0.27148438 0.31054688
v 0.09960938 0.27539062 0.30273438
v 0.09960938 0.27539062 0.38476562
v 0.09960938 0.27929688 0.08007812
v 0.09960938 0.27929688 0.29492188
v 0.09960938 0.28710938 0.29492188
v 0.09960938 0.29492188 0.29882812
v 0.09960938 0.30273438 0.37695312
v 0.09960938 0.30664062 0.31445312
v 0.09960938 0.31054688 0.10742188
v 0.09960938 0.31445312 0.11523438
v 0.09960938 0.31835938 0.13085938
v 0.09960938 0.31835938 0.28320312
v 0.09960938 0.31835938 0.31835938
v 0.09960938 0.32226562 0.14648438
v 0.09960938 0.32226562 0.31445312
v 0.09960938 0.33398438 0.28320312
v 0.09960938 0.33398438 0.29101562
v 0.09960938 0.33398438 0.33789062
v 0.09960938 0.34570312 0.32617188
v 0.09960938 0.34960938 0.31054688
v 0.09960938 0.35351562 0.29882812
v 0.09960938 0.37304688 0.27148438
v 0.10351562 -0.44335938 -0.22070312
v 0.10351562 -0.43554688 0.19726562
v 0.10351562 -0.43164062 0.15039062
v 0.10351562 -0.42773438 -0.22460938
v 0.10351562 -0.40820312 -0.22460938
v 0.10351562 -0.39648438 -0.13085938
v 0.10351562 -0.38476562 -0.13476562
v 0.10351562 -0.36132812 0.20898438
v 0.10351562 -0.35742188 -0.23242188
v 0.10351562 -0.31445312 -0.15820312
v 0.10351562 -0.30664062 0.10351562
v 0.10351562 -0.29882812 -0.20898438
v 0.10351562 -0.28320312 -0.16601562
v 0.10351562 -0.28320312 0.10351562
v 0.10351562 -0.26757812 -0.20117188
v 0.10351562 -0.26367188 -0.16601562
v 0.10351562 -0.25195312 0.10351562
v 0.10351562 -0.24804688 -0.15820312
v 0.10351562 -0.24023438 -0.20898438
v 0.10351562 -0.24023438 0.15820312
v 0.10351562 -0.22851562 0.09960938
v 0.10351562 -0.22070312 -0.20507812
v 0.10351562 -0.21289062 -0.11914062
v 0.10351562 -0.20507812 0.09960938
v 0.10351562 -0.17773438 -0.06445312
v 0.10351562 -0.16992188 0.16210938
v 0.10351562 -0.16601562 0.09179688
v 0.10351562 -0.15429688 -0.16210938
v 0.10351562 -0.13085938 0.16992188
v 0.10351562 -0.12304688 0.07617188
v 0.10351562 -0.10351562 0.07226562
v 0.10351562 -0.08398438 0.06835938
v 0.10351562 -0.08398438 0.17382812
v 0.10351562 -0.06835938 0.16992188
v 0.10351562 -0.05664062 0.04882812
v 0.10351562 -0.05273438 -0.14648438
v 0.10351562 -0.04882812 0.06054688
v 0.10351562 -0.04492188 -0.05273438
v 0.10351562 -0.03320312 0.04882812
v 0.10351562 -0.03320312 0.15039062
v 0.10351562 -0.02929688 -0.12695312
v 0.10351562 -0.02929688 0.01757812
v 0.10351562 -0.01367188 0.14648438
v 0.10351562 -0.00195312 -0.02539062
v 0.10351562 0.00195312 0.16992188
v 0.10351562 0.01367188 -0.04492188
v 0.10351562 0.01757812 -0.02929688
v 0.10351562 0.03710938 -0.00976562
v 0.10351562 0.04101562 -0.00585938
v 0.10351562 0.04101562 0.18164062
v 0.10351562 0.04882812 -0.00195312
v 0.10351562 0.06835938 0.17773438
v 0.10351562 0.08789062 0.02148438
v 0.10351562 0.09570312 0.24414062
v 0.10351562 0.12304688 0.27929688
v 0.10351562 0.13867188 0.29101562
v 0.10351562 0.15039062 0.15429688
v 0.10351562 0.18554688 0.30664062
v 0.10351562 0.22070312 0.30664062
v 0.10351562 0.24414062 0.38085938
v 0.10351562 0.24804688 0.06445312
v 0.10351562 0.24804688 0.29882812
v 0.10351562 0.24804688 0.34960938
v 0.10351562 0.24804688 0.36523438
v 0.10351562 0.25195312 0.35351562
v 0.10351562 0.25195312 0.39648438
v 0.10351562 0.25585938 0.29101562
v 0.10351562 0.25585938 0.33789062
v 0.10351562 0.25976562 0.33007812
v 0.10351562 0.25976562 0.38867188
v 0.10351562 0.26367188 0.28320312
v 0.10351562 0.26757812 0.32226562
v 0.10351562 0.26757812 0.38476562
v 0.10351562 0.27148438 0.31445312
v 0.10351562 0.27148438 0.38085938
v 0.10351562 0.27539062 0.30664062
v 0.10351562 0.27539062 0.31054688
v 0.10351562 0.27929688 0.30273438
v 0.10351562 0.27929688 0.30664062
v 0.10351562 0.27929688 0.38476562
v 0.10351562 0.28320312 0.08789062
v 0.10351562 0.28320312 0.27539062
v 0.10351562 0.28320312 0.38085938
v 0.10351562 0.28710938 0.09570312
v 0.10351562 0.28710938 0.30273438
v 0.10351562 0.28710938 0.30664062
v 0.10351562 0.29101562 0.27539062
v 0.10351562 0.29492188 0.30664062
v 0.10351562 0.29882812 0.27929688
v 0.10351562 0.30273438 0.31445312
v 0.10351562 0.31054688 0.27929688
v 0.10351562 0.31054688 0.31835938
v 0.10351562 0.31054688 0.32226562
v 0.10351562 0.31445312 0.31835938
v 0.10351562 0.31835938 0.32226562
v 0.10351562 0.32226562 0.31835938
v 0.10351562 0.32226562 0.34570312
v 0.10351562 0.33007812 0.31054688
v 0.10351562 0.33398438 0.18945312
v 0.10351562 0.33398438 0.27539062
v 0.10351562 0.33789062 0.30664062
v 0.10351562 0.34179688 0.29882812
v 0.10351562 0.34179688 0.32226562
v 0.10351562 0.34570312 0.20507812
v 0.10351562 0.34960938 0.29882812
v 0.10351562 0.35742188 0.28710938
v 0.10351562 0.37695312 0.25195312
v 0.10742188 -0.45117188 -0.16210938
v 0.10742188 -0.44726562 -0.13867188
v 0.10742188 -0.43554688 0.16992188
v 0.10742188 -0.42382812 0.14648438
v 0.10742188 -0.41601562 0.14257812
v 0.10742188 -0.40429688 0.13476562
v 0.10742188 -0.40039062 -0.23242188
v 0.10742188 -0.39257812 0.12695312
v 0.10742188 -0.38476562 -0.23632812
v 0.10742188 -0.33789062 -0.22460938
v 0.10742188 -0.33398438 -0.15820312
v 0.10742188 -0.33007812 0.10351562
v 0.10742188 -0.29492188 -0.16601562
v 0.10742188 -0.29492188 0.15820312
v 0.10742188 -0.28710938 -0.20117188
v 0.10742188 -0.27539062 -0.17773438
v 0.10742188 -0.27148438 -0.18945312
v 0.10742188 -0.26367188 -0.17382812
v 0.10742188 -0.25585938 -0.18554688
v 0.10742188 -0.24804688 -0.19726562
v 0.10742188 -0.24414062 -0.16992188
v 0.10742188 -0.23242188 -0.19335938
v 0.10742188 -0.23242188 -0.14648438
v 0.10742188 -0.21289062 0.16210938
v 0.10742188 -0.20507812 -0.19726562
v 0.10742188 -0.19726562 -0.10351562
v 0.10742188 -0.18945312 -0.18554688
v 0.10742188 -0.18945312 -0.08789062
v 0.10742188 -0.18164062 -0.08007812
v 0.10742188 -0.17773438 0.14648438
v 0.10742188 -0.17382812 -0.17382812
v 0.10742188 -0.15429688 -0.05664062
v 0.10742188 -0.15429688 0.15820312
v 0.10742188 -0.13867188 0.08007812
v 0.10742188 -0.13085938 -0.05273438
v 0.10742188 -0.11523438 0.16992188
v 0.10742188 -0.08789062 -0.04882812
v 0.10742188 -0.06054688 0.06054688
v 0.10742188 -0.05664062 0.07617188
v 0.10742188 -0.05273438 0.15429688
v 0.10742188 -0.04101562 0.06054688
v 0.10742188 -0.02929688 -0.11132812
v 0.10742188 -0.02148438 0.15429688
v 0.10742188 -0.01757812 0.14648438
v 0.10742188 0.08789062 0.17773438
v 0.10742188 0.10742188 0.25976562
v 0.10742188 0.11132812 0.02929688
v 0.10742188 0.11132812 0.20117188
v 0.10742188 0.12304688 0.15820312
v 0.10742188 0.12695312 0.17382812
v 0.10742188 0.12695312 0.18164062
v 0.10742188 0.13867188 0.15429688
v 0.10742188 0.14257812 0.03710938
v 0.10742188 0.14648438 0.28320312
v 0.10742188 0.15039062 0.15429688
v 0.10742188 0.15039062 0.15820312
v 0.10742188 0.15820312 0.29882812
v 0.10742188 0.19726562 0.30273438
v 0.10742188 0.23632812 0.06054688
v 0.10742188 0.25195312 0.35351562
v 0.10742188 0.25195312 0.38085938
v 0.10742188 0.25585938 0.35351562
v 0.10742188 0.25585938 0.36523438
v 0.10742188 0.25976562 0.34179688
v 0.10742188 0.25976562 0.36523438
v 0.10742188 0.25976562 0.37695312
v 0.10742188 0.26367188 0.07617188
v 0.10742188 0.26367188 0.33007812
v 0.10742188 0.26367188 0.34179688
v 0.10742188 0.26367188 0.37695312
v 0.10742188 0.26757812 0.32226562
v 0.10742188 0.26757812 0.32617188
v 0.10742188 0.26757812 0.33398438
v 0.10742188 0.26757812 0.37304688
v 0.10742188 0.27148438 0.27929688
v 0.10742188 0.27148438 0.31835938
v 0.10742188 0.27539062 0.31445312
v 0.10742188 0.27929688 0.31054688
v 0.10742188 0.27929688 0.31445312
v 0.10742188 0.27929688 0.38085938
v 0.10742188 0.28320312 0.31054688
v 0.10742188 0.28320312 0.37304688
v 0.10742188 0.29101562 0.31054688
v 0.10742188 0.29101562 0.31445312
v 0.10742188 0.29101562 0.36132812
v 0.10742188 0.29492188 0.10742188
v 0.10742188 0.29492188 0.31835938
v 0.10742188 0.29492188 0.36914062
v 0.10742188 0.29882812 0.31445312
v 0.10742188 0.30273438 0.31835938
v 0.10742188 0.30273438 0.34179688
v 0.10742188 0.30664062 0.32226562
v 0.10742188 0.30664062 0.33398438
v 0.10742188 0.31054688 0.32617188
v 0.10742188 0.31054688 0.35742188
v 0.10742188 0.31445312 0.33789062
v 0.10742188 0.31445312 0.34570312
v 0.10742188 0.31835938 0.32226562
v 0.10742188 0.32226562 0.33007812
v 0.10742188 0.32226562 0.33789062
v 0.10742188 0.32617188 0.31835938
v 0.10742188 0.33007812 0.32617188
v 0.10742188 0.33398438 0.31835938
v 0.10742188 0.33398438 0.33007812
v 0.10742188 0.33789062 0.21289062
v 0.10742188 0.33789062 0.32226562
v 0.10742188 0.34179688 0.22070312
v 0.10742188 0.34179688 0.31054688
v 0.10742188 0.34570312 0.28710938
v 0.10742188 0.34960938 0.27929688
v 0.10742188 0.36132812 0.22070312
v 0.11132812 -0.45117188 -0.20117188
v 0.11132812 -0.43554688 -0.13476562
v 0.11132812 -0.43554688 0.18554688
v 0.11132812 -0.42773438 0.20898438
v 0.11132812 -0.42382812 -0.13867188
v 0.11132812 -0.38867188 0.11523438
v 0.11132812 -0.35351562 0.10351562
v 0.11132812 -0.34960938 -0.15429688
v 0.11132812 -0.31835938 -0.21289062
v 0.11132812 -0.31445312 -0.16601562
v 0.11132812 -0.31445312 0.16992188
v 0.11132812 -0.30273438 -0.20117188
v 0.11132812 -0.29492188 -0.17773438
v 0.11132812 -0.29101562 -0.18945312
v 0.11132812 -0.27539062 0.11523438
v 0.11132812 -0.27539062 0.13085938
v 0.11132812 -0.27148438 0.14257812
v 0.11132812 -0.24804688 0.11523438
v 0.11132812 -0.24804688 0.13085938
v 0.11132812 -0.24414062 0.14648438
v 0.11132812 -0.24023438 -0.18164062
v 0.11132812 -0.22851562 -0.15820312
v 0.11132812 -0.22070312 -0.17382812
v 0.11132812 -0.21289062 -0.18554688
v 0.11132812 -0.21289062 -0.13085938
v 0.11132812 -0.19726562 -0.17382812
v 0.11132812 -0.17773438 -0.16210938
v 0.11132812 -0.17382812 -0.07226562
v 0.11132812 -0.15820312 -0.15039062
v 0.11132812 -0.13867188 0.15820312
v 0.11132812 -0.13085938 -0.15039062
v 0.11132812 -0.12304688 0.08007812
v 0.11132812 -0.10742188 0.08398438
v 0.11132812 -0.09960938 0.16601562
v 0.11132812 -0.09570312 -0.15039062
v 0.11132812 -0.08789062 0.08007812
v 0.11132812 -0.06835938 0.07617188
v 0.11132812 -0.06835938 0.16210938
v 0.11132812 -0.05273438 -0.13085938
v 0.11132812 -0.04882812 0.07617188
v 0.11132812 -0.04492188 -0.06835938
v 0.11132812 -0.04101562 -0.08007812
v 0.11132812 -0.03710938 -0.09570312
v 0.11132812 -0.03710938 0.02929688
v 0.11132812 -0.02539062 0.13476562
v 0.11132812 -0.02148438 0.14257812
v 0.11132812 -0.02148438 0.15429688
v 0.11132812 -0.01367188 0.16992188
v 0.11132812 0.00195312 -0.04101562
v 0.11132812 0.01757812 -0.04492188
v 0.11132812 0.02148438 0.18554688
v 0.11132812 0.09960938 0.02539062
v 0.11132812 0.09960938 0.22070312
v 0.11132812 0.10742188 0.23242188
v 0.11132812 0.13085938 0.26757812
v 0.11132812 0.15039062 0.16601562
v 0.11132812 0.15039062 0.17382812
v 0.11132812 0.16992188 0.04492188
v 0.11132812 0.16992188 0.14648438
v 0.11132812 0.16992188 0.15429688
v 0.11132812 0.16992188 0.29101562
v 0.11132812 0.19335938 0.04882812
v 0.11132812 0.21679688 0.05664062
v 0.11132812 0.22851562 0.30273438
v 0.11132812 0.26367188 0.35351562
v 0.11132812 0.26367188 0.36523438
v 0.11132812 0.26757812 0.08398438
v 0.11132812 0.26757812 0.34179688
v 0.11132812 0.26757812 0.35351562
v 0.11132812 0.26757812 0.36523438
v 0.11132812 0.27148438 0.32226562
v 0.11132812 0.27148438 0.32617188
v 0.11132812 0.27148438 0.33398438
v 0.11132812 0.27148438 0.34179688
v 0.11132812 0.27148438 0.35351562
v 0.11132812 0.27148438 0.37304688
v 0.11132812 0.27539062 0.31835938
v 0.11132812 0.27539062 0.32226562
v 0.11132812 0.27539062 0.32617188
v 0.11132812 0.27539062 0.33398438
v 0.11132812 0.27539062 0.34179688
v 0.11132812 0.27539062 0.37695312
v 0.11132812 0.27929688 0.25195312
v 0.11132812 0.27929688 0.31835938
v 0.11132812 0.27929688 0.32617188
v 0.11132812 0.27929688 0.33398438
v 0.11132812 0.28320312 0.26367188
v 0.11132812 0.28320312 0.31445312
v 0.11132812 0.28320312 0.31835938
v 0.11132812 0.28710938 0.31445312
v 0.11132812 0.28710938 0.31835938
v 0.11132812 0.28710938 0.34179688
v 0.11132812 0.28710938 0.35351562
v 0.11132812 0.28710938 0.36523438
v 0.11132812 0.29101562 0.31835938
v 0.11132812 0.29101562 0.33398438
v 0.11132812 0.29101562 0.35351562
v 0.11132812 0.29492188 0.25195312
v 0.11132812 0.29492188 0.26367188
v 0.11132812 0.29492188 0.31835938
v 0.11132812 0.29492188 0.33789062
v 0.11132812 0.29492188 0.34570312
v 0.11132812 0.29882812 0.11914062
v 0.11132812 0.29882812 0.31835938
v 0.11132812 0.29882812 0.32226562
v 0.11132812 0.29882812 0.33007812
v 0.11132812 0.29882812 0.35351562
v 0.11132812 0.30273438 0.13085938
v 0.11132812 0.30273438 0.31835938
v 0.11132812 0.30664062 0.14648438
v 0.11132812 0.30664062 0.26757812
v 0.11132812 0.30664062 0.32617188
v 0.11132812 0.31054688 0.25195312
v 0.11132812 0.31445312 0.33007812
v 0.11132812 0.31835938 0.26757812
v 0.11132812 0.32226562 0.17382812
v 0.11132812 0.32226562 0.25195312
v 0.11132812 0.32617188 0.20117188
v 0.11132812 0.33007812 0.26757812
v 0.11132812 0.33789062 0.22070312
v 0.11132812 0.36523438 0.23242188
v 0.11132812 0.36523438 0.27539062
v 0.11523438 -0.45117188 -0.18945312
v 0.11523438 -0.44726562 -0.15429688
v 0.11523438 -0.44726562 -0.14648438
v 0.11523438 -0.44335938 -0.20898438
v 0.11523438 -0.43164062 0.15820312
v 0.11523438 -0.42773438 -0.21289062
v 0.11523438 -0.41601562 0.20898438
v 0.11523438 -0.40820312 -0.21679688
v 0.11523438 -0.40820312 -0.13867188
v 0.11523438 -0.40039062 0.20117188
v 0.11523438 -0.39648438 -0.14257812
v 0.11523438 -0.39257812 0.19726562
v 0.11523438 -0.38867188 0.13867188
v 0.11523438 -0.38085938 0.18945312
v 0.11523438 -0.37695312 0.11132812
v 0.11523438 -0.37304688 0.18945312
v 0.11523438 -0.36914062 -0.15039062
v 0.11523438 -0.36132812 -0.22460938
v 0.11523438 -0.33789062 -0.21289062
v 0.11523438 -0.33007812 -0.16601562
v 0.11523438 -0.31054688 -0.17773438
v 0.11523438 -0.30664062 -0.18945312
v 0.11523438 -0.30664062 0.11914062
v 0.11523438 -0.30273438 0.13085938
v 0.11523438 -0.29882812 0.14648438
v 0.11523438 -0.22460938 0.11523438
v 0.11523438 -0.21289062 0.15039062
v 0.11523438 -0.20898438 -0.14648438
v 0.11523438 -0.20507812 0.11132812
v 0.11523438 -0.20117188 -0.16210938
v 0.11523438 -0.19726562 -0.11914062
v 0.11523438 -0.19726562 0.14648438
v 0.11523438 -0.18945312 -0.13476562
v 0.11523438 -0.18554688 -0.15039062
v 0.11523438 -0.18164062 0.10742188
v 0.11523438 -0.17773438 -0.09179688
v 0.11523438 -0.17382812 0.12695312
v 0.11523438 -0.16210938 -0.13867188
v 0.11523438 -0.16210938 0.10351562
v 0.11523438 -0.15820312 0.11914062
v 0.11523438 -0.15820312 0.13085938
v 0.11523438 -0.15820312 0.14648438
v 0.11523438 -0.15429688 -0.06835938
v 0.11523438 -0.14257812 0.09179688
v 0.11523438 -0.14257812 0.14648438
v 0.11523438 -0.13085938 -0.06835938
v 0.11523438 -0.12695312 0.09179688
v 0.11523438 -0.12304688 0.15820312
v 0.11523438 -0.11132812 0.09570312
v 0.11523438 -0.09570312 0.09570312
v 0.11523438 -0.08789062 -0.06445312
v 0.11523438 -0.08789062 0.16210938
v 0.11523438 -0.06445312 0.15039062
v 0.11523438 -0.06054688 0.09179688
v 0.11523438 -0.05664062 -0.11523438
v 0.11523438 -0.05664062 0.14257812
v 0.11523438 -0.04882812 0.04492188
v 0.11523438 -0.04101562 0.13867188
v 0.11523438 -0.02539062 0.13476562
v 0.11523438 -0.02539062 0.16601562
v 0.11523438 -0.02148438 0.14257812
v 0.11523438 -0.02148438 0.14648438
v 0.11523438 0.01367188 -0.06054688
v 0.11523438 0.05664062 0.18945312
v 0.11523438 0.06835938 0.18164062
v 0.11523438 0.07226562 -0.00195312
v 0.11523438 0.08789062 0.01367188
v 0.11523438 0.09570312 0.17382812
v 0.11523438 0.11523438 0.20898438
v 0.11523438 0.11523438 0.24804688
v 0.11523438 0.12695312 0.18945312
v 0.11523438 0.15820312 0.27539062
v 0.11523438 0.16601562 0.14648438
v 0.11523438 0.17382812 0.15820312
v 0.11523438 0.17382812 0.16601562
v 0.11523438 0.18554688 0.14257812
v 0.11523438 0.20898438 0.29492188
v 0.11523438 0.23632812 0.06835938
v 0.11523438 0.24023438 0.29101562
v 0.11523438 0.24804688 0.07226562
v 0.11523438 0.27148438 0.09960938
v 0.11523438 0.27148438 0.26757812
v 0.11523438 0.27539062 0.24023438
v 0.11523438 0.27929688 0.31835938
v 0.11523438 0.27929688 0.32226562
v 0.11523438 0.27929688 0.34179688
v 0.11523438 0.27929688 0.35351562
v 0.11523438 0.27929688 0.36523438
v 0.11523438 0.28320312 0.31835938
v 0.11523438 0.28320312 0.32226562
v 0.11523438 0.28320312 0.32617188
v 0.11523438 0.28320312 0.33398438
v 0.11523438 0.29101562 0.24023438
v 0.11523438 0.29101562 0.32226562
v 0.11523438 0.29101562 0.32617188
v 0.11523438 0.31445312 0.19335938
v 0.11523438 0.31835938 0.24023438
v 0.11523438 0.32617188 0.20507812
v 0.11523438 0.33007812 0.24414062
v 0.11523438 0.33789062 0.25195312
v 0.11523438 0.34179688 0.24023438
v 0.11523438 0.34179688 0.24804688
v 0.11523438 0.34570312 0.21289062
v 0.11523438 0.34570312 0.23632812
v 0.11523438 0.34570312 0.24023438
v 0.11523438 0.34570312 0.24414062
v 0.11523438 0.34570312 0.24804688
v 0.11523438 0.34570312 0.25976562
v 0.11523438 0.34960938 0.27148438
v 0.11914062 -0.44726562 -0.17773438
v 0.11914062 -0.44726562 -0.16601562
v 0.11914062 -0.44335938 -0.19726562
v 0.11914062 -0.43554688 -0.14648438
v 0.11914062 -0.42773438 0.18945312
v 0.11914062 -0.42382812 -0.15039062
v 0.11914062 -0.42382812 0.15429688
v 0.11914062 -0.41210938 0.15039062
v 0.11914062 -0.40820312 -0.15429688
v 0.11914062 -0.40039062 -0.22460938
v 0.11914062 -0.40039062 0.14257812
v 0.11914062 -0.38867188 -0.22460938
v 0.11914062 -0.38867188 -0.14257812
v 0.11914062 -0.34179688 0.18164062
v 0.11914062 -0.32617188 -0.18945312
v 0.11914062 -0.32617188 0.11914062
v 0.11914062 -0.32226562 -0.20117188
v 0.11914062 -0.22070312 0.13476562
v 0.11914062 -0.20117188 0.13085938
v 0.11914062 -0.17382812 -0.10742188
v 0.11914062 -0.16601562 -0.11914062
v 0.11914062 -0.14648438 0.10351562
v 0.11914062 -0.14648438 0.11914062
v 0.11914062 -0.14257812 -0.08398438
v 0.11914062 -0.14257812 0.13476562
v 0.11914062 -0.13476562 -0.13476562
v 0.11914062 -0.13085938 0.10351562
v 0.11914062 -0.13085938 0.11914062
v 0.11914062 -0.13085938 0.13476562
v 0.11914062 -0.13085938 0.14648438
v 0.11914062 -0.11523438 0.10742188
v 0.11914062 -0.11132812 0.15820312
v 0.11914062 -0.09570312 -0.13476562
v 0.11914062 -0.09570312 0.15429688
v 0.11914062 -0.08789062 0.15429688
v 0.11914062 -0.07617188 0.09570312
v 0.11914062 -0.07226562 0.15039062
v 0.11914062 -0.06835938 -0.08007812
v 0.11914062 -0.06445312 -0.09570312
v 0.11914062 -0.06445312 0.10351562
v 0.11914062 -0.06445312 0.14257812
v 0.11914062 -0.05664062 0.13476562
v 0.11914062 -0.05273438 0.09179688
v 0.11914062 -0.04492188 0.13085938
v 0.11914062 -0.02929688 0.00585938
v 0.11914062 -0.02539062 0.13867188
v 0.11914062 -0.02148438 0.13867188
v 0.11914062 -0.01367188 -0.01367188
v 0.11914062 0.00195312 0.18554688
v 0.11914062 0.00976562 -0.05664062
v 0.11914062 0.02148438 -0.06054688
v 0.11914062 0.04492188 -0.02539062
v 0.11914062 0.04492188 0.19335938
v 0.11914062 0.05273438 -0.01757812
v 0.11914062 0.06054688 -0.00976562
v 0.11914062 0.11914062 0.22070312
v 0.11914062 0.12304688 0.04101562
v 0.11914062 0.13085938 0.20117188
v 0.11914062 0.13476562 0.15429688
v 0.11914062 0.14257812 0.25585938
v 0.11914062 0.15039062 0.15429688
v 0.11914062 0.15039062 0.18164062
v 0.11914062 0.18164062 0.13867188
v 0.11914062 0.18164062 0.28710938
v 0.11914062 0.18945312 0.15039062
v 0.11914062 0.19335938 0.06054688
v 0.11914062 0.21679688 0.06445312
v 0.11914062 0.22070312 0.28710938
v 0.11914062 0.25195312 0.08007812
v 0.11914062 0.25195312 0.28320312
v 0.11914062 0.25976562 0.22460938
v 0.11914062 0.25976562 0.24023438
v 0.11914062 0.25976562 0.27539062
v 0.11914062 0.26757812 0.25585938
v 0.11914062 0.27148438 0.22460938
v 0.11914062 0.27539062 0.11132812
v 0.11914062 0.27929688 0.12304688
v 0.11914062 0.28320312 0.13476562
v 0.11914062 0.28710938 0.22460938
v 0.11914062 0.30273438 0.22460938
v 0.11914062 0.30664062 0.16992188
v 0.11914062 0.30664062 0.23632812
v 0.11914062 0.31445312 0.19335938
v 0.11914062 0.31835938 0.24414062
v 0.11914062 0.33007812 0.24804688
v 0.11914062 0.33398438 0.20117188
v 0.11914062 0.33789062 0.25976562
v 0.11914062 0.34570312 0.25976562
v 0.11914062 0.35351562 0.21289062
v 0.11914062 0.35351562 0.22851562
v 0.11914062 0.35351562 0.24023438
v 0.11914062 0.36523438 0.26367188
v 0.12304688 -0.44335938 -0.18164062
v 0.12304688 -0.43945312 -0.16601562
v 0.12304688 -0.43554688 -0.15820312
v 0.12304688 -0.43164062 0.17382812
v 0.12304688 -0.42773438 -0.20117188
v 0.12304688 -0.42382812 -0.16210938
v 0.12304688 -0.41601562 0.18945312
v 0.12304688 -0.40820312 -0.20507812
v 0.12304688 -0.40820312 -0.16601562
v 0.12304688 -0.38867188 0.15429688
v 0.12304688 -0.38476562 0.12695312
v 0.12304688 -0.38476562 0.17382812
v 0.12304688 -0.37695312 0.16992188
v 0.12304688 -0.36523438 0.19335938
v 0.12304688 -0.36132812 -0.21289062
v 0.12304688 -0.34960938 -0.16210938
v 0.12304688 -0.34960938 0.11914062
v 0.12304688 -0.34179688 -0.20117188
v 0.12304688 -0.32617188 -0.17773438
v 0.12304688 -0.32226562 0.13476562
v 0.12304688 -0.32226562 0.15429688
v 0.12304688 -0.13867188 -0.09960938
v 0.12304688 -0.13476562 -0.11523438
v 0.12304688 -0.11523438 0.11914062
v 0.12304688 -0.11523438 0.13476562
v 0.12304688 -0.11523438 0.14648438
v 0.12304688 -0.11132812 -0.08007812
v 0.12304688 -0.10742188 -0.09570312
v 0.12304688 -0.10351562 0.10742188
v 0.12304688 -0.10351562 0.11914062
v 0.12304688 -0.10351562 0.13085938
v 0.12304688 -0.09960938 -0.11523438
v 0.12304688 -0.09960938 0.14648438
v 0.12304688 -0.08789062 0.11914062
v 0.12304688 -0.08789062 0.13085938
v 0.12304688 -0.08789062 0.14257812
v 0.12304688 -0.08398438 0.10742188
v 0.12304688 -0.07226562 0.13476562
v 0.12304688 -0.07226562 0.14257812
v 0.12304688 -0.06835938 0.11914062
v 0.12304688 -0.05664062 0.05664062
v 0.12304688 -0.05664062 0.10742188
v 0.12304688 -0.03710938 0.01757812
v 0.12304688 -0.03320312 0.12695312
v 0.12304688 -0.02539062 0.16210938
v 0.12304688 -0.02148438 0.14257812
v 0.12304688 -0.00585938 -0.03710938
v 0.12304688 0.10742188 0.02148438
v 0.12304688 0.12695312 0.24023438
v 0.12304688 0.13476562 0.21289062
v 0.12304688 0.15039062 0.19335938
v 0.12304688 0.16601562 0.14648438
v 0.12304688 0.16992188 0.26757812
v 0.12304688 0.17382812 0.17773438
v 0.12304688 0.17773438 0.13867188
v 0.12304688 0.18945312 0.16210938
v 0.12304688 0.19726562 0.27929688
v 0.12304688 0.20117188 0.13085938
v 0.12304688 0.20507812 0.14257812
v 0.12304688 0.21679688 0.07617188
v 0.12304688 0.21679688 0.11914062
v 0.12304688 0.22070312 0.13476562
v 0.12304688 0.22851562 0.10742188
v 0.12304688 0.23242188 0.27539062
v 0.12304688 0.23632812 0.08007812
v 0.12304688 0.23632812 0.12695312
v 0.12304688 0.24414062 0.26757812
v 0.12304688 0.24804688 0.24414062
v 0.12304688 0.25195312 0.10351562
v 0.12304688 0.25585938 0.11914062
v 0.12304688 0.25585938 0.25976562
v 0.12304688 0.25976562 0.13085938
v 0.12304688 0.27929688 0.21289062
v 0.12304688 0.28710938 0.14648438
v 0.12304688 0.29101562 0.16210938
v 0.12304688 0.29492188 0.21289062
v 0.12304688 0.30273438 0.18164062
v 0.12304688 0.30273438 0.21679688
v 0.12304688 0.30664062 0.21679688
v 0.12304688 0.30664062 0.22460938
v 0.12304688 0.31054688 0.23632812
v 0.12304688 0.32617188 0.18945312
v 0.12304688 0.33007812 0.25585938
v 0.12304688 0.34179688 0.26367188
v 0.12304688 0.34570312 0.26367188
v 0.12304688 0.35742188 0.25585938
v 0.12304688 0.35742188 0.26367188
v 0.12304688 0.36132812 0.22851562
v 0.12304688 0.36523438 0.24023438
v 0.12304688 0.36523438 0.25195312
v 0.12695312 -0.42773438 -0.18945312
v 0.12695312 -0.42773438 -0.17382812
v 0.12695312 -0.41992188 0.16992188
v 0.12695312 -0.41210938 -0.19335938
v 0.12695312 -0.41210938 -0.17773438
v 0.12695312 -0.40820312 0.16601562
v 0.12695312 -0.40429688 0.18554688
v 0.12695312 -0.40039062 0.15820312
v 0.12695312 -0.39648438 -0.15429688
v 0.12695312 -0.39257812 0.17773438
v 0.12695312 -0.38085938 0.14648438
v 0.12695312 -0.37695312 0.12304688
v 0.12695312 -0.36914062 -0.16210938
v 0.12695312 -0.34960938 0.13867188
v 0.12695312 -0.34570312 -0.18945312
v 0.12695312 -0.34570312 -0.17382812
v 0.12695312 -0.34570312 0.16210938
v 0.12695312 -0.09179688 0.17773438
v 0.12695312 -0.06054688 0.07617188
v 0.12695312 -0.06054688 0.09570312
v 0.12695312 -0.05664062 0.11132812
v 0.12695312 -0.05664062 0.12304688
v 0.12695312 -0.05273438 0.12304688
v 0.12695312 -0.04882812 0.03320312
v 0.12695312 -0.04882812 0.12304688
v 0.12695312 -0.03710938 0.14648438
v 0.12695312 -0.02539062 0.13476562
v 0.12695312 -0.02539062 0.15820312
v 0.12695312 -0.02148438 0.14257812
v 0.12695312 -0.01367188 0.18164062
v 0.12695312 0.01757812 -0.07617188
v 0.12695312 0.02539062 0.19335938
v 0.12695312 0.07226562 0.06054688
v 0.12695312 0.07226562 0.18164062
v 0.12695312 0.07617188 0.04492188
v 0.12695312 0.09570312 -0.00976562
v 0.12695312 0.09570312 0.05273438
v 0.12695312 0.10351562 0.00585938
v 0.12695312 0.10351562 0.16601562
v 0.12695312 0.11523438 0.04492188
v 0.12695312 0.14257812 0.22851562
v 0.12695312 0.14648438 0.04492188
v 0.12695312 0.15429688 0.20898438
v 0.12695312 0.15429688 0.24804688
v 0.12695312 0.17382812 0.05273438
v 0.12695312 0.18554688 0.25976562
v 0.12695312 0.19335938 0.07226562
v 0.12695312 0.19335938 0.12304688
v 0.12695312 0.19335938 0.16992188
v 0.12695312 0.20898438 0.15429688
v 0.12695312 0.20898438 0.27148438
v 0.12695312 0.22460938 0.14648438
v 0.12695312 0.22460938 0.25976562
v 0.12695312 0.23632812 0.25195312
v 0.12695312 0.24023438 0.13867188
v 0.12695312 0.24414062 0.14648438
v 0.12695312 0.24804688 0.22070312
v 0.12695312 0.26367188 0.13867188
v 0.12695312 0.26757812 0.15039062
v 0.12695312 0.27539062 0.16210938
v 0.12695312 0.29101562 0.17382812
v 0.12695312 0.30273438 0.18164062
v 0.12695312 0.31054688 0.21679688
v 0.12695312 0.31054688 0.22851562
v 0.12695312 0.31445312 0.23632812
v 0.12695312 0.32226562 0.24804688
v 0.12695312 0.33398438 0.25585938
v 0.12695312 0.34570312 0.20117188
v 0.12695312 0.34960938 0.26757812
v 0.12695312 0.35742188 0.26757812
v 0.12695312 0.36523438 0.21289062
v 0.12695312 0.36523438 0.24414062
v 0.12695312 0.36523438 0.26367188
v 0.12695312 0.36914062 0.22460938
v 0.12695312 0.37304688 0.24023438
v 0.12695312 0.37304688 0.25195312
v 0.13085938 -0.40039062 -0.21289062
v 0.13085938 -0.38867188 -0.21289062
v 0.13085938 -0.38867188 -0.15429688
v 0.13085938 -0.37304688 0.14257812
v 0.13085938 -0.36914062 0.16992188
v 0.13085938 -0.36523438 -0.20117188
v 0.13085938 -0.36523438 -0.17382812
v 0.13085938 -0.11132812 0.16601562
v 0.13085938 -0.07226562 0.18554688
v 0.13085938 -0.06835938 0.11523438
v 0.13085938 -0.06445312 0.12304688
v 0.13085938 -0.05664062 0.04492188
v 0.13085938 -0.04101562 0.16601562
v 0.13085938 -0.03320312 0.12695312
v 0.13085938 -0.02539062 0.15429688
v 0.13085938 -0.02148438 0.15820312
v 0.13085938 -0.02148438 0.17773438
v 0.13085938 0.00195312 -0.05664062
v 0.13085938 0.00195312 -0.00585938
v 0.13085938 0.00585938 0.19335938
v 0.13085938 0.01367188 -0.07617188
v 0.13085938 0.01757812 -0.02148438
v 0.13085938 0.02539062 -0.07617188
v 0.13085938 0.04882812 -0.04101562
v 0.13085938 0.04882812 0.19335938
v 0.13085938 0.06054688 0.18554688
v 0.13085938 0.06445312 -0.02929688
v 0.13085938 0.06445312 0.04882812
v 0.13085938 0.08398438 -0.02148438
v 0.13085938 0.09960938 0.04492188
v 0.13085938 0.11914062 0.01367188
v 0.13085938 0.15039062 0.15429688
v 0.13085938 0.16210938 0.22460938
v 0.13085938 0.17382812 0.18945312
v 0.13085938 0.17382812 0.24023438
v 0.13085938 0.17773438 0.20117188
v 0.13085938 0.18554688 0.12695312
v 0.13085938 0.19335938 0.18164062
v 0.13085938 0.19726562 0.25195312
v 0.13085938 0.20507812 0.10742188
v 0.13085938 0.20898438 0.16210938
v 0.13085938 0.21289062 0.09179688
v 0.13085938 0.21679688 0.24414062
v 0.13085938 0.22851562 0.15429688
v 0.13085938 0.23242188 0.23242188
v 0.13085938 0.24023438 0.21289062
v 0.13085938 0.25195312 0.15429688
v 0.13085938 0.25585938 0.16601562
v 0.13085938 0.26757812 0.21679688
v 0.13085938 0.27539062 0.17382812
v 0.13085938 0.29492188 0.17773438
v 0.13085938 0.29882812 0.20898438
v 0.13085938 0.30664062 0.21289062
v 0.13085938 0.31445312 0.18164062
v 0.13085938 0.33007812 0.24804688
v 0.13085938 0.33789062 0.18945312
v 0.13085938 0.34179688 0.25585938
v 0.13085938 0.34570312 0.26367188
v 0.13085938 0.35742188 0.19726562
v 0.13085938 0.36523438 0.26757812
v 0.13085938 0.37304688 0.26367188
v 0.13085938 0.37695312 0.25976562
v 0.13085938 0.38085938 0.22460938
v 0.13085938 0.38085938 0.23632812
v 0.13085938 0.38085938 0.24804688
v 0.13476562 -0.40039062 -0.19726562
v 0.13476562 -0.40039062 -0.16601562
v 0.13476562 -0.38867188 -0.20117188
v 0.13476562 -0.38867188 -0.16992188
v 0.13476562 -0.36523438 -0.18945312
v 0.13476562 -0.10351562 0.09960938
v 0.13476562 -0.09570312 0.11132812
v 0.13476562 -0.09179688 0.16992188
v 0.13476562 -0.08789062 0.12304688
v 0.13476562 -0.08398438 0.08789062
v 0.13476562 -0.08398438 0.15820312
v 0.13476562 -0.08007812 0.15820312
v 0.13476562 -0.07617188 0.09960938
v 0.13476562 -0.07617188 0.19335938
v 0.13476562 -0.07226562 0.18164062
v 0.13476562 -0.06835938 0.06054688
v 0.13476562 -0.06835938 0.15039062
v 0.13476562 -0.06054688 0.12695312
v 0.13476562 -0.06054688 0.15429688
v 0.13476562 -0.06054688 0.19726562
v 0.13476562 -0.05664062 0.14257812
v 0.13476562 -0.05664062 0.15429688
v 0.13476562 -0.05664062 0.18945312
v 0.13476562 -0.05273438 0.02539062
v 0.13476562 -0.05273438 0.14257812
v 0.13476562 -0.05273438 0.15429688
v 0.13476562 -0.04882812 0.12695312
v 0.13476562 -0.04882812 0.19335938
v 0.13476562 -0.04101562 0.16601562
v 0.13476562 -0.02539062 0.17382812
v 0.13476562 -0.02148438 -0.01757812
v 0.13476562 -0.02148438 0.13867188
v 0.13476562 -0.02148438 0.15429688
v 0.13476562 -0.00976562 -0.03710938
v 0.13476562 0.00195312 -0.05273438
v 0.13476562 0.08007812 0.03710938
v 0.13476562 0.11914062 0.05273438
v 0.13476562 0.12695312 0.02929688
v 0.13476562 0.13476562 0.15039062
v 0.13476562 0.14648438 0.05664062
v 0.13476562 0.17382812 0.06445312
v 0.13476562 0.17773438 0.14257812
v 0.13476562 0.18164062 0.21679688
v 0.13476562 0.18945312 0.23632812
v 0.13476562 0.19726562 0.11523438
v 0.13476562 0.19726562 0.19726562
v 0.13476562 0.20898438 0.22851562
v 0.13476562 0.21289062 0.17773438
v 0.13476562 0.21679688 0.18945312
v 0.13476562 0.22070312 0.20507812
v 0.13476562 0.22851562 0.22070312
v 0.13476562 0.23242188 0.16601562
v 0.13476562 0.23632812 0.19726562
v 0.13476562 0.24023438 0.17773438
v 0.13476562 0.26367188 0.17773438
v 0.13476562 0.28320312 0.17382812
v 0.13476562 0.28710938 0.20898438
v 0.13476562 0.31835938 0.22070312
v 0.13476562 0.32226562 0.22851562
v 0.13476562 0.32617188 0.23632812
v 0.13476562 0.33789062 0.24804688
v 0.13476562 0.34960938 0.26367188
v 0.13476562 0.35351562 0.26757812
v 0.13476562 0.35742188 0.26757812
v 0.13476562 0.36914062 0.26757812
v 0.13476562 0.37695312 0.21289062
v 0.13476562 0.37695312 0.26757812
v 0.13476562 0.38476562 0.25976562
v 0.13476562 0.38867188 0.23632812
v 0.13476562 0.38867188 0.24804688
v 0.13867188 -0.40039062 -0.18164062
v 0.13867188 -0.39257812 -0.18554688
v 0.13867188 -0.12695312 0.13085938
v 0.13867188 -0.12695312 0.15429688
v 0.13867188 -0.12304688 0.11132812
v 0.13867188 -0.11914062 0.14257812
v 0.13867188 -0.11523438 0.11914062
v 0.13867188 -0.11132812 0.09179688
v 0.13867188 -0.11132812 0.15820312
v 0.13867188 -0.10742188 0.13085938
v 0.13867188 -0.09960938 0.18945312
v 0.13867188 -0.08789062 0.07617188
v 0.13867188 -0.08789062 0.16210938
v 0.13867188 -0.08398438 0.13085938
v 0.13867188 -0.07617188 0.05664062
v 0.13867188 -0.07617188 0.16992188
v 0.13867188 -0.07226562 0.16992188
v 0.13867188 -0.06835938 0.16992188
v 0.13867188 -0.06445312 0.04101562
v 0.13867188 -0.06054688 0.13085938
v 0.13867188 -0.06054688 0.17382812
v 0.13867188 -0.05664062 0.14257812
v 0.13867188 -0.05664062 0.18554688
v 0.13867188 -0.05664062 0.19726562
v 0.13867188 -0.04492188 0.13085938
v 0.13867188 -0.04492188 0.19726562
v 0.13867188 -0.04101562 0.00976562
v 0.13867188 -0.03320312 -0.00195312
v 0.13867188 -0.03320312 0.13476562
v 0.13867188 -0.02929688 0.13085938
v 0.13867188 -0.02539062 0.16601562
v 0.13867188 -0.02539062 0.16992188
v 0.13867188 -0.02148438 0.15429688
v 0.13867188 -0.01757812 0.15429688
v 0.13867188 -0.01367188 -0.01367188
v 0.13867188 -0.00976562 0.18945312
v 0.13867188 -0.00585938 -0.03320312
v 0.13867188 0.00585938 -0.05273438
v 0.13867188 0.01367188 0.00195312
v 0.13867188 0.02929688 -0.00976562
v 0.13867188 0.03320312 0.19726562
v 0.13867188 0.03710938 -0.03320312
v 0.13867188 0.06054688 0.04492188
v 0.13867188 0.06054688 0.06445312
v 0.13867188 0.07617188 0.07226562
v 0.13867188 0.07617188 0.17382812
v 0.13867188 0.09570312 0.06835938
v 0.13867188 0.12304688 0.03320312
v 0.13867188 0.19335938 0.08007812
v 0.13867188 0.20117188 0.20898438
v 0.13867188 0.20898438 0.09960938
v 0.13867188 0.25195312 0.18554688
v 0.13867188 0.25585938 0.21679688
v 0.13867188 0.27539062 0.20898438
v 0.13867188 0.30664062 0.17382812
v 0.13867188 0.31445312 0.21289062
v 0.13867188 0.32617188 0.17773438
v 0.13867188 0.33398438 0.22460938
v 0.13867188 0.33789062 0.23632812
v 0.13867188 0.34570312 0.24414062
v 0.13867188 0.34960938 0.18554688
v 0.13867188 0.34960938 0.25585938
v 0.13867188 0.36132812 0.26367188
v 0.13867188 0.36523438 0.27148438
v 0.13867188 0.36914062 0.19726562
v 0.13867188 0.36914062 0.27148438
v 0.13867188 0.38476562 0.26367188
v 0.13867188 0.38867188 0.22460938
v 0.14257812 -0.14257812 0.13476562
v 0.14257812 -0.13867188 0.11914062
v 0.14257812 -0.13476562 0.14648438
v 0.14257812 -0.13085938 0.10351562
v 0.14257812 -0.11914062 0.17773438
v 0.14257812 -0.11132812 0.14648438
v 0.14257812 -0.09960938 0.13867188
v 0.14257812 -0.09960938 0.16210938
v 0.14257812 -0.09179688 0.07226562
v 0.14257812 -0.08789062 0.16992188
v 0.14257812 -0.08398438 0.14648438
v 0.14257812 -0.08007812 0.14648438
v 0.14257812 -0.07617188 0.13476562
v 0.14257812 -0.07617188 0.14648438
v 0.14257812 -0.06445312 0.14257812
v 0.14257812 -0.06445312 0.20117188
v 0.14257812 -0.06054688 0.17382812
v 0.14257812 -0.04882812 0.02539062
v 0.14257812 -0.04882812 0.20117188
v 0.14257812 -0.04492188 0.18945312
v 0.14257812 -0.03710938 0.00976562
v 0.14257812 -0.02539062 0.16601562
v 0.14257812 -0.02148438 0.00195312
v 0.14257812 -0.02148438 0.13085938
v 0.14257812 -0.02148438 0.14257812
v 0.14257812 -0.02148438 0.14648438
v 0.14257812 -0.02148438 0.16601562
v 0.14257812 -0.01367188 0.00585938
v 0.14257812 0.01367188 -0.07226562
v 0.14257812 0.01367188 -0.06835938
v 0.14257812 0.01757812 -0.06445312
v 0.14257812 0.03320312 -0.09570312
v 0.14257812 0.03710938 -0.09179688
v 0.14257812 0.08398438 -0.04882812
v 0.14257812 0.09960938 -0.04101562
v 0.14257812 0.10742188 0.03710938
v 0.14257812 0.10742188 0.16210938
v 0.14257812 0.11132812 -0.02539062
v 0.14257812 0.11914062 -0.00976562
v 0.14257812 0.11914062 0.06445312
v 0.14257812 0.17382812 0.07226562
v 0.14257812 0.24804688 0.20898438
v 0.14257812 0.26367188 0.18164062
v 0.14257812 0.27539062 0.17773438
v 0.14257812 0.29492188 0.17382812
v 0.14257812 0.30664062 0.20507812
v 0.14257812 0.32617188 0.21679688
v 0.14257812 0.33789062 0.17773438
v 0.14257812 0.34179688 0.22460938
v 0.14257812 0.34570312 0.23632812
v 0.14257812 0.35742188 0.24414062
v 0.14257812 0.35742188 0.25585938
v 0.14257812 0.35742188 0.25976562
v 0.14257812 0.36132812 0.18554688
v 0.14257812 0.36523438 0.26757812
v 0.14257812 0.37304688 0.27148438
v 0.14257812 0.38476562 0.20898438
v 0.14257812 0.39257812 0.25585938
v 0.14257812 0.39648438 0.23632812
v 0.14257812 0.39648438 0.24804688
v 0.14648438 -0.15039062 0.12695312
v 0.14648438 -0.14648438 0.10742188
v 0.14648438 -0.14257812 0.11523438
v 0.14648438 -0.13476562 0.09960938
v 0.14648438 -0.13085938 0.16601562
v 0.14648438 -0.11523438 0.08789062
v 0.14648438 -0.10351562 0.15429688
v 0.14648438 -0.09570312 0.14257812
v 0.14648438 -0.09570312 0.16210938
v 0.14648438 -0.09570312 0.19335938
v 0.14648438 -0.09179688 0.07226562
v 0.14648438 -0.09179688 0.16210938
v 0.14648438 -0.08789062 0.07226562
v 0.14648438 -0.08398438 0.17382812
v 0.14648438 -0.07617188 0.17773438
v 0.14648438 -0.07617188 0.19726562
v 0.14648438 -0.07226562 0.17773438
v 0.14648438 -0.06835938 0.05273438
v 0.14648438 -0.06835938 0.05664062
v 0.14648438 -0.06054688 0.03710938
v 0.14648438 -0.06054688 0.13085938
v 0.14648438 -0.06054688 0.20117188
v 0.14648438 -0.05664062 0.18945312
v 0.14648438 -0.04492188 0.13476562
v 0.14648438 -0.04101562 0.02929688
v 0.14648438 -0.04101562 0.17773438
v 0.14648438 -0.04101562 0.18164062
v 0.14648438 -0.03710938 0.19726562
v 0.14648438 -0.03710938 0.20117188
v 0.14648438 -0.03320312 0.13867188
v 0.14648438 -0.02929688 0.01367188
v 0.14648438 -0.02539062 0.01757812
v 0.14648438 -0.02539062 0.17773438
v 0.14648438 -0.02539062 0.18164062
v 0.14648438 -0.02148438 0.18554688
v 0.14648438 -0.01757812 0.16601562
v 0.14648438 -0.00585938 0.00976562
v 0.14648438 0.01367188 0.20117188
v 0.14648438 0.02148438 -0.09570312
v 0.14648438 0.03320312 -0.00195312
v 0.14648438 0.03320312 0.00976562
v 0.14648438 0.04882812 -0.02148438
v 0.14648438 0.04882812 0.18945312
v 0.14648438 0.05664062 0.00195312
v 0.14648438 0.06054688 -0.06054688
v 0.14648438 0.06054688 0.18164062
v 0.14648438 0.06445312 0.03320312
v 0.14648438 0.09179688 0.03320312
v 0.14648438 0.13085938 0.00195312
v 0.14648438 0.14648438 0.06835938
v 0.14648438 0.15039062 0.14648438
v 0.14648438 0.19335938 0.08789062
v 0.14648438 0.24414062 0.20117188
v 0.14648438 0.25195312 0.18945312
v 0.14648438 0.29882812 0.20507812
v 0.14648438 0.31835938 0.17382812
v 0.14648438 0.32226562 0.20898438
v 0.14648438 0.33789062 0.21679688
v 0.14648438 0.35351562 0.23632812
v 0.14648438 0.36523438 0.25976562
v 0.14648438 0.36914062 0.26757812
v 0.14648438 0.37304688 0.26757812
v 0.14648438 0.38085938 0.19726562
v 0.14648438 0.38085938 0.26757812
v 0.14648438 0.38867188 0.26367188
v 0.14648438 0.39648438 0.22460938
v 0.15039062 -0.15429688 0.11523438
v 0.15039062 -0.14648438 0.10351562
v 0.15039062 -0.13476562 0.09960938
v 0.15039062 -0.11523438 0.08789062
v 0.15039062 -0.09570312 0.16992188
v 0.15039062 -0.09179688 0.06835938
v 0.15039062 -0.09179688 0.16210938
v 0.15039062 -0.09179688 0.16992188
v 0.15039062 -0.07617188 0.13476562
v 0.15039062 -0.06054688 0.18164062
v 0.15039062 -0.05273438 0.04101562
v 0.15039062 -0.05273438 0.20117188
v 0.15039062 -0.04882812 0.13085938
v 0.15039062 -0.04882812 0.18945312
v 0.15039062 -0.04101562 0.02929688
v 0.15039062 -0.04101562 0.20117188
v 0.15039062 -0.02148438 0.15820312
v 0.15039062 -0.02148438 0.17382812
v 0.15039062 -0.01757812 0.15820312
v 0.15039062 -0.00585938 0.00976562
v 0.15039062 -0.00195312 0.19726562
v 0.15039062 0.01367188 0.00585938
v 0.15039062 0.02929688 0.19726562
v 0.15039062 0.03710938 0.19335938
v 0.15039062 0.05664062 -0.05273438
v 0.15039062 0.05664062 -0.00976562
v 0.15039062 0.05664062 0.01367188
v 0.15039062 0.06054688 0.02539062
v 0.15039062 0.06054688 0.08398438
v 0.15039062 0.07617188 0.08398438
v 0.15039062 0.09179688 0.08007812
v 0.15039062 0.13085938 0.15039062
v 0.15039062 0.13867188 0.01757812
v 0.15039062 0.17382812 0.08007812
v 0.15039062 0.18554688 0.13085938
v 0.15039062 0.20507812 0.11523438
v 0.15039062 0.21289062 0.09960938
v 0.15039062 0.26367188 0.20898438
v 0.15039062 0.27929688 0.17382812
v 0.15039062 0.28710938 0.20507812
v 0.15039062 0.31835938 0.20117188
v 0.15039062 0.34960938 0.17773438
v 0.15039062 0.35351562 0.22460938
v 0.15039062 0.36523438 0.24414062
v 0.15039062 0.36523438 0.25195312
v 0.15039062 0.36914062 0.18554688
v 0.15039062 0.36914062 0.26367188
v 0.15039062 0.37304688 0.26367188
v 0.15039062 0.37695312 0.26757812
v 0.15039062 0.38476562 0.26367188
v 0.15039062 0.39257812 0.21289062
v 0.15039062 0.39257812 0.25976562
v 0.15039062 0.40039062 0.23632812
v 0.15039062 0.40039062 0.24414062
v 0.15039062 0.40039062 0.25195312
v 0.15429688 -0.15429688 0.10351562
v 0.15429688 -0.14648438 0.09960938
v 0.15429688 -0.14648438 0.14257812
v 0.15429688 -0.13867188 0.09570312
v 0.15429688 -0.13476562 0.15429688
v 0.15429688 -0.11523438 0.08789062
v 0.15429688 -0.11523438 0.18554688
v 0.15429688 -0.09570312 0.15429688
v 0.15429688 -0.09570312 0.16210938
v 0.15429688 -0.08789062 0.15039062
v 0.15429688 -0.08789062 0.17773438
v 0.15429688 -0.07617188 0.14257812
v 0.15429688 -0.07617188 0.20117188
v 0.15429688 -0.07226562 0.18164062
v 0.15429688 -0.06835938 0.05273438
v 0.15429688 -0.06445312 0.05664062
v 0.15429688 -0.06445312 0.20117188
v 0.15429688 -0.06054688 0.20117188
v 0.15429688 -0.05664062 0.18945312
v 0.15429688 -0.05273438 0.04101562
v 0.15429688 -0.05273438 0.19726562
v 0.15429688 -0.04492188 0.19726562
v 0.15429688 -0.04492188 0.20117188
v 0.15429688 -0.03710938 0.19335938
v 0.15429688 -0.02929688 0.20507812
v 0.15429688 -0.02539062 0.12304688
v 0.15429688 -0.02539062 0.13867188
v 0.15429688 -0.02539062 0.18164062
v 0.15429688 -0.02539062 0.18945312
v 0.15429688 -0.02539062 0.20117188
v 0.15429688 -0.02148438 0.01757812
v 0.15429688 -0.02148438 0.12304688
v 0.15429688 -0.01757812 0.12304688
v 0.15429688 -0.01757812 0.15429688
v 0.15429688 -0.01757812 0.16992188
v 0.15429688 -0.01367188 0.19335938
v 0.15429688 0.01367188 0.01367188
v 0.15429688 0.02539062 0.19726562
v 0.15429688 0.03710938 0.02148438
v 0.15429688 0.04882812 0.18164062
v 0.15429688 0.05273438 0.07226562
v 0.15429688 0.06054688 0.17382812
v 0.15429688 0.08398438 -0.07617188
v 0.15429688 0.08398438 0.01757812
v 0.15429688 0.08398438 0.16601562
v 0.15429688 0.10351562 -0.06835938
v 0.15429688 0.11523438 0.07617188
v 0.15429688 0.11914062 -0.06054688
v 0.15429688 0.13476562 0.02148438
v 0.15429688 0.19726562 0.09570312
v 0.15429688 0.26757812 0.18164062
v 0.15429688 0.30273438 0.16992188
v 0.15429688 0.32617188 0.17382812
v 0.15429688 0.33398438 0.20898438
v 0.15429688 0.35351562 0.21679688
v 0.15429688 0.36132812 0.22851562
v 0.15429688 0.36523438 0.23632812
v 0.15429688 0.37304688 0.25195312
v 0.15429688 0.37304688 0.25585938
v 0.15429688 0.38085938 0.25976562
v 0.15429688 0.38085938 0.26367188
v 0.15429688 0.38476562 0.20117188
v 0.15429688 0.38476562 0.25976562
v 0.15429688 0.38867188 0.26367188
v 0.15429688 0.39257812 0.25976562
v 0.15429688 0.39648438 0.21289062
v 0.15429688 0.39648438 0.25585938
v 0.15429688 0.40039062 0.22460938
v 0.15429688 0.40039062 0.24804688
v 0.15429688 0.40429688 0.24414062
v 0.15820312 -0.15820312 0.12304688
v 0.15820312 -0.15429688 0.13476562
v 0.15820312 -0.12695312 0.17382812
v 0.15820312 -0.09570312 0.14257812
v 0.15820312 -0.09570312 0.16210938
v 0.15820312 -0.09570312 0.19726562
v 0.15820312 -0.08398438 0.18164062
v 0.15820312 -0.08007812 0.14648438
v 0.15820312 -0.07617188 0.14257812
v 0.15820312 -0.06054688 0.13085938
v 0.15820312 -0.06054688 0.13476562
v 0.15820312 -0.05664062 0.03710938
v 0.15820312 -0.04492188 0.13476562
v 0.15820312 -0.04492188 0.18945312
v 0.15820312 -0.03710938 0.20117188
v 0.15820312 -0.03320312 0.20507812
v 0.15820312 -0.02929688 0.14257812
v 0.15820312 -0.02929688 0.17382812
v 0.15820312 -0.02539062 0.17773438
v 0.15820312 -0.02539062 0.19726562
v 0.15820312 -0.02148438 0.15429688
v 0.15820312 -0.02148438 0.15820312
v 0.15820312 -0.01757812 0.16601562
v 0.15820312 0.01757812 0.19726562
v 0.15820312 0.02148438 -0.09179688
v 0.15820312 0.02148438 -0.08789062
v 0.15820312 0.03320312 0.19335938
v 0.15820312 0.03710938 0.03320312
v 0.15820312 0.04101562 0.04101562
v 0.15820312 0.04492188 0.05664062
v 0.15820312 0.06835938 -0.03710938
v 0.15820312 0.07617188 -0.02148438
v 0.15820312 0.07617188 -0.00585938
v 0.15820312 0.07617188 0.08789062
v 0.15820312 0.08007812 0.00585938
v 0.15820312 0.10742188 0.15820312
v 0.15820312 0.13085938 -0.04492188
v 0.15820312 0.14257812 0.07617188
v 0.15820312 0.19726562 0.09960938
v 0.15820312 0.20507812 0.10742188
v 0.15820312 0.24804688 0.20117188
v 0.15820312 0.25195312 0.18945312
v 0.15820312 0.25195312 0.20898438
v 0.15820312 0.31054688 0.19726562
v 0.15820312 0.33789062 0.17773438
v 0.15820312 0.34960938 0.20898438
v 0.15820312 0.36132812 0.18164062
v 0.15820312 0.36132812 0.22070312
v 0.15820312 0.36914062 0.22851562
v 0.15820312 0.37304688 0.23632812
v 0.15820312 0.37304688 0.24414062
v 0.15820312 0.37695312 0.19335938
v 0.15820312 0.38085938 0.25195312
v 0.15820312 0.38476562 0.25585938
v 0.15820312 0.38867188 0.25585938
v 0.15820312 0.39257812 0.20507812
v 0.15820312 0.39648438 0.25195312
v 0.15820312 0.40039062 0.24804688
v 0.15820312 0.40429688 0.22460938
v 0.15820312 0.40429688 0.23242188
v 0.15820312 0.40429688 0.24414062
v 0.16210938 -0.15039062 0.09960938
v 0.16210938 -0.13867188 0.09570312
v 0.16210938 -0.13085938 0.16210938
v 0.16210938 -0.11132812 0.18945312
v 0.16210938 -0.09570312 0.16601562
v 0.16210938 -0.09179688 0.15039062
v 0.16210938 -0.09179688 0.15429688
v 0.16210938 -0.08789062 0.15429688
v 0.16210938 -0.08398438 0.18164062
v 0.16210938 -0.08007812 0.14648438
v 0.16210938 -0.07617188 0.13476562
v 0.16210938 -0.07617188 0.14648438
v 0.16210938 -0.06054688 0.18554688
v 0.16210938 -0.06054688 0.18945312
v 0.16210938 -0.04882812 0.18164062
v 0.16210938 -0.04882812 0.18554688
v 0.16210938 -0.04101562 0.02929688
v 0.16210938 -0.04101562 0.19726562
v 0.16210938 -0.03710938 0.18945312
v 0.16210938 -0.03320312 0.18164062
v 0.16210938 -0.03320312 0.18554688
v 0.16210938 -0.02539062 0.19335938
v 0.16210938 -0.02539062 0.20898438
v 0.16210938 -0.02148438 0.17382812
v 0.16210938 -0.02148438 0.19335938
v 0.16210938 -0.02148438 0.20117188
v 0.16210938 -0.02148438 0.20507812
v 0.16210938 -0.01757812 0.16210938
v 0.16210938 -0.01757812 0.16992188
v 0.16210938 -0.00976562 0.19335938
v 0.16210938 -0.00585938 0.01367188
v 0.16210938 0.00195312 0.19726562
v 0.16210938 0.01367188 0.02539062
v 0.16210938 0.01757812 0.19726562
v 0.16210938 0.02539062 0.19335938
v 0.16210938 0.02929688 -0.08398438
v 0.16210938 0.03320312 0.10351562
v 0.16210938 0.03710938 0.11914062
v 0.16210938 0.03710938 0.17382812
v 0.16210938 0.03710938 0.18945312
v 0.16210938 0.04101562 0.13476562
v 0.16210938 0.04101562 0.14648438
v 0.16210938 0.04101562 0.15820312
v 0.16210938 0.04492188 -0.11523438
v 0.16210938 0.05273438 -0.11132812
v 0.16210938 0.05273438 0.09960938
v 0.16210938 0.05664062 0.14648438
v 0.16210938 0.06054688 0.16601562
v 0.16210938 0.06445312 0.09570312
v 0.16210938 0.09570312 0.08789062
v 0.16210938 0.11523438 0.08398438
v 0.16210938 0.12695312 0.02539062
v 0.16210938 0.14257812 -0.02929688
v 0.16210938 0.15820312 0.13867188
v 0.16210938 0.17382812 0.08789062
v 0.16210938 0.18164062 0.12304688
v 0.16210938 0.27539062 0.20507812
v 0.16210938 0.29101562 0.17382812
v 0.16210938 0.31445312 0.16992188
v 0.16210938 0.33007812 0.20117188
v 0.16210938 0.37304688 0.22460938
v 0.16210938 0.37695312 0.23632812
v 0.16210938 0.38085938 0.24023438
v 0.16210938 0.38085938 0.24804688
v 0.16210938 0.38476562 0.25195312
v 0.16210938 0.38867188 0.25195312
v 0.16210938 0.39257812 0.25195312
v 0.16210938 0.39648438 0.24804688
v 0.16210938 0.40039062 0.21679688
v 0.16210938 0.40429688 0.23632812
v 0.16601562 -0.13867188 0.15039062
v 0.16601562 -0.11914062 0.08789062
v 0.16601562 -0.11914062 0.17773438
v 0.16601562 -0.10351562 0.18554688
v 0.16601562 -0.09960938 0.15429688
v 0.16601562 -0.09179688 0.06445312
v 0.16601562 -0.09179688 0.16601562
v 0.16601562 -0.09179688 0.16992188
v 0.16601562 -0.09179688 0.19726562
v 0.16601562 -0.08789062 0.15820312
v 0.16601562 -0.08789062 0.17382812
v 0.16601562 -0.08007812 0.14648438
v 0.16601562 -0.07617188 0.18164062
v 0.16601562 -0.07617188 0.20117188
v 0.16601562 -0.06445312 0.20507812
v 0.16601562 -0.06054688 0.13476562
v 0.16601562 -0.06054688 0.20117188
v 0.16601562 -0.05273438 0.19335938
v 0.16601562 -0.04882812 0.18554688
v 0.16601562 -0.04101562 0.18554688
v 0.16601562 -0.03710938 0.18945312
v 0.16601562 -0.03320312 0.20117188
v 0.16601562 -0.02929688 0.17773438
v 0.16601562 -0.02929688 0.18945312
v 0.16601562 -0.02929688 0.19726562
v 0.16601562 -0.02929688 0.20898438
v 0.16601562 -0.02539062 0.12695312
v 0.16601562 -0.02539062 0.13867188
v 0.16601562 -0.02539062 0.14648438
v 0.16601562 -0.02539062 0.20117188
v 0.16601562 -0.02148438 0.02148438
v 0.16601562 -0.02148438 0.13085938
v 0.16601562 -0.02148438 0.14648438
v 0.16601562 -0.02148438 0.15039062
v 0.16601562 -0.02148438 0.15820312
v 0.16601562 -0.02148438 0.16601562
v 0.16601562 -0.02148438 0.20117188
v 0.16601562 -0.01757812 0.19335938
v 0.16601562 0.01367188 0.11132812
v 0.16601562 0.01757812 0.12304688
v 0.16601562 0.01757812 0.19335938
v 0.16601562 0.02539062 0.06054688
v 0.16601562 0.02929688 0.08007812
v 0.16601562 0.03320312 0.18945312
v 0.16601562 0.03710938 -0.11523438
v 0.16601562 0.05664062 0.11523438
v 0.16601562 0.06445312 0.13085938
v 0.16601562 0.06835938 0.11132812
v 0.16601562 0.07617188 0.14648438
v 0.16601562 0.08398438 0.09570312
v 0.16601562 0.08398438 0.15820312
v 0.16601562 0.12304688 0.01757812
v 0.16601562 0.13476562 0.14648438
v 0.16601562 0.14257812 0.08398438
v 0.16601562 0.15039062 -0.01367188
v 0.16601562 0.27539062 0.17773438
v 0.16601562 0.29882812 0.19726562
v 0.16601562 0.34570312 0.20507812
v 0.16601562 0.36132812 0.21289062
v 0.16601562 0.36914062 0.18554688
v 0.16601562 0.37695312 0.22851562
v 0.16601562 0.38476562 0.19726562
v 0.16601562 0.38476562 0.24023438
v 0.16601562 0.38476562 0.24414062
v 0.16601562 0.38867188 0.24414062
v 0.16601562 0.39257812 0.20898438
v 0.16601562 0.39257812 0.24804688
v 0.16601562 0.40039062 0.22070312
v 0.16601562 0.40039062 0.24414062
v 0.16601562 0.40429688 0.22851562
v 0.16601562 0.40429688 0.24023438
v 0.16992188 -0.15820312 0.10742188
v 0.16992188 -0.15039062 0.10351562
v 0.16992188 -0.14648438 0.13867188
v 0.16992188 -0.13867188 0.09570312
v 0.16992188 -0.09179688 0.14257812
v 0.16992188 -0.09179688 0.15820312
v 0.16992188 -0.08398438 0.17382812
v 0.16992188 -0.07617188 0.13085938
v 0.16992188 -0.07617188 0.15429688
v 0.16992188 -0.06835938 0.04882812
v 0.16992188 -0.05664062 0.03710938
v 0.16992188 -0.05664062 0.12304688
v 0.16992188 -0.05273438 0.19335938
v 0.16992188 -0.04492188 0.12695312
v 0.16992188 -0.04101562 0.02929688
v 0.16992188 -0.04101562 0.13085938
v 0.16992188 -0.04101562 0.17773438
v 0.16992188 -0.03710938 0.18945312
v 0.16992188 -0.02929688 0.20117188
v 0.16992188 -0.02929688 0.20507812
v 0.16992188 -0.02539062 0.16210938
v 0.16992188 -0.02539062 0.16992188
v 0.16992188 -0.02539062 0.18945312
v 0.16992188 -0.02539062 0.20898438
v 0.16992188 -0.02148438 0.11523438
v 0.16992188 -0.02148438 0.15039062
v 0.16992188 -0.02148438 0.20507812
v 0.16992188 -0.01367188 0.18945312
v 0.16992188 -0.00195312 0.02539062
v 0.16992188 -0.00195312 0.11523438
v 0.16992188 0.00195312 0.19335938
v 0.16992188 0.01367188 0.08789062
v 0.16992188 0.01367188 0.19335938
v 0.16992188 0.01757812 0.03320312
v 0.16992188 0.02148438 0.18945312
v 0.16992188 0.02539062 0.04492188
v 0.16992188 0.02539062 0.13476562
v 0.16992188 0.02929688 0.14648438
v 0.16992188 0.02929688 0.18554688
v 0.16992188 0.03320312 0.16210938
v 0.16992188 0.03320312 0.18164062
v 0.16992188 0.07226562 -0.07226562
v 0.16992188 0.07617188 0.10351562
v 0.16992188 0.08007812 0.12304688
v 0.16992188 0.09570312 0.09570312
v 0.16992188 0.10351562 -0.09570312
v 0.16992188 0.10742188 0.15039062
v 0.16992188 0.11132812 0.00585938
v 0.16992188 0.11523438 0.09570312
v 0.16992188 0.12304688 -0.08789062
v 0.16992188 0.15820312 0.00195312
v 0.16992188 0.17382812 0.09570312
v 0.16992188 0.17382812 0.10351562
v 0.16992188 0.17773438 0.11132812
v 0.16992188 0.26367188 0.20507812
v 0.16992188 0.30273438 0.17382812
v 0.16992188 0.32226562 0.19726562
v 0.16992188 0.33007812 0.17382812
v 0.16992188 0.34960938 0.17773438
v 0.16992188 0.36132812 0.20898438
v 0.16992188 0.37304688 0.22070312
v 0.16992188 0.37695312 0.18945312
v 0.16992188 0.38085938 0.23242188
v 0.16992188 0.38476562 0.23632812
v 0.16992188 0.38867188 0.20507812
v 0.16992188 0.38867188 0.23632812
v 0.16992188 0.38867188 0.24023438
v 0.16992188 0.39257812 0.24023438
v 0.16992188 0.39648438 0.21289062
v 0.16992188 0.40039062 0.22460938
v 0.16992188 0.40039062 0.23632812
v 0.16992188 0.40429688 0.23242188
v 0.17382812 -0.15039062 0.13085938
v 0.17382812 -0.12304688 0.16601562
v 0.17382812 -0.11914062 0.09179688
v 0.17382812 -0.11132812 0.17773438
v 0.17382812 -0.10351562 0.15429688
v 0.17382812 -0.09570312 0.16210938
v 0.17382812 -0.08789062 0.19335938
v 0.17382812 -0.08398438 0.16601562
v 0.17382812 -0.08398438 0.17382812
v 0.17382812 -0.07617188 0.15429688
v 0.17382812 -0.07617188 0.19726562
v 0.17382812 -0.07226562 0.17773438
v 0.17382812 -0.06835938 0.17773438
v 0.17382812 -0.06445312 0.20117188
v 0.17382812 -0.06054688 0.20117188
v 0.17382812 -0.05664062 0.14648438
v 0.17382812 -0.05664062 0.17773438
v 0.17382812 -0.05273438 0.17773438
v 0.17382812 -0.04101562 0.14257812
v 0.17382812 -0.04101562 0.17382812
v 0.17382812 -0.03710938 0.18945312
v 0.17382812 -0.03320312 0.11914062
v 0.17382812 -0.03320312 0.16601562
v 0.17382812 -0.02539062 0.13085938
v 0.17382812 -0.02539062 0.18554688
v 0.17382812 -0.02539062 0.20507812
v 0.17382812 -0.02148438 0.13476562
v 0.17382812 -0.02148438 0.13867188
v 0.17382812 -0.02148438 0.15039062
v 0.17382812 -0.00195312 0.09179688
v 0.17382812 0.00195312 0.18945312
v 0.17382812 0.01367188 0.19335938
v 0.17382812 0.03320312 -0.11132812
v 0.17382812 0.03320312 0.17382812
v 0.17382812 0.03320312 0.18164062
v 0.17382812 0.03710938 -0.10742188
v 0.17382812 0.06054688 -0.12304688
v 0.17382812 0.06835938 -0.12304688
v 0.17382812 0.09179688 0.11132812
v 0.17382812 0.09570312 -0.05664062
v 0.17382812 0.09570312 0.13476562
v 0.17382812 0.10351562 -0.04101562
v 0.17382812 0.10351562 -0.02148438
v 0.17382812 0.10742188 -0.00585938
v 0.17382812 0.13867188 -0.07617188
v 0.17382812 0.13867188 0.09570312
v 0.17382812 0.15429688 0.00976562
v 0.17382812 0.15820312 0.13085938
v 0.17382812 0.25976562 0.19726562
v 0.17382812 0.26367188 0.18554688
v 0.17382812 0.28710938 0.20117188
v 0.17382812 0.34179688 0.20117188
v 0.17382812 0.36132812 0.18164062
v 0.17382812 0.38085938 0.19726562
v 0.17382812 0.38085938 0.22460938
v 0.17382812 0.38476562 0.22851562
v 0.17382812 0.39257812 0.20898438
v 0.17382812 0.39257812 0.23632812
v 0.17382812 0.39648438 0.21679688
v 0.17382812 0.39648438 0.22851562
v 0.17773438 -0.15039062 0.11523438
v 0.17773438 -0.14648438 0.10742188
v 0.17773438 -0.13476562 0.10351562
v 0.17773438 -0.13085938 0.15429688
v 0.17773438 -0.11523438 0.16210938
v 0.17773438 -0.09570312 0.18554688
v 0.17773438 -0.09179688 0.06835938
v 0.17773438 -0.08398438 0.16601562
v 0.17773438 -0.08398438 0.16992188
v 0.17773438 -0.07226562 0.16601562
v 0.17773438 -0.07226562 0.16992188
v 0.17773438 -0.05664062 0.17382812
v 0.17773438 -0.05273438 0.16210938
v 0.17773438 -0.04882812 0.16210938
v 0.17773438 -0.04882812 0.17382812
v 0.17773438 -0.04882812 0.17773438
v 0.17773438 -0.04882812 0.19726562
v 0.17773438 -0.04101562 0.14257812
v 0.17773438 -0.04101562 0.16601562
v 0.17773438 -0.03710938 0.18945312
v 0.17773438 -0.03320312 0.15429688
v 0.17773438 -0.02929688 0.16601562
v 0.17773438 -0.02539062 0.18554688
v 0.17773438 -0.02148438 0.14257812
v 0.17773438 -0.02148438 0.15429688
v 0.17773438 -0.01757812 0.02929688
v 0.17773438 -0.01757812 0.12695312
v 0.17773438 -0.01367188 0.13476562
v 0.17773438 -0.01367188 0.18164062
v 0.17773438 -0.01367188 0.18554688
v 0.17773438 -0.00195312 0.12304688
v 0.17773438 0.00195312 0.03710938
v 0.17773438 0.00195312 0.18554688
v 0.17773438 0.00976562 0.06835938
v 0.17773438 0.00976562 0.18945312
v 0.17773438 0.01367188 0.12304688
v 0.17773438 0.01757812 0.18945312
v 0.17773438 0.02148438 0.13476562
v 0.17773438 0.02539062 0.14648438
v 0.17773438 0.02539062 0.18554688
v 0.17773438 0.04492188 -0.10351562
v 0.17773438 0.05664062 -0.12304688
v 0.17773438 0.11523438 0.11132812
v 0.17773438 0.14257812 0.10351562
v 0.17773438 0.29101562 0.17773438
v 0.17773438 0.31445312 0.19335938
v 0.17773438 0.31835938 0.17382812
v 0.17773438 0.34179688 0.17382812
v 0.17773438 0.35742188 0.20507812
v 0.17773438 0.36914062 0.18554688
v 0.17773438 0.37304688 0.21679688
v 0.17773438 0.38085938 0.22070312
v 0.17773438 0.38867188 0.20507812
v 0.17773438 0.38867188 0.22460938
v 0.17773438 0.38867188 0.22851562
v 0.17773438 0.39257812 0.21289062
v 0.17773438 0.39257812 0.22070312
v 0.18164062 -0.13867188 0.14257812
v 0.18164062 -0.13476562 0.13867188
v 0.18164062 -0.12695312 0.15039062
v 0.18164062 -0.12304688 0.13867188
v 0.18164062 -0.11914062 0.09570312
v 0.18164062 -0.11132812 0.13476562
v 0.18164062 -0.11132812 0.15039062
v 0.18164062 -0.10351562 0.17382812
v 0.18164062 -0.09570312 0.16601562
v 0.18164062 -0.08007812 0.18945312
v 0.18164062 -0.07226562 0.19726562
v 0.18164062 -0.06835938 0.05664062
v 0.18164062 -0.06835938 0.17382812
v 0.18164062 -0.06445312 0.19726562
v 0.18164062 -0.06054688 0.19726562
v 0.18164062 -0.04882812 0.04492188
v 0.18164062 -0.03710938 0.10351562
v 0.18164062 -0.03320312 0.03710938
v 0.18164062 -0.03320312 0.18945312
v 0.18164062 -0.02148438 0.09960938
v 0.18164062 -0.00585938 0.12695312
v 0.18164062 -0.00195312 0.18164062
v 0.18164062 0.00976562 0.05273438
v 0.18164062 0.00976562 0.18554688
v 0.18164062 0.01757812 0.18554688
v 0.18164062 0.02148438 0.18554688
v 0.18164062 0.02929688 0.15820312
v 0.18164062 0.02929688 0.17382812
v 0.18164062 0.02929688 0.18164062
v 0.18164062 0.05664062 -0.11914062
v 0.18164062 0.06835938 -0.13867188
v 0.18164062 0.07617188 -0.13867188
v 0.18164062 0.12695312 0.12304688
v 0.18164062 0.13085938 0.13867188
v 0.18164062 0.15039062 -0.06054688
v 0.18164062 0.15039062 0.01367188
v 0.18164062 0.15039062 0.11914062
v 0.18164062 0.27929688 0.20117188
v 0.18164062 0.30664062 0.19726562
v 0.18164062 0.33398438 0.19726562
v 0.18164062 0.35351562 0.17773438
v 0.18164062 0.35351562 0.20507812
v 0.18164062 0.36914062 0.21289062
v 0.18164062 0.37695312 0.19335938
v 0.18164062 0.38085938 0.20117188
v 0.18164062 0.38085938 0.22070312
v 0.18164062 0.38476562 0.22070312
v 0.18164062 0.38867188 0.20898438
v 0.18164062 0.38867188 0.21289062
v 0.18554688 -0.13867188 0.12304688
v 0.18554688 -0.13867188 0.13476562
v 0.18554688 -0.13085938 0.11523438
v 0.18554688 -0.12695312 0.13085938
v 0.18554688 -0.11132812 0.12695312
v 0.18554688 -0.08789062 0.08007812
v 0.18554688 -0.08789062 0.18164062
v 0.18554688 -0.08398438 0.17382812
v 0.18554688 -0.08007812 0.11914062
v 0.18554688 -0.06054688 0.19335938
v 0.18554688 -0.05664062 0.11132812
v 0.18554688 -0.05273438 0.16601562
v 0.18554688 -0.04882812 0.19335938
v 0.18554688 -0.04492188 0.16210938
v 0.18554688 -0.02929688 0.15429688
v 0.18554688 -0.02539062 0.18554688
v 0.18554688 -0.01367188 0.04101562
v 0.18554688 -0.01367188 0.13476562
v 0.18554688 -0.01367188 0.18164062
v 0.18554688 -0.00585938 0.13085938
v 0.18554688 -0.00195312 0.07617188
v 0.18554688 0.00585938 0.12695312
v 0.18554688 0.00976562 0.18554688
v 0.18554688 0.01757812 0.13476562
v 0.18554688 0.01757812 0.18554688
v 0.18554688 0.02539062 0.18164062
v 0.18554688 0.05664062 -0.11914062
v 0.18554688 0.06445312 -0.13476562
v 0.18554688 0.09179688 -0.09570312
v 0.18554688 0.11132812 -0.07617188
v 0.18554688 0.11914062 -0.11914062
v 0.18554688 0.13867188 -0.00585938
v 0.18554688 0.14257812 0.00195312
v 0.18554688 0.16601562 -0.04492188
v 0.18554688 0.17382812 -0.02929688
v 0.18554688 0.27539062 0.19335938
v 0.18554688 0.28320312 0.18554688
v 0.18554688 0.30664062 0.17773438
v 0.18554688 0.33007812 0.19726562
v 0.18554688 0.33398438 0.17773438
v 0.18554688 0.34960938 0.20507812
v 0.18554688 0.36132812 0.18554688
v 0.18554688 0.36523438 0.20898438
v 0.18554688 0.36914062 0.18945312
v 0.18554688 0.37304688 0.19726562
v 0.18554688 0.37695312 0.21679688
v 0.18554688 0.38085938 0.20507812
v 0.18554688 0.38476562 0.20507812
v 0.18554688 0.38476562 0.21289062
v 0.18945312 -0.13476562 0.12695312
v 0.18945312 -0.13476562 0.13476562
v 0.18945312 -0.12695312 0.12695312
v 0.18945312 -0.11523438 0.10742188
v 0.18945312 -0.11132812 0.11914062
v 0.18945312 -0.07226562 0.18164062
v 0.18945312 -0.06835938 0.17382812
v 0.18945312 -0.06445312 0.18945312
v 0.18945312 -0.04882812 0.18945312
v 0.18945312 -0.03710938 0.18945312
v 0.18945312 -0.02148438 0.14257812
v 0.18945312 -0.00976562 0.13085938
v 0.18945312 -0.00195312 0.18164062
v 0.18945312 0.00195312 0.13085938
v 0.18945312 0.02539062 0.14648438
v 0.18945312 0.06445312 -0.13085938
v 0.18945312 0.12304688 -0.05664062
v 0.18945312 0.13085938 -0.03710938
v 0.18945312 0.13085938 -0.02148438
v 0.18945312 0.14257812 -0.11132812
v 0.18945312 0.17382812 -0.01367188
v 0.18945312 0.30273438 0.20117188
v 0.18945312 0.34960938 0.18164062
v 0.18945312 0.35742188 0.18554688
v 0.18945312 0.36523438 0.19335938
v 0.18945312 0.36523438 0.20898438
v 0.18945312 0.36914062 0.19726562
v 0.18945312 0.37304688 0.20507812
v 0.18945312 0.37304688 0.21289062
v 0.19335938 -0.08398438 0.09179688
v 0.19335938 -0.08398438 0.10351562
v 0.19335938 -0.06054688 0.06445312
v 0.19335938 -0.05273438 0.16601562
v 0.19335938 -0.04882812 0.18554688
v 0.19335938 -0.04492188 0.05664062
v 0.19335938 -0.04101562 0.15820312
v 0.19335938 -0.02929688 0.04882812
v 0.19335938 -0.02539062 0.15039062
v 0.19335938 -0.02539062 0.18554688
v 0.19335938 -0.02148438 0.08007812
v 0.19335938 -0.02148438 0.14257812
v 0.19335938 -0.01367188 0.13476562
v 0.19335938 -0.00585938 0.05664062
v 0.19335938 -0.00585938 0.13476562
v 0.19335938 0.00976562 0.13867188
v 0.19335938 0.00976562 0.18164062
v 0.19335938 0.01757812 0.18164062
v 0.19335938 0.02148438 0.16992188
v 0.19335938 0.02539062 0.15820312
v 0.19335938 0.07226562 -0.15039062
v 0.19335938 0.08398438 -0.15039062
v 0.19335938 0.15820312 -0.09960938
v 0.19335938 0.17382812 -0.00585938
v 0.19335938 0.29882812 0.19335938
v 0.19335938 0.30273438 0.18554688
v 0.19335938 0.32617188 0.18164062
v 0.19335938 0.32617188 0.20117188
v 0.19335938 0.34570312 0.18554688
v 0.19335938 0.34570312 0.18945312
v 0.19335938 0.34570312 0.19726562
v 0.19335938 0.34570312 0.20117188
v 0.19335938 0.35742188 0.18945312
v 0.19335938 0.36132812 0.19726562
v 0.19335938 0.36132812 0.20507812
v 0.19726562 -0.05664062 0.09179688
v 0.19726562 -0.04882812 0.17382812
v 0.19726562 -0.03710938 0.08789062
v 0.19726562 -0.03710938 0.18554688
v 0.19726562 -0.03320312 0.18164062
v 0.19726562 -0.01367188 0.17773438
v 0.19726562 -0.00976562 0.14257812
v 0.19726562 -0.00195312 0.13867188
v 0.19726562 0.01367188 0.14648438
v 0.19726562 0.01367188 0.17773438
v 0.19726562 0.06445312 -0.13085938
v 0.19726562 0.06835938 -0.15039062
v 0.19726562 0.17382812 -0.08007812
v 0.19726562 0.32226562 0.19335938
v 0.19726562 0.32617188 0.18554688
v 0.20117188 -0.06054688 0.07617188
v 0.20117188 -0.04101562 0.06835938
v 0.20117188 -0.03710938 0.16601562
v 0.20117188 -0.02539062 0.17773438
v 0.20117188 -0.02148438 0.06054688
v 0.20117188 -0.02148438 0.15820312
v 0.20117188 -0.01367188 0.14648438
v 0.20117188 -0.01367188 0.17773438
v 0.20117188 -0.00195312 0.17773438
v 0.20117188 0.00195312 0.14648438
v 0.20117188 0.01367188 0.15820312
v 0.20117188 0.01367188 0.16992188
v 0.20117188 0.06835938 -0.14648438
v 0.20117188 0.13476562 -0.14257812
v 0.20117188 0.16992188 -0.00585938
v 0.20117188 0.18945312 -0.06054688
v 0.20507812 -0.00195312 0.15039062
v 0.20507812 0.07226562 -0.14257812
v 0.20507812 0.07617188 -0.16210938
v 0.20507812 0.08398438 -0.16601562
v 0.20507812 0.10742188 -0.11523438
v 0.20507812 0.13476562 -0.09570312
v 0.20507812 0.15820312 -0.13085938
v 0.20507812 0.16601562 -0.02539062
v 0.20507812 0.16992188 -0.01367188
v 0.20507812 0.19335938 -0.04492188
v 0.20898438 -0.01367188 0.16992188
v 0.20898438 -0.00976562 0.15820312
v 0.20898438 -0.00585938 0.16601562
v 0.20898438 0.00195312 0.15820312
v 0.20898438 0.00195312 0.16601562
v 0.20898438 0.07226562 -0.15820312
v 0.20898438 0.14648438 -0.07226562
v 0.20898438 0.15429688 -0.05273438
v 0.20898438 0.16210938 -0.03710938
v 0.20898438 0.19726562 -0.03320312
v 0.21289062 0.07226562 -0.15429688
v 0.21289062 0.07617188 -0.16992188
v 0.21289062 0.08007812 -0.14257812
v 0.21289062 0.09179688 -0.17773438
v 0.21289062 0.10351562 -0.16992188
v 0.21289062 0.18164062 -0.11914062
v 0.21289062 0.19726562 -0.02929688
v 0.21679688 0.07226562 -0.16992188
v 0.21679688 0.07226562 -0.15039062
v 0.21679688 0.08007812 -0.17773438
v 0.21679688 0.12695312 -0.13476562
v 0.21679688 0.20117188 -0.09960938
v 0.22070312 0.07226562 -0.16210938
v 0.22070312 0.08398438 -0.18164062
v 0.22070312 0.08398438 -0.15429688
v 0.22070312 0.11132812 -0.18164062
v 0.22070312 0.15039062 -0.16601562
v 0.22070312 0.19335938 -0.02929688
v 0.22070312 0.21289062 -0.08398438
v 0.22460938 0.07617188 -0.17773438
v 0.22460938 0.07617188 -0.15820312
v 0.22460938 0.08789062 -0.18554688
v 0.22460938 0.09960938 -0.18554688
v 0.22460938 0.10351562 -0.15820312
v 0.22460938 0.12304688 -0.18554688
v 0.22460938 0.15039062 -0.11132812
v 0.22460938 0.17773438 -0.15039062
v 0.22460938 0.18945312 -0.04492188
v 0.22460938 0.18945312 -0.03320312
v 0.22460938 0.21289062 -0.06835938
v 0.22851562 0.07617188 -0.16992188
v 0.22851562 0.08007812 -0.18164062
v 0.22851562 0.08007812 -0.16210938
v 0.22851562 0.11132812 -0.18945312
v 0.22851562 0.12695312 -0.19335938
v 0.22851562 0.16992188 -0.09179688
v 0.22851562 0.18164062 -0.07226562
v 0.22851562 0.18554688 -0.05664062
v 0.22851562 0.21679688 -0.05664062
v 0.23242188 0.08007812 -0.17382812
v 0.23242188 0.08789062 -0.18554688
v 0.23242188 0.08789062 -0.16992188
v 0.23242188 0.09960938 -0.18554688
v 0.23242188 0.10742188 -0.18945312
v 0.23242188 0.11914062 -0.19335938
v 0.23242188 0.13867188 -0.19726562
v 0.23242188 0.22070312 -0.05273438
v 0.23632812 0.08789062 -0.17773438
v 0.23632812 0.10351562 -0.17773438
v 0.23632812 0.11132812 -0.18554688
v 0.23632812 0.11523438 -0.19335938
v 0.23632812 0.11523438 -0.17382812
v 0.23632812 0.12304688 -0.19726562
v 0.23632812 0.20117188 -0.13867188
v 0.23632812 0.21289062 -0.05664062
v 0.24023438 0.11523438 -0.18945312
v 0.24023438 0.12304688 -0.19726562
v 0.24023438 0.12695312 -0.18164062
v 0.24023438 0.13085938 -0.20507812
v 0.24023438 0.14648438 -0.15820312
v 0.24023438 0.15039062 -0.20898438
v 0.24023438 0.17382812 -0.18945312
v 0.24023438 0.17382812 -0.13867188
v 0.24023438 0.20898438 -0.06445312
v 0.24023438 0.22070312 -0.12304688
v 0.24414062 0.12695312 -0.20507812
v 0.24414062 0.12695312 -0.19335938
v 0.24414062 0.13085938 -0.20507812
v 0.24414062 0.14257812 -0.21289062
v 0.24414062 0.18945312 -0.11914062
v 0.24414062 0.20117188 -0.09960938
v 0.24414062 0.20507812 -0.08398438
v 0.24414062 0.20898438 -0.07226562
v 0.24414062 0.23242188 -0.10742188
v 0.24414062 0.23632812 -0.09179688
v 0.24414062 0.24023438 -0.08398438
v 0.24804688 0.13085938 -0.20117188
v 0.24804688 0.13476562 -0.21289062
v 0.24804688 0.13476562 -0.18554688
v 0.24804688 0.19726562 -0.17773438
v 0.25195312 0.15039062 -0.22070312
v 0.25195312 0.16210938 -0.21679688
v 0.25195312 0.18945312 -0.21289062
v 0.25195312 0.21679688 -0.16601562
v 0.25195312 0.23632812 -0.08398438
v 0.25585938 0.13867188 -0.21289062
v 0.25585938 0.13867188 -0.19726562
v 0.25585938 0.14257812 -0.22070312
v 0.25585938 0.16601562 -0.18554688
v 0.25976562 0.14257812 -0.21679688
v 0.25976562 0.14648438 -0.20507812
v 0.25976562 0.15820312 -0.22460938
v 0.25976562 0.16992188 -0.22460938
v 0.25976562 0.19335938 -0.16601562
v 0.25976562 0.20898438 -0.20507812
v 0.25976562 0.22460938 -0.09960938
v 0.25976562 0.22851562 -0.09179688
v 0.25976562 0.23632812 -0.15429688
v 0.26367188 0.14648438 -0.22070312
v 0.26367188 0.14648438 -0.21289062
v 0.26367188 0.15039062 -0.22460938
v 0.26367188 0.15429688 -0.22070312
v 0.26367188 0.16210938 -0.22070312
v 0.26367188 0.16210938 -0.21289062
v 0.26367188 0.17382812 -0.22070312
v 0.26367188 0.18554688 -0.22070312
v 0.26367188 0.20898438 -0.14648438
v 0.26367188 0.21679688 -0.12695312
v 0.26367188 0.22070312 -0.11132812
v 0.26367188 0.24804688 -0.13476562
v 0.26367188 0.25195312 -0.12304688
v 0.26757812 0.18164062 -0.20507812
v 0.26757812 0.18554688 -0.22070312
v 0.26757812 0.20898438 -0.22460938
v 0.26757812 0.22851562 -0.19335938
v 0.26757812 0.25195312 -0.11914062
v 0.27148438 0.19726562 -0.22460938
v 0.27148438 0.22070312 -0.22070312
v 0.27539062 0.19335938 -0.22460938
v 0.27539062 0.20507812 -0.22851562
v 0.27539062 0.20507812 -0.18945312
v 0.27539062 0.23242188 -0.13085938
v 0.27539062 0.24023438 -0.12695312
v 0.27539062 0.24414062 -0.11914062
v 0.27539062 0.24804688 -0.18164062
v 0.27929688 0.19726562 -0.21679688
v 0.27929688 0.20117188 -0.22851562
v 0.27929688 0.21289062 -0.23242188
v 0.27929688 0.22070312 -0.17382812
v 0.27929688 0.23242188 -0.14257812
v 0.27929688 0.23632812 -0.22070312
v 0.28320312 0.20898438 -0.22851562
v 0.28320312 0.22460938 -0.23632812
v 0.28320312 0.22851562 -0.15820312
v 0.28320312 0.25585938 -0.16992188
v 0.28320312 0.25976562 -0.15820312
v 0.28710938 0.21289062 -0.21679688
v 0.28710938 0.22851562 -0.24804688
v 0.28710938 0.24023438 -0.23632812
v 0.28710938 0.25195312 -0.21289062
v 0.28710938 0.25585938 -0.15039062
v 0.29101562 0.21679688 -0.23632812
v 0.29101562 0.25195312 -0.15039062
v 0.29101562 0.25976562 -0.19726562
v 0.29492188 0.22851562 -0.20117188
v 0.29492188 0.23242188 -0.25585938
v 0.29492188 0.23632812 -0.18554688
v 0.29492188 0.24023438 -0.16992188
v 0.29492188 0.24414062 -0.25195312
v 0.29492188 0.24414062 -0.16210938
v 0.29492188 0.24804688 -0.15429688
v 0.29492188 0.25195312 -0.23242188
v 0.29492188 0.26367188 -0.18945312
v 0.29882812 0.22460938 -0.24023438
v 0.29882812 0.25976562 -0.22070312
v 0.29882812 0.25976562 -0.18164062
v 0.30273438 0.24414062 -0.25976562
v 0.30273438 0.24804688 -0.18554688
v 0.30273438 0.25195312 -0.18164062
v 0.30273438 0.25585938 -0.24804688
v 0.30273438 0.25585938 -0.18164062
v 0.30273438 0.26367188 -0.21289062
v 0.30664062 0.23242188 -0.22070312
v 0.30664062 0.24023438 -0.25976562
v 0.30664062 0.24023438 -0.20898438
v 0.30664062 0.24414062 -0.19726562
v 0.30664062 0.25195312 -0.25195312
v 0.30664062 0.25976562 -0.24023438
v 0.30664062 0.25976562 -0.20507812
v 0.31054688 0.23632812 -0.25585938
v 0.31054688 0.24414062 -0.25976562
v 0.31054688 0.24804688 -0.25585938
v 0.31054688 0.25195312 -0.20898438
v 0.31054688 0.25585938 -0.24804688
v 0.31054688 0.25585938 -0.20507812
v 0.31054688 0.25976562 -0.24023438
v 0.31054688 0.25976562 -0.23242188
v 0.31054688 0.25976562 -0.22460938
v 0.31054688 0.25976562 -0.20507812
v 0.31445312 0.23632812 -0.24023438
v 0.31445312 0.24023438 -0.25585938
v 0.31445312 0.24414062 -0.25585938
v 0.31445312 0.24414062 -0.22851562
v 0.31445312 0.24804688 -0.25585938
v 0.31445312 0.24804688 -0.21679688
v 0.31445312 0.25195312 -0.25195312
v 0.31445312 0.25585938 -0.24414062
v 0.31445312 0.25585938 -0.22851562
v 0.31445312 0.25585938 -0.22460938
v 0.31445312 0.25976562 -0.23632812
v 0.31835938 0.24414062 -0.25195312
v 0.31835938 0.24804688 -0.24414062
v 0.31835938 0.25195312 -0.25195312
v 0.31835938 0.25195312 -0.23632812
v 0.31835938 0.25585938 -0.24414062
f 848 849 691
f 848 691 763
f 691 849 692
f 849 848 1151
f 848 763 1045
f 763 691 764
f 691 692 693
f 692 849 850
f 849 1151 850
f 1151 848 1150
f 848 1045 1254
f 1045 763 1047
f 763 764 1048
f 764 691 693
f 693 692 694
f 692 850 851
f 850 1151 1255
f 1151 1150 1504
f 1150 848 1254
f 1254 1045 1503
f 1045 1047 1339
f 1047 763 1048
f 1048 764 766
f 764 693 695
f 693 694 695
f 694 692 851
f 851 850 1046
f 850 1255 1046
f 1255 1151 1663
f 1151 1504 1505
f 1504 1150 1254
f 1254 1503 1504
f 1503 1045 1337
f 1045 1339 1337
f 1339 1047 1048
f 1048 766 961
f 766 764 695
f 695 694 696
f 694 851 765
f 851 1046 1152
f 1046 1255 1338
f 1255 1663 1755
f 1663 1151 1505
f 1505 1504 1754
f 1504 1503 1754
f 1503 1337 1662
f 1337 1339 1662
f 1339 1048 1256
f 1048 961 1256
f 961 766 852
f 766 695 697
f 695 696 768
f 696 694 765
f 765 851 1049
f 851 1152 1153
f 1152 1046 1414
f 1046 1338 1414
f 1338 1255 1755
f 1755 1663 2024
f 1663 1505 1917
f 1505 1754 1844
f 1754 1503 1753
f 1503 1662 1753
f 1662 1339 1664
f 1339 1256 1664
f 1256 961 1257
f 961 852 1154
f 852 766 697
f 697 695 698
f 695 768 698
f 768 696 962
f 696 765 767
f 765 1049 767
f 1049 851 1153
f 1153 1152 1414
f 1414 1338 1756
f 1338 1755 1756
f 1755 2024 2025
f 2024 1663 1917
f 1917 1505 1844
f 1844 1754 2174
f 1754 1753 2023
f 1753 1662 1915
f 1662 1664 1915
f 1664 1256 1577
f 1256 1257 1577
f 1257 961 1154
f 1154 852 769
f 852 697 634
f 697 698 634
f 698 768 699
f 768 962 963
f 962 696 767
f 767 1049 1050
f 1049 1153 1415
f 1153 1414 1415
f 1414 1756 1415
f 1756 1755 2025
f 2025 2024 2351
f 2024 1917 2350
f 1917 1844 2174
f 2174 1754 2023
f 2023 1753 1916
f 1753 1915 1916
f 1915 1664 1918
f 1664 1577 1918
f 1577 1257 1578
f 1257 1154 1579
f 1154 769 1051
f 769 852 634
f 634 698 572
f 698 699 572
f 699 768 963
f 963 962 1258
f 962 767 1050
f 1050 1049 1416
f 1049 1415 1416
f 1415 1756 1757
f 1756 2025 2087
f 2025 2351 2433
f 2351 2024 2350
f 2350 1917 2265
f 1917 2174 2265
f 2174 2023 2264
f 2023 1916 2264
f 1916 1915 2172
f 1915 1918 2175
f 1918 1577 1919
f 1577 1578 1919
f 1578 1257 1579
f 1579 1154 1051
f 1051 769 770
f 769 634 635
f 634 572 635
f 572 699 771
f 699 963 771
f 963 1258 1054
f 1258 962 1155
f 962 1050 1155
f 1050 1416 1417
f 1416 1415 1757
f 1757 1756 2087
f 2087 2025 2433
f 2433 2351 2628
f 2351 2350 2627
f 2350 2265 2627
f 2265 2174 2529
f 2174 2264 2529
f 2264 1916 2173
f 1916 2172 2173
f 2172 1915 2175
f 2175 1918 2176
f 1918 1919 2176
f 1919 1578 1920
f 1578 1579 1921
f 1579 1051 1506
f 1051 770 1053
f 770 769 635
f 635 572 700
f 572 771 700
f 771 963 1054
f 1054 1258 1344
f 1258 1155 1507
f 1155 1050 1417
f 1417 1416 1758
f 1416 1757 1758
f 1757 2087 2088
f 2087 2433 2434
f 2433 2628 2629
f 2628 2351 2530
f 2351 2627 2530
f 2627 2265 2626
f 2265 2529 2626
f 2529 2264 2730
f 2264 2173 2172
f 2172 2175 2431
f 2175 2176 2531
f 2176 1919 1920
f 1920 1578 1921
f 1921 1579 1506
f 1506 1051 1053
f 1053 770 856
f 770 635 856
f 635 700 701
f 700 771 772
f 771 1054 1163
f 1054 1344 1163
f 1344 1258 1508
f 1258 1507 1508
f 1507 1155 1417
f 1417 1758 1845
f 1758 1757 2088
f 2088 2087 2434
f 2434 2433 2629
f 2629 2628 2835
f 2628 2530 2835
f 2530 2627 2835
f 2627 2626 2833
f 2626 2529 2730
f 2730 2264 2431
f 2264 2172 2431
f 2431 2175 2432
f 2175 2531 2432
f 2531 2176 2177
f 2176 1920 2177
f 1920 1921 2177
f 1921 1506 1922
f 1506 1053 1509
f 1053 856 1160
f 856 635 701
f 701 700 772
f 772 771 858
f 771 1163 858
f 1163 1344 1422
f 1344 1508 1583
f 1508 1507 1846
f 1507 1417 1845
f 1845 1758 2088
f 2088 2434 2089
f 2434 2629 2533
f 2629 2835 2838
f 2835 2627 2833
f 2833 2626 2730
f 2730 2431 2432
f 2432 2531 2731
f 2531 2177 2532
f 2177 1921 2266
f 1921 1922 2267
f 1922 1506 1509
f 1509 1053 1510
f 1053 1160 1510
f 1160 856 1266
f 856 701 864
f 701 772 864
f 772 858 1059
f 858 1163 1059
f 1163 1422 1513
f 1422 1344 1583
f 1583 1508 1848
f 1508 1846 1848
f 1846 1507 1845
f 1845 2088 2089
f 2089 2434 2435
f 2434 2533 2435
f 2533 2629 2838
f 2838 2835 2833
f 2833 2730 2731
f 2730 2432 2731
f 2731 2531 2732
f 2531 2532 2733
f 2532 2177 2534
f 2177 2266 2534
f 2266 1921 2267
f 2267 1922 2268
f 1922 1509 1924
f 1509 1510 1927
f 1510 1160 1266
f 1266 856 974
f 856 864 974
f 864 772 865
f 772 1059 865
f 1059 1163 1268
f 1163 1513 1268
f 1513 1422 1764
f 1422 1583 1668
f 1583 1848 1926
f 1848 1846 2090
f 1846 1845 2090
f 1845 2089 2090
f 2089 2435 2352
f 2435 2533 2352
f 2533 2838 2734
f 2838 2833 2834
f 2833 2731 2834
f 2731 2732 2834
f 2732 2531 2733
f 2733 2532 2735
f 2532 2534 2735
f 2534 2266 2536
f 2266 2267 2536
f 2267 2268 2631
f 2268 1922 1924
f 1924 1509 1927
f 1927 1510 1929
f 1510 1266 1586
f 1266 974 1063
f 974 864 1063
f 864 865 1065
f 865 1059 1171
f 1059 1268 1171
f 1268 1513 1589
f 1513 1764 1769
f 1764 1422 1668
f 1668 1583 1926
f 1926 1848 2093
f 1848 2090 2093
f 2090 2089 2352
f 2352 2533 2535
f 2533 2734 2535
f 2734 2838 2837
f 2838 2834 2837
f 2834 2732 2836
f 2732 2733 2837
f 2733 2735 2837
f 2735 2534 2840
f 2534 2536 2840
f 2536 2267 2631
f 2631 2268 2634
f 2268 1924 2272
f 1924 1927 2272
f 1927 1929 2275
f 1929 1510 1586
f 1586 1266 1271
f 1266 1063 1271
f 1063 864 1064
f 864 1065 1064
f 1065 865 1171
f 1171 1268 1348
f 1268 1589 1348
f 1589 1513 1769
f 1769 1764 1930
f 1764 1668 1928
f 1668 1926 1928
f 1926 2093 2096
f 2093 2090 2352
f 2352 2535 2354
f 2535 2734 2736
f 2734 2837 2736
f 2837 2834 2836
f 2836 2732 2837
f 2837 2735 2839
f 2735 2840 2839
f 2840 2536 2917
f 2536 2631 2917
f 2631 2634 2917
f 2634 2268 2272
f 2272 1927 2275
f 2275 1929 2185
f 1929 1586 1932
f 1586 1271 1588
f 1271 1063 1274
f 1063 1064 1068
f 1064 1065 1174
f 1065 1171 1273
f 1171 1348 1433
f 1348 1589 1591
f 1589 1769 1591
f 1769 1930 1933
f 1930 1764 1928
f 1928 1926 2096
f 2096 2093 2354
f 2093 2352 2354
f 2354 2535 2630
f 2535 2736 2630
f 2736 2837 2839
f 2839 2840 2916
f 2840 2917 2916
f 2917 2634 2919
f 2634 2272 2275
f 2275 2185 2547
f 2185 1929 1932
f 1932 1586 1588
f 1588 1271 1274
f 1274 1063 1175
f 1063 1068 1175
f 1068 1064 1174
f 1174 1065 1273
f 1273 1171 1433
f 1433 1348 1591
f 1591 1769 1770
f 1769 1933 1770
f 1933 1930 2103
f 1930 1928 2102
f 1928 2096 2099
f 2096 2354 2358
f 2354 2630 2358
f 2630 2736 2841
f 2736 2839 2841
f 2839 2916 2841
f 2916 2917 2918
f 2917 2919 2918
f 2919 2634 2547
f 2634 2275 2547
f 2547 2185 2450
f 2185 1932 2194
f 1932 1588 1859
f 1588 1274 1593
f 1274 1175 1275
f 1175 1068 1074
f 1068 1174 1179
f 1174 1273 1351
f 1273 1433 1520
f 1433 1591 1674
f 1591 1770 1674
f 1770 1933 1936
f 1933 2103 2032
f 2103 1930 2102
f 2102 1928 2099
f 2099 2096 2358
f 2358 2630 2540
f 2630 2841 2540
f 2841 2916 2842
f 2916 2918 2842
f 2918 2919 2920
f 2919 2547 2843
f 2547 2450 2843
f 2450 2185 2194
f 2194 1932 1859
f 1859 1588 1593
f 1593 1274 1597
f 1274 1275 1597
f 1275 1175 1075
f 1175 1074 1075
f 1074 1068 1179
f 1179 1174 1351
f 1351 1273 1520
f 1520 1433 1674
f 1674 1770 1862
f 1770 1936 1862
f 1936 1933 2032
f 2032 2103 2195
f 2103 2102 2188
f 2102 2099 2277
f 2099 2358 2274
f 2358 2540 2274
f 2540 2841 2842
f 2842 2918 2920
f 2920 2919 2843
f 2843 2450 2745
f 2450 2194 2461
f 2194 1859 2198
f 1859 1593 1864
f 1593 1597 1864
f 1597 1275 1601
f 1275 1075 1080
f 1075 1074 1079
f 1074 1179 1079
f 1179 1351 1435
f 1351 1520 1598
f 1520 1674 1774
f 1674 1862 1774
f 1862 1936 1939
f 1936 2032 2036
f 2032 2195 2197
f 2195 2103 2188
f 2188 2102 2277
f 2277 2099 2274
f 2274 2540 2544
f 2540 2842 2544
f 2842 2920 2737
f 2920 2843 2844
f 2843 2745 2844
f 2745 2450 2461
f 2461 2194 2198
f 2198 1859 1864
f 1864 1597 1943
f 1597 1601 1943
f 1601 1275 1355
f 1275 1080 1185
f 1080 1075 1079
f 1079 1179 1180
f 1179 1435 1180
f 1435 1351 1598
f 1598 1520 1774
f 1774 1862 1865
f 1862 1939 1942
f 1939 1936 2036
f 2036 2032 2197
f 2197 2195 2291
f 2195 2188 2287
f 2188 2277 2366
f 2277 2274 2447
f 2274 2544 2447
f 2544 2842 2737
f 2737 2920 2643
f 2920 2844 2643
f 2844 2745 2747
f 2745 2461 2659
f 2461 2198 2466
f 2198 1864 2204
f 1864 1943 2204
f 1943 1601 1947
f 1601 1355 1441
f 1355 1275 1185
f 1185 1080 1359
f 1080 1079 1081
f 1079 1180 1081
f 1180 1435 1438
f 1435 1598 1438
f 1598 1774 1779
f 1774 1865 1779
f 1865 1862 1942
f 1942 1939 2113
f 1939 2036 2113
f 2036 2197 2113
f 2197 2291 2377
f 2291 2195 2287
f 2287 2188 2366
f 2366 2277 2447
f 2447 2544 2643
f 2544 2737 2643
f 2643 2844 2747
f 2747 2745 2659
f 2659 2461 2466
f 2466 2198 2204
f 2204 1943 2208
f 1943 1947 2208
f 1947 1601 1604
f 1601 1441 1604
f 1441 1355 1185
f 1185 1359 1357
f 1359 1080 1188
f 1080 1081 1188
f 1081 1180 1183
f 1180 1438 1183
f 1438 1598 1603
f 1598 1779 1603
f 1779 1865 1944
f 1865 1942 1944
f 1942 2113 2206
f 2113 2197 2203
f 2197 2377 2203
f 2377 2291 2563
f 2291 2287 2467
f 2287 2366 2462
f 2366 2447 2553
f 2447 2643 2553
f 2643 2747 2553
f 2747 2659 2660
f 2659 2466 2760
f 2466 2204 2562
f 2204 2208 2562
f 2208 1947 2295
f 1947 1604 1678
f 1604 1441 1678
f 1441 1185 1357
f 1357 1359 1523
f 1359 1188 1443
f 1188 1081 988
f 1081 1183 988
f 1183 1438 1356
f 1438 1603 1356
f 1603 1779 1782
f 1779 1944 1782
f 1944 1942 2039
f 1942 2206 2039
f 2206 2113 2203
f 2203 2377 2473
f 2377 2563 2669
f 2563 2291 2467
f 2467 2287 2462
f 2462 2366 2553
f 2553 2747 2660
f 2660 2659 2760
f 2760 2466 2562
f 2562 2208 2474
f 2208 2295 2474
f 2295 1947 1952
f 1947 1678 1952
f 1678 1441 1523
f 1441 1357 1523
f 1523 1359 1608
f 1359 1443 1608
f 1443 1188 1190
f 1188 988 1190
f 988 1183 1082
f 1183 1356 1082
f 1356 1603 1605
f 1603 1782 1605
f 1782 1944 1948
f 1944 2039 1948
f 2039 2206 2117
f 2206 2203 2294
f 2203 2473 2294
f 2473 2377 2669
f 2669 2563 2865
f 2563 2467 2666
f 2467 2462 2660
f 2462 2553 2660
f 2660 2760 2666
f 2760 2562 2764
f 2562 2474 2764
f 2474 2295 2671
f 2295 1952 1954
f 1952 1678 1954
f 1678 1523 1787
f 1523 1608 1787
f 1608 1443 1682
f 1443 1190 1360
f 1190 988 1084
f 988 1082 883
f 1082 1356 1278
f 1356 1605 1278
f 1605 1782 1607
f 1782 1948 1871
f 1948 2039 2117
f 2117 2206 2209
f 2206 2294 2209
f 2294 2473 2476
f 2473 2669 2768
f 2669 2865 2768
f 2865 2563 2762
f 2563 2666 2762
f 2666 2467 2660
f 2666 2760 2762
f 2760 2764 2866
f 2764 2474 2671
f 2671 2295 2480
f 2295 1954 2214
f 1954 1678 1787
f 1787 1608 1876
f 1608 1682 1876
f 1682 1443 1360
f 1360 1190 1084
f 1084 988 883
f 883 1082 989
f 1082 1278 989
f 1278 1605 1607
f 1607 1782 1871
f 1871 1948 1951
f 1948 2117 1951
f 2117 2209 2120
f 2209 2294 2476
f 2476 2473 2672
f 2473 2768 2672
f 2768 2865 2868
f 2865 2762 2949
f 2762 2760 2863
f 2760 2866 2863
f 2866 2764 2769
f 2764 2671 2769
f 2671 2480 2769
f 2480 2295 2214
f 2214 1954 2125
f 1954 1787 2125
f 1787 1876 2125
f 1876 1682 1879
f 1682 1360 1610
f 1360 1084 1284
f 1084 883 995
f 883 989 788
f 989 1278 992
f 1278 1607 1279
f 1607 1871 1874
f 1871 1951 1874
f 1951 2117 2120
f 2120 2209 2296
f 2209 2476 2296
f 2476 2672 2566
f 2672 2768 2771
f 2768 2868 2870
f 2868 2865 3045
f 2865 2949 3045
f 2949 2762 2863
f 2863 2866 2951
f 2866 2769 2869
f 2769 2480 2567
f 2480 2214 2383
f 2214 2125 2299
f 2125 1876 2129
f 1876 1879 2129
f 1879 1682 1610
f 1610 1360 1284
f 1284 1084 995
f 995 883 788
f 788 989 992
f 992 1278 1279
f 1279 1607 1609
f 1607 1874 1609
f 1874 1951 2042
f 1951 2120 2042
f 2120 2296 2121
f 2296 2476 2566
f 2566 2672 2771
f 2771 2768 2870
f 2870 2868 2957
f 2868 3045 2957
f 3045 2949 3047
f 2949 2863 2951
f 2951 2866 2869
f 2869 2769 2567
f 2567 2480 2383
f 2383 2214 2299
f 2299 2125 2129
f 2129 1879 2307
f 1879 1610 1971
f 1610 1284 1615
f 1284 995 1200
f 995 788 889
f 788 992 993
f 992 1279 993
f 1279 1609 1362
f 1609 1874 1877
f 1874 2042 1877
f 2042 2120 2121
f 2121 2296 2385
f 2296 2566 2385
f 2566 2771 2571
f 2771 2870 2961
f 2870 2957 2961
f 2957 3045 3050
f 3045 3047 3050
f 3047 2949 2951
f 2951 2869 2958
f 2869 2567 2569
f 2567 2383 2569
f 2383 2299 2488
f 2299 2129 2392
f 2129 2307 2392
f 2307 1879 1971
f 1971 1610 1615
f 1615 1284 1200
f 1200 995 889
f 889 788 792
f 788 993 792
f 993 1279 1362
f 1362 1609 1611
f 1609 1877 1611
f 1877 2042 2043
f 2042 2121 2043
f 2121 2385 2127
f 2385 2566 2571
f 2571 2771 2776
f 2771 2961 2776
f 2961 2957 3051
f 2957 3050 3157
f 3050 3047 3049
f 3047 2951 2958
f 2958 2869 2569
f 2569 2383 2676
f 2383 2488 2676
f 2488 2299 2392
f 2392 2307 2582
f 2307 1971 2494
f 1971 1615 2050
f 1615 1200 1618
f 1200 889 1289
f 889 792 1001
f 792 993 1090
f 993 1362 1090
f 1362 1611 1448
f 1611 1877 1881
f 1877 2043 1881
f 2043 2121 2127
f 2127 2385 2388
f 2385 2571 2388
f 2571 2776 2576
f 2776 2961 2780
f 2961 3051 3055
f 3051 2957 3157
f 3157 3050 3049
f 3049 3047 2958
f 2958 2569 2676
f 2676 2488 2873
f 2488 2392 2680
f 2392 2582 2680
f 2582 2307 2494
f 2494 1971 2050
f 2050 1615 1618
f 1618 1200 1289
f 1289 889 1001
f 1001 792 891
f 792 1090 891
f 1090 1362 1448
f 1448 1611 1693
f 1611 1881 1693
f 1881 2043 1962
f 2043 2127 1962
f 2127 2388 2130
f 2388 2571 2576
f 2576 2776 2780
f 2780 2961 3055
f 3055 3051 3261
f 3051 3157 3374
f 3157 3049 3260
f 3049 2958 3054
f 2958 2676 3054
f 2676 2873 3054
f 2873 2488 2680
f 2680 2582 2965
f 2582 2494 2972
f 2494 2050 2587
f 2050 1618 2223
f 1618 1289 1623
f 1289 1001 1536
f 1001 891 1290
f 891 1090 1286
f 1090 1448 1286
f 1448 1693 1797
f 1693 1881 1970
f 1881 1962 1970
f 1962 2127 2130
f 2130 2388 2302
f 2388 2576 2302
f 2576 2780 2490
f 2780 3055 3056
f 3055 3261 3469
f 3261 3051 3374
f 3374 3157 3260
f 3260 3049 3158
f 3049 3054 3158
f 3054 2873 3158
f 2873 2680 3160
f 2680 2965 3160
f 2965 2582 2972
f 2972 2494 2587
f 2587 2050 2223
f 2223 1618 1890
f 1618 1623 1975
f 1623 1289 1536
f 1536 1001 1290
f 1290 891 1093
f 891 1286 1093
f 1286 1448 1534
f 1448 1797 1800
f 1797 1693 1970
f 1970 1962 2130
f 2130 2302 2047
f 2302 2576 2490
f 2490 2780 2781
f 2780 3056 2781
f 3056 3055 3469
f 3469 3261 3555
f 3261 3374 3554
f 3374 3260 3375
f 3260 3158 3376
f 3158 2873 3160
f 3160 2965 3377
f 2965 2972 3269
f 2972 2587 3064
f 2587 2223 2686
f 2223 1890 1975
f 1890 1618 1975
f 1975 1623 2136
f 1623 1536 1805
f 1536 1290 1537
f 1290 1093 1537
f 1093 1286 1454
f 1286 1534 1454
f 1534 1448 1800
f 1800 1797 1699
f 1797 1970 1697
f 1970 2130 2047
f 2047 2302 2218
f 2302 2490 2218
f 2490 2781 2391
f 2781 3056 3052
f 3056 3469 3468
f 3469 3555 3798
f 3555 3261 3554
f 3554 3374 3375
f 3375 3260 3376
f 3376 3158 3160
f 3160 3377 3376
f 3377 2965 3269
f 3269 2972 3559
f 2972 3064 3560
f 3064 2587 2686
f 2686 2223 2310
f 2223 1975 2310
f 1975 2136 2499
f 2136 1623 1805
f 1805 1536 1808
f 1536 1537 1808
f 1537 1093 1456
f 1093 1454 1456
f 1454 1534 1621
f 1534 1800 1621
f 1800 1699 1801
f 1699 1797 1697
f 1697 1970 1883
f 1970 2047 1883
f 2047 2218 2044
f 2218 2490 2391
f 2391 2781 2679
f 2781 3052 2679
f 3052 3056 3468
f 3468 3469 3797
f 3469 3798 3797
f 3798 3555 3800
f 3555 3554 3800
f 3554 3375 3556
f 3375 3376 3557
f 3376 3377 3558
f 3377 3269 3558
f 3269 3559 3558
f 3559 2972 3560
f 3560 3064 3562
f 3064 2686 3068
f 2686 2310 2793
f 2310 1975 2499
f 2499 2136 2592
f 2136 1805 1985
f 1805 1808 1985
f 1808 1537 1810
f 1537 1456 1810
f 1456 1454 1706
f 1454 1621 1702
f 1621 1800 1801
f 1801 1699 1701
f 1699 1697 1616
f 1697 1883 1694
f 1883 2047 2044
f 2044 2218 2301
f 2218 2391 2301
f 2391 2679 2301
f 2679 3052 2959
f 3052 3468 3466
f 3468 3797 3796
f 3797 3798 4147
f 3798 3800 4002
f 3800 3554 3799
f 3554 3556 3799
f 3556 3375 3557
f 3557 3376 3558
f 3558 3559 3804
f 3559 3560 3804
f 3560 3562 3669
f 3562 3064 3068
f 3068 2686 2793
f 2793 2310 2499
f 2499 2592 2881
f 2592 2136 2226
f 2136 1985 2226
f 1985 1808 1986
f 1808 1810 1986
f 1810 1456 1708
f 1456 1706 1708
f 1706 1454 1702
f 1702 1621 1891
f 1621 1801 1891
f 1801 1701 1803
f 1701 1699 1617
f 1699 1616 1617
f 1616 1697 1694
f 1694 1883 1961
f 1883 2044 1961
f 2044 2301 2217
f 2301 2679 2677
f 2679 2959 2677
f 2959 3052 3466
f 3466 3468 3796
f 3796 3797 4144
f 3797 4147 4144
f 4147 3798 4002
f 4002 3800 4001
f 3800 3799 4001
f 3799 3556 3801
f 3556 3557 3801
f 3557 3558 3802
f 3558 3804 3803
f 3804 3560 3805
f 3560 3669 3805
f 3669 3562 3674
f 3562 3068 3382
f 3068 2793 2974
f 2793 2499 2974
f 2499 2881 2880
f 2881 2592 2691
f 2592 2226 2397
f 2226 1985 2143
f 1985 1986 2143
f 1986 1810 1987
f 1810 1708 1895
f 1708 1706 1806
f 1706 1702 1891
f 1891 1801 1803
f 1803 1701 1620
f 1701 1617 1620
f 1617 1616 1532
f 1616 1694 1612
f 1694 1961 1878
f 1961 2044 2217
f 2217 2301 2677
f 2677 2959 2954
f 2959 3466 3372
f 3466 3796 3372
f 3796 4144 4142
f 4144 4147 4562
f 4147 4002 4222
f 4002 4001 4222
f 4001 3799 4004
f 3799 3801 4004
f 3801 3557 3802
f 3802 3558 3803
f 3803 3804 4006
f 3804 3805 3913
f 3805 3669 3913
f 3669 3674 3917
f 3674 3562 3561
f 3562 3382 3561
f 3382 3068 3069
f 3068 2974 3069
f 2974 2499 2880
f 2880 2881 3167
f 2881 2691 2883
f 2691 2592 2397
f 2397 2226 2143
f 2143 1986 2057
f 1986 1987 2057
f 1987 1810 1895
f 1895 1708 1806
f 1806 1706 1891
f 1891 1803 1979
f 1803 1620 1703
f 1620 1617 1533
f 1617 1532 1533
f 1532 1616 1612
f 1612 1694 1878
f 1878 1961 2216
f 1961 2217 2216
f 2217 2677 2574
f 2677 2954 2574
f 2954 2959 3372
f 3372 3796 3795
f 3796 4142 4218
f 4142 4144 4558
f 4144 4562 4558
f 4562 4147 4443
f 4147 4222 4443
f 4222 4001 4146
f 4001 4004 4149
f 4004 3801 4005
f 3801 3802 4005
f 3802 3803 4006
f 4006 3804 4007
f 3804 3913 4007
f 3913 3669 3917
f 3917 3674 3916
f 3674 3561 3563
f 3561 3382 3272
f 3382 3069 3272
f 3069 2974 2975
f 2974 2880 3276
f 2880 3167 3276
f 3167 2881 2883
f 2883 2691 2693
f 2691 2397 2502
f 2397 2143 2316
f 2143 2057 2316
f 2057 1987 2055
f 1987 1895 2054
f 1895 1806 1981
f 1806 1891 1978
f 1891 1979 1978
f 1979 1803 1703
f 1703 1620 1704
f 1620 1533 1535
f 1533 1532 1449
f 1532 1612 1446
f 1612 1878 1687
f 1878 2216 2123
f 2216 2217 2574
f 2574 2954 2953
f 2954 3372 3371
f 3372 3795 3371
f 3795 3796 4218
f 4218 4142 4555
f 4142 4558 4555
f 4558 4562 4828
f 4562 4443 4751
f 4443 4222 4329
f 4222 4146 4329
f 4146 4001 4149
f 4149 4004 4005
f 4005 3802 4006
f 4006 4007 4337
f 4007 3913 4564
f 3913 3917 4450
f 3917 3916 4157
f 3916 3674 3919
f 3674 3563 3673
f 3563 3561 3163
f 3561 3272 3163
f 3272 3069 2973
f 3069 2975 2976
f 2975 2974 3274
f 2974 3276 3274
f 3276 3167 3483
f 3167 2883 3170
f 2883 2693 2980
f 2693 2691 2502
f 2502 2397 2316
f 2316 2057 2142
f 2057 2055 2142
f 2055 1987 2054
f 2054 1895 1981
f 1981 1806 1978
f 1978 1979 1981
f 1979 1703 1977
f 1703 1704 1980
f 1704 1620 1535
f 1535 1533 1451
f 1533 1449 1451
f 1449 1532 1446
f 1446 1612 1687
f 1687 1878 2123
f 2123 2216 2572
f 2216 2574 2572
f 2574 2953 2572
f 2953 2954 3369
f 2954 3371 3369
f 3371 3795 3793
f 3795 4218 4216
f 4218 4555 4667
f 4555 4558 4829
f 4558 4828 4829
f 4828 4562 4751
f 4751 4443 4557
f 4443 4329 4557
f 4329 4146 4220
f 4146 4149 4221
f 4149 4005 4227
f 4005 4006 4227
f 4006 4337 4229
f 4337 4007 4564
f 4564 3913 4450
f 4450 3917 4452
f 3917 4157 4452
f 4157 3916 4233
f 3916 3919 4232
f 3919 3674 3673
f 3673 3563 3477
f 3563 3163 3164
f 3163 3272 2973
f 2973 3069 2976
f 2976 2975 3166
f 2975 3274 3275
f 3274 3276 3479
f 3276 3483 3479
f 3483 3167 3170
f 3170 2883 2980
f 2980 2693 2801
f 2693 2502 2593
f 2502 2316 2396
f 2316 2142 2396
f 2142 2055 2141
f 2055 2054 2137
f 2054 1981 2052
f 1981 1979 2052
f 1979 1977 1892
f 1977 1703 1980
f 1980 1704 1622
f 1704 1535 1622
f 1535 1451 1452
f 1451 1449 1198
f 1449 1446 1283
f 1446 1687 1361
f 1687 2123 1685
f 2123 2572 2570
f 2572 2953 2570
f 2953 3369 3370
f 3369 3371 3793
f 3793 3795 4216
f 4216 4218 4667
f 4667 4555 4914
f 4555 4829 4914
f 4829 4828 5076
f 4828 4751 4982
f 4751 4557 4669
f 4557 4329 4326
f 4329 4220 4326
f 4220 4146 4221
f 4221 4149 4227
f 4227 4006 4229
f 4229 4337 4673
f 4337 4564 4673
f 4564 4450 4923
f 4450 4452 4840
f 4452 4157 4343
f 4157 4233 4343
f 4233 3916 4232
f 4232 3919 4342
f 3919 3673 3918
f 3673 3477 3672
f 3477 3563 3164
f 3164 3163 2879
f 3163 2973 2879
f 2973 2976 2796
f 2976 3166 2796
f 3166 2975 3275
f 3275 3274 3478
f 3274 3479 3478
f 3479 3483 3807
f 3483 3170 3485
f 3170 2980 3172
f 2980 2801 2981
f 2801 2693 2593
f 2593 2502 2396
f 2396 2142 2315
f 2142 2141 2315
f 2141 2055 2137
f 2137 2054 2052
f 2052 1979 1893
f 1979 1892 1893
f 1892 1977 1982
f 1977 1980 1982
f 1980 1622 1804
f 1622 1535 1452
f 1452 1451 1092
f 1451 1198 1092
f 1198 1449 1283
f 1283 1446 1361
f 1361 1687 1445
f 1687 1685 1445
f 1685 2123 1956
f 2123 2570 1956
f 2570 2953 3046
f 2953 3370 3046
f 3370 3369 3791
f 3369 3793 3791
f 3793 4216 4215
f 4216 4667 4215
f 4667 4914 4913
f 4914 4829 5147
f 4829 5076 5147
f 5076 4828 4982
f 4982 4751 4916
f 4751 4669 4916
f 4669 4557 4662
f 4557 4326 4550
f 4326 4220 4328
f 4220 4221 4327
f 4221 4227 4330
f 4227 4229 4444
f 4229 4673 4444
f 4673 4564 4919
f 4564 4923 4983
f 4923 4450 4840
f 4840 4452 4758
f 4452 4343 4454
f 4343 4233 4453
f 4233 4232 4453
f 4232 4342 4570
f 4342 3919 3918
f 3918 3673 3672
f 3672 3477 3476
f 3477 3164 3067
f 3164 2879 2792
f 2879 2973 2796
f 2796 3166 3071
f 3166 3275 3482
f 3275 3478 3480
f 3478 3479 3807
f 3807 3483 3811
f 3483 3485 3811
f 3485 3170 3172
f 3172 2980 2981
f 2981 2801 2798
f 2801 2593 2692
f 2593 2396 2500
f 2396 2315 2500
f 2315 2141 2225
f 2141 2137 2225
f 2137 2052 2053
f 2052 1893 2053
f 1893 1892 1626
f 1892 1982 1538
f 1982 1980 2139
f 1980 1804 1984
f 1804 1622 1455
f 1622 1452 1455
f 1452 1092 1288
f 1092 1198 794
f 1198 1283 994
f 1283 1361 1086
f 1361 1445 1086
f 1445 1685 1444
f 1685 1956 1444
f 1956 2570 2384
f 2570 3046 2384
f 3046 3370 3154
f 3370 3791 3792
f 3791 3793 4215
f 4215 4667 4551
f 4667 4913 4551
f 4913 4914 5206
f 4914 5147 5206
f 5147 5076 5289
f 5076 4982 5289
f 4982 4916 5208
f 4916 4669 4912
f 4669 4662 4912
f 4662 4557 4550
f 4550 4326 4437
f 4326 4328 4324
f 4328 4220 4327
f 4327 4221 4330
f 4330 4227 4444
f 4444 4673 4917
f 4673 4919 4917
f 4919 4564 4983
f 4983 4923 5365
f 4923 4840 5298
f 4840 4758 5154
f 4758 4452 4454
f 4454 4343 4455
f 4343 4453 4456
f 4453 4232 4570
f 4570 4342 4686
f 4342 3918 4341
f 3918 3672 3915
f 3672 3476 3671
f 3476 3477 3067
f 3067 3164 2792
f 2792 2879 2795
f 2879 2796 2795
f 2796 3071 2795
f 3071 3166 3482
f 3482 3275 3480
f 3480 3478 3806
f 3478 3807 3806
f 3807 3811 4021
f 3811 3485 3813
f 3485 3172 3486
f 3172 2981 3283
f 2981 2798 3073
f 2798 2801 2692
f 2692 2593 2500
f 2500 2315 2394
f 2315 2225 2394
f 2225 2137 2138
f 2137 2053 2138
f 2053 1893 1707
f 1893 1626 1707
f 1626 1892 1538
f 1538 1982 1540
f 1982 2139 1983
f 2139 1980 1984
f 1984 1804 1811
f 1804 1455 1627
f 1455 1452 1288
f 1288 1092 999
f 1092 794 999
f 794 1198 887
f 1198 994 887
f 994 1283 1086
f 1086 1445 1195
f 1445 1444 1195
f 1444 1956 1681
f 1956 2384 2041
f 2384 3046 2772
f 3046 3154 2772
f 3154 3370 3792
f 3792 3791 4138
f 3791 4215 4138
f 4215 4551 4138
f 4551 4913 4979
f 4913 5206 5283
f 5206 5147 5429
f 5147 5289 5429
f 5289 4982 5208
f 5208 4916 5146
f 4916 4912 5146
f 4912 4662 4909
f 4662 4550 4546
f 4550 4437 4546
f 4437 4326 4324
f 4324 4328 4438
f 4328 4327 4438
f 4327 4330 4560
f 4330 4444 4671
f 4444 4917 4671
f 4917 4919 5077
f 4919 4983 5211
f 4983 5365 5515
f 5365 4923 5298
f 5298 4840 5154
f 5154 4758 4990
f 4758 4454 4990
f 4454 4455 4158
f 4455 4343 4456
f 4456 4453 4572
f 4453 4570 4572
f 4570 4686 4688
f 4686 4342 4341
f 4341 3918 3915
f 3915 3672 3671
f 3671 3476 3475
f 3476 3067 3065
f 3067 2792 3065
f 2792 2795 2590
f 2795 3071 3070
f 3071 3482 3484
f 3482 3480 3810
f 3480 3806 3808
f 3806 3807 4015
f 3807 4021 4016
f 4021 3811 4025
f 3811 3813 4025
f 3813 3485 3486
f 3486 3172 3283
f 3283 2981 3073
f 3073 2798 2882
f 2798 2692 2690
f 2692 2500 2501
f 2500 2394 2501
f 2394 2225 2314
f 2225 2138 2314
f 2138 2053 1896
f 2053 1707 1896
f 1707 1626 1367
f 1626 1538 1203
f 1538 1540 1205
f 1540 1982 1983
f 1983 2139 1988
f 2139 1984 2059
f 1984 1811 1991
f 1811 1804 1627
f 1627 1455 1366
f 1455 1288 1366
f 1288 999 1202
f 999 794 795
f 794 887 704
f 887 994 789
f 994 1086 1195
f 1195 1444 990
f 1444 1681 1442
f 1681 1956 2041
f 2041 2384 2298
f 2384 2772 2298
f 2772 3154 2773
f 3154 3792 3794
f 3792 4138 4217
f 4138 4551 4549
f 4551 4979 4978
f 4979 4913 5283
f 5283 5206 5509
f 5206 5429 5509
f 5429 5289 5431
f 5289 5208 5431
f 5208 5146 5357
f 5146 4912 5072
f 4912 4909 5072
f 4909 4662 4747
f 4662 4546 4747
f 4546 4437 4433
f 4437 4324 4433
f 4324 4438 4434
f 4438 4327 4554
f 4327 4560 4554
f 4560 4330 4671
f 4671 4917 4981
f 4917 5077 4981
f 5077 4919 5211
f 5211 4983 5515
f 5515 5365 5797
f 5365 5298 5715
f 5298 5154 5435
f 5154 4990 5435
f 4990 4454 4689
f 4454 4158 4344
f 4158 4455 4236
f 4455 4456 4237
f 4456 4572 4237
f 4572 4570 4688
f 4688 4686 4841
f 4686 4341 4451
f 4341 3915 4451
f 3915 3671 3914
f 3671 3475 3668
f 3475 3476 3065
f 3065 2792 2687
f 2792 2590 2687
f 2590 2795 3070
f 3070 3071 3484
f 3484 3482 3810
f 3810 3480 3808
f 3808 3806 4017
f 3806 4015 4017
f 4015 3807 4016
f 4016 4021 4344
f 4021 4025 4347
f 4025 3813 4026
f 3813 3486 3814
f 3486 3283 3488
f 3283 3073 3279
f 3073 2882 3074
f 2882 2798 2690
f 2690 2692 2501
f 2501 2394 2395
f 2394 2314 2395
f 2314 2138 2227
f 2138 1896 1897
f 1896 1707 1457
f 1707 1367 1457
f 1367 1626 1203
f 1203 1538 1205
f 1205 1540 1207
f 1540 1983 1541
f 1983 1988 1541
f 1988 2139 2058
f 2139 2059 2228
f 2059 1984 1991
f 1991 1811 1990
f 1811 1627 1809
f 1627 1366 1625
f 1366 1288 1202
f 1202 999 1000
f 999 795 1000
f 795 794 706
f 794 704 706
f 704 887 789
f 789 994 1195
f 1195 990 786
f 990 1444 1192
f 1444 1442 1192
f 1442 1681 1785
f 1681 2041 1785
f 2041 2298 1950
f 2298 2772 2482
f 2772 2773 2482
f 2773 3154 2955
f 3154 3794 3256
f 3794 3792 4217
f 4217 4138 4549
f 4549 4551 4978
f 4978 4979 5354
f 4979 5283 5354
f 5283 5509 5571
f 5509 5429 5574
f 5429 5431 5574
f 5431 5208 5357
f 5357 5146 5355
f 5146 5072 5279
f 5072 4909 5069
f 4909 4747 4906
f 4747 4546 4818
f 4546 4433 4660
f 4433 4324 4434
f 4434 4438 4436
f 4438 4554 4436
f 4554 4560 4825
f 4560 4671 4825
f 4671 4981 4825
f 4981 5077 5205
f 5077 5211 5356
f 5211 5515 5572
f 5515 5797 5873
f 5797 5365 5715
f 5715 5298 5577
f 5298 5435 5577
f 5435 4990 5216
f 4990 4689 4842
f 4689 4454 4344
f 4344 4158 4016
f 4158 4236 4015
f 4236 4455 4237
f 4237 4572 4345
f 4572 4688 4345
f 4688 4841 4458
f 4841 4686 4757
f 4686 4451 4757
f 4451 3915 3914
f 3914 3671 3668
f 3668 3475 3380
f 3475 3065 2878
f 3065 2687 2878
f 2687 2590 2312
f 2590 3070 2977
f 3070 3484 3481
f 3484 3810 3812
f 3810 3808 4017
f 4017 4015 4236
f 4015 4016 4158
f 4344 4021 4346
f 4021 4347 4346
f 4347 4025 4349
f 4025 4026 4349
f 4026 3813 3814
f 3814 3486 3488
f 3488 3283 3279
f 3279 3073 3074
f 3074 2882 2978
f 2882 2690 2797
f 2690 2501 2591
f 2501 2395 2591
f 2395 2314 2227
f 2227 2138 1897
f 1897 1896 1539
f 1896 1457 1539
f 1457 1367 892
f 1367 1203 892
f 1203 1205 797
f 1205 1207 798
f 1207 1540 1541
f 1541 1988 1544
f 1988 2058 1992
f 2058 2139 2147
f 2139 2228 2147
f 2228 2059 2147
f 2059 1991 2062
f 1991 1990 2061
f 1990 1811 1809
f 1809 1627 1625
f 1625 1366 1365
f 1366 1202 1365
f 1202 1000 1201
f 1000 795 890
f 795 706 707
f 706 704 703
f 704 789 786
f 789 1195 786
f 786 990 880
f 990 1192 1083
f 1192 1442 1358
f 1442 1785 1606
f 1785 2041 1950
f 1950 2298 2118
f 2298 2482 2118
f 2482 2773 2775
f 2773 2955 3048
f 2955 3154 3048
f 3154 3256 3048
f 3256 3794 3646
f 3794 4217 4141
f 4217 4549 4664
f 4549 4978 5145
f 4978 5354 5421
f 5354 5283 5571
f 5571 5509 5642
f 5509 5574 5642
f 5574 5431 5643
f 5431 5357 5643
f 5357 5355 5573
f 5355 5146 5279
f 5279 5072 5069
f 5069 4909 5142
f 4909 4906 5142
f 4906 4747 4818
f 4818 4546 4660
f 4660 4433 4538
f 4433 4434 4431
f 4434 4436 4542
f 4436 4554 4548
f 4554 4825 4548
f 4825 4981 5071
f 4981 5205 5071
f 5205 5077 5507
f 5077 5356 5507
f 5356 5211 5572
f 5572 5515 5873
f 5873 5797 6188
f 5797 5715 6192
f 5715 5577 5975
f 5577 5435 5804
f 5435 5216 5578
f 5216 4990 5085
f 4990 4842 5085
f 4842 4689 4573
f 4689 4344 4573
f 4236 4237 4020
f 4237 4345 4020
f 4345 4688 4458
f 4458 4841 4457
f 4841 4757 4988
f 4757 4451 4567
f 4451 3914 4567
f 3914 3668 4010
f 3668 3380 3666
f 3380 3475 2878
f 2878 2687 2498
f 2687 2312 2498
f 2312 2590 2977
f 2977 3070 3481
f 3481 3484 3812
f 3812 3810 4023
f 3810 4017 4020
f 4017 4236 4020
f 4344 4346 4573
f 4346 4347 4574
f 4347 4349 4577
f 4349 4026 4243
f 4026 3814 4031
f 3814 3488 3818
f 3488 3279 3489
f 3279 3074 3280
f 3074 2978 3171
f 2978 2882 2797
f 2797 2690 2591
f 2591 2395 2317
f 2395 2227 2317
f 2227 1897 1898
f 1897 1539 1542
f 1539 1457 1094
f 1457 892 1094
f 892 1203 796
f 1203 797 796
f 797 1205 798
f 798 1207 895
f 1207 1541 1291
f 1541 1544 1291
f 1544 1988 1992
f 1992 2058 2145
f 2058 2147 2145
f 2147 2059 2149
f 2059 2062 2149
f 2062 1991 2061
f 2061 1990 2148
f 1990 1809 1989
f 1809 1625 1807
f 1625 1365 1624
f 1365 1202 1201
f 1201 1000 1091
f 1000 890 1091
f 890 795 793
f 795 707 793
f 707 706 703
f 703 704 702
f 704 786 702
f 786 880 784
f 880 990 1083
f 1083 1192 1358
f 1358 1442 1606
f 1606 1785 1870
f 1785 1950 1870
f 1950 2118 2040
f 2118 2482 2297
f 2482 2775 2568
f 2775 2773 3048
f 3048 3256 3257
f 3256 3646 3257
f 3646 3794 4141
f 4141 4217 4440
f 4217 4664 4665
f 4664 4549 5145
f 5145 4978 5421
f 5421 5354 5639
f 5354 5571 5641
f 5571 5642 5712
f 5642 5574 5643
f 5643 5357 5573
f 5573 5355 5570
f 5355 5279 5570
f 5279 5069 5278
f 5069 5142 5278
f 5142 4906 4975
f 4906 4818 4975
f 4818 4660 4744
f 4660 4538 4744
f 4538 4433 4431
f 4431 4434 4542
f 4542 4436 4544
f 4436 4548 4544
f 4548 4825 4822
f 4825 5071 4822
f 5071 5205 5282
f 5205 5507 5568
f 5507 5356 5710
f 5356 5572 5710
f 5572 5873 5967
f 5873 6188 6186
f 6188 5797 6192
f 6192 5715 5975
f 5975 5577 5804
f 5804 5435 5578
f 5578 5216 5437
f 5216 5085 5217
f 5085 4842 4843
f 4842 4573 4574
f 4020 4345 4023
f 4345 4458 4023
f 4458 4457 4019
f 4457 4841 4988
f 4988 4757 4924
f 4757 4567 4924
f 4567 3914 4010
f 4010 3668 3666
f 3666 3380 3663
f 3380 2878 2788
f 2878 2498 2134
f 2498 2312 2051
f 2312 2977 2794
f 2977 3481 3385
f 3481 3812 3809
f 3812 4023 4019
f 4023 3810 4020
f 4573 4346 4574
f 4574 4347 4577
f 4577 4349 4460
f 4349 4243 4460
f 4243 4026 4031
f 4031 3814 3818
f 3818 3488 3489
f 3489 3279 3280
f 3280 3074 3171
f 3171 2978 3173
f 2978 2797 2979
f 2797 2591 2594
f 2591 2317 2594
f 2317 2227 1898
f 1898 1897 1542
f 1542 1539 1204
f 1539 1094 1204
f 1094 892 574
f 892 796 575
f 796 797 577
f 797 798 578
f 798 895 636
f 895 1207 1291
f 1291 1544 1368
f 1544 1992 1628
f 1992 2145 1993
f 2145 2147 2230
f 2147 2149 2230
f 2149 2062 2066
f 2062 2061 2151
f 2061 2148 2233
f 2148 1990 1989
f 1989 1809 1807
f 1807 1625 1624
f 1624 1365 1453
f 1365 1201 1453
f 1201 1091 1287
f 1091 890 998
f 890 793 888
f 793 707 791
f 707 703 705
f 703 702 787
f 702 786 784
f 784 880 882
f 880 1083 879
f 1083 1358 987
f 1358 1606 1277
f 1606 1870 1522
f 1870 1950 2040
f 2040 2118 2211
f 2118 2297 2211
f 2297 2482 2568
f 2568 2775 2573
f 2775 3048 2777
f 3048 3257 2960
f 3257 3646 3647
f 3646 4141 3999
f 4141 4440 3999
f 4440 4217 4439
f 4217 4665 4439
f 4665 4664 4749
f 4664 5145 4911
f 5145 5421 5420
f 5421 5639 5791
f 5639 5354 5641
f 5641 5571 5712
f 5712 5642 5713
f 5642 5643 5713
f 5643 5573 5798
f 5573 5570 5793
f 5570 5279 5504
f 5279 5278 5504
f 5278 5142 5274
f 5142 4975 5140
f 4975 4818 4904
f 4818 4744 4904
f 4744 4538 4657
f 4538 4431 4535
f 4431 4542 4430
f 4542 4544 4541
f 4544 4548 4822
f 4822 5071 5070
f 5071 5282 5070
f 5282 5205 5568
f 5568 5507 5871
f 5507 5710 5871
f 5710 5572 5967
f 5967 5873 6186
f 6186 6188 6317
f 6188 6192 6414
f 6192 5975 6421
f 5975 5804 6196
f 5804 5578 5980
f 5578 5437 5720
f 5437 5216 5217
f 5217 5085 5087
f 5085 4843 5087
f 4843 4842 4574
f 4023 4458 4019
f 4019 4457 4018
f 4457 4988 4571
f 4988 4924 5153
f 4924 4567 5151
f 4567 4010 4682
f 4010 3666 3663
f 3663 3380 3378
f 3380 2788 3378
f 2788 2878 2134
f 2134 2498 2051
f 2051 2312 2311
f 2312 2794 2311
f 2794 2977 3385
f 3385 3481 3809
f 3809 3812 4019
f 4574 4577 4843
f 4577 4460 4761
f 4460 4243 4459
f 4243 4031 4241
f 4031 3818 4032
f 3818 3489 3819
f 3489 3280 3487
f 3280 3171 3387
f 3171 3173 3387
f 3173 2978 2979
f 2979 2797 2799
f 2797 2594 2799
f 2594 2317 2398
f 2317 1898 1812
f 1898 1542 1543
f 1542 1204 1206
f 1204 1094 708
f 1094 574 708
f 574 892 575
f 575 796 577
f 577 797 578
f 578 798 636
f 636 895 709
f 895 1291 1002
f 1291 1368 1002
f 1368 1544 1628
f 1628 1992 1993
f 1993 2145 2229
f 2145 2230 2229
f 2230 2149 2150
f 2149 2066 2150
f 2066 2062 1997
f 2062 2151 2067
f 2151 2061 2233
f 2233 2148 2231
f 2148 1989 2146
f 1989 1807 2056
f 1807 1624 1894
f 1624 1453 1705
f 1453 1201 1287
f 1287 1091 1199
f 1091 998 1199
f 998 890 888
f 888 793 886
f 793 791 886
f 791 707 705
f 705 703 790
f 703 787 790
f 787 702 784
f 784 882 785
f 882 880 879
f 879 1083 987
f 987 1358 1277
f 1277 1606 1522
f 1522 1870 1675
f 1870 2040 1946
f 2040 2211 1946
f 2211 2297 2380
f 2297 2568 2381
f 2568 2573 2381
f 2573 2775 2777
f 2777 3048 2960
f 2960 3257 3258
f 3257 3647 3258
f 3647 3646 3999
f 3999 4440 4441
f 4440 4439 4665
f 4665 4749 4553
f 4749 4664 4911
f 4911 5145 5144
f 5145 5420 5350
f 5420 5421 5569
f 5421 5791 5569
f 5791 5639 5792
f 5639 5641 5792
f 5641 5712 5795
f 5712 5713 5799
f 5713 5643 5716
f 5643 5798 5716
f 5798 5573 5793
f 5793 5570 5789
f 5570 5504 5789
f 5504 5278 5503
f 5278 5274 5503
f 5274 5142 5140
f 5140 4975 5063
f 4975 4904 5063
f 4904 4744 4741
f 4744 4657 4741
f 4657 4538 4535
f 4535 4431 4430
f 4430 4542 4541
f 4541 4544 4746
f 4544 4822 4821
f 4822 5070 4821
f 5070 5282 5351
f 5282 5568 5351
f 5568 5871 5870
f 5871 5710 6077
f 5710 5967 6077
f 5967 6186 6184
f 6186 6317 6313
f 6317 6188 6414
f 6414 6192 6421
f 6421 5975 6196
f 6196 5804 5980
f 5980 5578 5720
f 5720 5437 5439
f 5437 5217 5439
f 5217 5087 5219
f 5087 4843 4845
f 4019 4018 3809
f 4018 4457 4571
f 4571 4988 4987
f 4988 5153 4987
f 5153 4924 5151
f 5151 4567 4682
f 4682 4010 4008
f 4010 3663 4008
f 3663 3378 3661
f 3378 2788 3270
f 2788 2134 2585
f 2134 2051 1799
f 2051 2311 1974
f 2311 2794 2589
f 2794 3385 3384
f 3385 3809 3680
f 4843 4577 4845
f 4577 4761 4845
f 4761 4460 4691
f 4460 4459 4691
f 4459 4243 4241
f 4241 4031 4032
f 4032 3818 3819
f 3819 3489 3487
f 3487 3280 3387
f 3387 3173 3388
f 3173 2979 3174
f 2979 2799 2802
f 2799 2594 2694
f 2594 2398 2694
f 2398 2317 2144
f 2317 1812 2144
f 1812 1898 1543
f 1543 1542 1206
f 1206 1204 893
f 1204 708 893
f 708 574 430
f 574 575 431
f 575 577 394
f 577 578 395
f 578 636 432
f 636 709 472
f 709 895 1002
f 1002 1368 1095
f 1368 1628 1459
f 1628 1993 1709
f 1993 2229 2060
f 2229 2230 2400
f 2230 2150 2237
f 2150 2066 1901
f 2066 1997 1901
f 1997 2062 2067
f 2067 2151 1998
f 2151 2233 2069
f 2233 2231 2238
f 2231 2148 2146
f 2146 1989 2056
f 2056 1807 1894
f 1894 1624 1705
f 1705 1453 1619
f 1453 1287 1364
f 1287 1199 1364
f 1199 998 1089
f 998 888 1089
f 888 886 997
f 886 791 885
f 791 705 790
f 790 787 884
f 787 784 785
f 785 882 881
f 882 879 877
f 879 987 986
f 987 1277 1186
f 1277 1522 1439
f 1522 1675 1602
f 1675 1870 1946
f 1946 2211 2210
f 2211 2380 2479
f 2380 2297 2381
f 2381 2573 2487
f 2573 2777 2575
f 2777 2960 2678
f 2960 3258 2871
f 3258 3647 3650
f 3647 3999 4145
f 3999 4441 4145
f 4441 4440 4670
f 4440 4665 4553
f 4553 4749 4666
f 4749 4911 4907
f 4911 5144 4907
f 5144 5145 5350
f 5350 5420 5565
f 5420 5569 5708
f 5569 5791 5708
f 5791 5792 5874
f 5792 5641 5794
f 5641 5795 5794
f 5795 5712 5799
f 5799 5713 5801
f 5713 5716 5801
f 5716 5798 5802
f 5798 5793 6083
f 5793 5789 6081
f 5789 5504 5707
f 5504 5503 5707
f 5503 5274 5502
f 5274 5140 5345
f 5140 5063 5197
f 5063 4904 4902
f 4904 4741 4902
f 4741 4657 4531
f 4657 4535 4532
f 4535 4430 4427
f 4430 4541 4537
f 4541 4746 4537
f 4746 4544 4821
f 4821 5070 5067
f 5070 5351 5067
f 5351 5568 5638
f 5568 5870 5638
f 5870 5871 6073
f 5871 6077 6073
f 6077 5967 6184
f 6184 6186 6313
f 6313 6317 6312
f 6317 6414 6409
f 6414 6421 6503
f 6421 6196 6512
f 6196 5980 6334
f 5980 5720 6088
f 5720 5439 5581
f 5439 5217 5368
f 5217 5219 5368
f 5219 5087 5088
f 5087 4845 5088
f 3809 4018 3680
f 4018 4571 4014
f 4571 4987 4685
f 4987 5153 5215
f 5153 5151 5434
f 5151 4682 4836
f 4682 4008 4155
f 4008 3663 3661
f 3661 3378 3270
f 3270 2788 2585
f 2585 2134 1886
f 2134 1799 1886
f 1799 2051 1974
f 1974 2311 2135
f 2311 2589 2135
f 2589 2794 2688
f 2794 3384 2688
f 3384 3385 3680
f 4845 4761 4991
f 4761 4691 4844
f 4691 4459 4575
f 4459 4241 4348
f 4241 4032 4160
f 4032 3819 4027
f 3819 3487 3815
f 3487 3387 3564
f 3387 3388 3564
f 3388 3173 3174
f 3174 2979 2982
f 2979 2802 2982
f 2802 2799 2694
f 2694 2398 2504
f 2398 2144 2319
f 2144 1812 2060
f 1812 1543 1458
f 1543 1206 1208
f 1206 893 894
f 893 708 471
f 708 430 471
f 430 574 431
f 431 575 394
f 394 577 395
f 395 578 432
f 432 636 472
f 472 709 519
f 709 1002 801
f 1002 1095 801
f 1095 1368 1459
f 1459 1628 1709
f 1709 1993 2060
f 2060 2229 2320
f 2229 2400 2505
f 2400 2230 2237
f 2237 2150 2068
f 2150 1901 2068
f 1901 1997 1815
f 1997 2067 1816
f 2067 1998 1816
f 1998 2151 2069
f 2069 2233 2238
f 2238 2231 2326
f 2231 2146 2321
f 2146 2056 2318
f 2056 1894 2140
f 1894 1705 1976
f 1705 1619 1802
f 1619 1453 1364
f 1364 1199 1285
f 1199 1089 1197
f 1089 888 997
f 997 886 996
f 886 885 996
f 885 791 884
f 791 790 884
f 884 787 785
f 785 881 991
f 881 882 877
f 877 879 986
f 986 987 1186
f 1186 1277 1439
f 1439 1522 1602
f 1602 1675 1869
f 1675 1946 1869
f 1946 2210 2207
f 2210 2211 2479
f 2479 2380 2483
f 2380 2381 2484
f 2381 2487 2484
f 2487 2573 2575
f 2575 2777 2678
f 2678 2960 2871
f 2871 3258 3058
f 3258 3650 3058
f 3650 3647 4145
f 4145 4441 4561
f 4441 4670 4752
f 4670 4440 4553
f 4553 4666 4750
f 4666 4749 4748
f 4749 4907 4819
f 4907 5144 5143
f 5144 5350 5348
f 5350 5565 5348
f 5565 5420 5567
f 5420 5708 5567
f 5708 5791 5872
f 5791 5874 5872
f 5874 5792 5969
f 5792 5794 5969
f 5794 5795 5875
f 5795 5799 5877
f 5799 5801 5878
f 5801 5716 5645
f 5716 5802 5645
f 5802 5798 6083
f 6083 5793 6081
f 6081 5789 6078
f 5789 5707 6078
f 5707 5503 5706
f 5503 5502 5706
f 5502 5274 5345
f 5345 5140 5197
f 5197 5063 5060
f 5063 4902 5060
f 4902 4741 4740
f 4741 4531 4740
f 4531 4657 4532
f 4532 4535 4427
f 4427 4430 4537
f 4537 4746 4745
f 4746 4821 5067
f 5067 5351 5349
f 5351 5638 5637
f 5638 5870 5637
f 5870 6073 6071
f 6073 6077 6183
f 6077 6184 6183
f 6184 6313 6309
f 6313 6312 6307
f 6312 6317 6409
f 6409 6414 6503
f 6503 6421 6512
f 6512 6196 6334
f 6334 5980 6088
f 6088 5720 5807
f 5720 5581 5807
f 5581 5439 5368
f 5368 5219 5303
f 5219 5088 5303
f 5088 4845 4991
f 3680 4018 4014
f 4014 4571 4569
f 4571 4685 4569
f 4685 4987 5084
f 4987 5215 5084
f 5215 5153 5434
f 5434 5151 5362
f 5151 4836 5362
f 4836 4682 4155
f 4155 4008 3661
f 3661 3270 3658
f 3270 2585 3267
f 2585 1886 2583
f 1886 1799 1698
f 1799 1974 1888
f 1974 2135 1889
f 2135 2589 2222
f 2589 2688 2588
f 2688 3384 3383
f 3384 3680 3679
f 4991 4761 4844
f 4844 4691 4759
f 4691 4575 4759
f 4575 4459 4348
f 4348 4241 4160
f 4160 4032 4027
f 4027 3819 3815
f 3815 3487 3564
f 3564 3388 3565
f 3388 3174 3389
f 3174 2982 2884
f 2982 2802 2695
f 2802 2694 2504
f 2504 2398 2319
f 2319 2144 2320
f 2144 2060 2320
f 2060 1812 1709
f 1812 1458 1709
f 1458 1543 1208
f 1208 1206 894
f 894 893 573
f 893 471 573
f 471 430 335
f 430 431 336
f 431 394 315
f 394 395 300
f 395 432 316
f 432 472 337
f 472 519 373
f 519 709 801
f 801 1095 800
f 1095 1459 1209
f 1459 1709 1458
f 2320 2229 2505
f 2505 2400 2698
f 2400 2237 2404
f 2237 2068 1999
f 2068 1901 1713
f 1901 1815 1714
f 1815 1997 1633
f 1997 1816 1633
f 1816 1998 1634
f 1998 2069 2001
f 2069 2238 2153
f 2238 2326 2153
f 2326 2231 2321
f 2321 2146 2318
f 2318 2056 2140
f 2140 1894 1976
f 1976 1705 1802
f 1802 1619 1700
f 1619 1364 1450
f 1364 1285 1450
f 1285 1199 1197
f 1197 1089 996
f 1089 997 996
f 996 885 1087
f 885 884 1087
f 884 785 1085
f 785 991 1085
f 991 881 1194
f 881 877 878
f 877 986 783
f 986 1186 984
f 1186 1439 1436
f 1439 1602 1436
f 1602 1869 1600
f 1869 1946 2207
f 2207 2210 2475
f 2210 2479 2475
f 2479 2483 2565
f 2483 2380 2484
f 2484 2487 2387
f 2487 2575 2389
f 2575 2678 2390
f 2678 2871 2579
f 2871 3058 2681
f 3058 3650 3653
f 3650 4145 4225
f 4145 4561 4225
f 4561 4441 4752
f 4752 4670 4826
f 4670 4553 4750
f 4750 4666 4748
f 4748 4749 4819
f 4819 4907 4905
f 4907 5143 4905
f 5143 5144 5348
f 5348 5565 5636
f 5565 5567 5868
f 5567 5708 5868
f 5708 5872 5868
f 5872 5874 6080
f 5874 5969 6080
f 5969 5794 5875
f 5875 5795 5877
f 5877 5799 5878
f 5878 5801 5717
f 5801 5645 5717
f 5645 5802 5719
f 5802 6083 5977
f 6083 6081 6330
f 6081 6078 6325
f 6078 5707 5964
f 5707 5706 5964
f 5706 5502 5705
f 5502 5345 5501
f 5345 5197 5344
f 5197 5060 5194
f 5060 4902 4813
f 4902 4740 4813
f 4740 4531 4650
f 4531 4532 4527
f 4532 4427 4423
f 4427 4537 4425
f 4537 4745 4534
f 4745 4746 5067
f 5067 5349 5066
f 5349 5351 5637
f 5637 5870 5865
f 5870 6071 5865
f 6071 6073 6181
f 6073 6183 6181
f 6183 6184 6309
f 6309 6313 6307
f 6307 6312 6182
f 6312 6409 6310
f 6409 6503 6408
f 6503 6512 6502
f 6512 6334 6508
f 6334 6088 6427
f 6088 5807 6200
f 5807 5581 5648
f 5581 5368 5524
f 5368 5303 5524
f 5303 5088 5304
f 5088 4991 5304
f 3680 4014 3679
f 4014 4569 4013
f 4569 4685 4684
f 4685 5084 4986
f 5084 5215 5297
f 5215 5434 5364
f 5434 5362 5519
f 5362 4836 4835
f 4836 4155 4153
f 4155 3661 3658
f 3658 3270 3267
f 3267 2585 2583
f 2583 1886 1969
f 1886 1698 1614
f 1698 1799 1888
f 1888 1974 1889
f 1889 2135 1972
f 2135 2222 1972
f 2222 2589 2588
f 2588 2688 2791
f 2688 3383 2791
f 3383 3384 3679
f 4991 4844 5086
f 4844 4759 4925
f 4759 4575 4760
f 4575 4348 4576
f 4348 4160 4350
f 4160 4027 4242
f 4027 3815 4028
f 3815 3564 3816
f 3564 3565 3816
f 3565 3388 3389
f 3389 3174 3076
f 3174 2884 3076
f 2884 2982 2695
f 2695 2802 2504
f 2504 2319 2505
f 2319 2320 2505
f 1458 1208 1209
f 1208 894 799
f 894 573 576
f 573 471 353
f 471 335 353
f 335 430 336
f 336 431 315
f 315 394 300
f 300 395 316
f 316 432 337
f 337 472 373
f 373 519 396
f 519 801 579
f 801 800 579
f 800 1095 1209
f 1209 1459 1458
f 2505 2698 2695
f 2698 2400 2404
f 2404 2237 2240
f 2237 1999 2240
f 1999 2068 1713
f 1713 1901 1714
f 1714 1815 1547
f 1815 1633 1547
f 1633 1816 1634
f 1634 1998 2001
f 2001 2069 2154
f 2069 2153 2154
f 2153 2326 2071
f 2326 2321 2324
f 2321 2318 2399
f 2318 2140 2503
f 2140 1976 2313
f 1976 1802 2224
f 1802 1700 1973
f 1700 1619 1450
f 1450 1285 1363
f 1285 1197 1196
f 1197 996 1196
f 996 1087 1088
f 1087 884 1085
f 1085 991 1194
f 1194 881 1193
f 881 878 1191
f 878 877 783
f 783 986 984
f 984 1186 1182
f 1186 1436 1182
f 1436 1602 1600
f 1600 1869 1868
f 1869 2207 1868
f 2207 2475 2205
f 2475 2479 2565
f 2565 2483 2386
f 2483 2484 2386
f 2484 2387 2386
f 2387 2487 2389
f 2389 2575 2390
f 2390 2678 2579
f 2579 2871 2681
f 2681 3058 2966
f 3058 3653 2966
f 3653 3650 4225
f 4225 4561 4672
f 4561 4752 4831
f 4752 4826 4918
f 4826 4670 4750
f 4750 4748 4910
f 4748 4819 4816
f 4819 4905 4816
f 4905 5143 5137
f 5143 5348 5137
f 5348 5636 5419
f 5636 5565 5868
f 5868 5872 5966
f 5872 6080 5966
f 6080 5969 6189
f 5969 5875 5970
f 5875 5877 5970
f 5877 5878 5974
f 5878 5717 5803
f 5717 5645 5522
f 5645 5719 5522
f 5719 5802 5977
f 5977 6083 6330
f 6330 6081 6325
f 6325 6078 6322
f 6078 5964 6322
f 5964 5706 5867
f 5706 5705 5867
f 5705 5502 5501
f 5501 5345 5344
f 5344 5197 5194
f 5194 5060 4974
f 5060 4813 4974
f 4813 4740 4811
f 4740 4650 4811
f 4650 4531 4527
f 4527 4532 4423
f 4423 4427 4425
f 4425 4537 4534
f 4534 4745 4743
f 4745 5067 5066
f 5066 5349 5347
f 5349 5637 5347
f 5637 5865 5635
f 5865 6071 5788
f 6071 6181 5961
f 6181 6183 6180
f 6183 6309 6180
f 6309 6307 6179
f 6307 6182 6069
f 6182 6312 6310
f 6310 6409 6408
f 6408 6503 6502
f 6502 6512 6508
f 6508 6334 6427
f 6427 6088 6200
f 6200 5807 5883
f 5807 5648 5883
f 5648 5581 5524
f 5524 5303 5525
f 5303 5304 5525
f 5304 4991 5218
f 3679 4014 4013
f 4013 4569 4568
f 4569 4684 4568
f 4684 4685 4986
f 4986 5084 5214
f 5084 5297 5214
f 5297 5215 5364
f 5364 5434 5519
f 5519 5362 5575
f 5362 4835 5295
f 4835 4836 4153
f 4153 4155 3658
f 3658 3267 3265
f 3267 2583 3265
f 2583 1969 2581
f 1969 1886 1614
f 1614 1698 1696
f 1698 1888 1696
f 1888 1889 1796
f 1889 1972 1887
f 1972 2222 2049
f 2222 2588 2220
f 2588 2791 2586
f 2791 3383 3273
f 3383 3679 3677
f 4991 5086 5218
f 5086 4844 4925
f 4925 4759 4926
f 4759 4760 4926
f 4760 4575 4576
f 4576 4348 4350
f 4350 4160 4242
f 4242 4027 4028
f 4028 3815 3816
f 3816 3565 3817
f 3565 3389 3566
f 3389 3076 3286
f 3076 2884 2889
f 2884 2695 2698
f 2695 2504 2505
f 1209 1208 799
f 799 894 576
f 576 573 371
f 573 353 371
f 353 335 263
f 335 336 264
f 336 315 243
f 315 300 228
f 300 316 210
f 316 337 229
f 337 373 244
f 373 396 301
f 396 519 579
f 579 800 518
f 800 1209 799
f 2698 2404 2407
f 2404 2240 2407
f 2240 1999 1635
f 1999 1713 1465
f 1713 1714 1373
f 1714 1547 1294
f 1547 1633 1548
f 1633 1634 1463
f 1634 2001 1716
f 2001 2154 1716
f 2154 2153 2002
f 2153 2071 2003
f 2071 2326 2324
f 2324 2321 2399
f 2399 2318 2503
f 2503 2140 2313
f 2313 1976 2224
f 2224 1802 1973
f 1973 1700 2133
f 1700 1450 1531
f 1450 1363 1531
f 1363 1285 1196
f 1196 996 1088
f 1088 1087 1282
f 1087 1085 1281
f 1085 1194 1280
f 1194 1193 1528
f 1193 881 1191
f 1191 878 876
f 878 783 782
f 783 984 983
f 984 1182 1078
f 1182 1436 1354
f 1436 1600 1354
f 1600 1868 1866
f 1868 2207 2205
f 2205 2475 2472
f 2475 2565 2472
f 2565 2386 2382
f 2386 2387 2126
f 2387 2389 2126
f 2389 2390 2128
f 2390 2579 2219
f 2579 2681 2304
f 2681 2966 2491
f 2966 3653 3656
f 3653 4225 4334
f 4225 4672 4334
f 4672 4561 4831
f 4831 4752 4918
f 4918 4826 5074
f 4826 4750 4980
f 4750 4910 4980
f 4910 4748 4977
f 4748 4816 4817
f 4816 4905 4901
f 4905 5137 5136
f 5137 5348 5419
f 5419 5636 5704
f 5636 5868 5963
f 5868 5966 6318
f 5966 6080 6323
f 6080 6189 6323
f 6189 5969 5970
f 5970 5877 5971
f 5877 5974 5971
f 5974 5878 5803
f 5803 5717 5579
f 5717 5522 5579
f 5522 5719 5580
f 5719 5977 5806
f 5977 6330 6198
f 6330 6325 6507
f 6325 6322 6412
f 6322 5964 6185
f 5964 5867 6185
f 5867 5705 5866
f 5705 5501 5633
f 5501 5344 5500
f 5344 5194 5342
f 5194 4974 5134
f 4974 4813 4973
f 4813 4811 4973
f 4811 4650 4647
f 4650 4527 4521
f 4527 4423 4419
f 4423 4425 4526
f 4425 4534 4654
f 4534 4743 4814
f 4743 4745 5066
f 5066 5347 5065
f 5347 5637 5635
f 5635 5865 5788
f 5788 6071 5961
f 5961 6181 6068
f 6181 6180 6068
f 6180 6309 6179
f 6179 6307 6069
f 6069 6182 5863
f 6182 6310 5962
f 6310 6408 6072
f 6408 6502 6315
f 6502 6508 6412
f 6508 6427 6426
f 6427 6200 6426
f 6200 5883 5884
f 5883 5648 5649
f 5648 5524 5649
f 5524 5525 5649
f 5525 5304 5440
f 5304 5218 5300
f 3679 4013 3677
f 4013 4568 4012
f 4568 4684 4756
f 4684 4986 4985
f 4986 5214 5150
f 5214 5297 5363
f 5297 5364 5433
f 5364 5519 5518
f 5519 5575 5518
f 5575 5362 5295
f 5295 4835 4834
f 4835 4153 4151
f 4153 3658 4151
f 3658 3265 3655
f 3265 2583 2581
f 2581 1969 1964
f 1969 1614 1692
f 1614 1696 1692
f 1696 1888 1695
f 1888 1796 1695
f 1796 1889 1887
f 1887 1972 1885
f 1972 2049 1885
f 2049 2222 2220
f 2220 2588 2586
f 2586 2791 2790
f 2791 3273 3381
f 3273 3383 3677
f 5218 5086 5301
f 5086 4925 4926
f 4926 4760 4846
f 4760 4576 4846
f 4576 4350 4461
f 4350 4242 4461
f 4242 4028 4244
f 4028 3816 4033
f 3816 3817 4033
f 3817 3565 3566
f 3566 3389 3286
f 3286 3076 2889
f 2889 2884 2698
f 799 576 518
f 576 371 393
f 371 353 262
f 353 263 262
f 263 335 264
f 264 336 243
f 243 315 228
f 228 300 173
f 300 210 209
f 210 316 211
f 316 229 211
f 229 337 244
f 244 373 301
f 301 396 282
f 396 579 374
f 579 518 374
f 518 800 799
f 2698 2407 2701
f 2407 2240 1818
f 2240 1635 1818
f 1635 1999 1465
f 1465 1713 1373
f 1373 1714 1294
f 1294 1547 1372
f 1547 1548 1372
f 1548 1633 1463
f 1463 1634 1466
f 1634 1716 1466
f 1716 2154 2002
f 2002 2153 2003
f 2003 2071 1819
f 2071 2324 2152
f 2324 2399 2403
f 2399 2503 2595
f 2503 2313 2800
f 2313 2224 2689
f 2224 1973 2497
f 1973 2133 2496
f 2133 1700 1798
f 1700 1531 1798
f 1531 1363 1447
f 1363 1196 1282
f 1196 1088 1282
f 1282 1087 1281
f 1281 1085 1280
f 1280 1194 1529
f 1194 1528 1529
f 1528 1193 1527
f 1193 1191 1527
f 1191 876 1189
f 876 878 782
f 782 783 983
f 983 984 1078
f 1078 1182 1354
f 1354 1600 1599
f 1600 1866 1599
f 1866 1868 2202
f 1868 2205 2202
f 2205 2472 2471
f 2472 2565 2670
f 2565 2382 2481
f 2382 2386 2124
f 2386 2126 2124
f 2126 2389 2128
f 2128 2390 2219
f 2219 2579 2304
f 2304 2681 2491
f 2491 2966 2584
f 2966 3656 3060
f 3656 3653 4334
f 4334 4672 4833
f 4672 4831 5080
f 4831 4918 5079
f 4918 5074 5207
f 5074 4826 4980
f 4980 4910 5202
f 4910 4977 5201
f 4977 4748 4817
f 4817 4816 4815
f 4816 4901 4815
f 4901 4905 5136
f 5136 5137 5418
f 5137 5419 5418
f 5419 5704 5418
f 5704 5636 5960
f 5636 5963 5960
f 5963 5868 6308
f 5868 6318 6314
f 6318 5966 6323
f 6323 6189 6326
f 6189 5970 6190
f 5970 5971 6190
f 5971 5974 6084
f 5974 5803 5880
f 5803 5579 5805
f 5579 5522 5300
f 5522 5580 5438
f 5580 5719 5806
f 5806 5977 6198
f 6198 6330 6426
f 6330 6507 6426
f 6507 6325 6412
f 6412 6322 6185
f 6185 5867 6075
f 5867 5866 6075
f 5866 5705 5633
f 5633 5501 5500
f 5500 5344 5342
f 5342 5194 5134
f 5134 4974 5133
f 4974 4973 5133
f 4973 4811 4735
f 4811 4647 4735
f 4647 4650 4521
f 4521 4527 4419
f 4419 4423 4526
f 4526 4425 4654
f 4654 4534 4814
f 4814 4743 5059
f 4743 5066 5065
f 5065 5347 5346
f 5347 5635 5346
f 5635 5788 5564
f 5788 5961 5787
f 5961 6068 5958
f 6068 6180 6178
f 6180 6179 6178
f 6179 6069 6067
f 6069 5863 5957
f 5863 6182 5962
f 5962 6310 6072
f 6072 6408 6315
f 6315 6502 6412
f 6412 6508 6507
f 6508 6426 6507
f 6426 6200 6199
f 6200 5884 6199
f 5884 5883 5649
f 5649 5525 5650
f 5525 5440 5650
f 5440 5304 5300
f 5300 5218 5301
f 3677 4013 4012
f 4012 4568 4011
f 4568 4756 4566
f 4756 4684 4985
f 4985 4986 5150
f 5150 5214 5296
f 5214 5363 5296
f 5363 5297 5433
f 5433 5364 5517
f 5364 5518 5517
f 5518 5575 5514
f 5575 5295 5514
f 5295 4834 5291
f 4834 4835 4151
f 4151 3658 3655
f 3655 3265 3262
f 3265 2581 3262
f 2581 1964 2578
f 1964 1969 1692
f 1692 1696 1691
f 1696 1695 1691
f 1695 1796 1795
f 1796 1887 1882
f 1887 1885 1968
f 1885 2049 2048
f 2049 2220 2132
f 2220 2586 2309
f 2586 2790 2495
f 2790 2791 3063
f 2791 3381 3063
f 3381 3273 3676
f 3273 3677 3676
f 5301 5086 5155
f 5086 4926 5155
f 4926 4846 4992
f 4846 4576 4692
f 4576 4461 4692
f 4461 4242 4244
f 4244 4028 4033
f 4033 3817 4034
f 3817 3566 3820
f 3566 3286 3567
f 3286 2889 3179
f 2889 2698 2701
f 518 576 393
f 393 371 280
f 371 262 280
f 262 263 206
f 263 264 207
f 264 243 208
f 243 228 172
f 228 173 158
f 173 300 209
f 209 210 140
f 210 211 140
f 211 229 148
f 229 244 152
f 244 301 191
f 301 282 175
f 282 396 374
f 374 518 372
f 2701 2407 2072
f 2407 1818 2072
f 1818 1635 1298
f 1635 1465 1212
f 1465 1373 1101
f 1373 1294 1006
f 1294 1372 1211
f 1372 1548 1463
f 1463 1466 1295
f 1466 1716 1299
f 1716 2002 1718
f 2002 2003 1718
f 2003 1819 1550
f 1819 2071 1464
f 2071 2152 1632
f 2152 2324 2403
f 2403 2399 2595
f 2595 2503 2800
f 2800 2313 2689
f 2689 2224 2497
f 2497 1973 2221
f 1973 2496 2221
f 2496 2133 2131
f 2133 1798 1884
f 1798 1531 1613
f 1531 1447 1613
f 1447 1363 1282
f 1282 1281 1447
f 1281 1280 1529
f 1529 1528 1793
f 1528 1527 1790
f 1527 1191 1526
f 1191 1189 1526
f 1189 876 1187
f 876 782 985
f 782 983 874
f 983 1078 872
f 1078 1354 1077
f 1354 1599 1353
f 1599 1866 1595
f 1866 2202 1941
f 2202 2205 2471
f 2471 2472 2564
f 2472 2670 2564
f 2670 2565 2481
f 2481 2382 2122
f 2382 2124 2122
f 2124 2126 1790
f 2126 2128 1790
f 2128 2219 1793
f 2219 2304 1966
f 2304 2491 2306
f 2491 2584 2306
f 2584 2966 3060
f 3060 3656 3660
f 3656 4334 4230
f 4334 4833 4755
f 4833 4672 5080
f 5080 4831 5079
f 5079 4918 5207
f 5207 5074 5286
f 5074 4980 5204
f 4980 5202 5204
f 5202 4910 5201
f 5201 4977 5273
f 4977 4817 4903
f 4817 4815 4903
f 4815 4901 4971
f 4901 5136 5192
f 5136 5418 5415
f 5418 5704 5701
f 5704 5960 5701
f 5960 5963 6308
f 6308 5868 6314
f 6314 6318 6316
f 6318 6323 6410
f 6323 6326 6410
f 6326 6189 6190
f 6190 5971 6193
f 5971 6084 6193
f 6084 5974 5880
f 5880 5803 5805
f 5805 5579 5981
f 5579 5300 5367
f 5300 5522 5438
f 5438 5580 5647
f 5580 5806 5647
f 5806 6198 5881
f 6198 6426 6199
f 6412 6185 6315
f 6185 6075 6315
f 6075 5866 6074
f 5866 5633 5864
f 5633 5500 5703
f 5500 5342 5498
f 5342 5134 5270
f 5134 5133 5267
f 5133 4973 4892
f 4973 4735 4892
f 4735 4647 4643
f 4647 4521 4512
f 4521 4419 4515
f 4419 4526 4519
f 4526 4654 4738
f 4654 4814 4898
f 4814 5059 5055
f 5059 4743 5065
f 5065 5346 5271
f 5346 5635 5564
f 5564 5788 5787
f 5787 5961 5958
f 5958 6068 6066
f 6068 6178 6066
f 6178 6179 6067
f 6067 6069 5957
f 5957 5863 5786
f 5863 5962 5703
f 5962 6072 5864
f 6072 6315 6074
f 6199 5884 5881
f 5884 5649 5650
f 5650 5440 5651
f 5440 5300 5438
f 5300 5301 5367
f 3677 4012 3676
f 4012 4011 3676
f 4011 4568 4340
f 4568 4566 4340
f 4566 4756 4838
f 4756 4985 4984
f 4985 5150 5149
f 5150 5296 5212
f 5296 5363 5294
f 5363 5433 5360
f 5433 5517 5432
f 5517 5518 5513
f 5518 5514 5513
f 5514 5295 5291
f 5291 4834 4830
f 4834 4151 4148
f 4151 3655 4148
f 3655 3262 3652
f 3262 2581 2578
f 2578 1964 1959
f 1964 1692 1689
f 1692 1691 1689
f 1691 1695 1795
f 1795 1796 1882
f 1882 1887 1968
f 1968 1885 1967
f 1885 2048 1967
f 2048 2049 2132
f 2132 2220 2309
f 2309 2586 2495
f 2495 2790 2789
f 2790 3063 2789
f 3063 3381 3379
f 3381 3676 3670
f 5301 5155 5442
f 5155 4926 4992
f 4992 4846 5089
f 4846 4692 4928
f 4692 4461 4762
f 4461 4244 4579
f 4244 4033 4245
f 4033 4034 4245
f 4034 3817 3820
f 3820 3566 3567
f 3567 3286 3179
f 3179 2889 2701
f 518 393 372
f 393 280 314
f 280 262 206
f 206 263 207
f 207 264 208
f 208 243 172
f 172 228 158
f 158 173 151
f 173 209 147
f 209 140 134
f 140 211 141
f 211 148 141
f 148 229 152
f 152 244 191
f 191 301 175
f 175 282 174
f 282 374 265
f 374 372 317
f 2701 2072 2329
f 2072 1818 1467
f 1818 1298 1467
f 1298 1635 1212
f 1212 1465 1101
f 1101 1373 1006
f 1006 1294 1211
f 1211 1372 1463
f 1463 1295 1211
f 1295 1466 1299
f 1299 1716 1551
f 1716 1718 1551
f 1718 2003 1719
f 2003 1550 1719
f 1550 1819 1296
f 1819 1464 1296
f 1464 2071 1632
f 1632 2152 1712
f 2152 2403 2239
f 2403 2595 2601
f 2595 2800 2804
f 2800 2689 3165
f 2689 2497 3066
f 2497 2221 2496
f 2496 2131 2493
f 2131 2133 1884
f 1884 1798 1613
f 1613 1447 1530
f 1447 1281 1530
f 1281 1529 1530
f 1529 1793 1880
f 1793 1528 1790
f 1790 1527 1788
f 1527 1526 1875
f 1526 1189 1525
f 1189 1187 1524
f 1187 876 985
f 985 782 874
f 874 983 872
f 872 1078 1077
f 1077 1354 1353
f 1353 1599 1595
f 1595 1866 1941
f 1941 2202 2199
f 2202 2471 2199
f 2471 2564 2469
f 2564 2670 2378
f 2670 2481 2477
f 2481 2122 2213
f 2122 2124 1788
f 2124 1790 1788
f 1790 2128 1793
f 1793 2219 1880
f 2219 1966 1880
f 1966 2304 2306
f 2306 2584 2493
f 2584 3060 2493
f 3060 3660 3061
f 3660 3656 4230
f 4230 4334 4755
f 4755 4833 5082
f 4833 5080 5082
f 5080 5079 5293
f 5079 5207 5428
f 5207 5286 5425
f 5286 5074 5204
f 5204 5202 5505
f 5202 5201 5505
f 5201 5273 5634
f 5273 4977 5061
f 4977 4903 5061
f 4903 4815 4895
f 4815 4971 4895
f 4971 4901 5192
f 5192 5136 5415
f 5415 5418 5701
f 5701 5960 5956
f 5960 6308 6305
f 6308 6314 6316
f 6316 6318 6319
f 6318 6410 6319
f 6410 6326 6415
f 6326 6190 6328
f 6190 6193 6328
f 6193 6084 6194
f 6084 5880 5976
f 5880 5805 5978
f 5805 5981 6201
f 5981 5579 5885
f 5579 5367 5885
f 5438 5647 5523
f 5647 5806 5881
f 5881 6198 6199
f 6315 6075 6074
f 6074 5866 5864
f 5864 5633 5703
f 5703 5500 5498
f 5498 5342 5270
f 5270 5134 5267
f 5267 5133 5049
f 5133 4892 5049
f 4892 4735 4734
f 4735 4643 4734
f 4643 4647 4512
f 4512 4521 4515
f 4515 4419 4519
f 4519 4526 4738
f 4738 4654 4898
f 4898 4814 5055
f 5055 5059 5269
f 5059 5065 5271
f 5271 5346 5499
f 5346 5564 5499
f 5564 5787 5702
f 5787 5958 5862
f 5958 6066 5954
f 6066 6178 6065
f 6178 6067 6065
f 6067 5957 6064
f 5957 5786 5955
f 5786 5863 5631
f 5863 5703 5631
f 5703 5962 5864
f 5864 6072 6074
f 5881 5884 5651
f 5884 5650 5651
f 5651 5440 5523
f 5440 5438 5523
f 5367 5301 5808
f 3676 4011 3670
f 4011 4340 4009
f 4340 4566 4683
f 4566 4838 4683
f 4838 4756 4984
f 4984 4985 5149
f 5149 5150 5212
f 5212 5296 5359
f 5296 5294 5359
f 5294 5363 5360
f 5360 5433 5432
f 5432 5517 5513
f 5513 5514 5511
f 5514 5291 5511
f 5291 4830 5287
f 4830 4834 4148
f 4148 3655 3652
f 3652 3262 3156
f 3262 2578 3156
f 2578 1959 2489
f 1959 1964 1689
f 1689 1691 1688
f 1691 1795 1688
f 1795 1882 1794
f 1882 1968 1965
f 1968 1967 2045
f 1967 2048 2046
f 2048 2132 2309
f 2309 2495 2393
f 2495 2789 2393
f 2789 3063 2787
f 3063 3379 3162
f 3379 3381 3670
f 5301 5442 5652
f 5442 5155 5220
f 5155 4992 5220
f 4992 5089 5220
f 5089 4846 4928
f 4928 4692 4762
f 4762 4461 4579
f 4579 4244 4245
f 4245 4034 4467
f 4034 3820 4164
f 3820 3567 3821
f 3567 3179 3490
f 3179 2701 3080
f 372 393 314
f 314 280 226
f 280 206 226
f 206 207 169
f 207 208 170
f 208 172 154
f 172 158 150
f 158 151 146
f 151 173 147
f 147 209 134
f 134 140 111
f 140 141 111
f 141 148 113
f 148 152 125
f 152 191 135
f 191 175 124
f 175 174 133
f 174 282 265
f 265 374 317
f 317 372 281
f 2701 2329 2894
f 2329 2072 1717
f 2072 1467 1717
f 1467 1298 1217
f 1298 1212 1218
f 1212 1101 1105
f 1101 1006 1011
f 1006 1211 901
f 1211 1295 1100
f 1295 1299 1100
f 1299 1551 1376
f 1551 1718 1552
f 1718 1719 1552
f 1719 1550 1468
f 1550 1296 1213
f 1296 1464 1004
f 1464 1632 1098
f 1632 1712 1293
f 1712 2152 2239
f 2239 2403 2601
f 2601 2595 2804
f 2804 2800 3168
f 2800 3165 3168
f 3165 2689 3066
f 3066 2497 3062
f 2497 2496 3062
f 2496 2493 3061
f 2493 2131 2306
f 2131 1884 1966
f 1884 1613 1690
f 1613 1530 1690
f 1530 1529 1880
f 1788 1527 1875
f 1875 1526 1525
f 1525 1189 1524
f 1524 1187 1440
f 1187 985 1184
f 985 874 875
f 874 872 873
f 872 1077 870
f 1077 1353 1072
f 1353 1595 1176
f 1595 1941 1771
f 1941 2199 2034
f 2199 2471 2469
f 2469 2564 2470
f 2564 2378 2470
f 2378 2670 2477
f 2477 2481 2213
f 2213 2122 1875
f 2122 1788 1875
f 1880 1966 1690
f 1966 2306 2131
f 2493 3060 3061
f 3061 3660 3664
f 3660 4230 4338
f 4230 4755 4837
f 4755 5082 4837
f 5082 5080 5293
f 5293 5079 5358
f 5079 5428 5358
f 5428 5207 5425
f 5425 5286 5506
f 5286 5204 5506
f 5204 5505 5506
f 5505 5201 5566
f 5201 5634 5566
f 5634 5273 5343
f 5273 5061 5343
f 5061 4903 4896
f 4903 4895 4896
f 4895 4971 4804
f 4971 5192 5191
f 5192 5415 5412
f 5415 5701 5699
f 5701 5956 5699
f 5956 5960 6305
f 6305 6308 6407
f 6308 6316 6407
f 6316 6319 6320
f 6319 6410 6411
f 6410 6415 6411
f 6415 6326 6328
f 6328 6193 6329
f 6193 6194 6329
f 6194 6084 5976
f 5976 5880 5978
f 5978 5805 6201
f 6201 5981 6523
f 5981 5885 6433
f 5885 5367 5808
f 5523 5647 5651
f 5647 5881 5651
f 5703 5498 5631
f 5498 5270 5417
f 5270 5267 5416
f 5267 5049 5266
f 5049 4892 4890
f 4892 4734 4890
f 4734 4643 4638
f 4643 4512 4510
f 4512 4515 4640
f 4515 4519 4642
f 4519 4738 4808
f 4738 4898 4970
f 4898 5055 5131
f 5055 5269 5340
f 5269 5059 5271
f 5271 5499 5497
f 5499 5564 5702
f 5702 5787 5862
f 5862 5958 5954
f 5954 6066 6063
f 6066 6065 6063
f 6065 6067 6064
f 6064 5957 5955
f 5955 5786 5785
f 5786 5631 5785
f 5808 5301 5652
f 3670 4011 4009
f 4009 4340 4231
f 4340 4683 4681
f 4683 4838 4921
f 4838 4984 4921
f 4984 5149 5212
f 5212 5359 5210
f 5359 5294 5209
f 5294 5360 5292
f 5360 5432 5430
f 5432 5513 5510
f 5513 5511 5510
f 5511 5291 5287
f 5287 4830 4915
f 4830 4148 4143
f 4148 3652 4143
f 3652 3156 3649
f 3156 2578 2489
f 2489 1959 1957
f 1959 1689 1792
f 1689 1688 1792
f 1688 1795 1794
f 1794 1882 1965
f 1965 1968 2045
f 2045 1967 1963
f 1967 2046 1963
f 2046 2048 2305
f 2048 2309 2308
f 2309 2393 2308
f 2393 2789 2685
f 2789 2787 2786
f 2787 3063 3162
f 3162 3379 3474
f 3379 3670 3665
f 5652 5442 5810
f 5442 5220 5526
f 5220 5089 5305
f 5089 4928 5090
f 4928 4762 4993
f 4762 4579 4930
f 4579 4245 4697
f 4245 4467 4697
f 4467 4034 4164
f 4164 3820 3821
f 3821 3567 3490
f 3490 3179 3080
f 3080 2701 3182
f 372 314 281
f 314 226 242
f 226 206 169
f 169 207 170
f 170 208 154
f 154 172 150
f 150 158 146
f 146 151 139
f 151 147 139
f 147 134 123
f 134 111 92
f 111 141 112
f 141 113 112
f 113 148 125
f 125 152 135
f 135 191 124
f 124 175 102
f 175 133 102
f 133 174 156
f 174 265 227
f 265 317 281
f 2701 2894 3182
f 2894 2329 2704
f 2329 1717 2008
f 1717 1467 1301
f 1467 1217 1301
f 1217 1298 1218
f 1218 1212 1105
f 1105 1101 1011
f 1011 1006 901
f 901 1211 1100
f 1100 1299 1214
f 1299 1376 1214
f 1376 1551 1552
f 1552 1719 1468
f 1468 1550 1374
f 1550 1213 1374
f 1213 1296 900
f 1296 1004 900
f 1004 1464 1098
f 1098 1632 1293
f 1293 1712 1461
f 1712 2239 1900
f 2239 2601 2327
f 2601 2804 2807
f 2804 3168 3175
f 3168 3165 3678
f 3165 3066 3675
f 3066 3062 3667
f 3062 2496 3061
f 1966 1884 1690
f 1690 1530 1880
f 1875 1525 1873
f 1525 1524 1872
f 1524 1440 1781
f 1440 1187 1184
f 1184 985 875
f 875 874 873
f 873 872 870
f 870 1077 1072
f 1072 1353 1176
f 1176 1595 1350
f 1595 1771 1350
f 1771 1941 2034
f 2034 2199 2290
f 2199 2469 2290
f 2469 2470 2465
f 2470 2378 2292
f 2378 2477 2116
f 2477 2213 2212
f 2213 1875 1873
f 3061 3664 3062
f 3664 3660 4338
f 4338 4230 4837
f 4837 5082 5148
f 5082 5293 5148
f 5293 5358 5512
f 5358 5428 5711
f 5428 5425 5640
f 5425 5506 5640
f 5506 5505 5709
f 5505 5566 5709
f 5566 5634 6070
f 5634 5343 5632
f 5343 5061 5054
f 5061 4896 5054
f 4896 4895 4891
f 4895 4804 4891
f 4804 4971 4889
f 4971 5191 4889
f 5191 5192 5412
f 5412 5415 5699
f 5699 5956 5953
f 5956 6305 6175
f 6305 6407 6406
f 6407 6316 6076
f 6316 6320 6321
f 6320 6319 6411
f 6411 6415 6416
f 6415 6328 6419
f 6328 6329 6419
f 6329 6194 6424
f 6194 5976 6085
f 5976 5978 6087
f 5978 6201 6336
f 6201 6523 6594
f 6523 5981 6433
f 6433 5885 6436
f 5885 5808 6436
f 5631 5498 5629
f 5498 5417 5629
f 5417 5270 5416
f 5416 5267 5266
f 5266 5049 5045
f 5049 4890 5045
f 4890 4734 4732
f 4734 4638 4732
f 4638 4643 4510
f 4510 4512 4640
f 4640 4515 4642
f 4642 4519 4808
f 4808 4738 4970
f 4970 4898 5131
f 5131 5055 5340
f 5340 5269 5563
f 5269 5271 5497
f 5497 5499 5700
f 5499 5702 5700
f 5702 5862 5860
f 5862 5954 6061
f 5954 6063 6171
f 6063 6065 6062
f 6065 6064 6062
f 6064 5955 5952
f 5955 5785 5784
f 5785 5631 5629
f 5808 5652 5983
f 3670 4009 3665
f 4009 4231 3912
f 4231 4340 4681
f 4681 4683 4679
f 4683 4921 4680
f 4921 4984 5083
f 4984 5212 5083
f 5212 5210 5081
f 5210 5359 5290
f 5359 5209 5290
f 5209 5294 5292
f 5292 5360 5430
f 5430 5432 5510
f 5510 5511 5427
f 5511 5287 5427
f 5287 4915 5284
f 4915 4830 4143
f 4143 3652 3649
f 3649 3156 3644
f 3156 2489 3153
f 2489 1957 2485
f 1957 1959 1792
f 1792 1688 1686
f 1688 1794 1686
f 1794 1965 1960
f 1965 2045 1960
f 2045 1963 1960
f 1963 2046 1960
f 2046 2305 1960
f 2305 2048 2308
f 2308 2393 2492
f 2393 2685 2684
f 2685 2789 2786
f 2786 2787 2785
f 2787 3162 2877
f 3162 3474 3271
f 3474 3379 3665
f 5652 5810 5809
f 5810 5442 5526
f 5526 5220 5305
f 5305 5089 5090
f 5090 4928 4993
f 4993 4762 4930
f 4930 4579 4697
f 4697 4467 4699
f 4467 4164 4468
f 4164 3821 4166
f 3821 3490 3822
f 3490 3080 3491
f 3080 3182 3491
f 281 314 242
f 242 226 189
f 226 169 189
f 169 170 149
f 170 154 142
f 154 150 138
f 150 146 132
f 146 139 128
f 139 147 123
f 123 134 92
f 92 111 59
f 111 112 87
f 112 113 88
f 113 125 88
f 125 135 97
f 135 124 97
f 124 102 93
f 102 133 101
f 133 156 129
f 156 174 227
f 227 265 281
f 3182 2894 2704
f 2704 2329 2513
f 2329 2008 2513
f 2008 1717 1553
f 1717 1301 1553
f 1301 1217 1219
f 1217 1218 1305
f 1218 1105 1108
f 1105 1011 1015
f 1011 901 904
f 901 1100 903
f 1100 1214 1008
f 1214 1376 1103
f 1376 1552 1216
f 1552 1468 1300
f 1468 1374 1215
f 1374 1213 1215
f 1213 900 1102
f 900 1004 713
f 1004 1098 711
f 1098 1293 897
f 1293 1461 1003
f 1461 1712 1900
f 1900 2239 2327
f 2327 2601 2807
f 2807 2804 3175
f 3175 3168 3681
f 3168 3678 3681
f 3678 3165 3675
f 3675 3066 3667
f 3667 3062 3664
f 1873 1525 1872
f 1872 1524 1781
f 1781 1440 1780
f 1440 1184 1437
f 1184 875 1181
f 875 873 982
f 873 870 871
f 870 1072 980
f 1072 1176 1070
f 1176 1350 1067
f 1350 1771 1519
f 1771 2034 1860
f 2034 2290 2033
f 2290 2469 2465
f 2465 2470 2468
f 2470 2292 2468
f 2292 2378 2116
f 2116 2477 2212
f 2212 2213 1873
f 3664 4338 4339
f 4338 4837 4922
f 4837 5148 4922
f 5148 5293 5361
f 5293 5512 5361
f 5512 5358 5711
f 5711 5428 5640
f 5640 5506 5790
f 5506 5709 5790
f 5709 5566 5869
f 5566 6070 5869
f 6070 5634 5632
f 5632 5343 5341
f 5343 5054 5341
f 5054 4896 5048
f 4896 4891 5048
f 4891 4804 4729
f 4804 4889 4729
f 4889 5191 4886
f 5191 5412 5492
f 5412 5699 5698
f 5699 5953 5698
f 5953 5956 6175
f 6175 6305 6406
f 6406 6407 6311
f 6407 6076 6311
f 6076 6316 6321
f 6321 6320 6324
f 6320 6411 6413
f 6411 6416 6413
f 6416 6415 6419
f 6419 6329 6509
f 6329 6424 6509
f 6424 6194 6085
f 6085 5976 6087
f 6087 5978 6336
f 6336 6201 6594
f 6594 6523 6735
f 6523 6433 6808
f 6433 6436 6809
f 6436 5808 5983
f 5629 5417 5628
f 5417 5416 5628
f 5416 5266 5413
f 5266 5045 5265
f 5045 4890 4887
f 4890 4732 4887
f 4732 4638 4634
f 4638 4510 4506
f 4510 4640 4507
f 4640 4642 4635
f 4642 4808 4803
f 4808 4970 4967
f 4970 5131 5190
f 5131 5340 5411
f 5340 5563 5626
f 5563 5269 5497
f 5497 5700 5782
f 5700 5702 5860
f 5860 5862 6061
f 6061 5954 6171
f 6171 6063 6170
f 6063 6062 6170
f 6062 6064 5952
f 5952 5955 5784
f 5784 5785 5628
f 5785 5629 5628
f 5983 5652 5809
f 3665 4009 3912
f 3912 4231 4156
f 4231 4681 4565
f 4681 4679 4678
f 4679 4683 4680
f 4680 4921 4677
f 4921 5083 4920
f 5083 5212 5081
f 5081 5210 5288
f 5210 5290 5288
f 5290 5209 5288
f 5209 5292 5288
f 5292 5430 5288
f 5430 5510 5508
f 5510 5427 5508
f 5427 5287 5284
f 5284 4915 4823
f 4915 4143 4139
f 4143 3649 3644
f 3644 3156 3153
f 3153 2489 2485
f 2485 1957 1953
f 1957 1792 1684
f 1792 1686 1684
f 1686 1794 1791
f 1794 1960 1791
f 1960 2305 2303
f 2305 2308 2492
f 2492 2393 2684
f 2684 2685 2876
f 2685 2786 2876
f 2786 2785 2683
f 2785 2787 2877
f 2877 3162 3271
f 3271 3474 3473
f 3474 3665 3662
f 5809 5810 5986
f 5810 5526 5987
f 5526 5305 5582
f 5305 5090 5369
f 5090 4993 5157
f 4993 4930 5094
f 4930 4697 4932
f 4697 4699 4932
f 4699 4467 4468
f 4468 4164 4166
f 4166 3821 3822
f 3822 3490 3491
f 3491 3182 3397
f 281 242 227
f 242 189 190
f 189 169 149
f 149 170 142
f 142 154 138
f 138 150 132
f 132 146 128
f 128 139 122
f 139 123 122
f 123 92 106
f 92 59 36
f 59 111 86
f 111 87 86
f 87 112 88
f 88 125 94
f 125 97 94
f 97 124 93
f 93 102 70
f 102 101 85
f 101 133 129
f 129 156 145
f 156 227 171
f 3182 2704 2893
f 2704 2513 2514
f 2513 2008 2244
f 2008 1553 1820
f 1553 1301 1304
f 1301 1219 1304
f 1219 1217 1305
f 1305 1218 1108
f 1108 1105 1015
f 1015 1011 904
f 904 901 903
f 903 1100 1008
f 1008 1214 1009
f 1214 1103 1009
f 1103 1376 1216
f 1216 1552 1302
f 1552 1300 1302
f 1300 1468 1215
f 1215 1213 1102
f 1102 900 902
f 900 713 902
f 713 1004 711
f 711 1098 897
f 897 1293 1003
f 1003 1461 1292
f 1461 1900 1630
f 1900 2327 2065
f 2327 2807 2508
f 2807 3175 3176
f 3175 3681 3689
f 3681 3678 4238
f 3678 3675 4235
f 3675 3667 4234
f 3667 3664 4339
f 1873 1872 2212
f 1872 1781 2116
f 1781 1780 2115
f 1780 1440 1437
f 1437 1184 1181
f 1181 875 982
f 982 873 871
f 871 870 980
f 980 1072 1070
f 1070 1176 1067
f 1067 1350 1173
f 1350 1519 1173
f 1519 1771 1860
f 1860 2034 2033
f 2033 2290 2289
f 2290 2465 2289
f 2465 2468 2464
f 2468 2292 2200
f 2292 2116 2115
f 2116 2212 1872
f 4339 4338 4922
f 4922 5148 5213
f 5148 5361 5213
f 5361 5512 5516
f 5512 5711 5516
f 5711 5640 5968
f 5640 5790 5968
f 5790 5709 5965
f 5709 5869 5965
f 5869 6070 6306
f 6070 5632 5959
f 5632 5341 5630
f 5341 5054 5414
f 5054 5048 5414
f 5048 4891 4730
f 4891 4729 4730
f 4729 4889 4886
f 4886 5191 5189
f 5191 5492 5189
f 5492 5412 5698
f 5698 5953 5950
f 5953 6175 6172
f 6175 6406 6176
f 6406 6311 6306
f 6311 6076 5965
f 6076 6321 6079
f 6321 6324 6187
f 6324 6320 6413
f 6413 6416 6417
f 6416 6419 6504
f 6419 6509 6504
f 6509 6424 6517
f 6424 6085 6333
f 6085 6087 6197
f 6087 6336 6521
f 6336 6594 6658
f 6594 6735 6800
f 6735 6523 6808
f 6808 6433 6809
f 6809 6436 6742
f 6436 5983 6527
f 5628 5416 5413
f 5413 5266 5265
f 5265 5045 5043
f 5045 4887 5043
f 4887 4732 4633
f 4732 4634 4633
f 4634 4638 4506
f 4506 4510 4507
f 4507 4640 4635
f 4635 4642 4803
f 4803 4808 4967
f 4967 4970 5190
f 5190 5131 5411
f 5411 5340 5626
f 5626 5563 5857
f 5563 5497 5782
f 5782 5700 5951
f 5700 5860 5951
f 5860 6061 6169
f 6061 6171 6301
f 6171 6170 6300
f 6170 6062 6059
f 6062 5952 6059
f 5952 5784 5859
f 5784 5628 5627
f 5983 5809 6206
f 3665 3912 3662
f 3912 4156 3911
f 4156 4231 4565
f 4565 4681 4678
f 4678 4679 4754
f 4679 4680 4448
f 4680 4677 4448
f 4677 4921 4920
f 4920 5083 5081
f 5081 5288 5078
f 5288 5430 5426
f 5430 5508 5426
f 5508 5427 5423
f 5427 5284 5423
f 5284 4823 5281
f 4823 4915 4139
f 4139 4143 3644
f 3644 3153 3150
f 3153 2485 2478
f 2485 1953 1949
f 1953 1957 1684
f 1684 1686 1683
f 1686 1791 1683
f 1791 1960 1789
f 1960 2303 2300
f 2303 2305 2580
f 2305 2492 2580
f 2492 2684 2875
f 2684 2876 2969
f 2876 2786 2683
f 2683 2785 2784
f 2785 2877 2971
f 2877 3271 2971
f 3271 3473 3268
f 3473 3474 3662
f 5809 5986 5985
f 5986 5810 5987
f 5987 5526 5582
f 5582 5305 5369
f 5369 5090 5157
f 5157 4993 5094
f 5094 4930 4932
f 4932 4699 4851
f 4699 4468 4700
f 4468 4166 4355
f 4166 3822 4165
f 3822 3491 3701
f 3491 3397 3701
f 3397 3182 3181
f 227 242 171
f 242 190 171
f 190 189 153
f 189 149 153
f 149 142 126
f 142 138 120
f 138 132 116
f 132 128 110
f 128 122 105
f 122 123 106
f 106 92 91
f 92 36 47
f 36 59 32
f 59 86 50
f 86 87 50
f 87 88 52
f 88 94 52
f 94 97 71
f 97 93 71
f 93 70 78
f 70 102 69
f 102 85 69
f 85 101 84
f 101 129 99
f 129 145 137
f 145 156 155
f 156 171 155
f 3182 2893 3181
f 2893 2704 2604
f 2704 2514 2604
f 2514 2513 2244
f 2244 2008 1820
f 1820 1553 1471
f 1553 1304 1471
f 1304 1219 1223
f 1219 1305 1225
f 1305 1108 1226
f 1108 1015 1019
f 1015 904 911
f 904 903 802
f 903 1008 1009
f 1009 1103 906
f 1103 1216 1012
f 1216 1302 1013
f 1302 1300 1106
f 1300 1215 1010
f 1215 1102 902
f 902 713 715
f 713 711 581
f 711 897 638
f 897 1003 710
f 1003 1292 896
f 1292 1461 1630
f 1630 1900 2065
f 2065 2327 2508
f 2508 2807 3176
f 3176 3175 3689
f 3689 3681 4161
f 3681 4238 4161
f 4238 3678 4235
f 4235 3675 4234
f 4234 3667 4339
f 2116 1781 2115
f 2115 1780 2038
f 1780 1437 1775
f 1437 1181 1521
f 1181 982 1276
f 982 871 1076
f 871 980 981
f 980 1070 1071
f 1070 1067 979
f 1067 1173 978
f 1173 1519 1349
f 1519 1860 1673
f 2033 2034 2109
f 2033 2289 2107
f 2289 2465 2464
f 2464 2468 2374
f 2468 2200 2374
f 2200 2292 2115
f 4339 4922 4839
f 4922 5213 5152
f 5213 5361 5520
f 5361 5516 5520
f 5516 5711 5796
f 5711 5968 5796
f 5968 5790 6079
f 5790 5965 6079
f 5965 5869 6311
f 5869 6306 6311
f 6306 6070 6177
f 6070 5959 6177
f 5959 5632 5630
f 5630 5341 5783
f 5341 5414 5783
f 5414 5048 5410
f 5048 4730 5044
f 4730 4729 4631
f 4729 4886 4630
f 4886 5189 4800
f 5189 5492 5491
f 5492 5698 5696
f 5698 5950 5696
f 5950 5953 6172
f 6172 6175 6176
f 6176 6406 6306
f 5965 6076 6079
f 6079 6321 6187
f 6187 6324 6327
f 6324 6413 6418
f 6413 6417 6418
f 6417 6416 6504
f 6504 6509 6510
f 6509 6517 6510
f 6517 6424 6333
f 6333 6085 6197
f 6197 6087 6521
f 6521 6336 6658
f 6658 6594 6800
f 6800 6735 6929
f 6735 6808 6867
f 6808 6809 6870
f 6809 6742 6872
f 6742 6436 6527
f 6527 5983 6206
f 5628 5413 5627
f 5413 5265 5496
f 5265 5043 5264
f 5043 4887 4802
f 4887 4633 4802
f 4633 4634 4503
f 4634 4506 4505
f 4506 4507 4504
f 4507 4635 4632
f 4635 4803 4801
f 4803 4967 5042
f 4967 5190 5263
f 5190 5411 5494
f 5411 5626 5780
f 5626 5857 6056
f 5857 5563 5782
f 5782 5951 6166
f 5951 5860 6169
f 6169 6061 6301
f 6301 6171 6300
f 6300 6170 6167
f 6170 6059 6167
f 6059 5952 5859
f 5859 5784 5627
f 6206 5809 5985
f 3662 3912 3911
f 3911 4156 4154
f 4156 4565 4449
f 4565 4678 4449
f 4678 4754 4676
f 4754 4679 4448
f 4448 4677 4336
f 4677 4920 4563
f 4920 5081 4832
f 5081 5078 4832
f 5078 5288 5075
f 5288 5426 5424
f 5426 5508 5422
f 5508 5423 5422
f 5423 5284 5281
f 5281 4823 5277
f 4823 4139 4820
f 4139 3644 4135
f 3644 3150 3641
f 3150 3153 2478
f 2478 2485 1949
f 1949 1953 1783
f 1953 1684 1680
f 1684 1683 1680
f 1683 1791 1789
f 1789 1960 1958
f 1960 2300 1958
f 2300 2303 2577
f 2303 2580 2577
f 2580 2492 2875
f 2875 2684 2969
f 2969 2876 2783
f 2876 2683 2783
f 2683 2784 2682
f 2784 2785 2970
f 2785 2971 2970
f 2971 3271 3268
f 3268 3473 3472
f 3473 3662 3659
f 5985 5986 6207
f 5986 5987 6440
f 5987 5582 5653
f 5582 5369 5653
f 5369 5157 5443
f 5157 5094 5222
f 5094 4932 4996
f 4932 4851 4996
f 4851 4699 4700
f 4700 4468 4355
f 4355 4166 4165
f 4165 3822 3701
f 3701 3397 3823
f 3397 3181 3291
f 171 190 155
f 190 153 157
f 153 149 130
f 149 126 130
f 126 142 120
f 120 138 116
f 116 132 110
f 110 128 105
f 105 122 100
f 122 106 100
f 106 91 100
f 91 92 47
f 47 36 16
f 36 32 11
f 32 59 50
f 50 87 52
f 52 94 60
f 94 71 60
f 71 93 78
f 78 70 53
f 70 69 51
f 69 85 77
f 85 84 81
f 84 101 99
f 99 129 117
f 129 137 127
f 137 145 144
f 145 155 144
f 3181 2893 3291
f 2893 2604 2991
f 2604 2514 2810
f 2514 2244 2330
f 2244 1820 2077
f 1820 1471 1721
f 1471 1304 1309
f 1304 1223 1309
f 1223 1219 1225
f 1225 1305 1310
f 1305 1226 1310
f 1226 1108 1019
f 1019 1015 911
f 911 904 802
f 802 903 1009
f 1009 906 802
f 906 1103 1012
f 1012 1216 1013
f 1013 1302 1107
f 1302 1106 1107
f 1106 1300 1010
f 1010 1215 902
f 902 715 1010
f 715 713 581
f 581 711 638
f 638 897 710
f 710 1003 896
f 896 1292 1096
f 1292 1630 1460
f 1630 2065 1813
f 2065 2508 2234
f 2508 3176 2808
f 3176 3689 3693
f 3689 4161 4246
f 4161 4238 4693
f 4238 4235 4690
f 4235 4234 4687
f 4234 4339 4839
f 2115 2038 2200
f 2038 1780 1775
f 1775 1437 1521
f 1521 1181 1276
f 1276 982 1076
f 1076 871 981
f 981 980 1071
f 1071 1070 979
f 979 1067 978
f 978 1173 977
f 1173 1349 977
f 1349 1519 1673
f 2033 2109 1937
f 2289 2033 2371
f 2289 2464 2558
f 2464 2374 2556
f 2374 2200 2112
f 4839 4922 5152
f 5152 5213 5366
f 5213 5520 5366
f 5520 5516 5644
f 5516 5796 5644
f 5796 5968 6082
f 5968 6079 6187
f 6306 6177 6176
f 6177 5959 6174
f 5959 5630 5861
f 5630 5783 6060
f 5783 5414 5858
f 5414 5410 5858
f 5410 5048 5044
f 5044 4730 4966
f 4730 4631 4966
f 4631 4729 4630
f 4630 4886 4800
f 4800 5189 5188
f 5189 5491 5188
f 5491 5492 5696
f 5696 5950 6058
f 5950 6172 6302
f 6172 6176 6173
f 6187 6327 6082
f 6327 6324 6418
f 6418 6417 6506
f 6417 6504 6505
f 6504 6510 6505
f 6510 6517 6514
f 6517 6333 6428
f 6333 6197 6431
f 6197 6521 6589
f 6521 6658 6727
f 6658 6800 6796
f 6800 6929 6927
f 6929 6735 6867
f 6867 6808 6870
f 6870 6809 6872
f 6872 6742 6816
f 6742 6527 6745
f 6527 6206 6664
f 5627 5413 5496
f 5496 5265 5264
f 5264 5043 5041
f 5043 4802 5041
f 4802 4633 4629
f 4633 4503 4629
f 4503 4634 4505
f 4505 4506 4504
f 4504 4507 4632
f 4632 4635 4801
f 4801 4803 5042
f 5042 4967 5263
f 5263 5190 5494
f 5494 5411 5780
f 5780 5626 6056
f 6056 5857 6298
f 5857 5782 6166
f 6166 5951 6405
f 5951 6169 6405
f 6169 6301 6403
f 6301 6300 6499
f 6300 6167 6299
f 6167 6059 5949
f 6059 5859 5949
f 5859 5627 5697
f 6206 5985 6438
f 3662 3911 3659
f 3911 4154 3910
f 4154 4156 4449
f 4449 4678 4447
f 4678 4676 4447
f 4676 4754 4753
f 4754 4448 4675
f 4448 4336 4675
f 4336 4677 4563
f 4563 4920 4832
f 4832 5078 4827
f 5078 5075 4827
f 5075 5288 5285
f 5288 5424 5285
f 5424 5426 5422
f 5422 5423 5353
f 5423 5281 5353
f 5281 5277 5276
f 5277 4823 4820
f 4820 4139 4135
f 4135 3644 3641
f 3641 3150 3637
f 3150 2478 3149
f 2478 1949 2667
f 1949 1783 2114
f 1783 1953 1680
f 1680 1683 1679
f 1683 1789 1679
f 1789 1958 1786
f 1958 2300 2215
f 2300 2577 2486
f 2577 2580 2962
f 2580 2875 2962
f 2875 2969 2874
f 2969 2783 2782
f 2783 2683 2682
f 2682 2784 2782
f 2784 2970 2782
f 2970 2971 3268
f 3268 3472 3266
f 3472 3473 3659
f 5985 6207 6342
f 6207 5986 6440
f 6440 5987 5988
f 5987 5653 5988
f 5653 5369 5443
f 5443 5157 5222
f 5222 5094 5158
f 5094 4996 5158
f 4996 4851 4998
f 4851 4700 4852
f 4700 4355 4702
f 4355 4165 4469
f 4165 3701 4167
f 3701 3823 4167
f 3823 3397 3568
f 3397 3291 3568
f 155 190 157
f 157 153 136
f 153 130 136
f 130 126 114
f 126 120 107
f 120 116 103
f 116 110 98
f 110 105 96
f 105 100 90
f 100 91 90
f 91 47 68
f 47 16 28
f 16 36 11
f 11 32 21
f 32 50 37
f 50 52 37
f 52 60 41
f 60 71 45
f 71 78 53
f 53 70 51
f 51 69 58
f 69 77 58
f 77 85 81
f 81 84 80
f 84 99 80
f 99 117 95
f 117 129 127
f 127 137 119
f 137 144 131
f 144 155 157
f 3291 2893 2991
f 2991 2604 2809
f 2604 2810 2809
f 2810 2514 2330
f 2330 2244 2077
f 2077 1820 1721
f 1721 1471 1643
f 1471 1309 1643
f 1309 1223 1485
f 1223 1225 1385
f 1225 1310 1386
f 1310 1226 1484
f 1226 1019 1232
f 1019 911 913
f 911 802 806
f 802 906 806
f 906 1012 717
f 1012 1013 805
f 1013 1107 908
f 1107 1106 907
f 1106 1010 803
f 1010 715 803
f 715 581 583
f 581 638 580
f 638 710 580
f 710 896 637
f 896 1096 1097
f 1096 1292 1460
f 1460 1630 1813
f 1813 2065 2234
f 2234 2508 2808
f 2808 3176 3287
f 3176 3693 3287
f 3693 3689 4246
f 4246 4161 4698
f 4161 4693 4698
f 4693 4238 4690
f 4690 4235 4687
f 4687 4234 4839
f 2200 2038 2112
f 2038 1775 1940
f 1775 1521 1773
f 1521 1276 1596
f 1276 1076 1352
f 1076 981 1178
f 981 1071 1073
f 1071 979 1069
f 979 978 869
f 978 977 781
f 977 1349 1172
f 1349 1673 1590
f 2033 1937 1860
f 1937 2109 1857
f 2289 2371 2369
f 2289 2558 2370
f 2558 2464 2555
f 2464 2556 2555
f 2556 2374 2372
f 2374 2112 2372
f 4839 5152 4989
f 5152 5366 5299
f 5366 5520 5576
f 5520 5644 5714
f 5644 5796 5876
f 5796 6082 5876
f 6082 5968 6187
f 6176 6177 6173
f 6177 6174 6173
f 6174 5959 5861
f 5861 5630 6060
f 6060 5783 6168
f 5783 5858 6168
f 5858 5410 5493
f 5410 5044 5493
f 5044 4966 5493
f 4966 4631 4965
f 4631 4630 4627
f 4630 4800 4500
f 4800 5188 4885
f 5188 5491 5187
f 5491 5696 5779
f 5696 6058 5779
f 6058 5950 6302
f 6302 6172 6173
f 6082 6327 6191
f 6327 6418 6420
f 6418 6506 6420
f 6506 6417 6505
f 6505 6510 6511
f 6510 6514 6511
f 6514 6517 6428
f 6428 6333 6431
f 6431 6197 6589
f 6589 6521 6727
f 6727 6658 6796
f 6796 6800 6927
f 6927 6929 6986
f 6929 6867 6986
f 6867 6870 6934
f 6870 6872 6940
f 6872 6816 6877
f 6816 6742 6745
f 6745 6527 6664
f 6664 6206 6438
f 5627 5496 5697
f 5496 5264 5495
f 5264 5041 5262
f 5041 4802 4799
f 4802 4629 4799
f 4629 4503 4501
f 4503 4505 4409
f 4505 4504 4502
f 4504 4632 4628
f 4632 4801 4798
f 4801 5042 5040
f 5042 5263 5339
f 5263 5494 5625
f 5494 5780 5948
f 5780 6056 6297
f 6056 6298 6495
f 6298 5857 6166
f 6166 6405 6498
f 6405 6169 6403
f 6403 6301 6499
f 6499 6300 6299
f 6299 6167 6057
f 6167 5949 6057
f 5949 5859 5697
f 6438 5985 6342
f 3659 3911 3910
f 3910 4154 4152
f 4154 4449 4447
f 4447 4676 4674
f 4676 4753 4674
f 4753 4754 4675
f 4675 4336 4674
f 4336 4563 4445
f 4563 4832 4331
f 4832 4827 4331
f 4827 5075 4824
f 5075 5285 5073
f 5285 5424 5280
f 5424 5422 5352
f 5422 5353 5352
f 5353 5281 5276
f 5276 5277 5064
f 5277 4820 4658
f 4820 4135 4132
f 4135 3641 3637
f 3637 3150 3149
f 3149 2478 2667
f 2667 1949 2114
f 2114 1783 1867
f 1783 1680 1676
f 1680 1679 1676
f 1679 1789 1786
f 1786 1958 1955
f 1958 2215 1955
f 2215 2300 2486
f 2486 2577 2779
f 2577 2962 2779
f 2962 2875 3059
f 2875 2874 3059
f 2874 2969 2782
f 2782 2783 2682
f 2782 2970 2968
f 2970 3268 3266
f 3266 3472 3471
f 3472 3659 3657
f 6342 6207 6439
f 6207 6440 6670
f 6440 5988 6442
f 5988 5653 5654
f 5653 5443 5654
f 5443 5222 5529
f 5222 5158 5306
f 5158 4996 5160
f 4996 4998 5160
f 4998 4851 4852
f 4852 4700 4702
f 4702 4355 4469
f 4469 4165 4167
f 4167 3823 4168
f 3823 3568 3824
f 3568 3291 3569
f 157 136 143
f 136 130 118
f 130 114 118
f 114 126 107
f 107 120 103
f 103 116 98
f 98 110 96
f 96 105 90
f 90 91 68
f 68 47 43
f 47 28 43
f 28 16 24
f 16 11 5
f 11 21 13
f 21 32 37
f 37 52 41
f 41 60 45
f 45 71 53
f 53 51 40
f 51 58 44
f 58 77 54
f 77 81 67
f 81 80 65
f 80 99 89
f 99 95 83
f 95 117 109
f 117 127 109
f 127 119 121
f 119 137 131
f 131 144 136
f 144 157 143
f 3291 2991 3569
f 2991 2809 3292
f 2809 2810 3186
f 2810 2330 2515
f 2330 2077 2246
f 2077 1721 2009
f 1721 1643 2010
f 1643 1309 1828
f 1309 1485 1828
f 1485 1223 1385
f 1385 1225 1386
f 1386 1310 1484
f 1484 1226 1316
f 1226 1232 1316
f 1232 1019 913
f 913 911 806
f 806 906 717
f 717 1012 805
f 805 1013 908
f 908 1107 909
f 1107 907 909
f 907 1106 803
f 803 715 583
f 583 581 520
f 581 580 520
f 580 710 637
f 637 896 898
f 896 1097 898
f 1097 1096 1370
f 1096 1460 1369
f 1460 1813 1629
f 1813 2234 2063
f 2234 2808 2506
f 2808 3287 2985
f 3287 3693 3694
f 3693 4246 4037
f 4246 4698 4850
f 4698 4693 4995
f 4693 4690 4929
f 4690 4687 4927
f 4687 4839 4989
f 2112 2038 1940
f 1940 1775 1773
f 1773 1521 1596
f 1596 1276 1352
f 1352 1076 1178
f 1178 981 1073
f 1073 1071 1069
f 1069 979 1066
f 979 869 976
f 869 978 781
f 781 977 868
f 977 1172 868
f 1172 1349 1590
f 1590 1673 1937
f 1860 1937 1673
f 1937 1857 1590
f 1857 2109 2106
f 2289 2369 2288
f 2369 2371 2367
f 2370 2558 2456
f 2558 2555 2456
f 2555 2556 2651
f 2556 2372 2551
f 2372 2112 2108
f 4989 5152 5299
f 5299 5366 5521
f 5366 5576 5521
f 5576 5520 5714
f 5714 5644 5800
f 5644 5876 5800
f 5876 6082 6191
f 6173 6174 6303
f 6174 5861 6304
f 5861 6060 6304
f 6060 6168 6501
f 6168 5858 6402
f 5858 5493 5856
f 5493 4966 5490
f 4966 4965 5490
f 4965 4631 4627
f 4627 4630 4500
f 4500 4800 4885
f 4885 5188 5187
f 5187 5491 5488
f 5491 5779 5778
f 5779 6058 6164
f 6058 6302 6404
f 6302 6173 6303
f 6191 6327 6420
f 6420 6506 6422
f 6506 6505 6513
f 6505 6511 6513
f 6511 6514 6515
f 6514 6428 6520
f 6428 6431 6522
f 6431 6589 6590
f 6589 6727 6793
f 6727 6796 6858
f 6796 6927 6920
f 6927 6986 6928
f 6986 6867 6934
f 6934 6870 6940
f 6940 6872 6877
f 6877 6816 6665
f 6816 6745 6818
f 6745 6664 6746
f 6664 6438 6878
f 5697 5496 5495
f 5495 5264 5262
f 5262 5041 5039
f 5041 4799 5039
f 4799 4629 4626
f 4629 4501 4626
f 4501 4503 4409
f 4409 4505 4502
f 4502 4504 4628
f 4628 4632 4798
f 4798 4801 5040
f 5040 5042 5339
f 5339 5263 5625
f 5625 5494 5948
f 5948 5780 6297
f 6297 6056 6495
f 6495 6298 6652
f 6298 6166 6498
f 6498 6405 6585
f 6405 6403 6585
f 6403 6499 6586
f 6499 6299 6496
f 6299 6057 6165
f 6057 5949 5781
f 5949 5697 5781
f 6438 6342 6667
f 3659 3910 3657
f 3910 4152 3909
f 4152 4154 4447
f 4447 4674 4446
f 4674 4753 4675
f 4674 4336 4445
f 4445 4563 4228
f 4563 4331 4228
f 4331 4827 4559
f 4827 4824 4559
f 4824 5075 5073
f 5073 5285 5203
f 5285 5280 5203
f 5280 5424 5352
f 5352 5353 5275
f 5353 5276 5275
f 5276 5064 5139
f 5064 5277 4658
f 4658 4820 4132
f 4132 4135 3637
f 3637 3149 3144
f 3149 2667 2664
f 2667 2114 2376
f 2114 1867 2111
f 1867 1783 1676
f 1676 1679 1677
f 1679 1786 1677
f 1786 1955 1784
f 1955 2215 2119
f 2215 2486 2379
f 2486 2779 2675
f 2779 2962 2872
f 2962 3059 2964
f 3059 2874 2967
f 2874 2782 2967
f 2782 2968 2967
f 2968 2970 3266
f 3266 3471 3264
f 3471 3472 3657
f 6342 6439 6601
f 6439 6207 6670
f 6670 6440 6442
f 6442 5988 5990
f 5988 5654 5990
f 5654 5443 5529
f 5529 5222 5306
f 5306 5158 5307
f 5158 5160 5307
f 5160 4998 5228
f 4998 4852 4999
f 4852 4702 4853
f 4702 4469 4703
f 4469 4167 4358
f 4167 4168 4358
f 4168 3823 3824
f 3824 3568 3569
f 143 136 144
f 136 118 131
f 118 114 115
f 114 107 115
f 107 103 115
f 103 98 108
f 98 96 74
f 96 90 76
f 90 68 76
f 68 43 49
f 43 28 24
f 24 16 5
f 5 11 6
f 11 13 6
f 13 21 26
f 21 37 26
f 37 41 26
f 41 45 31
f 45 53 40
f 40 51 44
f 44 58 39
f 58 54 38
f 54 77 67
f 67 81 65
f 65 80 75
f 80 89 75
f 89 99 83
f 83 95 72
f 95 109 82
f 109 127 121
f 121 119 115
f 119 131 118
f 3569 2991 3292
f 3292 2809 3083
f 2809 3186 3083
f 3186 2810 3293
f 2810 2515 2607
f 2515 2330 2246
f 2246 2077 2009
f 2009 1721 2010
f 2010 1643 2011
f 1643 1828 2011
f 1828 1485 1739
f 1485 1385 1739
f 1385 1386 1564
f 1386 1484 1737
f 1484 1316 1394
f 1316 1232 1394
f 1232 913 1117
f 913 806 721
f 806 717 721
f 717 805 718
f 805 908 719
f 908 909 720
f 909 907 640
f 907 803 586
f 803 583 586
f 583 520 522
f 520 580 582
f 580 637 582
f 637 898 712
f 898 1097 1099
f 1097 1370 1371
f 1370 1096 1369
f 1369 1460 1629
f 1629 1813 2063
f 2063 2234 2506
f 2506 2808 2985
f 2985 3287 3288
f 3287 3694 3288
f 3694 3693 4037
f 4037 4246 4583
f 4246 4850 4583
f 4850 4698 5159
f 4698 4995 5159
f 4995 4693 4929
f 4929 4690 4927
f 4927 4687 4989
f 2112 1940 2108
f 1940 1773 1861
f 1773 1596 1772
f 1596 1352 1594
f 1352 1178 1434
f 1178 1073 1177
f 1073 1069 1177
f 1069 1066 1272
f 1066 979 976
f 976 869 867
f 869 781 780
f 781 868 778
f 868 1172 1062
f 1172 1590 1518
f 1590 1857 1518
f 1857 2106 1856
f 2106 2109 2288
f 2289 2288 2196
f 2288 2369 2106
f 2369 2367 2104
f 2367 2371 2457
f 2456 2555 2650
f 2555 2651 2650
f 2651 2556 2551
f 2551 2372 2454
f 2372 2108 2454
f 4989 5299 5436
f 5299 5521 5436
f 5521 5576 5718
f 5576 5714 5879
f 5714 5800 5973
f 5800 5876 5972
f 5876 6191 5972
f 6303 6174 6304
f 6304 6060 6501
f 6501 6168 6587
f 6168 6402 6587
f 6402 5858 5856
f 5856 5493 5947
f 5493 5490 5947
f 5490 4965 5038
f 4965 4627 4797
f 4627 4500 4794
f 4500 4885 4964
f 4885 5187 5260
f 5187 5488 5260
f 5488 5491 5778
f 5778 5779 6164
f 6164 6058 6404
f 6404 6302 6303
f 6191 6420 6422
f 6422 6506 6513
f 6513 6511 6515
f 6515 6514 6520
f 6520 6428 6522
f 6522 6431 6590
f 6590 6589 6721
f 6589 6793 6721
f 6793 6727 6858
f 6858 6796 6920
f 6920 6927 6928
f 6928 6986 7046
f 6986 6934 7050
f 6934 6940 6990
f 6940 6877 6941
f 6877 6665 6946
f 6665 6816 6818
f 6818 6745 6746
f 6746 6664 6878
f 6878 6438 6667
f 5697 5495 5781
f 5495 5262 5562
f 5262 5039 5338
f 5039 4799 4796
f 4799 4626 4796
f 4626 4501 4406
f 4501 4409 4408
f 4409 4502 4407
f 4502 4628 4625
f 4628 4798 4793
f 4798 5040 5129
f 5040 5339 5409
f 5339 5625 5695
f 5625 5948 6055
f 5948 6297 6400
f 6297 6495 6648
f 6495 6652 6714
f 6652 6298 6498
f 6498 6585 6716
f 6585 6403 6586
f 6586 6499 6496
f 6496 6299 6165
f 6165 6057 5855
f 6057 5781 5855
f 6667 6342 6601
f 3657 3910 3909
f 3909 4152 4150
f 4152 4447 4446
f 4446 4674 4445
f 4445 4228 4335
f 4228 4331 4333
f 4331 4559 4442
f 4559 4824 4668
f 4824 5073 4908
f 5073 5203 5068
f 5203 5280 5199
f 5280 5352 5200
f 5352 5275 5200
f 5275 5276 5139
f 5139 5064 5056
f 5064 4658 4900
f 4658 4132 4655
f 4132 3637 4210
f 3637 3144 3629
f 3144 3149 2664
f 2664 2667 2376
f 2376 2114 2111
f 2111 1867 2035
f 1867 1676 1776
f 1676 1677 1776
f 1677 1786 1784
f 1784 1955 2119
f 2119 2215 2379
f 2379 2486 2675
f 2675 2779 2872
f 2872 2962 2963
f 2962 2964 2963
f 2964 3059 2967
f 2967 2968 2964
f 2968 3266 3264
f 3264 3471 3263
f 3471 3657 3654
f 6601 6439 6669
f 6439 6670 6954
f 6670 6442 6673
f 6442 5990 6443
f 5990 5654 5655
f 5654 5529 5655
f 5529 5306 5530
f 5306 5307 5530
f 5307 5160 5378
f 5160 5228 5378
f 5228 4998 4999
f 4999 4852 4853
f 4853 4702 4703
f 4703 4469 4358
f 4358 4168 4360
f 4168 3824 4042
f 3824 3569 4042
f 118 115 119
f 115 103 108
f 108 98 104
f 98 74 79
f 74 96 76
f 76 68 49
f 49 43 42
f 43 24 22
f 24 5 22
f 5 6 1
f 6 13 7
f 13 26 20
f 26 41 31
f 31 45 40
f 40 44 33
f 44 39 35
f 39 58 38
f 38 54 34
f 54 67 46
f 67 65 57
f 65 75 55
f 75 89 83
f 83 72 61
f 72 95 82
f 82 109 104
f 109 121 104
f 121 115 108
f 3569 3292 3825
f 3292 3083 3186
f 3186 3293 3492
f 3293 2810 2897
f 2810 2607 2897
f 2607 2515 2246
f 2246 2009 2247
f 2009 2010 2247
f 2010 2011 2161
f 2011 1828 2251
f 1828 1739 2163
f 1739 1385 1564
f 1564 1386 1737
f 1737 1484 1831
f 1484 1394 1653
f 1394 1232 1321
f 1232 1117 1321
f 1117 913 815
f 913 721 815
f 721 717 718
f 718 805 719
f 719 908 720
f 720 909 808
f 909 640 808
f 640 907 586
f 586 583 522
f 522 520 524
f 520 582 521
f 582 637 712
f 712 898 899
f 898 1099 899
f 1099 1097 1371
f 1371 1370 1631
f 1370 1369 1546
f 1369 1629 1545
f 1629 2063 1899
f 2063 2506 2322
f 2506 2985 2805
f 2985 3288 3077
f 3288 3694 3695
f 3694 4037 4038
f 4037 4583 4465
f 4583 4850 5095
f 4850 5159 5227
f 5159 4995 5376
f 4995 4929 5226
f 4929 4927 5156
f 4927 4989 5302
f 2108 1940 1861
f 1861 1773 1772
f 1772 1596 1594
f 1594 1352 1434
f 1434 1178 1177
f 1177 1069 1272
f 1272 1066 1170
f 1066 976 1170
f 976 867 1167
f 867 869 780
f 780 781 778
f 778 868 779
f 868 1062 779
f 1062 1172 1518
f 1518 1857 1856
f 1856 2106 2104
f 2288 2109 2196
f 2106 2369 2104
f 2104 2367 2190
f 2367 2457 2453
f 2650 2651 2741
f 2651 2551 2742
f 2551 2454 2647
f 2454 2108 2191
f 4989 5436 5302
f 5436 5521 5646
f 5521 5718 5646
f 5718 5576 5879
f 5879 5714 5973
f 5973 5800 5972
f 5972 6191 6331
f 6303 6304 6500
f 6304 6501 6500
f 6501 6587 6584
f 6587 6402 6651
f 6402 5856 6494
f 5856 5947 6494
f 5947 5490 5489
f 5490 5038 5489
f 5038 4965 4797
f 4797 4627 4794
f 4794 4500 4964
f 4964 4885 5260
f 5260 5488 5485
f 5488 5778 5777
f 5778 6164 6294
f 6164 6404 6497
f 6404 6303 6500
f 6191 6422 6331
f 6422 6513 6423
f 6513 6515 6516
f 6515 6520 6518
f 6520 6522 6592
f 6522 6590 6591
f 6590 6721 6724
f 6721 6793 6789
f 6793 6858 6915
f 6858 6920 6915
f 6920 6928 6922
f 6928 7046 6922
f 7046 6986 7050
f 7050 6934 6990
f 6990 6940 6941
f 6941 6877 6946
f 6946 6665 6820
f 6665 6818 6668
f 6818 6746 6819
f 6746 6878 6879
f 6878 6667 7125
f 5781 5495 5562
f 5562 5262 5338
f 5338 5039 5037
f 5039 4796 5037
f 4796 4626 4499
f 4626 4406 4499
f 4406 4501 4408
f 4408 4409 4407
f 4407 4502 4625
f 4625 4628 4793
f 4793 4798 5129
f 5129 5040 5409
f 5409 5339 5695
f 5695 5625 6055
f 6055 5948 6400
f 6400 6297 6648
f 6648 6495 6714
f 6714 6652 6783
f 6652 6498 6716
f 6716 6585 6653
f 6585 6586 6653
f 6586 6496 6583
f 6496 6165 6296
f 6165 5855 5854
f 5855 5781 5562
f 6667 6601 6948
f 3657 3909 3654
f 3909 4150 4003
f 4150 4152 4446
f 4446 4445 4335
f 4335 4228 4333
f 4333 4331 4332
f 4331 4442 4332
f 4442 4559 4668
f 4668 4824 4908
f 4908 5073 5068
f 5068 5203 5199
f 5199 5280 5200
f 5200 5275 5138
f 5275 5139 5138
f 5139 5056 5058
f 5056 5064 4900
f 4900 4658 4655
f 4655 4132 4210
f 4210 3637 3629
f 3629 3144 3135
f 3144 2664 2751
f 2664 2376 2460
f 2376 2111 2286
f 2111 2035 2030
f 2035 1867 1776
f 1776 1677 1777
f 1677 1784 1777
f 1784 2119 1778
f 2119 2379 1945
f 2379 2675 2673
f 2675 2872 2778
f 2872 2963 3057
f 2963 2964 3159
f 2964 2968 3161
f 2968 3264 3161
f 3264 3263 3159
f 3263 3471 3470
f 3471 3654 3470
f 6601 6669 6881
f 6669 6439 6954
f 6954 6670 6673
f 6673 6442 6443
f 6443 5990 5889
f 5990 5655 5889
f 5655 5529 5530
f 5530 5307 5531
f 5307 5378 5531
f 5378 5228 5312
f 5228 4999 5001
f 4999 4853 5001
f 4853 4703 4855
f 4703 4358 4704
f 4358 4360 4704
f 4360 4168 4042
f 4042 3569 3825
f 108 104 121
f 104 98 79
f 79 74 63
f 74 76 66
f 76 49 66
f 49 42 48
f 42 43 22
f 22 5 1
f 1 6 3
f 6 7 3
f 7 13 20
f 20 26 25
f 26 31 25
f 31 40 33
f 33 44 35
f 35 39 27
f 39 38 23
f 38 34 14
f 34 54 46
f 46 67 57
f 57 65 55
f 55 75 61
f 75 83 61
f 61 72 62
f 72 82 73
f 82 104 79
f 3825 3292 3492
f 3292 3186 3492
f 3492 3293 3708
f 3293 2897 2994
f 2897 2607 2246
f 2246 2247 2609
f 2247 2010 2161
f 2161 2011 2251
f 2251 1828 2163
f 2163 1739 1908
f 1739 1564 1737
f 1737 1831 1908
f 1831 1484 1653
f 1653 1394 1488
f 1394 1321 1326
f 1321 1117 1119
f 1117 815 921
f 815 721 729
f 721 718 729
f 718 719 723
f 719 720 722
f 720 808 724
f 808 640 527
f 640 586 473
f 586 522 473
f 522 524 474
f 524 520 521
f 521 582 584
f 582 712 584
f 712 899 714
f 899 1099 1005
f 1099 1371 1210
f 1371 1631 1462
f 1631 1370 1546
f 1546 1369 1545
f 1545 1629 1899
f 1899 2063 2322
f 2322 2506 2805
f 2805 2985 3077
f 3077 3288 3391
f 3288 3695 3391
f 3695 3694 4038
f 4038 4037 4465
f 4465 4583 4848
f 4583 5095 4848
f 5095 4850 5227
f 5227 5159 5446
f 5159 5376 5446
f 5376 4995 5226
f 5226 4929 5091
f 4929 5156 5091
f 5156 4927 5302
f 2108 1861 1858
f 1861 1772 1858
f 1772 1594 1858
f 1594 1434 1592
f 1434 1177 1432
f 1177 1272 1432
f 1272 1170 1431
f 1170 976 1167
f 1167 867 1165
f 867 780 973
f 780 778 777
f 778 779 776
f 779 1062 1061
f 1062 1518 1517
f 1518 1856 1517
f 1856 2104 1855
f 2104 2190 1855
f 2190 2367 2453
f 2453 2457 2554
f 2650 2741 2646
f 2741 2651 2742
f 2742 2551 2647
f 2647 2454 2448
f 2454 2191 2448
f 2191 2108 1858
f 5302 5436 5646
f 5646 5718 5882
f 5718 5879 6086
f 5879 5973 6086
f 5973 5972 6195
f 5972 6331 6195
f 6500 6501 6584
f 6584 6587 6650
f 6587 6651 6650
f 6651 6402 6494
f 6494 5947 6295
f 5947 5489 5853
f 5489 5038 5487
f 5038 4797 4795
f 4797 4794 4884
f 4794 4964 5128
f 4964 5260 5337
f 5260 5485 5337
f 5485 5488 5777
f 5777 5778 6294
f 6294 6164 6497
f 6497 6404 6500
f 6331 6422 6423
f 6423 6513 6516
f 6516 6515 6518
f 6518 6520 6592
f 6592 6522 6591
f 6591 6590 6724
f 6724 6721 6717
f 6721 6789 6717
f 6789 6793 6915
f 6915 6920 6979
f 6920 6922 6979
f 6922 7046 6981
f 7046 7050 7045
f 7050 6990 7112
f 6990 6941 7178
f 6941 6946 7061
f 6946 6820 6995
f 6820 6665 6668
f 6668 6818 6819
f 6819 6746 6879
f 6879 6878 7125
f 7125 6667 6948
f 5562 5338 5561
f 5338 5037 5261
f 5037 4796 4791
f 4796 4499 4791
f 4499 4406 4403
f 4406 4408 4405
f 4408 4407 4404
f 4407 4625 4624
f 4625 4793 4790
f 4793 5129 5126
f 5129 5409 5408
f 5409 5695 5694
f 5695 6055 6053
f 6055 6400 6398
f 6400 6648 6647
f 6648 6714 6712
f 6714 6783 6782
f 6783 6652 6716
f 6716 6653 6715
f 6653 6586 6583
f 6583 6496 6296
f 6296 6165 5854
f 5854 5855 5561
f 5855 5562 5561
f 6948 6601 6881
f 3654 3909 3908
f 3909 4003 3908
f 4003 4150 4226
f 4150 4446 4228
f 4446 4335 4333
f 4333 4332 4226
f 4332 4442 4223
f 4442 4668 4556
f 4668 4908 4661
f 4908 5068 5141
f 5068 5199 5272
f 5199 5200 5198
f 5200 5138 5198
f 5138 5139 5058
f 5058 5056 5051
f 5056 4900 4972
f 4900 4655 4810
f 4655 4210 4518
f 4210 3629 4119
f 3629 3135 3622
f 3135 3144 2751
f 2751 2664 2460
f 2460 2376 2286
f 2286 2111 2030
f 2030 2035 2105
f 2035 1776 1938
f 1776 1777 1938
f 1777 1784 1778
f 1778 2119 1945
f 1945 2379 2293
f 2379 2673 2293
f 2673 2675 2867
f 2675 2778 2674
f 2778 2872 3053
f 2872 3057 3053
f 3057 2963 3159
f 3159 2964 3161
f 3161 3264 3159
f 3159 3263 3057
f 3263 3470 3259
f 3470 3654 3651
f 6881 6669 6882
f 6669 6954 7073
f 6954 6673 6883
f 6673 6443 6675
f 6443 5889 6345
f 5889 5655 5656
f 5655 5530 5656
f 5530 5531 5657
f 5531 5378 5448
f 5378 5312 5448
f 5312 5228 5001
f 5001 4853 4855
f 4855 4703 4704
f 4704 4360 4589
f 4360 4042 4169
f 4042 3825 4169
f 79 63 73
f 63 74 66
f 66 49 56
f 49 48 56
f 48 42 46
f 42 22 34
f 22 1 8
f 1 3 4
f 3 7 10
f 7 20 12
f 20 25 19
f 25 31 33
f 33 35 30
f 35 27 29
f 27 39 23
f 23 38 14
f 14 34 22
f 34 46 42
f 46 57 48
f 57 55 56
f 55 61 64
f 61 62 64
f 62 72 73
f 73 82 79
f 3825 3492 4169
f 3492 3708 4169
f 3708 3293 3294
f 3293 2994 3294
f 2994 2897 2609
f 2897 2246 2609
f 2609 2247 2414
f 2247 2161 2414
f 2161 2251 2417
f 2251 2163 2419
f 2163 1908 2162
f 1908 1739 1737
f 1908 1831 2012
f 1831 1653 1909
f 1653 1488 1744
f 1488 1394 1326
f 1326 1321 1123
f 1321 1119 1123
f 1119 1117 921
f 921 815 645
f 815 729 645
f 729 718 723
f 723 719 722
f 722 720 724
f 724 808 727
f 808 527 727
f 527 640 473
f 473 522 474
f 474 524 433
f 524 521 525
f 521 584 523
f 584 712 714
f 714 899 1005
f 1005 1099 1210
f 1210 1371 1462
f 1462 1631 1715
f 1631 1546 1711
f 1546 1545 1710
f 1545 1899 1710
f 1899 2322 2064
f 2322 2805 2596
f 2805 3077 2986
f 3077 3391 3289
f 3391 3695 3696
f 3695 4038 3922
f 4038 4465 4247
f 4465 4848 4695
f 4848 5095 5223
f 5095 5227 5444
f 5227 5446 5590
f 5446 5376 5594
f 5376 5226 5591
f 5226 5091 5225
f 5091 5156 5221
f 5156 5302 5221
f 1858 1594 1592
f 1592 1434 1432
f 1432 1272 1431
f 1431 1170 1427
f 1170 1167 1427
f 1167 1165 1426
f 1165 867 973
f 973 780 777
f 777 778 776
f 776 779 775
f 779 1061 866
f 1061 1062 1517
f 1517 1856 1855
f 1855 2190 1854
f 2190 2453 2186
f 2453 2554 2449
f 2650 2646 2449
f 2646 2741 2645
f 2741 2742 2739
f 2742 2647 2740
f 2647 2448 2549
f 2448 2191 2281
f 2191 1858 1934
f 5302 5646 5441
f 5646 5882 5721
f 5882 5718 5979
f 5718 6086 5979
f 6086 5973 6195
f 6195 6331 6425
f 6500 6584 6497
f 6584 6650 6582
f 6650 6651 6493
f 6651 6494 6493
f 6494 6295 6493
f 6295 5947 5853
f 5853 5489 5487
f 5487 5038 5130
f 5038 4795 5130
f 4795 4797 4884
f 4884 4794 5128
f 5128 4964 5337
f 5337 5485 5559
f 5485 5777 5776
f 5777 6294 6163
f 6294 6497 6582
f 6331 6423 6425
f 6423 6516 6519
f 6516 6518 6519
f 6518 6592 6430
f 6592 6591 6595
f 6591 6724 6656
f 6724 6717 6718
f 6717 6789 6853
f 6789 6915 6913
f 6915 6979 6978
f 6979 6922 7036
f 6922 6981 7036
f 6981 7046 7045
f 7045 7050 7112
f 7112 6990 7178
f 7178 6941 7061
f 7061 6946 6995
f 6995 6820 6997
f 6820 6668 6821
f 6668 6819 6823
f 6819 6879 6880
f 6879 7125 7126
f 7125 6948 7407
f 5561 5338 5261
f 5261 5037 4963
f 5037 4791 4963
f 4791 4499 4498
f 4499 4403 4498
f 4403 4406 4405
f 4405 4408 4404
f 4404 4407 4624
f 4624 4625 4790
f 4790 4793 5126
f 5126 5129 5408
f 5408 5409 5694
f 5694 5695 6053
f 6053 6055 6398
f 6398 6400 6647
f 6647 6648 6712
f 6712 6714 6782
f 6782 6783 6713
f 6783 6716 6715
f 6715 6653 6649
f 6653 6583 6649
f 6583 6296 6401
f 6296 5854 5946
f 5854 5561 5560
f 6948 6881 7276
f 3654 3908 3651
f 3908 4003 4000
f 4003 4226 4223
f 4226 4150 4228
f 4228 4446 4333
f 4333 4226 4228
f 4226 4332 4223
f 4223 4442 4219
f 4442 4556 4219
f 4556 4668 4663
f 4668 4661 4435
f 4661 4908 4976
f 4908 5141 4976
f 5141 5068 5272
f 5272 5199 5198
f 5198 5138 5057
f 5138 5058 5057
f 5058 5051 5052
f 5051 5056 4972
f 4972 4900 4810
f 4810 4655 4518
f 4518 4210 4119
f 4119 3629 3622
f 3622 3135 3128
f 3135 2751 2847
f 2751 2460 2652
f 2460 2286 2451
f 2286 2030 2283
f 2030 2105 2187
f 2105 2035 1938
f 1938 1777 1863
f 1777 1778 1863
f 1778 1945 2037
f 1945 2293 2201
f 2293 2673 2668
f 2673 2867 2668
f 2867 2675 2674
f 2674 2778 2774
f 2778 3053 2956
f 3053 3057 3259
f 3057 3263 3259
f 3259 3470 3467
f 3470 3651 3467
f 6881 6882 7205
f 6882 6669 7073
f 7073 6954 6883
f 6883 6673 6675
f 6675 6443 6345
f 6345 5889 5890
f 5889 5656 5890
f 5656 5530 5657
f 5657 5531 5592
f 5531 5448 5592
f 5448 5312 5314
f 5312 5001 5100
f 5001 4855 5100
f 4855 4704 4856
f 4704 4589 4856
f 4589 4360 4169
f 73 63 62
f 63 66 64
f 66 56 64
f 56 48 57
f 22 8 14
f 8 1 4
f 4 3 2
f 3 10 2
f 10 7 12
f 12 20 19
f 19 25 30
f 25 33 30
f 30 35 29
f 29 27 15
f 27 23 15
f 23 14 9
f 56 55 64
f 64 62 63
f 4169 3708 4170
f 3708 3294 3710
f 3294 2994 3188
f 2994 2609 2709
f 2609 2414 2709
f 2414 2161 2417
f 2417 2251 2419
f 2419 2163 2420
f 2163 2162 2420
f 2162 1908 2012
f 2012 1831 1909
f 1909 1653 1744
f 1744 1488 1839
f 1488 1326 1569
f 1326 1123 1328
f 1123 1119 929
f 1119 921 1028
f 921 645 647
f 645 729 590
f 729 723 590
f 723 722 643
f 722 724 726
f 724 727 641
f 727 527 475
f 527 473 474
f 474 433 475
f 433 524 525
f 525 521 523
f 523 584 585
f 584 714 585
f 714 1005 716
f 1005 1210 1007
f 1210 1462 1297
f 1462 1715 1549
f 1715 1631 1814
f 1631 1711 1814
f 1711 1546 1710
f 1710 1899 2064
f 2064 2322 2596
f 2596 2805 2986
f 2986 3077 3289
f 3289 3391 3290
f 3391 3696 3392
f 3696 3695 3922
f 3922 4038 4247
f 4247 4465 4695
f 4695 4848 5092
f 4848 5223 5092
f 5223 5095 5444
f 5444 5227 5590
f 5590 5446 5730
f 5446 5594 5730
f 5594 5376 5591
f 5591 5226 5375
f 5226 5225 5375
f 5225 5091 5221
f 5221 5302 5441
f 1858 1592 1934
f 1592 1432 1672
f 1432 1431 1672
f 1431 1427 1671
f 1427 1167 1426
f 1426 1165 1424
f 1165 973 1265
f 973 777 971
f 777 776 862
f 776 775 773
f 775 779 866
f 866 1061 1169
f 1061 1517 1430
f 1517 1855 1430
f 1855 1854 1430
f 1854 2190 2186
f 2186 2453 2449
f 2449 2554 2650
f 2449 2646 2282
f 2646 2645 2280
f 2645 2741 2739
f 2739 2742 2740
f 2740 2647 2549
f 2549 2448 2446
f 2448 2281 2446
f 2281 2191 1934
f 5441 5646 5721
f 5721 5882 5982
f 5882 5979 6337
f 5979 6086 6337
f 6086 6195 6332
f 6195 6425 6332
f 6497 6584 6582
f 6582 6650 6581
f 6650 6493 6581
f 6493 6295 6492
f 6295 5853 6293
f 5853 5487 5852
f 5487 5130 5036
f 5130 4795 5036
f 4795 4884 4792
f 4884 5128 5127
f 5128 5337 5336
f 5337 5559 5557
f 5559 5485 5776
f 5776 5777 6163
f 6163 6294 6491
f 6294 6582 6491
f 6425 6423 6519
f 6519 6518 6430
f 6430 6592 6595
f 6595 6591 6593
f 6591 6656 6593
f 6656 6724 6718
f 6718 6717 6786
f 6717 6853 6786
f 6853 6789 6913
f 6913 6915 6978
f 6978 6979 7034
f 6979 7036 7034
f 7036 6981 7233
f 6981 7045 7237
f 7045 7112 7312
f 7112 7178 7313
f 7178 7061 7317
f 7061 6995 7262
f 6995 6997 7192
f 6997 6820 6821
f 6821 6668 6823
f 6823 6819 6880
f 6880 6879 7126
f 7126 7125 7407
f 7407 6948 7276
f 5561 5261 5560
f 5261 4963 5259
f 4963 4791 4727
f 4791 4498 4727
f 4498 4403 4402
f 4403 4405 4496
f 4405 4404 4497
f 4404 4624 4728
f 4624 4790 4961
f 4790 5126 5185
f 5126 5408 5407
f 5408 5694 5693
f 5694 6053 5944
f 6053 6398 6287
f 6398 6647 6488
f 6647 6712 6574
f 6712 6782 6575
f 6782 6713 6489
f 6713 6783 6715
f 6715 6649 6579
f 6649 6583 6401
f 6401 6296 5946
f 5946 5854 5560
f 7276 6881 7205
f 3651 3908 3907
f 3908 4000 3907
f 4000 4003 4223
f 4223 4332 4224
f 4223 4219 4000
f 4442 4219 4224
f 4219 4556 4325
f 4556 4663 4552
f 4663 4668 4435
f 4435 4661 4659
f 4661 4976 4659
f 4976 5141 5062
f 5141 5272 5196
f 5272 5198 5195
f 5198 5057 5195
f 5057 5058 5052
f 5052 5051 5047
f 5051 4972 5046
f 4972 4810 4805
f 4810 4518 4639
f 4518 4119 4412
f 4119 3622 4112
f 3622 3128 3615
f 3128 3135 2847
f 2847 2751 2652
f 2652 2460 2451
f 2451 2286 2283
f 2283 2030 2187
f 2187 2105 2189
f 2105 1938 1935
f 1938 1863 1935
f 1863 1778 2037
f 2037 1945 2201
f 2201 2293 2561
f 2293 2668 2561
f 2668 2867 2763
f 2867 2674 2767
f 2674 2774 2770
f 2774 2778 2956
f 2956 3053 3155
f 3053 3259 3155
f 3259 3467 3155
f 3467 3651 3648
f 7205 6882 7206
f 6882 7073 7348
f 7073 6883 7076
f 6883 6675 6884
f 6675 6345 6606
f 6345 5890 6346
f 5890 5656 5657
f 5657 5592 5729
f 5592 5448 5450
f 5448 5314 5450
f 5314 5312 5100
f 5100 4855 4856
f 4856 4589 4768
f 4589 4169 4590
f 14 8 9
f 8 4 9
f 4 2 9
f 2 10 17
f 10 12 19
f 19 30 18
f 30 29 18
f 29 15 17
f 15 23 9
f 4169 4170 4590
f 4170 3708 4171
f 3708 3710 4171
f 3710 3294 3409
f 3294 3188 3409
f 3188 2994 2709
f 2709 2414 2611
f 2414 2417 2611
f 2417 2419 2519
f 2419 2420 2519
f 2420 2162 2252
f 2162 2012 2252
f 2012 1909 2166
f 1909 1744 2014
f 1744 1839 2014
f 1839 1488 1569
f 1569 1326 1328
f 1328 1123 1034
f 1123 929 1034
f 929 1119 1028
f 1028 921 647
f 647 645 479
f 645 590 479
f 590 723 643
f 643 722 726
f 726 724 641
f 641 727 592
f 727 475 529
f 475 527 474
f 475 433 434
f 433 525 476
f 525 523 528
f 523 585 526
f 585 714 716
f 716 1005 1007
f 1007 1210 1297
f 1297 1462 1549
f 1549 1715 1817
f 1715 1814 1902
f 1814 1711 1995
f 1711 1710 1994
f 1710 2064 1994
f 2064 2596 2323
f 2596 2986 2888
f 2986 3289 3290
f 3290 3391 3392
f 3392 3696 3697
f 3696 3922 3923
f 3922 4247 4162
f 4247 4695 4466
f 4695 5092 4847
f 5092 5223 5445
f 5223 5444 5587
f 5444 5590 5728
f 5590 5730 5892
f 5730 5594 5894
f 5594 5591 5815
f 5591 5375 5814
f 5375 5225 5447
f 5225 5221 5370
f 5221 5441 5370
f 1934 1592 1672
f 1672 1431 1671
f 1671 1427 1670
f 1427 1426 1670
f 1426 1424 1762
f 1424 1165 1265
f 1265 973 971
f 971 777 862
f 862 776 773
f 773 775 860
f 775 866 774
f 866 1169 975
f 1169 1061 1430
f 1430 1854 1429
f 1854 2186 1768
f 2186 2449 2282
f 2282 2646 2280
f 2280 2645 2364
f 2645 2739 2641
f 2739 2740 2642
f 2740 2549 2546
f 2549 2446 2444
f 2446 2281 2278
f 2281 1934 1931
f 5441 5721 5722
f 5721 5982 5886
f 5982 5882 6202
f 5882 6337 6202
f 6337 6086 6335
f 6086 6332 6335
f 6332 6425 6429
f 6582 6581 6491
f 6581 6493 6492
f 6492 6295 6293
f 6293 5853 5852
f 5852 5487 5851
f 5487 5036 5486
f 5036 4795 4792
f 4792 4884 4883
f 4884 5127 4883
f 5127 5128 5336
f 5336 5337 5557
f 5557 5559 5776
f 5776 6163 6054
f 6163 6491 6292
f 6425 6519 6429
f 6519 6430 6429
f 6430 6595 6432
f 6595 6593 6660
f 6593 6656 6657
f 6656 6718 6720
f 6718 6786 6788
f 6786 6853 6851
f 6853 6913 6911
f 6913 6978 6911
f 6978 7034 6977
f 7034 7036 7163
f 7036 7233 7163
f 7233 6981 7237
f 7237 7045 7312
f 7312 7112 7313
f 7313 7178 7317
f 7317 7061 7262
f 7262 6995 7192
f 7192 6997 7067
f 6997 6821 6949
f 6821 6823 6951
f 6823 6880 7000
f 6880 7126 7197
f 7126 7407 7410
f 7407 7276 7476
f 5560 5261 5259
f 5259 4963 4962
f 4963 4727 4962
f 4727 4498 4401
f 4498 4402 4401
f 4402 4403 4496
f 4496 4405 4497
f 4497 4404 4728
f 4728 4624 4961
f 4961 4790 5185
f 5185 5126 5407
f 5407 5408 5693
f 5693 5694 5944
f 5944 6053 6287
f 6287 6398 6488
f 6488 6647 6574
f 6574 6712 6575
f 6575 6782 6489
f 6489 6713 6397
f 6713 6715 6579
f 6579 6649 6290
f 6649 6401 6290
f 6401 5946 5945
f 5946 5560 5558
f 7276 7205 7476
f 3651 3907 3648
f 3907 4000 4140
f 4224 4332 4442
f 4000 4219 4140
f 4219 4325 4140
f 4325 4556 4552
f 4552 4663 4547
f 4663 4435 4545
f 4435 4659 4539
f 4659 4976 4742
f 4976 5062 4742
f 5062 5141 5196
f 5196 5272 5195
f 5195 5057 5268
f 5057 5052 5268
f 5052 5047 5050
f 5047 5051 5046
f 5046 4972 4805
f 4805 4810 4639
f 4639 4518 4412
f 4412 4119 4112
f 4112 3622 3615
f 3615 3128 3242
f 3128 2847 3029
f 2847 2652 2744
f 2652 2451 2648
f 2451 2283 2550
f 2283 2187 2365
f 2187 2189 2284
f 2189 2105 1935
f 1935 1863 2031
f 1863 2037 2031
f 2037 2201 2110
f 2201 2561 2375
f 2561 2668 2761
f 2668 2763 2761
f 2763 2867 2767
f 2767 2674 2770
f 2770 2774 2952
f 2774 2956 2952
f 2956 3155 3152
f 3155 3467 3373
f 3467 3648 3373
f 7205 7206 7411
f 7206 6882 7348
f 7348 7073 7076
f 7076 6883 6884
f 6884 6675 6606
f 6606 6345 6346
f 6346 5890 5992
f 5890 5657 5992
f 5657 5729 5992
f 5729 5592 5665
f 5592 5450 5665
f 5450 5314 5231
f 5314 5100 5005
f 5100 4856 5005
f 4856 4768 5005
f 4768 4589 4590
f 9 2 17
f 17 10 18
f 10 19 18
f 18 29 17
f 17 15 9
f 4590 4170 4592
f 4170 4171 4594
f 4171 3710 4172
f 3710 3409 3826
f 3409 3188 3296
f 3188 2709 2901
f 2709 2611 2901
f 2611 2417 2519
f 2519 2420 2418
f 2420 2252 2418
f 2252 2012 2336
f 2012 2166 2164
f 2166 1909 2014
f 2014 1839 2083
f 1839 1569 1913
f 1569 1328 1570
f 1328 1034 1331
f 1034 929 738
f 929 1028 823
f 1028 647 821
f 647 479 537
f 479 590 532
f 590 643 532
f 643 726 591
f 726 641 591
f 641 592 533
f 592 727 646
f 727 529 646
f 529 475 434
f 434 433 476
f 476 525 528
f 528 523 526
f 526 585 639
f 585 716 639
f 716 1007 1104
f 1007 1297 1375
f 1297 1549 1636
f 1549 1817 1903
f 1817 1715 2000
f 1715 1902 2000
f 1902 1814 1996
f 1814 1995 1996
f 1995 1711 1994
f 1994 2064 2323
f 2323 2596 2888
f 2888 2986 3290
f 3290 3392 3177
f 3392 3697 3393
f 3697 3696 3923
f 3923 3922 4163
f 3922 4162 4163
f 4162 4247 4466
f 4466 4695 4847
f 4847 5092 5224
f 5092 5445 5224
f 5445 5223 5587
f 5587 5444 5728
f 5728 5590 5892
f 5892 5730 6094
f 5730 5894 6094
f 5894 5594 5815
f 5815 5591 5814
f 5814 5375 5662
f 5375 5447 5662
f 5447 5225 5309
f 5225 5370 5371
f 5370 5441 5527
f 1934 1672 1931
f 1672 1671 1931
f 1671 1670 2029
f 1670 1426 1762
f 1762 1424 1761
f 1424 1265 1512
f 1265 971 1263
f 971 862 1057
f 862 773 969
f 773 860 857
f 860 775 774
f 774 866 975
f 975 1169 1168
f 1169 1430 1429
f 1429 1854 1768
f 1768 2186 2282
f 2282 2280 1767
f 2280 2364 1853
f 2364 2645 2644
f 2645 2641 2738
f 2641 2739 2642
f 2642 2740 2546
f 2546 2549 2444
f 2444 2446 2278
f 2278 2281 1931
f 5441 5722 5527
f 5722 5721 5886
f 5886 5982 6090
f 5982 6202 6203
f 6202 6337 6432
f 6337 6335 6430
f 6335 6332 6429
f 6491 6581 6490
f 6581 6492 6490
f 6492 6293 6291
f 6293 5852 5851
f 5851 5487 5486
f 5486 5036 5035
f 5036 4792 4789
f 4792 4883 4788
f 4883 5127 4788
f 5127 5336 5335
f 5336 5557 5555
f 5557 5776 5775
f 5776 6054 5775
f 6054 6163 6292
f 6292 6491 6490
f 6429 6430 6335
f 6430 6432 6337
f 6432 6595 6338
f 6595 6660 6524
f 6660 6593 6738
f 6593 6657 6738
f 6657 6656 6720
f 6720 6718 6788
f 6788 6786 6784
f 6786 6851 6784
f 6851 6853 6912
f 6853 6911 6912
f 6911 6978 6977
f 6977 7034 7032
f 7034 7163 7162
f 7163 7233 7306
f 7233 7237 7377
f 7237 7312 7441
f 7312 7313 7503
f 7313 7317 7507
f 7317 7262 7509
f 7262 7192 7460
f 7192 7067 7331
f 7067 6997 6949
f 6949 6821 6951
f 6951 6823 7000
f 7000 6880 7197
f 7197 7126 7410
f 7410 7407 7476
f 5560 5259 5558
f 5259 4962 5186
f 4962 4727 4622
f 4727 4401 4622
f 4401 4402 4400
f 4402 4496 4495
f 4496 4497 4723
f 4497 4728 4723
f 4728 4961 4960
f 4961 5185 5183
f 5185 5407 5404
f 5407 5693 5692
f 5693 5944 5943
f 5944 6287 6285
f 6287 6488 6485
f 6488 6574 6571
f 6574 6575 6572
f 6575 6489 6486
f 6489 6397 6394
f 6397 6713 6579
f 6579 6290 6288
f 6290 6401 5945
f 5945 5946 5558
f 7476 7205 7411
f 3648 3907 3906
f 3907 4140 3906
f 4140 4325 4137
f 4325 4552 4323
f 4552 4547 4323
f 4547 4663 4545
f 4545 4435 4539
f 4539 4659 4536
f 4659 4742 4536
f 4742 5062 4899
f 5062 5196 5135
f 5196 5195 5193
f 5195 5268 5193
f 5268 5052 5050
f 5050 5047 4968
f 5047 5046 4888
f 5046 4805 4731
f 4805 4639 4636
f 4639 4412 4509
f 4412 4112 4198
f 4112 3615 3989
f 3615 3242 3612
f 3242 3128 3029
f 3029 2847 2744
f 2744 2652 2648
f 2648 2451 2550
f 2550 2283 2365
f 2365 2187 2284
f 2284 2189 2285
f 2189 1935 2192
f 1935 2031 2192
f 2031 2037 2110
f 2110 2201 2375
f 2375 2561 2759
f 2561 2761 2759
f 2761 2763 2862
f 2763 2767 2765
f 2767 2770 2766
f 2770 2952 2950
f 2952 2956 3152
f 3152 3155 3465
f 3155 3373 3465
f 3373 3648 3645
f 7411 7206 7412
f 7206 7348 7571
f 7348 7076 7352
f 7076 6884 7078
f 6884 6606 6887
f 6606 6346 6608
f 6346 5992 6209
f 5992 5729 6093
f 5729 5665 5896
f 5665 5450 5453
f 5450 5231 5453
f 5231 5314 5005
f 5005 4768 5007
f 4768 4590 4770
f 4590 4592 4770
f 4592 4170 4594
f 4594 4171 4471
f 4171 4172 4471
f 4172 3710 3826
f 3826 3409 3570
f 3409 3296 3570
f 3296 3188 2901
f 2901 2611 2716
f 2611 2519 2612
f 2519 2418 2612
f 2418 2252 2336
f 2336 2012 2164
f 2164 2166 2422
f 2166 2014 2258
f 2014 2083 2258
f 2083 1839 1913
f 1913 1569 1570
f 1570 1328 1331
f 1331 1034 832
f 1034 738 832
f 738 929 823
f 823 1028 821
f 821 647 537
f 537 479 406
f 479 532 441
f 532 643 591
f 591 641 533
f 533 592 594
f 592 646 594
f 646 529 595
f 529 434 436
f 434 476 435
f 476 528 530
f 528 526 588
f 526 639 587
f 639 716 804
f 716 1104 905
f 1104 1007 1375
f 1375 1297 1636
f 1636 1549 1903
f 1903 1817 2155
f 1817 2000 2155
f 2000 1902 2070
f 1902 1996 2070
f 1996 1995 2235
f 1995 1994 2232
f 1994 2323 2232
f 2323 2888 2697
f 2888 3290 3177
f 3177 3392 3393
f 3393 3697 3698
f 3697 3923 3924
f 3923 4163 4248
f 4163 4162 4466
f 4466 4847 4581
f 4847 5224 4994
f 5224 5445 5588
f 5445 5587 5727
f 5587 5728 5891
f 5728 5892 6210
f 5892 6094 6348
f 6094 5894 6350
f 5894 5815 6097
f 5815 5814 6096
f 5814 5662 5732
f 5662 5447 5593
f 5447 5309 5380
f 5309 5225 5308
f 5225 5371 5308
f 5371 5370 5586
f 5370 5527 5528
f 1931 1671 2029
f 2029 1670 2028
f 1670 1762 2028
f 1762 1761 2100
f 1761 1424 1512
f 1512 1265 1263
f 1263 971 1057
f 1057 862 969
f 969 773 857
f 857 860 855
f 860 774 859
f 774 975 863
f 975 1168 1060
f 1168 1169 1429
f 1429 1768 1428
f 1768 2282 1767
f 1767 2280 1853
f 1853 2364 1852
f 2364 2644 2279
f 2644 2645 2738
f 2738 2641 2638
f 2641 2642 2543
f 2642 2546 2443
f 2546 2444 2362
f 2444 2278 2276
f 2278 1931 2029
f 5527 5722 5723
f 5722 5886 5887
f 5886 6090 6089
f 6090 5982 6203
f 6203 6202 6338
f 6202 6432 6338
f 6490 6492 6580
f 6492 6291 6580
f 6291 6293 5851
f 5851 5486 5484
f 5486 5035 5484
f 5035 5036 4789
f 4789 4792 4788
f 4788 5127 5033
f 5127 5335 5033
f 5335 5336 5555
f 5555 5557 5773
f 5557 5775 5773
f 5775 6054 6052
f 6054 6292 6052
f 6292 6490 6399
f 6338 6595 6524
f 6524 6660 6597
f 6660 6738 6810
f 6738 6657 6729
f 6657 6720 6795
f 6720 6788 6791
f 6788 6784 6787
f 6784 6851 6850
f 6851 6912 6910
f 6912 6911 6976
f 6911 6977 6976
f 6977 7032 7031
f 7032 7034 7162
f 7162 7163 7304
f 7163 7306 7304
f 7306 7233 7377
f 7377 7237 7441
f 7441 7312 7503
f 7503 7313 7507
f 7507 7317 7509
f 7509 7262 7460
f 7460 7192 7331
f 7331 7067 7194
f 7067 6949 6950
f 6949 6951 7001
f 6951 7000 7131
f 7000 7197 7344
f 7197 7410 7475
f 7410 7476 7521
f 5558 5259 5186
f 5186 4962 4882
f 4962 4622 4882
f 4622 4401 4494
f 4401 4400 4494
f 4400 4402 4495
f 4495 4496 4722
f 4496 4723 4722
f 4723 4728 4960
f 4960 4961 5183
f 5183 5185 5404
f 5404 5407 5692
f 5692 5693 5943
f 5943 5944 6285
f 6285 6287 6485
f 6485 6488 6571
f 6571 6574 6572
f 6572 6575 6486
f 6486 6489 6394
f 6394 6397 6162
f 6397 6579 6288
f 6288 6290 5849
f 6290 5945 5849
f 5945 5558 5556
f 7476 7411 7568
f 3648 3906 3645
f 3906 4140 3905
f 4140 4137 3905
f 4137 4325 4323
f 4323 4547 4322
f 4547 4545 4543
f 4545 4539 4540
f 4539 4536 4429
f 4536 4742 4533
f 4742 4899 4533
f 4899 5062 5135
f 5135 5196 5193
f 5193 5268 5132
f 5268 5050 5132
f 5050 4968 4969
f 4968 5047 4888
f 4888 5046 4731
f 4731 4805 4636
f 4636 4639 4509
f 4509 4412 4198
f 4198 4112 3989
f 3989 3615 3612
f 3612 3242 3352
f 3242 3029 3123
f 3029 2744 2922
f 2744 2648 2845
f 2648 2550 2743
f 2550 2365 2649
f 2365 2284 2552
f 2284 2285 2452
f 2285 2189 2192
f 2192 2031 2193
f 2031 2110 2193
f 2110 2375 2193
f 2375 2759 2665
f 2759 2761 2861
f 2761 2862 2861
f 2862 2763 2765
f 2765 2767 2864
f 2767 2766 2864
f 2766 2770 2950
f 2950 2952 3151
f 2952 3152 3151
f 3152 3465 3464
f 3465 3373 3643
f 3373 3645 3643
f 7411 7412 7522
f 7412 7206 7571
f 7571 7348 7352
f 7352 7076 7078
f 7078 6884 6887
f 6887 6606 6608
f 6608 6346 6528
f 6346 6209 6528
f 6209 5992 6093
f 6093 5729 5896
f 5896 5665 5736
f 5665 5453 5736
f 5453 5231 5233
f 5231 5005 5233
f 5005 5007 5233
f 5007 4768 4770
f 4770 4592 4771
f 4592 4594 4771
f 4594 4471 4596
f 4471 4172 4596
f 4172 3826 4252
f 3826 3570 4048
f 3570 3296 3723
f 3296 2901 2998
f 2901 2716 2998
f 2716 2611 2612
f 2612 2418 2522
f 2418 2336 2520
f 2336 2164 2422
f 2422 2166 2258
f 2258 2083 2339
f 2083 1913 2167
f 1913 1570 2015
f 1570 1331 1660
f 1331 832 1411
f 832 738 606
f 738 823 601
f 823 821 652
f 821 537 652
f 537 406 484
f 406 479 403
f 479 441 403
f 441 532 591
f 591 533 441
f 533 594 536
f 594 646 648
f 646 595 648
f 595 529 436
f 436 434 435
f 435 476 530
f 530 528 588
f 588 526 587
f 587 639 807
f 639 804 910
f 804 716 905
f 905 1104 1014
f 1104 1375 1469
f 1375 1636 1720
f 1636 1903 1720
f 1903 2155 2004
f 2155 2000 2241
f 2000 2070 2241
f 2070 1996 2236
f 1996 2235 2236
f 2235 1995 2232
f 2232 2323 2697
f 2697 2888 3177
f 3177 3393 3078
f 3393 3698 3390
f 3698 3697 3924
f 3924 3923 4248
f 4248 4163 4581
f 4163 4466 4581
f 4581 4847 4994
f 4994 5224 5372
f 5224 5588 5372
f 5588 5445 5727
f 5727 5587 5891
f 5891 5728 6210
f 6210 5892 6348
f 6348 6094 6446
f 6094 6350 6446
f 6350 5894 6097
f 6097 5815 6096
f 6096 5814 5898
f 5814 5732 5898
f 5732 5662 5596
f 5662 5593 5596
f 5593 5447 5380
f 5380 5309 5310
f 5309 5308 5310
f 5308 5371 5586
f 5586 5370 5528
f 5528 5527 5583
f 2029 2028 2276
f 2028 1762 2100
f 2100 1761 2098
f 1761 1512 1760
f 1512 1263 1511
f 1263 1057 1346
f 1057 969 1161
f 969 857 1056
f 857 855 967
f 855 860 859
f 859 774 863
f 863 975 1060
f 1060 1168 1270
f 1168 1429 1428
f 1428 1768 1767
f 1767 1853 1516
f 1853 1852 1515
f 1852 2364 2279
f 2279 2644 2548
f 2644 2738 2640
f 2738 2638 2637
f 2638 2641 2543
f 2543 2642 2443
f 2443 2546 2362
f 2362 2444 2276
f 2276 2278 2029
f 5527 5723 5583
f 5723 5722 5887
f 5887 5886 6089
f 6089 6090 6204
f 6090 6203 6341
f 6203 6338 6340
f 6490 6580 6578
f 6580 6291 6577
f 6291 5851 6289
f 5851 5484 5850
f 5484 5035 5034
f 5035 4789 4726
f 4789 4788 4725
f 4788 5033 4725
f 5033 5335 5334
f 5335 5555 5554
f 5555 5773 5772
f 5773 5775 6052
f 6052 6292 6399
f 6399 6490 6578
f 6338 6524 6434
f 6524 6597 6434
f 6597 6660 6743
f 6660 6810 6743
f 6810 6738 6806
f 6738 6729 6806
f 6729 6657 6795
f 6795 6720 6791
f 6791 6788 6787
f 6787 6784 6852
f 6784 6850 6852
f 6850 6851 6910
f 6910 6912 6976
f 6976 6977 7031
f 7031 7032 7162
f 7162 7304 7303
f 7304 7306 7436
f 7306 7377 7437
f 7377 7441 7496
f 7441 7503 7546
f 7503 7507 7621
f 7507 7509 7624
f 7509 7460 7626
f 7460 7331 7557
f 7331 7194 7466
f 7194 7067 6950
f 6950 6949 7001
f 7001 6951 7131
f 7131 7000 7344
f 7344 7197 7475
f 7475 7410 7521
f 7521 7476 7568
f 5558 5186 5556
f 5186 4882 5184
f 4882 4622 4621
f 4622 4494 4621
f 4494 4400 4620
f 4400 4495 4619
f 4495 4722 4785
f 4722 4723 4959
f 4723 4960 4959
f 4960 5183 5181
f 5183 5404 5482
f 5404 5692 5689
f 5692 5943 5940
f 5943 6285 6283
f 6285 6485 6391
f 6485 6571 6481
f 6571 6572 6482
f 6572 6486 6483
f 6486 6394 6392
f 6394 6162 6159
f 6162 6397 6288
f 6288 5849 5848
f 5849 5945 5556
f 7568 7411 7522
f 3645 3906 3643
f 3906 3905 3643
f 3905 4137 3904
f 4137 4323 4136
f 4323 4322 4136
f 4322 4547 4543
f 4543 4545 4432
f 4545 4540 4432
f 4540 4539 4429
f 4429 4536 4428
f 4536 4533 4428
f 4533 4899 4656
f 4899 5135 5053
f 5135 5193 5053
f 5193 5132 5053
f 5132 5050 4969
f 4969 4968 4806
f 4968 4888 4733
f 4888 4731 4637
f 4731 4636 4508
f 4636 4509 4410
f 4509 4198 4295
f 4198 3989 4107
f 3989 3612 3883
f 3612 3352 3610
f 3352 3242 3123
f 3123 3029 2922
f 2922 2744 2845
f 2845 2648 2743
f 2743 2550 2649
f 2649 2365 2552
f 2552 2284 2452
f 2452 2285 2455
f 2285 2192 2368
f 2192 2193 2368
f 2193 2375 2373
f 2375 2665 2560
f 2665 2759 2860
f 2759 2861 2945
f 2861 2862 2946
f 2862 2765 2864
f 2864 2766 2948
f 2766 2950 2948
f 2950 3151 3255
f 3151 3152 3464
f 3464 3465 3642
f 3465 3643 3642
f 7522 7412 7523
f 7412 7571 7523
f 7571 7352 7609
f 7352 7078 7419
f 7078 6887 7137
f 6887 6608 6888
f 6608 6528 6677
f 6528 6209 6093
f 6093 5896 6445
f 5896 5736 6099
f 5736 5453 5536
f 5453 5233 5536
f 5233 5007 5318
f 5007 4770 5104
f 4770 4771 5104
f 4771 4594 4773
f 4594 4596 4773
f 4596 4172 4252
f 4252 3826 4048
f 4048 3570 4054
f 3570 3723 4054
f 3723 3296 3495
f 3296 2998 3000
f 2998 2716 2816
f 2716 2612 2816
f 2612 2522 2614
f 2522 2418 2520
f 2520 2336 2718
f 2336 2422 2720
f 2422 2258 2523
f 2258 2339 2523
f 2339 2083 2167
f 2167 1913 2015
f 2015 1570 1660
f 1660 1331 1411
f 1411 832 949
f 832 606 949
f 606 738 601
f 601 823 652
f 652 537 484
f 484 406 410
f 406 403 378
f 403 441 404
f 441 533 536
f 536 594 598
f 594 648 598
f 648 595 599
f 595 436 439
f 436 435 437
f 435 530 438
f 530 588 730
f 588 587 811
f 587 807 725
f 807 639 910
f 910 804 905
f 905 1014 910
f 1014 1104 1303
f 1104 1469 1303
f 1469 1375 1720
f 1720 1903 1904
f 1903 2004 2006
f 2004 2155 2073
f 2155 2241 2409
f 2241 2070 2325
f 2070 2236 2325
f 2236 2235 2599
f 2235 2232 2598
f 2232 2697 2598
f 2697 3177 3078
f 3078 3393 3390
f 3390 3698 3692
f 3698 3924 3921
f 3924 4248 4249
f 4248 4581 4696
f 4581 4994 4696
f 4994 5372 5093
f 5372 5588 5659
f 5588 5727 5813
f 5727 5891 5993
f 5891 6210 6211
f 6210 6348 6444
f 6348 6446 6530
f 6446 6350 6531
f 6350 6097 6450
f 6097 6096 6214
f 6096 5898 6213
f 5898 5732 5734
f 5732 5596 5664
f 5596 5593 5380
f 5380 5310 5381
f 5310 5308 5374
f 5308 5586 5374
f 5586 5528 5584
f 5528 5583 5584
f 2276 2028 2183
f 2028 2100 2183
f 2100 2098 2182
f 2098 1761 1760
f 1760 1512 1511
f 1511 1263 1346
f 1346 1057 1161
f 1161 969 1056
f 1056 857 967
f 967 855 966
f 855 859 854
f 859 863 861
f 863 1060 972
f 1060 1270 1269
f 1270 1168 1428
f 1428 1767 1516
f 1516 1853 1515
f 1515 1852 1766
f 1852 2279 2184
f 2279 2548 2445
f 2548 2644 2640
f 2640 2738 2637
f 2637 2638 2541
f 2638 2543 2440
f 2543 2443 2360
f 2443 2362 2361
f 2362 2276 2183
f 5583 5723 5984
f 5723 5887 6205
f 5887 6089 6339
f 6089 6204 6339
f 6204 6090 6341
f 6341 6203 6340
f 6340 6338 6434
f 6578 6580 6577
f 6577 6291 6289
f 6289 5851 5850
f 5850 5484 5406
f 5484 5034 5406
f 5034 5035 4726
f 4726 4789 4725
f 4725 5033 5032
f 5033 5334 5032
f 5334 5335 5554
f 5554 5555 5772
f 5772 5773 6051
f 5773 6052 6051
f 6052 6399 6051
f 6399 6578 6396
f 6434 6597 6599
f 6597 6743 6599
f 6743 6810 6875
f 6810 6806 6939
f 6806 6729 6801
f 6729 6795 6862
f 6795 6791 6856
f 6791 6787 6855
f 6787 6852 6785
f 6852 6850 7033
f 6850 6910 7102
f 6910 6976 7101
f 6976 7031 7101
f 7031 7162 7303
f 7303 7304 7435
f 7304 7436 7435
f 7436 7306 7437
f 7437 7377 7496
f 7496 7441 7546
f 7546 7503 7621
f 7621 7507 7624
f 7624 7509 7626
f 7626 7460 7557
f 7557 7331 7466
f 7466 7194 7336
f 7194 6950 7069
f 6950 7001 6953
f 7001 7131 7132
f 7131 7344 7414
f 7344 7475 7569
f 7475 7521 7567
f 7521 7568 7605
f 5556 5186 5184
f 5184 4882 4880
f 4882 4621 4880
f 4621 4494 4721
f 4494 4620 4721
f 4620 4400 4619
f 4619 4495 4785
f 4785 4722 5027
f 4722 4959 5027
f 4959 4960 5181
f 5181 5183 5482
f 5482 5404 5689
f 5689 5692 5940
f 5940 5943 6283
f 6283 6285 6391
f 6391 6485 6481
f 6481 6571 6482
f 6482 6572 6483
f 6483 6486 6392
f 6392 6394 6159
f 6159 6162 5846
f 6162 6288 5848
f 5848 5849 5553
f 5849 5556 5553
f 7568 7522 7665
f 3643 3905 3642
f 3905 3904 3642
f 3904 4137 4136
f 4136 4322 4134
f 4322 4543 4321
f 4543 4432 4321
f 4432 4540 4429
f 4429 4428 4319
f 4428 4533 4317
f 4533 4656 4426
f 4656 4899 4739
f 4899 5053 4897
f 5053 5132 4893
f 5132 4969 4893
f 4969 4806 4807
f 4806 4968 4733
f 4733 4888 4637
f 4637 4731 4508
f 4508 4636 4410
f 4410 4509 4295
f 4295 4198 4107
f 4107 3989 3883
f 3883 3612 3610
f 3610 3352 3609
f 3352 3123 3455
f 3123 2922 3028
f 2922 2845 2921
f 2845 2743 2923
f 2743 2649 2846
f 2649 2552 2746
f 2552 2452 2653
f 2452 2455 2654
f 2455 2285 2368
f 2368 2193 2373
f 2373 2375 2463
f 2375 2560 2463
f 2560 2665 2663
f 2665 2860 2859
f 2860 2759 2945
f 2945 2861 3043
f 2861 2946 3043
f 2946 2862 2947
f 2862 2864 2947
f 2864 2948 3044
f 2948 2950 3255
f 3255 3151 3463
f 3151 3464 3463
f 3464 3642 3640
f 7522 7523 7639
f 7523 7571 7682
f 7571 7609 7682
f 7609 7352 7419
f 7419 7078 7137
f 7137 6887 6888
f 6888 6608 6677
f 6677 6528 6445
f 6528 6093 6445
f 6445 5896 6099
f 6099 5736 5818
f 5736 5536 5818
f 5536 5233 5601
f 5233 5318 5601
f 5318 5007 5104
f 5104 4771 4944
f 4771 4773 4944
f 4773 4596 4706
f 4596 4252 4472
f 4252 4048 4472
f 4048 4054 4366
f 4054 3723 3937
f 3723 3495 3573
f 3495 3296 3189
f 3296 3000 3189
f 3000 2998 2816
f 2816 2612 2614
f 2614 2522 2717
f 2522 2520 2718
f 2718 2336 2720
f 2720 2422 2523
f 2523 2339 2722
f 2339 2167 2427
f 2167 2015 2260
f 2015 1660 2084
f 1660 1411 1748
f 1411 949 1499
f 949 606 609
f 606 601 487
f 601 652 484
f 484 410 487
f 410 406 378
f 378 403 377
f 403 404 377
f 404 441 536
f 536 598 538
f 598 648 654
f 648 599 654
f 599 595 439
f 439 436 437
f 437 435 438
f 438 530 730
f 730 588 811
f 811 587 725
f 725 807 1016
f 807 910 1109
f 910 1014 1109
f 1014 1303 1109
f 1303 1469 1637
f 1469 1720 1905
f 1720 1904 1905
f 1904 1903 2006
f 2006 2004 2005
f 2004 2073 2005
f 2073 2155 2242
f 2155 2409 2242
f 2409 2241 2328
f 2241 2325 2328
f 2325 2236 2507
f 2236 2599 2507
f 2599 2235 2598
f 2598 2697 3078
f 3078 3390 2987
f 3390 3692 3284
f 3692 3698 3921
f 3921 3924 4249
f 4249 4248 4696
f 4696 4994 5093
f 5093 5372 5373
f 5372 5659 5373
f 5659 5588 5813
f 5813 5727 5993
f 5993 5891 6211
f 6211 6210 6444
f 6444 6348 6530
f 6530 6446 6613
f 6446 6531 6613
f 6531 6350 6450
f 6450 6097 6214
f 6214 6096 6213
f 6213 5898 6102
f 5898 5734 5899
f 5734 5732 5664
f 5664 5596 5381
f 5596 5380 5381
f 5381 5310 5379
f 5310 5374 5379
f 5374 5586 5589
f 5586 5584 5585
f 5584 5583 5811
f 2183 2100 2182
f 2182 2098 2273
f 2098 1760 2097
f 1760 1511 1850
f 1511 1346 1582
f 1346 1161 1420
f 1161 1056 1261
f 1056 967 1260
f 967 966 1158
f 966 855 854
f 854 859 861
f 861 863 972
f 972 1060 1164
f 1060 1269 1166
f 1269 1270 1516
f 1270 1428 1516
f 1516 1515 1269
f 1515 1766 1514
f 1766 1852 2184
f 2184 2279 2445
f 2445 2548 2545
f 2548 2640 2639
f 2640 2637 2636
f 2637 2541 2633
f 2541 2638 2440
f 2440 2543 2360
f 2360 2443 2361
f 2361 2362 2183
f 5583 5984 5811
f 5984 5723 6205
f 6205 5887 6339
f 6339 6204 6525
f 6204 6341 6525
f 6341 6340 6435
f 6340 6434 6435
f 6578 6577 6576
f 6577 6289 6286
f 6289 5850 6286
f 5850 5406 5774
f 5406 5034 5031
f 5034 4726 4724
f 4726 4725 4623
f 4725 5032 4623
f 5032 5334 5333
f 5334 5554 5552
f 5554 5772 5770
f 5772 6051 6050
f 6051 6399 6396
f 6396 6578 6576
f 6434 6599 6435
f 6599 6743 6744
f 6743 6875 6744
f 6875 6810 6939
f 6939 6806 6933
f 6806 6801 6933
f 6801 6729 6862
f 6862 6795 6856
f 6856 6791 6855
f 6855 6787 6790
f 6787 6785 6790
f 6785 6852 7035
f 6852 7033 7035
f 7033 6850 7102
f 7102 6910 7101
f 7101 7031 7303
f 7303 7435 7375
f 7435 7436 7541
f 7436 7437 7543
f 7437 7496 7543
f 7496 7546 7593
f 7546 7621 7619
f 7621 7624 7669
f 7624 7626 7670
f 7626 7557 7673
f 7557 7466 7632
f 7466 7336 7514
f 7336 7194 7069
f 7069 6950 6953
f 6953 7001 7132
f 7132 7131 7414
f 7414 7344 7569
f 7569 7475 7567
f 7567 7521 7605
f 7605 7568 7665
f 5556 5184 5553
f 5184 4880 5182
f 4880 4621 4786
f 4621 4721 4786
f 4721 4620 5028
f 4620 4619 4957
f 4619 4785 4957
f 4785 5027 5123
f 5027 4959 5257
f 4959 5181 5257
f 5181 5482 5479
f 5482 5689 5688
f 5689 5940 5844
f 5940 6283 6158
f 6283 6391 6280
f 6391 6481 6389
f 6481 6482 6390
f 6482 6483 6281
f 6483 6392 6282
f 6392 6159 6048
f 6159 5846 5768
f 5846 6162 5848
f 5848 5553 5483
f 7665 7522 7639
f 3642 3904 3640
f 3904 4136 3903
f 4136 4134 3903
f 4134 4322 4321
f 4321 4432 4214
f 4432 4429 4320
f 4429 4319 4320
f 4319 4428 4318
f 4428 4317 4318
f 4317 4533 4426
f 4426 4656 4424
f 4656 4739 4653
f 4739 4899 4812
f 4899 4897 4812
f 4897 5053 4893
f 4893 4969 4807
f 4807 4806 4644
f 4806 4733 4641
f 4733 4637 4511
f 4637 4508 4411
f 4508 4410 4296
f 4410 4295 4294
f 4295 4107 4197
f 4107 3883 3786
f 3883 3610 3609
f 3609 3352 3455
f 3455 3123 3241
f 3123 3028 3241
f 3028 2922 2921
f 2921 2845 2923
f 2923 2743 2846
f 2846 2649 2746
f 2746 2552 2653
f 2653 2452 2654
f 2654 2455 2655
f 2455 2368 2458
f 2368 2373 2459
f 2373 2463 2459
f 2463 2560 2661
f 2560 2663 2662
f 2663 2665 2859
f 2859 2860 3041
f 2860 2945 3042
f 2945 3043 3148
f 3043 2946 2947
f 2947 2864 3044
f 3044 2948 3254
f 2948 3255 3254
f 3255 3463 3462
f 3463 3464 3640
f 7639 7523 7640
f 7523 7682 7640
f 7682 7609 7691
f 7609 7419 7641
f 7419 7137 7526
f 7137 6888 7214
f 6888 6677 6958
f 6677 6445 6749
f 6445 6099 6612
f 6099 5818 6215
f 5818 5536 5601
f 5601 5318 5320
f 5318 5104 5320
f 5104 4944 5106
f 4944 4773 5009
f 4773 4706 4948
f 4706 4596 4472
f 4472 4048 4366
f 4366 4054 4370
f 4054 3937 4263
f 3937 3723 3940
f 3723 3573 3726
f 3573 3495 3496
f 3495 3189 3297
f 3189 3000 3097
f 3000 2816 2817
f 2816 2614 2817
f 2614 2717 2615
f 2717 2522 2906
f 2522 2718 2906
f 2718 2720 3098
f 2720 2523 2908
f 2523 2722 2908
f 2722 2339 2427
f 2427 2167 2260
f 2260 2015 2084
f 2084 1660 1748
f 1748 1411 1499
f 1499 949 1145
f 949 609 1145
f 609 606 487
f 487 601 484
f 487 410 489
f 410 378 412
f 378 377 379
f 377 404 445
f 404 536 538
f 538 598 654
f 654 599 482
f 599 439 401
f 439 437 397
f 437 438 398
f 438 730 596
f 730 811 1114
f 811 725 1114
f 725 1016 1020
f 1016 807 1109
f 1109 1303 1378
f 1303 1637 1470
f 1637 1469 1905
f 1905 1904 2007
f 1904 2006 2007
f 2006 2005 2075
f 2005 2073 2074
f 2242 2155 2409
f 2242 2409 2512
f 2409 2328 2408
f 2328 2325 2401
f 2325 2507 2401
f 2507 2599 2987
f 2599 2598 2987
f 2598 3078 2987
f 2987 3390 3284
f 3284 3692 3690
f 3692 3921 4035
f 3921 4249 4353
f 4249 4696 4763
f 4696 5093 4763
f 5093 5373 5096
f 5373 5659 5661
f 5659 5813 5893
f 5813 5993 6092
f 5993 6211 6349
f 6211 6444 6529
f 6444 6530 6611
f 6530 6613 6679
f 6613 6531 6682
f 6531 6450 6680
f 6450 6214 6534
f 6214 6213 6354
f 6213 6102 6353
f 6102 5898 5899
f 5899 5734 6098
f 5734 5664 5897
f 5664 5381 5533
f 5381 5379 5532
f 5379 5374 5589
f 5589 5586 5585
f 5585 5584 5724
f 5584 5811 5724
f 2183 2182 2361
f 2182 2273 2360
f 2273 2098 2097
f 2097 1760 1850
f 1850 1511 1582
f 1582 1346 1420
f 1420 1161 1261
f 1261 1056 1260
f 1260 967 1158
f 1158 966 1157
f 966 854 965
f 854 861 853
f 861 972 970
f 972 1164 970
f 1164 1060 1166
f 1166 1269 1347
f 1269 1515 1514
f 1514 1766 1765
f 1766 2184 2101
f 2184 2445 2363
f 2445 2545 2442
f 2545 2548 2639
f 2639 2640 2636
f 2636 2637 2633
f 2633 2541 2438
f 2541 2440 2357
f 2440 2360 2273
f 2360 2361 2182
f 5811 5984 6437
f 5984 6205 6600
f 6205 6339 6663
f 6339 6525 6663
f 6525 6341 6598
f 6341 6435 6526
f 6576 6577 6487
f 6577 6286 6487
f 6286 5850 5774
f 5774 5406 5405
f 5406 5031 5405
f 5031 5034 4724
f 4724 4726 4623
f 4623 5032 5030
f 5032 5333 5030
f 5333 5334 5552
f 5552 5554 5770
f 5770 5772 6050
f 6050 6051 6396
f 6396 6576 6395
f 6435 6599 6526
f 6599 6744 6661
f 6744 6875 6945
f 6875 6939 6994
f 6939 6933 7117
f 6933 6801 6930
f 6801 6862 6984
f 6862 6856 6917
f 6856 6855 6916
f 6855 6790 6857
f 6790 6785 6654
f 6785 7035 6914
f 7035 7033 7164
f 7033 7102 7232
f 7102 7101 7305
f 7101 7303 7375
f 7375 7435 7541
f 7541 7436 7543
f 7543 7496 7593
f 7593 7546 7619
f 7619 7621 7669
f 7669 7624 7670
f 7670 7626 7673
f 7673 7557 7632
f 7632 7466 7514
f 7514 7336 7338
f 7336 7069 7128
f 7069 6953 7002
f 6953 7132 7133
f 7132 7414 7416
f 7414 7569 7570
f 7569 7567 7689
f 7567 7605 7664
f 7605 7665 7681
f 5553 5184 5182
f 5182 4880 4958
f 4880 4786 4958
f 4786 4721 5029
f 4721 5028 5029
f 5028 4620 4957
f 4957 4785 5123
f 5123 5027 5401
f 5027 5257 5401
f 5257 5181 5479
f 5479 5482 5688
f 5688 5689 5844
f 5844 5940 6158
f 6158 6283 6280
f 6280 6391 6389
f 6389 6481 6390
f 6390 6482 6281
f 6281 6483 6282
f 6282 6392 6048
f 6048 6159 5768
f 5768 5846 5481
f 5846 5848 5483
f 5483 5553 5182
f 7665 7639 7687
f 3640 3904 3903
f 3903 4134 3902
f 4134 4321 4133
f 4321 4214 4133
f 4214 4432 4320
f 4320 4319 4318
f 4318 4317 4213
f 4317 4426 4212
f 4426 4424 4211
f 4424 4656 4653
f 4653 4739 4652
f 4739 4812 4651
f 4812 4897 4894
f 4897 4893 4894
f 4893 4807 4809
f 4807 4644 4645
f 4644 4806 4641
f 4641 4733 4511
f 4511 4637 4411
f 4411 4508 4296
f 4296 4410 4294
f 4294 4295 4197
f 4197 4107 3988
f 4107 3786 3988
f 3786 3883 3609
f 3609 3455 3608
f 3455 3241 3454
f 3241 3028 3125
f 3028 2921 3125
f 2921 2923 3124
f 2923 2846 3127
f 2846 2746 3030
f 2746 2653 2924
f 2653 2654 2848
f 2654 2655 2849
f 2655 2455 2458
f 2458 2368 2459
f 2459 2463 2559
f 2463 2661 2658
f 2661 2560 2662
f 2662 2663 2757
f 2663 2859 2758
f 2859 3041 3040
f 3041 2860 3042
f 3042 2945 3148
f 3148 3043 3044
f 3043 2947 3044
f 3044 3254 3148
f 3254 3255 3462
f 3462 3463 3639
f 3463 3640 3639
f 7639 7640 7688
f 7640 7682 7721
f 7682 7691 7721
f 7691 7609 7641
f 7641 7419 7526
f 7526 7137 7214
f 7214 6888 6958
f 6958 6677 6749
f 6749 6445 6610
f 6445 6612 6748
f 6612 6099 6215
f 6215 5818 5902
f 5818 5601 5902
f 5601 5320 5603
f 5320 5104 5106
f 5106 4944 5169
f 4944 5009 5169
f 5009 4773 4948
f 4948 4706 4777
f 4706 4472 4597
f 4472 4366 4597
f 4366 4370 4476
f 4370 4054 4372
f 4054 4263 4372
f 4263 3937 4057
f 3937 3940 4057
f 3940 3723 3726
f 3726 3573 3497
f 3573 3496 3497
f 3496 3495 3297
f 3297 3189 3190
f 3189 3097 3190
f 3097 3000 2904
f 3000 2817 2904
f 2817 2614 2615
f 2615 2717 2818
f 2717 2906 2905
f 2906 2718 3098
f 3098 2720 3193
f 2720 2908 3193
f 2908 2722 3007
f 2722 2427 2724
f 2427 2260 2525
f 2260 2084 2341
f 2084 1748 2261
f 1748 1499 2016
f 1499 1145 1745
f 1145 609 752
f 609 487 489
f 489 410 412
f 412 378 379
f 379 377 408
f 377 445 408
f 445 404 538
f 538 654 445
f 654 482 602
f 482 599 401
f 401 439 397
f 397 437 398
f 398 438 596
f 596 730 1025
f 730 1114 1025
f 1114 725 1020
f 1020 1016 1229
f 1016 1109 1227
f 1109 1378 1227
f 1378 1303 1470
f 1470 1637 1906
f 1637 1905 2076
f 1905 2007 2076
f 2007 2006 2075
f 2075 2005 2157
f 2005 2074 2157
f 2074 2073 2156
f 2242 2512 2410
f 2512 2409 2408
f 2408 2328 2402
f 2328 2401 2402
f 2401 2507 2885
f 2507 2987 2885
f 2987 3284 3281
f 3284 3690 3687
f 3690 3692 4035
f 4035 3921 4353
f 4353 4249 4763
f 4763 5093 5096
f 5096 5373 5377
f 5373 5661 5377
f 5661 5659 5893
f 5893 5813 6092
f 6092 5993 6349
f 6349 6211 6529
f 6529 6444 6611
f 6611 6530 6679
f 6679 6613 6754
f 6613 6682 6754
f 6682 6531 6680
f 6680 6450 6534
f 6534 6214 6354
f 6354 6213 6353
f 6353 6102 6217
f 6102 5899 5996
f 5899 6098 5996
f 6098 5734 5897
f 5897 5664 5733
f 5664 5533 5595
f 5533 5381 5532
f 5532 5379 5589
f 5589 5585 5658
f 5585 5724 5725
f 5724 5811 6208
f 2273 2097 2357
f 2097 1850 2179
f 1850 1582 1925
f 1582 1420 1667
f 1420 1261 1419
f 1261 1260 1419
f 1260 1158 1419
f 1158 1157 1342
f 1157 966 965
f 965 854 853
f 853 861 970
f 970 1164 1058
f 1164 1166 1267
f 1166 1347 1267
f 1347 1269 1514
f 1514 1765 1587
f 1765 1766 2101
f 2101 2184 2363
f 2363 2445 2442
f 2442 2545 2542
f 2545 2639 2635
f 2639 2636 2635
f 2636 2633 2632
f 2633 2438 2538
f 2438 2541 2357
f 2357 2440 2273
f 5811 6437 6208
f 6437 5984 6600
f 6600 6205 6663
f 6663 6525 6741
f 6525 6598 6741
f 6598 6341 6526
f 6576 6487 6573
f 6487 6286 6161
f 6286 5774 5771
f 5774 5405 5771
f 5405 5031 5125
f 5031 4724 4881
f 4724 4623 4787
f 4623 5030 4787
f 5030 5333 5402
f 5333 5552 5550
f 5552 5770 5690
f 5770 6050 5942
f 6050 6396 6395
f 6395 6576 6573
f 6526 6599 6661
f 6661 6744 6876
f 6744 6945 6876
f 6945 6875 6994
f 6994 6939 7064
f 6939 7117 7064
f 7117 6933 7113
f 6933 6930 7113
f 6930 6801 6984
f 6984 6862 6917
f 6917 6856 6916
f 6916 6855 6857
f 6857 6790 6719
f 6790 6654 6719
f 6654 6785 6914
f 6914 7035 7103
f 7035 7164 7103
f 7164 7033 7232
f 7232 7102 7305
f 7305 7101 7375
f 7375 7541 7542
f 7541 7543 7592
f 7543 7593 7592
f 7593 7619 7594
f 7619 7669 7620
f 7669 7670 7654
f 7670 7673 7656
f 7673 7632 7629
f 7632 7514 7561
f 7514 7338 7468
f 7338 7336 7128
f 7128 7069 7002
f 7002 6953 7133
f 7133 7132 7416
f 7416 7414 7570
f 7570 7569 7689
f 7689 7567 7664
f 7664 7605 7681
f 7681 7665 7687
f 5182 4958 5180
f 4958 4786 5180
f 4786 5029 5180
f 5029 5028 5332
f 5028 4957 5179
f 4957 5123 5179
f 5123 5401 5480
f 5401 5257 5622
f 5257 5479 5622
f 5479 5688 5622
f 5688 5844 5622
f 5844 6158 5766
f 6158 6280 5766
f 6280 6389 6047
f 6389 6390 6047
f 6390 6281 6047
f 6281 6282 6047
f 6282 6048 6047
f 6048 5768 5767
f 5768 5481 5624
f 5481 5846 5483
f 5483 5182 5180
f 7687 7639 7688
f 3640 3903 3639
f 3903 3902 3639
f 3902 4134 4133
f 4133 4214 4213
f 4214 4320 4318
f 4318 4213 4214
f 4213 4317 4212
f 4212 4426 4211
f 4211 4424 4316
f 4424 4653 4530
f 4653 4652 4529
f 4652 4739 4651
f 4651 4812 4649
f 4812 4894 4737
f 4894 4893 4809
f 4809 4807 4645
f 4645 4644 4414
f 4644 4641 4413
f 4641 4511 4297
f 4511 4411 4199
f 4411 4296 4200
f 4296 4294 4108
f 4294 4197 4109
f 4197 3988 4109
f 3988 3786 3785
f 3786 3609 3608
f 3608 3455 3454
f 3454 3241 3240
f 3241 3125 3240
f 3125 2921 3124
f 3124 2923 3127
f 3127 2846 3030
f 3030 2746 2924
f 2924 2653 2848
f 2848 2654 2849
f 2849 2655 2748
f 2655 2458 2656
f 2458 2459 2557
f 2459 2559 2557
f 2559 2463 2658
f 2658 2661 2753
f 2661 2662 2754
f 2662 2757 2755
f 2757 2663 2758
f 2758 2859 3040
f 3040 3041 3251
f 3041 3042 3252
f 3042 3148 3253
f 3148 3254 3253
f 3254 3462 3253
f 3462 3639 3461
f 7688 7640 7709
f 7640 7721 7709
f 7721 7691 7731
f 7691 7641 7710
f 7641 7526 7666
f 7526 7214 7574
f 7214 6958 7286
f 6958 6749 7008
f 6749 6610 6829
f 6610 6445 6748
f 6748 6612 6751
f 6612 6215 6615
f 6215 5902 6219
f 5902 5601 5603
f 5603 5320 5322
f 5320 5106 5322
f 5106 5169 5322
f 5169 5009 5171
f 5009 4948 5109
f 4948 4777 5011
f 4777 4706 4597
f 4597 4366 4476
f 4476 4370 4478
f 4370 4372 4479
f 4372 4263 4374
f 4263 4057 4264
f 4057 3940 3941
f 3940 3726 3830
f 3726 3497 3575
f 3497 3496 3417
f 3496 3297 3416
f 3297 3190 3416
f 3190 3097 2905
f 3097 2904 2905
f 2904 2817 2818
f 2817 2615 2818
f 2818 2717 2905
f 2905 2906 3190
f 2906 3098 3300
f 3098 3193 3300
f 3193 2908 3304
f 2908 3007 3304
f 3007 2722 2724
f 2724 2427 2525
f 2525 2260 2341
f 2341 2084 2261
f 2261 1748 2016
f 2016 1499 1745
f 1745 1145 1495
f 1145 752 1495
f 752 609 489
f 489 412 610
f 412 379 490
f 379 408 488
f 408 445 604
f 445 654 604
f 654 602 604
f 602 482 543
f 482 401 407
f 401 397 354
f 397 398 355
f 398 596 535
f 596 1025 924
f 1025 1114 1389
f 1114 1020 1387
f 1020 1229 1387
f 1229 1016 1227
f 1227 1378 1480
f 1378 1470 1555
f 1470 1906 1722
f 1906 1637 2076
f 2076 2007 2159
f 2007 2075 2159
f 2075 2157 2159
f 2157 2074 2158
f 2074 2156 2158
f 2242 2410 2243
f 2410 2512 2603
f 2512 2408 2603
f 2408 2402 2405
f 2402 2401 2696
f 2401 2885 2803
f 2885 2987 3281
f 3281 3284 3687
f 3687 3690 4035
f 4035 4353 4029
f 4353 4763 4764
f 4763 5096 4764
f 5096 5377 5097
f 5377 5661 5663
f 5661 5893 5816
f 5893 6092 5994
f 6092 6349 6212
f 6349 6529 6448
f 6529 6611 6614
f 6611 6679 6681
f 6679 6754 6755
f 6754 6682 6831
f 6682 6680 6757
f 6680 6534 6684
f 6534 6354 6619
f 6354 6353 6536
f 6353 6217 6453
f 6217 6102 5996
f 5996 6098 6101
f 6098 5897 6447
f 5897 5733 6095
f 5733 5664 5595
f 5595 5533 5660
f 5533 5532 5660
f 5532 5589 5658
f 5658 5585 5725
f 5725 5724 5989
f 5724 6208 5989
f 2357 2097 2179
f 2179 1850 1925
f 1925 1582 1667
f 1667 1420 1419
f 1419 1158 1342
f 1342 1157 1340
f 1157 965 1052
f 965 853 964
f 853 970 968
f 970 1058 968
f 1058 1164 1264
f 1164 1267 1264
f 1267 1347 1425
f 1347 1514 1587
f 1587 1765 1763
f 1765 2101 1763
f 2101 2363 1763
f 2363 2442 2181
f 2442 2542 2441
f 2542 2545 2635
f 2635 2636 2632
f 2632 2633 2538
f 2538 2438 2269
f 2438 2357 2179
f 6208 6437 6666
f 6437 6600 6817
f 6600 6663 6944
f 6663 6741 6944
f 6741 6598 6813
f 6598 6526 6661
f 6573 6487 6393
f 6487 6161 6393
f 6161 6286 5771
f 5771 5405 5403
f 5405 5125 5403
f 5125 5031 4881
f 4881 4724 4787
f 4787 5030 5124
f 5030 5402 5124
f 5402 5333 5550
f 5550 5552 5690
f 5690 5770 5847
f 5770 5942 5847
f 5942 6050 6395
f 6395 6573 6284
f 6661 6876 6813
f 6876 6945 6993
f 6945 6994 7065
f 6994 7064 7123
f 7064 7117 7121
f 7117 7113 7259
f 7113 6930 7110
f 6930 6984 7172
f 6984 6917 7104
f 6917 6916 7038
f 6916 6857 6982
f 6857 6719 6923
f 6719 6654 6588
f 6654 6914 6854
f 6914 7103 6854
f 7103 7164 7234
f 7164 7232 7376
f 7232 7305 7438
f 7305 7375 7542
f 7542 7541 7590
f 7541 7592 7590
f 7592 7593 7594
f 7594 7619 7620
f 7620 7669 7654
f 7654 7670 7656
f 7656 7673 7629
f 7629 7632 7561
f 7561 7514 7468
f 7468 7338 7273
f 7338 7128 7129
f 7128 7002 7003
f 7002 7133 7135
f 7133 7416 7417
f 7416 7570 7606
f 7570 7689 7690
f 7689 7664 7715
f 7664 7681 7686
f 7681 7687 7700
f 5180 5029 5481
f 5029 5332 5481
f 5332 5028 5179
f 5179 5123 5480
f 5480 5401 5766
f 5401 5622 5766
f 5622 5844 5766
f 5766 6280 5845
f 6280 6047 5845
f 6047 6048 5767
f 5767 5768 5624
f 5624 5481 5332
f 5481 5483 5180
f 7687 7688 7714
f 3639 3902 3790
f 3902 4133 3998
f 4133 4213 3998
f 4213 4212 3998
f 4212 4211 3997
f 4211 4316 4131
f 4316 4424 4530
f 4530 4653 4529
f 4529 4652 4524
f 4652 4651 4523
f 4651 4649 4522
f 4649 4812 4737
f 4737 4894 4736
f 4894 4809 4736
f 4809 4645 4646
f 4645 4414 4514
f 4414 4644 4413
f 4413 4641 4297
f 4297 4511 4199
f 4199 4411 4200
f 4200 4296 4108
f 4108 4294 4109
f 4109 3988 3987
f 3988 3785 3987
f 3785 3786 3608
f 3608 3454 3611
f 3454 3240 3456
f 3240 3125 3243
f 3125 3124 3243
f 3124 3127 3243
f 3127 3030 3126
f 3030 2924 3032
f 2924 2848 2926
f 2848 2849 2930
f 2849 2748 2929
f 2748 2655 2656
f 2656 2458 2557
f 2557 2559 2657
f 2559 2658 2657
f 2658 2753 2752
f 2753 2661 2754
f 2754 2662 2755
f 2755 2757 2756
f 2757 2758 2858
f 2758 3040 2944
f 3040 3251 3147
f 3251 3041 3252
f 3252 3042 3253
f 3253 3462 3461
f 3461 3639 3638
f 7688 7709 7708
f 7709 7721 7720
f 7721 7731 7766
f 7731 7691 7710
f 7710 7641 7666
f 7666 7526 7574
f 7574 7214 7286
f 7286 6958 7008
f 7008 6749 6829
f 6829 6610 6676
f 6610 6748 6676
f 6748 6751 6959
f 6751 6612 6615
f 6615 6215 6219
f 6219 5902 5819
f 5902 5603 5819
f 5603 5322 5539
f 5322 5169 5325
f 5169 5171 5325
f 5171 5009 5109
f 5109 4948 5011
f 5011 4777 4861
f 4777 4597 4708
f 4597 4476 4708
f 4476 4478 4600
f 4478 4370 4479
f 4479 4372 4480
f 4372 4374 4480
f 4374 4263 4264
f 4264 4057 4185
f 4057 3941 4185
f 3941 3940 3830
f 3830 3726 3575
f 3575 3497 3418
f 3497 3417 3418
f 3417 3496 3416
f 3416 3190 3299
f 2905 2904 2818
f 3190 2906 3191
f 2906 3300 3191
f 3300 3193 3418
f 3193 3304 3501
f 3304 3007 3305
f 3007 2724 3009
f 2724 2525 2823
f 2525 2341 2620
f 2341 2261 2429
f 2261 2016 2169
f 2016 1745 2169
f 1745 1495 1658
f 1495 752 1142
f 752 489 610
f 610 412 490
f 490 379 488
f 488 408 546
f 408 604 546
f 604 602 658
f 602 543 658
f 543 482 411
f 482 407 411
f 407 401 356
f 401 354 356
f 354 397 355
f 355 398 535
f 535 596 924
f 924 1025 1319
f 1025 1389 1319
f 1389 1114 1387
f 1387 1229 1390
f 1229 1227 1383
f 1227 1480 1383
f 1480 1378 1555
f 1555 1470 1722
f 1722 1906 2078
f 1906 2076 2160
f 2076 2159 2243
f 2159 2157 2243
f 2157 2158 2243
f 2158 2156 2242
f 2242 2243 2158
f 2243 2410 2411
f 2410 2603 2605
f 2603 2408 2511
f 2408 2405 2406
f 2405 2402 2696
f 2696 2401 2803
f 2803 2885 3169
f 2885 3281 3169
f 3281 3687 3685
f 3687 4035 4029
f 4029 4353 4462
f 4353 4764 4849
f 4764 5096 4849
f 5096 5097 4849
f 5097 5377 4997
f 5377 5663 5449
f 5663 5661 5816
f 5816 5893 5994
f 5994 6092 6212
f 6212 6349 6448
f 6448 6529 6614
f 6614 6611 6681
f 6681 6679 6755
f 6755 6754 6758
f 6754 6831 6758
f 6831 6682 6757
f 6757 6680 6684
f 6684 6534 6619
f 6619 6354 6536
f 6536 6353 6453
f 6453 6217 6355
f 6217 5996 6216
f 5996 6101 6216
f 6101 6098 6447
f 6447 5897 6095
f 6095 5733 5895
f 5733 5595 5731
f 5595 5660 5812
f 5660 5532 5658
f 5658 5725 5726
f 5725 5989 5888
f 5989 6208 6602
f 2179 1925 2269
f 1925 1667 2026
f 1667 1419 1666
f 1419 1342 1666
f 1342 1340 1666
f 1340 1157 1052
f 1052 965 964
f 964 853 968
f 968 1058 1162
f 1058 1264 1262
f 1264 1267 1425
f 1425 1347 1587
f 1587 1763 1585
f 1763 2363 2027
f 2363 2181 2027
f 2181 2442 2441
f 2441 2542 2439
f 2542 2635 2539
f 2635 2632 2539
f 2632 2538 2537
f 2538 2269 2353
f 2269 2438 2179
f 6208 6666 6602
f 6666 6437 6817
f 6817 6600 6944
f 6944 6741 6943
f 6741 6813 6943
f 6813 6598 6661
f 6573 6393 6484
f 6393 6161 6160
f 6161 5771 5691
f 5771 5403 5691
f 5403 5125 5258
f 5125 4881 5258
f 4881 4787 5258
f 4787 5124 5258
f 5124 5402 5551
f 5402 5550 5551
f 5550 5690 5551
f 5690 5847 5551
f 5847 5942 6284
f 5942 6395 6284
f 6284 6573 6484
f 6813 6876 6942
f 6876 6993 6942
f 6993 6945 7065
f 7065 6994 7123
f 7123 7064 7189
f 7064 7121 7189
f 7121 7117 7259
f 7259 7113 7318
f 7113 7110 7318
f 7110 6930 7172
f 7172 6984 7104
f 7104 6917 7038
f 7038 6916 6982
f 6982 6857 6923
f 6923 6719 6926
f 6719 6588 6726
f 6588 6654 6854
f 6854 7103 7037
f 7103 7234 7165
f 7234 7164 7376
f 7376 7232 7438
f 7438 7305 7492
f 7305 7542 7492
f 7542 7590 7591
f 7590 7592 7591
f 7592 7594 7544
f 7594 7620 7545
f 7620 7654 7549
f 7654 7656 7551
f 7656 7629 7508
f 7629 7561 7511
f 7561 7468 7404
f 7468 7273 7334
f 7273 7338 7129
f 7129 7128 7003
f 7003 7002 7135
f 7135 7133 7417
f 7417 7416 7606
f 7606 7570 7690
f 7690 7689 7715
f 7715 7664 7707
f 7664 7686 7707
f 7686 7681 7705
f 7681 7700 7705
f 7700 7687 7706
f 5332 5179 5480
f 5480 5766 5549
f 5766 5845 5549
f 5845 6047 5549
f 6047 5767 5549
f 5767 5624 5332
f 7687 7714 7706
f 7714 7688 7708
f 3639 3790 3638
f 3790 3902 3998
f 3998 4212 3997
f 3997 4211 4131
f 4131 4316 4130
f 4316 4530 4315
f 4530 4529 4528
f 4529 4524 4525
f 4524 4652 4523
f 4523 4651 4522
f 4522 4649 4520
f 4649 4737 4648
f 4737 4736 4648
f 4736 4809 4646
f 4646 4645 4514
f 4514 4414 4301
f 4414 4413 4302
f 4413 4297 4299
f 4297 4199 4202
f 4199 4200 4111
f 4200 4108 4110
f 4108 4109 4110
f 4109 3987 4110
f 3987 3785 3884
f 3785 3608 3611
f 3611 3454 3456
f 3456 3240 3243
f 3243 3127 3126
f 3126 3030 3032
f 3032 2924 2926
f 2926 2848 2930
f 2930 2849 2929
f 2929 2748 2933
f 2748 2656 2850
f 2656 2557 2750
f 2557 2657 2750
f 2657 2658 2752
f 2752 2753 2853
f 2753 2754 2854
f 2754 2755 2855
f 2755 2756 2856
f 2756 2757 2858
f 2858 2758 2944
f 2944 3040 3147
f 3147 3251 3368
f 3251 3252 3460
f 3252 3253 3461
f 3461 3638 3460
f 7708 7709 7727
f 7709 7720 7727
f 7720 7721 7729
f 7721 7766 7765
f 7766 7731 7784
f 7731 7710 7758
f 7710 7666 7716
f 7666 7574 7684
f 7574 7286 7575
f 7286 7008 7353
f 7008 6829 7079
f 6829 6676 6885
f 6676 6748 6607
f 6748 6959 6889
f 6959 6751 6752
f 6751 6615 6752
f 6615 6219 6454
f 6219 5819 6220
f 5819 5603 5539
f 5539 5322 5325
f 5325 5171 5326
f 5171 5109 5110
f 5109 5011 5012
f 5011 4861 4862
f 4861 4777 4708
f 4708 4476 4600
f 4600 4478 4601
f 4478 4479 4603
f 4479 4480 4604
f 4480 4374 4481
f 4374 4264 4376
f 4264 4185 4265
f 4185 3941 4060
f 3941 3830 3944
f 3830 3575 3731
f 3575 3418 3501
f 3418 3417 3300
f 3417 3416 3299
f 3299 3190 3191
f 3191 3300 3417
f 3418 3193 3501
f 3501 3304 3505
f 3304 3305 3505
f 3305 3007 3009
f 3009 2724 2823
f 2823 2525 2620
f 2620 2341 2429
f 2429 2261 2342
f 2261 2169 2342
f 2169 1745 1841
f 1745 1658 1841
f 1658 1495 1404
f 1495 1142 1404
f 1142 752 610
f 610 490 745
f 490 488 745
f 488 546 745
f 546 604 935
f 604 658 827
f 658 543 827
f 543 411 413
f 411 407 338
f 407 356 319
f 356 354 304
f 354 355 303
f 355 535 402
f 535 924 650
f 924 1319 1120
f 1319 1389 1322
f 1389 1387 1320
f 1387 1390 1320
f 1390 1229 1383
f 1383 1480 1482
f 1480 1555 1650
f 1555 1722 1825
f 1722 2078 1825
f 2078 1906 2160
f 2160 2076 2245
f 2076 2243 2245
f 2243 2411 2245
f 2411 2410 2605
f 2605 2603 2705
f 2603 2511 2705
f 2511 2408 2406
f 2406 2405 2509
f 2405 2696 2600
f 2696 2803 3072
f 2803 3169 3072
f 3169 3281 3685
f 3685 3687 4029
f 4029 4462 4159
f 4462 4353 4849
f 4849 5097 4997
f 4997 5377 5229
f 5377 5449 5229
f 5449 5663 5597
f 5663 5816 5817
f 5816 5994 5995
f 5994 6212 6100
f 6212 6448 6351
f 6448 6614 6533
f 6614 6681 6616
f 6681 6755 6685
f 6755 6758 6689
f 6758 6831 6762
f 6831 6757 6761
f 6757 6684 6760
f 6684 6619 6759
f 6619 6536 6687
f 6536 6453 6620
f 6453 6355 6539
f 6355 6217 6216
f 6216 6101 6352
f 6101 6447 6449
f 6447 6095 6609
f 6095 5895 6347
f 5895 5733 5731
f 5731 5595 5812
f 5812 5660 5726
f 5660 5658 5726
f 5726 5725 5888
f 5888 5989 6441
f 5989 6602 6441
f 2269 1925 2026
f 2026 1667 1666
f 1666 1340 1581
f 1340 1052 1259
f 1052 964 1156
f 964 968 1055
f 968 1162 1055
f 1162 1058 1262
f 1262 1264 1423
f 1264 1425 1423
f 1425 1587 1423
f 1587 1585 1423
f 1585 1763 2027
f 2027 2181 1851
f 2181 2441 2359
f 2441 2439 2359
f 2439 2542 2539
f 2539 2632 2537
f 2537 2538 2353
f 2353 2269 2026
f 6602 6666 6947
f 6666 6817 6996
f 6817 6944 7066
f 6944 6943 7059
f 6943 6813 6942
f 6484 6393 6160
f 6160 6161 5941
f 6161 5691 5941
f 5691 5403 5258
f 5258 5124 5551
f 5551 5847 5769
f 5847 6284 6049
f 6284 6484 6049
f 6942 6993 7058
f 6993 7065 7119
f 7065 7123 7185
f 7123 7189 7190
f 7189 7121 7266
f 7121 7259 7265
f 7259 7318 7398
f 7318 7110 7314
f 7110 7172 7310
f 7172 7104 7307
f 7104 7038 7236
f 7038 6982 7166
f 6982 6923 7041
f 6923 6926 7044
f 6926 6719 6726
f 6726 6588 6655
f 6588 6854 6792
f 6854 7037 6792
f 7037 7103 7165
f 7165 7234 7235
f 7234 7376 7378
f 7376 7438 7439
f 7438 7492 7494
f 7492 7542 7591
f 7591 7592 7544
f 7544 7594 7545
f 7545 7620 7549
f 7549 7654 7551
f 7551 7656 7508
f 7508 7629 7511
f 7511 7561 7404
f 7404 7468 7334
f 7334 7273 7274
f 7273 7129 7130
f 7129 7003 6956
f 7003 7135 7074
f 7135 7417 7418
f 7417 7606 7607
f 7606 7690 7701
f 7690 7715 7730
f 7715 7707 7719
f 7707 7686 7713
f 7686 7705 7713
f 7705 7700 7717
f 7700 7706 7712
f 5332 5480 5549
f 5549 5767 5332
f 7706 7714 7712
f 7714 7708 7718
f 3638 3790 3789
f 3790 3998 3997
f 3997 4131 3789
f 4131 4130 3901
f 4130 4316 4315
f 4315 4530 4528
f 4528 4529 4525
f 4525 4524 4421
f 4524 4523 4420
f 4523 4522 4418
f 4522 4520 4417
f 4520 4649 4648
f 4648 4736 4517
f 4736 4646 4517
f 4646 4514 4513
f 4514 4301 4304
f 4301 4414 4302
f 4302 4413 4299
f 4299 4297 4202
f 4202 4199 4111
f 4111 4200 4110
f 4110 3987 3884
f 3884 3785 3611
f 3611 3456 3613
f 3456 3243 3457
f 3243 3126 3457
f 3126 3032 3244
f 3032 2926 3031
f 2926 2930 2925
f 2929 2849 2931
f 2929 2933 2928
f 2933 2748 2850
f 2850 2656 2750
f 2750 2657 2749
f 2657 2752 2749
f 2752 2853 2852
f 2853 2753 2854
f 2854 2754 2855
f 2855 2755 2856
f 2856 2756 2857
f 2756 2858 2857
f 2858 2944 2943
f 2944 3147 3146
f 3147 3368 3367
f 3368 3251 3460
f 3460 3252 3461
f 3460 3638 3636
f 7708 7727 7726
f 7727 7720 7738
f 7720 7729 7738
f 7729 7721 7739
f 7721 7765 7750
f 7765 7766 7786
f 7766 7784 7787
f 7784 7731 7758
f 7758 7710 7716
f 7716 7666 7684
f 7684 7574 7575
f 7575 7286 7353
f 7353 7008 7079
f 7079 6829 6885
f 6885 6676 6747
f 6676 6607 6605
f 6607 6748 6828
f 6748 6889 6828
f 6889 6959 7077
f 6959 6752 6890
f 6752 6615 6454
f 6454 6219 6220
f 6220 5819 5820
f 5819 5539 5820
f 5539 5325 5540
f 5325 5326 5540
f 5326 5171 5173
f 5171 5110 5173
f 5110 5109 5012
f 5012 5011 4862
f 4862 4861 4779
f 4861 4708 4778
f 4708 4600 4778
f 4600 4601 4778
f 4601 4478 4603
f 4603 4479 4604
f 4604 4480 4481
f 4481 4374 4376
f 4376 4264 4265
f 4265 4185 4186
f 4185 4060 4186
f 4060 3941 3944
f 3944 3830 3731
f 3731 3575 3501
f 3417 3299 3191
f 3501 3505 3731
f 3505 3305 3507
f 3305 3009 3306
f 3009 2823 3013
f 2823 2620 2824
f 2620 2429 2726
f 2429 2342 2526
f 2342 2169 2344
f 2169 1841 2085
f 1841 1658 1842
f 1658 1404 1572
f 1404 1142 935
f 1142 610 745
f 745 546 935
f 935 604 931
f 604 827 931
f 827 543 663
f 543 413 547
f 413 411 340
f 411 338 340
f 338 407 319
f 319 356 304
f 304 354 303
f 303 355 302
f 355 402 318
f 402 535 650
f 650 924 1120
f 1120 1319 1238
f 1319 1322 1238
f 1322 1389 1320
f 1320 1390 1236
f 1390 1383 1391
f 1383 1482 1391
f 1482 1480 1650
f 1650 1555 1825
f 1825 2078 2248
f 2078 2160 2248
f 2160 2245 2411
f 2411 2605 2606
f 2605 2705 2706
f 2705 2511 2703
f 2511 2406 2510
f 2406 2509 2602
f 2509 2405 2600
f 2600 2696 2886
f 2696 3072 2886
f 3072 3169 3682
f 3169 3685 3682
f 3685 4029 4159
f 4159 4462 4578
f 4462 4849 4931
f 4849 4997 4931
f 4997 5229 5098
f 5229 5449 5311
f 5449 5597 5534
f 5597 5663 5817
f 5817 5816 5995
f 5995 5994 6100
f 6100 6212 6351
f 6351 6448 6533
f 6533 6614 6616
f 6616 6681 6685
f 6685 6755 6689
f 6689 6758 6691
f 6758 6762 6691
f 6762 6831 6761
f 6761 6757 6760
f 6760 6684 6759
f 6759 6619 6687
f 6687 6536 6620
f 6620 6453 6539
f 6539 6355 6538
f 6355 6216 6451
f 6216 6352 6451
f 6352 6101 6449
f 6449 6447 6750
f 6447 6609 6750
f 6609 6095 6347
f 6347 5895 6091
f 5895 5731 5812
f 5812 5726 6091
f 5726 5888 5991
f 5888 6441 6343
f 6441 6602 6822
f 2026 1666 1759
f 1666 1581 1759
f 1581 1340 1259
f 1259 1052 1156
f 1156 964 1055
f 1055 1162 1159
f 1162 1262 1345
f 1262 1423 1421
f 1423 1585 1421
f 1585 2027 1669
f 2027 1851 1669
f 1851 2181 2180
f 2181 2359 2180
f 2359 2439 2437
f 2439 2539 2436
f 2539 2537 2436
f 2537 2353 2355
f 2353 2026 2092
f 6602 6947 6822
f 6947 6666 6996
f 6996 6817 7066
f 7066 6944 7186
f 6944 7059 7186
f 7059 6943 7058
f 6943 6942 7058
f 6484 6160 6049
f 6160 5941 6049
f 5941 5691 5551
f 5691 5258 5551
f 5551 5769 5941
f 5769 5847 5941
f 5847 6049 5941
f 7058 6993 7119
f 7119 7065 7185
f 7185 7123 7190
f 7190 7189 7267
f 7189 7266 7267
f 7266 7121 7265
f 7265 7259 7398
f 7398 7318 7396
f 7318 7314 7396
f 7314 7110 7310
f 7310 7172 7307
f 7307 7104 7236
f 7236 7038 7166
f 7166 6982 7041
f 7041 6923 7044
f 7044 6926 7049
f 6926 6726 6932
f 6726 6655 6804
f 6655 6588 6792
f 6792 7037 6919
f 7037 7165 6919
f 7165 7235 7106
f 7235 7234 7378
f 7378 7376 7439
f 7439 7438 7494
f 7494 7492 7493
f 7492 7591 7493
f 7591 7544 7493
f 7544 7545 7495
f 7545 7549 7497
f 7549 7551 7314
f 7551 7508 7314
f 7508 7511 7396
f 7511 7404 7332
f 7404 7334 7332
f 7334 7274 7198
f 7274 7273 7130
f 7130 7129 6956
f 6956 7003 7074
f 7074 7135 7418
f 7418 7417 7607
f 7607 7606 7701
f 7701 7690 7730
f 7730 7715 7764
f 7715 7719 7728
f 7719 7707 7713
f 7713 7705 7725
f 7705 7717 7725
f 7717 7700 7712
f 5332 5767 5623
f 7712 7714 7724
f 7714 7718 7724
f 7718 7708 7726
f 3638 3789 3636
f 3789 3790 3997
f 3789 4131 3901
f 3901 4130 3900
f 4130 4315 4129
f 4315 4528 4314
f 4528 4525 4422
f 4525 4421 4422
f 4421 4524 4420
f 4420 4523 4418
f 4418 4522 4417
f 4417 4520 4416
f 4520 4648 4516
f 4648 4517 4516
f 4517 4646 4513
f 4513 4514 4304
f 4304 4301 4300
f 4302 4299 4298
f 4299 4202 4201
f 4202 4111 3990
f 4111 4110 3885
f 4110 3884 3885
f 3884 3611 3613
f 3613 3456 3457
f 3457 3126 3244
f 3244 3032 3031
f 3031 2926 2925
f 2925 2930 2928
f 2928 2933 2932
f 2933 2850 2935
f 2850 2750 2851
f 2750 2749 2851
f 2749 2752 2852
f 2852 2853 2937
f 2853 2854 2938
f 2854 2855 2939
f 2855 2856 2940
f 2856 2857 2941
f 2857 2858 2943
f 2943 2944 3146
f 3146 3147 3367
f 3367 3368 3635
f 3368 3460 3636
f 7726 7727 7747
f 7727 7738 7747
f 7738 7729 7749
f 7729 7739 7749
f 7739 7721 7750
f 7750 7765 7773
f 7765 7786 7785
f 7786 7766 7787
f 7787 7784 7799
f 7784 7758 7788
f 7758 7716 7769
f 7716 7684 7723
f 7684 7575 7694
f 7575 7353 7610
f 7353 7079 7421
f 7079 6885 7213
f 6885 6747 6957
f 6747 6676 6605
f 6605 6607 6603
f 6607 6828 6826
f 6828 6889 7006
f 6889 7077 7006
f 7077 6959 7138
f 6959 6890 7138
f 6890 6752 6617
f 6752 6454 6617
f 6454 6220 6455
f 6220 5820 6105
f 5820 5539 5540
f 5540 5326 5460
f 5326 5173 5328
f 5173 5110 5013
f 5110 5012 5013
f 5012 4862 4863
f 4862 4779 4863
f 4779 4861 4778
f 4778 4601 4603
f 4603 4604 4779
f 4604 4481 4710
f 4481 4376 4711
f 4376 4265 4482
f 4265 4186 4379
f 4186 4060 4188
f 4060 3944 3947
f 3944 3731 3831
f 3731 3505 3831
f 3505 3507 3831
f 3507 3305 3306
f 3306 3009 3013
f 3013 2823 2824
f 2824 2620 2726
f 2726 2429 2526
f 2526 2342 2344
f 2344 2169 2085
f 2085 1841 1842
f 1842 1658 1572
f 1572 1404 1407
f 1404 935 1407
f 935 1142 745
f 935 931 1132
f 931 827 1135
f 827 663 1135
f 663 543 547
f 547 413 381
f 413 340 321
f 340 338 286
f 338 319 284
f 319 304 266
f 304 303 246
f 303 302 230
f 302 355 318
f 318 402 357
f 402 650 480
f 650 1120 928
f 1120 1238 1126
f 1238 1322 1240
f 1322 1320 1324
f 1320 1236 1324
f 1236 1390 1121
f 1390 1391 1121
f 1391 1482 1652
f 1482 1650 1907
f 1650 1825 2079
f 1825 2248 2079
f 2248 2160 2331
f 2160 2411 2331
f 2411 2606 2331
f 2606 2605 2707
f 2605 2706 2707
f 2706 2705 2993
f 2705 2703 2895
f 2703 2511 2510
f 2510 2406 2602
f 2602 2509 2597
f 2509 2600 2597
f 2600 2886 2597
f 2886 3072 3277
f 3072 3682 3683
f 3682 3685 4159
f 4159 4578 4239
f 4578 4462 4931
f 4931 4997 5098
f 5098 5229 5161
f 5229 5311 5161
f 5311 5449 5534
f 5534 5597 5598
f 5597 5817 5735
f 5817 5995 5900
f 5995 6100 6103
f 6100 6351 6218
f 6351 6533 6452
f 6533 6616 6537
f 6616 6685 6621
f 6685 6689 6623
f 6689 6691 6624
f 6691 6762 6627
f 6762 6761 6692
f 6761 6760 6764
f 6760 6759 6765
f 6759 6687 6763
f 6687 6620 6690
f 6620 6539 6622
f 6539 6538 6542
f 6538 6355 6618
f 6355 6451 6618
f 6451 6352 6535
f 6352 6449 6532
f 6449 6750 6678
f 6750 6609 6886
f 6609 6347 6604
f 6347 6091 6604
f 6091 5895 5812
f 6091 5726 5991
f 5991 5888 6343
f 6343 6441 6671
f 6441 6822 6671
f 2026 1759 2092
f 1759 1581 1580
f 1581 1259 1580
f 1259 1156 1341
f 1156 1055 1159
f 1159 1162 1345
f 1345 1262 1421
f 1421 1585 1669
f 1669 1851 1584
f 1851 2180 1849
f 2180 2359 2271
f 2359 2437 2271
f 2437 2439 2436
f 2436 2537 2355
f 2355 2353 2092
f 6822 6947 7124
f 6947 6996 7193
f 6996 7066 7191
f 7066 7186 7269
f 7186 7059 7255
f 7059 7058 7182
f 7058 7119 7181
f 7119 7185 7181
f 7185 7190 7254
f 7190 7267 7324
f 7267 7266 7323
f 7266 7265 7323
f 7265 7398 7458
f 7398 7396 7461
f 7396 7314 7508
f 7314 7310 7549
f 7310 7307 7549
f 7307 7236 7379
f 7236 7166 7380
f 7166 7041 7242
f 7041 7044 7244
f 7044 7049 7175
f 7049 6926 6932
f 6932 6726 6804
f 6804 6655 6734
f 6655 6792 6725
f 6792 6919 6725
f 6919 7165 7106
f 7106 7235 7240
f 7235 7378 7440
f 7378 7439 7499
f 7439 7494 7498
f 7494 7493 7498
f 7493 7544 7495
f 7495 7545 7497
f 7497 7549 7307
f 7396 7511 7327
f 7511 7332 7327
f 7332 7334 7270
f 7334 7198 7270
f 7198 7274 7207
f 7274 7130 7071
f 7130 6956 6824
f 6956 7074 6957
f 7074 7418 7350
f 7418 7607 7608
f 7607 7701 7702
f 7701 7730 7740
f 7730 7764 7767
f 7764 7715 7756
f 7715 7728 7756
f 7728 7719 7737
f 7719 7713 7725
f 7725 7717 7737
f 7717 7712 7735
f 7712 7724 7735
f 7724 7718 7736
f 7718 7726 7745
f 3636 3789 3901
f 3901 3900 3635
f 3900 4130 4129
f 4129 4315 4314
f 4314 4528 4422
f 4422 4421 4312
f 4421 4420 4311
f 4420 4418 4310
f 4418 4417 4309
f 4417 4416 4308
f 4416 4520 4516
f 4516 4517 4415
f 4517 4513 4415
f 4513 4304 4306
f 4304 4300 4303
f 4302 4298 4300
f 4298 4299 4201
f 4201 4202 3990
f 3990 4111 3885
f 3885 3884 3613
f 3613 3457 3353
f 3457 3244 3353
f 3244 3031 3246
f 3031 2925 3129
f 2925 2928 3034
f 2928 2932 2927
f 2932 2933 2935
f 2935 2850 2851
f 2851 2749 2936
f 2749 2852 2936
f 2852 2937 3039
f 2937 2853 2938
f 2938 2854 2939
f 2939 2855 2940
f 2940 2856 2941
f 2941 2857 2942
f 2857 2943 2942
f 2943 3146 3145
f 3146 3367 3366
f 3367 3635 3634
f 3635 3368 3636
f 7726 7747 7745
f 7747 7738 7748
f 7738 7749 7748
f 7749 7739 7757
f 7739 7750 7757
f 7750 7773 7763
f 7773 7765 7785
f 7785 7786 7796
f 7786 7787 7797
f 7787 7799 7818
f 7799 7784 7788
f 7788 7758 7769
f 7769 7716 7723
f 7723 7684 7694
f 7694 7575 7610
f 7610 7353 7421
f 7421 7079 7213
f 7213 6885 6957
f 6957 6747 6824
f 6747 6605 6674
f 6605 6603 6674
f 6603 6607 6826
f 6826 6828 7005
f 6828 7006 7005
f 7006 7077 7211
f 7077 7138 7212
f 7138 6890 7009
f 6890 6617 6830
f 6617 6454 6455
f 6455 6220 6105
f 6105 5820 5744
f 5820 5540 5744
f 5540 5460 5744
f 5460 5326 5328
f 5328 5173 5111
f 5173 5013 5111
f 5013 5012 4950
f 5012 4863 4950
f 4863 4779 4710
f 4779 4778 4603
f 4779 4604 4710
f 4710 4481 4711
f 4711 4376 4482
f 4482 4265 4378
f 4265 4379 4378
f 4379 4186 4268
f 4186 4188 4268
f 4188 4060 3947
f 3947 3944 3831
f 3831 3507 3735
f 3507 3306 3508
f 3306 3013 3307
f 3013 2824 3107
f 2824 2726 2911
f 2726 2526 2826
f 2526 2344 2621
f 2344 2085 2345
f 2085 1842 2086
f 1842 1572 1747
f 1572 1407 1573
f 1407 935 1246
f 935 1132 1246
f 1132 931 1135
f 1135 663 940
f 663 547 940
f 547 381 447
f 381 413 321
f 321 340 267
f 340 286 267
f 286 338 284
f 284 319 266
f 266 304 246
f 246 303 230
f 230 302 212
f 302 318 245
f 318 357 283
f 357 402 480
f 480 650 928
f 928 1120 1124
f 1120 1126 1124
f 1126 1238 1240
f 1240 1322 1324
f 1324 1236 1239
f 1236 1121 1239
f 1121 1391 1233
f 1391 1652 1392
f 1652 1482 1907
f 1907 1650 2079
f 2079 2248 2249
f 2248 2331 2412
f 2331 2606 2412
f 2606 2707 2412
f 2707 2706 2896
f 2706 2993 2896
f 2993 2705 2992
f 2705 2895 2992
f 2895 2703 2702
f 2703 2510 2702
f 2510 2602 2700
f 2602 2597 2699
f 2597 2886 2887
f 2886 3277 3075
f 3277 3072 3683
f 3683 3682 4239
f 3682 4159 4239
f 4239 4578 4694
f 4578 4931 4933
f 4931 5098 4933
f 5098 5161 4936
f 5161 5311 5162
f 5311 5534 5313
f 5534 5598 5451
f 5598 5597 5735
f 5735 5817 5900
f 5900 5995 6103
f 6103 6100 6218
f 6218 6351 6452
f 6452 6533 6537
f 6537 6616 6621
f 6621 6685 6623
f 6623 6689 6624
f 6624 6691 6548
f 6691 6627 6548
f 6627 6762 6692
f 6692 6761 6764
f 6764 6760 6765
f 6765 6759 6763
f 6763 6687 6690
f 6690 6620 6622
f 6622 6539 6542
f 6542 6538 6541
f 6538 6618 6541
f 6618 6451 6535
f 6535 6352 6532
f 6532 6449 6678
f 6678 6750 6960
f 6750 6886 7136
f 6886 6609 6827
f 6609 6604 6827
f 6604 6091 6344
f 6091 5991 6344
f 5991 6343 6344
f 6343 6671 6672
f 6671 6822 6999
f 2092 1759 2091
f 1759 1580 1847
f 1580 1259 1665
f 1259 1341 1665
f 1341 1156 1418
f 1156 1159 1343
f 1159 1345 1343
f 1345 1421 1584
f 1421 1669 1584
f 1584 1851 1418
f 1851 1849 1418
f 1849 2180 2178
f 2180 2271 2178
f 2271 2437 2270
f 2437 2436 2356
f 2436 2355 2356
f 2355 2092 2091
f 6822 7124 6999
f 7124 6947 7193
f 7193 6996 7191
f 7191 7066 7269
f 7269 7186 7325
f 7186 7255 7325
f 7255 7059 7182
f 7182 7058 7181
f 7181 7185 7254
f 7254 7190 7324
f 7324 7267 7456
f 7267 7323 7456
f 7323 7265 7458
f 7458 7398 7461
f 7461 7396 7327
f 7307 7379 7498
f 7379 7236 7500
f 7236 7380 7500
f 7380 7166 7242
f 7242 7041 7244
f 7244 7044 7175
f 7175 7049 7114
f 7049 6932 7114
f 6932 6804 6989
f 6804 6734 6869
f 6734 6655 6725
f 6725 6919 6925
f 6919 7106 6925
f 7106 7240 7043
f 7240 7235 7440
f 7440 7378 7499
f 7499 7439 7500
f 7439 7498 7500
f 7498 7493 7495
f 7495 7497 7498
f 7497 7307 7498
f 7327 7332 7461
f 7332 7270 7271
f 7270 7198 7199
f 7198 7207 7277
f 7207 7274 7071
f 7071 7130 6824
f 6824 6956 6957
f 6957 7074 7350
f 7350 7418 7608
f 7608 7607 7702
f 7702 7701 7740
f 7740 7730 7767
f 7767 7764 7793
f 7764 7756 7762
f 7756 7728 7753
f 7728 7737 7746
f 7737 7719 7725
f 7737 7717 7735
f 7735 7724 7736
f 7736 7718 7745
f 3636 3901 3635
f 3635 3900 3634
f 3900 4129 3899
f 4129 4314 4128
f 4314 4422 4313
f 4422 4312 4313
f 4312 4421 4311
f 4311 4420 4310
f 4310 4418 4309
f 4309 4417 4308
f 4308 4416 4209
f 4416 4516 4307
f 4516 4415 4307
f 4415 4513 4306
f 4306 4304 4303
f 4303 4300 4206
f 4300 4298 4204
f 4298 4201 4113
f 4201 3990 3992
f 3990 3885 3886
f 3885 3613 3886
f 3613 3353 3614
f 3353 3244 3246
f 3246 3031 3129
f 3129 2925 3034
f 3034 2928 2927
f 2927 2932 3036
f 2932 2935 2934
f 2935 2851 2934
f 2851 2936 2934
f 2936 2852 3039
f 3039 2937 3137
f 2937 2938 3138
f 2938 2939 3139
f 2939 2940 3140
f 2940 2941 3141
f 2941 2942 3142
f 2942 2943 3145
f 3145 3146 3366
f 3366 3367 3634
f 7745 7747 7752
f 7747 7748 7753
f 7748 7749 7755
f 7749 7757 7755
f 7757 7750 7763
f 7763 7773 7782
f 7773 7785 7792
f 7785 7796 7805
f 7796 7786 7797
f 7797 7787 7810
f 7787 7818 7821
f 7818 7799 7822
f 7799 7788 7819
f 7788 7769 7802
f 7769 7723 7778
f 7723 7694 7734
f 7694 7610 7704
f 7610 7421 7642
f 7421 7213 7527
f 7213 6957 7283
f 6824 6747 6674
f 6674 6603 6825
f 6603 6826 7004
f 6826 7005 7004
f 7005 7006 7134
f 7006 7211 7134
f 7211 7077 7212
f 7212 7138 7285
f 7138 7009 7285
f 7009 6890 6830
f 6830 6617 6540
f 6617 6455 6540
f 6455 6105 6357
f 6105 5744 6000
f 5744 5460 5673
f 5460 5328 5461
f 5328 5111 5015
f 5111 5013 4951
f 5013 4950 4780
f 4950 4863 4711
f 4863 4710 4711
f 4711 4482 4780
f 4482 4378 4605
f 4378 4379 4483
f 4379 4268 4483
f 4268 4188 4270
f 4188 3947 4063
f 3947 3831 3948
f 3831 3735 3948
f 3735 3507 3736
f 3507 3508 3736
f 3508 3306 3307
f 3307 3013 3107
f 3107 2824 2911
f 2911 2726 2826
f 2826 2526 2621
f 2621 2344 2345
f 2345 2085 2086
f 2086 1842 1747
f 1747 1572 1573
f 1573 1407 1409
f 1407 1246 1409
f 1246 1132 1247
f 1132 1135 1136
f 1135 940 1136
f 940 547 747
f 547 447 747
f 447 381 341
f 381 321 288
f 321 267 250
f 267 286 215
f 286 284 231
f 284 266 247
f 266 246 213
f 246 230 192
f 230 212 192
f 212 302 245
f 245 318 283
f 283 357 320
f 357 480 409
f 480 928 655
f 928 1124 1029
f 1124 1126 1130
f 1126 1240 1033
f 1240 1324 1125
f 1324 1239 1125
f 1239 1121 1031
f 1121 1233 734
f 1233 1391 1392
f 1392 1652 1487
f 1652 1907 1740
f 1907 2079 2256
f 2079 2249 2250
f 2249 2248 2412
f 2412 2707 2608
f 2707 2896 2898
f 2896 2993 3187
f 2993 2992 3184
f 2992 2895 3183
f 2895 2702 2892
f 2702 2510 2700
f 2700 2602 2699
f 2699 2597 2806
f 2597 2887 2806
f 2887 2886 3075
f 3075 3277 3278
f 3277 3683 3386
f 3683 4239 4022
f 4239 4694 4765
f 4694 4578 4933
f 4933 5098 4934
f 5098 4936 4934
f 4936 5161 5000
f 5161 5162 5000
f 5162 5311 5313
f 5313 5534 5315
f 5534 5451 5315
f 5451 5598 5452
f 5598 5735 5535
f 5735 5900 5737
f 5900 6103 5901
f 6103 6218 5997
f 6218 6452 6104
f 6452 6537 6356
f 6537 6621 6456
f 6621 6623 6544
f 6623 6624 6547
f 6624 6548 6551
f 6548 6627 6460
f 6627 6692 6891
f 6692 6764 6962
f 6764 6765 6833
f 6765 6763 6694
f 6763 6690 6693
f 6690 6622 6626
f 6622 6542 6625
f 6542 6541 6546
f 6541 6618 6686
f 6618 6535 6683
f 6535 6532 6683
f 6532 6678 6753
f 6678 6960 6753
f 6960 6750 7007
f 6750 7136 7007
f 7136 6886 7075
f 6886 6827 7075
f 6827 6604 6955
f 6604 6344 6672
f 6344 6343 6672
f 6672 6671 6952
f 6671 6999 6952
f 2091 1759 1847
f 1847 1580 1665
f 1665 1341 1849
f 1341 1418 1849
f 1418 1156 1343
f 1343 1345 1584
f 1584 1418 1343
f 1849 2178 1923
f 2178 2271 2270
f 2270 2437 2356
f 2356 2355 2091
f 6999 7124 7272
f 7124 7193 7333
f 7193 7191 7333
f 7191 7269 7330
f 7269 7325 7399
f 7325 7255 7395
f 7255 7182 7320
f 7182 7181 7251
f 7181 7254 7319
f 7254 7324 7394
f 7324 7456 7394
f 7456 7323 7459
f 7323 7458 7459
f 7458 7461 7462
f 7498 7379 7500
f 7500 7380 7548
f 7380 7242 7443
f 7242 7244 7386
f 7244 7175 7391
f 7175 7114 7250
f 7114 6932 6989
f 6989 6804 6869
f 6869 6734 6739
f 6734 6725 6731
f 6725 6925 6731
f 6925 7106 7043
f 7043 7240 7245
f 7240 7440 7381
f 7440 7499 7547
f 7499 7500 7548
f 7461 7332 7465
f 7332 7271 7470
f 7271 7270 7199
f 7199 7198 7277
f 7277 7207 7279
f 7207 7071 7210
f 7071 6824 6674
f 6957 7350 7283
f 7350 7608 7572
f 7608 7702 7703
f 7702 7740 7741
f 7740 7767 7774
f 7767 7793 7798
f 7793 7764 7783
f 7764 7762 7783
f 7762 7756 7760
f 7756 7753 7754
f 7753 7728 7746
f 7746 7737 7735
f 7735 7736 7744
f 7736 7745 7744
f 3634 3900 3899
f 3899 4129 4128
f 4128 4314 4313
f 4313 4312 4126
f 4312 4311 4125
f 4311 4310 4124
f 4310 4309 4123
f 4309 4308 4122
f 4308 4209 4121
f 4209 4416 4307
f 4307 4415 4305
f 4415 4306 4305
f 4306 4303 4305
f 4303 4206 4207
f 4206 4300 4204
f 4204 4298 4113
f 4113 4201 3992
f 3992 3990 3886
f 3886 3613 3614
f 3614 3353 3354
f 3353 3246 3354
f 3246 3129 3245
f 3129 3034 3131
f 3034 2927 3033
f 2927 3036 3035
f 3036 2932 3037
f 2932 2934 3037
f 2934 2936 3038
f 2936 3039 3038
f 3039 3137 3136
f 3137 2937 3138
f 3138 2938 3139
f 3139 2939 3140
f 3140 2940 3141
f 3141 2941 3142
f 3142 2942 3143
f 2942 3145 3143
f 3145 3366 3365
f 3366 3634 3633
f 7745 7752 7744
f 7752 7747 7753
f 7753 7748 7754
f 7748 7755 7754
f 7755 7757 7761
f 7757 7763 7770
f 7763 7782 7770
f 7782 7773 7792
f 7792 7785 7805
f 7805 7796 7806
f 7796 7797 7807
f 7797 7810 7809
f 7810 7787 7821
f 7821 7818 7824
f 7818 7822 7832
f 7822 7799 7819
f 7819 7788 7802
f 7802 7769 7778
f 7778 7723 7734
f 7734 7694 7704
f 7704 7610 7642
f 7642 7421 7527
f 7527 7213 7573
f 7213 7283 7573
f 6674 6825 7071
f 6825 6603 7004
f 7004 7005 7210
f 7005 7134 7210
f 7134 7211 7281
f 7211 7212 7347
f 7212 7285 7351
f 7285 7009 7216
f 7009 6830 6961
f 6830 6540 6688
f 6540 6455 6357
f 6357 6105 6000
f 6000 5744 5673
f 5673 5460 5461
f 5461 5328 5238
f 5328 5015 5238
f 5015 5111 4951
f 4951 5013 4780
f 4780 4950 4711
f 4780 4482 4605
f 4605 4378 4606
f 4378 4483 4606
f 4483 4268 4381
f 4268 4270 4383
f 4270 4188 4063
f 4063 3947 3948
f 3948 3735 3833
f 3735 3736 3833
f 3736 3508 3509
f 3508 3307 3509
f 3307 3107 3109
f 3107 2911 3109
f 2911 2826 3020
f 2826 2621 2827
f 2621 2345 2622
f 2345 2086 2347
f 2086 1747 2019
f 1747 1573 1749
f 1573 1409 1498
f 1409 1246 1248
f 1246 1247 1248
f 1247 1132 1136
f 1136 940 1040
f 940 747 1040
f 747 447 614
f 447 341 415
f 341 381 288
f 288 321 250
f 250 267 196
f 267 215 196
f 215 286 231
f 231 284 247
f 247 266 213
f 213 246 192
f 192 212 176
f 212 245 193
f 245 283 248
f 283 320 285
f 320 357 409
f 409 480 655
f 655 928 1029
f 1029 1124 1130
f 1130 1126 1038
f 1126 1033 1038
f 1033 1240 1125
f 1125 1239 930
f 1239 1031 930
f 1031 1121 824
f 1121 734 649
f 734 1233 922
f 1233 1392 1234
f 1392 1487 1237
f 1487 1652 1740
f 1740 1907 2013
f 1907 2256 2013
f 2256 2079 2253
f 2079 2250 2253
f 2250 2249 2413
f 2249 2412 2608
f 2608 2707 2898
f 2898 2896 3084
f 2896 3187 3084
f 3187 2993 3185
f 2993 3184 3185
f 3184 2992 3183
f 3183 2895 3082
f 2895 2892 3082
f 2892 2702 2891
f 2702 2700 2891
f 2700 2699 2890
f 2699 2806 2890
f 2806 2887 2984
f 2887 3075 2983
f 3075 3278 2983
f 3278 3277 3386
f 3386 3683 3684
f 3683 4022 3920
f 4022 4239 4463
f 4239 4765 4463
f 4765 4694 4934
f 4694 4933 4934
f 4934 4936 4854
f 4936 5000 4854
f 5000 5162 5002
f 5162 5313 5163
f 5313 5315 5230
f 5315 5451 5452
f 5452 5598 5535
f 5535 5735 5599
f 5735 5737 5599
f 5737 5900 5901
f 5901 6103 5997
f 5997 6218 6104
f 6104 6452 6356
f 6356 6537 6456
f 6456 6621 6544
f 6544 6623 6547
f 6547 6624 6551
f 6551 6548 6462
f 6548 6460 6462
f 6460 6627 6459
f 6627 6891 6834
f 6891 6692 6962
f 6962 6764 6963
f 6764 6833 6963
f 6833 6765 6694
f 6694 6763 6693
f 6693 6690 6626
f 6626 6622 6625
f 6625 6542 6546
f 6546 6541 6543
f 6541 6686 6543
f 6686 6618 6756
f 6618 6683 6756
f 6683 6532 6753
f 6753 6960 7010
f 6960 7007 7215
f 7007 7136 7284
f 7136 7075 7282
f 7075 6827 7072
f 6827 6955 7072
f 6955 6604 6672
f 6672 6952 6955
f 6952 6999 7201
f 2091 1847 2094
f 1847 1665 1923
f 1665 1849 1923
f 1923 2178 2095
f 2178 2270 2095
f 2270 2356 2095
f 2356 2091 2094
f 7124 7333 7335
f 7333 7191 7330
f 7330 7269 7399
f 7399 7325 7395
f 7395 7255 7320
f 7320 7182 7251
f 7251 7181 7319
f 7319 7254 7394
f 7394 7456 7453
f 7456 7459 7555
f 7459 7458 7555
f 7458 7462 7600
f 7462 7461 7465
f 7548 7380 7443
f 7443 7242 7386
f 7386 7244 7391
f 7391 7175 7250
f 7250 7114 7251
f 7114 6989 7180
f 6989 6869 7054
f 6869 6739 6937
f 6739 6734 6731
f 6731 6925 6865
f 6925 7043 6865
f 7043 7245 7047
f 7245 7240 7381
f 7381 7440 7547
f 7547 7499 7548
f 7465 7332 7470
f 7470 7271 7472
f 7271 7199 7202
f 7199 7277 7278
f 7277 7279 7346
f 7279 7207 7210
f 7210 7071 7004
f 7283 7350 7572
f 7572 7608 7703
f 7703 7702 7741
f 7741 7740 7774
f 7774 7767 7798
f 7798 7793 7816
f 7793 7783 7791
f 7783 7762 7771
f 7762 7760 7771
f 7760 7756 7754
f 7753 7746 7752
f 7746 7735 7744
f 3634 3899 3633
f 3899 4128 3898
f 4128 4313 4127
f 4313 4126 4127
f 4126 4312 4125
f 4125 4311 4124
f 4124 4310 4123
f 4123 4309 4122
f 4122 4308 4121
f 4121 4209 4120
f 4209 4307 4208
f 4307 4305 4208
f 4305 4303 4207
f 4207 4206 4118
f 4206 4204 4203
f 4204 4113 4115
f 4113 3992 3991
f 3992 3886 3887
f 3886 3614 3887
f 3614 3354 3616
f 3354 3246 3245
f 3245 3129 3131
f 3131 3034 3033
f 3033 2927 3035
f 3035 3036 3133
f 3036 3037 3134
f 3037 2934 3038
f 3038 3039 3136
f 3136 3137 3357
f 3137 3138 3358
f 3138 3139 3359
f 3139 3140 3360
f 3140 3141 3361
f 3141 3142 3362
f 3142 3143 3363
f 3143 3145 3365
f 3365 3366 3633
f 7744 7752 7746
f 7754 7755 7760
f 7755 7761 7760
f 7761 7757 7770
f 7770 7782 7772
f 7782 7792 7790
f 7792 7805 7794
f 7805 7806 7803
f 7806 7796 7807
f 7807 7797 7809
f 7809 7810 7817
f 7810 7821 7817
f 7821 7824 7823
f 7824 7818 7832
f 7832 7822 7837
f 7822 7819 7835
f 7819 7802 7829
f 7802 7778 7814
f 7778 7734 7779
f 7734 7704 7743
f 7704 7642 7711
f 7642 7527 7683
f 7527 7573 7693
f 7573 7283 7572
f 7071 6825 7004
f 7210 7134 7281
f 7281 7211 7347
f 7347 7212 7351
f 7351 7285 7420
f 7285 7216 7420
f 7216 7009 6961
f 6961 6830 6688
f 6688 6540 6545
f 6540 6357 6545
f 6357 6000 6359
f 6000 5673 5911
f 5673 5461 5612
f 5461 5238 5390
f 5238 5015 5017
f 5015 4951 4782
f 4951 4780 4605
f 4605 4606 4782
f 4606 4483 4712
f 4483 4381 4713
f 4381 4268 4383
f 4383 4270 4272
f 4270 4063 4065
f 4063 3948 4065
f 3948 3833 4065
f 3833 3736 3835
f 3736 3509 3737
f 3509 3307 3310
f 3307 3109 3310
f 3109 2911 3020
f 3020 2826 2827
f 2827 2621 2622
f 2622 2345 2347
f 2347 2086 2019
f 2019 1747 1749
f 1749 1573 1498
f 1498 1409 1410
f 1409 1248 1410
f 1248 1247 1249
f 1247 1136 1137
f 1136 1040 1137
f 1040 747 946
f 747 614 946
f 614 447 415
f 415 341 323
f 341 288 289
f 288 250 252
f 250 196 217
f 196 215 180
f 215 231 179
f 231 247 194
f 247 213 194
f 213 192 177
f 192 176 159
f 176 212 193
f 193 245 248
f 248 283 285
f 285 320 339
f 320 409 380
f 409 655 486
f 655 1029 737
f 1029 1130 1032
f 1130 1038 1140
f 1038 1033 944
f 1033 1125 937
f 1125 930 937
f 930 1031 933
f 1031 824 739
f 824 1121 649
f 649 734 531
f 734 922 814
f 922 1233 1234
f 1234 1392 1237
f 1237 1487 1568
f 1487 1740 1835
f 1740 2013 1910
f 2013 2256 2080
f 2256 2253 2080
f 2253 2250 2334
f 2250 2413 2332
f 2413 2249 2608
f 2608 2898 2708
f 2898 3084 3087
f 3084 3187 3404
f 3187 3185 3403
f 3185 3184 3402
f 3184 3183 3400
f 3183 3082 3399
f 3082 2892 3081
f 2892 2891 3081
f 2891 2700 2990
f 2700 2890 2990
f 2890 2806 2988
f 2806 2984 2988
f 2984 2887 2983
f 2983 3278 3282
f 3278 3386 3684
f 3684 3683 3920
f 3920 4022 4024
f 4022 4463 4240
f 4463 4765 4766
f 4765 4934 4935
f 4934 4854 4935
f 4854 5000 4938
f 5000 5002 4938
f 5002 5162 5163
f 5163 5313 5230
f 5230 5315 5452
f 5452 5535 5316
f 5535 5599 5382
f 5599 5737 5537
f 5737 5901 5600
f 5901 5997 5602
f 5997 6104 5738
f 6104 6356 5998
f 6356 6456 6221
f 6456 6544 6358
f 6544 6547 6458
f 6547 6551 6461
f 6551 6462 6361
f 6462 6460 6240
f 6460 6459 6362
f 6459 6627 6834
f 6834 6891 7143
f 6891 6962 7141
f 6962 6963 7142
f 6963 6833 6892
f 6833 6694 6766
f 6694 6693 6629
f 6693 6626 6628
f 6626 6625 6552
f 6625 6546 6550
f 6546 6543 6549
f 6543 6686 6688
f 6686 6756 6832
f 6756 6683 7010
f 6683 6753 7010
f 7010 6960 7215
f 7215 7007 7284
f 7284 7136 7349
f 7136 7282 7349
f 7282 7075 7209
f 7075 7072 7209
f 7072 6955 7070
f 6955 6952 7070
f 6952 7201 7070
f 7201 6999 7127
f 2094 1847 1923
f 1923 2095 2094
f 2095 2356 2094
f 7124 7335 7195
f 7335 7333 7406
f 7333 7330 7405
f 7330 7399 7464
f 7399 7395 7454
f 7395 7320 7315
f 7320 7251 7315
f 7251 7319 7250
f 7319 7394 7392
f 7394 7453 7446
f 7453 7456 7554
f 7456 7555 7554
f 7555 7458 7600
f 7600 7462 7558
f 7462 7465 7512
f 7548 7443 7596
f 7443 7386 7504
f 7386 7391 7446
f 7391 7250 7392
f 7251 7114 7180
f 7180 6989 7054
f 7054 6869 6937
f 6937 6739 6807
f 6739 6731 6805
f 6731 6865 6805
f 6865 7043 7047
f 7047 7245 7246
f 7245 7381 7385
f 7381 7547 7501
f 7547 7548 7596
f 7465 7470 7562
f 7470 7472 7564
f 7472 7271 7339
f 7271 7202 7339
f 7202 7199 7278
f 7278 7277 7346
f 7346 7279 7413
f 7279 7210 7345
f 7572 7703 7692
f 7703 7741 7742
f 7741 7774 7775
f 7774 7798 7811
f 7798 7816 7825
f 7816 7793 7808
f 7793 7791 7795
f 7791 7783 7781
f 7783 7771 7781
f 7771 7760 7761
f 3633 3899 3898
f 3898 4128 4127
f 4127 4126 3896
f 4126 4125 3895
f 4125 4124 3894
f 4124 4123 3893
f 4123 4122 3892
f 4122 4121 3891
f 4121 4120 3890
f 4120 4209 4208
f 4208 4305 4207
f 4207 4118 3996
f 4118 4206 4117
f 4206 4203 4205
f 4203 4204 4115
f 4115 4113 3991
f 3991 3992 3887
f 3887 3614 3616
f 3616 3354 3458
f 3354 3245 3458
f 3245 3131 3248
f 3131 3033 3130
f 3033 3035 3130
f 3035 3133 3132
f 3133 3036 3134
f 3134 3037 3250
f 3037 3038 3250
f 3038 3136 3250
f 3136 3357 3356
f 3357 3137 3358
f 3358 3138 3359
f 3359 3139 3360
f 3360 3140 3361
f 3361 3141 3362
f 3362 3142 3363
f 3363 3143 3364
f 3143 3365 3364
f 3365 3633 3632
f 7761 7770 7772
f 7772 7782 7790
f 7790 7792 7794
f 7794 7805 7803
f 7803 7806 7804
f 7806 7807 7808
f 7807 7809 7816
f 7809 7817 7816
f 7817 7821 7823
f 7823 7824 7831
f 7824 7832 7831
f 7832 7837 7836
f 7837 7822 7835
f 7835 7819 7829
f 7829 7802 7814
f 7814 7778 7779
f 7779 7734 7743
f 7743 7704 7711
f 7711 7642 7683
f 7683 7527 7693
f 7693 7573 7692
f 7573 7572 7692
f 7210 7281 7345
f 7281 7347 7345
f 7347 7351 7413
f 7351 7420 7477
f 7420 7216 7354
f 7216 6961 7080
f 6961 6688 6832
f 6688 6545 6543
f 6545 6357 6359
f 6359 6000 5911
f 5911 5673 5612
f 5612 5461 5390
f 5390 5238 5174
f 5238 5017 5174
f 5017 5015 4782
f 4782 4951 4605
f 4782 4606 4712
f 4712 4483 4713
f 4713 4381 4608
f 4381 4383 4608
f 4383 4272 4385
f 4272 4270 4065
f 4065 3833 4066
f 3833 3835 4066
f 3835 3736 3737
f 3737 3509 3514
f 3509 3310 3514
f 3310 3109 3114
f 3109 3020 3114
f 3020 2827 3021
f 2827 2622 2828
f 2622 2347 2623
f 2347 2019 2348
f 2019 1749 2020
f 1749 1498 1751
f 1498 1410 1500
f 1410 1248 1251
f 1248 1249 1251
f 1249 1247 1137
f 1137 1040 1041
f 1040 946 1041
f 946 614 754
f 614 415 495
f 415 323 382
f 323 341 289
f 289 288 252
f 252 250 217
f 217 196 183
f 196 180 183
f 180 215 179
f 179 231 194
f 194 213 177
f 177 192 159
f 159 176 178
f 176 193 178
f 193 248 214
f 248 285 249
f 285 339 287
f 339 320 380
f 380 409 486
f 486 655 737
f 737 1029 1032
f 1032 1130 1140
f 1140 1038 1043
f 1038 944 1043
f 944 1033 937
f 937 930 939
f 930 933 939
f 933 1031 739
f 739 824 656
f 824 649 656
f 649 531 539
f 531 734 731
f 734 814 731
f 814 922 816
f 922 1234 923
f 1234 1237 925
f 1237 1568 1325
f 1568 1487 1835
f 1835 1740 1910
f 1910 2013 2080
f 2080 2253 2165
f 2253 2334 2165
f 2334 2250 2332
f 2332 2413 2517
f 2413 2608 2708
f 2708 2898 3087
f 3087 3084 3407
f 3084 3404 3407
f 3404 3187 3403
f 3403 3185 3402
f 3402 3184 3401
f 3184 3400 3401
f 3400 3183 3399
f 3399 3082 3398
f 3082 3081 3398
f 3081 2891 3079
f 2891 2990 3079
f 2990 2890 2988
f 2988 2984 3285
f 2984 2983 3282
f 3282 3278 3686
f 3278 3684 3686
f 3684 3920 4024
f 4024 4022 4240
f 4240 4463 4464
f 4463 4766 4580
f 4766 4765 4935
f 4935 4854 4937
f 4854 4938 4705
f 4938 5002 5003
f 5002 5163 5099
f 5163 5230 5164
f 5230 5452 5316
f 5316 5535 5382
f 5382 5599 5454
f 5599 5537 5454
f 5537 5737 5600
f 5600 5901 5602
f 5602 5997 5738
f 5738 6104 5998
f 5998 6356 6221
f 6221 6456 6358
f 6358 6544 6458
f 6458 6547 6461
f 6461 6551 6361
f 6361 6462 6244
f 6462 6240 6244
f 6240 6460 6362
f 6362 6459 6463
f 6459 6834 6695
f 6834 7143 7013
f 7143 6891 7141
f 7141 6962 7142
f 7142 6963 7081
f 6963 6892 7081
f 6892 6833 6766
f 6766 6694 6630
f 6694 6629 6630
f 6629 6693 6628
f 6628 6626 6552
f 6552 6625 6550
f 6550 6546 6549
f 6549 6543 6457
f 6688 6686 6832
f 6832 6756 7012
f 6756 7010 7011
f 7010 7215 7217
f 7215 7284 7422
f 7284 7349 7525
f 7349 7282 7280
f 7282 7209 7208
f 7209 7072 7200
f 7072 7070 7200
f 7070 7201 7200
f 7201 7127 7275
f 7127 6999 6998
f 7124 7195 7068
f 7195 7335 7337
f 7335 7406 7337
f 7406 7333 7405
f 7405 7330 7464
f 7464 7399 7457
f 7399 7454 7457
f 7454 7395 7315
f 7315 7251 7249
f 7250 7319 7392
f 7392 7394 7391
f 7394 7446 7391
f 7446 7453 7552
f 7453 7554 7552
f 7554 7555 7625
f 7555 7600 7627
f 7600 7558 7630
f 7558 7462 7512
f 7512 7465 7562
f 7596 7443 7504
f 7504 7386 7446
f 7251 7180 7252
f 7180 7054 7183
f 7054 6937 7120
f 6937 6807 6938
f 6807 6739 6805
f 6805 6865 6931
f 6865 7047 6931
f 7047 7246 7048
f 7246 7245 7385
f 7385 7381 7501
f 7501 7547 7595
f 7547 7596 7595
f 7562 7470 7564
f 7564 7472 7604
f 7472 7339 7473
f 7339 7202 7340
f 7202 7278 7203
f 7278 7346 7415
f 7346 7413 7477
f 7413 7279 7345
f 7692 7703 7742
f 7742 7741 7775
f 7775 7774 7811
f 7811 7798 7825
f 7825 7816 7830
f 7816 7808 7807
f 7808 7793 7795
f 7795 7791 7790
f 7791 7781 7790
f 7781 7771 7772
f 7771 7761 7772
f 3633 3898 3632
f 3898 4127 3897
f 4127 3896 3897
f 3896 4126 3895
f 3895 4125 3894
f 3894 4124 3893
f 3893 4123 3892
f 3892 4122 3891
f 3891 4121 3890
f 3890 4120 3889
f 4120 4208 3996
f 4208 4207 3996
f 3996 4118 3888
f 4118 4117 3995
f 4117 4206 4205
f 4205 4203 4114
f 4203 4115 4114
f 4115 3991 3994
f 3991 3887 3787
f 3887 3616 3787
f 3616 3458 3617
f 3458 3245 3248
f 3248 3131 3130
f 3130 3035 3132
f 3132 3133 3249
f 3133 3134 3249
f 3134 3250 3355
f 3250 3136 3356
f 3356 3357 3621
f 3357 3358 3623
f 3358 3359 3624
f 3359 3360 3625
f 3360 3361 3626
f 3361 3362 3627
f 3362 3363 3628
f 3363 3364 3630
f 3364 3365 3632
f 7772 7790 7781
f 7790 7794 7795
f 7794 7803 7804
f 7804 7806 7808
f 7816 7817 7823
f 7823 7831 7830
f 7831 7832 7836
f 7836 7837 7846
f 7837 7835 7843
f 7835 7829 7844
f 7829 7814 7839
f 7814 7779 7815
f 7779 7743 7780
f 7743 7711 7751
f 7711 7683 7722
f 7683 7693 7733
f 7693 7692 7732
f 7345 7347 7413
f 7413 7351 7477
f 7477 7420 7478
f 7420 7354 7478
f 7354 7216 7080
f 7080 6961 6832
f 6543 6545 6457
f 6545 6359 6457
f 6359 5911 6113
f 5911 5612 5750
f 5612 5390 5543
f 5390 5174 5329
f 5174 5017 4952
f 5017 4782 4712
f 4712 4713 4952
f 4713 4608 4865
f 4608 4383 4484
f 4383 4385 4484
f 4385 4272 4387
f 4272 4065 4275
f 4065 4066 4275
f 4066 3835 4069
f 3835 3737 3838
f 3737 3514 3741
f 3514 3310 3314
f 3310 3114 3314
f 3114 3020 3021
f 3021 2827 2828
f 2828 2622 2623
f 2623 2347 2624
f 2347 2348 2624
f 2348 2019 2020
f 2020 1749 1751
f 1751 1498 1500
f 1500 1410 1333
f 1410 1251 1333
f 1251 1249 1250
f 1249 1137 1138
f 1137 1041 1138
f 1041 946 1044
f 946 754 1044
f 754 614 495
f 495 415 382
f 382 323 324
f 323 289 291
f 289 252 269
f 252 217 235
f 217 183 220
f 183 180 166
f 180 179 163
f 179 194 160
f 194 177 160
f 177 159 161
f 159 178 162
f 178 193 214
f 214 248 249
f 249 285 287
f 287 339 322
f 339 380 358
f 380 486 446
f 486 737 607
f 737 1032 932
f 1032 1140 1133
f 1140 1043 1250
f 1043 944 834
f 944 937 748
f 937 939 748
f 939 933 830
f 933 739 828
f 739 656 660
f 656 649 539
f 539 531 478
f 531 731 810
f 731 814 914
f 814 816 916
f 816 922 923
f 923 1234 925
f 925 1237 1325
f 1325 1568 1323
f 1568 1835 1742
f 1835 1910 1834
f 1910 2080 2081
f 2080 2165 2337
f 2165 2334 2254
f 2334 2332 2517
f 2517 2413 2708
f 2708 3087 3085
f 3087 3407 3405
f 3407 3404 3711
f 3404 3403 3709
f 3403 3402 3707
f 3402 3401 3706
f 3401 3400 3706
f 3400 3399 3705
f 3399 3398 3704
f 3398 3081 3396
f 3081 3079 3396
f 3079 2990 3180
f 2990 2988 2989
f 2988 3285 3178
f 3285 2984 3282
f 3282 3686 3688
f 3686 3684 4024
f 4024 4240 4351
f 4240 4464 4351
f 4464 4463 4580
f 4580 4766 4582
f 4766 4935 4701
f 4935 4937 4701
f 4937 4854 4587
f 4854 4705 4588
f 4705 4938 4857
f 4938 5003 4857
f 5003 5002 5099
f 5099 5163 5164
f 5164 5230 5316
f 5316 5382 5166
f 5382 5454 5232
f 5454 5537 5317
f 5537 5600 5383
f 5600 5602 5384
f 5602 5738 5538
f 5738 5998 5741
f 5998 6221 5904
f 6221 6358 6001
f 6358 6458 6006
f 6458 6461 6010
f 6461 6361 6121
f 6361 6244 6021
f 6244 6240 6256
f 6240 6362 6255
f 6362 6463 6372
f 6463 6459 6695
f 6695 6834 7013
f 7013 7143 7357
f 7143 7141 7423
f 7141 7142 7424
f 7142 7081 7287
f 7081 6892 7014
f 6892 6766 6696
f 6766 6630 6696
f 6630 6629 6554
f 6629 6628 6466
f 6628 6552 6465
f 6552 6550 6464
f 6550 6549 6360
f 6549 6457 6224
f 6832 7012 7080
f 7012 6756 7011
f 7011 7010 7217
f 7217 7215 7422
f 7422 7284 7525
f 7525 7349 7415
f 7349 7280 7415
f 7280 7282 7208
f 7208 7209 7200
f 7200 7201 7275
f 7275 7127 7196
f 7127 6998 7068
f 7124 7068 6998
f 7068 7195 7196
f 7195 7337 7196
f 7337 7406 7471
f 7406 7405 7469
f 7405 7464 7467
f 7464 7457 7463
f 7457 7454 7510
f 7454 7315 7451
f 7315 7249 7248
f 7249 7251 7252
f 7446 7552 7504
f 7552 7554 7622
f 7554 7625 7622
f 7625 7555 7627
f 7627 7600 7630
f 7630 7558 7631
f 7558 7512 7560
f 7512 7562 7603
f 7596 7504 7552
f 7252 7180 7256
f 7180 7183 7256
f 7183 7054 7120
f 7120 6937 7060
f 6937 6938 7055
f 6938 6807 6868
f 6807 6805 6868
f 6805 6931 6868
f 6931 7047 7048
f 7048 7246 7248
f 7246 7385 7388
f 7385 7501 7502
f 7501 7595 7597
f 7595 7596 7622
f 7562 7564 7634
f 7564 7604 7662
f 7604 7472 7473
f 7473 7339 7340
f 7340 7202 7203
f 7203 7278 7208
f 7278 7415 7280
f 7415 7346 7477
f 7692 7742 7732
f 7742 7775 7776
f 7775 7811 7812
f 7811 7825 7833
f 7825 7830 7841
f 7830 7816 7823
f 7808 7795 7804
f 3632 3898 3897
f 3897 3896 3630
f 3896 3895 3628
f 3895 3894 3627
f 3894 3893 3626
f 3893 3892 3625
f 3892 3891 3624
f 3891 3890 3623
f 3890 3889 3621
f 3889 4120 3996
f 3996 3888 3889
f 3888 4118 3995
f 3995 4117 4116
f 4117 4205 4116
f 4205 4114 4116
f 4114 4115 3994
f 3994 3991 3787
f 3787 3616 3617
f 3617 3458 3459
f 3458 3248 3459
f 3248 3130 3247
f 3130 3132 3247
f 3132 3249 3247
f 3249 3134 3355
f 3355 3250 3356
f 3356 3621 3620
f 3621 3357 3623
f 3623 3358 3624
f 3624 3359 3625
f 3625 3360 3626
f 3626 3361 3627
f 3627 3362 3628
f 3628 3363 3630
f 3630 3364 3631
f 3364 3632 3631
f 7795 7794 7804
f 7830 7831 7836
f 7836 7846 7841
f 7846 7837 7842
f 7837 7843 7842
f 7843 7835 7844
f 7844 7829 7839
f 7839 7814 7815
f 7815 7779 7780
f 7780 7743 7751
f 7751 7711 7722
f 7722 7683 7733
f 7733 7693 7732
f 7477 7478 7524
f 7478 7354 7355
f 7354 7080 7139
f 6457 6359 6113
f 6113 5911 5750
f 5750 5612 5543
f 5543 5390 5329
f 5329 5174 5018
f 5174 4952 5018
f 4952 5017 4712
f 4952 4713 4865
f 4865 4608 4783
f 4608 4484 4783
f 4484 4385 4609
f 4385 4387 4610
f 4387 4272 4275
f 4275 4066 4276
f 4066 4069 4276
f 4069 3835 3838
f 3838 3737 3741
f 3741 3514 3518
f 3514 3314 3518
f 3314 3114 3116
f 3114 3021 3116
f 3021 2828 3022
f 2828 2623 2829
f 2623 2624 2830
f 2624 2348 2528
f 2348 2020 2263
f 2020 1751 2021
f 1751 1500 1661
f 1500 1333 1501
f 1333 1251 1252
f 1251 1250 1252
f 1250 1249 1138
f 1138 1041 941
f 1041 1044 941
f 1044 754 841
f 754 495 623
f 495 382 457
f 382 324 360
f 324 323 291
f 291 289 269
f 269 252 235
f 235 217 220
f 220 183 199
f 183 166 199
f 166 180 163
f 163 179 160
f 160 177 161
f 161 159 162
f 162 178 195
f 178 214 195
f 214 249 232
f 249 287 251
f 287 322 268
f 322 339 358
f 358 380 446
f 446 486 607
f 607 737 932
f 932 1032 1133
f 1133 1140 1250
f 1250 1043 1252
f 1043 834 1146
f 834 944 748
f 748 939 672
f 939 830 672
f 830 933 828
f 828 739 660
f 660 656 603
f 656 539 603
f 539 478 481
f 478 531 642
f 531 810 642
f 810 731 914
f 914 814 916
f 916 816 818
f 816 923 819
f 923 925 819
f 925 1325 927
f 1325 1323 1027
f 1323 1568 1567
f 1568 1742 1567
f 1742 1835 1834
f 1834 1910 1836
f 1910 2081 1911
f 2081 2080 2257
f 2080 2337 2257
f 2337 2165 2254
f 2254 2334 2415
f 2334 2517 2415
f 2517 2708 2710
f 2708 3085 2899
f 3085 3087 3405
f 3405 3407 3714
f 3407 3711 3714
f 3711 3404 3709
f 3709 3403 3707
f 3707 3402 3706
f 3706 3400 3705
f 3705 3399 3704
f 3704 3398 3703
f 3398 3396 3703
f 3396 3079 3395
f 3079 3180 3395
f 3180 2990 2989
f 2989 2988 3178
f 3178 3285 3691
f 3285 3282 3688
f 3688 3686 4030
f 3686 4024 4030
f 4024 4351 4030
f 4351 4464 4582
f 4464 4580 4582
f 4582 4766 4701
f 4701 4937 4767
f 4937 4587 4767
f 4587 4854 4588
f 4588 4705 4591
f 4705 4857 4769
f 4857 5003 4939
f 5003 5099 5101
f 5099 5164 5101
f 5164 5316 5166
f 5166 5382 5232
f 5232 5454 5234
f 5454 5317 5234
f 5317 5537 5383
f 5383 5600 5384
f 5384 5602 5538
f 5538 5738 5741
f 5741 5998 5904
f 5904 6221 6001
f 6001 6358 6006
f 6006 6458 6010
f 6010 6461 6121
f 6121 6361 6021
f 6021 6244 6026
f 6244 6256 6026
f 6256 6240 6255
f 6255 6362 6372
f 6372 6463 6467
f 6463 6695 6553
f 6695 7013 6835
f 7013 7357 7218
f 7357 7143 7423
f 7423 7141 7424
f 7424 7142 7287
f 7287 7081 7219
f 7081 7014 7219
f 7014 6892 6893
f 6892 6696 6893
f 6696 6630 6555
f 6630 6554 6555
f 6554 6629 6466
f 6466 6628 6465
f 6465 6552 6464
f 6464 6550 6360
f 6360 6549 6224
f 6224 6457 6113
f 7080 7012 7139
f 7012 7011 7140
f 7011 7217 7140
f 7217 7422 7356
f 7422 7525 7528
f 7525 7415 7524
f 7280 7208 7278
f 7208 7200 7204
f 7200 7275 7343
f 7275 7196 7341
f 7196 7127 7068
f 7196 7337 7341
f 7337 7471 7341
f 7471 7406 7469
f 7469 7405 7467
f 7467 7464 7463
f 7463 7457 7556
f 7457 7510 7556
f 7510 7454 7451
f 7451 7315 7389
f 7315 7248 7389
f 7248 7249 7051
f 7249 7252 7179
f 7552 7622 7596
f 7622 7625 7655
f 7625 7627 7671
f 7627 7630 7674
f 7630 7631 7675
f 7631 7558 7560
f 7560 7512 7603
f 7603 7562 7634
f 7252 7256 7253
f 7256 7183 7261
f 7183 7120 7268
f 7120 7060 7187
f 7060 6937 7055
f 7055 6938 6991
f 6938 6868 6991
f 6868 6931 6987
f 6931 7048 6987
f 7048 7248 7051
f 7248 7246 7388
f 7388 7385 7502
f 7502 7501 7597
f 7597 7595 7655
f 7595 7622 7655
f 7634 7564 7662
f 7662 7604 7679
f 7604 7473 7638
f 7473 7340 7518
f 7340 7203 7342
f 7203 7208 7204
f 7415 7477 7524
f 7732 7742 7776
f 7776 7775 7812
f 7812 7811 7833
f 7833 7825 7841
f 7841 7830 7836
f 3632 3897 3631
f 3897 3630 3631
f 3630 3896 3628
f 3628 3895 3627
f 3627 3894 3626
f 3626 3893 3625
f 3625 3892 3624
f 3624 3891 3623
f 3623 3890 3621
f 3621 3889 3620
f 3889 3888 3620
f 3888 3995 3788
f 3995 4116 3993
f 4116 4114 3993
f 4114 3994 3993
f 3994 3787 3788
f 3787 3617 3788
f 3617 3459 3618
f 3459 3248 3247
f 3247 3249 3459
f 3249 3355 3459
f 3355 3356 3620
f 3632 3364 3553
f 7841 7846 7858
f 7846 7842 7858
f 7842 7843 7853
f 7843 7844 7856
f 7844 7839 7848
f 7839 7815 7840
f 7815 7780 7820
f 7780 7751 7789
f 7751 7722 7759
f 7722 7733 7768
f 7733 7732 7777
f 7524 7478 7528
f 7478 7355 7528
f 7355 7354 7139
f 6113 5750 5920
f 5750 5543 5674
f 5543 5329 5462
f 5329 5018 5239
f 5018 4952 4865
f 4865 4783 5019
f 4783 4484 4714
f 4484 4609 4714
f 4609 4385 4610
f 4610 4387 4611
f 4387 4275 4389
f 4275 4276 4389
f 4276 4069 4282
f 4069 3838 4073
f 3838 3741 3844
f 3741 3518 3747
f 3518 3314 3318
f 3314 3116 3318
f 3116 3021 3022
f 3022 2828 2829
f 2829 2623 2830
f 2830 2624 2729
f 2624 2528 2729
f 2528 2348 2263
f 2263 2020 2021
f 2021 1751 1661
f 1661 1500 1501
f 1501 1333 1146
f 1333 1252 1146
f 1250 1138 1133
f 1138 941 829
f 941 1044 947
f 1044 841 947
f 841 754 623
f 623 495 457
f 457 382 360
f 360 324 325
f 324 291 292
f 291 269 292
f 269 235 270
f 235 220 254
f 220 199 221
f 199 166 187
f 166 163 167
f 163 160 164
f 160 161 164
f 161 162 165
f 162 195 181
f 195 214 232
f 232 249 251
f 251 287 268
f 268 322 290
f 322 358 342
f 358 446 414
f 446 607 491
f 607 932 829
f 932 1133 829
f 1252 1043 1146
f 1146 834 953
f 834 748 675
f 748 672 675
f 672 830 612
f 830 828 743
f 828 660 741
f 660 603 661
f 603 539 481
f 481 478 399
f 478 642 589
f 642 810 1017
f 810 914 1111
f 914 916 1021
f 916 818 917
f 818 816 819
f 819 925 927
f 927 1325 1027
f 1027 1323 1118
f 1323 1567 1318
f 1567 1742 1738
f 1742 1834 1832
f 1834 1836 1833
f 1836 1910 1911
f 1911 2081 1837
f 2081 2257 2259
f 2257 2337 2423
f 2337 2254 2255
f 2254 2415 2333
f 2415 2517 2516
f 2517 2710 2516
f 2710 2708 2899
f 2899 3085 3086
f 3085 3405 3406
f 3405 3714 3712
f 3714 3711 4043
f 3711 3709 3930
f 3709 3707 3929
f 3707 3706 3928
f 3706 3705 3928
f 3705 3704 3927
f 3704 3703 3926
f 3703 3396 3702
f 3396 3395 3702
f 3395 3180 3178
f 3180 2989 3178
f 3178 3691 3394
f 3691 3285 3688
f 3688 4030 4036
f 4030 4351 4352
f 4351 4582 4352
f 4582 4701 4584
f 4701 4767 4586
f 4767 4587 4359
f 4587 4588 4361
f 4588 4591 4362
f 4591 4705 4769
f 4769 4857 4858
f 4857 4939 4858
f 4939 5003 5101
f 5101 5164 5165
f 5164 5166 5165
f 5166 5232 5102
f 5232 5234 5102
f 5234 5317 5105
f 5317 5383 5167
f 5383 5384 5323
f 5384 5538 5387
f 5538 5741 5458
f 5741 5904 5610
f 5904 6001 5669
f 6001 6006 5746
f 6006 6010 5749
f 6010 6121 5827
f 6121 6021 5830
f 6021 6026 5831
f 6026 6256 6028
f 6256 6255 6268
f 6255 6372 6270
f 6372 6467 6470
f 6467 6463 6553
f 6553 6695 6835
f 6835 7013 7218
f 7218 7357 7529
f 7357 7423 7576
f 7423 7424 7577
f 7424 7287 7479
f 7287 7219 7358
f 7219 7014 7082
f 7014 6893 6894
f 6893 6696 6767
f 6696 6555 6631
f 6555 6554 6267
f 6554 6466 6265
f 6466 6465 6260
f 6465 6464 6132
f 6464 6360 6023
f 6360 6224 6020
f 6224 6113 5920
f 7139 7012 7140
f 7140 7217 7356
f 7356 7422 7528
f 7528 7525 7524
f 7204 7200 7408
f 7200 7343 7408
f 7343 7275 7341
f 7341 7471 7474
f 7471 7469 7516
f 7469 7467 7515
f 7467 7463 7513
f 7463 7556 7559
f 7556 7510 7599
f 7510 7451 7553
f 7451 7389 7506
f 7389 7248 7388
f 7051 7249 7052
f 7249 7179 7052
f 7179 7252 7253
f 7655 7625 7671
f 7671 7627 7674
f 7674 7630 7675
f 7675 7631 7660
f 7631 7560 7601
f 7560 7603 7633
f 7603 7634 7661
f 7253 7256 7321
f 7256 7261 7321
f 7261 7183 7268
f 7268 7120 7187
f 7187 7060 7188
f 7060 7055 7184
f 7055 6991 7116
f 6991 6868 6987
f 6987 7048 7051
f 7388 7502 7505
f 7502 7597 7550
f 7597 7655 7623
f 7634 7662 7678
f 7662 7679 7698
f 7679 7604 7638
f 7638 7473 7518
f 7518 7340 7342
f 7342 7203 7204
f 7732 7776 7777
f 7776 7812 7813
f 7812 7833 7838
f 7833 7841 7849
f 3620 3889 3619
f 3620 3888 3618
f 3888 3788 3618
f 3788 3995 3993
f 3993 3994 3788
f 3788 3617 3618
f 3618 3459 3355
f 3355 3620 3618
f 7841 7858 7849
f 7858 7842 7850
f 7842 7853 7850
f 7853 7843 7856
f 7856 7844 7848
f 7848 7839 7840
f 7840 7815 7820
f 7820 7780 7789
f 7789 7751 7759
f 7759 7722 7768
f 7768 7733 7777
f 7528 7355 7356
f 7355 7139 7140
f 5920 5750 5674
f 5674 5543 5462
f 5462 5329 5239
f 5239 5018 5019
f 5018 4865 5019
f 5019 4783 4953
f 4783 4714 4953
f 4714 4609 4866
f 4609 4610 4867
f 4610 4611 4868
f 4611 4387 4389
f 4389 4276 4391
f 4276 4282 4391
f 4282 4069 4073
f 4073 3838 3844
f 3844 3741 3747
f 3747 3518 3522
f 3518 3318 3522
f 3318 3116 3118
f 3116 3022 3118
f 3022 2829 3023
f 2829 2830 2914
f 2830 2729 2915
f 2729 2528 2625
f 2528 2263 2349
f 2263 2021 2171
f 2021 1661 1843
f 1661 1501 1575
f 1501 1146 1335
f 1133 1138 829
f 829 941 665
f 941 947 746
f 947 841 952
f 841 623 682
f 623 457 508
f 457 360 417
f 360 325 343
f 325 324 292
f 292 269 270
f 270 235 254
f 254 220 221
f 221 199 202
f 199 187 202
f 187 166 167
f 167 163 164
f 164 161 165
f 165 162 181
f 181 195 216
f 195 232 216
f 232 251 233
f 251 268 234
f 268 290 253
f 290 322 342
f 342 358 414
f 414 446 491
f 491 607 665
f 607 829 665
f 1146 953 1335
f 953 834 675
f 675 672 624
f 672 612 624
f 612 830 743
f 743 828 741
f 741 660 661
f 661 603 541
f 603 481 541
f 481 399 443
f 399 478 589
f 589 642 809
f 642 1017 809
f 1017 810 1111
f 1111 914 1021
f 1021 916 917
f 917 818 919
f 818 819 820
f 819 927 820
f 927 1027 919
f 1027 1118 1024
f 1118 1323 1318
f 1318 1567 1565
f 1567 1738 1565
f 1738 1742 1832
f 1832 1834 1833
f 1833 1836 1741
f 1836 1911 1743
f 1911 1837 1743
f 1837 2081 2082
f 2081 2259 2338
f 2259 2257 2424
f 2257 2423 2424
f 2423 2337 2255
f 2255 2254 2333
f 2333 2415 2516
f 2516 2710 2711
f 2710 2899 2811
f 2899 3086 2995
f 3086 3085 3406
f 3406 3405 3712
f 3712 3714 4044
f 3714 4043 4044
f 4043 3711 3930
f 3930 3709 3929
f 3929 3707 3928
f 3928 3705 3927
f 3927 3704 3926
f 3926 3703 3925
f 3703 3702 3925
f 3702 3395 3700
f 3395 3178 3394
f 3394 3691 3699
f 3691 3688 4036
f 4036 4030 4352
f 4352 4582 4584
f 4584 4701 4586
f 4586 4767 4470
f 4767 4359 4470
f 4359 4587 4361
f 4361 4588 4362
f 4362 4591 4363
f 4591 4769 4593
f 4769 4858 4941
f 4858 4939 5004
f 4939 5101 5004
f 5101 5165 5006
f 5165 5166 5102
f 5102 5234 5103
f 5234 5105 5103
f 5105 5317 5167
f 5167 5383 5323
f 5323 5384 5387
f 5387 5538 5458
f 5458 5741 5610
f 5610 5904 5669
f 5669 6001 5746
f 5746 6006 5749
f 5749 6010 5827
f 5827 6121 5830
f 5830 6021 5831
f 5831 6026 5832
f 6026 6028 5832
f 6028 6256 6268
f 6268 6255 6270
f 6270 6372 6470
f 6470 6467 6468
f 6467 6553 6556
f 6553 6835 6768
f 6835 7218 7015
f 7218 7529 7425
f 7529 7357 7576
f 7576 7423 7577
f 7577 7424 7479
f 7479 7287 7358
f 7358 7219 7220
f 7219 7082 7220
f 7082 7014 6894
f 6894 6893 6767
f 6767 6696 6631
f 6631 6555 6469
f 6555 6267 6469
f 6267 6554 6265
f 6265 6466 6260
f 6260 6465 6132
f 6132 6464 6023
f 6023 6360 6020
f 6020 6224 5920
f 7140 7356 7355
f 7204 7408 7342
f 7408 7343 7409
f 7343 7341 7409
f 7341 7474 7409
f 7474 7471 7516
f 7516 7469 7515
f 7515 7467 7513
f 7513 7463 7559
f 7559 7556 7628
f 7556 7599 7628
f 7599 7510 7553
f 7553 7451 7506
f 7506 7389 7505
f 7389 7388 7505
f 7051 7052 7053
f 7052 7179 7115
f 7179 7253 7115
f 7655 7671 7623
f 7671 7674 7658
f 7674 7675 7695
f 7675 7660 7696
f 7660 7631 7601
f 7601 7560 7633
f 7633 7603 7661
f 7661 7634 7678
f 7253 7321 7322
f 7321 7261 7400
f 7261 7268 7400
f 7268 7187 7329
f 7187 7188 7329
f 7188 7060 7184
f 7184 7055 7116
f 7116 6991 7053
f 6991 6987 7053
f 6987 7051 7053
f 7505 7502 7550
f 7550 7597 7623
f 7678 7662 7698
f 7698 7679 7699
f 7679 7638 7680
f 7638 7518 7637
f 7518 7342 7519
f 7777 7776 7813
f 7813 7812 7838
f 7838 7833 7849
f 3620 3355 3619
f 7849 7858 7867
f 7858 7850 7874
f 7850 7853 7868
f 7853 7856 7864
f 7856 7848 7859
f 7848 7840 7857
f 7840 7820 7845
f 7820 7789 7828
f 7789 7759 7801
f 7759 7768 7801
f 7768 7777 7800
f 5920 5674 5752
f 5674 5462 5544
f 5462 5239 5391
f 5239 5019 5175
f 5019 4953 5175
f 4953 4714 4954
f 4714 4866 4954
f 4866 4609 4867
f 4867 4610 4868
f 4868 4611 4869
f 4611 4389 4612
f 4389 4391 4612
f 4391 4282 4393
f 4282 4073 4285
f 4073 3844 4078
f 3844 3747 3847
f 3747 3522 3749
f 3522 3318 3321
f 3318 3118 3321
f 3118 3022 3023
f 3023 2829 2914
f 2914 2830 2915
f 2915 2729 2832
f 2729 2625 2832
f 2625 2528 2349
f 2349 2263 2171
f 2171 2021 1843
f 1843 1661 1575
f 1575 1501 1335
f 665 941 746
f 746 947 749
f 947 952 749
f 952 841 682
f 682 623 508
f 508 457 417
f 417 360 343
f 343 325 345
f 325 292 326
f 292 270 306
f 270 254 272
f 254 221 256
f 221 202 237
f 202 187 203
f 187 167 185
f 167 164 168
f 164 165 168
f 165 181 182
f 181 216 197
f 216 232 233
f 233 251 234
f 234 268 253
f 253 290 271
f 290 342 305
f 342 414 359
f 414 491 448
f 491 665 548
f 1335 953 1149
f 953 675 843
f 675 624 843
f 624 612 557
f 612 743 613
f 743 741 668
f 741 661 666
f 661 541 662
f 541 481 443
f 443 399 375
f 399 589 477
f 589 809 728
f 809 1017 1220
f 1017 1111 1307
f 1111 1021 1222
f 1021 917 1112
f 917 919 1024
f 919 818 820
f 820 927 919
f 919 1027 1024
f 1024 1118 1115
f 1118 1318 1231
f 1318 1565 1388
f 1565 1738 1735
f 1738 1832 1829
f 1832 1833 1830
f 1833 1741 1736
f 1741 1836 1743
f 1743 1837 1654
f 1837 2082 1838
f 2082 2081 2338
f 2338 2259 2425
f 2259 2424 2425
f 2424 2423 2721
f 2423 2255 2421
f 2255 2333 2335
f 2333 2516 2416
f 2516 2711 2416
f 2711 2710 2811
f 2811 2899 2995
f 2995 3086 3088
f 3086 3406 3408
f 3406 3712 3713
f 3712 4044 4045
f 4044 4043 4364
f 4043 3930 4363
f 3930 3929 4362
f 3929 3928 4361
f 3928 3927 4361
f 3927 3926 4359
f 3926 3925 4357
f 3925 3702 4041
f 3702 3700 4041
f 3700 3395 3394
f 3394 3699 3700
f 3699 3691 4039
f 3691 4036 4039
f 4036 4352 4250
f 4352 4584 4354
f 4584 4586 4585
f 4586 4470 4357
f 4470 4359 3926
f 4359 4361 3927
f 4361 4362 3929
f 4362 4363 3930
f 4363 4591 4593
f 4593 4769 4859
f 4769 4941 4942
f 4941 4858 4940
f 4858 5004 4940
f 5004 5101 5006
f 5006 5165 5102
f 5102 5103 5006
f 5103 5105 4940
f 5105 5167 5008
f 5167 5323 5324
f 5323 5387 5388
f 5387 5458 5459
f 5458 5610 5611
f 5610 5669 5670
f 5669 5746 5748
f 5746 5749 5828
f 5749 5827 5829
f 5827 5830 5921
f 5830 5831 5922
f 5831 5832 5923
f 5832 6028 6030
f 6028 6268 6272
f 6268 6270 6274
f 6270 6470 6376
f 6470 6468 6560
f 6468 6467 6556
f 6556 6553 6768
f 6768 6835 7015
f 7015 7218 7425
f 7425 7529 7611
f 7529 7576 7643
f 7576 7577 7644
f 7577 7479 7578
f 7479 7358 7481
f 7358 7220 7360
f 7220 7082 7083
f 7082 6894 6965
f 6894 6767 6836
f 6767 6631 6697
f 6631 6469 6557
f 6469 6267 5931
f 6267 6265 5928
f 6265 6260 5927
f 6260 6132 5926
f 6132 6023 5834
f 6023 6020 5833
f 6020 5920 5752
f 7342 7408 7519
f 7408 7409 7520
f 7409 7474 7520
f 7474 7516 7517
f 7516 7515 7565
f 7515 7513 7563
f 7513 7559 7602
f 7559 7628 7659
f 7628 7599 7672
f 7599 7553 7657
f 7553 7506 7598
f 7506 7505 7550
f 7053 7052 7115
f 7115 7253 7322
f 7623 7671 7658
f 7658 7674 7672
f 7674 7695 7676
f 7695 7675 7696
f 7696 7660 7685
f 7660 7601 7633
f 7633 7661 7685
f 7661 7678 7685
f 7322 7321 7400
f 7400 7268 7329
f 7329 7188 7326
f 7188 7184 7326
f 7184 7116 7257
f 7116 7053 7115
f 7550 7623 7598
f 7678 7698 7685
f 7698 7699 7697
f 7699 7679 7680
f 7680 7638 7637
f 7637 7518 7519
f 7777 7813 7800
f 7813 7838 7834
f 7838 7849 7851
f 7849 7867 7851
f 7867 7858 7874
f 7874 7850 7868
f 7868 7853 7861
f 7853 7864 7861
f 7864 7856 7859
f 7859 7848 7857
f 7857 7840 7845
f 7845 7820 7828
f 7828 7789 7827
f 7789 7801 7827
f 7801 7768 7800
f 5752 5674 5544
f 5544 5462 5391
f 5391 5239 5175
f 5175 4953 5176
f 4953 4954 5176
f 4954 4866 5115
f 4866 4867 5116
f 4867 4868 5117
f 4868 4869 5118
f 4869 4611 4612
f 4612 4391 4613
f 4391 4393 4613
f 4393 4282 4285
f 4285 4073 4078
f 4078 3844 3847
f 3847 3747 3749
f 3749 3522 3524
f 3522 3321 3524
f 3321 3118 3119
f 3118 3023 3119
f 3023 2914 3025
f 2914 2915 3026
f 2915 2832 3027
f 2832 2625 2831
f 2625 2349 2527
f 2349 2171 2262
f 2171 1843 2022
f 1843 1575 1752
f 1575 1335 1413
f 665 746 548
f 746 749 549
f 749 952 835
f 952 682 759
f 682 508 564
f 508 417 463
f 417 343 384
f 343 345 362
f 345 325 326
f 326 292 306
f 306 270 272
f 272 254 256
f 256 221 237
f 237 202 223
f 202 203 223
f 203 187 185
f 185 167 168
f 168 165 182
f 182 181 197
f 197 216 218
f 216 233 218
f 233 234 219
f 234 253 236
f 253 271 255
f 271 290 305
f 305 342 359
f 359 414 448
f 448 491 548
f 1335 1149 1413
f 1149 953 843
f 843 624 684
f 624 557 562
f 557 612 613
f 613 743 668
f 668 741 666
f 666 661 662
f 662 541 544
f 541 443 544
f 443 375 444
f 375 399 477
f 477 589 728
f 728 809 1018
f 809 1220 1018
f 1220 1017 1307
f 1307 1111 1222
f 1222 1021 1112
f 1112 917 1024
f 1024 1115 1112
f 1115 1118 1231
f 1231 1318 1388
f 1388 1565 1562
f 1565 1735 1562
f 1735 1738 1829
f 1829 1832 1830
f 1830 1833 1736
f 1736 1741 1563
f 1741 1743 1566
f 1743 1654 1566
f 1654 1837 1655
f 1837 1838 1655
f 1838 2082 1912
f 2082 2338 2340
f 2338 2425 2426
f 2425 2424 2616
f 2424 2721 2616
f 2721 2423 2421
f 2421 2255 2335
f 2335 2333 2416
f 2416 2711 2610
f 2711 2811 2712
f 2811 2995 2812
f 2995 3088 2996
f 3088 3086 3408
f 3408 3406 3713
f 3713 3712 4045
f 4045 4044 4253
f 4044 4364 4253
f 4364 4043 4363
f 3926 4357 4470
f 4357 3925 4041
f 4041 3700 4040
f 3700 3699 4040
f 3699 4039 4040
f 4039 4036 4250
f 4250 4352 4251
f 4352 4354 4251
f 4354 4584 4585
f 4585 4586 4357
f 4363 4593 4364
f 4593 4859 4595
f 4859 4769 4942
f 4942 4941 5105
f 4941 4940 5105
f 4940 5004 5006
f 5006 5103 4940
f 5105 5008 4942
f 5008 5167 5170
f 5167 5324 5170
f 5324 5323 5388
f 5388 5387 5459
f 5459 5458 5611
f 5611 5610 5670
f 5670 5669 5748
f 5748 5746 5828
f 5828 5749 5829
f 5829 5827 5921
f 5921 5830 5922
f 5922 5831 5923
f 5923 5832 5836
f 5832 6030 5835
f 6030 6028 6272
f 6272 6268 6274
f 6274 6270 6376
f 6376 6470 6561
f 6470 6560 6561
f 6560 6468 6559
f 6468 6556 6558
f 6556 6768 6698
f 6768 7015 6964
f 7015 7425 7288
f 7425 7611 7530
f 7611 7529 7643
f 7643 7576 7644
f 7644 7577 7578
f 7578 7479 7481
f 7481 7358 7360
f 7360 7220 7145
f 7220 7083 7145
f 7083 7082 6965
f 6965 6894 6836
f 6836 6767 6697
f 6697 6631 6557
f 6557 6469 6273
f 6469 5931 6273
f 5931 6267 5928
f 5928 6265 5927
f 5927 6260 5926
f 5926 6132 5834
f 5834 6023 5833
f 5833 6020 5752
f 7519 7408 7520
f 7520 7474 7517
f 7517 7516 7565
f 7565 7515 7563
f 7563 7513 7602
f 7602 7559 7659
f 7659 7628 7672
f 7672 7599 7657
f 7657 7553 7598
f 7598 7506 7550
f 7115 7322 7257
f 7623 7658 7598
f 7658 7672 7657
f 7672 7674 7676
f 7676 7695 7697
f 7695 7696 7697
f 7696 7685 7697
f 7685 7660 7633
f 7322 7400 7326
f 7400 7329 7326
f 7326 7184 7257
f 7257 7116 7115
f 7685 7698 7697
f 7697 7699 7677
f 7699 7680 7677
f 7680 7637 7663
f 7637 7519 7566
f 7800 7813 7834
f 7834 7838 7851
f 7851 7867 7869
f 7867 7874 7884
f 7874 7868 7885
f 7868 7861 7886
f 7861 7864 7871
f 7864 7859 7872
f 7859 7857 7866
f 7857 7845 7860
f 7845 7828 7847
f 7828 7827 7855
f 7827 7801 7826
f 7801 7800 7826
f 5752 5544 5613
f 5544 5391 5464
f 5391 5175 5330
f 5175 5176 5330
f 5176 4954 5114
f 4954 5115 5114
f 5115 4866 5116
f 5116 4867 5117
f 5117 4868 5118
f 5118 4869 5119
f 4869 4612 4870
f 4612 4613 4870
f 4613 4393 4717
f 4393 4285 4492
f 4285 4078 4286
f 4078 3847 4085
f 3847 3749 3850
f 3749 3524 3752
f 3524 3321 3322
f 3321 3119 3322
f 3119 3023 3025
f 3025 2914 3026
f 3026 2915 3027
f 3027 2832 3024
f 2832 2831 3024
f 2831 2625 2527
f 2527 2349 2262
f 2262 2171 2022
f 2022 1843 1752
f 1752 1575 1413
f 548 746 549
f 549 749 616
f 749 835 616
f 835 952 957
f 952 759 957
f 759 682 564
f 564 508 463
f 463 417 384
f 384 343 362
f 362 345 363
f 345 326 346
f 326 306 327
f 306 272 308
f 272 256 294
f 256 237 273
f 237 223 257
f 223 203 205
f 203 185 188
f 185 168 186
f 168 182 186
f 182 197 184
f 197 218 198
f 218 233 219
f 219 234 236
f 236 253 255
f 255 271 274
f 271 305 293
f 305 359 307
f 359 448 454
f 448 548 496
f 1413 1149 1336
f 1149 843 960
f 843 684 960
f 684 624 562
f 562 557 504
f 557 613 492
f 613 668 550
f 668 666 670
f 666 662 667
f 662 544 608
f 544 443 444
f 444 375 376
f 375 477 440
f 477 728 644
f 728 1018 912
f 1018 1220 1377
f 1220 1307 1472
f 1307 1222 1379
f 1222 1112 1224
f 1112 1115 1224
f 1115 1231 1313
f 1231 1388 1315
f 1388 1562 1483
f 1562 1735 1733
f 1735 1829 1826
f 1829 1830 1827
f 1830 1736 1734
f 1736 1563 1651
f 1563 1741 1566
f 1566 1654 1393
f 1654 1655 1395
f 1655 1838 1656
f 1838 1912 1840
f 1912 2082 2340
f 2340 2338 2524
f 2338 2426 2618
f 2426 2425 2617
f 2425 2616 2617
f 2616 2721 3005
f 2721 2421 2719
f 2421 2335 2521
f 2335 2416 2518
f 2416 2610 2518
f 2610 2711 2712
f 2712 2811 2812
f 2812 2995 2996
f 2996 3088 3089
f 3088 3408 3410
f 3408 3713 3715
f 3713 4045 4046
f 4045 4253 4254
f 4253 4364 4595
f 4357 4041 4356
f 4041 4040 4356
f 4040 4039 4251
f 4039 4250 4251
f 4251 4354 4356
f 4354 4585 4356
f 4585 4357 4356
f 4364 4593 4595
f 4595 4859 4772
f 4859 4942 4772
f 4942 5008 4943
f 5008 5170 5236
f 5170 5324 5385
f 5324 5388 5541
f 5388 5459 5609
f 5459 5611 5671
f 5611 5670 5747
f 5670 5748 5826
f 5748 5828 5916
f 5828 5829 5918
f 5829 5921 6017
f 5921 5922 6024
f 5922 5923 6027
f 5923 5836 5925
f 5836 5832 5835
f 5835 6030 5929
f 6030 6272 6276
f 6272 6274 6379
f 6274 6376 6378
f 6376 6561 6472
f 6561 6560 6634
f 6560 6559 6633
f 6559 6468 6558
f 6558 6556 6698
f 6698 6768 6964
f 6964 7015 7288
f 7288 7425 7530
f 7530 7611 7646
f 7611 7643 7667
f 7643 7644 7668
f 7644 7578 7645
f 7578 7481 7580
f 7481 7360 7482
f 7360 7145 7361
f 7145 7083 7017
f 7083 6965 6897
f 6965 6836 6838
f 6836 6697 6700
f 6697 6557 6632
f 6557 6273 6375
f 6273 5931 5759
f 5931 5928 5686
f 5928 5927 5684
f 5927 5926 5683
f 5926 5834 5680
f 5834 5833 5677
f 5833 5752 5613
f 7519 7520 7566
f 7520 7517 7566
f 7517 7565 7566
f 7565 7563 7635
f 7563 7602 7635
f 7602 7659 7677
f 7659 7672 7676
f 7657 7598 7658
f 7257 7322 7326
f 7676 7697 7677
f 7677 7680 7663
f 7663 7637 7636
f 7637 7566 7636
f 7800 7834 7826
f 7834 7851 7852
f 7851 7869 7852
f 7869 7867 7884
f 7884 7874 7885
f 7885 7868 7886
f 7886 7861 7875
f 7861 7871 7875
f 7871 7864 7872
f 7872 7859 7866
f 7866 7857 7860
f 7860 7845 7847
f 7847 7828 7855
f 7855 7827 7854
f 7827 7826 7854
f 5613 5544 5464
f 5464 5391 5330
f 5330 5176 5240
f 5176 5114 5241
f 5114 5115 5242
f 5115 5116 5243
f 5116 5117 5244
f 5117 5118 5245
f 5118 5119 5247
f 5119 4869 4870
f 4870 4613 4871
f 4613 4717 4871
f 4717 4393 4492
f 4492 4285 4286
f 4286 4078 4085
f 4085 3847 3850
f 3850 3749 3752
f 3752 3524 3525
f 3524 3322 3525
f 3322 3119 3121
f 3119 3025 3121
f 3025 3026 3122
f 3026 3027 3220
f 3027 3024 3120
f 3024 2831 2913
f 2831 2527 2728
f 2527 2262 2430
f 2262 2022 2170
f 2022 1752 1914
f 1752 1413 1576
f 548 549 496
f 549 616 497
f 616 835 674
f 835 957 837
f 957 759 761
f 759 564 630
f 564 463 511
f 463 384 420
f 384 362 385
f 362 363 386
f 363 345 346
f 346 326 327
f 327 306 308
f 308 272 294
f 294 256 273
f 273 237 257
f 257 223 239
f 223 205 239
f 205 203 188
f 188 185 186
f 184 197 198
f 198 218 201
f 218 219 201
f 219 236 222
f 236 255 238
f 255 274 258
f 274 271 293
f 293 305 307
f 307 359 344
f 359 454 344
f 454 448 496
f 1413 1336 1576
f 1336 1149 960
f 960 684 846
f 684 562 685
f 562 504 563
f 504 557 492
f 492 613 550
f 550 668 670
f 670 666 667
f 667 662 608
f 608 544 545
f 544 444 545
f 444 376 485
f 376 375 440
f 440 477 644
f 644 728 912
f 912 1018 1306
f 1018 1377 1306
f 1377 1220 1472
f 1472 1307 1379
f 1379 1222 1224
f 1224 1115 1313
f 1313 1231 1315
f 1315 1388 1483
f 1483 1562 1560
f 1562 1733 1560
f 1733 1735 1826
f 1826 1829 1827
f 1827 1830 1734
f 1734 1736 1651
f 1651 1563 1561
f 1563 1566 1486
f 1566 1393 1486
f 1393 1654 1395
f 1395 1655 1396
f 1655 1656 1396
f 1656 1838 1840
f 1840 1912 1746
f 1912 2340 2168
f 2340 2524 2723
f 2524 2338 2618
f 2618 2426 2617
f 2617 2616 2907
f 2616 3005 2907
f 3005 2721 2719
f 2719 2421 2521
f 2521 2335 2518
f 2518 2610 2714
f 2610 2712 2713
f 2712 2812 2813
f 2812 2996 2813
f 2996 3089 2997
f 3089 3088 3410
f 3410 3408 3715
f 3715 3713 4046
f 4046 4045 4254
f 4254 4253 4365
f 4253 4595 4473
f 4356 4040 4251
f 4595 4772 4473
f 4772 4942 4943
f 4943 5008 5108
f 5008 5236 5108
f 5236 5170 5385
f 5385 5324 5541
f 5541 5388 5609
f 5609 5459 5671
f 5671 5611 5747
f 5747 5670 5826
f 5826 5748 5916
f 5916 5828 5918
f 5918 5829 6017
f 6017 5921 6024
f 6024 5922 6027
f 6027 5923 5925
f 5925 5836 5756
f 5836 5835 5676
f 5835 5929 5755
f 5929 6030 6276
f 6276 6272 6379
f 6379 6274 6378
f 6378 6376 6472
f 6472 6561 6635
f 6561 6634 6635
f 6634 6560 6633
f 6633 6559 6558
f 6558 6698 6699
f 6698 6964 6895
f 6964 7288 7144
f 7288 7530 7480
f 7530 7646 7579
f 7646 7611 7667
f 7667 7643 7668
f 7668 7644 7645
f 7645 7578 7580
f 7580 7481 7482
f 7482 7360 7361
f 7361 7145 7147
f 7145 7017 7147
f 7017 7083 6897
f 6897 6965 6838
f 6838 6836 6700
f 6700 6697 6632
f 6632 6557 6375
f 6375 6273 6038
f 6273 5759 6038
f 5759 5931 5686
f 5686 5928 5684
f 5684 5927 5683
f 5683 5926 5680
f 5680 5834 5677
f 5677 5833 5675
f 5833 5613 5675
f 7566 7565 7636
f 7565 7635 7636
f 7635 7602 7677
f 7677 7659 7676
f 7677 7663 7635
f 7663 7636 7635
f 7826 7834 7852
f 7852 7869 7870
f 7869 7884 7887
f 7884 7885 7895
f 7885 7886 7895
f 7886 7875 7888
f 7875 7871 7876
f 7871 7872 7878
f 7872 7866 7881
f 7866 7860 7873
f 7860 7847 7865
f 7847 7855 7865
f 7855 7854 7863
f 7854 7826 7852
f 5613 5464 5545
f 5464 5330 5392
f 5330 5240 5392
f 5240 5176 5241
f 5241 5114 5242
f 5242 5115 5243
f 5243 5116 5244
f 5244 5117 5245
f 5245 5118 5247
f 5247 5119 5248
f 5119 4870 5121
f 4870 4871 5121
f 4871 4717 4874
f 4717 4492 4718
f 4492 4286 4493
f 4286 4085 4288
f 4085 3850 4090
f 3850 3752 3851
f 3752 3525 3753
f 3525 3322 3325
f 3322 3121 3325
f 3121 3025 3122
f 3122 3026 3220
f 3220 3027 3120
f 3120 3024 3117
f 3024 2913 3117
f 2913 2831 2728
f 2728 2527 2430
f 2430 2262 2170
f 2170 2022 1914
f 1914 1752 1576
f 496 549 497
f 497 616 554
f 616 674 554
f 674 835 837
f 837 957 958
f 957 761 958
f 761 759 630
f 630 564 511
f 511 463 420
f 420 384 385
f 385 362 386
f 386 363 387
f 363 346 364
f 346 327 348
f 327 308 329
f 308 294 309
f 294 273 296
f 273 257 277
f 257 239 259
f 239 205 225
f 205 188 200
f 188 186 200
f 184 198 200
f 198 201 204
f 201 219 222
f 222 236 238
f 238 255 258
f 258 274 275
f 274 293 276
f 293 307 295
f 307 344 328
f 344 454 383
f 454 496 502
f 1576 1336 1502
f 1336 960 1253
f 960 846 1253
f 846 684 685
f 685 562 563
f 563 504 506
f 504 492 500
f 492 550 493
f 550 670 551
f 670 667 611
f 667 608 669
f 608 545 664
f 545 444 485
f 485 376 405
f 376 440 400
f 440 644 593
f 644 912 812
f 912 1306 1221
f 1306 1377 1638
f 1377 1472 1639
f 1472 1379 1554
f 1379 1224 1474
f 1224 1313 1474
f 1313 1315 1477
f 1315 1483 1479
f 1483 1560 1558
f 1560 1733 1649
f 1733 1826 1731
f 1826 1827 1730
f 1827 1734 1732
f 1734 1651 1648
f 1651 1561 1559
f 1561 1563 1486
f 1486 1393 1317
f 1393 1395 1235
f 1395 1396 1122
f 1396 1656 1401
f 1656 1840 1657
f 1840 1746 1659
f 1746 1912 2168
f 2168 2340 2619
f 2340 2723 2619
f 2723 2524 2618
f 2618 2617 2820
f 2617 2907 2820
f 2907 3005 3192
f 3005 2719 3004
f 2719 2521 2819
f 2521 2518 2613
f 2518 2714 2613
f 2714 2610 2713
f 2713 2712 2814
f 2712 2813 2814
f 2813 2996 2997
f 2997 3089 3090
f 3089 3410 3411
f 3410 3715 3716
f 3715 4046 4047
f 4046 4254 4173
f 4254 4365 4255
f 4365 4253 4473
f 4473 4772 4774
f 4772 4943 4774
f 4943 5108 4946
f 5108 5236 5321
f 5236 5385 5457
f 5385 5541 5607
f 5541 5609 5668
f 5609 5671 5745
f 5671 5747 5825
f 5747 5826 5913
f 5826 5916 5917
f 5916 5918 6015
f 5918 6017 6018
f 6017 6024 6025
f 6024 6027 6129
f 6027 5925 6029
f 5925 5756 6033
f 5756 5836 5676
f 5676 5835 5755
f 5755 5929 5837
f 5929 6276 6039
f 6276 6379 6476
f 6379 6378 6386
f 6378 6472 6473
f 6472 6635 6636
f 6635 6634 6770
f 6634 6633 6769
f 6633 6558 6699
f 6699 6698 6895
f 6895 6964 7144
f 7144 7288 7480
f 7480 7530 7579
f 7579 7646 7650
f 7646 7667 7649
f 7667 7668 7648
f 7668 7645 7647
f 7645 7580 7612
f 7580 7482 7532
f 7482 7361 7427
f 7361 7147 7291
f 7147 7017 7021
f 7017 6897 6903
f 6897 6838 6842
f 6838 6700 6702
f 6700 6632 6562
f 6632 6375 6471
f 6375 6038 6275
f 6038 5759 5760
f 5759 5686 5548
f 5686 5684 5470
f 5684 5683 5469
f 5683 5680 5547
f 5680 5677 5617
f 5677 5675 5616
f 5675 5613 5545
f 7852 7870 7854
f 7870 7869 7887
f 7887 7884 7895
f 7895 7886 7888
f 7888 7875 7876
f 7876 7871 7878
f 7878 7872 7881
f 7881 7866 7873
f 7873 7860 7865
f 7865 7855 7863
f 7863 7854 7862
f 5545 5464 5392
f 5392 5240 5331
f 5240 5241 5393
f 5241 5242 5394
f 5242 5243 5395
f 5243 5244 5396
f 5244 5245 5397
f 5245 5247 5398
f 5247 5248 5399
f 5248 5119 5121
f 5121 4871 5022
f 4871 4874 5022
f 4874 4717 4718
f 4718 4492 4493
f 4493 4286 4288
f 4288 4085 4090
f 4090 3850 3851
f 3851 3752 3753
f 3753 3525 3527
f 3525 3325 3527
f 3325 3121 3326
f 3121 3122 3326
f 3122 3220 3327
f 3220 3120 3328
f 3120 3117 3323
f 3117 2913 3115
f 2913 2728 2912
f 2728 2430 2727
f 2430 2170 2346
f 2170 1914 2018
f 1914 1576 1750
f 496 497 502
f 497 554 558
f 554 674 619
f 674 837 676
f 837 958 838
f 958 761 847
f 761 630 631
f 630 511 513
f 511 420 421
f 420 385 421
f 385 386 422
f 386 387 422
f 387 363 364
f 364 346 348
f 348 327 329
f 329 308 309
f 309 294 296
f 296 273 277
f 277 257 259
f 259 239 241
f 239 225 241
f 225 205 224
f 205 200 204
f 200 186 184
f 200 198 204
f 204 201 222
f 222 238 224
f 238 258 240
f 258 275 260
f 275 274 276
f 276 293 295
f 295 307 328
f 328 344 347
f 344 383 347
f 383 454 502
f 1576 1502 1750
f 1502 1336 1253
f 1253 846 1148
f 846 685 762
f 685 563 628
f 563 506 509
f 506 504 500
f 500 492 493
f 493 550 551
f 551 670 611
f 611 667 669
f 669 608 664
f 664 545 605
f 545 485 605
f 485 405 542
f 405 376 400
f 400 440 593
f 593 644 812
f 812 912 1221
f 1221 1306 1473
f 1306 1638 1473
f 1638 1377 1639
f 1639 1472 1554
f 1554 1379 1474
f 1474 1313 1477
f 1477 1315 1479
f 1479 1483 1558
f 1558 1560 1649
f 1649 1733 1731
f 1731 1826 1730
f 1730 1827 1732
f 1732 1734 1648
f 1648 1651 1559
f 1559 1561 1481
f 1561 1486 1384
f 1486 1317 1384
f 1317 1393 1235
f 1235 1395 1122
f 1122 1396 1030
f 1396 1401 1030
f 1401 1656 1657
f 1657 1840 1659
f 1659 1746 1750
f 1746 2168 2017
f 2168 2619 2428
f 2619 2723 2909
f 2723 2618 2821
f 2618 2820 3006
f 2820 2907 3006
f 2907 3192 3099
f 3192 3005 3004
f 3004 2719 2819
f 2819 2521 2613
f 2613 2714 2815
f 2714 2713 2715
f 2713 2814 2715
f 2814 2813 2997
f 2997 3090 2900
f 3090 3089 3411
f 3411 3410 3716
f 3716 3715 4047
f 4047 4046 4173
f 4173 4254 4255
f 4255 4365 4367
f 4365 4473 4474
f 4473 4774 4707
f 4774 4943 4946
f 4946 5108 5168
f 5108 5321 5168
f 5321 5236 5457
f 5457 5385 5607
f 5607 5541 5668
f 5668 5609 5745
f 5745 5671 5825
f 5825 5747 5913
f 5913 5826 5917
f 5917 5916 6015
f 6015 5918 6018
f 6018 6017 6025
f 6025 6024 6129
f 6129 6027 6029
f 6029 5925 6033
f 6033 5756 5757
f 5756 5676 5614
f 5676 5755 5678
f 5755 5837 5678
f 5837 5929 6039
f 6039 6276 6476
f 6476 6379 6386
f 6386 6378 6380
f 6378 6473 6380
f 6473 6472 6636
f 6636 6635 6771
f 6635 6770 6771
f 6770 6634 6769
f 6769 6633 6699
f 6699 6895 6837
f 6895 7144 7016
f 7144 7480 7359
f 7480 7579 7531
f 7579 7650 7581
f 7650 7646 7649
f 7649 7667 7648
f 7648 7668 7647
f 7647 7645 7612
f 7612 7580 7532
f 7532 7482 7427
f 7427 7361 7291
f 7291 7147 7152
f 7147 7021 7152
f 7021 7017 6903
f 6903 6897 6842
f 6842 6838 6702
f 6702 6700 6562
f 6562 6632 6471
f 6471 6375 6275
f 6275 6038 6043
f 6038 5760 6043
f 5760 5759 5399
f 5759 5548 5398
f 5548 5686 5397
f 5686 5470 5397
f 5470 5684 5469
f 5469 5683 5547
f 5547 5680 5617
f 5617 5677 5616
f 5616 5675 5546
f 5675 5545 5546
f 7854 7870 7862
f 7870 7887 7889
f 7887 7895 7896
f 7895 7888 7896
f 7888 7876 7897
f 7876 7878 7890
f 7878 7881 7880
f 7881 7873 7882
f 7873 7865 7883
f 7865 7863 7883
f 7863 7862 7879
f 5545 5392 5466
f 5392 5331 5466
f 5393 5241 5394
f 5394 5242 5395
f 5395 5243 5396
f 5396 5244 5397
f 5397 5245 5398
f 5398 5247 5399
f 5399 5248 5473
f 5248 5121 5251
f 5121 5022 5251
f 5022 4874 5122
f 4874 4718 4876
f 4718 4493 4719
f 4493 4288 4396
f 4288 4090 4289
f 4090 3851 4094
f 3851 3753 3855
f 3753 3527 3757
f 3527 3325 3528
f 3325 3326 3528
f 3326 3122 3327
f 3327 3220 3328
f 3328 3120 3323
f 3323 3117 3316
f 3117 3115 3316
f 3115 2913 2912
f 2912 2728 2727
f 2727 2430 2346
f 2346 2170 2018
f 2018 1914 1750
f 502 497 558
f 558 554 555
f 554 619 555
f 619 674 676
f 676 837 838
f 838 958 954
f 958 847 954
f 847 761 631
f 631 630 513
f 513 511 421
f 421 385 422
f 422 387 423
f 387 364 389
f 364 348 365
f 348 329 349
f 329 309 331
f 309 296 311
f 296 277 298
f 277 259 298
f 259 241 279
f 241 225 240
f 225 224 240
f 224 205 204
f 204 222 224
f 224 238 240
f 240 258 260
f 260 275 278
f 275 276 278
f 276 295 297
f 295 328 310
f 328 347 330
f 347 383 361
f 383 502 458
f 1750 1502 1574
f 1502 1253 1412
f 1253 1148 1412
f 1148 846 959
f 846 762 758
f 762 685 628
f 628 563 509
f 509 506 455
f 506 500 451
f 500 493 498
f 493 551 494
f 551 611 615
f 611 669 671
f 669 664 744
f 664 605 742
f 605 485 542
f 542 405 483
f 405 400 442
f 400 593 534
f 593 812 813
f 812 1221 1110
f 1221 1473 1380
f 1473 1638 1723
f 1638 1639 1821
f 1639 1554 1724
f 1554 1474 1641
f 1474 1477 1641
f 1477 1479 1644
f 1479 1558 1646
f 1558 1649 1647
f 1649 1731 1647
f 1731 1730 1728
f 1730 1732 1645
f 1732 1648 1557
f 1648 1559 1478
f 1559 1481 1381
f 1481 1561 1384
f 1384 1317 1230
f 1317 1235 1026
f 1235 1122 926
f 1122 1030 822
f 1030 1401 1129
f 1401 1657 1406
f 1657 1659 1571
f 1659 1750 1574
f 1750 1746 2017
f 2017 2168 2428
f 2428 2619 2822
f 2619 2909 2822
f 2909 2723 3008
f 2723 2821 3008
f 2821 2618 3006
f 3006 2907 3099
f 3099 3192 3500
f 3192 3004 3301
f 3004 2819 3003
f 2819 2613 2903
f 2613 2815 2903
f 2815 2714 2715
f 2715 2814 2902
f 2814 2997 2900
f 2900 3090 3091
f 3090 3411 3412
f 3411 3716 3717
f 3716 4047 3931
f 4047 4173 4174
f 4173 4255 4256
f 4255 4367 4257
f 4367 4365 4474
f 4474 4473 4707
f 4707 4774 4775
f 4774 4946 4775
f 4946 5168 4945
f 5168 5321 5455
f 5321 5457 5605
f 5457 5607 5666
f 5607 5668 5743
f 5668 5745 5824
f 5745 5825 5912
f 5825 5913 5914
f 5913 5917 6013
f 5917 6015 6016
f 6015 6018 6124
f 6018 6025 6127
f 6025 6129 6130
f 6129 6029 6135
f 6029 6033 6031
f 6033 5757 5930
f 5757 5756 5679
f 5756 5614 5679
f 5614 5676 5678
f 5678 5837 5681
f 5837 6039 5838
f 6039 6476 6388
f 6476 6386 6642
f 6386 6380 6384
f 6380 6473 6381
f 6473 6636 6563
f 6636 6771 6701
f 6771 6770 6839
f 6770 6769 6896
f 6769 6699 6837
f 6837 6895 7016
f 7016 7144 7359
f 7359 7480 7531
f 7531 7579 7581
f 7581 7650 7615
f 7650 7649 7653
f 7649 7648 7652
f 7648 7647 7651
f 7647 7612 7613
f 7612 7532 7582
f 7532 7427 7484
f 7427 7291 7364
f 7291 7152 7293
f 7152 7021 7092
f 7021 6903 6972
f 6903 6842 6846
f 6842 6702 6705
f 6702 6562 6638
f 6562 6471 6474
f 6471 6275 6377
f 6275 6043 6151
f 6043 5760 5763
f 5760 5399 5473
f 5399 5759 5398
f 5398 5548 5397
f 5397 5470 5396
f 5470 5469 5396
f 5469 5547 5395
f 5547 5617 5394
f 5617 5616 5467
f 5616 5546 5467
f 5546 5545 5466
f 7862 7870 7889
f 7889 7887 7896
f 7896 7888 7897
f 7897 7876 7890
f 7890 7878 7880
f 7882 7873 7883
f 7883 7863 7879
f 7879 7862 7877
f 5466 5331 5393
f 5393 5394 5467
f 5394 5395 5547
f 5395 5396 5469
f 5473 5248 5251
f 5251 5022 5253
f 5022 5122 5253
f 5122 4874 4876
f 4876 4718 4719
f 4719 4493 4396
f 4396 4288 4289
f 4289 4090 4094
f 4094 3851 3855
f 3855 3753 3757
f 3757 3527 3758
f 3527 3528 3758
f 3528 3326 3529
f 3326 3327 3529
f 3327 3328 3530
f 3328 3323 3526
f 3323 3316 3520
f 3316 3115 3312
f 3115 2912 3110
f 2912 2727 3019
f 2727 2346 2825
f 2346 2018 2343
f 2018 1750 2017
f 502 558 458
f 558 555 503
f 555 619 556
f 619 676 620
f 676 838 677
f 838 954 839
f 954 847 844
f 847 631 690
f 631 513 569
f 513 421 465
f 421 422 465
f 422 423 465
f 423 387 389
f 389 364 365
f 365 348 349
f 349 329 331
f 331 309 311
f 311 296 298
f 298 259 279
f 279 241 261
f 241 240 261
f 240 260 261
f 260 278 261
f 278 276 297
f 297 295 310
f 310 328 330
f 330 347 366
f 347 361 366
f 361 383 458
f 1574 1502 1412
f 1412 1148 1334
f 1148 959 1147
f 959 846 758
f 758 762 625
f 762 628 627
f 628 509 566
f 509 455 460
f 455 506 451
f 451 500 498
f 498 493 494
f 494 551 615
f 615 611 671
f 671 669 744
f 744 664 742
f 742 605 740
f 605 542 740
f 542 483 659
f 483 405 442
f 442 400 534
f 534 593 813
f 813 812 1110
f 1110 1221 1380
f 1380 1473 1640
f 1473 1723 1640
f 1723 1638 1821
f 1821 1639 1724
f 1724 1554 1641
f 1641 1477 1644
f 1644 1479 1646
f 1646 1558 1647
f 1647 1731 1729
f 1728 1730 1645
f 1645 1732 1557
f 1557 1648 1478
f 1478 1559 1381
f 1381 1481 1314
f 1481 1384 1382
f 1384 1230 1382
f 1230 1317 1026
f 1026 1235 926
f 926 1122 822
f 822 1030 825
f 1030 1129 825
f 1129 1401 1406
f 1406 1657 1571
f 1571 1659 1574
f 2017 2428 2343
f 2428 2822 2725
f 2822 2909 3102
f 2909 3008 3197
f 3008 2821 3100
f 2821 3006 3100
f 3006 3099 3194
f 3099 3500 3194
f 3500 3192 3499
f 3192 3301 3499
f 3301 3004 3003
f 3003 2819 2903
f 2903 2815 2999
f 2815 2715 2902
f 2902 2814 2900
f 2900 3091 2902
f 3091 3090 3412
f 3412 3411 3717
f 3717 3716 3931
f 3931 4047 4174
f 4174 4173 4256
f 4256 4255 4257
f 4257 4367 4368
f 4367 4474 4475
f 4474 4707 4598
f 4707 4775 4776
f 4775 4946 4945
f 4945 5168 5319
f 5168 5455 5319
f 5455 5321 5605
f 5605 5457 5666
f 5666 5607 5743
f 5743 5668 5824
f 5824 5745 5912
f 5912 5825 5914
f 5914 5913 6013
f 6013 5917 6016
f 6016 6015 6124
f 6124 6018 6127
f 6127 6025 6130
f 6130 6129 6135
f 6135 6029 6031
f 6031 6033 6032
f 6033 5930 6034
f 5930 5757 5932
f 5757 5679 5682
f 5679 5614 5615
f 5614 5678 5615
f 5678 5681 5615
f 5681 5837 5838
f 5838 6039 5933
f 6039 6388 5933
f 6388 6476 6642
f 6642 6386 6384
f 6384 6380 6383
f 6380 6381 6383
f 6381 6473 6563
f 6563 6636 6701
f 6701 6771 6840
f 6771 6839 6840
f 6839 6770 6896
f 6896 6769 6966
f 6769 6837 6966
f 6837 7016 6966
f 7016 7359 7221
f 7359 7531 7426
f 7531 7581 7533
f 7581 7615 7583
f 7615 7650 7653
f 7653 7649 7652
f 7652 7648 7651
f 7651 7647 7613
f 7613 7612 7582
f 7582 7532 7484
f 7484 7427 7364
f 7364 7291 7293
f 7293 7152 7156
f 7152 7092 7156
f 7092 7021 6972
f 6972 6903 6846
f 6846 6842 6705
f 6705 6702 6638
f 6638 6562 6474
f 6474 6471 6377
f 6377 6275 6151
f 6151 6043 6157
f 6043 5763 6157
f 5763 5760 5473
f 5394 5617 5467
f 5467 5546 5466
f 7862 7889 7877
f 7889 7896 7898
f 7896 7897 7898
f 7897 7890 7899
f 7890 7880 7891
f 7882 7883 7879
f 7879 7877 7893
f 5466 5393 5467
f 5473 5251 5476
f 5251 5253 5476
f 5253 5122 5255
f 5122 4876 5025
f 4876 4719 4878
f 4719 4396 4720
f 4396 4289 4398
f 4289 4094 4292
f 4094 3855 4095
f 3855 3757 3856
f 3757 3758 3856
f 3758 3528 3759
f 3528 3529 3759
f 3529 3327 3530
f 3530 3328 3526
f 3526 3323 3520
f 3520 3316 3516
f 3316 3312 3516
f 3312 3115 3110
f 3110 2912 3019
f 3019 2727 2825
f 2825 2346 2343
f 2343 2018 2017
f 458 558 503
f 503 555 556
f 556 619 620
f 620 676 677
f 677 838 839
f 839 954 955
f 954 844 955
f 844 847 690
f 690 631 569
f 569 513 465
f 465 423 466
f 423 389 425
f 389 365 425
f 365 349 390
f 349 331 367
f 331 311 333
f 311 298 313
f 298 279 313
f 279 261 299
f 261 278 299
f 278 297 299
f 297 310 312
f 310 330 332
f 330 366 350
f 366 361 388
f 361 458 418
f 1574 1412 1497
f 1412 1334 1497
f 1334 1148 1147
f 1147 959 951
f 959 758 756
f 758 625 680
f 625 762 627
f 627 628 566
f 566 509 460
f 460 455 416
f 455 451 452
f 451 498 449
f 498 494 449
f 494 615 552
f 615 671 751
f 671 744 751
f 744 742 831
f 742 740 938
f 740 542 659
f 659 483 657
f 483 442 540
f 442 534 597
f 534 813 732
f 813 1110 1022
f 1110 1380 1308
f 1380 1640 1556
f 1640 1723 1726
f 1723 1821 1823
f 1821 1724 1822
f 1724 1641 1725
f 1641 1644 1725
f 1644 1646 1727
f 1646 1647 1727
f 1647 1729 1727
f 1728 1645 1726
f 1645 1557 1642
f 1557 1478 1476
f 1478 1381 1312
f 1381 1314 1228
f 1314 1481 1382
f 1382 1230 1314
f 1230 1026 1116
f 1026 926 920
f 926 822 736
f 822 825 651
f 825 1129 826
f 1129 1406 1134
f 1406 1571 1494
f 1571 1574 1497
f 2343 2428 2725
f 2725 2822 3011
f 2822 3102 3011
f 3102 2909 3197
f 3197 3008 3195
f 3008 3100 3195
f 3100 3006 3194
f 3194 3500 3502
f 3500 3499 3729
f 3499 3301 3498
f 3301 3003 3298
f 3003 2903 3096
f 2903 2999 3096
f 2999 2815 3092
f 2815 2902 3092
f 2902 3091 3092
f 3091 3412 3413
f 3412 3717 3718
f 3717 3931 3932
f 3931 4174 4175
f 4174 4256 4176
f 4256 4257 4176
f 4257 4368 4259
f 4368 4367 4475
f 4475 4474 4598
f 4598 4707 4776
f 4776 4775 4947
f 4775 4945 4947
f 4945 5319 5107
f 5319 5455 5604
f 5455 5605 5739
f 5605 5666 5822
f 5666 5743 5907
f 5743 5824 5909
f 5824 5912 6008
f 5912 5914 6011
f 5914 6013 6122
f 6013 6016 6123
f 6016 6124 6125
f 6124 6127 6245
f 6127 6130 6247
f 6130 6135 6133
f 6135 6031 6136
f 6031 6032 6136
f 6032 6033 6034
f 6034 5930 6035
f 5930 5932 6035
f 5932 5757 5682
f 5682 5679 5615
f 5615 5681 5682
f 5681 5838 5758
f 5838 5933 5840
f 5933 6388 6156
f 6388 6642 6480
f 6642 6384 6278
f 6384 6383 6277
f 6383 6381 6385
f 6381 6563 6475
f 6563 6701 6637
f 6701 6840 6772
f 6840 6839 6898
f 6839 6896 6967
f 6896 6966 7084
f 6966 7016 7221
f 7221 7359 7426
f 7426 7531 7533
f 7533 7581 7583
f 7583 7615 7586
f 7615 7653 7618
f 7653 7652 7617
f 7652 7651 7616
f 7651 7613 7614
f 7613 7582 7584
f 7582 7484 7535
f 7484 7364 7428
f 7364 7293 7367
f 7293 7156 7297
f 7156 7092 7096
f 7092 6972 7026
f 6972 6846 6906
f 6846 6705 6777
f 6705 6638 6641
f 6638 6474 6477
f 6474 6377 6382
f 6377 6151 6277
f 6151 6157 6153
f 6157 5763 5764
f 5763 5473 5476
f 7877 7889 7898
f 7898 7897 7899
f 7899 7890 7891
f 7891 7880 7894
f 7882 7879 7893
f 7893 7877 7892
f 5476 5253 5477
f 5253 5255 5477
f 5255 5122 5025
f 5025 4876 4878
f 4878 4719 4720
f 4720 4396 4398
f 4398 4289 4292
f 4292 4094 4095
f 4095 3855 3856
f 3856 3758 3857
f 3758 3759 3857
f 3759 3529 3760
f 3529 3530 3760
f 3530 3526 3754
f 3526 3520 3748
f 3520 3516 3745
f 3516 3312 3512
f 3312 3110 3422
f 3110 3019 3202
f 3019 2825 3015
f 2825 2343 2725
f 458 503 418
f 503 556 505
f 556 620 557
f 620 677 617
f 677 839 678
f 839 955 840
f 955 844 845
f 844 690 686
f 690 569 570
f 569 465 466
f 466 423 425
f 425 365 390
f 390 349 367
f 367 331 333
f 333 311 313
f 313 279 299
f 299 297 312
f 312 310 332
f 332 330 350
f 350 366 391
f 366 388 391
f 388 361 418
f 1497 1334 1496
f 1334 1147 1332
f 1147 951 1144
f 951 959 756
f 756 758 680
f 680 625 618
f 625 627 560
f 627 566 507
f 566 460 510
f 460 416 461
f 416 455 452
f 452 451 449
f 449 494 499
f 494 552 553
f 552 615 618
f 615 751 673
f 751 744 831
f 831 742 938
f 938 740 936
f 740 659 936
f 659 657 934
f 657 483 540
f 540 442 597
f 597 534 732
f 732 813 1022
f 1022 1110 1308
f 1308 1380 1556
f 1556 1640 1726
f 1726 1723 1823
f 1823 1821 1822
f 1822 1724 1725
f 1725 1644 1727
f 1727 1729 1824
f 1726 1645 1642
f 1642 1557 1476
f 1476 1478 1312
f 1312 1381 1228
f 1228 1314 1116
f 1314 1230 1116
f 1116 1026 920
f 920 926 736
f 736 822 651
f 651 825 653
f 825 826 653
f 826 1129 1134
f 1134 1406 1245
f 1406 1494 1403
f 1494 1571 1497
f 2725 3011 3015
f 3011 3102 3104
f 3102 3197 3101
f 3197 3195 3196
f 3195 3100 3302
f 3100 3194 3302
f 3194 3502 3302
f 3502 3500 3729
f 3729 3499 3728
f 3499 3498 3728
f 3498 3301 3298
f 3298 3003 3096
f 3096 2999 3093
f 2999 3092 3093
f 3092 3091 3295
f 3091 3413 3295
f 3413 3412 3718
f 3718 3717 3932
f 3932 3931 4175
f 4175 4174 4176
f 4176 4257 4258
f 4259 4368 4260
f 4368 4475 4369
f 4475 4598 4477
f 4598 4776 4599
f 4776 4947 4860
f 4947 4945 5107
f 5107 5319 5456
f 5319 5604 5456
f 5604 5455 5739
f 5739 5605 5822
f 5822 5666 5907
f 5907 5743 5909
f 5909 5824 6008
f 6008 5912 6011
f 6011 5914 6122
f 6122 6013 6123
f 6123 6016 6125
f 6125 6124 6245
f 6245 6127 6247
f 6247 6130 6133
f 6133 6135 6136
f 6136 6032 6138
f 6032 6034 6140
f 6034 6035 6144
f 6035 5932 6037
f 5932 5682 5758
f 5682 5681 5758
f 5758 5838 5840
f 5840 5933 5934
f 5933 6156 5934
f 6156 6388 6480
f 6480 6642 6278
f 6278 6384 6153
f 6384 6277 6153
f 6277 6383 6478
f 6383 6385 6479
f 6385 6381 6475
f 6475 6563 6637
f 6637 6701 6772
f 6772 6840 6899
f 6840 6898 6899
f 6898 6839 6967
f 6967 6896 7084
f 7084 6966 7221
f 7221 7426 7289
f 7426 7533 7483
f 7533 7583 7534
f 7583 7586 7537
f 7586 7615 7618
f 7618 7653 7617
f 7617 7652 7616
f 7616 7651 7614
f 7614 7613 7584
f 7584 7582 7535
f 7535 7484 7428
f 7428 7364 7367
f 7367 7293 7297
f 7297 7156 7230
f 7156 7096 7230
f 7096 7092 7026
f 7026 6972 6906
f 6906 6846 6777
f 6777 6705 6641
f 6641 6638 6477
f 6477 6474 6382
f 6382 6377 6277
f 6277 6151 6153
f 6153 6157 6278
f 6157 5764 6278
f 5764 5763 5476
f 7877 7898 7892
f 7898 7899 7892
f 7899 7891 7894
f 7894 7880 7882
f 7882 7893 7894
f 7893 7892 7894
f 5476 5477 5764
f 5477 5255 5478
f 5255 5025 5256
f 5025 4878 5026
f 4878 4720 4879
f 4720 4398 4617
f 4398 4292 4399
f 4292 4095 4293
f 4095 3856 4096
f 3856 3857 4096
f 3857 3759 3858
f 3759 3760 3858
f 3760 3530 3754
f 3754 3526 3748
f 3748 3520 3745
f 3745 3516 3740
f 3516 3512 3740
f 3512 3312 3422
f 3422 3110 3202
f 3202 3019 3015
f 3015 2825 2725
f 418 503 505
f 505 556 557
f 557 620 617
f 617 677 678
f 678 839 840
f 840 955 956
f 955 845 956
f 845 844 686
f 686 690 570
f 570 569 466
f 466 425 468
f 425 390 468
f 390 367 427
f 367 333 369
f 333 313 351
f 313 299 312
f 312 332 334
f 332 350 352
f 350 391 368
f 391 388 424
f 388 418 419
f 1497 1496 1494
f 1496 1334 1332
f 1332 1147 1144
f 1144 951 950
f 951 756 836
f 756 680 753
f 680 618 673
f 618 625 560
f 560 627 507
f 507 566 510
f 510 460 461
f 461 416 456
f 416 452 453
f 452 449 453
f 449 499 450
f 499 494 553
f 553 552 618
f 618 615 673
f 673 751 750
f 751 831 750
f 831 938 943
f 938 936 1037
f 936 659 934
f 934 657 826
f 657 540 653
f 540 597 600
f 597 732 733
f 732 1022 915
f 1022 1308 1311
f 1308 1556 1475
f 1726 1823 1728
f 1823 1822 1824
f 1822 1725 1824
f 1725 1727 1824
f 1824 1729 1728
f 1642 1476 1475
f 1476 1312 1311
f 1312 1228 1113
f 1228 1116 1023
f 1116 920 1023
f 920 736 817
f 736 651 735
f 651 653 600
f 653 826 657
f 826 1134 934
f 1134 1245 1035
f 1245 1406 1403
f 1403 1494 1493
f 3015 3011 3200
f 3011 3104 3200
f 3104 3102 3101
f 3101 3197 3196
f 3196 3195 3303
f 3195 3302 3303
f 3302 3502 3503
f 3502 3729 3730
f 3729 3728 4059
f 3728 3498 3727
f 3498 3298 3574
f 3298 3096 3415
f 3096 3093 3415
f 3093 3092 3295
f 3295 3413 3414
f 3413 3718 3719
f 3718 3932 3933
f 3932 4175 4049
f 4175 4176 4049
f 4176 4258 4177
f 4259 4260 4179
f 4260 4368 4369
f 4369 4475 4477
f 4477 4598 4599
f 4599 4776 4860
f 4860 4947 5010
f 4947 5107 5010
f 5107 5456 5235
f 5456 5604 5740
f 5604 5739 5821
f 5739 5822 5905
f 5822 5907 6002
f 5907 5909 6007
f 5909 6008 6114
f 6008 6011 6117
f 6011 6122 6117
f 6122 6123 6234
f 6123 6125 6241
f 6125 6245 6246
f 6245 6247 6248
f 6247 6133 6252
f 6133 6136 6261
f 6136 6138 6261
f 6138 6032 6140
f 6140 6034 6144
f 6144 6035 6147
f 6035 6037 6147
f 6037 5932 5840
f 5932 5758 5840
f 5840 5934 6037
f 5934 6156 6155
f 6156 6480 6279
f 6480 6278 6046
f 6277 6478 6382
f 6478 6383 6479
f 6479 6385 6566
f 6385 6475 6387
f 6475 6637 6564
f 6637 6772 6703
f 6772 6899 6841
f 6899 6898 7018
f 6898 6967 7085
f 6967 7084 7146
f 7084 7221 7289
f 7289 7426 7483
f 7483 7533 7534
f 7534 7583 7537
f 7537 7586 7488
f 7586 7618 7538
f 7618 7617 7589
f 7617 7616 7587
f 7616 7614 7585
f 7614 7584 7585
f 7584 7535 7536
f 7535 7428 7487
f 7428 7367 7431
f 7367 7297 7371
f 7297 7230 7299
f 7230 7096 7159
f 7096 7026 7098
f 7026 6906 6975
f 6906 6777 6849
f 6777 6641 6709
f 6641 6477 6644
f 6477 6382 6568
f 6278 5764 6046
f 7892 7899 7894
f 5764 5477 5765
f 5477 5478 5765
f 5478 5255 5256
f 5256 5025 5026
f 5026 4878 4879
f 4879 4720 4617
f 4617 4398 4399
f 4399 4292 4293
f 4293 4095 4096
f 4096 3857 4097
f 3857 3858 4097
f 3858 3760 3852
f 3760 3754 3852
f 3754 3748 3848
f 3748 3745 3842
f 3745 3740 3837
f 3740 3512 3738
f 3512 3422 3510
f 3422 3202 3421
f 3202 3015 3200
f 418 505 419
f 505 557 459
f 557 617 559
f 617 678 621
f 678 840 679
f 840 956 755
f 956 845 846
f 845 686 687
f 686 570 571
f 570 466 468
f 468 390 427
f 427 367 369
f 369 333 351
f 351 313 334
f 313 312 334
f 334 332 352
f 352 350 368
f 368 391 426
f 391 424 426
f 424 388 419
f 1494 1496 1493
f 1496 1332 1408
f 1332 1144 1330
f 1144 950 1143
f 950 951 836
f 836 756 753
f 753 680 673
f 618 560 553
f 560 507 501
f 507 510 456
f 510 461 462
f 461 456 462
f 456 416 453
f 453 449 450
f 450 499 501
f 499 553 501
f 673 750 753
f 750 831 943
f 943 938 1037
f 1037 936 1128
f 936 934 1035
f 653 540 600
f 600 597 733
f 733 732 915
f 915 1022 1311
f 1311 1308 1475
f 1475 1556 1642
f 1728 1823 1824
f 1475 1476 1311
f 1311 1312 1113
f 1113 1228 1023
f 1023 920 817
f 817 736 735
f 735 651 600
f 934 1134 1035
f 1035 1245 1243
f 1245 1403 1399
f 1403 1493 1490
f 3200 3104 3012
f 3104 3101 3010
f 3101 3196 3103
f 3196 3303 3198
f 3303 3302 3503
f 3503 3502 3730
f 3730 3729 3942
f 3729 4059 3942
f 4059 3728 4058
f 3728 3727 4058
f 3727 3498 3574
f 3574 3298 3415
f 3415 3093 3414
f 3093 3295 3414
f 3414 3413 3493
f 3413 3719 3720
f 3719 3718 3933
f 3933 3932 4049
f 4049 4176 4177
f 4177 4258 4178
f 4259 4179 4178
f 4179 4260 4052
f 4260 4369 4180
f 4369 4477 4261
f 4477 4599 4371
f 4599 4860 4602
f 4860 5010 4949
f 5010 5107 5235
f 5235 5456 5606
f 5456 5740 5606
f 5740 5604 5821
f 5821 5739 5905
f 5905 5822 6002
f 6002 5907 6007
f 6007 5909 6114
f 6114 6008 6117
f 6117 6122 6234
f 6234 6123 6241
f 6241 6125 6246
f 6246 6245 6248
f 6248 6247 6252
f 6252 6133 6261
f 6261 6138 6262
f 6138 6140 6269
f 6140 6144 6271
f 6144 6147 6145
f 6147 6037 6149
f 6037 5934 6040
f 5934 6155 6040
f 6155 6156 6279
f 6279 6480 6046
f 6382 6478 6568
f 6478 6479 6569
f 6479 6566 6570
f 6566 6385 6387
f 6387 6475 6564
f 6564 6637 6703
f 6703 6772 6841
f 6841 6899 6968
f 6899 7018 6968
f 7018 6898 7085
f 7085 6967 7146
f 7146 7084 7289
f 7289 7483 7362
f 7483 7534 7485
f 7534 7537 7486
f 7537 7488 7489
f 7488 7586 7538
f 7538 7618 7589
f 7589 7617 7587
f 7587 7616 7585
f 7585 7584 7536
f 7536 7535 7487
f 7487 7428 7431
f 7431 7367 7371
f 7371 7297 7299
f 7299 7230 7301
f 7230 7159 7301
f 7159 7096 7098
f 7098 7026 6975
f 6975 6906 6849
f 6849 6777 6709
f 6709 6641 6644
f 6644 6477 6568
f 6046 5764 5765
f 5765 5478 5687
f 5478 5256 5475
f 5256 5026 5254
f 5026 4879 5024
f 4879 4617 4877
f 4617 4399 4618
f 4399 4293 4397
f 4293 4096 4290
f 4096 4097 4290
f 4097 3858 4091
f 3858 3852 4091
f 3852 3754 3848
f 3848 3748 3842
f 3842 3745 3837
f 3837 3740 3836
f 3740 3738 3836
f 3738 3512 3510
f 3510 3422 3421
f 3421 3202 3200
f 419 505 459
f 459 557 559
f 559 617 621
f 621 678 679
f 679 840 755
f 755 956 842
f 956 846 842
f 846 845 687
f 687 686 571
f 571 570 468
f 468 427 516
f 427 369 428
f 369 351 392
f 351 334 352
f 352 368 370
f 368 426 429
f 426 424 467
f 424 419 464
f 1493 1496 1408
f 1408 1332 1330
f 1330 1144 1143
f 1143 950 948
f 950 836 833
f 836 753 833
f 553 560 501
f 501 507 456
f 456 510 462
f 456 453 450
f 450 501 456
f 753 750 833
f 750 943 833
f 943 1037 942
f 1037 1128 1036
f 1128 936 1035
f 600 733 735
f 733 915 918
f 915 1311 1113
f 1113 1023 918
f 1023 817 918
f 817 735 918
f 1035 1243 1128
f 1243 1245 1399
f 1399 1403 1490
f 1490 1493 1492
f 3200 3012 3106
f 3012 3104 3010
f 3010 3101 3103
f 3103 3196 3198
f 3198 3303 3506
f 3303 3503 3504
f 3503 3730 3732
f 3730 3942 3943
f 3942 4059 4266
f 4059 4058 4377
f 4058 3727 3939
f 3727 3574 3725
f 3574 3415 3572
f 3415 3414 3493
f 3493 3413 3720
f 3720 3719 3827
f 3719 3933 3827
f 3933 4049 4050
f 4049 4177 4050
f 4177 4178 4050
f 4178 4258 4259
f 4178 4179 4051
f 4179 4052 3934
f 4052 4260 4180
f 4180 4369 4261
f 4261 4477 4371
f 4371 4599 4602
f 4602 4860 4949
f 4949 5010 5172
f 5010 5235 5172
f 5235 5606 5386
f 5606 5740 5823
f 5740 5821 5906
f 5821 5905 5908
f 5905 6002 6004
f 6002 6007 6110
f 6007 6114 6110
f 6114 6117 6118
f 6117 6234 6228
f 6234 6241 6363
f 6241 6246 6368
f 6246 6248 6368
f 6248 6252 6373
f 6261 6133 6266
f 6261 6262 6373
f 6262 6138 6269
f 6269 6140 6271
f 6271 6144 6145
f 6145 6147 6148
f 6147 6149 6148
f 6149 6037 6040
f 6040 6155 6041
f 6155 6279 6045
f 6279 6046 5939
f 6568 6478 6569
f 6569 6479 6570
f 6570 6566 6643
f 6566 6387 6567
f 6387 6564 6565
f 6564 6703 6704
f 6703 6841 6843
f 6841 6968 6900
f 6968 7018 7086
f 7018 7085 7148
f 7085 7146 7290
f 7146 7289 7362
f 7362 7483 7485
f 7485 7534 7486
f 7486 7537 7489
f 7489 7488 7432
f 7488 7538 7434
f 7538 7589 7491
f 7589 7587 7540
f 7587 7585 7588
f 7585 7536 7588
f 7536 7487 7588
f 7487 7431 7490
f 7431 7371 7433
f 7371 7299 7372
f 7299 7301 7374
f 7301 7159 7231
f 7159 7098 7160
f 7098 6975 7028
f 6975 6849 6908
f 6849 6709 6780
f 6709 6644 6710
f 6644 6568 6645
f 6046 5765 5939
f 5765 5687 5939
f 5687 5478 5475
f 5475 5256 5254
f 5254 5026 5024
f 5024 4879 4877
f 4877 4617 4618
f 4618 4399 4397
f 4397 4293 4290
f 4290 4097 4291
f 4097 4091 4291
f 4091 3852 4079
f 3852 3848 4079
f 3848 3842 4074
f 3842 3837 3951
f 3837 3836 3949
f 3836 3738 3840
f 3738 3510 3743
f 3510 3421 3515
f 3421 3200 3309
f 419 459 464
f 459 559 509
f 559 621 561
f 621 679 622
f 679 755 680
f 755 842 756
f 842 846 760
f 846 687 688
f 687 571 632
f 571 468 516
f 516 427 428
f 428 369 392
f 392 351 370
f 351 352 370
f 370 368 429
f 429 426 469
f 426 467 469
f 467 424 464
f 1493 1408 1492
f 1408 1330 1405
f 1330 1143 1329
f 1143 948 1141
f 948 950 833
f 833 943 942
f 942 1037 1036
f 1036 1128 1127
f 735 733 918
f 918 915 1113
f 1128 1243 1127
f 1243 1399 1242
f 1399 1490 1397
f 1490 1492 1489
f 3200 3106 3309
f 3106 3012 2910
f 3012 3010 3014
f 3010 3103 3105
f 3103 3198 3199
f 3198 3506 3419
f 3506 3303 3504
f 3504 3503 3732
f 3732 3730 3943
f 3943 3942 4187
f 3942 4266 4187
f 4266 4059 4377
f 4377 4058 4375
f 4058 3939 4375
f 3939 3727 3725
f 3725 3574 3572
f 3572 3415 3494
f 3415 3493 3494
f 3493 3720 3721
f 3720 3827 3935
f 3827 3933 4050
f 4050 4178 4051
f 4051 4179 3934
f 3934 4052 4180
f 4180 4261 4182
f 4261 4371 4182
f 4371 4602 4262
f 4602 4949 4709
f 4949 5172 5237
f 5172 5235 5386
f 5386 5606 5667
f 5606 5823 5667
f 5823 5740 5906
f 5906 5821 5908
f 5908 5905 6004
f 6004 6002 6110
f 6110 6114 6119
f 6114 6118 6229
f 6118 6117 6228
f 6228 6234 6235
f 6234 6363 6235
f 6363 6241 6368
f 6368 6248 6373
f 6373 6252 6257
f 6261 6266 6269
f 6261 6373 6257
f 6373 6262 6263
f 6262 6269 6139
f 6269 6271 6142
f 6271 6145 6146
f 6145 6148 6150
f 6148 6149 6152
f 6149 6040 6154
f 6040 6041 6154
f 6041 6155 6045
f 6045 6279 5939
f 6568 6569 6645
f 6569 6570 6646
f 6570 6643 6707
f 6643 6566 6567
f 6567 6387 6565
f 6565 6564 6704
f 6704 6703 6843
f 6843 6841 6900
f 6900 6968 7087
f 6968 7086 7087
f 7086 7018 7148
f 7148 7085 7290
f 7290 7146 7362
f 7362 7485 7363
f 7485 7486 7429
f 7486 7489 7430
f 7489 7432 7368
f 7432 7488 7434
f 7434 7538 7491
f 7491 7589 7540
f 7540 7587 7588
f 7588 7487 7539
f 7487 7490 7539
f 7490 7431 7433
f 7433 7371 7372
f 7372 7299 7374
f 7374 7301 7302
f 7301 7231 7302
f 7231 7159 7160
f 7160 7098 7028
f 7028 6975 6908
f 6908 6849 6780
f 6780 6709 6710
f 6710 6644 6645
f 5939 5687 5843
f 5687 5475 5621
f 5475 5254 5474
f 5254 5024 5252
f 5024 4877 5023
f 4877 4618 4875
f 4618 4397 4616
f 4397 4290 4395
f 4290 4291 4395
f 4291 4091 4287
f 4091 4079 4287
f 4079 3848 4074
f 4074 3842 3951
f 3951 3837 3949
f 3949 3836 3952
f 3836 3840 3952
f 3840 3738 3743
f 3743 3510 3515
f 3515 3421 3309
f 464 459 509
f 509 559 561
f 561 621 622
f 622 679 680
f 680 755 756
f 756 842 757
f 842 760 757
f 760 846 688
f 688 687 632
f 632 571 516
f 516 428 517
f 428 392 470
f 392 370 429
f 429 469 470
f 469 467 514
f 467 464 512
f 1492 1408 1405
f 1405 1330 1329
f 1329 1143 1141
f 1141 948 1042
f 948 833 945
f 833 942 945
f 942 1036 945
f 1036 1127 1039
f 1127 1243 1242
f 1242 1399 1397
f 1397 1490 1489
f 1489 1492 1491
f 3309 3106 3204
f 3106 2910 3016
f 2910 3012 3014
f 3014 3010 3105
f 3105 3103 3199
f 3199 3198 3419
f 3419 3506 3576
f 3506 3504 3734
f 3504 3732 3733
f 3732 3943 3945
f 3943 4187 4061
f 4187 4266 4380
f 4266 4377 4607
f 4377 4375 4781
f 4375 3939 4184
f 3939 3725 3938
f 3725 3572 3724
f 3572 3494 3571
f 3494 3493 3721
f 3721 3720 3935
f 3935 3827 3934
f 3827 4050 4051
f 4051 3934 3827
f 3934 4180 4053
f 4180 4182 4181
f 4182 4371 4262
f 4262 4602 4373
f 4602 4709 4373
f 4709 4949 5014
f 4949 5237 5014
f 5237 5172 5542
f 5172 5386 5542
f 5386 5667 5542
f 5667 5823 5903
f 5823 5906 5999
f 5906 5908 6003
f 5908 6004 6106
f 6004 6110 6106
f 6110 6119 6115
f 6119 6114 6229
f 6229 6118 6228
f 6228 6235 6229
f 6235 6363 6364
f 6363 6368 6369
f 6368 6373 6369
f 6373 6263 6374
f 6263 6262 6139
f 6139 6269 6142
f 6142 6271 6146
f 6146 6145 6150
f 6150 6148 6042
f 6148 6152 6042
f 6152 6149 6154
f 6154 6041 6044
f 6041 6045 6044
f 6045 5939 5843
f 6645 6569 6646
f 6646 6570 6707
f 6707 6643 6776
f 6643 6567 6706
f 6567 6565 6640
f 6565 6704 6639
f 6704 6843 6773
f 6843 6900 6901
f 6900 7087 7019
f 7087 7086 7150
f 7086 7148 7149
f 7148 7290 7222
f 7290 7362 7363
f 7363 7485 7429
f 7429 7486 7430
f 7430 7489 7368
f 7368 7432 7369
f 7432 7434 7370
f 7434 7491 7433
f 7491 7540 7490
f 7540 7588 7539
f 7539 7490 7540
f 7490 7433 7491
f 7433 7372 7434
f 7372 7374 7373
f 7374 7302 7300
f 7302 7231 7161
f 7231 7160 7100
f 7160 7028 7029
f 7028 6908 6909
f 6908 6780 6909
f 6780 6710 6781
f 6710 6645 6711
f 5843 5687 5621
f 5621 5475 5474
f 5474 5254 5252
f 5252 5024 5023
f 5023 4877 4875
f 4875 4618 4616
f 4616 4397 4395
f 4395 4291 4394
f 4291 4287 4394
f 4287 4079 4192
f 4079 4074 4192
f 4074 3951 4191
f 3951 3949 4068
f 3949 3952 4071
f 3952 3840 3956
f 3840 3743 3845
f 3743 3515 3581
f 3515 3309 3426
f 464 509 512
f 509 561 565
f 561 622 626
f 622 680 681
f 680 756 681
f 756 757 681
f 757 760 683
f 760 688 689
f 688 632 633
f 632 516 517
f 517 428 470
f 470 392 429
f 470 469 515
f 469 514 515
f 514 467 512
f 1492 1405 1491
f 1405 1329 1402
f 1329 1141 1327
f 1141 1042 1244
f 1042 948 945
f 945 1036 1039
f 1039 1127 1131
f 1127 1242 1131
f 1242 1397 1241
f 1397 1489 1398
f 1489 1491 1400
f 3309 3204 3426
f 3204 3106 3016
f 3016 2910 3018
f 2910 3014 3017
f 3014 3105 3108
f 3105 3199 3201
f 3199 3419 3420
f 3419 3576 3577
f 3576 3506 3734
f 3734 3504 3733
f 3733 3732 3945
f 3945 3943 4061
f 4061 4187 4267
f 4187 4380 4267
f 4380 4266 4607
f 4607 4377 4864
f 4377 4781 4864
f 4781 4375 4709
f 4375 4184 4373
f 4184 3939 3938
f 3938 3725 3724
f 3724 3572 3571
f 3571 3494 3722
f 3494 3721 3722
f 3721 3935 3828
f 3935 3934 4053
f 4053 4180 4181
f 4181 4182 4056
f 4182 4262 4056
f 4262 4373 4183
f 4373 4709 4375
f 4709 5014 5112
f 5014 5237 5327
f 5237 5542 5608
f 5542 5667 5742
f 5667 5903 5742
f 5903 5823 5999
f 5999 5906 6003
f 6003 5908 6106
f 6106 6110 6108
f 6110 6115 6108
f 6115 6119 6225
f 6119 6229 6230
f 6229 6235 6236
f 6235 6364 6236
f 6364 6363 6369
f 6369 6373 6370
f 6373 6374 6370
f 6374 6263 6258
f 6263 6139 6137
f 6139 6142 6143
f 6142 6146 6036
f 6146 6150 5935
f 6150 6042 5936
f 6042 6152 5937
f 6152 6154 5937
f 6154 6044 5938
f 6044 6045 5843
f 6645 6646 6711
f 6646 6707 6708
f 6707 6776 6778
f 6776 6643 6706
f 6706 6567 6640
f 6640 6565 6639
f 6639 6704 6773
f 6773 6843 6901
f 6901 6900 7019
f 7019 7087 7150
f 7150 7086 7149
f 7149 7148 7222
f 7222 7290 7363
f 7363 7429 7292
f 7429 7430 7365
f 7430 7368 7366
f 7368 7369 7294
f 7369 7432 7370
f 7370 7434 7373
f 7434 7372 7373
f 7373 7374 7300
f 7300 7302 7161
f 7161 7231 7100
f 7100 7160 7029
f 7029 7028 6909
f 6909 6780 6781
f 6781 6710 6711
f 5843 5621 5762
f 5621 5474 5620
f 5474 5252 5400
f 5252 5023 5250
f 5023 4875 5021
f 4875 4616 4873
f 4616 4395 4615
f 4395 4394 4615
f 4394 4287 4392
f 4287 4192 4392
f 4192 4074 4191
f 4191 3951 4068
f 4068 3949 4071
f 4071 3952 4075
f 3952 3956 4075
f 3956 3840 3845
f 3845 3743 3581
f 3581 3515 3426
f 512 509 565
f 565 561 626
f 626 622 681
f 681 757 683
f 683 760 689
f 689 688 633
f 633 632 517
f 517 470 515
f 515 514 568
f 514 512 567
f 1491 1405 1402
f 1402 1329 1327
f 1327 1141 1244
f 1244 1042 1139
f 1042 945 1039
f 1039 1131 1139
f 1131 1242 1241
f 1241 1397 1398
f 1398 1489 1400
f 1400 1491 1402
f 3426 3204 3428
f 3204 3016 3208
f 3016 3018 3112
f 3018 2910 3017
f 3017 3014 3108
f 3108 3105 3201
f 3201 3199 3420
f 3420 3419 3577
f 3577 3576 3832
f 3576 3734 3946
f 3734 3733 3945
f 3945 4061 3946
f 4061 4267 4269
f 4267 4380 4382
f 4380 4607 4715
f 4607 4864 4955
f 4864 4781 5016
f 4781 4709 5112
f 4373 4184 4183
f 4184 3938 4183
f 3938 3724 3936
f 3724 3571 3722
f 3722 3721 3828
f 3828 3935 4053
f 4053 4181 4055
f 4181 4056 4055
f 4056 4262 4183
f 5112 5014 5327
f 5327 5237 5608
f 5608 5542 5742
f 5742 5903 6005
f 5903 5999 6005
f 5999 6003 6107
f 6003 6106 6109
f 6106 6108 6109
f 6108 6115 6222
f 6115 6225 6222
f 6225 6119 6230
f 6230 6229 6237
f 6229 6236 6237
f 6236 6364 6242
f 6364 6369 6242
f 6369 6370 6242
f 6370 6374 6253
f 6374 6258 6253
f 6258 6263 6137
f 6137 6139 6143
f 6143 6142 6036
f 6036 6146 5935
f 5935 6150 5936
f 5936 6042 5842
f 6042 5937 5842
f 5937 6154 5938
f 5938 6044 5843
f 6711 6646 6708
f 6708 6707 6778
f 6778 6776 6847
f 6776 6706 6845
f 6706 6640 6775
f 6640 6639 6774
f 6639 6773 6774
f 6773 6901 6902
f 6901 7019 7020
f 7019 7150 7151
f 7150 7149 7222
f 7222 7363 7292
f 7292 7429 7365
f 7365 7430 7366
f 7366 7368 7294
f 7294 7369 7295
f 7369 7370 7296
f 7370 7373 7298
f 7373 7300 7298
f 7300 7161 7229
f 7161 7100 7099
f 7100 7029 7099
f 7029 6909 7030
f 6909 6781 6907
f 6781 6711 6779
f 5843 5762 5842
f 5762 5621 5620
f 5620 5474 5400
f 5400 5252 5250
f 5250 5023 5021
f 5021 4875 4873
f 4873 4616 4615
f 4615 4394 4614
f 4394 4392 4614
f 4392 4192 4277
f 4192 4191 4277
f 4191 4068 4189
f 4068 4071 4278
f 4071 4075 4280
f 4075 3956 4080
f 3956 3845 3960
f 3845 3581 3750
f 3581 3426 3584
f 512 565 567
f 565 626 629
f 626 681 683
f 683 689 629
f 689 633 568
f 633 517 515
f 515 568 633
f 568 514 567
f 1402 1327 1398
f 1327 1244 1398
f 1244 1139 1241
f 1139 1042 1039
f 1139 1131 1241
f 1241 1398 1244
f 1398 1400 1402
f 3426 3428 3584
f 3428 3204 3208
f 3208 3016 3112
f 3112 3018 3113
f 3018 3017 3111
f 3017 3108 3203
f 3108 3201 3308
f 3201 3420 3511
f 3420 3577 3578
f 3577 3832 3834
f 3832 3576 3946
f 3946 3734 3945
f 3946 4061 4062
f 4061 4269 4062
f 4269 4267 4382
f 4382 4380 4715
f 4715 4607 4955
f 4955 4864 5113
f 4864 5016 5113
f 5016 4781 5112
f 4183 3938 3936
f 3936 3724 3722
f 3722 3828 3829
f 3828 4053 4055
f 4055 4056 3829
f 4056 4183 3936
f 5112 5327 5389
f 5327 5608 5672
f 5608 5742 5910
f 5742 6005 5910
f 6005 5999 6107
f 6107 6003 6109
f 6109 6108 6111
f 6108 6222 6111
f 6222 6225 6226
f 6225 6230 6231
f 6230 6237 6231
f 6237 6236 6243
f 6236 6242 6243
f 6242 6370 6371
f 6370 6253 6371
f 6253 6258 6259
f 6258 6137 6264
f 6137 6143 6141
f 6143 6036 5839
f 6036 5935 5841
f 5935 5936 5761
f 5936 5842 5762
f 5842 5937 5843
f 5937 5938 5843
f 6711 6708 6779
f 6708 6778 6848
f 6778 6847 6905
f 6847 6776 6845
f 6845 6706 6775
f 6775 6640 6774
f 6774 6773 6902
f 6902 6901 7020
f 7020 7019 7151
f 7151 7150 7223
f 7150 7222 7292
f 7292 7365 7223
f 7365 7366 7223
f 7366 7294 7224
f 7294 7295 7225
f 7295 7369 7296
f 7296 7370 7298
f 7298 7300 7229
f 7229 7161 7158
f 7161 7099 7158
f 7099 7029 7030
f 7030 6909 6907
f 6907 6781 6779
f 5762 5620 5761
f 5620 5400 5619
f 5400 5250 5472
f 5250 5021 5249
f 5021 4873 5120
f 4873 4615 4872
f 4615 4614 4872
f 4614 4392 4489
f 4392 4277 4489
f 4277 4191 4189
f 4189 4068 4278
f 4278 4071 4280
f 4280 4075 4283
f 4075 4080 4283
f 4080 3956 3960
f 3960 3845 3750
f 3750 3581 3584
f 567 565 629
f 629 626 683
f 629 689 568
f 568 567 629
f 3584 3428 3586
f 3428 3208 3430
f 3208 3112 3319
f 3112 3113 3205
f 3113 3018 3111
f 3111 3017 3203
f 3203 3108 3308
f 3308 3201 3511
f 3511 3420 3578
f 3578 3577 3834
f 3834 3832 4064
f 3832 3946 4062
f 4062 4269 4271
f 4269 4382 4384
f 4382 4715 4716
f 4715 4955 4956
f 4955 5113 5177
f 5113 5016 5389
f 5016 5112 5389
f 3936 3722 3829
f 3829 3828 4055
f 3829 4056 3936
f 5389 5327 5672
f 5672 5608 5910
f 5910 6005 6009
f 6005 6107 6009
f 6107 6109 6112
f 6109 6111 6112
f 6111 6222 6223
f 6222 6226 6223
f 6226 6225 6231
f 6231 6237 6238
f 6237 6243 6238
f 6243 6242 6371
f 6371 6253 6249
f 6253 6259 6249
f 6259 6258 6264
f 6264 6137 6141
f 6141 6143 5839
f 5839 6036 5841
f 5841 5935 5761
f 5761 5936 5762
f 6779 6708 6848
f 6848 6778 6905
f 6905 6847 6971
f 6847 6845 6970
f 6845 6775 6904
f 6775 6774 6844
f 6774 6902 6844
f 6902 7020 6969
f 7020 7151 7088
f 7151 7223 7224
f 7223 7150 7292
f 7223 7366 7224
f 7224 7294 7225
f 7225 7295 7153
f 7295 7296 7226
f 7296 7298 7227
f 7298 7229 7228
f 7229 7158 7157
f 7158 7099 7097
f 7099 7030 7097
f 7030 6907 7027
f 6907 6779 6974
f 5761 5620 5619
f 5619 5400 5472
f 5472 5250 5249
f 5249 5021 5120
f 5120 4873 4872
f 4872 4614 4784
f 4614 4489 4784
f 4489 4277 4274
f 4277 4189 4274
f 4189 4278 4388
f 4278 4280 4390
f 4280 4283 4491
f 4283 4080 4194
f 4080 3960 4086
f 3960 3750 3853
f 3750 3584 3755
f 3584 3586 3755
f 3586 3428 3430
f 3430 3208 3319
f 3319 3112 3205
f 3205 3113 3209
f 3113 3111 3206
f 3111 3203 3311
f 3203 3308 3423
f 3308 3511 3513
f 3511 3578 3579
f 3578 3834 3739
f 3834 4064 4067
f 4064 3832 4062
f 4062 4271 4064
f 4271 4269 4384
f 4384 4382 4386
f 4382 4716 4386
f 4716 4715 4956
f 4956 4955 5177
f 5177 5113 5463
f 5113 5389 5463
f 5389 5672 5751
f 5672 5910 5915
f 5910 6009 5915
f 6009 6107 6112
f 6112 6111 6116
f 6111 6223 6116
f 6223 6226 6227
f 6226 6231 6232
f 6231 6238 6232
f 6238 6243 6365
f 6243 6371 6365
f 6371 6249 6365
f 6249 6259 6250
f 6259 6264 6131
f 6264 6141 6134
f 6141 5839 5924
f 5839 5841 5618
f 5841 5761 5619
f 6779 6848 6974
f 6848 6905 6973
f 6905 6971 7024
f 6971 6847 6970
f 6970 6845 6904
f 6904 6775 6844
f 6844 6902 6969
f 6969 7020 7088
f 7088 7151 7224
f 7224 7225 7088
f 7225 7153 7089
f 7153 7295 7226
f 7226 7296 7227
f 7227 7298 7228
f 7228 7229 7157
f 7157 7158 7097
f 7097 7030 7027
f 7027 6907 6974
f 5619 5472 5618
f 5472 5249 5471
f 5249 5120 5246
f 5120 4872 5020
f 4872 4784 5020
f 4784 4489 4716
f 4489 4274 4386
f 4274 4189 4388
f 4388 4278 4390
f 4390 4280 4491
f 4491 4283 4284
f 4283 4194 4284
f 4194 4080 4086
f 4086 3960 3853
f 3853 3750 3755
f 3755 3586 3761
f 3586 3430 3587
f 3430 3319 3531
f 3319 3205 3431
f 3205 3209 3212
f 3209 3113 3206
f 3206 3111 3311
f 3311 3203 3423
f 3423 3308 3513
f 3513 3511 3579
f 3579 3578 3739
f 3739 3834 4067
f 4067 4064 4273
f 4064 4271 4273
f 4271 4384 4485
f 4384 4386 4486
f 4386 4716 4489
f 4716 4956 4784
f 4956 5177 5178
f 5177 5463 5465
f 5463 5389 5751
f 5751 5672 5915
f 5915 6009 6012
f 6009 6112 6116
f 6116 6223 6120
f 6223 6227 6120
f 6227 6226 6232
f 6232 6238 6365
f 6365 6249 6366
f 6249 6250 6366
f 6250 6259 6254
f 6259 6131 6254
f 6131 6264 6134
f 6134 6141 5924
f 5924 5839 5754
f 5839 5618 5685
f 5618 5841 5619
f 6974 6848 6973
f 6973 6905 7024
f 7024 6971 7023
f 6971 6970 7023
f 6970 6904 7022
f 6904 6844 6969
f 6969 7088 7089
f 7088 7225 7089
f 7089 7153 7023
f 7153 7226 7090
f 7226 7227 7154
f 7227 7228 7155
f 7228 7157 7155
f 7157 7097 7095
f 7097 7027 7094
f 7027 6974 7025
f 5618 5472 5471
f 5471 5249 5246
f 5246 5120 5020
f 5020 4784 4956
f 4386 4274 4486
f 4274 4388 4486
f 4388 4390 4487
f 4390 4491 4490
f 4491 4284 4281
f 4284 4194 4076
f 4194 4086 4081
f 4086 3853 3961
f 3853 3755 3859
f 3755 3761 3859
f 3761 3586 3587
f 3587 3430 3531
f 3531 3319 3431
f 3431 3205 3212
f 3212 3209 3216
f 3209 3206 3213
f 3206 3311 3210
f 3311 3423 3207
f 3423 3513 3424
f 3513 3579 3580
f 3579 3739 3742
f 3739 4067 3950
f 4067 4273 4190
f 4273 4271 4485
f 4485 4384 4486
f 4956 5178 5020
f 5178 5177 5465
f 5465 5463 5753
f 5463 5751 5753
f 5751 5915 5919
f 5915 6012 5919
f 6012 6009 6116
f 6116 6120 6014
f 6120 6227 6233
f 6227 6232 6366
f 6232 6365 6366
f 6366 6250 6367
f 6250 6254 6251
f 6254 6131 6251
f 6131 6134 6128
f 6134 5924 6022
f 5924 5754 5753
f 5754 5839 5685
f 5685 5618 5471
f 6974 6973 7025
f 6973 7024 7025
f 7024 7023 7090
f 7023 6970 7022
f 7022 6904 6969
f 6969 7089 7022
f 7089 7023 7022
f 7023 7153 7090
f 7090 7226 7154
f 7154 7227 7155
f 7155 7157 7095
f 7094 7027 7025
f 5471 5246 5468
f 5246 5020 5178
f 4486 4388 4487
f 4487 4390 4490
f 4490 4491 4281
f 4281 4284 4193
f 4284 4076 4193
f 4076 4194 4081
f 4081 4086 3961
f 3961 3853 3859
f 3859 3761 3861
f 3761 3587 3763
f 3587 3531 3533
f 3531 3431 3434
f 3431 3212 3329
f 3212 3216 3329
f 3216 3209 3213
f 3213 3206 3210
f 3210 3311 3207
f 3207 3423 3313
f 3423 3424 3313
f 3424 3513 3580
f 3580 3579 3742
f 3742 3739 3950
f 3950 4067 4190
f 4190 4273 4488
f 4273 4485 4488
f 4485 4486 4487
f 5178 5465 5468
f 5465 5753 5754
f 5753 5751 5919
f 5919 6012 6019
f 6012 6116 6014
f 6014 6120 6239
f 6120 6233 6239
f 6233 6227 6367
f 6227 6366 6367
f 6367 6250 6251
f 6251 6131 6128
f 6128 6134 6126
f 6134 6022 6126
f 6022 5924 5753
f 5754 5685 5468
f 5685 5471 5468
f 7025 7024 7091
f 7024 7090 7091
f 7090 7154 7091
f 7154 7155 7093
f 7155 7095 7093
f 7094 7025 7091
f 5468 5246 5178
f 4487 4490 4488
f 4490 4281 4279
f 4281 4193 4072
f 4193 4076 4077
f 4076 4081 4082
f 4081 3961 4092
f 3961 3859 3963
f 3859 3861 3963
f 3861 3761 3763
f 3763 3587 3533
f 3533 3531 3434
f 3434 3431 3329
f 3329 3216 3333
f 3216 3213 3223
f 3213 3210 3217
f 3210 3207 3214
f 3207 3313 3211
f 3313 3424 3315
f 3424 3580 3425
f 3580 3742 3744
f 3742 3950 3839
f 3950 4190 4070
f 4190 4488 4279
f 4488 4485 4487
f 5468 5465 5754
f 5753 5919 6022
f 5919 6019 6022
f 6019 6012 6014
f 6014 6239 6126
f 6239 6233 6367
f 6367 6251 6239
f 6251 6128 6239
f 6128 6126 6239
f 6126 6022 6019
f 7091 7154 7093
f 7093 7095 7094
f 7094 7091 7093
f 4488 4490 4279
f 4279 4281 4072
f 4072 4193 3954
f 4193 4077 3954
f 4077 4076 4082
f 4082 4081 4092
f 4092 3961 3963
f 3963 3861 3862
f 3861 3763 3765
f 3763 3533 3765
f 3533 3434 3535
f 3434 3329 3435
f 3329 3333 3435
f 3333 3216 3223
f 3223 3213 3217
f 3217 3210 3214
f 3214 3207 3211
f 3211 3313 3315
f 3315 3424 3425
f 3425 3580 3517
f 3580 3744 3517
f 3744 3742 3839
f 3839 3950 4070
f 4070 4190 4279
f 6019 6014 6126
f 4279 4072 4070
f 4072 3954 3953
f 3954 4077 3957
f 4077 4082 4083
f 4082 4092 4087
f 4092 3963 4098
f 3963 3862 3965
f 3862 3861 3765
f 3765 3533 3535
f 3535 3434 3435
f 3435 3333 3437
f 3333 3223 3334
f 3223 3217 3224
f 3217 3214 3221
f 3214 3211 3218
f 3211 3315 3215
f 3315 3425 3317
f 3425 3517 3427
f 3517 3744 3746
f 3744 3839 3841
f 3839 4070 3953
f 4070 4072 3953
f 3953 3954 3955
f 3954 3957 3955
f 3957 4077 4083
f 4083 4082 4087
f 4087 4092 4098
f 4098 3963 3965
f 3965 3862 3968
f 3862 3765 3864
f 3765 3535 3766
f 3535 3435 3590
f 3435 3437 3590
f 3437 3333 3334
f 3334 3223 3224
f 3224 3217 3221
f 3221 3214 3218
f 3218 3211 3215
f 3215 3315 3317
f 3317 3425 3427
f 3427 3517 3519
f 3517 3746 3519
f 3746 3744 3841
f 3841 3839 3953
f 3953 3955 3841
f 3955 3957 4084
f 3957 4083 4088
f 4083 4087 4195
f 4087 4098 4100
f 4098 3965 4100
f 3965 3968 4100
f 3968 3862 3864
f 3864 3765 3766
f 3766 3535 3590
f 3590 3437 3592
f 3437 3334 3439
f 3334 3224 3336
f 3224 3221 3227
f 3221 3218 3225
f 3218 3215 3222
f 3215 3317 3219
f 3317 3427 3320
f 3427 3519 3429
f 3519 3746 3582
f 3746 3841 3843
f 3841 3955 3958
f 3955 4084 3958
f 4084 3957 4088
f 4088 4083 4195
f 4195 4087 4100
f 4100 3968 4102
f 3968 3864 3973
f 3864 3766 3865
f 3766 3590 3768
f 3590 3592 3768
f 3592 3437 3439
f 3439 3334 3336
f 3336 3224 3227
f 3227 3221 3225
f 3225 3218 3222
f 3222 3215 3219
f 3219 3317 3320
f 3320 3427 3429
f 3429 3519 3521
f 3519 3582 3521
f 3582 3746 3843
f 3843 3841 3958
f 3958 4084 4089
f 4084 4088 4093
f 4088 4195 4196
f 4195 4100 4196
f 4100 4102 4196
f 4102 3968 3973
f 3973 3864 3865
f 3865 3766 3768
f 3768 3592 3769
f 3592 3439 3593
f 3439 3336 3537
f 3336 3227 3337
f 3227 3225 3228
f 3225 3222 3226
f 3222 3219 3330
f 3219 3320 3330
f 3320 3429 3324
f 3429 3521 3432
f 3521 3582 3583
f 3582 3843 3846
f 3843 3958 3846
f 3958 4089 3959
f 4089 4084 4093
f 4093 4088 4196
f 4196 4102 4101
f 4102 3973 3969
f 3973 3865 3974
f 3865 3768 3866
f 3768 3769 3866
f 3769 3592 3593
f 3593 3439 3537
f 3537 3336 3440
f 3336 3337 3440
f 3337 3227 3228
f 3228 3225 3226
f 3226 3222 3330
f 3330 3320 3324
f 3324 3429 3432
f 3432 3521 3523
f 3521 3583 3523
f 3583 3582 3846
f 3846 3958 3959
f 3959 4089 3849
f 4089 4093 3962
f 4093 4196 4099
f 4196 4101 4099
f 4101 4102 3969
f 3969 3973 3974
f 3974 3865 3866
f 3866 3769 3771
f 3769 3593 3594
f 3593 3537 3538
f 3537 3440 3538
f 3440 3337 3441
f 3337 3228 3340
f 3228 3226 3338
f 3226 3330 3229
f 3330 3324 3331
f 3324 3432 3332
f 3432 3523 3433
f 3523 3583 3585
f 3583 3846 3751
f 3846 3959 3751
f 3959 3849 3751
f 3849 4089 3962
f 3962 4093 4099
f 4099 4101 3966
f 4101 3969 3975
f 3969 3974 3867
f 3974 3866 3770
f 3866 3771 3770
f 3771 3769 3594
f 3594 3593 3538
f 3538 3440 3441
f 3441 3337 3340
f 3340 3228 3338
f 3338 3226 3229
f 3229 3330 3331
f 3331 3324 3332
f 3332 3432 3433
f 3433 3523 3532
f 3523 3585 3532
f 3585 3583 3751
f 3751 3849 3756
f 3849 3962 3854
f 3962 4099 3964
f 4099 3966 3964
f 3966 4101 3970
f 4101 3975 3970
f 3975 3969 3867
f 3867 3974 3770
f 3770 3771 3772
f 3771 3594 3596
f 3594 3538 3539
f 3538 3441 3442
f 3441 3340 3442
f 3340 3338 3342
f 3338 3229 3341
f 3229 3331 3230
f 3331 3332 3231
f 3332 3433 3335
f 3433 3532 3436
f 3532 3585 3588
f 3585 3751 3756
f 3756 3849 3854
f 3854 3962 3964
f 3964 3966 3971
f 3966 3970 3976
f 3970 3975 3978
f 3975 3867 3870
f 3867 3770 3869
f 3770 3772 3869
f 3772 3771 3596
f 3596 3594 3539
f 3539 3538 3442
f 3442 3340 3342
f 3342 3338 3341
f 3341 3229 3230
f 3230 3331 3231
f 3231 3332 3335
f 3335 3433 3436
f 3436 3532 3534
f 3532 3588 3534
f 3588 3585 3756
f 3756 3854 3762
f 3854 3964 3860
f 3964 3971 3967
f 3971 3966 3976
f 3976 3970 3978
f 3978 3975 3870
f 3870 3867 3869
f 3869 3772 3774
f 3772 3596 3597
f 3596 3539 3541
f 3539 3442 3444
f 3442 3342 3444
f 3342 3341 3343
f 3341 3230 3234
f 3230 3231 3233
f 3231 3335 3232
f 3335 3436 3339
f 3436 3534 3438
f 3534 3588 3589
f 3588 3756 3762
f 3762 3854 3860
f 3860 3964 3967
f 3967 3971 3977
f 3971 3976 4103
f 3976 3978 4104
f 3978 3870 3981
f 3870 3869 3872
f 3869 3774 3872
f 3774 3772 3597
f 3597 3596 3541
f 3541 3539 3444
f 3444 3342 3343
f 3343 3341 3234
f 3234 3230 3233
f 3233 3231 3232
f 3232 3335 3339
f 3339 3436 3438
f 3438 3534 3536
f 3534 3589 3536
f 3589 3588 3762
f 3762 3860 3764
f 3860 3967 3863
f 3967 3977 3972
f 3977 3971 4103
f 4103 3976 4104
f 4104 3978 3981
f 3981 3870 3872
f 3872 3774 3777
f 3774 3597 3599
f 3597 3541 3543
f 3541 3444 3446
f 3444 3343 3345
f 3343 3234 3237
f 3234 3233 3237
f 3233 3232 3235
f 3232 3339 3236
f 3339 3438 3344
f 3438 3536 3443
f 3536 3589 3591
f 3589 3762 3764
f 3764 3860 3863
f 3863 3967 3972
f 3972 3977 3980
f 3977 4103 4105
f 4103 4104 4106
f 4104 3981 3983
f 3981 3872 3874
f 3872 3777 3874
f 3777 3774 3599
f 3599 3597 3543
f 3543 3541 3446
f 3446 3444 3345
f 3345 3343 3237
f 3237 3233 3235
f 3235 3232 3236
f 3236 3339 3344
f 3344 3438 3443
f 3443 3536 3540
f 3536 3591 3540
f 3591 3589 3764
f 3764 3863 3767
f 3863 3972 3868
f 3972 3980 3979
f 3980 3977 4105
f 4105 4103 4106
f 4106 4104 3983
f 3983 3981 3874
f 3874 3777 3878
f 3777 3599 3779
f 3599 3543 3601
f 3543 3446 3545
f 3446 3345 3348
f 3345 3237 3347
f 3237 3235 3347
f 3235 3236 3238
f 3236 3344 3239
f 3344 3443 3346
f 3443 3540 3445
f 3540 3591 3595
f 3591 3764 3767
f 3767 3863 3868
f 3868 3972 3979
f 3979 3980 3873
f 3980 4105 3982
f 4105 4106 3985
f 4106 3983 3986
f 3983 3874 3986
f 3874 3878 3986
f 3878 3777 3779
f 3779 3599 3601
f 3601 3543 3545
f 3545 3446 3448
f 3446 3348 3448
f 3348 3345 3347
f 3347 3235 3238
f 3238 3236 3239
f 3239 3344 3346
f 3346 3443 3445
f 3445 3540 3542
f 3540 3595 3542
f 3595 3591 3767
f 3767 3868 3773
f 3868 3979 3871
f 3979 3873 3871
f 3873 3980 3982
f 3982 4105 3984
f 4105 3985 3984
f 3985 4106 3986
f 3986 3878 3879
f 3878 3779 3881
f 3779 3601 3782
f 3601 3545 3605
f 3545 3448 3549
f 3448 3348 3450
f 3348 3347 3349
f 3347 3238 3349
f 3238 3239 3350
f 3239 3346 3351
f 3346 3445 3449
f 3445 3542 3447
f 3542 3595 3598
f 3595 3767 3773
f 3773 3868 3871
f 3871 3873 3776
f 3873 3982 3875
f 3982 3984 3876
f 3984 3985 3880
f 3985 3986 3879
f 3879 3878 3881
f 3881 3779 3782
f 3782 3601 3605
f 3605 3545 3549
f 3549 3448 3547
f 3448 3450 3547
f 3450 3348 3349
f 3349 3238 3350
f 3350 3239 3351
f 3351 3346 3449
f 3449 3445 3447
f 3447 3542 3544
f 3542 3598 3544
f 3598 3595 3773
f 3773 3871 3775
f 3871 3776 3775
f 3776 3873 3875
f 3875 3982 3876
f 3876 3984 3877
f 3984 3880 3877
f 3880 3985 3879
f 3879 3881 3882
f 3881 3782 3783
f 3782 3605 3783
f 3605 3549 3606
f 3549 3547 3606
f 3547 3450 3551
f 3450 3349 3452
f 3349 3350 3452
f 3350 3351 3453
f 3351 3449 3453
f 3449 3447 3548
f 3447 3544 3546
f 3544 3598 3600
f 3598 3773 3775
f 3775 3776 3600
f 3776 3875 3778
f 3875 3876 3778
f 3876 3877 3780
f 3877 3880 3781
f 3880 3879 3882
f 3882 3881 3783
f 3783 3605 3606
f 3606 3547 3551
f 3551 3450 3452
f 3452 3350 3453
f 3453 3449 3548
f 3548 3447 3546
f 3546 3544 3602
f 3544 3600 3602
f 3600 3598 3775
f 3600 3776 3778
f 3778 3876 3780
f 3780 3877 3781
f 3781 3880 3882
f 3882 3783 3784
f 3783 3606 3784
f 3606 3551 3607
f 3551 3452 3552
f 3452 3453 3552
f 3453 3548 3552
f 3546 3447 3451
f 3546 3602 3603
f 3602 3600 3778
f 3778 3780 3603
f 3780 3781 3604
f 3781 3882 3784
f 3784 3606 3607
f 3607 3551 3552
f 3546 3451 3548
f 3546 3603 3604
f 3603 3602 3778
f 3603 3780 3604
f 3604 3781 3784
f 3784 3607 3604
f 3607 3552 3550
f 3546 3604 3550
f 3604 3607 3550
f 6918 7039 7040
f 6918 7040 6861
f 7040 7039 7169
f 6918 7040 6794
f 7040 7039 7167
f 7039 6918 6983
f 6918 6861 6722
f 6861 7040 7042
f 7040 7169 7042
f 7169 7039 7241
f 6918 6794 6859
f 6794 7040 6861
f 7040 7167 7042
f 7167 7039 7308
f 7039 6983 7238
f 6983 6918 6859
f 6918 6722 6859
f 6722 6861 6864
f 6861 7042 6864
f 7042 7169 7173
f 7169 7241 7173
f 7241 7039 7238
f 6859 6794 6797
f 6794 6861 6728
f 7042 7167 7173
f 7167 7308 7173
f 7308 7039 7238
f 7238 6983 7107
f 6983 6859 6926
f 6859 6722 6797
f 6722 6864 6728
f 6861 6864 6728
f 6864 7042 7111
f 7042 7173 7111
f 7173 7241 7311
f 7241 7238 7382
f 6859 6797 6926
f 6797 6794 6728
f 7173 7308 7311
f 7308 7238 7382
f 7238 7107 7309
f 7238 7107 7383
f 7107 6983 6926
f 6797 6722 6728
f 6728 6864 6732
f 6864 7111 6988
f 7111 7173 7247
f 7173 7311 7247
f 7311 7241 7382
f 7382 7238 7309
f 7382 7238 7383
f 6926 6797 6802
f 6797 6728 6802
f 7311 7308 7382
f 7309 7107 7174
f 7383 7107 7174
f 7107 6926 7174
f 6728 6732 6733
f 6732 6864 6988
f 6864 6988 6736
f 6988 7111 7316
f 7111 6864 7110
f 7111 7247 7316
f 7247 7311 7390
f 7311 7382 7445
f 7382 7309 7445
f 7382 7383 7445
f 6926 6802 6985
f 6802 6728 6733
f 7309 7174 7387
f 7383 7174 7387
f 7174 6926 6985
f 6733 6732 6596
f 6732 6988 6811
f 6864 6736 6730
f 6736 6988 6811
f 6988 7316 7056
f 7111 7110 7247
f 7110 6864 7108
f 7316 7247 7390
f 7390 7311 7445
f 7445 7309 7387
f 7445 7383 7387
f 6985 6802 6935
f 6802 6733 6659
f 7387 7174 7449
f 7174 6985 7176
f 6733 6596 6659
f 6596 6732 6811
f 6811 6988 7056
f 6864 6730 6723
f 6730 6736 6737
f 6736 6811 6596
f 7056 7316 7258
f 7247 7110 7171
f 7110 7108 7171
f 7108 6864 6860
f 7316 7390 7393
f 7316 7390 7452
f 7390 7247 7171
f 7390 7445 7448
f 7445 7387 7449
f 6985 6935 7176
f 6935 6802 6659
f 7449 7174 7176
f 6659 6596 6662
f 6596 6811 6743
f 6811 7056 6873
f 6864 6723 6860
f 6723 6730 6799
f 6730 6737 6802
f 6737 6736 6596
f 7056 7258 7062
f 7056 7258 7063
f 7258 7316 7393
f 7258 7316 7452
f 7171 7108 7168
f 7108 6860 6921
f 7393 7390 7448
f 7452 7390 7448
f 7390 7171 7384
f 7448 7445 7449
f 7176 6935 7118
f 6935 6659 6812
f 7449 7176 7397
f 6659 6662 6812
f 6662 6596 6743
f 6743 6811 6873
f 6873 7056 7062
f 6873 7056 7063
f 6860 6723 6921
f 6723 6799 6859
f 6799 6730 6802
f 6802 6737 6740
f 6737 6596 6740
f 7062 7258 7263
f 7063 7258 7263
f 7258 7393 7401
f 7258 7452 7401
f 7171 7168 7308
f 7168 7108 6921
f 7393 7448 7455
f 7448 7390 7444
f 7452 7448 7455
f 7390 7384 7444
f 7384 7171 7308
f 7448 7449 7455
f 7176 7118 7397
f 7118 6935 6812
f 7449 7397 7455
f 6812 6662 6815
f 6662 6743 6815
f 6662 6743 6814
f 6596 6662 6740
f 6743 6873 6874
f 6873 7062 6874
f 6873 7063 6874
f 6921 6723 6859
f 6859 6799 6924
f 6799 6802 6924
f 6802 6740 6935
f 7062 7263 7057
f 7263 7258 7401
f 7063 7263 7057
f 7401 7393 7455
f 7401 7452 7455
f 7308 7168 7105
f 7168 6921 7105
f 7448 7444 7449
f 7444 7384 7442
f 7384 7308 7442
f 7397 7118 7122
f 7118 7176 6936
f 7176 7397 7450
f 7397 7118 7122
f 7118 6812 6992
f 6812 6935 6740
f 6935 7118 7177
f 7455 7397 7328
f 7455 7397 7403
f 7397 7449 7177
f 6812 6815 6992
f 6815 6743 6874
f 6662 6814 6871
f 6814 6743 6874
f 6740 6662 6871
f 6874 7062 7057
f 6874 7063 7057
f 6921 6859 6980
f 6859 6924 6980
f 6924 6802 6985
f 6802 6935 6985
f 7057 7263 7260
f 7263 7401 7402
f 7401 7258 7402
f 7258 7263 7402
f 7401 7455 7328
f 7401 7455 7403
f 7308 7105 7238
f 7105 6921 6980
f 7449 7444 7387
f 7444 7442 7383
f 7442 7308 7238
f 7397 7122 7328
f 7397 7122 7403
f 7122 7118 6992
f 7118 6936 6871
f 6936 7176 6985
f 7176 7450 7174
f 7450 7397 7455
f 7122 7118 6992
f 6935 7177 6985
f 7177 7449 7174
f 6992 6815 7057
f 6815 6874 7057
f 6871 6814 6992
f 6814 6874 7057
f 6980 6924 7170
f 6924 6985 7174
f 7057 7260 6992
f 7260 7263 7402
f 7402 7401 7328
f 7238 7105 7239
f 7105 6980 7239
f 7449 7387 7174
f 7387 7444 7383
f 7383 7442 7239
f 7442 7238 7239
f 7328 7122 7402
f 7403 7122 7402
f 7122 6992 7260
f 7122 6992 7264
f 6992 7118 6871
f 6871 6936 6740
f 6936 6985 6866
f 6985 7176 7174
f 7174 7450 7387
f 7450 7455 7447
f 6985 7177 7174
f 6992 6814 7057
f 6980 7170 7239
f 7170 6924 7174
f 7260 7402 7122
f 7174 7387 7383
f 7383 7239 7170
f 7122 7328 7264
f 7403 7402 7455
f 7402 7122 7264
f 7264 6992 7057
f 6740 6936 6866
f 6866 6985 6924
f 7387 7450 7445
f 7450 7447 7445
f 7447 7455 7452
f 7170 7174 7383
f 7455 7402 7452
f 7402 7264 7263
f 7264 7057 7263
f 6866 6924 6798
f 7445 7447 7390
f 7447 7452 7390
f 7452 7402 7263
f 7263 7057 7056
f 6866 6798 6730
f 6798 6924 6859
f 7445 7390 7384
f 7056 7057 6873
f 6866 6730 6733
f 6730 6798 6723
f 6798 6859 6723
f 7445 7384 7442
f 7384 7390 7243
f 6866 6733 6740
f 6733 6730 6803
f 6730 6723 6863
f 6723 6859 6921
f 7442 7384 7308
f 7384 7243 7308
f 7243 7390 7247
f 6740 6733 6596
f 6733 6803 6596
f 6803 6730 6863
f 6863 6723 6921
f 7308 7243 7168
f 7243 7247 7110
f 6596 6803 6811
f 6803 6863 7110
f 6863 6921 7168
f 7168 7243 7109
f 7243 7110 7109
f 6811 6803 6988
f 6803 7110 6988
f 7110 6863 7109
f 6863 7168 7109
f 3094 3002 3001
f 3094 3095 3002

