# https://github.com/mikedh/trimesh
v -0.28710938 0.35742188 0.34570312
v -0.28710938 0.36523438 0.33007812
v -0.28320312 0.36523438 0.35351562
v -0.28320312 0.36914062 0.34960938
v -0.28320312 0.37304688 0.33789062
v -0.27929688 0.34960938 0.34960938
v -0.27929688 0.35351562 0.35351562
v -0.27148438 0.31835938 0.31835938
v -0.27148438 0.32617188 0.30664062
v -0.25195312 0.31835938 0.31445312
v -0.25195312 0.34570312 0.34570312
v -0.24804688 0.33789062 0.29492188
v -0.23632812 0.27539062 0.29101562
v -0.23632812 0.28320312 0.27539062
v -0.23242188 0.32226562 0.31445312
v -0.22851562 -0.15429688 0.23242188
v -0.22851562 -0.15429688 0.23632812
v -0.22851562 -0.15429688 0.24414062
v -0.22851562 -0.15429688 0.24804688
v -0.22851562 0.34960938 0.29492188
v -0.22851562 0.34960938 0.34960938
v -0.22460938 -0.16210938 0.22851562
v -0.22460938 -0.15820312 0.25195312
v -0.22460938 -0.13867188 0.25195312
v -0.22460938 -0.13476562 0.24414062
v -0.22070312 -0.16601562 0.23632812
v -0.22070312 -0.16601562 0.24023438
v -0.22070312 -0.16601562 0.25585938
v -0.22070312 -0.14257812 0.25976562
v -0.22070312 -0.13867188 0.22851562
v -0.22070312 -0.13867188 0.23242188
v -0.22070312 0.28710938 0.29882812
v -0.22070312 0.32617188 0.31835938
v -0.21679688 -0.16601562 0.24414062
v -0.21289062 -0.16601562 0.25195312
v -0.21289062 -0.16210938 0.22851562
v -0.21289062 -0.14257812 0.22070312
v -0.21289062 0.35742188 0.29882812
v -0.20898438 -0.16992188 0.24023438
v -0.20898438 -0.16992188 0.24804688
v -0.20898438 -0.16601562 0.22851562
v -0.20898438 -0.16601562 0.23632812
v -0.20898438 -0.15039062 0.25976562
v -0.20898438 -0.10742188 0.22851562
v -0.20898438 -0.10742188 0.25585938
v -0.20898438 -0.10351562 0.24023438
v -0.20898438 -0.09960938 0.25585938
v -0.20898438 -0.09570312 0.24023438
v -0.20898438 0.30664062 0.25976562
v -0.20507812 -0.15429688 0.25585938
v -0.20507812 -0.14648438 0.22070312
v -0.20507812 -0.11523438 0.26367188
v -0.20507812 -0.10742188 0.27148438
v -0.20117188 -0.10742188 0.22070312
v -0.20117188 -0.09179688 0.22851562
v -0.20117188 0.13867188 0.30273438
v -0.20117188 0.15429688 0.30273438
v -0.20117188 0.29882812 0.29882812
v -0.20117188 0.35742188 0.30664062
v -0.19726562 -0.15820312 0.24804688
v -0.19726562 -0.15429688 0.22070312
v -0.19726562 -0.12304688 0.27148438
v -0.19335938 -0.15820312 0.22851562
v -0.19335938 -0.15820312 0.24023438
v -0.19335938 -0.11914062 0.27539062
v -0.19335938 -0.11523438 0.21289062
v -0.19335938 -0.09570312 0.21679688
v -0.19335938 0.24023438 0.27539062
v -0.18945312 -0.12695312 0.25976562
v -0.18945312 -0.11914062 0.21289062
v -0.18945312 -0.10351562 0.20898438
v -0.18945312 -0.05664062 0.22070312
v -0.18945312 -0.05664062 0.23242188
v -0.18945312 -0.05664062 0.24804688
v -0.18945312 0.13476562 0.30664062
v -0.18945312 0.16992188 0.29882812
v -0.18945312 0.16992188 0.31445312
v -0.18945312 0.23632812 0.25585938
v -0.18945312 0.32226562 0.25976562
v -0.18945312 0.33789062 0.33789062
v -0.18945312 0.35742188 0.34179688
v -0.18554688 -0.12304688 0.26367188
v -0.18164062 -0.13085938 0.25195312
v -0.18164062 -0.12695312 0.21679688
v -0.18164062 -0.06445312 0.20898438
v -0.18164062 -0.02148438 0.22851562
v -0.18164062 0.14648438 0.29492188
v -0.18164062 0.20117188 0.30273438
v -0.18164062 0.21679688 0.32226562
v -0.18164062 0.28320312 0.27929688
v -0.18164062 0.31054688 0.30273438
v -0.17773438 -0.13085938 0.22851562
v -0.17773438 -0.11523438 0.20507812
v -0.17773438 -0.06054688 0.25976562
v -0.17773438 -0.02539062 0.21289062
v -0.17773438 -0.01757812 0.22070312
v -0.17773438 0.13476562 0.29882812
v -0.17773438 0.19335938 0.33007812
v -0.17773438 0.22070312 0.29101562
v -0.17773438 0.25976562 0.23632812
v -0.17773438 0.34960938 0.33007812
v -0.17382812 -0.13476562 0.24023438
v -0.17382812 -0.12695312 0.25195312
v -0.17382812 0.15820312 0.32226562
v -0.17382812 0.19335938 0.27539062
v -0.17382812 0.22851562 0.30273438
v -0.17382812 0.25585938 0.27929688
v -0.16992188 -0.13085938 0.24023438
v -0.16992188 -0.12695312 0.22851562
v -0.16992188 -0.12304688 0.21289062
v -0.16992188 -0.07226562 0.19726562
v -0.16992188 -0.06835938 0.27148438
v -0.16992188 0.21679688 0.27148438
v -0.16992188 0.23632812 0.34179688
v -0.16992188 0.33398438 0.27148438
v -0.16992188 0.35351562 0.31445312
v -0.16601562 -0.03320312 0.19726562
v -0.16601562 -0.00195312 0.20507812
v -0.16601562 0.00195312 0.24023438
v -0.16601562 0.00976562 0.22070312
v -0.16601562 0.13867188 0.31445312
v -0.16601562 0.20898438 0.34179688
v -0.16601562 0.24023438 0.31835938
v -0.16601562 0.34960938 0.32617188
v -0.16210938 0.15820312 0.28710938
v -0.16210938 0.25976562 0.36132812
v -0.16210938 0.34570312 0.33398438
v -0.15820312 -0.31054688 0.21679688
v -0.15820312 -0.09960938 0.34570312
v -0.15820312 -0.08789062 0.34570312
v -0.15820312 -0.08007812 0.19726562
v -0.15820312 -0.08007812 0.27148438
v -0.15820312 0.14257812 0.27539062
v -0.15820312 0.17382812 0.33789062
v -0.15820312 0.27148438 0.33398438
v -0.15429688 -0.31445312 0.18945312
v -0.15429688 -0.31445312 0.23242188
v -0.15429688 -0.30664062 0.23242188
v -0.15429688 -0.30273438 0.21289062
v -0.15429688 -0.04492188 0.18554688
v -0.15429688 -0.01367188 0.18945312
v -0.15429688 -0.00195312 0.25585938
v -0.15429688 0.12695312 0.24414062
v -0.15429688 0.13867188 0.30664062
v -0.15429688 0.14648438 0.24023438
v -0.15429688 0.15039062 0.32226562
v -0.15429688 0.20898438 0.24804688
v -0.15429688 0.22460938 0.25195312
v -0.15429688 0.24023438 0.28710938
v -0.15429688 0.26757812 0.29101562
v -0.15429688 0.29101562 0.29101562
v -0.15039062 -0.32226562 0.18945312
v -0.15039062 -0.32226562 0.23242188
v -0.15039062 -0.31835938 0.21289062
v -0.15039062 -0.30664062 0.18945312
v -0.15039062 -0.11914062 0.34960938
v -0.15039062 -0.10351562 0.33398438
v -0.15039062 -0.10351562 0.36132812
v -0.15039062 -0.09960938 0.23632812
v -0.15039062 -0.09179688 0.20117188
v -0.15039062 -0.09179688 0.25585938
v -0.15039062 -0.08789062 0.36132812
v -0.15039062 -0.07617188 0.34570312
v -0.15039062 0.02148438 0.20507812
v -0.15039062 0.02929688 0.22460938
v -0.15039062 0.02929688 0.23632812
v -0.15039062 0.21679688 0.36132812
v -0.15039062 0.27539062 0.22851562
v -0.15039062 0.31835938 0.32226562
v -0.15039062 0.34179688 0.27929688
v -0.14648438 -0.45117188 0.22070312
v -0.14648438 -0.45117188 0.24414062
v -0.14648438 -0.44726562 0.22851562
v -0.14648438 -0.44726562 0.23242188
v -0.14648438 -0.44335938 0.23632812
v -0.14648438 -0.43945312 0.25976562
v -0.14648438 -0.43945312 0.27539062
v -0.14648438 -0.43554688 0.22070312
v -0.14648438 -0.43554688 0.22460938
v -0.14648438 -0.43164062 0.23242188
v -0.14648438 -0.43164062 0.24023438
v -0.14648438 -0.42773438 0.32226562
v -0.14648438 -0.41992188 0.25195312
v -0.14648438 -0.41992188 0.26367188
v -0.14648438 -0.41992188 0.27539062
v -0.14648438 -0.40820312 0.32226562
v -0.14648438 -0.39648438 0.22070312
v -0.14648438 -0.39648438 0.22851562
v -0.14648438 -0.39648438 0.24023438
v -0.14648438 -0.39648438 0.25585938
v -0.14648438 -0.31835938 0.16601562
v -0.14648438 -0.31445312 0.25195312
v -0.14648438 -0.30664062 0.25195312
v -0.14648438 -0.29492188 0.18945312
v -0.14648438 -0.29492188 0.23242188
v -0.14648438 -0.29101562 0.21289062
v -0.14648438 -0.09960938 0.22070312
v -0.14648438 -0.09179688 0.33398438
v -0.14648438 0.00585938 0.18945312
v -0.14648438 0.12695312 0.25585938
v -0.14648438 0.13867188 0.28320312
v -0.14648438 0.25976562 0.31054688
v -0.14648438 0.29101562 0.35351562
v -0.14257812 -0.45507812 0.21289062
v -0.14257812 -0.45507812 0.22070312
v -0.14257812 -0.45507812 0.22851562
v -0.14257812 -0.45507812 0.23242188
v -0.14257812 -0.45117188 0.21679688
v -0.14257812 -0.45117188 0.23632812
v -0.14257812 -0.45117188 0.25976562
v -0.14257812 -0.43945312 0.21289062
v -0.14257812 -0.43554688 0.29492188
v -0.14257812 -0.43554688 0.31835938
v -0.14257812 -0.41992188 0.29101562
v -0.14257812 -0.41210938 0.31445312
v -0.14257812 -0.40820312 0.31445312
v -0.14257812 -0.39648438 0.20898438
v -0.14257812 -0.39257812 0.26367188
v -0.14257812 -0.39257812 0.31445312
v -0.14257812 -0.36132812 0.20898438
v -0.14257812 -0.35742188 0.22460938
v -0.14257812 -0.35742188 0.24414062
v -0.14257812 -0.32617188 0.18945312
v -0.14257812 -0.32226562 0.16210938
v -0.14257812 -0.32226562 0.21289062
v -0.14257812 -0.31054688 0.16601562
v -0.14257812 -0.11914062 0.34179688
v -0.14257812 -0.08007812 0.35742188
v -0.14257812 -0.07226562 0.34179688
v -0.14257812 -0.05664062 0.18945312
v -0.14257812 -0.02929688 0.18554688
v -0.14257812 -0.00976562 0.18164062
v -0.14257812 -0.00976562 0.25976562
v -0.14257812 0.12695312 0.31054688
v -0.14257812 0.17773438 0.24414062
v -0.14257812 0.27539062 0.32617188
v -0.14257812 0.33789062 0.28320312
v -0.13867188 -0.45898438 0.21289062
v -0.13867188 -0.45507812 0.21679688
v -0.13867188 -0.44726562 0.27929688
v -0.13867188 -0.43945312 0.20507812
v -0.13867188 -0.43554688 0.30664062
v -0.13867188 -0.43164062 0.33398438
v -0.13867188 -0.42773438 0.30273438
v -0.13867188 -0.40429688 0.29492188
v -0.13867188 -0.39648438 0.32617188
v -0.13867188 -0.39257812 0.27539062
v -0.13867188 -0.39257812 0.30273438
v -0.13867188 -0.36914062 0.25976562
v -0.13867188 -0.36132812 0.18945312
v -0.13867188 -0.32226562 0.22851562
v -0.13867188 -0.32226562 0.24804688
v -0.13867188 -0.31835938 0.15039062
v -0.13867188 -0.31445312 0.25585938
v -0.13867188 -0.31054688 0.15429688
v -0.13867188 -0.30664062 0.25585938
v -0.13867188 -0.30273438 0.16601562
v -0.13867188 -0.29492188 0.24804688
v -0.13867188 -0.28710938 0.22851562
v -0.13867188 -0.28320312 0.20898438
v -0.13867188 -0.22460938 0.19726562
v -0.13867188 -0.22070312 0.21679688
v -0.13867188 -0.19726562 0.19726562
v -0.13867188 -0.18945312 0.21289062
v -0.13867188 -0.08007812 0.33398438
v -0.13867188 -0.07226562 0.35351562
v -0.13867188 0.01367188 -0.32226562
v -0.13867188 0.01757812 -0.34960938
v -0.13867188 0.02929688 0.20507812
v -0.13867188 0.03710938 0.22070312
v -0.13867188 0.04101562 -0.34179688
v -0.13867188 0.13867188 0.20898438
v -0.13867188 0.17382812 0.35351562
v -0.13867188 0.25585938 0.38476562
v -0.13476562 -0.45507812 0.19726562
v -0.13476562 -0.44726562 0.29882812
v -0.13476562 -0.44335938 0.31054688
v -0.13476562 -0.43554688 0.31445312
v -0.13476562 -0.41210938 0.32226562
v -0.13476562 -0.40820312 0.33007812
v -0.13476562 -0.40820312 0.33398438
v -0.13476562 -0.40429688 0.30664062
v -0.13476562 -0.39648438 0.33789062
v -0.13476562 -0.39257812 0.28320312
v -0.13476562 -0.39257812 0.29101562
v -0.13476562 -0.36914062 0.26367188
v -0.13476562 -0.35742188 0.25195312
v -0.13476562 -0.32617188 0.16210938
v -0.13476562 -0.32226562 0.15039062
v -0.13476562 -0.31835938 0.25195312
v -0.13476562 -0.30664062 0.25585938
v -0.13476562 -0.30273438 0.15429688
v -0.13476562 -0.29492188 0.25195312
v -0.13476562 -0.28710938 0.18554688
v -0.13476562 -0.28710938 0.24414062
v -0.13476562 -0.21679688 0.23242188
v -0.13476562 -0.18554688 0.23242188
v -0.13476562 -0.11523438 0.33398438
v -0.13476562 -0.09960938 0.33007812
v -0.13476562 -0.09179688 0.33007812
v -0.13476562 -0.06445312 0.34179688
v -0.13476562 -0.05273438 0.34179688
v -0.13476562 -0.05273438 0.34570312
v -0.13476562 -0.03710938 0.18945312
v -0.13476562 -0.02929688 0.25976562
v -0.13476562 -0.01757812 0.32617188
v -0.13476562 0.00976562 -0.29492188
v -0.13476562 0.01757812 -0.38085938
v -0.13476562 0.01757812 0.18945312
v -0.13476562 0.02148438 -0.30664062
v -0.13476562 0.02539062 0.25585938
v -0.13476562 0.02539062 0.32617188
v -0.13476562 0.02929688 -0.32226562
v -0.13476562 0.02929688 0.32226562
v -0.13476562 0.03710938 -0.37304688
v -0.13476562 0.03710938 -0.32226562
v -0.13476562 0.04101562 -0.29882812
v -0.13476562 0.04882812 -0.27539062
v -0.13476562 0.05273438 -0.33789062
v -0.13476562 0.05273438 -0.26367188
v -0.13476562 0.05664062 -0.31835938
v -0.13476562 0.06054688 -0.30273438
v -0.13476562 0.06054688 -0.28320312
v -0.13476562 0.06054688 0.32226562
v -0.13476562 0.06445312 0.31835938
v -0.13476562 0.09960938 0.31054688
v -0.13476562 0.09960938 0.31445312
v -0.13476562 0.12304688 0.20898438
v -0.13476562 0.12695312 0.31445312
v -0.13476562 0.14648438 0.32617188
v -0.13476562 0.27929688 0.29882812
v -0.13476562 0.29101562 0.29882812
v -0.13476562 0.29101562 0.34570312
v -0.13476562 0.29101562 0.38867188
v -0.13476562 0.34179688 0.31445312
v -0.13476562 0.34570312 0.30273438
v -0.13085938 -0.45898438 0.18945312
v -0.13085938 -0.45898438 0.20898438
v -0.13085938 -0.45507812 0.21679688
v -0.13085938 -0.45507812 0.22070312
v -0.13085938 -0.45507812 0.22851562
v -0.13085938 -0.45117188 0.23632812
v -0.13085938 -0.45117188 0.24023438
v -0.13085938 -0.44726562 0.31835938
v -0.13085938 -0.44335938 0.33007812
v -0.13085938 -0.43945312 0.32226562
v -0.13085938 -0.41210938 0.33789062
v -0.13085938 -0.41210938 0.34960938
v -0.13085938 -0.40820312 0.32226562
v -0.13085938 -0.40820312 0.32617188
v -0.13085938 -0.40820312 0.34179688
v -0.13085938 -0.40429688 0.31835938
v -0.13085938 -0.40039062 0.16992188
v -0.13085938 -0.40039062 0.34960938
v -0.13085938 -0.38867188 0.32617188
v -0.13085938 -0.38867188 0.33789062
v -0.13085938 -0.38476562 0.31835938
v -0.13085938 -0.38085938 0.30273438
v -0.13085938 -0.37695312 0.28320312
v -0.13085938 -0.37695312 0.29492188
v -0.13085938 -0.37304688 0.27539062
v -0.13085938 -0.36523438 0.16992188
v -0.13085938 -0.33007812 0.16601562
v -0.13085938 -0.33007812 0.18945312
v -0.13085938 -0.32617188 0.15039062
v -0.13085938 -0.32617188 0.20898438
v -0.13085938 -0.32617188 0.22460938
v -0.13085938 -0.32226562 0.13867188
v -0.13085938 -0.32226562 0.23632812
v -0.13085938 -0.32226562 0.24023438
v -0.13085938 -0.32226562 0.24414062
v -0.13085938 -0.31835938 0.13867188
v -0.13085938 -0.31835938 0.25195312
v -0.13085938 -0.31445312 0.25195312
v -0.13085938 -0.30664062 0.14257812
v -0.13085938 -0.29492188 0.14648438
v -0.13085938 -0.29492188 0.25195312
v -0.13085938 -0.28710938 0.16601562
v -0.13085938 -0.28710938 0.24804688
v -0.13085938 -0.28320312 0.20507812
v -0.13085938 -0.28320312 0.22460938
v -0.13085938 -0.28320312 0.23632812
v -0.13085938 -0.25976562 0.20117188
v -0.13085938 -0.25585938 0.21679688
v -0.13085938 -0.22851562 0.17773438
v -0.13085938 -0.21289062 0.24414062
v -0.13085938 -0.20117188 0.17382812
v -0.13085938 -0.18554688 0.24414062
v -0.13085938 -0.17382812 0.18945312
v -0.13085938 -0.16992188 0.20898438
v -0.13085938 -0.16210938 0.22851562
v -0.13085938 -0.12304688 0.34570312
v -0.13085938 -0.11914062 0.36914062
v -0.13085938 -0.09960938 0.38085938
v -0.13085938 -0.08789062 0.37304688
v -0.13085938 -0.08007812 0.36914062
v -0.13085938 -0.06445312 0.20117188
v -0.13085938 -0.05664062 0.25585938
v -0.13085938 -0.05664062 0.34960938
v -0.13085938 -0.02539062 -0.41601562
v -0.13085938 -0.02539062 -0.38476562
v -0.13085938 -0.01367188 -0.35351562
v -0.13085938 0.00976562 -0.26757812
v -0.13085938 0.00976562 0.18554688
v -0.13085938 0.04101562 0.21289062
v -0.13085938 0.04882812 -0.28320312
v -0.13085938 0.04882812 0.23632812
v -0.13085938 0.05664062 -0.36132812
v -0.13085938 0.05664062 -0.25195312
v -0.13085938 0.06445312 -0.33398438
v -0.13085938 0.06835938 -0.31445312
v -0.13085938 0.07226562 -0.29882812
v -0.13085938 0.12304688 0.30273438
v -0.13085938 0.12695312 0.26367188
v -0.13085938 0.13476562 0.29101562
v -0.13085938 0.24023438 0.22851562
v -0.13085938 0.28710938 0.23632812
v -0.13085938 0.30273438 0.37695312
v -0.13085938 0.33789062 0.32617188
v -0.12695312 -0.45507812 0.16992188
v -0.12695312 -0.45117188 0.24414062
v -0.12695312 -0.45117188 0.31445312
v -0.12695312 -0.44726562 0.32617188
v -0.12695312 -0.43945312 0.16992188
v -0.12695312 -0.43945312 0.33007812
v -0.12695312 -0.41601562 0.33007812
v -0.12695312 -0.41601562 0.33789062
v -0.12695312 -0.41210938 0.34179688
v -0.12695312 -0.41210938 0.35351562
v -0.12695312 -0.40039062 0.35351562
v -0.12695312 -0.38867188 0.34960938
v -0.12695312 -0.33398438 0.25585938
v -0.12695312 -0.32226562 0.24023438
v -0.12695312 -0.31835938 0.12695312
v -0.12695312 -0.31445312 0.25976562
v -0.12695312 -0.30664062 0.13085938
v -0.12695312 -0.30664062 0.25976562
v -0.12695312 -0.28710938 0.15820312
v -0.12695312 -0.28710938 0.24804688
v -0.12695312 -0.28320312 0.18554688
v -0.12695312 -0.28320312 0.24023438
v -0.12695312 -0.27929688 0.20507812
v -0.12695312 -0.25976562 0.18164062
v -0.12695312 -0.25585938 0.23242188
v -0.12695312 -0.23242188 0.16601562
v -0.12695312 -0.17382812 0.17382812
v -0.12695312 -0.08007812 0.22070312
v -0.12695312 -0.07226562 0.24023438
v -0.12695312 -0.07226562 0.36132812
v -0.12695312 -0.04101562 -0.41601562
v -0.12695312 -0.04101562 0.33007812
v -0.12695312 -0.01757812 0.33007812
v -0.12695312 -0.01367188 0.18164062
v -0.12695312 -0.00976562 -0.32226562
v -0.12695312 -0.00585938 -0.29492188
v -0.12695312 -0.00585938 -0.26757812
v -0.12695312 -0.00195312 0.32226562
v -0.12695312 0.01757812 -0.29101562
v -0.12695312 0.02148438 0.32617188
v -0.12695312 0.02929688 -0.41210938
v -0.12695312 0.03320312 0.31835938
v -0.12695312 0.04101562 -0.29882812
v -0.12695312 0.04882812 -0.21289062
v -0.12695312 0.05273438 -0.22460938
v -0.12695312 0.05664062 -0.23632812
v -0.12695312 0.05664062 0.32226562
v -0.12695312 0.07226562 0.31054688
v -0.12695312 0.10351562 0.30273438
v -0.12695312 0.11523438 0.31445312
v -0.12695312 0.12304688 0.21679688
v -0.12695312 0.16601562 0.21679688
v -0.12695312 0.21289062 0.38085938
v -0.12695312 0.22460938 0.39648438
v -0.12695312 0.30273438 0.31835938
v -0.12304688 -0.46289062 0.16992188
v -0.12304688 -0.45898438 0.20898438
v -0.12304688 -0.45507812 0.21679688
v -0.12304688 -0.45507812 0.22070312
v -0.12304688 -0.45507812 0.22851562
v -0.12304688 -0.45117188 0.23632812
v -0.12304688 -0.45117188 0.32226562
v -0.12304688 -0.44726562 0.33398438
v -0.12304688 -0.43164062 0.33789062
v -0.12304688 -0.42382812 0.33398438
v -0.12304688 -0.40429688 0.35351562
v -0.12304688 -0.40039062 0.15820312
v -0.12304688 -0.39257812 0.35351562
v -0.12304688 -0.38867188 0.32617188
v -0.12304688 -0.38476562 0.31835938
v -0.12304688 -0.37695312 0.30664062
v -0.12304688 -0.37304688 0.28320312
v -0.12304688 -0.37304688 0.29492188
v -0.12304688 -0.36914062 0.15820312
v -0.12304688 -0.36914062 0.26367188
v -0.12304688 -0.36914062 0.27539062
v -0.12304688 -0.33007812 0.15820312
v -0.12304688 -0.32617188 0.14257812
v -0.12304688 -0.32226562 0.12695312
v -0.12304688 -0.31835938 0.25585938
v -0.12304688 -0.30273438 0.25976562
v -0.12304688 -0.29492188 0.13476562
v -0.12304688 -0.28710938 0.15039062
v -0.12304688 -0.28320312 0.16992188
v -0.12304688 -0.28320312 0.24023438
v -0.12304688 -0.27929688 0.18164062
v -0.12304688 -0.27929688 0.22070312
v -0.12304688 -0.27929688 0.23242188
v -0.12304688 -0.25976562 0.16992188
v -0.12304688 -0.21289062 0.25585938
v -0.12304688 -0.20117188 0.16210938
v -0.12304688 -0.15820312 0.24023438
v -0.12304688 -0.05664062 0.34179688
v -0.12304688 -0.04101562 -0.38476562
v -0.12304688 -0.02148438 0.33007812
v -0.12304688 -0.00976562 -0.19335938
v -0.12304688 -0.00585938 -0.20898438
v -0.12304688 0.00585938 0.26367188
v -0.12304688 0.01757812 -0.26367188
v -0.12304688 0.02929688 -0.29492188
v -0.12304688 0.03320312 -0.16601562
v -0.12304688 0.03320312 0.20117188
v -0.12304688 0.03710938 -0.31445312
v -0.12304688 0.03710938 -0.30273438
v -0.12304688 0.03710938 -0.17382812
v -0.12304688 0.04492188 -0.39648438
v -0.12304688 0.04492188 -0.19726562
v -0.12304688 0.04492188 0.25976562
v -0.12304688 0.04882812 -0.28710938
v -0.12304688 0.05273438 -0.26367188
v -0.12304688 0.07226562 -0.29101562
v -0.12304688 0.08007812 -0.28320312
v -0.12304688 0.08398438 -0.29882812
v -0.12304688 0.09179688 0.31445312
v -0.12304688 0.11132812 0.31054688
v -0.12304688 0.12304688 0.29101562
v -0.12304688 0.14648438 0.32617188
v -0.12304688 0.28320312 0.31835938
v -0.12304688 0.33398438 0.29492188
v -0.11914062 -0.45507812 0.15820312
v -0.11914062 -0.43945312 0.15820312
v -0.11914062 -0.39257812 0.35351562
v -0.11914062 -0.35742188 0.26367188
v -0.11914062 -0.32226562 0.25195312
v -0.11914062 -0.29101562 0.25195312
v -0.11914062 -0.28320312 0.16210938
v -0.11914062 -0.27929688 0.16992188
v -0.11914062 -0.27929688 0.23632812
v -0.11914062 -0.25585938 0.24414062
v -0.11914062 -0.23242188 0.15820312
v -0.11914062 -0.18554688 0.25585938
v -0.11914062 -0.17382812 0.16601562
v -0.11914062 -0.15429688 0.18945312
v -0.11914062 -0.15039062 0.20507812
v -0.11914062 -0.14257812 0.22070312
v -0.11914062 -0.13867188 0.18554688
v -0.11914062 -0.13476562 0.20507812
v -0.11914062 -0.12695312 -0.09570312
v -0.11914062 -0.10351562 0.20117188
v -0.11914062 -0.09570312 -0.16601562
v -0.11914062 -0.09570312 -0.16210938
v -0.11914062 -0.08398438 0.19726562
v -0.11914062 -0.07617188 0.33398438
v -0.11914062 -0.05664062 0.34570312
v -0.11914062 -0.04101562 -0.43554688
v -0.11914062 -0.04101562 0.20117188
v -0.11914062 -0.02929688 -0.15039062
v -0.11914062 -0.02929688 0.32617188
v -0.11914062 -0.02539062 -0.43554688
v -0.11914062 -0.00976562 -0.20117188
v -0.11914062 -0.00585938 -0.22460938
v -0.11914062 0.00585938 -0.22070312
v -0.11914062 0.00976562 0.32226562
v -0.11914062 0.01757812 0.32617188
v -0.11914062 0.02539062 0.18554688
v -0.11914062 0.02929688 -0.26757812
v -0.11914062 0.02929688 -0.16210938
v -0.11914062 0.03320312 -0.16601562
v -0.11914062 0.04882812 -0.29492188
v -0.11914062 0.04882812 0.21679688
v -0.11914062 0.05273438 -0.25195312
v -0.11914062 0.05664062 0.32226562
v -0.11914062 0.07226562 -0.37695312
v -0.11914062 0.08789062 0.31445312
v -0.11914062 0.12695312 0.20117188
v -0.11914062 0.15429688 0.35351562
v -0.11914062 0.18554688 0.37695312
v -0.11914062 0.21679688 0.39257812
v -0.11914062 0.29882812 0.24804688
v -0.11914062 0.30273438 0.36523438
v -0.11914062 0.30664062 0.32617188
v -0.11914062 0.33398438 0.31054688
v -0.11523438 -0.46289062 0.16210938
v -0.11523438 -0.45898438 0.21289062
v -0.11523438 -0.45507812 0.21679688
v -0.11523438 -0.45507812 0.22851562
v -0.11523438 -0.45117188 0.23632812
v -0.11523438 -0.45117188 0.24414062
v -0.11523438 -0.41992188 0.34179688
v -0.11523438 -0.41601562 0.34960938
v -0.11523438 -0.41210938 0.35742188
v -0.11523438 -0.40429688 0.14648438
v -0.11523438 -0.40429688 0.35742188
v -0.11523438 -0.39257812 0.34179688
v -0.11523438 -0.39257812 0.35742188
v -0.11523438 -0.38867188 0.32617188
v -0.11523438 -0.38476562 0.31835938
v -0.11523438 -0.37695312 0.30664062
v -0.11523438 -0.37304688 0.28320312
v -0.11523438 -0.36914062 0.14648438
v -0.11523438 -0.36914062 0.27929688
v -0.11523438 -0.33007812 0.14648438
v -0.11523438 -0.32617188 0.13476562
v -0.11523438 -0.31835938 0.11914062
v -0.11523438 -0.30664062 0.12304688
v -0.11523438 -0.30664062 0.27539062
v -0.11523438 -0.28710938 0.14257812
v -0.11523438 -0.28320312 0.15429688
v -0.11523438 -0.28320312 0.24414062
v -0.11523438 -0.27929688 0.16210938
v -0.11523438 -0.25976562 0.16210938
v -0.11523438 -0.20507812 0.15429688
v -0.11523438 -0.15820312 0.17773438
v -0.11523438 -0.14257812 0.17773438
v -0.11523438 -0.13867188 0.23632812
v -0.11523438 -0.13476562 0.22070312
v -0.11523438 -0.12304688 0.36523438
v -0.11523438 -0.11914062 0.37304688
v -0.11523438 -0.11523438 0.23632812
v -0.11523438 -0.11132812 0.21679688
v -0.11523438 -0.10351562 0.18554688
v -0.11523438 -0.09570312 -0.16992188
v -0.11523438 -0.08789062 0.22070312
v -0.11523438 -0.08398438 -0.12304688
v -0.11523438 -0.07617188 -0.43945312
v -0.11523438 -0.07617188 0.18164062
v -0.11523438 -0.07226562 0.24804688
v -0.11523438 -0.06835938 0.22070312
v -0.11523438 -0.05664062 0.22851562
v -0.11523438 -0.02929688 -0.13085938
v -0.11523438 -0.01367188 -0.13867188
v -0.11523438 0.00585938 0.18554688
v -0.11523438 0.02929688 -0.42773438
v -0.11523438 0.02929688 -0.15429688
v -0.11523438 0.04492188 -0.27929688
v -0.11523438 0.04882812 -0.16601562
v -0.11523438 0.04882812 0.31445312
v -0.11523438 0.05664062 -0.28320312
v -0.11523438 0.06445312 -0.18164062
v -0.11523438 0.06835938 -0.27929688
v -0.11523438 0.07226562 -0.24804688
v -0.11523438 0.08007812 -0.26757812
v -0.11523438 0.08007812 0.30273438
v -0.11523438 0.08789062 -0.34570312
v -0.11523438 0.09570312 0.29882812
v -0.11523438 0.14257812 0.19726562
v -0.11523438 0.14257812 0.31835938
v -0.11523438 0.20898438 0.22070312
v -0.11523438 0.27929688 0.41210938
v -0.11523438 0.29882812 0.33789062
v -0.11523438 0.33007812 0.31835938
v -0.11132812 -0.45507812 0.15039062
v -0.11132812 -0.45507812 0.22070312
v -0.11132812 -0.45117188 0.24804688
v -0.11132812 -0.44726562 0.33789062
v -0.11132812 -0.43945312 0.14648438
v -0.11132812 -0.37304688 0.29492188
v -0.11132812 -0.36523438 0.27148438
v -0.11132812 -0.35351562 0.26367188
v -0.11132812 -0.32226562 0.11914062
v -0.11132812 -0.31445312 0.27148438
v -0.11132812 -0.30273438 0.27148438
v -0.11132812 -0.29492188 0.12695312
v -0.11132812 -0.29101562 0.25976562
v -0.11132812 -0.27929688 0.24023438
v -0.11132812 -0.27539062 0.15429688
v -0.11132812 -0.25976562 0.15820312
v -0.11132812 -0.23632812 0.15429688
v -0.11132812 -0.21679688 0.25976562
v -0.11132812 -0.18164062 0.15429688
v -0.11132812 -0.16210938 0.16601562
v -0.11132812 -0.15039062 0.25195312
v -0.11132812 -0.14257812 0.16601562
v -0.11132812 -0.13867188 0.24414062
v -0.11132812 -0.11523438 0.25195312
v -0.11132812 -0.10351562 0.17773438
v -0.11132812 -0.10351562 0.25585938
v -0.11132812 -0.09960938 -0.16210938
v -0.11132812 -0.09960938 -0.15429688
v -0.11132812 -0.09179688 -0.16210938
v -0.11132812 -0.09179688 -0.14648438
v -0.11132812 -0.09179688 0.24023438
v -0.11132812 -0.08789062 -0.16601562
v -0.11132812 -0.08007812 -0.41210938
v -0.11132812 -0.08007812 0.37304688
v -0.11132812 -0.07226562 0.16992188
v -0.11132812 -0.07226562 0.35742188
v -0.11132812 -0.05664062 0.20117188
v -0.11132812 -0.04492188 0.25195312
v -0.11132812 -0.04101562 0.18164062
v -0.11132812 -0.02929688 -0.16210938
v -0.11132812 -0.02539062 0.25976562
v -0.11132812 -0.01757812 0.18554688
v -0.11132812 -0.01367188 -0.15820312
v -0.11132812 -0.00976562 -0.20117188
v -0.11132812 -0.00976562 -0.16210938
v -0.11132812 0.02539062 -0.22460938
v -0.11132812 0.02929688 -0.16210938
v -0.11132812 0.03320312 -0.16992188
v -0.11132812 0.03710938 0.27148438
v -0.11132812 0.04101562 0.20898438
v -0.11132812 0.05273438 -0.24023438
v -0.11132812 0.05273438 -0.16992188
v -0.11132812 0.06445312 -0.26367188
v -0.11132812 0.06835938 -0.23242188
v -0.11132812 0.06835938 -0.21679688
v -0.11132812 0.07617188 -0.27539062
v -0.11132812 0.11523438 0.19726562
v -0.11132812 0.12695312 0.20898438
v -0.11132812 0.13867188 0.28710938
v -0.11132812 0.21679688 0.40429688
v -0.11132812 0.22851562 0.40820312
v -0.11132812 0.23632812 0.22460938
v -0.11132812 0.25585938 0.40429688
v -0.11132812 0.26757812 0.40039062
v -0.10742188 -0.46289062 0.15429688
v -0.10742188 -0.45898438 0.21289062
v -0.10742188 -0.45507812 0.21679688
v -0.10742188 -0.45507812 0.22070312
v -0.10742188 -0.45507812 0.22851562
v -0.10742188 -0.45117188 0.23632812
v -0.10742188 -0.45117188 0.33398438
v -0.10742188 -0.43164062 0.34960938
v -0.10742188 -0.41992188 0.34179688
v -0.10742188 -0.41992188 0.34960938
v -0.10742188 -0.40429688 0.13867188
v -0.10742188 -0.40039062 0.36132812
v -0.10742188 -0.39257812 0.36132812
v -0.10742188 -0.37304688 0.13867188
v -0.10742188 -0.33398438 0.14257812
v -0.10742188 -0.33007812 0.26367188
v -0.10742188 -0.32226562 0.26367188
v -0.10742188 -0.28320312 0.15039062
v -0.10742188 -0.28320312 0.25195312
v -0.10742188 -0.25976562 0.25195312
v -0.10742188 -0.18945312 0.26367188
v -0.10742188 -0.14648438 0.15820312
v -0.10742188 -0.13085938 -0.09179688
v -0.10742188 -0.11914062 0.33789062
v -0.10742188 -0.10742188 -0.15039062
v -0.10742188 -0.10742188 0.16601562
v -0.10742188 -0.10351562 -0.15820312
v -0.10742188 -0.09179688 -0.16992188
v -0.10742188 -0.08789062 -0.44335938
v -0.10742188 -0.08789062 -0.08007812
v -0.10742188 -0.08789062 0.32226562
v -0.10742188 -0.08007812 -0.15820312
v -0.10742188 -0.07617188 -0.44726562
v -0.10742188 -0.07617188 0.27148438
v -0.10742188 -0.07617188 0.34570312
v -0.10742188 -0.07226562 0.16210938
v -0.10742188 -0.04492188 -0.44726562
v -0.10742188 -0.03320312 -0.10742188
v -0.10742188 -0.02929688 -0.44726562
v -0.10742188 -0.02929688 -0.22851562
v -0.10742188 -0.01367188 -0.19335938
v -0.10742188 -0.01367188 -0.12304688
v -0.10742188 -0.00976562 0.27148438
v -0.10742188 0.00585938 -0.20898438
v -0.10742188 0.00585938 -0.19726562
v -0.10742188 0.01367188 -0.22070312
v -0.10742188 0.02539062 -0.20898438
v -0.10742188 0.02539062 0.18945312
v -0.10742188 0.02929688 -0.16601562
v -0.10742188 0.04101562 -0.24414062
v -0.10742188 0.04101562 -0.17773438
v -0.10742188 0.04882812 -0.41992188
v -0.10742188 0.04882812 -0.22460938
v -0.10742188 0.04882812 -0.19726562
v -0.10742188 0.04882812 -0.18164062
v -0.10742188 0.05273438 -0.26757812
v -0.10742188 0.05664062 0.22851562
v -0.10742188 0.06054688 -0.25195312
v -0.10742188 0.06445312 -0.20117188
v -0.10742188 0.06445312 -0.17773438
v -0.10742188 0.06445312 0.24414062
v -0.10742188 0.08398438 -0.38476562
v -0.10742188 0.13476562 0.24023438
v -0.10742188 0.13867188 0.29101562
v -0.10742188 0.13867188 0.31054688
v -0.10742188 0.14257812 0.34179688
v -0.10742188 0.14648438 0.27148438
v -0.10742188 0.15820312 0.37695312
v -0.10742188 0.16601562 0.20117188
v -0.10742188 0.18945312 0.22070312
v -0.10742188 0.25585938 0.23242188
v -0.10742188 0.26367188 0.39648438
v -0.10742188 0.31054688 0.25976562
v -0.10742188 0.32226562 0.31835938
v -0.10351562 -0.45507812 0.14257812
v -0.10351562 -0.45117188 0.24804688
v -0.10351562 -0.43945312 0.13867188
v -0.10351562 -0.41601562 0.35742188
v -0.10351562 -0.41210938 0.36132812
v -0.10351562 -0.39257812 0.34960938
v -0.10351562 -0.33007812 0.12695312
v -0.10351562 -0.32226562 0.25976562
v -0.10351562 -0.30664062 0.11914062
v -0.10351562 -0.28710938 0.13476562
v -0.10351562 -0.27929688 0.24414062
v -0.10351562 -0.27539062 0.15039062
v -0.10351562 -0.26367188 0.15039062
v -0.10351562 -0.20898438 0.14257812
v -0.10351562 -0.18945312 0.14257812
v -0.10351562 -0.16210938 0.15820312
v -0.10351562 -0.15429688 -0.08007812
v -0.10351562 -0.14648438 0.14257812
v -0.10351562 -0.13085938 -0.09179688
v -0.10351562 -0.12304688 -0.09570312
v -0.10351562 -0.11523438 -0.09960938
v -0.10351562 -0.11132812 0.32617188
v -0.10351562 -0.10742188 0.15429688
v -0.10351562 -0.10351562 -0.40820312
v -0.10351562 -0.10351562 -0.15039062
v -0.10351562 -0.09960938 -0.14257812
v -0.10351562 -0.09960938 0.31835938
v -0.10351562 -0.09960938 0.38085938
v -0.10351562 -0.09570312 -0.15429688
v -0.10351562 -0.09179688 -0.13476562
v -0.10351562 -0.08789062 -0.15820312
v -0.10351562 -0.08789062 -0.13476562
v -0.10351562 -0.08789062 0.37695312
v -0.10351562 -0.08398438 -0.13867188
v -0.10351562 -0.06835938 -0.32617188
v -0.10351562 -0.06445312 0.27539062
v -0.10351562 -0.05273438 -0.13867188
v -0.10351562 -0.04492188 -0.28710938
v -0.10351562 -0.04492188 0.28320312
v -0.10351562 -0.04101562 -0.26367188
v -0.10351562 -0.04101562 0.16601562
v -0.10351562 -0.02929688 -0.18554688
v -0.10351562 -0.02539062 -0.19726562
v -0.10351562 -0.02539062 -0.16210938
v -0.10351562 -0.01757812 -0.16210938
v -0.10351562 -0.01367188 -0.16601562
v -0.10351562 0.00585938 -0.18164062
v -0.10351562 0.01757812 -0.20507812
v -0.10351562 0.01757812 -0.19335938
v -0.10351562 0.02148438 -0.44335938
v -0.10351562 0.02148438 -0.18164062
v -0.10351562 0.03320312 -0.18164062
v -0.10351562 0.03320312 -0.16992188
v -0.10351562 0.03710938 -0.19726562
v -0.10351562 0.04101562 -0.21289062
v -0.10351562 0.04101562 -0.16992188
v -0.10351562 0.05273438 -0.21289062
v -0.10351562 0.05664062 -0.23632812
v -0.10351562 0.05664062 -0.22460938
v -0.10351562 0.05664062 -0.21289062
v -0.10351562 0.05664062 -0.18554688
v -0.10351562 0.05664062 -0.17382812
v -0.10351562 0.06054688 -0.22070312
v -0.10351562 0.06054688 -0.21289062
v -0.10351562 0.06445312 -0.23242188
v -0.10351562 0.06445312 -0.22070312
v -0.10351562 0.06445312 0.26367188
v -0.10351562 0.06835938 -0.24804688
v -0.10351562 0.06835938 -0.20117188
v -0.10351562 0.06835938 -0.18554688
v -0.10351562 0.07226562 -0.26367188
v -0.10351562 0.07226562 -0.22851562
v -0.10351562 0.07617188 -0.24414062
v -0.10351562 0.08789062 -0.26757812
v -0.10351562 0.09570312 -0.27929688
v -0.10351562 0.09960938 -0.28710938
v -0.10351562 0.10351562 -0.29882812
v -0.10351562 0.11523438 0.19726562
v -0.10351562 0.12695312 0.18945312
v -0.10351562 0.14257812 0.18945312
v -0.10351562 0.16601562 0.19726562
v -0.10351562 0.21289062 0.39648438
v -0.10351562 0.21679688 0.41992188
v -0.10351562 0.22851562 0.42382812
v -0.10351562 0.25195312 0.21289062
v -0.10351562 0.26757812 0.22460938
v -0.10351562 0.28320312 0.24414062
v -0.10351562 0.31054688 0.40039062
v -0.10351562 0.31835938 0.27539062
v -0.10351562 0.31835938 0.34179688
v -0.10351562 0.32617188 0.29101562
v -0.10351562 0.32617188 0.30664062
v -0.09960938 -0.45507812 0.22851562
v -0.09960938 -0.45117188 0.23632812
v -0.09960938 -0.38867188 0.32226562
v -0.09960938 -0.38476562 0.31835938
v -0.09960938 -0.38085938 0.30664062
v -0.09960938 -0.37695312 0.29492188
v -0.09960938 -0.37304688 0.28710938
v -0.09960938 -0.36914062 0.27539062
v -0.09960938 -0.31835938 0.11132812
v -0.09960938 -0.30273438 0.28320312
v -0.09960938 -0.29492188 0.12304688
v -0.09960938 -0.27929688 0.14257812
v -0.09960938 -0.27539062 0.14648438
v -0.09960938 -0.24414062 0.14648438
v -0.09960938 -0.15039062 0.25585938
v -0.09960938 -0.13867188 -0.08789062
v -0.09960938 -0.12695312 -0.07226562
v -0.09960938 -0.12695312 -0.06445312
v -0.09960938 -0.12304688 -0.06445312
v -0.09960938 -0.12304688 0.35351562
v -0.09960938 -0.12304688 0.36914062
v -0.09960938 -0.11914062 -0.08789062
v -0.09960938 -0.11914062 -0.08398438
v -0.09960938 -0.11523438 -0.09570312
v -0.09960938 -0.10742188 -0.13867188
v -0.09960938 -0.10351562 -0.43554688
v -0.09960938 -0.10351562 -0.12695312
v -0.09960938 -0.09179688 -0.11914062
v -0.09960938 -0.08789062 -0.36132812
v -0.09960938 -0.08789062 -0.04882812
v -0.09960938 -0.08398438 -0.11132812
v -0.09960938 -0.08007812 -0.11914062
v -0.09960938 -0.07617188 0.15039062
v -0.09960938 -0.04101562 0.15820312
v -0.09960938 -0.02929688 -0.16210938
v -0.09960938 -0.02539062 0.29101562
v -0.09960938 -0.01757812 -0.14648438
v -0.09960938 -0.01367188 -0.15820312
v -0.09960938 -0.00976562 -0.14648438
v -0.09960938 0.01367188 0.27929688
v -0.09960938 0.02539062 -0.16601562
v -0.09960938 0.02539062 -0.11914062
v -0.09960938 0.03320312 -0.16210938
v -0.09960938 0.03710938 -0.16601562
v -0.09960938 0.03710938 -0.16210938
v -0.09960938 0.04101562 -0.16601562
v -0.09960938 0.04492188 -0.43554688
v -0.09960938 0.04492188 -0.16601562
v -0.09960938 0.05273438 -0.16992188
v -0.09960938 0.05664062 -0.16992188
v -0.09960938 0.06835938 -0.21679688
v -0.09960938 0.06835938 -0.17773438
v -0.09960938 0.18945312 0.20898438
v -0.09960938 0.21289062 0.20898438
v -0.09960938 0.30664062 0.36132812
v -0.09960938 0.33007812 0.30664062
v -0.09570312 -0.46289062 0.14648438
v -0.09570312 -0.45898438 0.21289062
v -0.09570312 -0.45507812 0.13867188
v -0.09570312 -0.45507812 0.21679688
v -0.09570312 -0.45507812 0.22070312
v -0.09570312 -0.44335938 0.13476562
v -0.09570312 -0.40820312 0.13476562
v -0.09570312 -0.40039062 0.36523438
v -0.09570312 -0.38867188 0.34960938
v -0.09570312 -0.38867188 0.36523438
v -0.09570312 -0.37304688 0.13476562
v -0.09570312 -0.35351562 0.27148438
v -0.09570312 -0.33398438 0.13476562
v -0.09570312 -0.33007812 0.27148438
v -0.09570312 -0.32617188 0.11132812
v -0.09570312 -0.32226562 0.27539062
v -0.09570312 -0.31445312 0.27929688
v -0.09570312 -0.29492188 0.27929688
v -0.09570312 -0.29101562 0.27148438
v -0.09570312 -0.28320312 0.25976562
v -0.09570312 -0.25976562 0.25976562
v -0.09570312 -0.22070312 0.27148438
v -0.09570312 -0.16601562 0.14257812
v -0.09570312 -0.14257812 0.25585938
v -0.09570312 -0.12695312 -0.06445312
v -0.09570312 -0.11914062 -0.07226562
v -0.09570312 -0.11523438 -0.08789062
v -0.09570312 -0.11132812 0.14257812
v -0.09570312 -0.10742188 -0.14257812
v -0.09570312 -0.09960938 -0.10351562
v -0.09570312 -0.08789062 -0.15429688
v -0.09570312 -0.08398438 -0.08398438
v -0.09570312 -0.08007812 -0.14648438
v -0.09570312 -0.05664062 -0.19726562
v -0.09570312 -0.05664062 -0.17773438
v -0.09570312 -0.05664062 -0.15820312
v -0.09570312 -0.05664062 -0.11523438
v -0.09570312 -0.05273438 -0.13476562
v -0.09570312 -0.01757812 -0.13476562
v -0.09570312 0.00195312 0.18945312
v -0.09570312 0.00585938 -0.15820312
v -0.09570312 0.00585938 -0.15039062
v -0.09570312 0.05273438 0.22070312
v -0.09570312 0.06054688 0.27929688
v -0.09570312 0.06445312 0.23632812
v -0.09570312 0.08007812 -0.40820312
v -0.09570312 0.13476562 0.33398438
v -0.09570312 0.14257812 0.27929688
v -0.09570312 0.14257812 0.37304688
v -0.09570312 0.15039062 0.25585938
v -0.09570312 0.16601562 0.40429688
v -0.09570312 0.16992188 0.43164062
v -0.09570312 0.16992188 0.45507812
v -0.09570312 0.18554688 0.40039062
v -0.09179688 -0.46289062 0.14257812
v -0.09179688 -0.45507812 0.22851562
v -0.09179688 -0.45117188 0.23632812
v -0.09179688 -0.45117188 0.24804688
v -0.09179688 -0.44726562 0.35351562
v -0.09179688 -0.43164062 0.35742188
v -0.09179688 -0.42382812 0.34960938
v -0.09179688 -0.41992188 0.35742188
v -0.09179688 -0.41992188 0.36132812
v -0.09179688 -0.41210938 0.36523438
v -0.09179688 -0.38867188 0.34960938
v -0.09179688 -0.33007812 0.12304688
v -0.09179688 -0.32226562 0.26367188
v -0.09179688 -0.28710938 0.13085938
v -0.09179688 -0.28320312 0.13867188
v -0.09179688 -0.27929688 0.25195312
v -0.09179688 -0.26367188 0.14257812
v -0.09179688 -0.21679688 0.13476562
v -0.09179688 -0.18945312 0.27148438
v -0.09179688 -0.18164062 -0.10351562
v -0.09179688 -0.18164062 -0.08398438
v -0.09179688 -0.17382812 -0.11914062
v -0.09179688 -0.15820312 -0.04101562
v -0.09179688 -0.14648438 0.12304688
v -0.09179688 -0.14257812 -0.09570312
v -0.09179688 -0.13085938 -0.10351562
v -0.09179688 -0.13085938 -0.09179688
v -0.09179688 -0.12695312 -0.04882812
v -0.09179688 -0.12695312 0.27148438
v -0.09179688 -0.12304688 -0.12695312
v -0.09179688 -0.12304688 -0.08007812
v -0.09179688 -0.12304688 -0.05273438
v -0.09179688 -0.11914062 -0.43164062
v -0.09179688 -0.11914062 -0.09179688
v -0.09179688 -0.11523438 -0.12304688
v -0.09179688 -0.11523438 -0.07617188
v -0.09179688 -0.11132812 -0.13476562
v -0.09179688 -0.11132812 -0.11914062
v -0.09179688 -0.10742188 -0.09570312
v -0.09179688 -0.10351562 -0.14257812
v -0.09179688 -0.10351562 -0.10742188
v -0.09179688 -0.09570312 -0.14648438
v -0.09179688 -0.09179688 -0.09960938
v -0.09179688 -0.08398438 0.34179688
v -0.09179688 -0.08398438 0.36523438
v -0.09179688 -0.08007812 0.14257812
v -0.09179688 -0.06054688 -0.08398438
v -0.09179688 -0.04101562 0.15039062
v -0.09179688 -0.03320312 -0.12304688
v -0.09179688 -0.02929688 -0.14257812
v -0.09179688 -0.01367188 -0.10351562
v -0.09179688 -0.00976562 -0.13085938
v -0.09179688 0.00195312 0.29492188
v -0.09179688 0.00585938 -0.14257812
v -0.09179688 0.02929688 0.28320312
v -0.09179688 0.03320312 0.20507812
v -0.09179688 0.08789062 -0.24804688
v -0.09179688 0.09570312 -0.26757812
v -0.09179688 0.10351562 -0.27539062
v -0.09179688 0.10742188 -0.28710938
v -0.09179688 0.10742188 -0.21289062
v -0.09179688 0.11132812 -0.24023438
v -0.09179688 0.11523438 -0.29492188
v -0.09179688 0.12695312 0.18945312
v -0.09179688 0.12695312 0.20117188
v -0.09179688 0.14257812 0.18945312
v -0.09179688 0.14257812 0.22851562
v -0.09179688 0.15039062 0.40429688
v -0.09179688 0.15039062 0.43164062
v -0.09179688 0.16601562 0.19335938
v -0.09179688 0.18554688 0.42773438
v -0.09179688 0.21289062 0.41601562
v -0.09179688 0.23242188 0.20507812
v -0.09179688 0.25585938 0.42773438
v -0.09179688 0.28320312 0.43554688
v -0.09179688 0.29882812 0.25976562
v -0.09179688 0.33007812 0.29492188
v -0.08789062 -0.45898438 0.13085938
v -0.08789062 -0.45898438 0.21289062
v -0.08789062 -0.45507812 0.21679688
v -0.08789062 -0.45507812 0.22070312
v -0.08789062 -0.45507812 0.25195312
v -0.08789062 -0.44335938 0.13085938
v -0.08789062 -0.40820312 0.13085938
v -0.08789062 -0.39257812 0.36132812
v -0.08789062 -0.38867188 0.32617188
v -0.08789062 -0.38476562 0.31835938
v -0.08789062 -0.37304688 0.13085938
v -0.08789062 -0.33398438 0.13085938
v -0.08789062 -0.32617188 0.11132812
v -0.08789062 -0.32226562 0.10742188
v -0.08789062 -0.31054688 0.11132812
v -0.08789062 -0.30273438 0.11914062
v -0.08789062 -0.30273438 0.28710938
v -0.08789062 -0.29492188 0.27929688
v -0.08789062 -0.29101562 0.27539062
v -0.08789062 -0.27539062 0.14257812
v -0.08789062 -0.20117188 -0.13867188
v -0.08789062 -0.18945312 -0.09570312
v -0.08789062 -0.18554688 -0.12304688
v -0.08789062 -0.18554688 -0.07226562
v -0.08789062 -0.16601562 0.12304688
v -0.08789062 -0.15039062 -0.06054688
v -0.08789062 -0.14648438 -0.07617188
v -0.08789062 -0.14257812 -0.09570312
v -0.08789062 -0.13867188 -0.44726562
v -0.08789062 -0.13867188 -0.12304688
v -0.08789062 -0.13085938 -0.07226562
v -0.08789062 -0.12695312 -0.11132812
v -0.08789062 -0.12695312 -0.09960938
v -0.08789062 -0.12695312 -0.04882812
v -0.08789062 -0.12695312 -0.03320312
v -0.08789062 -0.12304688 -0.10742188
v -0.08789062 -0.12304688 -0.03320312
v -0.08789062 -0.11914062 -0.09960938
v -0.08789062 -0.11914062 -0.05664062
v -0.08789062 -0.11523438 -0.10351562
v -0.08789062 -0.11523438 -0.06054688
v -0.08789062 -0.11523438 0.27929688
v -0.08789062 -0.11132812 -0.09570312
v -0.08789062 -0.11132812 -0.08398438
v -0.08789062 -0.10351562 0.12695312
v -0.08789062 -0.10351562 0.34179688
v -0.08789062 -0.09960938 -0.09179688
v -0.08789062 -0.09570312 0.29101562
v -0.08789062 -0.09179688 -0.45898438
v -0.08789062 -0.09179688 0.34179688
v -0.08789062 -0.09179688 0.36914062
v -0.08789062 -0.08789062 -0.14648438
v -0.08789062 -0.08398438 -0.33007812
v -0.08789062 -0.08398438 -0.14257812
v -0.08789062 -0.08398438 -0.08398438
v -0.08789062 -0.08007812 -0.46679688
v -0.08789062 -0.08007812 -0.15820312
v -0.08789062 -0.07617188 0.29882812
v -0.08789062 -0.06445312 -0.22070312
v -0.08789062 -0.05664062 0.30664062
v -0.08789062 -0.05273438 -0.47070312
v -0.08789062 -0.03710938 -0.47070312
v -0.08789062 -0.03710938 -0.08789062
v -0.08789062 -0.03320312 0.30664062
v -0.08789062 -0.02148438 -0.11132812
v -0.08789062 -0.00195312 0.18164062
v -0.08789062 0.02539062 -0.12695312
v -0.08789062 0.02539062 0.29882812
v -0.08789062 0.03710938 -0.11914062
v -0.08789062 0.03710938 0.28710938
v -0.08789062 0.05273438 0.29101562
v -0.08789062 0.06054688 -0.15820312
v -0.08789062 0.06835938 -0.15820312
v -0.08789062 0.07617188 0.24804688
v -0.08789062 0.08007812 0.26367188
v -0.08789062 0.08007812 0.28320312
v -0.08789062 0.08007812 0.29492188
v -0.08789062 0.11132812 -0.28710938
v -0.08789062 0.11523438 -0.28710938
v -0.08789062 0.11914062 -0.34570312
v -0.08789062 0.11914062 -0.27539062
v -0.08789062 0.11914062 -0.25976562
v -0.08789062 0.12304688 0.31054688
v -0.08789062 0.12695312 0.29492188
v -0.08789062 0.13085938 0.35742188
v -0.08789062 0.14257812 0.26367188
v -0.08789062 0.15039062 0.45507812
v -0.08789062 0.15429688 0.47851562
v -0.08789062 0.16992188 0.47851562
v -0.08789062 0.18554688 0.45117188
v -0.08789062 0.19335938 0.20117188
v -0.08789062 0.20898438 0.44335938
v -0.08789062 0.21289062 0.20507812
v -0.08789062 0.21679688 0.43945312
v -0.08789062 0.22070312 0.19726562
v -0.08789062 0.22851562 0.44335938
v -0.08789062 0.26367188 0.42382812
v -0.08789062 0.27148438 0.42773438
v -0.08789062 0.31054688 0.38476562
v -0.08789062 0.31445312 0.27539062
v -0.08789062 0.32617188 0.36132812
v -0.08789062 0.33789062 0.33398438
v -0.08398438 -0.46289062 0.13476562
v -0.08398438 -0.45898438 0.20898438
v -0.08398438 -0.45898438 0.21289062
v -0.08398438 -0.45507812 0.22070312
v -0.08398438 -0.45117188 0.23632812
v -0.08398438 -0.40039062 0.36523438
v -0.08398438 -0.39257812 0.34179688
v -0.08398438 -0.38085938 0.31054688
v -0.08398438 -0.37695312 0.29882812
v -0.08398438 -0.37304688 0.29101562
v -0.08398438 -0.36914062 0.27929688
v -0.08398438 -0.35742188 0.27539062
v -0.08398438 -0.33007812 0.12304688
v -0.08398438 -0.31445312 0.28320312
v -0.08398438 -0.28710938 0.12695312
v -0.08398438 -0.28320312 0.26367188
v -0.08398438 -0.26367188 0.13867188
v -0.08398438 -0.24804688 0.13867188
v -0.08398438 -0.20117188 -0.13085938
v -0.08398438 -0.20117188 -0.08789062
v -0.08398438 -0.18945312 -0.04492188
v -0.08398438 -0.18945312 0.11914062
v -0.08398438 -0.18554688 -0.10742188
v -0.08398438 -0.18554688 -0.05664062
v -0.08398438 -0.17773438 -0.10351562
v -0.08398438 -0.16992188 -0.10742188
v -0.08398438 -0.16210938 -0.02539062
v -0.08398438 -0.15820312 -0.08789062
v -0.08398438 -0.15039062 -0.09179688
v -0.08398438 -0.14648438 -0.44335938
v -0.08398438 -0.14648438 -0.07617188
v -0.08398438 -0.14257812 -0.09960938
v -0.08398438 -0.13867188 -0.11132812
v -0.08398438 -0.13476562 -0.09179688
v -0.08398438 -0.12695312 -0.14648438
v -0.08398438 -0.12695312 -0.02148438
v -0.08398438 -0.12304688 -0.02539062
v -0.08398438 -0.11914062 -0.04101562
v -0.08398438 -0.10742188 -0.06835938
v -0.08398438 -0.10351562 -0.14257812
v -0.08398438 -0.10351562 0.36914062
v -0.08398438 -0.09570312 -0.14648438
v -0.08398438 -0.09179688 -0.08007812
v -0.08398438 -0.07617188 -0.17773438
v -0.08398438 -0.06835938 -0.25585938
v -0.08398438 -0.05273438 0.14257812
v -0.08398438 -0.03710938 -0.09960938
v -0.08398438 -0.01367188 -0.11132812
v -0.08398438 -0.00976562 0.16601562
v -0.08398438 -0.00585938 0.31054688
v -0.08398438 0.03320312 -0.12304688
v -0.08398438 0.04882812 0.30273438
v -0.08398438 0.06445312 0.22460938
v -0.08398438 0.06835938 -0.16992188
v -0.08398438 0.07226562 -0.43945312
v -0.08398438 0.07226562 -0.18164062
v -0.08398438 0.07617188 -0.21289062
v -0.08398438 0.07617188 -0.19726562
v -0.08398438 0.07617188 0.24023438
v -0.08398438 0.08398438 -0.23242188
v -0.08398438 0.10351562 -0.19726562
v -0.08398438 0.10351562 0.28320312
v -0.08398438 0.10351562 0.29882812
v -0.08398438 0.12304688 0.28320312
v -0.08398438 0.13085938 -0.31054688
v -0.08398438 0.27929688 0.21679688
v -0.08398438 0.31445312 0.42382812
v -0.08398438 0.32617188 0.28320312
v -0.08007812 -0.46289062 0.13085938
v -0.08007812 -0.45898438 0.12695312
v -0.08007812 -0.45898438 0.15039062
v -0.08007812 -0.45898438 0.19726562
v -0.08007812 -0.45507812 0.22851562
v -0.08007812 -0.45507812 0.33789062
v -0.08007812 -0.44335938 0.12695312
v -0.08007812 -0.41992188 0.35351562
v -0.08007812 -0.41601562 0.35742188
v -0.08007812 -0.41210938 0.36132812
v -0.08007812 -0.40429688 0.12695312
v -0.08007812 -0.39257812 0.33789062
v -0.08007812 -0.39257812 0.35742188
v -0.08007812 -0.37304688 0.13085938
v -0.08007812 -0.33398438 0.13085938
v -0.08007812 -0.33007812 0.27539062
v -0.08007812 -0.32226562 0.27148438
v -0.08007812 -0.32226562 0.27929688
v -0.08007812 -0.28320312 0.13476562
v -0.08007812 -0.27929688 0.25585938
v -0.08007812 -0.26367188 0.26367188
v -0.08007812 -0.23242188 -0.09570312
v -0.08007812 -0.22460938 0.27148438
v -0.08007812 -0.20507812 -0.13085938
v -0.08007812 -0.19335938 -0.02539062
v -0.08007812 -0.18164062 -0.09960938
v -0.08007812 -0.17382812 -0.12304688
v -0.08007812 -0.17382812 -0.11132812
v -0.08007812 -0.17382812 -0.09179688
v -0.08007812 -0.15820312 -0.09570312
v -0.08007812 -0.15429688 -0.10351562
v -0.08007812 -0.15429688 0.25976562
v -0.08007812 -0.15039062 -0.06054688
v -0.08007812 -0.14648438 0.10351562
v -0.08007812 -0.13476562 -0.05664062
v -0.08007812 -0.12695312 -0.03320312
v -0.08007812 -0.11523438 -0.04882812
v -0.08007812 -0.11132812 -0.15820312
v -0.08007812 -0.10742188 -0.15820312
v -0.08007812 -0.09960938 -0.07226562
v -0.08007812 -0.09179688 -0.14648438
v -0.08007812 -0.08398438 -0.05664062
v -0.08007812 -0.08007812 0.12695312
v -0.08007812 -0.07226562 -0.27929688
v -0.08007812 -0.06835938 -0.29882812
v -0.08007812 -0.03710938 0.31835938
v -0.08007812 -0.01367188 0.15429688
v -0.08007812 0.00585938 -0.47070312
v -0.08007812 0.00585938 -0.13476562
v -0.08007812 0.01757812 0.31054688
v -0.08007812 0.02148438 -0.09570312
v -0.08007812 0.04882812 -0.15039062
v -0.08007812 0.07617188 0.30664062
v -0.08007812 0.10351562 0.31054688
v -0.08007812 0.11132812 -0.27539062
v -0.08007812 0.11914062 0.32617188
v -0.08007812 0.12304688 0.17773438
v -0.08007812 0.12695312 -0.30273438
v -0.08007812 0.13085938 -0.29101562
v -0.08007812 0.13476562 0.38476562
v -0.08007812 0.13476562 0.40820312
v -0.08007812 0.13867188 0.21679688
v -0.08007812 0.15820312 0.24414062
v -0.08007812 0.15820312 0.49414062
v -0.08007812 0.25976562 0.20507812
v -0.08007812 0.29101562 0.22460938
v -0.07617188 -0.46679688 0.18554688
v -0.07617188 -0.46289062 0.18554688
v -0.07617188 -0.45507812 0.25585938
v -0.07617188 -0.40039062 0.35742188
v -0.07617188 -0.39257812 0.33007812
v -0.07617188 -0.39257812 0.34179688
v -0.07617188 -0.38476562 0.32226562
v -0.07617188 -0.35742188 0.27539062
v -0.07617188 -0.27929688 0.13867188
v -0.07617188 -0.23242188 -0.11132812
v -0.07617188 -0.22460938 -0.10351562
v -0.07617188 -0.20898438 -0.06054688
v -0.07617188 -0.20507812 -0.13867188
v -0.07617188 -0.20507812 -0.07226562
v -0.07617188 -0.19726562 -0.12304688
v -0.07617188 -0.18164062 -0.08789062
v -0.07617188 -0.18164062 0.09960938
v -0.07617188 -0.16601562 -0.00976562
v -0.07617188 -0.16210938 0.09960938
v -0.07617188 -0.15429688 -0.04492188
v -0.07617188 -0.15039062 -0.11914062
v -0.07617188 -0.14257812 -0.13085938
v -0.07617188 -0.14257812 0.27539062
v -0.07617188 -0.13476562 -0.16210938
v -0.07617188 -0.13476562 -0.04101562
v -0.07617188 -0.13085938 -0.02539062
v -0.07617188 -0.12304688 -0.02539062
v -0.07617188 -0.12304688 0.28710938
v -0.07617188 -0.11914062 -0.08398438
v -0.07617188 -0.11132812 -0.44335938
v -0.07617188 -0.10742188 -0.05273438
v -0.07617188 -0.10742188 0.29882812
v -0.07617188 -0.09960938 -0.15820312
v -0.07617188 -0.09960938 -0.05664062
v -0.07617188 -0.08398438 -0.06054688
v -0.07617188 -0.08398438 0.30664062
v -0.07617188 -0.06054688 0.12695312
v -0.07617188 -0.06054688 0.31835938
v -0.07617188 -0.05664062 -0.48242188
v -0.07617188 -0.02929688 -0.08789062
v -0.07617188 -0.02539062 0.14257812
v -0.07617188 -0.01367188 0.32226562
v -0.07617188 0.02148438 0.18554688
v -0.07617188 0.02539062 -0.46679688
v -0.07617188 0.04492188 0.31445312
v -0.07617188 0.09960938 0.27148438
v -0.07617188 0.10742188 -0.25585938
v -0.07617188 0.10742188 -0.21679688
v -0.07617188 0.11914062 -0.24414062
v -0.07617188 0.12304688 -0.37695312
v -0.07617188 0.12304688 0.27539062
v -0.07617188 0.12695312 -0.27539062
v -0.07617188 0.13867188 0.43554688
v -0.07617188 0.13867188 0.45898438
v -0.07617188 0.14257812 0.25195312
v -0.07617188 0.14257812 0.47851562
v -0.07617188 0.17382812 0.49414062
v -0.07617188 0.18945312 0.47460938
v -0.07617188 0.19335938 0.18945312
v -0.07617188 0.24414062 0.19335938
v -0.07617188 0.32226562 0.27148438
v -0.07226562 -0.47070312 0.15429688
v -0.07226562 -0.46679688 0.15429688
v -0.07226562 -0.45507812 0.34179688
v -0.07226562 -0.45117188 0.24023438
v -0.07226562 -0.42382812 0.34179688
v -0.07226562 -0.41992188 0.34960938
v -0.07226562 -0.41601562 0.35351562
v -0.07226562 -0.41210938 0.35742188
v -0.07226562 -0.39648438 0.35351562
v -0.07226562 -0.39257812 0.33398438
v -0.07226562 -0.38085938 0.31445312
v -0.07226562 -0.37695312 0.30273438
v -0.07226562 -0.37304688 0.29101562
v -0.07226562 -0.36914062 0.28320312
v -0.07226562 -0.26367188 0.13867188
v -0.07226562 -0.25585938 -0.09570312
v -0.07226562 -0.25195312 0.13085938
v -0.07226562 -0.24804688 -0.09570312
v -0.07226562 -0.24023438 -0.10742188
v -0.07226562 -0.24023438 -0.09960938
v -0.07226562 -0.24023438 -0.07617188
v -0.07226562 -0.23632812 -0.08007812
v -0.07226562 -0.21679688 -0.10742188
v -0.07226562 -0.21679688 -0.02929688
v -0.07226562 -0.21289062 -0.11132812
v -0.07226562 -0.21289062 -0.07617188
v -0.07226562 -0.20898438 -0.08789062
v -0.07226562 -0.20898438 -0.04492188
v -0.07226562 -0.20507812 -0.12695312
v -0.07226562 -0.20507812 -0.09570312
v -0.07226562 -0.20117188 -0.10742188
v -0.07226562 -0.18945312 -0.13085938
v -0.07226562 -0.18945312 -0.01367188
v -0.07226562 -0.18945312 0.27148438
v -0.07226562 -0.18554688 -0.12695312
v -0.07226562 -0.18554688 -0.07617188
v -0.07226562 -0.18554688 -0.05664062
v -0.07226562 -0.17382812 -0.11132812
v -0.07226562 -0.16210938 -0.10742188
v -0.07226562 -0.16210938 -0.02929688
v -0.07226562 -0.14648438 -0.45507812
v -0.07226562 -0.14648438 -0.12304688
v -0.07226562 -0.14257812 -0.17382812
v -0.07226562 -0.13867188 -0.16601562
v -0.07226562 -0.13867188 -0.02539062
v -0.07226562 -0.12695312 -0.01367188
v -0.07226562 -0.12304688 -0.18554688
v -0.07226562 -0.12304688 -0.01757812
v -0.07226562 -0.11914062 -0.41601562
v -0.07226562 -0.11523438 -0.18164062
v -0.07226562 -0.11523438 -0.02929688
v -0.07226562 -0.11132812 -0.18164062
v -0.07226562 -0.10742188 -0.46679688
v -0.07226562 -0.09570312 0.10351562
v -0.07226562 -0.09179688 -0.47070312
v -0.07226562 -0.09179688 -0.16210938
v -0.07226562 -0.09179688 -0.06054688
v -0.07226562 -0.08398438 -0.19335938
v -0.07226562 -0.06445312 -0.05273438
v -0.07226562 -0.04492188 -0.48242188
v -0.07226562 -0.04101562 -0.06054688
v -0.07226562 0.00195312 -0.11523438
v -0.07226562 0.01367188 0.32617188
v -0.07226562 0.02148438 -0.09960938
v -0.07226562 0.03320312 -0.09179688
v -0.07226562 0.05664062 0.20898438
v -0.07226562 0.06445312 -0.14648438
v -0.07226562 0.06835938 -0.15039062
v -0.07226562 0.07226562 -0.15820312
v -0.07226562 0.07226562 0.31835938
v -0.07226562 0.07617188 -0.17773438
v -0.07226562 0.08398438 -0.19335938
v -0.07226562 0.08789062 -0.21289062
v -0.07226562 0.09570312 -0.23242188
v -0.07226562 0.09570312 0.24414062
v -0.07226562 0.09570312 0.25585938
v -0.07226562 0.09960938 -0.21289062
v -0.07226562 0.09960938 -0.19335938
v -0.07226562 0.09960938 0.32226562
v -0.07226562 0.10351562 -0.19335938
v -0.07226562 0.10742188 -0.23242188
v -0.07226562 0.11523438 0.34179688
v -0.07226562 0.12304688 0.18945312
v -0.07226562 0.12304688 0.25976562
v -0.07226562 0.13085938 0.36914062
v -0.07226562 0.14257812 0.17773438
v -0.07226562 0.15039062 0.49414062
v -0.07226562 0.15820312 0.23242188
v -0.07226562 0.16992188 0.18164062
v -0.07226562 0.18554688 0.49414062
v -0.07226562 0.22070312 0.18554688
v -0.07226562 0.25976562 0.44335938
v -0.07226562 0.26757812 0.43945312
v -0.07226562 0.27148438 0.43945312
v -0.07226562 0.30664062 0.24023438
v -0.07226562 0.31445312 0.40429688
v -0.07226562 0.33007812 0.38085938
v -0.07226562 0.35351562 0.29882812
v -0.07226562 0.35351562 0.31054688
v -0.07226562 0.35742188 0.32226562
v -0.07226562 0.35742188 0.35351562
v -0.07226562 0.40820312 0.31835938
v -0.07226562 0.40820312 0.33398438
v -0.06835938 -0.45507812 0.22070312
v -0.06835938 -0.45507812 0.23242188
v -0.06835938 -0.45507812 0.25976562
v -0.06835938 -0.45117188 0.34960938
v -0.06835938 -0.42773438 0.35351562
v -0.06835938 -0.41210938 0.34960938
v -0.06835938 -0.38476562 0.33007812
v -0.06835938 -0.38085938 0.31835938
v -0.06835938 -0.30273438 0.29101562
v -0.06835938 -0.29492188 0.28320312
v -0.06835938 -0.29101562 0.27929688
v -0.06835938 -0.28710938 0.27148438
v -0.06835938 -0.26757812 0.27148438
v -0.06835938 -0.25976562 -0.09570312
v -0.06835938 -0.23632812 -0.08789062
v -0.06835938 -0.22851562 -0.03320312
v -0.06835938 -0.22851562 0.12304688
v -0.06835938 -0.22070312 -0.11914062
v -0.06835938 -0.21679688 -0.06445312
v -0.06835938 -0.21289062 -0.02148438
v -0.06835938 -0.20117188 -0.13085938
v -0.06835938 -0.18945312 -0.04101562
v -0.06835938 -0.17382812 -0.13085938
v -0.06835938 -0.16601562 0.25976562
v -0.06835938 -0.16210938 -0.00195312
v -0.06835938 -0.15429688 0.27929688
v -0.06835938 -0.14648438 -0.17382812
v -0.06835938 -0.14257812 -0.46289062
v -0.06835938 -0.13085938 -0.18945312
v -0.06835938 -0.13085938 -0.01367188
v -0.06835938 -0.12695312 -0.00976562
v -0.06835938 -0.11914062 -0.01757812
v -0.06835938 -0.10351562 -0.18164062
v -0.06835938 -0.09960938 -0.36523438
v -0.06835938 -0.09570312 -0.18554688
v -0.06835938 -0.08007812 0.10351562
v -0.06835938 -0.06835938 0.32226562
v -0.06835938 -0.04492188 0.33007812
v -0.06835938 -0.03710938 0.12695312
v -0.06835938 -0.01757812 -0.08007812
v -0.06835938 0.04101562 0.32617188
v -0.06835938 0.08007812 0.22851562
v -0.06835938 0.12695312 0.24804688
v -0.06835938 0.14257812 0.24023438
v -0.06835938 0.16992188 0.49804688
v -0.06835938 0.19726562 0.48632812
v -0.06835938 0.20898438 0.46679688
v -0.06835938 0.21679688 0.19726562
v -0.06835938 0.28320312 0.45117188
v -0.06835938 0.40820312 0.34960938
v -0.06835938 0.42773438 0.31835938
v -0.06835938 0.42773438 0.33789062
v -0.06445312 -0.45507812 0.24414062
v -0.06445312 -0.45507812 0.25976562
v -0.06445312 -0.45507812 0.31835938
v -0.06445312 -0.41992188 0.33789062
v -0.06445312 -0.41601562 0.34179688
v -0.06445312 -0.40429688 0.33789062
v -0.06445312 -0.39648438 0.33789062
v -0.06445312 -0.38867188 0.33398438
v -0.06445312 -0.37304688 0.30664062
v -0.06445312 -0.36914062 0.29492188
v -0.06445312 -0.36523438 0.28320312
v -0.06445312 -0.35351562 0.27929688
v -0.06445312 -0.31445312 0.28320312
v -0.06445312 -0.28320312 0.25976562
v -0.06445312 -0.24804688 -0.04492188
v -0.06445312 -0.23242188 -0.05664062
v -0.06445312 -0.22851562 -0.10351562
v -0.06445312 -0.22851562 0.27148438
v -0.06445312 -0.22070312 -0.05273438
v -0.06445312 -0.21679688 -0.13867188
v -0.06445312 -0.20117188 -0.13085938
v -0.06445312 -0.19335938 -0.02148438
v -0.06445312 -0.18554688 -0.12304688
v -0.06445312 -0.16601562 -0.01367188
v -0.06445312 -0.15429688 -0.11914062
v -0.06445312 -0.14257812 -0.13867188
v -0.06445312 -0.13867188 -0.00976562
v -0.06445312 -0.13476562 -0.18945312
v -0.06445312 -0.13476562 0.29101562
v -0.06445312 -0.13085938 -0.00585938
v -0.06445312 -0.11914062 -0.00976562
v -0.06445312 -0.11523438 0.30664062
v -0.06445312 -0.10742188 -0.03320312
v -0.06445312 -0.09179688 -0.33007812
v -0.06445312 -0.09179688 -0.02539062
v -0.06445312 -0.09179688 0.31835938
v -0.06445312 -0.08789062 -0.21289062
v -0.06445312 -0.01757812 -0.08007812
v -0.06445312 -0.01757812 0.33007812
v -0.06445312 -0.00585938 -0.48632812
v -0.06445312 0.00976562 0.16601562
v -0.06445312 0.04101562 0.18554688
v -0.06445312 0.06835938 0.33007812
v -0.06445312 0.09570312 -0.17773438
v -0.06445312 0.09570312 0.33398438
v -0.06445312 0.13476562 0.20507812
v -0.06445312 0.18945312 0.49414062
v -0.06445312 0.24804688 0.18945312
v -0.06445312 0.29101562 0.20898438
v -0.06445312 0.32617188 0.25585938
v -0.06445312 0.35351562 0.28320312
v -0.06445312 0.36523438 0.33398438
v -0.06445312 0.39257812 0.31835938
v -0.06445312 0.39257812 0.33007812
v -0.06445312 0.39257812 0.34570312
v -0.06445312 0.40820312 0.30664062
v -0.06445312 0.42773438 0.30664062
v -0.06445312 0.43164062 0.35351562
v -0.06054688 -0.45898438 0.21679688
v -0.06054688 -0.45507812 0.23632812
v -0.06054688 -0.45507812 0.25976562
v -0.06054688 -0.45117188 0.24804688
v -0.06054688 -0.40039062 0.33789062
v -0.06054688 -0.38085938 0.32226562
v -0.06054688 -0.37695312 0.31054688
v -0.06054688 -0.36523438 0.28710938
v -0.06054688 -0.35742188 0.28320312
v -0.06054688 -0.32226562 0.27148438
v -0.06054688 -0.32226562 0.27929688
v -0.06054688 -0.25976562 -0.08789062
v -0.06054688 -0.25195312 0.13085938
v -0.06054688 -0.24023438 -0.08007812
v -0.06054688 -0.23242188 -0.09570312
v -0.06054688 -0.23242188 -0.08789062
v -0.06054688 -0.23242188 -0.04492188
v -0.06054688 -0.22851562 -0.09179688
v -0.06054688 -0.21679688 -0.14257812
v -0.06054688 -0.21289062 -0.01757812
v -0.06054688 -0.20898438 -0.13085938
v -0.06054688 -0.20898438 -0.10742188
v -0.06054688 -0.19726562 -0.15039062
v -0.06054688 -0.19726562 -0.13867188
v -0.06054688 -0.19726562 0.07617188
v -0.06054688 -0.19726562 0.27148438
v -0.06054688 -0.18945312 -0.00976562
v -0.06054688 -0.18554688 -0.14257812
v -0.06054688 -0.16601562 -0.13085938
v -0.06054688 -0.16601562 -0.00195312
v -0.06054688 -0.15429688 -0.17773438
v -0.06054688 -0.15039062 -0.15429688
v -0.06054688 -0.14648438 -0.14257812
v -0.06054688 -0.14257812 -0.18945312
v -0.06054688 -0.12304688 -0.44335938
v -0.06054688 -0.12304688 -0.21289062
v -0.06054688 -0.12304688 -0.00585938
v -0.06054688 -0.11523438 -0.20898438
v -0.06054688 -0.11523438 -0.01367188
v -0.06054688 -0.10351562 -0.03320312
v -0.06054688 -0.08789062 -0.02929688
v -0.06054688 -0.04492188 -0.04101562
v -0.06054688 -0.04101562 -0.06835938
v -0.06054688 -0.00195312 -0.08398438
v -0.06054688 -0.00195312 0.15039062
v -0.06054688 0.00585938 0.33398438
v -0.06054688 0.05273438 -0.46289062
v -0.06054688 0.09960938 0.23242188
v -0.06054688 0.11132812 0.35351562
v -0.06054688 0.21679688 0.45898438
v -0.06054688 0.23242188 0.17773438
v -0.06054688 0.26757812 0.20117188
v -0.06054688 0.31445312 0.44335938
v -0.06054688 0.33007812 0.40039062
v -0.06054688 0.39257812 0.30664062
v -0.06054688 0.41210938 0.36523438
v -0.06054688 0.44726562 0.32226562
v -0.05664062 -0.46289062 0.13085938
v -0.05664062 -0.45898438 0.12695312
v -0.05664062 -0.45898438 0.20898438
v -0.05664062 -0.45507812 0.22460938
v -0.05664062 -0.45507812 0.23632812
v -0.05664062 -0.45507812 0.26367188
v -0.05664062 -0.45117188 0.24804688
v -0.05664062 -0.44335938 0.11914062
v -0.05664062 -0.41992188 0.33789062
v -0.05664062 -0.40429688 0.12304688
v -0.05664062 -0.39257812 0.32617188
v -0.05664062 -0.37304688 0.12304688
v -0.05664062 -0.37304688 0.29492188
v -0.05664062 -0.33398438 0.12304688
v -0.05664062 -0.33398438 0.27539062
v -0.05664062 -0.33007812 0.12304688
v -0.05664062 -0.26367188 -0.07617188
v -0.05664062 -0.25585938 -0.07617188
v -0.05664062 -0.24804688 -0.09960938
v -0.05664062 -0.24414062 -0.07617188
v -0.05664062 -0.23632812 -0.05664062
v -0.05664062 -0.23632812 -0.02929688
v -0.05664062 -0.23242188 -0.11914062
v -0.05664062 -0.23242188 -0.09179688
v -0.05664062 -0.22851562 -0.13085938
v -0.05664062 -0.22851562 -0.09570312
v -0.05664062 -0.22851562 -0.02929688
v -0.05664062 -0.22070312 -0.12695312
v -0.05664062 -0.22070312 -0.09570312
v -0.05664062 -0.22070312 -0.01367188
v -0.05664062 -0.21679688 -0.11132812
v -0.05664062 -0.20898438 0.07617188
v -0.05664062 -0.20507812 -0.13867188
v -0.05664062 -0.20117188 -0.12304688
v -0.05664062 -0.19335938 -0.14257812
v -0.05664062 -0.19335938 -0.00195312
v -0.05664062 -0.18554688 -0.12304688
v -0.05664062 -0.17382812 0.07226562
v -0.05664062 -0.16992188 -0.16210938
v -0.05664062 -0.16601562 -0.13867188
v -0.05664062 -0.16210938 -0.16210938
v -0.05664062 -0.15820312 -0.17382812
v -0.05664062 -0.15429688 -0.15429688
v -0.05664062 -0.15039062 -0.44335938
v -0.05664062 -0.15039062 -0.18945312
v -0.05664062 -0.14257812 0.00195312
v -0.05664062 -0.13867188 -0.21289062
v -0.05664062 -0.13476562 -0.21289062
v -0.05664062 -0.13085938 -0.00585938
v -0.05664062 -0.12695312 -0.21289062
v -0.05664062 -0.12695312 -0.00195312
v -0.05664062 -0.12304688 -0.41601562
v -0.05664062 -0.11914062 -0.00195312
v -0.05664062 -0.11523438 -0.00976562
v -0.05664062 -0.11132812 -0.20898438
v -0.05664062 -0.11132812 -0.01757812
v -0.05664062 -0.09570312 -0.03320312
v -0.05664062 -0.09179688 -0.03320312
v -0.05664062 -0.08789062 -0.28320312
v -0.05664062 -0.08789062 -0.22851562
v -0.05664062 -0.08007812 -0.29882812
v -0.05664062 -0.05664062 0.10351562
v -0.05664062 -0.04101562 -0.04101562
v -0.05664062 -0.03710938 -0.06445312
v -0.05664062 -0.02148438 -0.06835938
v -0.05664062 -0.02148438 0.34179688
v -0.05664062 -0.01367188 0.13476562
v -0.05664062 -0.00195312 -0.08789062
v -0.05664062 0.00976562 -0.08007812
v -0.05664062 0.03320312 0.33789062
v -0.05664062 0.06054688 0.33789062
v -0.05664062 0.07226562 0.21289062
v -0.05664062 0.07617188 -0.14257812
v -0.05664062 0.08789062 -0.15429688
v -0.05664062 0.08789062 0.34179688
v -0.05664062 0.09570312 -0.16601562
v -0.05664062 0.11523438 -0.41210938
v -0.05664062 0.12304688 0.23632812
v -0.05664062 0.12695312 0.38476562
v -0.05664062 0.12695312 0.40820312
v -0.05664062 0.12695312 0.43945312
v -0.05664062 0.13085938 0.45898438
v -0.05664062 0.13867188 0.47851562
v -0.05664062 0.14257812 0.22851562
v -0.05664062 0.14648438 -0.33789062
v -0.05664062 0.15429688 0.22070312
v -0.05664062 0.18945312 0.49023438
v -0.05664062 0.22851562 0.45507812
v -0.05664062 0.30273438 0.21679688
v -0.05664062 0.31054688 0.22851562
v -0.05664062 0.31835938 0.41992188
v -0.05664062 0.35351562 0.27148438
v -0.05664062 0.35742188 0.36914062
v -0.05664062 0.38476562 0.31835938
v -0.05664062 0.38476562 0.32617188
v -0.05664062 0.39648438 0.35742188
v -0.05664062 0.40820312 0.29492188
v -0.05664062 0.42773438 0.29492188
v -0.05664062 0.43164062 0.36523438
v -0.05664062 0.44726562 0.33789062
v -0.05273438 -0.47070312 0.15039062
v -0.05273438 -0.47070312 0.18164062
v -0.05273438 -0.46679688 0.15039062
v -0.05273438 -0.46679688 0.18164062
v -0.05273438 -0.46289062 0.13867188
v -0.05273438 -0.46289062 0.14257812
v -0.05273438 -0.45898438 0.19726562
v -0.05273438 -0.45898438 0.22070312
v -0.05273438 -0.45898438 0.30664062
v -0.05273438 -0.45507812 0.22851562
v -0.05273438 -0.45507812 0.24023438
v -0.05273438 -0.45507812 0.33007812
v -0.05273438 -0.45117188 0.24023438
v -0.05273438 -0.45117188 0.25195312
v -0.05273438 -0.39257812 0.31054688
v -0.05273438 -0.32617188 0.10742188
v -0.05273438 -0.32226562 0.10351562
v -0.05273438 -0.31054688 0.10742188
v -0.05273438 -0.30273438 0.11132812
v -0.05273438 -0.29101562 0.12304688
v -0.05273438 -0.24804688 -0.09179688
v -0.05273438 -0.24023438 -0.04101562
v -0.05273438 -0.23632812 -0.10351562
v -0.05273438 -0.22070312 -0.14257812
v -0.05273438 -0.22070312 -0.10351562
v -0.05273438 -0.20898438 -0.12695312
v -0.05273438 -0.19726562 0.00976562
v -0.05273438 -0.16992188 -0.14648438
v -0.05273438 -0.16992188 0.26367188
v -0.05273438 -0.16601562 -0.17382812
v -0.05273438 -0.16210938 0.00585938
v -0.05273438 -0.16210938 0.28320312
v -0.05273438 -0.15820312 -0.18945312
v -0.05273438 -0.14257812 0.29882812
v -0.05273438 -0.13867188 0.00976562
v -0.05273438 -0.12304688 0.00195312
v -0.05273438 -0.12304688 0.31445312
v -0.05273438 -0.11523438 -0.00195312
v -0.05273438 -0.10351562 -0.20898438
v -0.05273438 -0.09960938 0.32226562
v -0.05273438 -0.09570312 -0.20507812
v -0.05273438 -0.08789062 -0.48242188
v -0.05273438 -0.07617188 0.33007812
v -0.05273438 -0.07226562 -0.02148438
v -0.05273438 -0.06054688 -0.49023438
v -0.05273438 -0.04882812 0.33789062
v -0.05273438 -0.04492188 -0.49414062
v -0.05273438 -0.04492188 -0.04882812
v -0.05273438 0.00195312 0.34960938
v -0.05273438 0.02929688 0.16992188
v -0.05273438 0.12304688 -0.22460938
v -0.05273438 0.12304688 0.37304688
v -0.05273438 0.13085938 -0.24804688
v -0.05273438 0.14257812 -0.27929688
v -0.05273438 0.14648438 -0.32226562
v -0.05273438 0.14648438 -0.30273438
v -0.05273438 0.14648438 0.49414062
v -0.05273438 0.16992188 0.49414062
v -0.05273438 0.19726562 0.48242188
v -0.05273438 0.33007812 0.24414062
v -0.05273438 0.38476562 0.31054688
v -0.05273438 0.38476562 0.34179688
v -0.05273438 0.39257812 0.29492188
v -0.05273438 0.41210938 0.37304688
v -0.05273438 0.44335938 0.30664062
v -0.05273438 0.44726562 0.35351562
v -0.04882812 -0.45898438 0.20898438
v -0.04882812 -0.45898438 0.22070312
v -0.04882812 -0.45507812 0.22851562
v -0.04882812 -0.45117188 0.23242188
v -0.04882812 -0.45117188 0.24023438
v -0.04882812 -0.42773438 0.32617188
v -0.04882812 -0.41601562 0.32226562
v -0.04882812 -0.38867188 0.28710938
v -0.04882812 -0.38085938 0.27148438
v -0.04882812 -0.33789062 0.26367188
v -0.04882812 -0.28320312 0.13085938
v -0.04882812 -0.27539062 0.13476562
v -0.04882812 -0.27148438 -0.05273438
v -0.04882812 -0.24804688 -0.05664062
v -0.04882812 -0.23632812 -0.02148438
v -0.04882812 -0.23242188 -0.11914062
v -0.04882812 -0.22851562 -0.13085938
v -0.04882812 -0.21679688 -0.11914062
v -0.04882812 -0.20507812 0.02148438
v -0.04882812 -0.20507812 0.09179688
v -0.04882812 -0.19726562 -0.14648438
v -0.04882812 -0.18554688 -0.14257812
v -0.04882812 -0.17773438 -0.15820312
v -0.04882812 -0.16992188 0.02148438
v -0.04882812 -0.16601562 -0.18945312
v -0.04882812 -0.15820312 -0.20898438
v -0.04882812 -0.15429688 -0.20898438
v -0.04882812 -0.14648438 -0.21289062
v -0.04882812 -0.14257812 -0.22851562
v -0.04882812 -0.13867188 -0.46679688
v -0.04882812 -0.13867188 -0.22851562
v -0.04882812 -0.13085938 -0.23242188
v -0.04882812 -0.13085938 0.00976562
v -0.04882812 -0.12695312 -0.47070312
v -0.04882812 -0.12695312 -0.23242188
v -0.04882812 -0.12304688 -0.23242188
v -0.04882812 -0.11523438 -0.23242188
v -0.04882812 -0.11132812 -0.00976562
v -0.04882812 -0.10742188 -0.01757812
v -0.04882812 -0.09570312 -0.47851562
v -0.04882812 -0.09570312 -0.00976562
v -0.04882812 -0.09179688 -0.24414062
v -0.04882812 0.01367188 -0.48242188
v -0.04882812 0.02539062 0.34960938
v -0.04882812 0.04101562 -0.09960938
v -0.04882812 0.04492188 -0.11523438
v -0.04882812 0.06054688 0.19726562
v -0.04882812 0.09570312 0.21679688
v -0.04882812 0.11523438 -0.20117188
v -0.04882812 0.12695312 0.19726562
v -0.04882812 0.21289062 0.46679688
v -0.04882812 0.33398438 0.41210938
v -0.04882812 0.34960938 0.25585938
v -0.04882812 0.35742188 0.38085938
v -0.04882812 0.38085938 0.31054688
v -0.04882812 0.38085938 0.31835938
v -0.04882812 0.38085938 0.32617188
v -0.04882812 0.38085938 0.33789062
v -0.04882812 0.38476562 0.29882812
v -0.04882812 0.38476562 0.35351562
v -0.04882812 0.39648438 0.36914062
v -0.04882812 0.40820312 0.28320312
v -0.04882812 0.43164062 0.37304688
v -0.04492188 -0.47070312 0.15039062
v -0.04492188 -0.47070312 0.18164062
v -0.04492188 -0.46679688 0.15039062
v -0.04492188 -0.46679688 0.18164062
v -0.04492188 -0.46289062 0.13085938
v -0.04492188 -0.46289062 0.13867188
v -0.04492188 -0.46289062 0.14257812
v -0.04492188 -0.45898438 0.12695312
v -0.04492188 -0.45898438 0.19726562
v -0.04492188 -0.45898438 0.20898438
v -0.04492188 -0.45898438 0.22070312
v -0.04492188 -0.45898438 0.27929688
v -0.04492188 -0.45898438 0.29492188
v -0.04492188 -0.45117188 0.22460938
v -0.04492188 -0.45117188 0.23242188
v -0.04492188 -0.44726562 0.12304688
v -0.04492188 -0.40039062 0.12695312
v -0.04492188 -0.38085938 0.25585938
v -0.04492188 -0.37304688 0.12695312
v -0.04492188 -0.33398438 0.12304688
v -0.04492188 -0.33007812 0.12304688
v -0.04492188 -0.32617188 0.25976562
v -0.04492188 -0.32226562 0.27148438
v -0.04492188 -0.30273438 0.28320312
v -0.04492188 -0.29492188 0.27539062
v -0.04492188 -0.29101562 0.27148438
v -0.04492188 -0.28710938 0.25976562
v -0.04492188 -0.28320312 -0.04492188
v -0.04492188 -0.28320312 0.13085938
v -0.04492188 -0.28320312 0.25585938
v -0.04492188 -0.27929688 0.13476562
v -0.04492188 -0.26757812 -0.04882812
v -0.04492188 -0.26757812 0.13476562
v -0.04492188 -0.26757812 0.25976562
v -0.04492188 -0.25585938 0.12695312
v -0.04492188 -0.25195312 -0.08007812
v -0.04492188 -0.24804688 0.11914062
v -0.04492188 -0.24414062 0.10351562
v -0.04492188 -0.24023438 -0.11914062
v -0.04492188 -0.24023438 -0.09570312
v -0.04492188 -0.24023438 -0.04492188
v -0.04492188 -0.23632812 -0.13085938
v -0.04492188 -0.23632812 0.26367188
v -0.04492188 -0.23242188 -0.13867188
v -0.04492188 -0.23242188 0.00976562
v -0.04492188 -0.22070312 -0.13867188
v -0.04492188 -0.21289062 -0.14648438
v -0.04492188 -0.21289062 -0.00976562
v -0.04492188 -0.19726562 0.04101562
v -0.04492188 -0.19726562 0.06054688
v -0.04492188 -0.19335938 -0.15039062
v -0.04492188 -0.18945312 0.08398438
v -0.04492188 -0.18164062 -0.14648438
v -0.04492188 -0.17773438 0.02929688
v -0.04492188 -0.16992188 -0.18164062
v -0.04492188 -0.16992188 -0.17773438
v -0.04492188 -0.16992188 0.08007812
v -0.04492188 -0.16601562 -0.20898438
v -0.04492188 -0.15429688 0.06835938
v -0.04492188 -0.15039062 -0.22851562
v -0.04492188 -0.14648438 -0.46679688
v -0.04492188 -0.14648438 -0.23242188
v -0.04492188 -0.14257812 0.01757812
v -0.04492188 -0.13476562 -0.41992188
v -0.04492188 -0.13085938 -0.24414062
v -0.04492188 -0.12695312 -0.24414062
v -0.04492188 -0.12304688 0.01367188
v -0.04492188 -0.11914062 -0.24414062
v -0.04492188 -0.10742188 -0.23242188
v -0.04492188 -0.10351562 -0.01367188
v -0.04492188 -0.09960938 -0.23242188
v -0.04492188 -0.09960938 -0.01367188
v -0.04492188 -0.02929688 0.10742188
v -0.04492188 -0.01757812 -0.49023438
v -0.04492188 -0.00585938 -0.06054688
v -0.04492188 0.01757812 0.15820312
v -0.04492188 0.05664062 0.35351562
v -0.04492188 0.10742188 -0.17773438
v -0.04492188 0.10742188 0.36132812
v -0.04492188 0.11914062 0.16601562
v -0.04492188 0.12304688 0.22460938
v -0.04492188 0.14257812 -0.36914062
v -0.04492188 0.14648438 0.16601562
v -0.04492188 0.15429688 -0.31445312
v -0.04492188 0.16992188 0.16992188
v -0.04492188 0.20117188 0.17773438
v -0.04492188 0.22460938 0.18554688
v -0.04492188 0.25195312 0.18945312
v -0.04492188 0.26367188 0.45117188
v -0.04492188 0.38085938 0.30273438
v -0.04492188 0.38085938 0.34960938
v -0.04492188 0.39257812 0.28710938
v -0.04492188 0.42773438 0.28710938
v -0.04492188 0.44335938 0.29882812
v -0.04492188 0.44726562 0.36132812
v -0.04101562 -0.46289062 0.13085938
v -0.04101562 -0.46289062 0.13867188
v -0.04101562 -0.46289062 0.14257812
v -0.04101562 -0.45898438 0.19726562
v -0.04101562 -0.45898438 0.20898438
v -0.04101562 -0.45507812 0.26367188
v -0.04101562 -0.45117188 0.21289062
v -0.04101562 -0.43164062 0.25195312
v -0.04101562 -0.43164062 0.29101562
v -0.04101562 -0.41601562 0.28710938
v -0.04101562 -0.31445312 0.27539062
v -0.04101562 -0.31054688 0.10742188
v -0.04101562 -0.30273438 0.11132812
v -0.04101562 -0.29101562 0.12304688
v -0.04101562 -0.27148438 -0.02929688
v -0.04101562 -0.25976562 -0.03320312
v -0.04101562 -0.25585938 -0.05664062
v -0.04101562 -0.25195312 -0.09960938
v -0.04101562 -0.24804688 -0.08398438
v -0.04101562 -0.24804688 -0.04101562
v -0.04101562 -0.24023438 -0.01757812
v -0.04101562 -0.22851562 0.07226562
v -0.04101562 -0.22070312 -0.14257812
v -0.04101562 -0.22070312 0.03320312
v -0.04101562 -0.20507812 -0.15039062
v -0.04101562 -0.18554688 -0.15429688
v -0.04101562 -0.17773438 -0.16992188
v -0.04101562 -0.16992188 0.28320312
v -0.04101562 -0.15429688 -0.23242188
v -0.04101562 -0.14648438 0.02539062
v -0.04101562 -0.14648438 0.07617188
v -0.04101562 -0.14257812 -0.24804688
v -0.04101562 -0.13867188 -0.25976562
v -0.04101562 -0.13867188 -0.24804688
v -0.04101562 -0.13867188 -0.24414062
v -0.04101562 -0.13476562 -0.25585938
v -0.04101562 -0.13476562 -0.24414062
v -0.04101562 -0.13476562 0.01757812
v -0.04101562 -0.13476562 0.02539062
v -0.04101562 -0.13476562 0.06445312
v -0.04101562 -0.13085938 -0.25585938
v -0.04101562 -0.12304688 -0.25585938
v -0.04101562 -0.12304688 0.01757812
v -0.04101562 -0.11914062 -0.40039062
v -0.04101562 -0.11914062 -0.25976562
v -0.04101562 -0.11914062 0.00585938
v -0.04101562 -0.11914062 0.00976562
v -0.04101562 -0.11523438 -0.24804688
v -0.04101562 -0.11523438 0.01367188
v -0.04101562 -0.11132812 0.00195312
v -0.04101562 -0.11132812 0.00585938
v -0.04101562 -0.10742188 -0.24804688
v -0.04101562 -0.10742188 -0.00585938
v -0.04101562 -0.10742188 -0.00195312
v -0.04101562 -0.10742188 0.00976562
v -0.04101562 -0.10351562 -0.36914062
v -0.04101562 -0.10351562 -0.24804688
v -0.04101562 -0.10351562 0.00195312
v -0.04101562 -0.10351562 0.33007812
v -0.04101562 -0.09960938 -0.33007812
v -0.04101562 -0.09570312 0.00585938
v -0.04101562 -0.08398438 -0.00585938
v -0.04101562 -0.08007812 0.33789062
v -0.04101562 -0.05664062 0.34960938
v -0.04101562 -0.04101562 -0.04492188
v -0.04101562 -0.02929688 0.35351562
v -0.04101562 -0.02539062 -0.04882812
v -0.04101562 -0.00585938 0.35351562
v -0.04101562 0.00585938 0.14257812
v -0.04101562 0.02148438 -0.07617188
v -0.04101562 0.03710938 -0.47851562
v -0.04101562 0.08007812 -0.45898438
v -0.04101562 0.08398438 -0.14257812
v -0.04101562 0.08398438 0.35742188
v -0.04101562 0.08789062 -0.14257812
v -0.04101562 0.09570312 -0.15429688
v -0.04101562 0.10351562 -0.43554688
v -0.04101562 0.14257812 0.21679688
v -0.04101562 0.15039062 -0.29882812
v -0.04101562 0.15039062 -0.28320312
v -0.04101562 0.15039062 0.21289062
v -0.04101562 0.15429688 -0.32617188
v -0.04101562 0.18945312 0.48632812
v -0.04101562 0.20117188 0.47460938
v -0.04101562 0.22070312 0.46289062
v -0.04101562 0.27148438 0.45117188
v -0.04101562 0.27539062 0.19335938
v -0.04101562 0.27929688 0.45507812
v -0.04101562 0.29492188 0.20117188
v -0.04101562 0.30664062 0.20898438
v -0.04101562 0.31054688 0.22070312
v -0.04101562 0.33007812 0.23632812
v -0.04101562 0.34960938 0.24804688
v -0.04101562 0.38085938 0.29492188
v -0.04101562 0.38476562 0.29101562
v -0.04101562 0.38476562 0.35742188
v -0.04101562 0.38867188 0.36132812
v -0.04101562 0.40039062 0.38085938
v -0.04101562 0.40820312 0.27539062
v -0.04101562 0.41210938 0.38476562
v -0.04101562 0.42773438 0.27929688
v -0.04101562 0.43164062 0.38085938
v -0.04101562 0.44335938 0.29101562
v -0.04101562 0.44726562 0.36914062
v -0.04101562 0.45507812 0.31054688
v -0.04101562 0.45898438 0.32226562
v -0.04101562 0.45898438 0.34179688
v -0.03710938 -0.47070312 0.15039062
v -0.03710938 -0.47070312 0.18164062
v -0.03710938 -0.46679688 0.15039062
v -0.03710938 -0.46679688 0.18164062
v -0.03710938 -0.45898438 0.13476562
v -0.03710938 -0.45898438 0.13867188
v -0.03710938 -0.45507812 0.12695312
v -0.03710938 -0.45507812 0.22460938
v -0.03710938 -0.44726562 0.12304688
v -0.03710938 -0.43164062 0.25976562
v -0.03710938 -0.43164062 0.27929688
v -0.03710938 -0.42773438 0.24804688
v -0.03710938 -0.41992188 0.25585938
v -0.03710938 -0.41992188 0.27148438
v -0.03710938 -0.40039062 0.12695312
v -0.03710938 -0.38085938 0.24414062
v -0.03710938 -0.37304688 0.13085938
v -0.03710938 -0.33789062 0.24804688
v -0.03710938 -0.32617188 0.11132812
v -0.03710938 -0.32617188 0.24414062
v -0.03710938 -0.32226562 0.10351562
v -0.03710938 -0.27148438 0.13476562
v -0.03710938 -0.24414062 0.00585938
v -0.03710938 -0.23632812 -0.13085938
v -0.03710938 -0.23632812 -0.00976562
v -0.03710938 -0.21679688 -0.14648438
v -0.03710938 -0.21289062 0.05664062
v -0.03710938 -0.21289062 0.25976562
v -0.03710938 -0.19335938 -0.15429688
v -0.03710938 -0.17382812 0.04492188
v -0.03710938 -0.15039062 0.03320312
v -0.03710938 -0.14648438 0.30664062
v -0.03710938 -0.13085938 -0.26367188
v -0.03710938 -0.12695312 0.07617188
v -0.03710938 -0.12695312 0.31835938
v -0.03710938 -0.11914062 0.02148438
v -0.03710938 -0.11523438 -0.25976562
v -0.03710938 -0.05664062 -0.02539062
v -0.03710938 -0.04492188 -0.49414062
v -0.03710938 -0.00585938 -0.49023438
v -0.03710938 0.02148438 0.35742188
v -0.03710938 0.04492188 0.17773438
v -0.03710938 0.11914062 0.37695312
v -0.03710938 0.12304688 0.38867188
v -0.03710938 0.12304688 0.41210938
v -0.03710938 0.12695312 0.43945312
v -0.03710938 0.13867188 -0.25195312
v -0.03710938 0.14648438 -0.32226562
v -0.03710938 0.16992188 0.49023438
v -0.03710938 0.20898438 0.46679688
v -0.03710938 0.36132812 0.39257812
v -0.03710938 0.38867188 0.36914062
v -0.03710938 0.39257812 0.28320312
v -0.03710938 0.43945312 0.28710938
v -0.03320312 -0.45898438 0.14257812
v -0.03320312 -0.45898438 0.19726562
v -0.03320312 -0.45507812 0.13867188
v -0.03320312 -0.45507812 0.21289062
v -0.03320312 -0.45117188 0.19726562
v -0.03320312 -0.33398438 0.13085938
v -0.03320312 -0.33007812 0.12695312
v -0.03320312 -0.28320312 0.24023438
v -0.03320312 -0.26367188 -0.00976562
v -0.03320312 -0.25976562 -0.04101562
v -0.03320312 -0.25976562 0.12695312
v -0.03320312 -0.25585938 -0.08789062
v -0.03320312 -0.25585938 -0.00976562
v -0.03320312 -0.25585938 0.00976562
v -0.03320312 -0.25195312 -0.10351562
v -0.03320312 -0.24804688 0.03320312
v -0.03320312 -0.24414062 -0.12304688
v -0.03320312 -0.24414062 0.05664062
v -0.03320312 -0.24023438 0.06835938
v -0.03320312 -0.23242188 -0.13867188
v -0.03320312 -0.23242188 0.05664062
v -0.03320312 -0.22070312 0.08007812
v -0.03320312 -0.21679688 -0.13085938
v -0.03320312 -0.20507812 -0.15429688
v -0.03320312 -0.18945312 0.25585938
v -0.03320312 -0.16992188 0.05664062
v -0.03320312 -0.15820312 -0.20117188
v -0.03320312 -0.12695312 0.02929688
v -0.03320312 -0.12304688 0.02148438
v -0.03320312 -0.11132812 -0.23632812
v -0.03320312 -0.11132812 0.02539062
v -0.03320312 -0.10742188 -0.43554688
v -0.03320312 -0.10742188 0.01757812
v -0.03320312 -0.10351562 0.00976562
v -0.03320312 -0.09570312 -0.25585938
v -0.03320312 -0.09179688 -0.29882812
v -0.03320312 -0.09179688 0.00976562
v -0.03320312 -0.08007812 -0.49023438
v -0.03320312 -0.00976562 0.12304688
v -0.03320312 -0.00585938 -0.05664062
v -0.03320312 0.03320312 0.16210938
v -0.03320312 0.04882812 -0.09570312
v -0.03320312 0.08398438 0.20507812
v -0.03320312 0.13085938 -0.22460938
v -0.03320312 0.13085938 0.45898438
v -0.03320312 0.13476562 -0.39648438
v -0.03320312 0.13867188 0.47851562
v -0.03320312 0.15039062 -0.31445312
v -0.03320312 0.15039062 0.49023438
v -0.03320312 0.18945312 0.47851562
v -0.03320312 0.23632812 0.45898438
v -0.03320312 0.38085938 0.29101562
v -0.03320312 0.38476562 0.28710938
v -0.03320312 0.38476562 0.36523438
v -0.03320312 0.41210938 0.38867188
v -0.03320312 0.44726562 0.37304688
v -0.03320312 0.45898438 0.35742188
v -0.02929688 -0.45507812 0.13867188
v -0.02929688 -0.43164062 0.22851562
v -0.02929688 -0.38085938 0.22851562
v -0.02929688 -0.37304688 0.13476562
v -0.02929688 -0.33789062 0.22851562
v -0.02929688 -0.32617188 0.11914062
v -0.02929688 -0.32226562 0.25195312
v -0.02929688 -0.28710938 0.24804688
v -0.02929688 -0.28320312 0.13476562
v -0.02929688 -0.27929688 0.13476562
v -0.02929688 -0.26757812 0.24414062
v -0.02929688 -0.24804688 -0.06054688
v -0.02929688 -0.23632812 0.02929688
v -0.02929688 -0.23632812 0.07226562
v -0.02929688 -0.23242188 -0.12304688
v -0.02929688 -0.22460938 -0.14648438
v -0.02929688 -0.22460938 -0.12695312
v -0.02929688 -0.21289062 -0.14648438
v -0.02929688 -0.17773438 -0.16601562
v -0.02929688 -0.16601562 -0.18554688
v -0.02929688 -0.16601562 -0.18164062
v -0.02929688 -0.15039062 0.04492188
v -0.02929688 -0.11132812 -0.36914062
v -0.02929688 -0.09960938 0.01757812
v -0.02929688 -0.09570312 -0.28320312
v -0.02929688 0.00585938 -0.49023438
v -0.02929688 0.02148438 0.15039062
v -0.02929688 0.02929688 -0.07226562
v -0.02929688 0.05273438 0.35742188
v -0.02929688 0.05664062 -0.11523438
v -0.02929688 0.08007812 0.36132812
v -0.02929688 0.10351562 0.36523438
v -0.02929688 0.12304688 -0.20117188
v -0.02929688 0.15429688 -0.33007812
v -0.02929688 0.38867188 0.28320312
v -0.02929688 0.39257812 0.27539062
v -0.02929688 0.40039062 0.38476562
v -0.02929688 0.40820312 0.27539062
v -0.02929688 0.41210938 0.39257812
v -0.02929688 0.42382812 0.27539062
v -0.02929688 0.43164062 0.38476562
v -0.02929688 0.43164062 0.38867188
v -0.02929688 0.45507812 0.29882812
v -0.02929688 0.46289062 0.31445312
v -0.02929688 0.46679688 0.33007812
v -0.02539062 -0.46679688 0.15039062
v -0.02539062 -0.46679688 0.18164062
v -0.02539062 -0.45507812 0.13085938
v -0.02539062 -0.45507812 0.15039062
v -0.02539062 -0.45117188 0.19726562
v -0.02539062 -0.43554688 0.13085938
v -0.02539062 -0.40039062 0.13476562
v -0.02539062 -0.33398438 0.13476562
v -0.02539062 -0.33007812 0.13476562
v -0.02539062 -0.33007812 0.22851562
v -0.02539062 -0.32226562 0.10742188
v -0.02539062 -0.31445312 0.25585938
v -0.02539062 -0.31054688 0.11132812
v -0.02539062 -0.30273438 0.11914062
v -0.02539062 -0.30273438 0.25976562
v -0.02539062 -0.29492188 0.25585938
v -0.02539062 -0.29101562 0.12304688
v -0.02539062 -0.29101562 0.25195312
v -0.02539062 -0.27148438 0.13476562
v -0.02539062 -0.26757812 -0.01367188
v -0.02539062 -0.26367188 0.11132812
v -0.02539062 -0.25976562 0.00585938
v -0.02539062 -0.25585938 -0.11132812
v -0.02539062 -0.25585938 0.03320312
v -0.02539062 -0.24804688 -0.11914062
v -0.02539062 -0.24804688 0.06445312
v -0.02539062 -0.22851562 -0.14257812
v -0.02539062 -0.22851562 -0.13085938
v -0.02539062 -0.22070312 -0.13476562
v -0.02539062 -0.21679688 -0.15039062
v -0.02539062 -0.21679688 -0.14257812
v -0.02539062 -0.20898438 -0.14648438
v -0.02539062 -0.20117188 -0.15039062
v -0.02539062 -0.18554688 -0.16210938
v -0.02539062 -0.18164062 0.27539062
v -0.02539062 -0.14648438 0.05664062
v -0.02539062 -0.14257812 -0.20898438
v -0.02539062 -0.13085938 -0.21289062
v -0.02539062 -0.13085938 0.04101562
v -0.02539062 -0.12695312 -0.47460938
v -0.02539062 -0.12695312 0.06054688
v -0.02539062 -0.11914062 -0.22070312
v -0.02539062 -0.10351562 -0.40429688
v -0.02539062 -0.10351562 -0.33398438
v -0.02539062 -0.10351562 0.02148438
v -0.02539062 -0.09960938 -0.25976562
v -0.02539062 -0.08789062 -0.48632812
v -0.02539062 -0.08789062 0.07617188
v -0.02539062 -0.07226562 -0.00585938
v -0.02539062 -0.06054688 -0.49414062
v -0.02539062 -0.00976562 0.36132812
v -0.02539062 -0.00585938 -0.04882812
v -0.02539062 0.00976562 0.13867188
v -0.02539062 0.01757812 -0.48632812
v -0.02539062 0.06054688 -0.47070312
v -0.02539062 0.06054688 0.18164062
v -0.02539062 0.07617188 -0.10742188
v -0.02539062 0.11132812 0.21679688
v -0.02539062 0.11523438 -0.17773438
v -0.02539062 0.13085938 0.21289062
v -0.02539062 0.14648438 0.20898438
v -0.02539062 0.15820312 -0.31445312
v -0.02539062 0.16210938 -0.29492188
v -0.02539062 0.17382812 0.47851562
v -0.02539062 0.19335938 0.46679688
v -0.02539062 0.26757812 0.45507812
v -0.02539062 0.27539062 0.45507812
v -0.02539062 0.28710938 0.46289062
v -0.02539062 0.31445312 0.45507812
v -0.02539062 0.31835938 0.43554688
v -0.02539062 0.33007812 0.22851562
v -0.02539062 0.33789062 0.41992188
v -0.02539062 0.34570312 0.23632812
v -0.02539062 0.38085938 0.28320312
v -0.02539062 0.38476562 0.36914062
v -0.02539062 0.38867188 0.37304688
v -0.02539062 0.39648438 0.38867188
v -0.02539062 0.43945312 0.28320312
v -0.02539062 0.44726562 0.38085938
v -0.02539062 0.45507812 0.37304688
v -0.02539062 0.46679688 0.34179688
v -0.02148438 -0.47070312 0.15039062
v -0.02148438 -0.47070312 0.18164062
v -0.02148438 -0.45507812 0.13476562
v -0.02148438 -0.45507812 0.18164062
v -0.02148438 -0.43554688 0.20898438
v -0.02148438 -0.38085938 0.20507812
v -0.02148438 -0.37304688 0.14257812
v -0.02148438 -0.33789062 0.20507812
v -0.02148438 -0.26757812 0.13085938
v -0.02148438 -0.26367188 -0.11132812
v -0.02148438 -0.26367188 -0.09179688
v -0.02148438 -0.26367188 0.00585938
v -0.02148438 -0.26367188 0.12695312
v -0.02148438 -0.25976562 -0.01757812
v -0.02148438 -0.25976562 0.03320312
v -0.02148438 -0.24414062 0.24023438
v -0.02148438 -0.23632812 -0.12304688
v -0.02148438 -0.19726562 -0.15429688
v -0.02148438 -0.16992188 -0.17382812
v -0.02148438 -0.15039062 0.31054688
v -0.02148438 -0.13476562 0.04882812
v -0.02148438 -0.13085938 0.32617188
v -0.02148438 -0.11914062 0.06835938
v -0.02148438 -0.11132812 0.02539062
v -0.02148438 -0.10742188 0.33398438
v -0.02148438 -0.09570312 -0.29882812
v -0.02148438 -0.08398438 0.34179688
v -0.02148438 -0.06445312 0.35351562
v -0.02148438 -0.04882812 -0.02539062
v -0.02148438 -0.03710938 0.35742188
v -0.02148438 0.01367188 0.36132812
v -0.02148438 0.06445312 -0.11523438
v -0.02148438 0.08789062 -0.13867188
v -0.02148438 0.09960938 -0.44335938
v -0.02148438 0.10351562 -0.15039062
v -0.02148438 0.11914062 0.16992188
v -0.02148438 0.12304688 0.18554688
v -0.02148438 0.14648438 0.16992188
v -0.02148438 0.15820312 -0.33398438
v -0.02148438 0.17382812 0.16992188
v -0.02148438 0.20117188 0.17382812
v -0.02148438 0.22851562 0.18164062
v -0.02148438 0.22851562 0.46679688
v -0.02148438 0.25585938 0.18164062
v -0.02148438 0.29492188 0.19726562
v -0.02148438 0.30273438 0.20507812
v -0.02148438 0.31054688 0.21679688
v -0.02148438 0.38867188 0.37695312
v -0.02148438 0.45117188 0.29101562
v -0.01757812 -0.45507812 0.15039062
v -0.01757812 -0.44726562 0.16601562
v -0.01757812 -0.43554688 0.13476562
v -0.01757812 -0.41210938 0.18164062
v -0.01757812 -0.40429688 0.13867188
v -0.01757812 -0.38085938 0.18554688
v -0.01757812 -0.37695312 0.17382812
v -0.01757812 -0.33789062 0.18554688
v -0.01757812 -0.33398438 0.15039062
v -0.01757812 -0.33007812 0.20898438
v -0.01757812 -0.32617188 0.13085938
v -0.01757812 -0.28710938 0.13867188
v -0.01757812 -0.28320312 0.13867188
v -0.01757812 -0.28320312 0.23242188
v -0.01757812 -0.27929688 0.22851562
v -0.01757812 -0.25585938 -0.06445312
v -0.01757812 -0.25585938 -0.03320312
v -0.01757812 -0.25585938 0.06054688
v -0.01757812 -0.24804688 -0.11914062
v -0.01757812 -0.24804688 0.09570312
v -0.01757812 -0.23632812 -0.14257812
v -0.01757812 -0.23632812 -0.11914062
v -0.01757812 -0.22460938 -0.15039062
v -0.01757812 -0.20898438 -0.15429688
v -0.01757812 -0.11523438 0.03320312
v -0.01757812 -0.10351562 -0.43554688
v -0.01757812 -0.09179688 -0.28320312
v -0.01757812 -0.08007812 0.00585938
v -0.01757812 -0.06835938 0.08398438
v -0.01757812 -0.05273438 0.08789062
v -0.01757812 -0.04101562 -0.03320312
v -0.01757812 -0.02539062 -0.49414062
v -0.01757812 -0.00585938 -0.03710938
v -0.01757812 0.02929688 0.15039062
v -0.01757812 0.03320312 -0.06054688
v -0.01757812 0.04492188 0.16210938
v -0.01757812 0.04492188 0.36523438
v -0.01757812 0.06054688 -0.11523438
v -0.01757812 0.06054688 -0.08398438
v -0.01757812 0.07226562 -0.10742188
v -0.01757812 0.07617188 0.36523438
v -0.01757812 0.11914062 0.37695312
v -0.01757812 0.11914062 0.39257812
v -0.01757812 0.12304688 0.41601562
v -0.01757812 0.12695312 0.43945312
v -0.01757812 0.16210938 -0.30664062
v -0.01757812 0.21289062 0.46679688
v -0.01757812 0.24023438 0.46289062
v -0.01757812 0.27929688 0.18945312
v -0.01757812 0.36132812 0.40039062
v -0.01757812 0.38085938 0.27929688
v -0.01757812 0.38476562 0.37304688
v -0.01757812 0.38867188 0.27539062
v -0.01757812 0.39257812 0.27539062
v -0.01757812 0.40820312 0.27148438
v -0.01757812 0.43164062 0.39257812
v -0.01757812 0.45507812 0.37695312
v -0.01367188 -0.43554688 0.15429688
v -0.01367188 -0.40820312 0.16210938
v -0.01367188 -0.33398438 0.17382812
v -0.01367188 -0.32617188 0.15039062
v -0.01367188 -0.32617188 0.17382812
v -0.01367188 -0.32617188 0.18945312
v -0.01367188 -0.32226562 0.12304688
v -0.01367188 -0.32226562 0.23632812
v -0.01367188 -0.31054688 0.12304688
v -0.01367188 -0.30273438 0.12695312
v -0.01367188 -0.29492188 0.13085938
v -0.01367188 -0.28710938 0.23632812
v -0.01367188 -0.27539062 0.00195312
v -0.01367188 -0.27539062 0.02539062
v -0.01367188 -0.27539062 0.14257812
v -0.01367188 -0.26757812 -0.09179688
v -0.01367188 -0.26757812 -0.01757812
v -0.01367188 -0.26757812 0.22070312
v -0.01367188 -0.26367188 -0.11132812
v -0.01367188 -0.25585938 -0.04101562
v -0.01367188 -0.24023438 -0.13085938
v -0.01367188 -0.23632812 -0.14648438
v -0.01367188 -0.20117188 -0.15429688
v -0.01367188 -0.17773438 -0.17382812
v -0.01367188 -0.12695312 -0.48242188
v -0.01367188 -0.11914062 0.04101562
v -0.01367188 -0.05664062 -0.01367188
v -0.01367188 -0.04101562 -0.02148438
v -0.01367188 -0.03710938 -0.49414062
v -0.01367188 -0.03320312 0.09570312
v -0.01367188 0.07617188 -0.13085938
v -0.01367188 0.08789062 0.19726562
v -0.01367188 0.09960938 0.36914062
v -0.01367188 0.13476562 0.45898438
v -0.01367188 0.14257812 -0.18945312
v -0.01367188 0.15429688 0.47851562
v -0.01367188 0.16601562 -0.29101562
v -0.01367188 0.20117188 0.45898438
v -0.01367188 0.39648438 0.38867188
v -0.01367188 0.41210938 0.39648438
v -0.01367188 0.42382812 0.27539062
v -0.01367188 0.43945312 0.27929688
v -0.01367188 0.44726562 0.38476562
v -0.01367188 0.46289062 0.31054688
v -0.01367188 0.46679688 0.34960938
v -0.00976562 -0.32617188 0.14648438
v -0.00976562 -0.31445312 0.24023438
v -0.00976562 -0.29492188 0.23632812
v -0.00976562 -0.28710938 0.14648438
v -0.00976562 -0.27148438 -0.06835938
v -0.00976562 -0.26757812 -0.09570312
v -0.00976562 -0.24804688 -0.11132812
v -0.00976562 -0.24414062 -0.13867188
v -0.00976562 -0.24414062 -0.13476562
v -0.00976562 -0.23632812 -0.11132812
v -0.00976562 -0.21679688 -0.15039062
v -0.00976562 -0.21679688 0.22070312
v -0.00976562 -0.20117188 0.24023438
v -0.00976562 -0.18945312 -0.16992188
v -0.00976562 -0.16992188 -0.20117188
v -0.00976562 -0.16992188 -0.19335938
v -0.00976562 -0.16992188 0.29492188
v -0.00976562 -0.13085938 0.05664062
v -0.00976562 -0.11523438 0.06054688
v -0.00976562 -0.10742188 -0.24804688
v -0.00976562 -0.10742188 0.06445312
v -0.00976562 -0.09960938 0.02929688
v -0.00976562 -0.09570312 -0.48242188
v -0.00976562 -0.09179688 -0.40039062
v -0.00976562 -0.08789062 0.02148438
v -0.00976562 -0.08398438 0.01367188
v -0.00976562 -0.06445312 -0.49023438
v -0.00976562 -0.06445312 -0.00195312
v -0.00976562 -0.01367188 0.10742188
v -0.00976562 -0.00976562 -0.49023438
v -0.00976562 -0.00195312 -0.04492188
v -0.00976562 0.01367188 0.36523438
v -0.00976562 0.02929688 -0.06445312
v -0.00976562 0.04101562 -0.48242188
v -0.00976562 0.04882812 -0.09179688
v -0.00976562 0.05664062 -0.11132812
v -0.00976562 0.07226562 0.18164062
v -0.00976562 0.07617188 -0.46289062
v -0.00976562 0.11132812 0.20898438
v -0.00976562 0.12304688 0.18164062
v -0.00976562 0.13085938 0.20898438
v -0.00976562 0.13476562 -0.20117188
v -0.00976562 0.13867188 -0.40429688
v -0.00976562 0.14257812 0.20898438
v -0.00976562 0.14257812 0.47460938
v -0.00976562 0.14648438 -0.22460938
v -0.00976562 0.15039062 -0.24804688
v -0.00976562 0.15039062 -0.24414062
v -0.00976562 0.15429688 -0.26757812
v -0.00976562 0.15429688 -0.21679688
v -0.00976562 0.16210938 -0.28320312
v -0.00976562 0.16210938 -0.26367188
v -0.00976562 0.16601562 -0.28710938
v -0.00976562 0.16601562 -0.27148438
v -0.00976562 0.17773438 0.46289062
v -0.00976562 0.20117188 0.45507812
v -0.00976562 0.21679688 0.45507812
v -0.00976562 0.22851562 0.45507812
v -0.00976562 0.26757812 0.45898438
v -0.00976562 0.38085938 0.27148438
v -0.00976562 0.38867188 0.27539062
v -0.00976562 0.39257812 0.27539062
v -0.00976562 0.46289062 0.30273438
v -0.00976562 0.46289062 0.36132812
v -0.00976562 0.47070312 0.32226562
v -0.00585938 -0.32226562 0.21289062
v -0.00585938 -0.31835938 0.14257812
v -0.00585938 -0.30273438 0.24023438
v -0.00585938 -0.29492188 0.14257812
v -0.00585938 -0.27929688 0.13867188
v -0.00585938 -0.27929688 0.14648438
v -0.00585938 -0.27539062 0.13085938
v -0.00585938 -0.27148438 0.06054688
v -0.00585938 -0.27148438 0.12304688
v -0.00585938 -0.26367188 0.20507812
v -0.00585938 -0.24804688 -0.13085938
v -0.00585938 -0.24023438 -0.12304688
v -0.00585938 -0.23242188 -0.14648438
v -0.00585938 -0.20898438 -0.15429688
v -0.00585938 -0.19726562 -0.16601562
v -0.00585938 -0.18945312 0.27148438
v -0.00585938 -0.15039062 0.31445312
v -0.00585938 -0.13085938 0.33007812
v -0.00585938 -0.12304688 0.04882812
v -0.00585938 -0.11132812 0.33789062
v -0.00585938 -0.10351562 0.03320312
v -0.00585938 -0.09960938 -0.26367188
v -0.00585938 -0.09570312 -0.36523438
v -0.00585938 -0.09570312 -0.33007812
v -0.00585938 -0.08789062 0.34960938
v -0.00585938 -0.06445312 0.35742188
v -0.00585938 -0.04101562 -0.02148438
v -0.00585938 -0.03710938 0.36132812
v -0.00585938 -0.01367188 0.36523438
v -0.00585938 0.00585938 0.12695312
v -0.00585938 0.02929688 0.14257812
v -0.00585938 0.04492188 0.36914062
v -0.00585938 0.05273438 0.15820312
v -0.00585938 0.07226562 0.36914062
v -0.00585938 0.07617188 -0.12695312
v -0.00585938 0.08789062 -0.13867188
v -0.00585938 0.09960938 0.36914062
v -0.00585938 0.10742188 -0.15429688
v -0.00585938 0.11914062 0.37695312
v -0.00585938 0.12304688 0.39257812
v -0.00585938 0.12304688 0.41601562
v -0.00585938 0.12695312 -0.17773438
v -0.00585938 0.12695312 0.43945312
v -0.00585938 0.14257812 -0.20117188
v -0.00585938 0.15820312 -0.24023438
v -0.00585938 0.16992188 -0.30273438
v -0.00585938 0.19335938 0.45898438
v -0.00585938 0.19726562 0.45117188
v -0.00585938 0.27929688 0.45898438
v -0.00585938 0.34570312 0.23632812
v -0.00585938 0.38476562 0.37304688
v -0.00585938 0.39257812 0.38867188
v -0.00585938 0.40820312 0.27148438
v -0.00585938 0.40820312 0.39648438
v -0.00585938 0.42382812 0.27539062
v -0.00585938 0.42773438 0.39648438
v -0.00585938 0.43945312 0.27929688
v -0.00585938 0.44726562 0.28710938
v -0.00585938 0.47070312 0.33007812
v -0.00195312 -0.32226562 0.17382812
v -0.00195312 -0.32226562 0.19726562
v -0.00195312 -0.31445312 0.21679688
v -0.00195312 -0.31054688 0.14257812
v -0.00195312 -0.30273438 0.14257812
v -0.00195312 -0.27929688 0.18554688
v -0.00195312 -0.27148438 -0.07226562
v -0.00195312 -0.25976562 -0.09960938
v -0.00195312 -0.25585938 -0.11132812
v -0.00195312 -0.24414062 -0.13867188
v -0.00195312 -0.24414062 -0.13476562
v -0.00195312 -0.24414062 -0.11132812
v -0.00195312 -0.17773438 -0.18945312
v -0.00195312 -0.11914062 -0.24414062
v -0.00195312 -0.11132812 0.04492188
v -0.00195312 -0.09179688 -0.29882812
v -0.00195312 -0.09179688 -0.28320312
v -0.00195312 -0.09179688 0.02929688
v -0.00195312 -0.06445312 0.00585938
v -0.00195312 -0.05664062 -0.49023438
v -0.00195312 0.08398438 -0.13085938
v -0.00195312 0.11132812 -0.15429688
v -0.00195312 0.13085938 -0.17773438
v -0.00195312 0.13476562 0.45898438
v -0.00195312 0.14648438 0.17382812
v -0.00195312 0.15039062 0.47070312
v -0.00195312 0.16210938 0.47070312
v -0.00195312 0.17382812 0.17382812
v -0.00195312 0.20117188 0.17773438
v -0.00195312 0.23632812 0.45898438
v -0.00195312 0.24414062 0.46289062
v -0.00195312 0.30273438 0.20117188
v -0.00195312 0.31054688 0.21289062
v -0.00195312 0.33007812 0.22460938
v -0.00195312 0.36132812 0.40039062
v -0.00195312 0.38476562 0.27539062
v -0.00195312 0.39257812 0.27539062
v -0.00195312 0.44726562 0.38867188
v 0.00195312 -0.31445312 0.17382812
v 0.00195312 -0.31445312 0.20117188
v 0.00195312 -0.30273438 0.21679688
v 0.00195312 -0.29101562 0.16992188
v 0.00195312 -0.29101562 0.21289062
v 0.00195312 -0.28710938 0.00195312
v 0.00195312 -0.28710938 0.18164062
v 0.00195312 -0.28710938 0.20898438
v 0.00195312 -0.28320312 -0.04882812
v 0.00195312 -0.28320312 0.19726562
v 0.00195312 -0.27148438 -0.02148438
v 0.00195312 -0.26367188 -0.04101562
v 0.00195312 -0.24804688 -0.13085938
v 0.00195312 -0.24023438 -0.12304688
v 0.00195312 -0.24023438 -0.11914062
v 0.00195312 -0.22460938 -0.14257812
v 0.00195312 -0.20898438 -0.15820312
v 0.00195312 -0.18164062 -0.18554688
v 0.00195312 -0.14648438 -0.22460938
v 0.00195312 -0.13476562 -0.23242188
v 0.00195312 -0.12304688 0.05664062
v 0.00195312 -0.10742188 -0.43164062
v 0.00195312 -0.10351562 0.06445312
v 0.00195312 -0.08398438 0.06835938
v 0.00195312 -0.06835938 0.07226562
v 0.00195312 -0.04101562 -0.49023438
v 0.00195312 0.05273438 -0.06445312
v 0.00195312 0.06445312 -0.08007812
v 0.00195312 0.06835938 -0.09960938
v 0.00195312 0.07617188 -0.11523438
v 0.00195312 0.16992188 -0.31054688
v 0.00195312 0.23242188 0.18554688
v 0.00195312 0.25585938 0.18164062
v 0.00195312 0.27929688 0.18554688
v 0.00195312 0.29492188 0.19726562
v 0.00195312 0.39257812 0.38867188
v 0.00195312 0.40820312 0.27539062
v 0.00195312 0.42382812 0.27539062
v 0.00195312 0.43554688 0.27929688
v 0.00195312 0.46679688 0.31445312
v 0.00195312 0.47070312 0.33398438
v 0.00585938 -0.30664062 0.17382812
v 0.00585938 -0.30273438 0.20117188
v 0.00585938 -0.29492188 0.20117188
v 0.00585938 -0.29101562 0.17382812
v 0.00585938 -0.28710938 0.16601562
v 0.00585938 -0.28710938 0.18945312
v 0.00585938 -0.28320312 0.07617188
v 0.00585938 -0.27539062 0.10351562
v 0.00585938 -0.24023438 -0.13867188
v 0.00585938 -0.19726562 -0.17382812
v 0.00585938 -0.18554688 -0.18164062
v 0.00585938 -0.15820312 -0.21289062
v 0.00585938 -0.12304688 -0.49414062
v 0.00585938 -0.11523438 0.04882812
v 0.00585938 -0.10742188 0.06054688
v 0.00585938 -0.09570312 0.03320312
v 0.00585938 -0.06054688 0.00585938
v 0.00585938 -0.05273438 0.08007812
v 0.00585938 -0.03320312 0.08789062
v 0.00585938 -0.02929688 -0.00976562
v 0.00585938 0.00195312 -0.49023438
v 0.00585938 0.00195312 -0.02539062
v 0.00585938 0.03320312 -0.04882812
v 0.00585938 0.06054688 -0.47070312
v 0.00585938 0.09570312 0.19726562
v 0.00585938 0.11132812 0.20898438
v 0.00585938 0.11914062 0.17773438
v 0.00585938 0.13085938 0.21289062
v 0.00585938 0.14257812 0.20898438
v 0.00585938 0.15429688 -0.26757812
v 0.00585938 0.16210938 -0.35742188
v 0.00585938 0.21289062 0.44726562
v 0.00585938 0.33789062 0.42382812
v 0.00585938 0.38476562 0.37304688
v 0.00585938 0.44726562 0.29101562
v 0.00976562 -0.29492188 0.00195312
v 0.00976562 -0.29492188 0.17382812
v 0.00976562 -0.29101562 0.15429688
v 0.00976562 -0.28710938 -0.04101562
v 0.00976562 -0.28710938 0.05664062
v 0.00976562 -0.28320312 0.02929688
v 0.00976562 -0.28320312 0.13867188
v 0.00976562 -0.27929688 -0.05273438
v 0.00976562 -0.27929688 0.11132812
v 0.00976562 -0.27929688 0.12695312
v 0.00976562 -0.27929688 0.13476562
v 0.00976562 -0.25585938 -0.11132812
v 0.00976562 -0.24804688 -0.13476562
v 0.00976562 -0.24804688 -0.11914062
v 0.00976562 -0.24414062 -0.13085938
v 0.00976562 -0.24414062 -0.12695312
v 0.00976562 -0.24414062 -0.11914062
v 0.00976562 -0.22460938 -0.15039062
v 0.00976562 -0.22460938 -0.14648438
v 0.00976562 -0.20898438 -0.16601562
v 0.00976562 -0.16992188 0.29882812
v 0.00976562 -0.15429688 0.31835938
v 0.00976562 -0.13476562 0.33007812
v 0.00976562 -0.11914062 -0.27539062
v 0.00976562 -0.11523438 -0.28320312
v 0.00976562 -0.11523438 0.05664062
v 0.00976562 -0.11132812 0.34179688
v 0.00976562 -0.10351562 0.04492188
v 0.00976562 -0.09960938 -0.36132812
v 0.00976562 -0.09570312 -0.39257812
v 0.00976562 -0.09179688 0.03320312
v 0.00976562 -0.08789062 -0.48632812
v 0.00976562 -0.08789062 0.35351562
v 0.00976562 -0.08398438 0.02929688
v 0.00976562 -0.06445312 0.01367188
v 0.00976562 -0.06445312 0.35742188
v 0.00976562 -0.03710938 0.36132812
v 0.00976562 -0.02929688 -0.00585938
v 0.00976562 -0.01367188 0.10351562
v 0.00976562 -0.01367188 0.36523438
v 0.00976562 -0.00976562 -0.49023438
v 0.00976562 0.00195312 0.11914062
v 0.00976562 0.00585938 -0.02148438
v 0.00976562 0.01367188 0.36914062
v 0.00976562 0.02148438 -0.48632812
v 0.00976562 0.02539062 0.13867188
v 0.00976562 0.04492188 0.36914062
v 0.00976562 0.05273438 0.15429688
v 0.00976562 0.06054688 -0.06445312
v 0.00976562 0.07226562 -0.08007812
v 0.00976562 0.07226562 0.36914062
v 0.00976562 0.07617188 0.18164062
v 0.00976562 0.08398438 -0.12304688
v 0.00976562 0.08398438 -0.09570312
v 0.00976562 0.09570312 -0.44726562
v 0.00976562 0.09570312 0.37304688
v 0.00976562 0.11914062 0.38085938
v 0.00976562 0.12304688 0.39257812
v 0.00976562 0.12304688 0.41601562
v 0.00976562 0.12695312 0.44335938
v 0.00976562 0.13476562 -0.17382812
v 0.00976562 0.13867188 0.45898438
v 0.00976562 0.14257812 -0.20117188
v 0.00976562 0.14257812 -0.18945312
v 0.00976562 0.15039062 0.47070312
v 0.00976562 0.16210938 0.46679688
v 0.00976562 0.16992188 -0.26757812
v 0.00976562 0.17382812 0.45507812
v 0.00976562 0.18945312 0.45507812
v 0.00976562 0.20117188 0.45507812
v 0.00976562 0.20507812 0.44726562
v 0.00976562 0.23242188 0.45117188
v 0.00976562 0.24023438 0.45898438
v 0.00976562 0.31835938 0.43164062
v 0.00976562 0.38085938 0.28320312
v 0.00976562 0.39257812 0.27929688
v 0.00976562 0.40820312 0.27929688
v 0.00976562 0.40820312 0.39648438
v 0.00976562 0.42382812 0.27929688
v 0.00976562 0.42773438 0.39257812
v 0.00976562 0.43945312 0.28320312
v 0.00976562 0.44726562 0.38476562
v 0.00976562 0.46289062 0.36523438
v 0.00976562 0.47070312 0.32617188
v 0.00976562 0.47460938 0.34179688
v 0.01367188 -0.32226562 0.18164062
v 0.01367188 -0.31835938 0.16601562
v 0.01367188 -0.31835938 0.18164062
v 0.01367188 -0.30664062 0.16210938
v 0.01367188 -0.30664062 0.17773438
v 0.01367188 -0.29492188 0.17773438
v 0.01367188 -0.29101562 0.08007812
v 0.01367188 -0.28710938 -0.04101562
v 0.01367188 -0.28710938 0.16992188
v 0.01367188 -0.28320312 -0.04492188
v 0.01367188 -0.28320312 -0.02539062
v 0.01367188 -0.27539062 -0.03320312
v 0.01367188 -0.26757812 0.18554688
v 0.01367188 -0.26367188 -0.10351562
v 0.01367188 -0.26367188 -0.08007812
v 0.01367188 -0.24414062 -0.13867188
v 0.01367188 -0.24023438 -0.14648438
v 0.01367188 -0.21679688 0.22070312
v 0.01367188 -0.20507812 0.24414062
v 0.01367188 -0.18945312 0.27539062
v 0.01367188 -0.13476562 -0.25976562
v 0.01367188 -0.10742188 -0.29101562
v 0.01367188 -0.10742188 0.05273438
v 0.01367188 -0.09960938 -0.29492188
v 0.01367188 -0.09570312 -0.32617188
v 0.01367188 -0.09570312 -0.30664062
v 0.01367188 -0.05273438 -0.48632812
v 0.01367188 -0.02929688 -0.49023438
v 0.01367188 0.03710938 -0.04492188
v 0.01367188 0.07226562 -0.08789062
v 0.01367188 0.08398438 -0.10742188
v 0.01367188 0.11132812 -0.15039062
v 0.01367188 0.14648438 -0.22460938
v 0.01367188 0.15039062 -0.24804688
v 0.01367188 0.17382812 0.17773438
v 0.01367188 0.20117188 0.17773438
v 0.01367188 0.22460938 0.18554688
v 0.01367188 0.24804688 0.45898438
v 0.01367188 0.25195312 0.18164062
v 0.01367188 0.26757812 0.45507812
v 0.01367188 0.27539062 0.18945312
v 0.01367188 0.27539062 0.45507812
v 0.01367188 0.28710938 0.46289062
v 0.01367188 0.29882812 0.20898438
v 0.01367188 0.30664062 0.21679688
v 0.01367188 0.31054688 0.45507812
v 0.01367188 0.34570312 0.23632812
v 0.01367188 0.39257812 0.38085938
v 0.01367188 0.44726562 0.37695312
v 0.01367188 0.45117188 0.29882812
v 0.01757812 -0.32226562 0.15039062
v 0.01757812 -0.32226562 0.16601562
v 0.01757812 -0.32226562 0.20117188
v 0.01757812 -0.31835938 0.15039062
v 0.01757812 -0.31835938 0.20117188
v 0.01757812 -0.30664062 0.14648438
v 0.01757812 -0.30664062 0.19726562
v 0.01757812 -0.29492188 0.05664062
v 0.01757812 -0.29492188 0.16210938
v 0.01757812 -0.29101562 0.02929688
v 0.01757812 -0.29101562 0.14257812
v 0.01757812 -0.29101562 0.17773438
v 0.01757812 -0.29101562 0.19726562
v 0.01757812 -0.25976562 -0.11132812
v 0.01757812 -0.25195312 -0.11132812
v 0.01757812 -0.24804688 -0.11914062
v 0.01757812 -0.24414062 -0.13085938
v 0.01757812 -0.24414062 -0.12695312
v 0.01757812 -0.10351562 0.39648438
v 0.01757812 -0.09960938 0.04492188
v 0.01757812 -0.08789062 0.03320312
v 0.01757812 -0.08007812 0.02539062
v 0.01757812 -0.06445312 -0.49023438
v 0.01757812 -0.02539062 -0.00585938
v 0.01757812 0.00976562 -0.02148438
v 0.01757812 0.04101562 -0.05273438
v 0.01757812 0.04492188 -0.47851562
v 0.01757812 0.06445312 -0.06835938
v 0.01757812 0.07226562 -0.46289062
v 0.01757812 0.08007812 -0.09570312
v 0.01757812 0.09570312 -0.11132812
v 0.01757812 0.13085938 -0.41601562
v 0.01757812 0.14648438 -0.38867188
v 0.01757812 0.15039062 0.18164062
v 0.01757812 0.16992188 -0.30273438
v 0.01757812 0.29101562 0.20117188
v 0.01757812 0.33007812 0.22851562
v 0.01757812 0.38085938 0.29101562
v 0.01757812 0.38476562 0.36523438
v 0.01757812 0.42773438 0.38476562
v 0.02148438 -0.32226562 0.15820312
v 0.02148438 -0.32226562 0.16992188
v 0.02148438 -0.32226562 0.18164062
v 0.02148438 -0.32226562 0.20117188
v 0.02148438 -0.29492188 0.15429688
v 0.02148438 -0.29101562 0.16601562
v 0.02148438 -0.28710938 0.13867188
v 0.02148438 -0.28710938 0.18164062
v 0.02148438 -0.28710938 0.18945312
v 0.02148438 -0.28320312 0.15820312
v 0.02148438 -0.27929688 0.13085938
v 0.02148438 -0.27539062 -0.05273438
v 0.02148438 -0.26757812 -0.10351562
v 0.02148438 -0.26757812 -0.08789062
v 0.02148438 -0.24414062 -0.15429688
v 0.02148438 -0.20898438 -0.17382812
v 0.02148438 -0.20117188 -0.18164062
v 0.02148438 -0.18945312 0.27539062
v 0.02148438 -0.16992188 0.29882812
v 0.02148438 -0.16601562 -0.20507812
v 0.02148438 -0.15820312 -0.21679688
v 0.02148438 -0.15429688 0.31835938
v 0.02148438 -0.14648438 -0.24804688
v 0.02148438 -0.13476562 0.33398438
v 0.02148438 -0.11132812 0.05664062
v 0.02148438 -0.11132812 0.34179688
v 0.02148438 -0.10742188 0.06054688
v 0.02148438 -0.10351562 -0.43554688
v 0.02148438 -0.09570312 0.04101562
v 0.02148438 -0.09179688 -0.35351562
v 0.02148438 -0.08789062 0.35351562
v 0.02148438 -0.06445312 0.36132812
v 0.02148438 -0.06054688 0.01367188
v 0.02148438 -0.04101562 -0.49414062
v 0.02148438 -0.00195312 0.11132812
v 0.02148438 0.01367188 0.36914062
v 0.02148438 0.02148438 0.13476562
v 0.02148438 0.04492188 0.36914062
v 0.02148438 0.07617188 0.36914062
v 0.02148438 0.08398438 -0.10351562
v 0.02148438 0.09570312 -0.10742188
v 0.02148438 0.11523438 0.20898438
v 0.02148438 0.11914062 0.18554688
v 0.02148438 0.12695312 0.44335938
v 0.02148438 0.13476562 0.21289062
v 0.02148438 0.13867188 0.45898438
v 0.02148438 0.14257812 0.20898438
v 0.02148438 0.15429688 0.46679688
v 0.02148438 0.39257812 0.28710938
v 0.02148438 0.39257812 0.37304688
v 0.02148438 0.40820312 0.38867188
v 0.02148438 0.42382812 0.28710938
v 0.02148438 0.43945312 0.28710938
v 0.02148438 0.44726562 0.37304688
v 0.02148438 0.45117188 0.30273438
v 0.02148438 0.46289062 0.33007812
v 0.02539062 -0.32226562 0.22070312
v 0.02539062 -0.31835938 0.22070312
v 0.02539062 -0.30664062 0.22070312
v 0.02539062 -0.30273438 0.08398438
v 0.02539062 -0.29492188 0.22070312
v 0.02539062 -0.29101562 0.15820312
v 0.02539062 -0.28710938 0.10351562
v 0.02539062 -0.28710938 0.16210938
v 0.02539062 -0.28710938 0.16992188
v 0.02539062 -0.28320312 0.00195312
v 0.02539062 -0.28320312 0.18554688
v 0.02539062 -0.27929688 0.12304688
v 0.02539062 -0.27539062 -0.04101562
v 0.02539062 -0.27539062 -0.02148438
v 0.02539062 -0.26367188 -0.11132812
v 0.02539062 -0.26367188 0.20117188
v 0.02539062 -0.25585938 -0.11914062
v 0.02539062 -0.24804688 -0.14257812
v 0.02539062 -0.24804688 -0.11914062
v 0.02539062 -0.24414062 -0.13476562
v 0.02539062 -0.24414062 -0.12695312
v 0.02539062 -0.24414062 -0.11914062
v 0.02539062 -0.22460938 -0.15820312
v 0.02539062 -0.22070312 0.22070312
v 0.02539062 -0.21679688 -0.16992188
v 0.02539062 -0.20898438 -0.17773438
v 0.02539062 -0.20507812 0.24414062
v 0.02539062 -0.18164062 -0.18945312
v 0.02539062 -0.17382812 -0.19726562
v 0.02539062 -0.15820312 -0.23632812
v 0.02539062 -0.15820312 -0.22460938
v 0.02539062 -0.12695312 -0.25976562
v 0.02539062 -0.11914062 -0.27539062
v 0.02539062 -0.11914062 0.39257812
v 0.02539062 -0.11132812 -0.28320312
v 0.02539062 -0.11132812 0.37304688
v 0.02539062 -0.10742188 -0.29101562
v 0.02539062 -0.09960938 -0.29882812
v 0.02539062 -0.09570312 -0.49023438
v 0.02539062 -0.09570312 -0.31054688
v 0.02539062 -0.09570312 0.06054688
v 0.02539062 -0.09570312 0.37304688
v 0.02539062 -0.09179688 -0.32617188
v 0.02539062 -0.08789062 -0.38085938
v 0.02539062 -0.08789062 0.40039062
v 0.02539062 -0.08398438 0.06445312
v 0.02539062 -0.08007812 0.38085938
v 0.02539062 -0.06835938 0.06835938
v 0.02539062 -0.05664062 0.07617188
v 0.02539062 -0.04882812 -0.49804688
v 0.02539062 -0.04101562 0.08007812
v 0.02539062 -0.03710938 0.36132812
v 0.02539062 -0.02539062 -0.00585938
v 0.02539062 -0.02148438 0.09570312
v 0.02539062 -0.00976562 0.36523438
v 0.02539062 0.00585938 -0.02539062
v 0.02539062 0.02929688 -0.48242188
v 0.02539062 0.04101562 -0.05273438
v 0.02539062 0.04101562 0.15039062
v 0.02539062 0.06445312 -0.08007812
v 0.02539062 0.07226562 -0.09570312
v 0.02539062 0.07617188 -0.10742188
v 0.02539062 0.08007812 -0.11523438
v 0.02539062 0.09960938 0.37304688
v 0.02539062 0.10351562 0.19726562
v 0.02539062 0.10742188 -0.11914062
v 0.02539062 0.11523438 -0.15039062
v 0.02539062 0.11914062 0.37695312
v 0.02539062 0.12695312 0.39257812
v 0.02539062 0.12695312 0.41601562
v 0.02539062 0.13867188 -0.16992188
v 0.02539062 0.14257812 -0.18945312
v 0.02539062 0.15039062 -0.20117188
v 0.02539062 0.16210938 -0.24023438
v 0.02539062 0.22070312 0.44726562
v 0.02539062 0.23242188 0.45117188
v 0.02539062 0.24023438 0.45507812
v 0.02539062 0.24804688 0.45898438
v 0.02539062 0.35742188 0.39648438
v 0.02539062 0.38085938 0.29882812
v 0.02539062 0.38476562 0.35742188
v 0.02539062 0.40820312 0.28320312
v 0.02539062 0.40820312 0.38085938
v 0.02539062 0.42773438 0.37695312
v 0.02539062 0.44726562 0.36523438
v 0.02539062 0.45507812 0.34960938
v 0.02929688 -0.33007812 0.16601562
v 0.02929688 -0.33007812 0.17773438
v 0.02929688 -0.32226562 0.22070312
v 0.02929688 -0.30273438 0.05664062
v 0.02929688 -0.28710938 -0.04101562
v 0.02929688 -0.28710938 0.21679688
v 0.02929688 -0.28320312 0.21289062
v 0.02929688 -0.27539062 -0.07617188
v 0.02929688 -0.27539062 -0.06445312
v 0.02929688 -0.26757812 -0.10742188
v 0.02929688 -0.26757812 -0.09570312
v 0.02929688 -0.26757812 0.22070312
v 0.02929688 -0.25976562 -0.12695312
v 0.02929688 -0.25976562 -0.11132812
v 0.02929688 -0.24804688 -0.11914062
v 0.02929688 -0.24414062 -0.14648438
v 0.02929688 -0.24023438 -0.15820312
v 0.02929688 -0.24023438 -0.13867188
v 0.02929688 -0.24023438 -0.13085938
v 0.02929688 -0.24023438 -0.12304688
v 0.02929688 -0.22851562 -0.16601562
v 0.02929688 -0.20117188 -0.18945312
v 0.02929688 -0.10742188 -0.28320312
v 0.02929688 -0.10351562 -0.28710938
v 0.02929688 -0.10351562 0.04492188
v 0.02929688 -0.09570312 -0.29492188
v 0.02929688 -0.09179688 -0.30664062
v 0.02929688 -0.08789062 -0.34960938
v 0.02929688 -0.08789062 -0.32226562
v 0.02929688 -0.05664062 -0.49804688
v 0.02929688 -0.02929688 -0.49023438
v 0.02929688 -0.00195312 -0.48632812
v 0.02929688 0.00585938 -0.48632812
v 0.02929688 0.07226562 -0.11132812
v 0.02929688 0.08398438 0.18554688
v 0.02929688 0.09960938 -0.10351562
v 0.02929688 0.10351562 -0.11132812
v 0.02929688 0.13085938 -0.16992188
v 0.02929688 0.13476562 -0.19335938
v 0.02929688 0.14257812 -0.20507812
v 0.02929688 0.15429688 -0.22460938
v 0.02929688 0.16601562 -0.33789062
v 0.02929688 0.26367188 0.45507812
v 0.02929688 0.27148438 0.45117188
v 0.02929688 0.30273438 0.21679688
v 0.02929688 0.31054688 0.22460938
v 0.02929688 0.38085938 0.30664062
v 0.02929688 0.38085938 0.34960938
v 0.02929688 0.39257812 0.29492188
v 0.02929688 0.39257812 0.36523438
v 0.02929688 0.43945312 0.29492188
v 0.02929688 0.44726562 0.35742188
v 0.02929688 0.45507812 0.31445312
v 0.02929688 0.45507812 0.33007812
v 0.03320312 -0.33398438 0.16601562
v 0.03320312 -0.33398438 0.17773438
v 0.03320312 -0.33007812 0.15429688
v 0.03320312 -0.33007812 0.19726562
v 0.03320312 -0.29492188 0.02539062
v 0.03320312 -0.28710938 -0.05273438
v 0.03320312 -0.20898438 -0.18164062
v 0.03320312 -0.18164062 -0.19726562
v 0.03320312 -0.16992188 -0.20117188
v 0.03320312 -0.16210938 -0.21289062
v 0.03320312 -0.15820312 -0.22070312
v 0.03320312 -0.12695312 -0.26367188
v 0.03320312 -0.11523438 -0.27539062
v 0.03320312 -0.11132812 0.41601562
v 0.03320312 -0.09570312 0.04101562
v 0.03320312 -0.08789062 0.03320312
v 0.03320312 -0.07617188 0.02539062
v 0.03320312 -0.07617188 0.40820312
v 0.03320312 -0.06054688 -0.48632812
v 0.03320312 -0.05664062 0.00976562
v 0.03320312 -0.04492188 -0.49414062
v 0.03320312 0.02148438 -0.48632812
v 0.03320312 0.05664062 -0.47070312
v 0.03320312 0.06054688 -0.09570312
v 0.03320312 0.06445312 0.16992188
v 0.03320312 0.07617188 -0.11523438
v 0.03320312 0.08007812 -0.12304688
v 0.03320312 0.08398438 -0.12695312
v 0.03320312 0.08398438 -0.11523438
v 0.03320312 0.09179688 -0.44726562
v 0.03320312 0.10351562 -0.12695312
v 0.03320312 0.11132812 -0.15039062
v 0.03320312 0.11914062 -0.14648438
v 0.03320312 0.13476562 -0.16601562
v 0.03320312 0.14257812 -0.19335938
v 0.03320312 0.14257812 0.45898438
v 0.03320312 0.14648438 -0.22851562
v 0.03320312 0.15039062 -0.20507812
v 0.03320312 0.15820312 0.45507812
v 0.03320312 0.19335938 0.44726562
v 0.03320312 0.21289062 0.44726562
v 0.03320312 0.21679688 0.19335938
v 0.03320312 0.24023438 0.45117188
v 0.03320312 0.33398438 0.24023438
v 0.03320312 0.33789062 0.41601562
v 0.03320312 0.42773438 0.29492188
v 0.03320312 0.42773438 0.36914062
v 0.03320312 0.43945312 0.30273438
v 0.03710938 -0.46679688 0.15820312
v 0.03710938 -0.45898438 0.17382812
v 0.03710938 -0.45898438 0.18945312
v 0.03710938 -0.45898438 0.21289062
v 0.03710938 -0.45507812 0.27148438
v 0.03710938 -0.42773438 0.27148438
v 0.03710938 -0.35351562 0.16992188
v 0.03710938 -0.35351562 0.18554688
v 0.03710938 -0.34179688 0.16601562
v 0.03710938 -0.34179688 0.18164062
v 0.03710938 -0.33398438 0.15039062
v 0.03710938 -0.33398438 0.19726562
v 0.03710938 -0.32226562 0.13476562
v 0.03710938 -0.32226562 0.14257812
v 0.03710938 -0.32226562 0.24414062
v 0.03710938 -0.31835938 0.13476562
v 0.03710938 -0.31835938 0.24414062
v 0.03710938 -0.30664062 0.13476562
v 0.03710938 -0.30664062 0.24414062
v 0.03710938 -0.29492188 0.13476562
v 0.03710938 -0.29101562 -0.04492188
v 0.03710938 -0.28710938 0.14257812
v 0.03710938 -0.28320312 -0.00195312
v 0.03710938 -0.28320312 0.14257812
v 0.03710938 -0.27929688 0.13476562
v 0.03710938 -0.27929688 0.14648438
v 0.03710938 -0.27539062 -0.09179688
v 0.03710938 -0.26757812 -0.10351562
v 0.03710938 -0.26757812 -0.07617188
v 0.03710938 -0.26367188 -0.12304688
v 0.03710938 -0.26367188 -0.11132812
v 0.03710938 -0.25195312 -0.12304688
v 0.03710938 -0.24414062 0.24414062
v 0.03710938 -0.24023438 -0.15039062
v 0.03710938 -0.24023438 -0.14257812
v 0.03710938 -0.24023438 -0.12695312
v 0.03710938 -0.23632812 -0.16210938
v 0.03710938 -0.23632812 -0.13476562
v 0.03710938 -0.22851562 -0.16601562
v 0.03710938 -0.22070312 -0.17382812
v 0.03710938 -0.19726562 -0.19335938
v 0.03710938 -0.15820312 -0.22851562
v 0.03710938 -0.14257812 -0.24804688
v 0.03710938 -0.11523438 0.06054688
v 0.03710938 -0.09960938 -0.43945312
v 0.03710938 -0.09570312 0.41992188
v 0.03710938 -0.07617188 -0.47851562
v 0.03710938 -0.07226562 0.39648438
v 0.03710938 -0.02539062 -0.00585938
v 0.03710938 -0.00195312 0.11914062
v 0.03710938 0.00585938 -0.02539062
v 0.03710938 0.01367188 0.13085938
v 0.03710938 0.04492188 -0.06054688
v 0.03710938 0.04882812 0.36523438
v 0.03710938 0.06835938 -0.09960938
v 0.03710938 0.07617188 0.36523438
v 0.03710938 0.10742188 -0.13085938
v 0.03710938 0.13476562 -0.16601562
v 0.03710938 0.14257812 -0.18945312
v 0.03710938 0.15039062 -0.20507812
v 0.03710938 0.16210938 -0.28320312
v 0.03710938 0.16210938 -0.22851562
v 0.03710938 0.17382812 0.18164062
v 0.03710938 0.17773438 0.44335938
v 0.03710938 0.19726562 0.18554688
v 0.03710938 0.27539062 0.20507812
v 0.03710938 0.29492188 0.20898438
v 0.03710938 0.29882812 0.22070312
v 0.03710938 0.31054688 0.22851562
v 0.03710938 0.38085938 0.31835938
v 0.03710938 0.38085938 0.32226562
v 0.03710938 0.38085938 0.33007812
v 0.03710938 0.38085938 0.34179688
v 0.03710938 0.39257812 0.30273438
v 0.03710938 0.39257812 0.35351562
v 0.03710938 0.40820312 0.29101562
v 0.03710938 0.40820312 0.36914062
v 0.03710938 0.44335938 0.31445312
v 0.03710938 0.44726562 0.34960938
v 0.04101562 -0.46679688 0.15039062
v 0.04101562 -0.45507812 0.22851562
v 0.04101562 -0.45507812 0.24804688
v 0.04101562 -0.45507812 0.29882812
v 0.04101562 -0.43164062 0.13476562
v 0.04101562 -0.42773438 0.15039062
v 0.04101562 -0.42773438 0.16210938
v 0.04101562 -0.42773438 0.17382812
v 0.04101562 -0.42773438 0.18945312
v 0.04101562 -0.42773438 0.30273438
v 0.04101562 -0.42382812 0.20898438
v 0.04101562 -0.42382812 0.22851562
v 0.04101562 -0.42382812 0.24804688
v 0.04101562 -0.40820312 0.27539062
v 0.04101562 -0.39648438 0.16210938
v 0.04101562 -0.39648438 0.17382812
v 0.04101562 -0.39648438 0.18945312
v 0.04101562 -0.37304688 0.15039062
v 0.04101562 -0.37304688 0.15820312
v 0.04101562 -0.37304688 0.17382812
v 0.04101562 -0.37304688 0.18945312
v 0.04101562 -0.37304688 0.20898438
v 0.04101562 -0.36523438 0.13867188
v 0.04101562 -0.35351562 0.13867188
v 0.04101562 -0.35351562 0.15820312
v 0.04101562 -0.35351562 0.20898438
v 0.04101562 -0.34179688 0.15429688
v 0.04101562 -0.33398438 0.14257812
v 0.04101562 -0.33007812 0.22070312
v 0.04101562 -0.32226562 0.24023438
v 0.04101562 -0.29492188 0.24023438
v 0.04101562 -0.28710938 -0.04101562
v 0.04101562 -0.28710938 -0.03320312
v 0.04101562 -0.28710938 0.23632812
v 0.04101562 -0.27929688 -0.02148438
v 0.04101562 -0.27539062 -0.08789062
v 0.04101562 -0.27539062 0.11914062
v 0.04101562 -0.27539062 0.12695312
v 0.04101562 -0.27148438 -0.10351562
v 0.04101562 -0.26367188 -0.11132812
v 0.04101562 -0.25976562 -0.12304688
v 0.04101562 -0.24023438 -0.13085938
v 0.04101562 -0.23242188 -0.14648438
v 0.04101562 -0.23242188 -0.13867188
v 0.04101562 -0.22851562 -0.15429688
v 0.04101562 -0.22070312 -0.16210938
v 0.04101562 -0.20898438 -0.16992188
v 0.04101562 -0.19726562 -0.17773438
v 0.04101562 -0.19335938 -0.18554688
v 0.04101562 -0.18554688 0.27929688
v 0.04101562 -0.18164062 -0.20507812
v 0.04101562 -0.16992188 -0.20898438
v 0.04101562 -0.15820312 -0.23632812
v 0.04101562 -0.15820312 -0.22070312
v 0.04101562 -0.15429688 -0.22460938
v 0.04101562 -0.15039062 0.32226562
v 0.04101562 -0.14257812 -0.25195312
v 0.04101562 -0.13085938 0.33398438
v 0.04101562 -0.13085938 0.38085938
v 0.04101562 -0.12695312 0.40820312
v 0.04101562 -0.11132812 -0.27148438
v 0.04101562 -0.11132812 0.05273438
v 0.04101562 -0.10742188 0.34179688
v 0.04101562 -0.10351562 0.06054688
v 0.04101562 -0.09960938 0.03320312
v 0.04101562 -0.08789062 0.02929688
v 0.04101562 -0.08398438 0.35351562
v 0.04101562 -0.07617188 0.41601562
v 0.04101562 -0.06835938 0.41210938
v 0.04101562 -0.06445312 0.40039062
v 0.04101562 -0.06445312 0.40820312
v 0.04101562 -0.06054688 0.35742188
v 0.04101562 -0.05664062 0.00976562
v 0.04101562 -0.05664062 0.40039062
v 0.04101562 -0.05664062 0.40820312
v 0.04101562 -0.05664062 0.41210938
v 0.04101562 -0.04101562 0.39648438
v 0.04101562 -0.04101562 0.40429688
v 0.04101562 -0.04101562 0.40820312
v 0.04101562 -0.03320312 0.36132812
v 0.04101562 -0.00585938 0.36523438
v 0.04101562 0.00585938 -0.02148438
v 0.04101562 0.00976562 -0.48242188
v 0.04101562 0.01757812 0.36523438
v 0.04101562 0.03320312 0.14648438
v 0.04101562 0.03710938 -0.04882812
v 0.04101562 0.04492188 -0.47070312
v 0.04101562 0.06054688 -0.07617188
v 0.04101562 0.07617188 -0.11132812
v 0.04101562 0.08007812 -0.11914062
v 0.04101562 0.08398438 -0.12695312
v 0.04101562 0.09179688 -0.12304688
v 0.04101562 0.09570312 -0.11523438
v 0.04101562 0.09960938 -0.12304688
v 0.04101562 0.10351562 -0.11914062
v 0.04101562 0.10351562 -0.11132812
v 0.04101562 0.10351562 0.36914062
v 0.04101562 0.11132812 -0.12695312
v 0.04101562 0.11914062 0.21289062
v 0.04101562 0.12695312 -0.14257812
v 0.04101562 0.12695312 0.20117188
v 0.04101562 0.12695312 0.37695312
v 0.04101562 0.12695312 0.39257812
v 0.04101562 0.12695312 0.41601562
v 0.04101562 0.13085938 0.44335938
v 0.04101562 0.13867188 0.21679688
v 0.04101562 0.14648438 0.21289062
v 0.04101562 0.15039062 -0.25585938
v 0.04101562 0.15429688 0.18164062
v 0.04101562 0.23242188 0.18945312
v 0.04101562 0.24804688 0.45507812
v 0.04101562 0.26367188 0.19726562
v 0.04101562 0.30664062 0.45117188
v 0.04101562 0.31445312 0.42773438
v 0.04101562 0.33398438 0.24414062
v 0.04101562 0.35351562 0.38867188
v 0.04101562 0.39257812 0.31054688
v 0.04101562 0.39257812 0.34570312
v 0.04101562 0.40820312 0.29882812
v 0.04101562 0.40820312 0.36132812
v 0.04101562 0.42773438 0.30273438
v 0.04101562 0.42773438 0.36132812
v 0.04101562 0.44335938 0.32226562
v 0.04101562 0.44335938 0.33398438
v 0.04492188 -0.46679688 0.13476562
v 0.04492188 -0.43164062 0.12304688
v 0.04492188 -0.43164062 0.32226562
v 0.04492188 -0.41601562 0.30664062
v 0.04492188 -0.39648438 0.15039062
v 0.04492188 -0.39648438 0.20898438
v 0.04492188 -0.36523438 0.13476562
v 0.04492188 -0.35351562 0.13476562
v 0.04492188 -0.35351562 0.14648438
v 0.04492188 -0.34179688 0.14648438
v 0.04492188 -0.34179688 0.20507812
v 0.04492188 -0.33398438 0.22070312
v 0.04492188 -0.33007812 0.24023438
v 0.04492188 -0.32226562 0.13085938
v 0.04492188 -0.32226562 0.13867188
v 0.04492188 -0.31835938 0.13085938
v 0.04492188 -0.30664062 0.12695312
v 0.04492188 -0.29492188 0.13085938
v 0.04492188 -0.29101562 0.06054688
v 0.04492188 -0.28710938 -0.04882812
v 0.04492188 -0.28710938 0.02929688
v 0.04492188 -0.28710938 0.08398438
v 0.04492188 -0.28320312 0.13867188
v 0.04492188 -0.28320312 0.23242188
v 0.04492188 -0.27929688 -0.02148438
v 0.04492188 -0.27929688 0.09960938
v 0.04492188 -0.27539062 -0.04492188
v 0.04492188 -0.27539062 0.13867188
v 0.04492188 -0.27539062 0.23632812
v 0.04492188 -0.25195312 -0.12695312
v 0.04492188 -0.16601562 0.30273438
v 0.04492188 -0.15429688 -0.24023438
v 0.04492188 -0.15429688 -0.23242188
v 0.04492188 -0.13476562 0.38476562
v 0.04492188 -0.11914062 -0.25585938
v 0.04492188 -0.10742188 0.04492188
v 0.04492188 -0.10742188 0.35742188
v 0.04492188 -0.10351562 -0.27929688
v 0.04492188 -0.09960938 -0.28710938
v 0.04492188 -0.09570312 -0.29492188
v 0.04492188 -0.09179688 -0.30273438
v 0.04492188 -0.08789062 -0.31835938
v 0.04492188 -0.08789062 0.06445312
v 0.04492188 -0.08789062 0.35742188
v 0.04492188 -0.08398438 -0.38867188
v 0.04492188 -0.08398438 -0.35351562
v 0.04492188 -0.07226562 0.02148438
v 0.04492188 -0.07226562 0.36523438
v 0.04492188 -0.05664062 0.39648438
v 0.04492188 -0.05664062 0.41601562
v 0.04492188 -0.04492188 -0.48242188
v 0.04492188 -0.02539062 -0.00585938
v 0.04492188 -0.02539062 0.38867188
v 0.04492188 -0.02148438 0.09960938
v 0.04492188 -0.02148438 0.39648438
v 0.04492188 -0.02148438 0.40039062
v 0.04492188 -0.00195312 -0.47851562
v 0.04492188 0.07226562 -0.45507812
v 0.04492188 0.09570312 0.20117188
v 0.04492188 0.15820312 -0.28710938
v 0.04492188 0.16210938 -0.25195312
v 0.04492188 0.23242188 0.45117188
v 0.04492188 0.25585938 0.45117188
v 0.04492188 0.28710938 0.21289062
v 0.04492188 0.28710938 0.45898438
v 0.04492188 0.33398438 0.25195312
v 0.04492188 0.39257812 0.32226562
v 0.04492188 0.39257812 0.33398438
v 0.04492188 0.40820312 0.31054688
v 0.04492188 0.42773438 0.31054688
v 0.04492188 0.42773438 0.32226562
v 0.04492188 0.42773438 0.33398438
v 0.04492188 0.42773438 0.34960938
v 0.04882812 -0.46679688 0.12304688
v 0.04882812 -0.45507812 0.31835938
v 0.04882812 -0.41601562 0.32226562
v 0.04882812 -0.40039062 0.13476562
v 0.04882812 -0.39648438 0.23242188
v 0.04882812 -0.39648438 0.25195312
v 0.04882812 -0.37304688 0.13867188
v 0.04882812 -0.34179688 0.13867188
v 0.04882812 -0.33398438 0.13476562
v 0.04882812 -0.28320312 0.00195312
v 0.04882812 -0.27929688 -0.04492188
v 0.04882812 -0.27539062 -0.06054688
v 0.04882812 -0.27148438 0.13476562
v 0.04882812 -0.24023438 -0.13085938
v 0.04882812 -0.23242188 -0.13867188
v 0.04882812 -0.22851562 -0.14648438
v 0.04882812 -0.19726562 0.25585938
v 0.04882812 -0.18164062 -0.19726562
v 0.04882812 -0.13085938 0.36914062
v 0.04882812 -0.12304688 0.05664062
v 0.04882812 -0.07617188 -0.43945312
v 0.04882812 -0.07226562 0.06835938
v 0.04882812 -0.06835938 0.38867188
v 0.04882812 -0.06835938 0.41601562
v 0.04882812 -0.06445312 0.39648438
v 0.04882812 -0.05664062 0.07617188
v 0.04882812 -0.04101562 0.08398438
v 0.04882812 -0.04101562 0.39257812
v 0.04882812 -0.04101562 0.41210938
v 0.04882812 -0.02148438 -0.47851562
v 0.04882812 -0.00195312 0.11914062
v 0.04882812 0.00585938 -0.02148438
v 0.04882812 0.02929688 -0.47070312
v 0.04882812 0.03710938 -0.04882812
v 0.04882812 0.06054688 -0.06835938
v 0.04882812 0.06835938 -0.08789062
v 0.04882812 0.08007812 -0.09960938
v 0.04882812 0.08789062 -0.10351562
v 0.04882812 0.09570312 -0.11523438
v 0.04882812 0.09960938 -0.11523438
v 0.04882812 0.15820312 -0.22851562
v 0.04882812 0.26367188 0.45898438
v 0.04882812 0.30664062 0.23632812
v 0.04882812 0.36132812 0.36132812
v 0.04882812 0.40820312 0.32226562
v 0.04882812 0.40820312 0.33398438
v 0.04882812 0.40820312 0.34960938
v 0.05273438 -0.46679688 0.15039062
v 0.05273438 -0.46679688 0.15820312
v 0.05273438 -0.46679688 0.17382812
v 0.05273438 -0.45898438 0.18945312
v 0.05273438 -0.45898438 0.21289062
v 0.05273438 -0.45898438 0.22851562
v 0.05273438 -0.45898438 0.24804688
v 0.05273438 -0.45898438 0.27148438
v 0.05273438 -0.40429688 0.31835938
v 0.05273438 -0.39648438 0.30664062
v 0.05273438 -0.38867188 0.28320312
v 0.05273438 -0.37304688 0.23242188
v 0.05273438 -0.35351562 0.13476562
v 0.05273438 -0.35351562 0.22851562
v 0.05273438 -0.34179688 0.22851562
v 0.05273438 -0.31835938 0.27148438
v 0.05273438 -0.29101562 -0.04882812
v 0.05273438 -0.29101562 0.12304688
v 0.05273438 -0.28710938 -0.04101562
v 0.05273438 -0.28320312 0.13085938
v 0.05273438 -0.27929688 0.13476562
v 0.05273438 -0.27539062 -0.11132812
v 0.05273438 -0.26367188 0.09179688
v 0.05273438 -0.25976562 -0.11914062
v 0.05273438 -0.25195312 -0.12695312
v 0.05273438 -0.23632812 0.25976562
v 0.05273438 -0.22070312 -0.15429688
v 0.05273438 -0.21289062 -0.16601562
v 0.05273438 -0.21289062 0.25976562
v 0.05273438 -0.20507812 -0.17382812
v 0.05273438 -0.19335938 -0.19335938
v 0.05273438 -0.16992188 -0.20507812
v 0.05273438 -0.15820312 -0.21289062
v 0.05273438 -0.15039062 -0.21679688
v 0.05273438 -0.13867188 -0.24414062
v 0.05273438 -0.11523438 0.06054688
v 0.05273438 -0.10351562 0.03320312
v 0.05273438 -0.09570312 0.02929688
v 0.05273438 -0.07617188 -0.39257812
v 0.05273438 -0.05664062 0.39648438
v 0.05273438 -0.05664062 0.41210938
v 0.05273438 -0.05273438 0.00585938
v 0.05273438 -0.04492188 0.39257812
v 0.05273438 -0.04101562 0.40820312
v 0.05273438 -0.02929688 0.38476562
v 0.05273438 -0.02148438 0.40429688
v 0.05273438 -0.01757812 -0.00585938
v 0.05273438 -0.00585938 0.37695312
v 0.05273438 -0.00195312 0.38085938
v 0.05273438 0.00195312 0.38476562
v 0.05273438 0.04492188 0.16210938
v 0.05273438 0.05664062 -0.45898438
v 0.05273438 0.05664062 0.35742188
v 0.05273438 0.08398438 0.36132812
v 0.05273438 0.11523438 -0.13476562
v 0.05273438 0.11914062 -0.14648438
v 0.05273438 0.13085938 -0.38867188
v 0.05273438 0.13085938 -0.16601562
v 0.05273438 0.15820312 -0.24804688
v 0.05273438 0.22070312 0.44335938
v 0.05273438 0.33007812 0.40429688
v 0.05664062 -0.46679688 0.13476562
v 0.05664062 -0.45507812 0.29492188
v 0.05664062 -0.40039062 0.12695312
v 0.05664062 -0.36523438 0.12695312
v 0.05664062 -0.35351562 0.12695312
v 0.05664062 -0.33398438 0.24804688
v 0.05664062 -0.32226562 0.12695312
v 0.05664062 -0.32226562 0.13476562
v 0.05664062 -0.32226562 0.25976562
v 0.05664062 -0.32226562 0.26367188
v 0.05664062 -0.31835938 0.12304688
v 0.05664062 -0.30664062 0.12304688
v 0.05664062 -0.30664062 0.26367188
v 0.05664062 -0.29492188 0.25585938
v 0.05664062 -0.28710938 0.25195312
v 0.05664062 -0.27148438 -0.06054688
v 0.05664062 -0.27148438 0.25585938
v 0.05664062 -0.26757812 0.08398438
v 0.05664062 -0.26367188 -0.12304688
v 0.05664062 -0.25585938 -0.13085938
v 0.05664062 -0.24804688 -0.13867188
v 0.05664062 -0.24023438 -0.14648438
v 0.05664062 -0.23242188 -0.15039062
v 0.05664062 -0.19726562 -0.20117188
v 0.05664062 -0.18945312 -0.18945312
v 0.05664062 -0.18554688 -0.19726562
v 0.05664062 -0.16210938 0.30273438
v 0.05664062 -0.15429688 -0.22460938
v 0.05664062 -0.15039062 -0.23242188
v 0.05664062 -0.14648438 0.32226562
v 0.05664062 -0.12695312 0.33398438
v 0.05664062 -0.12304688 0.04882812
v 0.05664062 -0.10742188 0.03320312
v 0.05664062 -0.10351562 0.34179688
v 0.05664062 -0.09960938 0.41992188
v 0.05664062 -0.08789062 0.02539062
v 0.05664062 -0.08007812 0.35351562
v 0.05664062 -0.08007812 0.41992188
v 0.05664062 -0.07226562 0.01757812
v 0.05664062 -0.06835938 0.41210938
v 0.05664062 -0.06445312 0.39648438
v 0.05664062 -0.06445312 0.40039062
v 0.05664062 -0.06445312 0.40820312
v 0.05664062 -0.06054688 -0.47070312
v 0.05664062 -0.05664062 0.35742188
v 0.05664062 -0.05664062 0.40039062
v 0.05664062 -0.05664062 0.40429688
v 0.05664062 -0.04492188 0.39648438
v 0.05664062 -0.04101562 0.40039062
v 0.05664062 -0.02929688 -0.47460938
v 0.05664062 -0.02929688 0.35742188
v 0.05664062 -0.02929688 0.38476562
v 0.05664062 -0.02929688 0.38867188
v 0.05664062 -0.02148438 0.40039062
v 0.05664062 -0.01757812 -0.00585938
v 0.05664062 -0.00976562 0.37304688
v 0.05664062 -0.00195312 0.35742188
v 0.05664062 0.00195312 0.38867188
v 0.05664062 0.00585938 0.12695312
v 0.05664062 0.01367188 -0.47460938
v 0.05664062 0.01757812 0.36523438
v 0.05664062 0.02148438 0.36914062
v 0.05664062 0.02148438 0.37304688
v 0.05664062 0.02539062 0.35742188
v 0.05664062 0.03320312 -0.04101562
v 0.05664062 0.03710938 0.35351562
v 0.05664062 0.04101562 0.35742188
v 0.05664062 0.04101562 0.36132812
v 0.05664062 0.05664062 -0.06445312
v 0.05664062 0.05664062 0.17382812
v 0.05664062 0.06445312 0.36132812
v 0.05664062 0.06835938 -0.08007812
v 0.05664062 0.06835938 0.36523438
v 0.05664062 0.08007812 -0.08789062
v 0.05664062 0.10742188 -0.12304688
v 0.05664062 0.10742188 0.36523438
v 0.05664062 0.11914062 0.20117188
v 0.05664062 0.12304688 -0.40820312
v 0.05664062 0.12304688 0.22460938
v 0.05664062 0.13085938 0.37304688
v 0.05664062 0.13476562 0.18554688
v 0.05664062 0.13476562 0.43554688
v 0.05664062 0.13867188 -0.18945312
v 0.05664062 0.14648438 -0.20507812
v 0.05664062 0.14648438 0.22460938
v 0.05664062 0.15039062 -0.33789062
v 0.05664062 0.15039062 0.44335938
v 0.05664062 0.15429688 0.21679688
v 0.05664062 0.16601562 0.43554688
v 0.05664062 0.19335938 0.19335938
v 0.05664062 0.21289062 0.19726562
v 0.05664062 0.24023438 0.44726562
v 0.05664062 0.25976562 0.20507812
v 0.05664062 0.26757812 0.21289062
v 0.05664062 0.29492188 0.23242188
v 0.05664062 0.33398438 0.26757812
v 0.06054688 -0.45507812 0.31445312
v 0.06054688 -0.45117188 0.33007812
v 0.06054688 -0.43164062 0.33789062
v 0.06054688 -0.41992188 0.33398438
v 0.06054688 -0.40039062 0.33007812
v 0.06054688 -0.38867188 0.31445312
v 0.06054688 -0.37304688 0.13085938
v 0.06054688 -0.37304688 0.25195312
v 0.06054688 -0.35351562 0.25195312
v 0.06054688 -0.34179688 0.13476562
v 0.06054688 -0.34179688 0.24804688
v 0.06054688 -0.33398438 0.12695312
v 0.06054688 -0.28710938 -0.03320312
v 0.06054688 -0.28710938 0.24804688
v 0.06054688 -0.28320312 -0.12304688
v 0.06054688 -0.28320312 -0.11914062
v 0.06054688 -0.28320312 -0.08398438
v 0.06054688 -0.28320312 0.00195312
v 0.06054688 -0.27929688 -0.09960938
v 0.06054688 -0.27539062 -0.12695312
v 0.06054688 -0.27539062 -0.10742188
v 0.06054688 -0.27539062 -0.02148438
v 0.06054688 -0.25976562 0.12304688
v 0.06054688 -0.25195312 -0.12304688
v 0.06054688 -0.22070312 -0.15820312
v 0.06054688 -0.18164062 0.28320312
v 0.06054688 -0.13476562 0.38476562
v 0.06054688 -0.12695312 0.06445312
v 0.06054688 -0.12695312 0.41210938
v 0.06054688 -0.11523438 0.04101562
v 0.06054688 -0.11523438 0.41992188
v 0.06054688 -0.11132812 -0.25195312
v 0.06054688 -0.11132812 0.03320312
v 0.06054688 -0.10351562 -0.26757812
v 0.06054688 -0.09960938 0.02539062
v 0.06054688 -0.09960938 0.06835938
v 0.06054688 -0.09570312 -0.28320312
v 0.06054688 -0.09570312 -0.27539062
v 0.06054688 -0.09179688 0.02148438
v 0.06054688 -0.08789062 -0.29101562
v 0.06054688 -0.08398438 -0.29882812
v 0.06054688 -0.08007812 -0.31445312
v 0.06054688 -0.07617188 0.01367188
v 0.06054688 -0.07226562 -0.35742188
v 0.06054688 -0.06835938 0.38867188
v 0.06054688 -0.06054688 0.00585938
v 0.06054688 -0.02539062 0.39257812
v 0.06054688 -0.01757812 0.10351562
v 0.06054688 -0.00976562 0.37304688
v 0.06054688 -0.00585938 -0.47070312
v 0.06054688 -0.00195312 0.38476562
v 0.06054688 0.00976562 -0.02148438
v 0.06054688 0.01367188 0.36132812
v 0.06054688 0.01757812 0.13867188
v 0.06054688 0.02148438 0.37695312
v 0.06054688 0.06835938 0.35742188
v 0.06054688 0.08789062 -0.09960938
v 0.06054688 0.08789062 0.35351562
v 0.06054688 0.09960938 0.21679688
v 0.06054688 0.10351562 -0.12304688
v 0.06054688 0.13085938 0.38867188
v 0.06054688 0.13085938 0.41210938
v 0.06054688 0.15429688 -0.22851562
v 0.06054688 0.16601562 0.18945312
v 0.06054688 0.18164062 0.43945312
v 0.06054688 0.20117188 0.44335938
v 0.06054688 0.22851562 0.19726562
v 0.06054688 0.24804688 0.45117188
v 0.06054688 0.29101562 0.44726562
v 0.06445312 -0.37304688 0.29101562
v 0.06445312 -0.36914062 0.27148438
v 0.06445312 -0.35351562 0.13085938
v 0.06445312 -0.33007812 0.25976562
v 0.06445312 -0.29492188 -0.04492188
v 0.06445312 -0.28710938 -0.09179688
v 0.06445312 -0.27929688 -0.12304688
v 0.06445312 -0.27539062 0.06445312
v 0.06445312 -0.26367188 0.12695312
v 0.06445312 -0.25976562 -0.11914062
v 0.06445312 -0.25976562 -0.09570312
v 0.06445312 -0.25585938 0.10742188
v 0.06445312 -0.24414062 -0.13085938
v 0.06445312 -0.23242188 -0.14257812
v 0.06445312 -0.21289062 -0.16601562
v 0.06445312 -0.20117188 -0.17773438
v 0.06445312 -0.17382812 -0.20117188
v 0.06445312 -0.16210938 -0.21289062
v 0.06445312 -0.15429688 -0.22070312
v 0.06445312 -0.13476562 0.36914062
v 0.06445312 -0.13085938 -0.24023438
v 0.06445312 -0.13085938 0.06054688
v 0.06445312 -0.11132812 0.35351562
v 0.06445312 -0.10742188 0.02539062
v 0.06445312 -0.08007812 0.41210938
v 0.06445312 -0.00976562 0.37695312
v 0.06445312 0.03710938 -0.46289062
v 0.06445312 0.03710938 0.34960938
v 0.06445312 0.04492188 0.36523438
v 0.06445312 0.06054688 0.34960938
v 0.06445312 0.06445312 0.18945312
v 0.06445312 0.06835938 -0.44726562
v 0.06445312 0.07226562 0.36132812
v 0.06445312 0.09179688 -0.42773438
v 0.06445312 0.14257812 -0.34960938
v 0.06445312 0.15039062 -0.30273438
v 0.06445312 0.15429688 -0.24804688
v 0.06445312 0.28320312 0.21679688
v 0.06445312 0.30664062 0.24804688
v 0.06445312 0.30664062 0.41601562
v 0.06445312 0.33398438 0.27929688
v 0.06445312 0.34570312 0.38085938
v 0.06835938 -0.35351562 0.27148438
v 0.06835938 -0.34179688 0.26367188
v 0.06835938 -0.33398438 0.26367188
v 0.06835938 -0.28710938 -0.04882812
v 0.06835938 -0.27929688 -0.08007812
v 0.06835938 -0.26367188 -0.10742188
v 0.06835938 -0.24414062 0.08007812
v 0.06835938 -0.22070312 -0.15039062
v 0.06835938 -0.19335938 -0.18554688
v 0.06835938 -0.17773438 -0.19726562
v 0.06835938 -0.15429688 -0.22460938
v 0.06835938 -0.14648438 -0.22851562
v 0.06835938 -0.11523438 0.07226562
v 0.06835938 -0.09960938 0.02148438
v 0.06835938 -0.09179688 0.35742188
v 0.06835938 -0.08789062 0.01367188
v 0.06835938 -0.08398438 0.07226562
v 0.06835938 -0.08007812 0.36914062
v 0.06835938 -0.07617188 0.00976562
v 0.06835938 -0.07617188 0.40429688
v 0.06835938 -0.07226562 0.39648438
v 0.06835938 -0.03710938 0.09179688
v 0.06835938 -0.00585938 0.38085938
v 0.06835938 0.01367188 0.36132812
v 0.06835938 0.02148438 0.37304688
v 0.06835938 0.02539062 -0.46289062
v 0.06835938 0.02929688 0.15429688
v 0.06835938 0.02929688 0.34960938
v 0.06835938 0.04492188 -0.06445312
v 0.06835938 0.04492188 0.16992188
v 0.06835938 0.04492188 0.36523438
v 0.06835938 0.06835938 0.34960938
v 0.06835938 0.11132812 -0.15429688
v 0.06835938 0.11523438 0.35742188
v 0.06835938 0.12695312 0.23632812
v 0.06835938 0.14648438 -0.28320312
v 0.06835938 0.14648438 0.23242188
v 0.06835938 0.22851562 0.43945312
v 0.06835938 0.31054688 0.26367188
v 0.06835938 0.34960938 0.34960938
v 0.07226562 -0.46679688 0.11914062
v 0.07226562 -0.46679688 0.13476562
v 0.07226562 -0.45507812 0.33007812
v 0.07226562 -0.42773438 0.11914062
v 0.07226562 -0.40039062 0.12304688
v 0.07226562 -0.37304688 0.12695312
v 0.07226562 -0.36523438 0.12304688
v 0.07226562 -0.35351562 0.12304688
v 0.07226562 -0.27929688 0.02929688
v 0.07226562 -0.27929688 0.13085938
v 0.07226562 -0.26757812 0.12695312
v 0.07226562 -0.26367188 -0.02148438
v 0.07226562 -0.24804688 -0.12304688
v 0.07226562 -0.24804688 0.06054688
v 0.07226562 -0.24414062 0.09179688
v 0.07226562 -0.23632812 -0.13476562
v 0.07226562 -0.23242188 0.06835938
v 0.07226562 -0.22460938 -0.14648438
v 0.07226562 -0.21679688 0.07226562
v 0.07226562 -0.20898438 -0.15820312
v 0.07226562 -0.20507812 -0.16210938
v 0.07226562 -0.19726562 -0.16992188
v 0.07226562 -0.18945312 0.26367188
v 0.07226562 -0.18554688 -0.19335938
v 0.07226562 -0.16992188 0.29101562
v 0.07226562 -0.16601562 -0.20507812
v 0.07226562 -0.15429688 -0.21289062
v 0.07226562 -0.15429688 0.30664062
v 0.07226562 -0.14257812 -0.21679688
v 0.07226562 -0.13867188 0.06445312
v 0.07226562 -0.13867188 0.31835938
v 0.07226562 -0.13085938 0.04882812
v 0.07226562 -0.12304688 -0.24023438
v 0.07226562 -0.12304688 0.04101562
v 0.07226562 -0.11914062 0.33007812
v 0.07226562 -0.11523438 0.03320312
v 0.07226562 -0.11132812 0.02539062
v 0.07226562 -0.10742188 -0.24804688
v 0.07226562 -0.09570312 0.33789062
v 0.07226562 -0.08007812 0.00585938
v 0.07226562 -0.07617188 -0.31054688
v 0.07226562 -0.07226562 -0.38867188
v 0.07226562 -0.07226562 0.34179688
v 0.07226562 -0.06835938 -0.42773438
v 0.07226562 -0.06445312 0.00195312
v 0.07226562 -0.06054688 0.08007812
v 0.07226562 -0.04882812 0.34960938
v 0.07226562 -0.03320312 -0.46289062
v 0.07226562 -0.02148438 0.34960938
v 0.07226562 -0.01757812 -0.02148438
v 0.07226562 -0.01367188 0.11132812
v 0.07226562 -0.00585938 -0.46289062
v 0.07226562 0.00195312 0.34960938
v 0.07226562 0.00585938 -0.03320312
v 0.07226562 0.01367188 0.36523438
v 0.07226562 0.02148438 0.36914062
v 0.07226562 0.02929688 -0.04882812
v 0.07226562 0.04101562 0.34960938
v 0.07226562 0.04492188 0.35742188
v 0.07226562 0.04882812 -0.45117188
v 0.07226562 0.05664062 -0.08007812
v 0.07226562 0.06445312 0.33398438
v 0.07226562 0.07226562 0.20507812
v 0.07226562 0.07617188 0.35742188
v 0.07226562 0.08007812 -0.09960938
v 0.07226562 0.08789062 -0.10742188
v 0.07226562 0.09179688 -0.11914062
v 0.07226562 0.09179688 0.34179688
v 0.07226562 0.09570312 -0.12695312
v 0.07226562 0.10351562 -0.13867188
v 0.07226562 0.10351562 0.22851562
v 0.07226562 0.10742188 0.34960938
v 0.07226562 0.11914062 0.20117188
v 0.07226562 0.12304688 -0.17382812
v 0.07226562 0.12304688 0.18945312
v 0.07226562 0.12695312 -0.19335938
v 0.07226562 0.13085938 0.24414062
v 0.07226562 0.13476562 -0.20898438
v 0.07226562 0.13476562 0.36914062
v 0.07226562 0.15820312 0.22070312
v 0.07226562 0.16601562 0.42773438
v 0.07226562 0.25976562 0.22070312
v 0.07226562 0.29101562 0.24414062
v 0.07226562 0.33398438 0.29492188
v 0.07617188 -0.41992188 0.34179688
v 0.07617188 -0.40039062 0.33789062
v 0.07617188 -0.35351562 0.12695312
v 0.07617188 -0.34179688 0.12695312
v 0.07617188 -0.33398438 0.12304688
v 0.07617188 -0.32226562 0.12304688
v 0.07617188 -0.32226562 0.13085938
v 0.07617188 -0.29101562 -0.08789062
v 0.07617188 -0.28710938 -0.09179688
v 0.07617188 -0.28710938 0.11914062
v 0.07617188 -0.28320312 -0.07617188
v 0.07617188 -0.27929688 -0.08398438
v 0.07617188 -0.27539062 0.00195312
v 0.07617188 -0.27148438 -0.04492188
v 0.07617188 -0.26367188 0.02929688
v 0.07617188 -0.25585938 0.06445312
v 0.07617188 -0.25585938 0.12304688
v 0.07617188 -0.25195312 -0.11914062
v 0.07617188 -0.24414062 -0.09960938
v 0.07617188 -0.23632812 -0.13085938
v 0.07617188 -0.23632812 0.27148438
v 0.07617188 -0.21289062 -0.15820312
v 0.07617188 -0.20898438 0.27148438
v 0.07617188 -0.18945312 -0.17773438
v 0.07617188 -0.18554688 -0.18554688
v 0.07617188 -0.17382812 -0.18554688
v 0.07617188 -0.16601562 -0.19335938
v 0.07617188 -0.15820312 -0.20117188
v 0.07617188 -0.15429688 0.06835938
v 0.07617188 -0.14257812 -0.22460938
v 0.07617188 -0.13867188 -0.22851562
v 0.07617188 -0.13867188 0.07226562
v 0.07617188 -0.12695312 0.40429688
v 0.07617188 -0.10742188 0.02148438
v 0.07617188 -0.09960938 0.01367188
v 0.07617188 -0.09960938 0.41601562
v 0.07617188 -0.09570312 -0.26367188
v 0.07617188 -0.09179688 -0.27148438
v 0.07617188 -0.09179688 0.00976562
v 0.07617188 -0.08789062 -0.27929688
v 0.07617188 -0.08398438 -0.28710938
v 0.07617188 -0.08007812 -0.29492188
v 0.07617188 -0.07226562 -0.34960938
v 0.07617188 -0.07226562 0.00195312
v 0.07617188 0.01367188 -0.45898438
v 0.07617188 0.04101562 0.17773438
v 0.07617188 0.04101562 0.35351562
v 0.07617188 0.06835938 0.34179688
v 0.07617188 0.08007812 0.34960938
v 0.07617188 0.09570312 0.33007812
v 0.07617188 0.10742188 0.24023438
v 0.07617188 0.11523438 -0.13867188
v 0.07617188 0.12695312 -0.16992188
v 0.07617188 0.13867188 -0.29492188
v 0.07617188 0.13867188 -0.27539062
v 0.07617188 0.14257812 -0.24414062
v 0.07617188 0.14257812 -0.23242188
v 0.07617188 0.14648438 0.24023438
v 0.07617188 0.15429688 0.43164062
v 0.07617188 0.18554688 0.20898438
v 0.07617188 0.20507812 0.21679688
v 0.07617188 0.22460938 0.21289062
v 0.07617188 0.23632812 0.43945312
v 0.07617188 0.24804688 0.21289062
v 0.07617188 0.31445312 0.28320312
v 0.07617188 0.33398438 0.36914062
v 0.07617188 0.33789062 0.31835938
v 0.07617188 0.34179688 0.34179688
v 0.08007812 -0.43164062 0.34960938
v 0.08007812 -0.38867188 0.32226562
v 0.08007812 -0.32226562 0.27539062
v 0.08007812 -0.31835938 0.11914062
v 0.08007812 -0.31835938 0.27929688
v 0.08007812 -0.30664062 0.27539062
v 0.08007812 -0.30273438 0.11914062
v 0.08007812 -0.29492188 0.27148438
v 0.08007812 -0.29101562 0.25976562
v 0.08007812 -0.28710938 0.25585938
v 0.08007812 -0.27539062 -0.06054688
v 0.08007812 -0.27148438 0.25976562
v 0.08007812 -0.26757812 0.12695312
v 0.08007812 -0.26367188 0.00195312
v 0.08007812 -0.25976562 -0.01367188
v 0.08007812 -0.25976562 0.02929688
v 0.08007812 -0.24414062 0.06054688
v 0.08007812 -0.24023438 0.07226562
v 0.08007812 -0.24023438 0.10742188
v 0.08007812 -0.22460938 -0.13867188
v 0.08007812 -0.20898438 0.08398438
v 0.08007812 -0.20507812 -0.16210938
v 0.08007812 -0.19335938 0.09179688
v 0.08007812 -0.18554688 0.08007812
v 0.08007812 -0.15820312 0.07617188
v 0.08007812 -0.13867188 0.05273438
v 0.08007812 -0.12695312 0.08007812
v 0.08007812 -0.12304688 0.03320312
v 0.08007812 -0.11914062 0.02539062
v 0.08007812 -0.11914062 0.36914062
v 0.08007812 -0.11523438 0.41210938
v 0.08007812 -0.11132812 0.01757812
v 0.08007812 0.00195312 0.13085938
v 0.08007812 0.02929688 -0.04492188
v 0.08007812 0.03710938 0.33398438
v 0.08007812 0.04101562 -0.45117188
v 0.08007812 0.06445312 -0.07617188
v 0.08007812 0.07226562 -0.43554688
v 0.08007812 0.07226562 0.32617188
v 0.08007812 0.07617188 0.22070312
v 0.08007812 0.07617188 0.34179688
v 0.08007812 0.09960938 0.33007812
v 0.08007812 0.10351562 0.33789062
v 0.08007812 0.11132812 -0.39257812
v 0.08007812 0.11914062 -0.15039062
v 0.08007812 0.12695312 0.33789062
v 0.08007812 0.13085938 0.25585938
v 0.08007812 0.13085938 0.35742188
v 0.08007812 0.13476562 -0.19335938
v 0.08007812 0.13867188 0.43164062
v 0.08007812 0.14257812 -0.29882812
v 0.08007812 0.16210938 0.20117188
v 0.08007812 0.16210938 0.23242188
v 0.08007812 0.20507812 0.43164062
v 0.08007812 0.28710938 0.43945312
v 0.08007812 0.31835938 0.39257812
v 0.08007812 0.33789062 0.33007812
v 0.08398438 -0.45117188 0.34960938
v 0.08398438 -0.37304688 0.29882812
v 0.08398438 -0.36523438 0.28320312
v 0.08398438 -0.35351562 0.27539062
v 0.08398438 -0.34179688 0.27148438
v 0.08398438 -0.33398438 0.27148438
v 0.08398438 -0.33007812 0.27148438
v 0.08398438 -0.32226562 0.12695312
v 0.08398438 -0.28710938 0.11914062
v 0.08398438 -0.27929688 -0.06835938
v 0.08398438 -0.27929688 0.12695312
v 0.08398438 -0.26367188 0.00585938
v 0.08398438 -0.25585938 0.02929688
v 0.08398438 -0.24804688 -0.04101562
v 0.08398438 -0.24023438 -0.12304688
v 0.08398438 -0.23242188 0.06054688
v 0.08398438 -0.22460938 0.07226562
v 0.08398438 -0.22070312 0.04882812
v 0.08398438 -0.19726562 -0.16992188
v 0.08398438 -0.19335938 -0.17382812
v 0.08398438 -0.14648438 -0.20898438
v 0.08398438 -0.14648438 -0.20117188
v 0.08398438 -0.13867188 0.09570312
v 0.08398438 -0.13476562 -0.21679688
v 0.08398438 -0.13085938 0.04101562
v 0.08398438 -0.12695312 0.38476562
v 0.08398438 -0.12304688 0.01757812
v 0.08398438 -0.11523438 -0.23242188
v 0.08398438 -0.11132812 0.00976562
v 0.08398438 -0.10742188 0.01367188
v 0.08398438 -0.09960938 0.00976562
v 0.08398438 -0.09570312 0.00585938
v 0.08398438 -0.08789062 0.00195312
v 0.08398438 -0.07226562 -0.29101562
v 0.08398438 -0.03710938 -0.45117188
v 0.08398438 -0.03320312 0.10351562
v 0.08398438 -0.01757812 -0.02929688
v 0.08398438 -0.00585938 -0.45117188
v 0.08398438 0.00585938 -0.02539062
v 0.08398438 0.00976562 0.33398438
v 0.08398438 0.04882812 -0.08007812
v 0.08398438 0.04882812 0.19726562
v 0.08398438 0.05273438 -0.06054688
v 0.08398438 0.06445312 -0.09570312
v 0.08398438 0.07617188 -0.09179688
v 0.08398438 0.09179688 -0.10742188
v 0.08398438 0.09570312 -0.11914062
v 0.08398438 0.10351562 0.32226562
v 0.08398438 0.10742188 -0.11523438
v 0.08398438 0.10742188 0.25195312
v 0.08398438 0.10742188 0.26367188
v 0.08398438 0.11132812 -0.11132812
v 0.08398438 0.11132812 0.32226562
v 0.08398438 0.11914062 0.28320312
v 0.08398438 0.12695312 -0.35351562
v 0.08398438 0.12695312 0.27148438
v 0.08398438 0.12695312 0.27929688
v 0.08398438 0.13476562 0.38476562
v 0.08398438 0.13476562 0.40820312
v 0.08398438 0.13867188 -0.31445312
v 0.08398438 0.16601562 0.22851562
v 0.08398438 0.25976562 0.45507812
v 0.08398438 0.28710938 0.25976562
v 0.08789062 -0.46679688 0.12304688
v 0.08789062 -0.46679688 0.13476562
v 0.08789062 -0.46679688 0.15039062
v 0.08789062 -0.46679688 0.15820312
v 0.08789062 -0.46679688 0.17382812
v 0.08789062 -0.45898438 0.18945312
v 0.08789062 -0.43164062 0.12304688
v 0.08789062 -0.40039062 0.12304688
v 0.08789062 -0.37304688 0.12304688
v 0.08789062 -0.36523438 0.12304688
v 0.08789062 -0.35351562 0.12304688
v 0.08789062 -0.35351562 0.12695312
v 0.08789062 -0.34179688 0.12695312
v 0.08789062 -0.33398438 0.12304688
v 0.08789062 -0.32226562 0.12304688
v 0.08789062 -0.31835938 0.11914062
v 0.08789062 -0.30273438 0.11914062
v 0.08789062 -0.27148438 -0.00976562
v 0.08789062 -0.25976562 -0.08007812
v 0.08789062 -0.24023438 0.02539062
v 0.08789062 -0.23632812 -0.10742188
v 0.08789062 -0.23632812 0.05273438
v 0.08789062 -0.22460938 0.06445312
v 0.08789062 -0.21679688 0.05273438
v 0.08789062 -0.21289062 -0.14648438
v 0.08789062 -0.20117188 -0.15820312
v 0.08789062 -0.20117188 0.06445312
v 0.08789062 -0.19726562 -0.19335938
v 0.08789062 -0.18945312 -0.16992188
v 0.08789062 -0.18554688 -0.17773438
v 0.08789062 -0.18164062 -0.18554688
v 0.08789062 -0.18164062 0.06835938
v 0.08789062 -0.17773438 -0.17773438
v 0.08789062 -0.16992188 0.27148438
v 0.08789062 -0.16210938 0.28710938
v 0.08789062 -0.15820312 -0.18945312
v 0.08789062 -0.15429688 0.05664062
v 0.08789062 -0.14648438 0.30664062
v 0.08789062 -0.13476562 -0.22460938
v 0.08789062 -0.13085938 -0.22460938
v 0.08789062 -0.13085938 0.31445312
v 0.08789062 -0.12695312 0.02539062
v 0.08789062 -0.11914062 0.00976562
v 0.08789062 -0.11132812 0.00585938
v 0.08789062 -0.11132812 0.32617188
v 0.08789062 -0.10742188 0.00585938
v 0.08789062 -0.10351562 0.37304688
v 0.08789062 -0.09960938 0.00195312
v 0.08789062 -0.09570312 -0.24023438
v 0.08789062 -0.09570312 0.40039062
v 0.08789062 -0.09179688 -0.25585938
v 0.08789062 -0.09179688 -0.00195312
v 0.08789062 -0.08789062 0.33007812
v 0.08789062 -0.08789062 0.38476562
v 0.08789062 -0.08398438 -0.26367188
v 0.08789062 -0.08398438 -0.00585938
v 0.08789062 -0.08007812 -0.27148438
v 0.08789062 -0.07617188 -0.28320312
v 0.08789062 -0.07617188 -0.00585938
v 0.08789062 -0.06835938 -0.30664062
v 0.08789062 -0.06445312 0.33398438
v 0.08789062 -0.06054688 -0.01367188
v 0.08789062 -0.05664062 -0.42382812
v 0.08789062 -0.04101562 0.33789062
v 0.08789062 -0.01757812 -0.04101562
v 0.08789062 -0.01757812 0.33789062
v 0.08789062 0.01367188 0.15820312
v 0.08789062 0.02539062 -0.44726562
v 0.08789062 0.02929688 -0.06445312
v 0.08789062 0.04101562 -0.06054688
v 0.08789062 0.04101562 0.32226562
v 0.08789062 0.05664062 -0.43554688
v 0.08789062 0.06054688 -0.07617188
v 0.08789062 0.07226562 -0.09179688
v 0.08789062 0.07617188 0.31445312
v 0.08789062 0.08007812 0.23242188
v 0.08789062 0.08398438 -0.11523438
v 0.08789062 0.08789062 -0.12695312
v 0.08789062 0.09179688 -0.12304688
v 0.08789062 0.09179688 -0.11132812
v 0.08789062 0.09570312 -0.40429688
v 0.08789062 0.10742188 0.27929688
v 0.08789062 0.11132812 -0.20507812
v 0.08789062 0.11132812 0.31054688
v 0.08789062 0.11523438 -0.22070312
v 0.08789062 0.11523438 -0.17382812
v 0.08789062 0.11523438 -0.15820312
v 0.08789062 0.11914062 -0.17382812
v 0.08789062 0.11914062 0.19726562
v 0.08789062 0.11914062 0.28710938
v 0.08789062 0.11914062 0.29882812
v 0.08789062 0.12304688 -0.23242188
v 0.08789062 0.12304688 -0.20117188
v 0.08789062 0.12695312 -0.19726562
v 0.08789062 0.12695312 0.31054688
v 0.08789062 0.13085938 -0.32226562
v 0.08789062 0.13085938 -0.29882812
v 0.08789062 0.13085938 -0.27148438
v 0.08789062 0.13085938 -0.21679688
v 0.08789062 0.13085938 0.32617188
v 0.08789062 0.13476562 -0.28710938
v 0.08789062 0.13476562 -0.25585938
v 0.08789062 0.13476562 -0.23242188
v 0.08789062 0.13476562 -0.21679688
v 0.08789062 0.13867188 -0.27148438
v 0.08789062 0.13867188 -0.22851562
v 0.08789062 0.13867188 0.27148438
v 0.08789062 0.14257812 -0.25585938
v 0.08789062 0.14257812 0.25585938
v 0.08789062 0.14648438 -0.21679688
v 0.08789062 0.15820312 0.24804688
v 0.08789062 0.16210938 0.20898438
v 0.08789062 0.18554688 0.42773438
v 0.08789062 0.18945312 0.23242188
v 0.08789062 0.26757812 0.23632812
v 0.08789062 0.31445312 0.30273438
v 0.08789062 0.31835938 0.32226562
v 0.08789062 0.32617188 0.34179688
v 0.08789062 0.32617188 0.35351562
v 0.09179688 -0.45898438 0.21289062
v 0.09179688 -0.45898438 0.22851562
v 0.09179688 -0.45898438 0.24804688
v 0.09179688 -0.45898438 0.27148438
v 0.09179688 -0.26757812 -0.09179688
v 0.09179688 -0.25976562 0.00585938
v 0.09179688 -0.25195312 -0.05664062
v 0.09179688 -0.24804688 0.00585938
v 0.09179688 -0.24804688 0.12304688
v 0.09179688 -0.23242188 -0.11914062
v 0.09179688 -0.22851562 -0.13085938
v 0.09179688 -0.22070312 0.03320312
v 0.09179688 -0.20507812 0.05273438
v 0.09179688 -0.18945312 -0.16992188
v 0.09179688 -0.18164062 0.09570312
v 0.09179688 -0.16210938 0.09570312
v 0.09179688 -0.13867188 -0.20898438
v 0.09179688 -0.13085938 -0.21679688
v 0.09179688 -0.13085938 0.02148438
v 0.09179688 -0.12304688 0.01757812
v 0.09179688 -0.11914062 0.00976562
v 0.09179688 -0.11523438 0.00585938
v 0.09179688 -0.11132812 0.00195312
v 0.09179688 -0.11132812 0.39257812
v 0.09179688 -0.10742188 0.00195312
v 0.09179688 -0.10351562 -0.00195312
v 0.09179688 -0.09570312 -0.00585938
v 0.09179688 -0.09179688 0.08789062
v 0.09179688 -0.06445312 -0.38476562
v 0.09179688 -0.06445312 -0.29101562
v 0.09179688 -0.06445312 -0.01757812
v 0.09179688 -0.06054688 -0.34570312
v 0.09179688 -0.06054688 0.09570312
v 0.09179688 0.00195312 -0.04492188
v 0.09179688 0.02148438 -0.04882812
v 0.09179688 0.05273438 0.21679688
v 0.09179688 0.08398438 0.24414062
v 0.09179688 0.08398438 0.30664062
v 0.09179688 0.09179688 0.27929688
v 0.09179688 0.09570312 -0.15039062
v 0.09179688 0.10351562 -0.18164062
v 0.09179688 0.10351562 -0.13085938
v 0.09179688 0.10742188 -0.14648438
v 0.09179688 0.10742188 -0.13085938
v 0.09179688 0.11132812 -0.15820312
v 0.09179688 0.11523438 -0.14648438
v 0.09179688 0.13085938 0.28320312
v 0.09179688 0.13085938 0.29882812
v 0.09179688 0.13085938 0.31445312
v 0.09179688 0.13867188 0.28320312
v 0.09179688 0.14648438 -0.27539062
v 0.09179688 0.14648438 -0.25585938
v 0.09179688 0.14648438 -0.23242188
v 0.09179688 0.15820312 0.42773438
v 0.09179688 0.16992188 0.42382812
v 0.09179688 0.28320312 0.43164062
v 0.09179688 0.29101562 0.28320312
v 0.09179688 0.29882812 0.39648438
v 0.09570312 -0.45898438 0.29492188
v 0.09570312 -0.26367188 -0.00585938
v 0.09570312 -0.25195312 -0.00976562
v 0.09570312 -0.24804688 -0.09179688
v 0.09570312 -0.24023438 0.00585938
v 0.09570312 -0.22070312 0.02148438
v 0.09570312 -0.22070312 0.11914062
v 0.09570312 -0.21679688 -0.13476562
v 0.09570312 -0.21289062 0.07617188
v 0.09570312 -0.20117188 0.08007812
v 0.09570312 -0.20117188 0.27539062
v 0.09570312 -0.19335938 -0.16601562
v 0.09570312 -0.18164062 -0.16992188
v 0.09570312 -0.17773438 -0.17773438
v 0.09570312 -0.17382812 -0.18164062
v 0.09570312 -0.16992188 -0.17382812
v 0.09570312 -0.16210938 -0.18164062
v 0.09570312 -0.15039062 0.04101562
v 0.09570312 -0.13476562 0.02929688
v 0.09570312 -0.12695312 0.01367188
v 0.09570312 -0.12304688 0.00976562
v 0.09570312 -0.11914062 0.00585938
v 0.09570312 -0.11523438 0.00195312
v 0.09570312 -0.10742188 -0.00195312
v 0.09570312 -0.09960938 -0.00585938
v 0.09570312 -0.09179688 -0.00976562
v 0.09570312 -0.07617188 -0.01757812
v 0.09570312 -0.06835938 -0.27929688
v 0.09570312 -0.06054688 -0.30664062
v 0.09570312 -0.05273438 -0.02148438
v 0.09570312 -0.01757812 -0.04882812
v 0.09570312 0.00195312 -0.43945312
v 0.09570312 0.01367188 0.32226562
v 0.09570312 0.02539062 -0.07226562
v 0.09570312 0.03710938 -0.08789062
v 0.09570312 0.04882812 0.31054688
v 0.09570312 0.08398438 0.25585938
v 0.09570312 0.08398438 0.27148438
v 0.09570312 0.09179688 0.29101562
v 0.09570312 0.09570312 -0.16992188
v 0.09570312 0.09570312 0.27929688
v 0.09570312 0.11914062 -0.34960938
v 0.09570312 0.11914062 -0.24804688
v 0.09570312 0.12695312 -0.25195312
v 0.09570312 0.13476562 0.33789062
v 0.09570312 0.14257812 0.42773438
v 0.09570312 0.20507812 0.25195312
v 0.09570312 0.24804688 0.24023438
v 0.09570312 0.26757812 0.25976562
v 0.09570312 0.31835938 0.34179688
v 0.09570312 0.31835938 0.34960938
v 0.09960938 -0.46679688 0.13476562
v 0.09960938 -0.45507812 0.31835938
v 0.09960938 -0.45507812 0.33007812
v 0.09960938 -0.29101562 0.25976562
v 0.09960938 -0.28710938 0.25195312
v 0.09960938 -0.27539062 0.25976562
v 0.09960938 -0.26757812 -0.09570312
v 0.09960938 -0.26757812 0.13476562
v 0.09960938 -0.26367188 -0.03320312
v 0.09960938 -0.24023438 -0.06835938
v 0.09960938 -0.24023438 -0.01367188
v 0.09960938 -0.23632812 0.27148438
v 0.09960938 -0.20117188 0.04101562
v 0.09960938 -0.19726562 -0.16210938
v 0.09960938 -0.18945312 -0.16601562
v 0.09960938 -0.18945312 -0.16210938
v 0.09960938 -0.17773438 0.05273438
v 0.09960938 -0.15429688 -0.18945312
v 0.09960938 -0.14257812 -0.19726562
v 0.09960938 -0.14257812 0.03320312
v 0.09960938 -0.13085938 -0.22460938
v 0.09960938 -0.12695312 0.00976562
v 0.09960938 -0.12695312 0.01367188
v 0.09960938 -0.12304688 -0.22460938
v 0.09960938 -0.11132812 -0.00195312
v 0.09960938 -0.10742188 -0.23242188
v 0.09960938 -0.10351562 -0.00976562
v 0.09960938 -0.09179688 -0.23632812
v 0.09960938 -0.09179688 -0.01367188
v 0.09960938 -0.07617188 -0.26757812
v 0.09960938 -0.02929688 0.12304688
v 0.09960938 0.00585938 -0.05664062
v 0.09960938 0.01367188 0.18164062
v 0.09960938 0.02929688 -0.42773438
v 0.09960938 0.06054688 -0.10351562
v 0.09960938 0.06835938 -0.41210938
v 0.09960938 0.09960938 -0.15039062
v 0.09960938 0.10351562 -0.35742188
v 0.09960938 0.10351562 -0.16210938
v 0.09960938 0.11132812 -0.18164062
v 0.09960938 0.12304688 -0.31445312
v 0.09960938 0.12304688 0.20507812
v 0.09960938 0.12695312 -0.23632812
v 0.09960938 0.13867188 0.36914062
v 0.09960938 0.13867188 0.38867188
v 0.09960938 0.13867188 0.40820312
v 0.09960938 0.15429688 0.25585938
v 0.09960938 0.16601562 0.23632812
v 0.09960938 0.22851562 0.24023438
v 0.09960938 0.29492188 0.30664062
v 0.09960938 0.31445312 0.32226562
v 0.10351562 -0.36523438 0.27929688
v 0.10351562 -0.35351562 0.27148438
v 0.10351562 -0.34179688 0.12695312
v 0.10351562 -0.34179688 0.27148438
v 0.10351562 -0.33398438 0.27148438
v 0.10351562 -0.33007812 0.27148438
v 0.10351562 -0.32226562 0.27539062
v 0.10351562 -0.31835938 0.27539062
v 0.10351562 -0.31054688 0.27539062
v 0.10351562 -0.30273438 0.27148438
v 0.10351562 -0.27929688 0.13476562
v 0.10351562 -0.25976562 -0.05664062
v 0.10351562 -0.25195312 -0.03320312
v 0.10351562 -0.24804688 -0.03320312
v 0.10351562 -0.24023438 0.13085938
v 0.10351562 -0.23242188 0.00195312
v 0.10351562 -0.22070312 0.01367188
v 0.10351562 -0.20898438 -0.15429688
v 0.10351562 -0.20507812 -0.17382812
v 0.10351562 -0.20117188 -0.17382812
v 0.10351562 -0.20117188 -0.15820312
v 0.10351562 -0.19726562 -0.16601562
v 0.10351562 -0.19726562 0.02539062
v 0.10351562 -0.19335938 -0.16210938
v 0.10351562 -0.17382812 0.04101562
v 0.10351562 -0.16210938 0.26367188
v 0.10351562 -0.15820312 -0.17382812
v 0.10351562 -0.15039062 -0.17773438
v 0.10351562 -0.15039062 0.28320312
v 0.10351562 -0.13476562 -0.20898438
v 0.10351562 -0.13476562 0.30273438
v 0.10351562 -0.13085938 -0.20117188
v 0.10351562 -0.12695312 -0.21679688
v 0.10351562 -0.12695312 0.00976562
v 0.10351562 -0.12304688 -0.22070312
v 0.10351562 -0.12304688 0.00585938
v 0.10351562 -0.11914062 0.00195312
v 0.10351562 -0.11914062 0.31054688
v 0.10351562 -0.11523438 -0.22070312
v 0.10351562 -0.11523438 -0.00195312
v 0.10351562 -0.10742188 -0.00976562
v 0.10351562 -0.10351562 0.31445312
v 0.10351562 -0.09960938 -0.22851562
v 0.10351562 -0.09570312 -0.01757812
v 0.10351562 -0.08789062 -0.01757812
v 0.10351562 -0.08398438 -0.25195312
v 0.10351562 -0.08398438 -0.01757812
v 0.10351562 -0.08007812 -0.25976562
v 0.10351562 -0.08007812 0.32226562
v 0.10351562 -0.07226562 -0.26757812
v 0.10351562 -0.06445312 -0.28710938
v 0.10351562 -0.06445312 -0.27929688
v 0.10351562 -0.06054688 -0.02539062
v 0.10351562 -0.05664062 0.32617188
v 0.10351562 -0.04882812 -0.37695312
v 0.10351562 -0.04882812 -0.33789062
v 0.10351562 -0.03710938 -0.41601562
v 0.10351562 -0.03320312 0.33007812
v 0.10351562 -0.00976562 0.32617188
v 0.10351562 0.03710938 -0.43164062
v 0.10351562 0.06054688 0.29882812
v 0.10351562 0.08007812 -0.13085938
v 0.10351562 0.11523438 -0.26757812
v 0.10351562 0.11914062 -0.27148438
v 0.10351562 0.11914062 -0.20898438
v 0.10351562 0.12304688 -0.22070312
v 0.10351562 0.14257812 0.27148438
v 0.10351562 0.16601562 0.21679688
v 0.10351562 0.21289062 0.42773438
v 0.10351562 0.24414062 0.43945312
v 0.10351562 0.27539062 0.40820312
v 0.10742188 -0.46679688 0.15820312
v 0.10742188 -0.45898438 0.13476562
v 0.10742188 -0.45898438 0.15039062
v 0.10742188 -0.45898438 0.15820312
v 0.10742188 -0.45117188 0.35351562
v 0.10742188 -0.42773438 0.13085938
v 0.10742188 -0.42773438 0.34960938
v 0.10742188 -0.41992188 0.34179688
v 0.10742188 -0.40039062 0.13085938
v 0.10742188 -0.40039062 0.33398438
v 0.10742188 -0.38476562 0.32226562
v 0.10742188 -0.37304688 0.13085938
v 0.10742188 -0.37304688 0.30273438
v 0.10742188 -0.36523438 0.12695312
v 0.10742188 -0.35351562 0.12695312
v 0.10742188 -0.35351562 0.13085938
v 0.10742188 -0.33398438 0.12304688
v 0.10742188 -0.32226562 0.12695312
v 0.10742188 -0.28710938 0.12695312
v 0.10742188 -0.25976562 -0.11132812
v 0.10742188 -0.24804688 -0.04882812
v 0.10742188 -0.24414062 -0.12695312
v 0.10742188 -0.23242188 -0.14257812
v 0.10742188 -0.23242188 -0.00976562
v 0.10742188 -0.22851562 -0.10351562
v 0.10742188 -0.22460938 -0.08007812
v 0.10742188 -0.22070312 -0.15429688
v 0.10742188 -0.21679688 -0.00195312
v 0.10742188 -0.21289062 -0.11914062
v 0.10742188 -0.19726562 -0.16210938
v 0.10742188 -0.19726562 -0.00976562
v 0.10742188 -0.19335938 -0.16210938
v 0.10742188 -0.19335938 -0.14257812
v 0.10742188 -0.18554688 -0.15429688
v 0.10742188 -0.18554688 -0.00195312
v 0.10742188 -0.17773438 -0.15820312
v 0.10742188 -0.16992188 -0.16601562
v 0.10742188 -0.16601562 0.00585938
v 0.10742188 -0.16601562 0.01757812
v 0.10742188 -0.15039062 -0.18554688
v 0.10742188 -0.15039062 0.00585938
v 0.10742188 -0.14648438 0.01757812
v 0.10742188 -0.14257812 -0.19335938
v 0.10742188 -0.13867188 0.02148438
v 0.10742188 -0.13476562 0.01757812
v 0.10742188 -0.13085938 0.01367188
v 0.10742188 -0.12695312 0.00195312
v 0.10742188 -0.12304688 -0.20898438
v 0.10742188 -0.12304688 -0.00195312
v 0.10742188 -0.11914062 -0.00195312
v 0.10742188 -0.11132812 -0.21679688
v 0.10742188 -0.11132812 -0.00976562
v 0.10742188 -0.10351562 -0.22460938
v 0.10742188 -0.09960938 -0.22851562
v 0.10742188 -0.09570312 -0.22460938
v 0.10742188 -0.09570312 -0.02148438
v 0.10742188 -0.09179688 -0.23242188
v 0.10742188 -0.09179688 -0.01757812
v 0.10742188 -0.08007812 -0.24804688
v 0.10742188 -0.07617188 -0.25976562
v 0.10742188 -0.06835938 -0.02929688
v 0.10742188 -0.05273438 -0.30664062
v 0.10742188 -0.04492188 -0.02929688
v 0.10742188 -0.01757812 -0.04882812
v 0.10742188 -0.01757812 0.15039062
v 0.10742188 0.01367188 -0.06054688
v 0.10742188 0.01757812 0.30273438
v 0.10742188 0.02148438 0.21289062
v 0.10742188 0.05664062 0.22851562
v 0.10742188 0.06054688 0.27539062
v 0.10742188 0.08789062 -0.18164062
v 0.10742188 0.08789062 -0.16601562
v 0.10742188 0.08789062 -0.15039062
v 0.10742188 0.09960938 -0.20117188
v 0.10742188 0.10351562 -0.22070312
v 0.10742188 0.10742188 -0.32617188
v 0.10742188 0.10742188 -0.24023438
v 0.10742188 0.11132812 -0.29101562
v 0.10742188 0.11914062 0.20117188
v 0.10742188 0.11914062 0.20898438
v 0.10742188 0.12304688 0.22851562
v 0.10742188 0.12695312 0.25195312
v 0.10742188 0.13476562 0.29882812
v 0.10742188 0.13476562 0.32226562
v 0.10742188 0.13867188 0.28320312
v 0.10742188 0.13867188 0.34179688
v 0.10742188 0.16210938 0.42773438
v 0.10742188 0.16992188 0.41992188
v 0.10742188 0.17382812 0.24804688
v 0.10742188 0.18945312 0.26367188
v 0.10742188 0.18945312 0.41992188
v 0.10742188 0.24804688 0.26367188
v 0.10742188 0.26757812 0.27929688
v 0.10742188 0.29882812 0.35742188
v 0.11132812 -0.45898438 0.17382812
v 0.11132812 -0.32226562 0.12304688
v 0.11132812 -0.31835938 0.12304688
v 0.11132812 -0.30273438 0.12304688
v 0.11132812 -0.26367188 0.14257812
v 0.11132812 -0.25195312 -0.04101562
v 0.11132812 -0.24804688 -0.06835938
v 0.11132812 -0.24804688 -0.04101562
v 0.11132812 -0.23632812 -0.13476562
v 0.11132812 -0.23632812 -0.06054688
v 0.11132812 -0.22851562 -0.01757812
v 0.11132812 -0.21679688 -0.01367188
v 0.11132812 -0.21289062 -0.15039062
v 0.11132812 -0.20898438 -0.16601562
v 0.11132812 -0.20898438 -0.09570312
v 0.11132812 -0.20507812 -0.15429688
v 0.11132812 -0.19726562 -0.02539062
v 0.11132812 -0.19335938 0.00585938
v 0.11132812 -0.18945312 -0.01367188
v 0.11132812 -0.14648438 0.00195312
v 0.11132812 -0.13476562 0.00976562
v 0.11132812 -0.13085938 0.00585938
v 0.11132812 -0.10351562 -0.02148438
v 0.11132812 -0.10351562 0.11132812
v 0.11132812 -0.09179688 -0.23242188
v 0.11132812 -0.08007812 -0.24414062
v 0.11132812 -0.07617188 -0.25585938
v 0.11132812 -0.07617188 -0.02539062
v 0.11132812 -0.06835938 -0.26757812
v 0.11132812 -0.06445312 0.12304688
v 0.11132812 -0.06054688 -0.27539062
v 0.11132812 -0.05664062 -0.28320312
v 0.11132812 -0.05273438 -0.03320312
v 0.11132812 -0.00585938 0.31054688
v 0.11132812 0.01367188 -0.08007812
v 0.11132812 0.06054688 0.24023438
v 0.11132812 0.06054688 0.26367188
v 0.11132812 0.06445312 0.29101562
v 0.11132812 0.08398438 -0.36914062
v 0.11132812 0.10742188 -0.25976562
v 0.11132812 0.22851562 0.26757812
v 0.11523438 -0.45898438 0.18945312
v 0.11523438 -0.29101562 0.25195312
v 0.11523438 -0.28710938 0.24804688
v 0.11523438 -0.27539062 0.14257812
v 0.11523438 -0.27539062 0.25976562
v 0.11523438 -0.24414062 -0.02929688
v 0.11523438 -0.23242188 0.27148438
v 0.11523438 -0.22851562 -0.03320312
v 0.11523438 -0.22070312 -0.02929688
v 0.11523438 -0.20898438 -0.16992188
v 0.11523438 -0.20117188 -0.10351562
v 0.11523438 -0.19726562 -0.13867188
v 0.11523438 -0.19726562 0.12695312
v 0.11523438 -0.19335938 0.27539062
v 0.11523438 -0.18945312 -0.02539062
v 0.11523438 -0.15039062 0.12695312
v 0.11523438 -0.12695312 0.00195312
v 0.11523438 -0.12695312 0.12304688
v 0.11523438 -0.11523438 -0.00976562
v 0.11523438 -0.09179688 -0.22851562
v 0.11523438 -0.08789062 -0.23632812
v 0.11523438 -0.08789062 -0.04101562
v 0.11523438 -0.08007812 -0.02929688
v 0.11523438 -0.04101562 -0.33007812
v 0.11523438 -0.03710938 -0.36914062
v 0.11523438 -0.03710938 -0.04101562
v 0.11523438 -0.02929688 0.31835938
v 0.11523438 -0.02539062 -0.40429688
v 0.11523438 -0.01757812 0.18164062
v 0.11523438 -0.01367188 -0.05273438
v 0.11523438 0.02539062 -0.39648438
v 0.11523438 0.03320312 -0.09570312
v 0.11523438 0.04492188 -0.40429688
v 0.11523438 0.05273438 -0.10742188
v 0.11523438 0.06054688 0.25195312
v 0.11523438 0.06835938 0.27929688
v 0.11523438 0.10351562 -0.29492188
v 0.11523438 0.14648438 0.36914062
v 0.11523438 0.14648438 0.38867188
v 0.11523438 0.15039062 0.40820312
v 0.11523438 0.15429688 0.41992188
v 0.11523438 0.21289062 0.27539062
v 0.11523438 0.26367188 0.39257812
v 0.11523438 0.28320312 0.29492188
v 0.11523438 0.28710938 0.36523438
v 0.11914062 -0.45898438 0.14648438
v 0.11914062 -0.45898438 0.17382812
v 0.11914062 -0.45898438 0.20898438
v 0.11914062 -0.42773438 0.14257812
v 0.11914062 -0.39648438 0.13867188
v 0.11914062 -0.37304688 0.13867188
v 0.11914062 -0.36523438 0.27539062
v 0.11914062 -0.35351562 0.13867188
v 0.11914062 -0.35351562 0.27148438
v 0.11914062 -0.34179688 0.13476562
v 0.11914062 -0.34179688 0.26367188
v 0.11914062 -0.33007812 0.25976562
v 0.11914062 -0.32226562 0.26367188
v 0.11914062 -0.30273438 0.25976562
v 0.11914062 -0.22851562 -0.08398438
v 0.11914062 -0.22851562 -0.05273438
v 0.11914062 -0.22460938 -0.07617188
v 0.11914062 -0.22070312 -0.04492188
v 0.11914062 -0.21679688 -0.13867188
v 0.11914062 -0.21679688 -0.06835938
v 0.11914062 -0.20507812 -0.12304688
v 0.11914062 -0.20117188 -0.04101562
v 0.11914062 -0.19726562 -0.13085938
v 0.11914062 -0.18945312 -0.11132812
v 0.11914062 -0.18554688 -0.11914062
v 0.11914062 -0.16601562 0.00585938
v 0.11914062 -0.15429688 -0.01367188
v 0.11914062 -0.15039062 -0.16601562
v 0.11914062 -0.14648438 0.25585938
v 0.11914062 -0.13867188 0.01367188
v 0.11914062 -0.13085938 0.00976562
v 0.11914062 -0.11914062 -0.20898438
v 0.11914062 -0.11914062 -0.00976562
v 0.11914062 -0.11523438 0.29492188
v 0.11914062 -0.10351562 0.29882812
v 0.11914062 -0.08398438 -0.02539062
v 0.11914062 -0.08007812 -0.24414062
v 0.11914062 -0.07617188 -0.25195312
v 0.11914062 -0.07226562 0.31054688
v 0.11914062 -0.06835938 -0.03710938
v 0.11914062 -0.05664062 -0.04492188
v 0.11914062 -0.04882812 -0.29882812
v 0.11914062 -0.04882812 0.31445312
v 0.11914062 -0.02539062 -0.36523438
v 0.11914062 -0.01367188 -0.40039062
v 0.11914062 -0.00976562 0.29101562
v 0.11914062 0.00976562 -0.40039062
v 0.11914062 0.01757812 -0.08789062
v 0.11914062 0.03320312 0.29882812
v 0.11914062 0.06445312 -0.13476562
v 0.11914062 0.06835938 -0.16601562
v 0.11914062 0.06835938 -0.15039062
v 0.11914062 0.07617188 -0.18164062
v 0.11914062 0.08789062 -0.20117188
v 0.11914062 0.09179688 -0.22070312
v 0.11914062 0.11914062 0.20507812
v 0.11914062 0.13867188 0.27539062
v 0.11914062 0.13867188 0.28710938
v 0.11914062 0.13867188 0.32226562
v 0.11914062 0.14257812 0.29882812
v 0.11914062 0.14648438 0.34179688
v 0.11914062 0.18945312 0.27929688
v 0.11914062 0.24804688 0.27929688
v 0.11914062 0.33007812 0.36132812
v 0.12304688 -0.45898438 0.18945312
v 0.12304688 -0.45898438 0.22460938
v 0.12304688 -0.45898438 0.24804688
v 0.12304688 -0.45898438 0.29492188
v 0.12304688 -0.45507812 0.31445312
v 0.12304688 -0.36523438 0.13476562
v 0.12304688 -0.35351562 0.13476562
v 0.12304688 -0.33398438 0.13476562
v 0.12304688 -0.33398438 0.26367188
v 0.12304688 -0.32226562 0.13085938
v 0.12304688 -0.32226562 0.13476562
v 0.12304688 -0.32226562 0.27148438
v 0.12304688 -0.31835938 0.27148438
v 0.12304688 -0.31054688 0.27148438
v 0.12304688 -0.28710938 0.13085938
v 0.12304688 -0.25976562 0.15039062
v 0.12304688 -0.22851562 0.13867188
v 0.12304688 -0.21289062 -0.09960938
v 0.12304688 -0.21289062 -0.06445312
v 0.12304688 -0.20507812 -0.05273438
v 0.12304688 -0.18945312 -0.13867188
v 0.12304688 -0.18945312 -0.04101562
v 0.12304688 -0.18164062 -0.14648438
v 0.12304688 -0.18164062 0.00195312
v 0.12304688 -0.17773438 -0.15039062
v 0.12304688 -0.16992188 -0.15820312
v 0.12304688 -0.16601562 -0.16210938
v 0.12304688 -0.15429688 -0.02929688
v 0.12304688 -0.14648438 -0.16992188
v 0.12304688 -0.13476562 0.27148438
v 0.12304688 -0.13085938 -0.16992188
v 0.12304688 -0.12695312 -0.18554688
v 0.12304688 -0.12695312 0.00195312
v 0.12304688 -0.12304688 -0.20117188
v 0.12304688 -0.11914062 -0.21289062
v 0.12304688 -0.11914062 -0.19726562
v 0.12304688 -0.11914062 -0.18554688
v 0.12304688 -0.11132812 -0.21679688
v 0.12304688 -0.11132812 -0.18945312
v 0.12304688 -0.11132812 -0.02148438
v 0.12304688 -0.10742188 -0.22460938
v 0.12304688 -0.10742188 -0.22070312
v 0.12304688 -0.10351562 -0.22851562
v 0.12304688 -0.09960938 -0.20507812
v 0.12304688 -0.09570312 -0.21679688
v 0.12304688 -0.09570312 -0.04101562
v 0.12304688 -0.09179688 0.30664062
v 0.12304688 -0.08789062 -0.23242188
v 0.12304688 -0.08789062 -0.20898438
v 0.12304688 -0.08398438 -0.03710938
v 0.12304688 -0.08007812 -0.23632812
v 0.12304688 -0.07226562 -0.24414062
v 0.12304688 -0.07226562 -0.03710938
v 0.12304688 -0.06445312 -0.26367188
v 0.12304688 -0.06054688 -0.27148438
v 0.12304688 -0.05273438 -0.27929688
v 0.12304688 -0.04101562 -0.04492188
v 0.12304688 -0.03320312 -0.33398438
v 0.12304688 -0.01757812 0.21289062
v 0.12304688 -0.01367188 -0.06445312
v 0.12304688 -0.00585938 -0.39648438
v 0.12304688 0.03320312 -0.39257812
v 0.12304688 0.03320312 -0.09570312
v 0.12304688 0.08789062 -0.33398438
v 0.12304688 0.09570312 -0.24023438
v 0.12304688 0.09960938 -0.25585938
v 0.12304688 0.12304688 0.22851562
v 0.12304688 0.12304688 0.29101562
v 0.12304688 0.16601562 0.23632812
v 0.12304688 0.16601562 0.41992188
v 0.12304688 0.18554688 0.41601562
v 0.12304688 0.21289062 0.41601562
v 0.12304688 0.23242188 0.28320312
v 0.12304688 0.25195312 0.41601562
v 0.12304688 0.25976562 0.36523438
v 0.12304688 0.26757812 0.34570312
v 0.12304688 0.33007812 0.32617188
v 0.12304688 0.33398438 0.34179688
v 0.12695312 -0.45898438 0.15820312
v 0.12695312 -0.45898438 0.26367188
v 0.12695312 -0.45507812 0.32617188
v 0.12695312 -0.42382812 0.15820312
v 0.12695312 -0.39648438 0.15429688
v 0.12695312 -0.37304688 0.29492188
v 0.12695312 -0.31835938 0.12695312
v 0.12695312 -0.30273438 0.12695312
v 0.12695312 -0.28320312 0.24023438
v 0.12695312 -0.27929688 0.15039062
v 0.12695312 -0.20898438 -0.14257812
v 0.12695312 -0.20898438 -0.06445312
v 0.12695312 -0.20507812 -0.10742188
v 0.12695312 -0.20117188 -0.09179688
v 0.12695312 -0.18945312 -0.05664062
v 0.12695312 -0.18164062 -0.12695312
v 0.12695312 -0.16601562 -0.00195312
v 0.12695312 -0.15429688 -0.17773438
v 0.12695312 -0.14648438 -0.18164062
v 0.12695312 -0.14648438 -0.00195312
v 0.12695312 -0.13476562 -0.19335938
v 0.12695312 -0.13085938 -0.11914062
v 0.12695312 -0.12304688 -0.20507812
v 0.12695312 -0.12304688 -0.17382812
v 0.12695312 -0.12304688 -0.00585938
v 0.12695312 -0.11914062 -0.11132812
v 0.12695312 -0.11523438 -0.18554688
v 0.12695312 -0.11523438 -0.02148438
v 0.12695312 -0.11132812 -0.21679688
v 0.12695312 -0.10742188 -0.21289062
v 0.12695312 -0.10742188 -0.20117188
v 0.12695312 -0.10351562 -0.20117188
v 0.12695312 -0.10351562 -0.19335938
v 0.12695312 -0.10351562 -0.04101562
v 0.12695312 -0.09960938 -0.22070312
v 0.12695312 -0.09179688 -0.19726562
v 0.12695312 -0.08398438 -0.22460938
v 0.12695312 -0.08398438 -0.20117188
v 0.12695312 -0.08007812 -0.22460938
v 0.12695312 -0.08007812 -0.21679688
v 0.12695312 -0.06835938 -0.04101562
v 0.12695312 -0.06445312 -0.25585938
v 0.12695312 -0.06054688 -0.26367188
v 0.12695312 -0.05664062 0.15039062
v 0.12695312 -0.05273438 -0.05664062
v 0.12695312 -0.04882812 -0.28710938
v 0.12695312 -0.04492188 -0.31054688
v 0.12695312 -0.04101562 -0.05664062
v 0.12695312 0.01757812 -0.36132812
v 0.12695312 0.01757812 -0.09570312
v 0.12695312 0.01757812 0.21289062
v 0.12695312 0.02148438 -0.38476562
v 0.12695312 0.03320312 -0.36523438
v 0.12695312 0.03320312 0.22460938
v 0.12695312 0.05273438 -0.11132812
v 0.12695312 0.06445312 -0.36132812
v 0.12695312 0.14257812 0.30664062
v 0.12695312 0.14648438 0.32617188
v 0.12695312 0.16601562 0.40429688
v 0.12695312 0.17382812 0.26757812
v 0.12695312 0.22070312 0.28710938
v 0.12695312 0.25976562 0.29101562
v 0.12695312 0.31054688 0.36132812
v 0.13085938 -0.45898438 0.20507812
v 0.13085938 -0.38867188 0.31445312
v 0.13085938 -0.37304688 0.15039062
v 0.13085938 -0.35351562 0.15039062
v 0.13085938 -0.34179688 0.15039062
v 0.13085938 -0.33007812 0.14648438
v 0.13085938 -0.32226562 0.14648438
v 0.13085938 -0.29101562 0.24414062
v 0.13085938 -0.26757812 0.24804688
v 0.13085938 -0.22460938 0.25976562
v 0.13085938 -0.19335938 -0.09960938
v 0.13085938 -0.18945312 0.26367188
v 0.13085938 -0.18554688 -0.00195312
v 0.13085938 -0.18164062 -0.11132812
v 0.13085938 -0.17382812 -0.05664062
v 0.13085938 -0.16992188 -0.13867188
v 0.13085938 -0.16601562 -0.14257812
v 0.13085938 -0.15039062 -0.01367188
v 0.13085938 -0.14648438 0.15429688
v 0.13085938 -0.14257812 0.23242188
v 0.13085938 -0.14257812 0.24804688
v 0.13085938 -0.13867188 0.18554688
v 0.13085938 -0.13867188 0.21679688
v 0.13085938 -0.13476562 0.20507812
v 0.13085938 -0.13085938 0.25585938
v 0.13085938 -0.12695312 -0.00585938
v 0.13085938 -0.12695312 0.24023438
v 0.13085938 -0.12304688 -0.16992188
v 0.13085938 -0.11914062 0.15429688
v 0.13085938 -0.11914062 0.22460938
v 0.13085938 -0.11132812 -0.20117188
v 0.13085938 -0.10742188 -0.17382812
v 0.13085938 -0.10351562 0.24023438
v 0.13085938 -0.09570312 -0.17773438
v 0.13085938 -0.08789062 -0.22851562
v 0.13085938 -0.08789062 -0.19726562
v 0.13085938 -0.08789062 0.27148438
v 0.13085938 -0.08007812 -0.22070312
v 0.13085938 -0.07617188 -0.21289062
v 0.13085938 -0.06835938 -0.05273438
v 0.13085938 -0.05273438 0.18554688
v 0.13085938 -0.03710938 -0.32617188
v 0.13085938 -0.03710938 0.29101562
v 0.13085938 -0.03320312 -0.03710938
v 0.13085938 -0.02148438 -0.35351562
v 0.13085938 -0.00585938 -0.38867188
v 0.13085938 0.00585938 -0.38867188
v 0.13085938 0.00585938 0.29492188
v 0.13085938 0.02929688 -0.11523438
v 0.13085938 0.03320312 -0.10351562
v 0.13085938 0.04101562 0.23632812
v 0.13085938 0.04492188 0.26367188
v 0.13085938 0.04492188 0.27539062
v 0.13085938 0.04492188 0.29101562
v 0.13085938 0.05664062 -0.13867188
v 0.13085938 0.07617188 -0.32226562
v 0.13085938 0.15429688 0.36523438
v 0.13085938 0.15820312 0.38476562
v 0.13085938 0.24414062 0.38867188
v 0.13085938 0.25976562 0.33789062
v 0.13085938 0.32226562 0.30664062
v 0.13476562 -0.45898438 0.17382812
v 0.13476562 -0.45898438 0.18945312
v 0.13476562 -0.45898438 0.22460938
v 0.13476562 -0.45898438 0.24023438
v 0.13476562 -0.45117188 0.34179688
v 0.13476562 -0.42773438 0.34179688
v 0.13476562 -0.42382812 0.17382812
v 0.13476562 -0.41992188 0.33789062
v 0.13476562 -0.40429688 0.33007812
v 0.13476562 -0.39648438 0.16992188
v 0.13476562 -0.37304688 0.16601562
v 0.13476562 -0.36914062 0.25976562
v 0.13476562 -0.36523438 0.14648438
v 0.13476562 -0.35351562 0.14648438
v 0.13476562 -0.35351562 0.16601562
v 0.13476562 -0.35351562 0.25585938
v 0.13476562 -0.34179688 0.25585938
v 0.13476562 -0.32226562 0.14257812
v 0.13476562 -0.30273438 0.25195312
v 0.13476562 -0.28710938 0.14648438
v 0.13476562 -0.28320312 0.23242188
v 0.13476562 -0.27929688 0.16601562
v 0.13476562 -0.25585938 0.16601562
v 0.13476562 -0.20898438 -0.08789062
v 0.13476562 -0.20898438 -0.07617188
v 0.13476562 -0.19726562 -0.12304688
v 0.13476562 -0.19335938 -0.07226562
v 0.13476562 -0.18554688 -0.07226562
v 0.13476562 -0.18164062 -0.01757812
v 0.13476562 -0.17773438 -0.13085938
v 0.13476562 -0.17773438 -0.07617188
v 0.13476562 -0.17382812 -0.09179688
v 0.13476562 -0.16992188 -0.10742188
v 0.13476562 -0.16992188 -0.01367188
v 0.13476562 -0.16601562 -0.08789062
v 0.13476562 -0.16210938 -0.14648438
v 0.13476562 -0.15429688 -0.04101562
v 0.13476562 -0.15039062 -0.02929688
v 0.13476562 -0.14648438 -0.16992188
v 0.13476562 -0.14257812 0.00976562
v 0.13476562 -0.13867188 0.00976562
v 0.13476562 -0.12304688 -0.01757812
v 0.13476562 -0.11914062 -0.01757812
v 0.13476562 -0.11523438 0.20898438
v 0.13476562 -0.11132812 -0.03320312
v 0.13476562 -0.11132812 0.18554688
v 0.13476562 -0.11132812 0.25976562
v 0.13476562 -0.09960938 -0.05664062
v 0.13476562 -0.09179688 0.15429688
v 0.13476562 -0.08789062 -0.19726562
v 0.13476562 -0.08789062 -0.05664062
v 0.13476562 -0.08398438 -0.23242188
v 0.13476562 -0.08398438 -0.20507812
v 0.13476562 -0.08398438 -0.05664062
v 0.13476562 -0.08007812 -0.22851562
v 0.13476562 -0.08007812 -0.21289062
v 0.13476562 -0.08007812 0.25195312
v 0.13476562 -0.07617188 -0.24414062
v 0.13476562 -0.07617188 -0.23242188
v 0.13476562 -0.07226562 -0.25195312
v 0.13476562 -0.07226562 -0.24023438
v 0.13476562 -0.06835938 -0.25195312
v 0.13476562 -0.06835938 -0.03710938
v 0.13476562 -0.06445312 -0.25976562
v 0.13476562 -0.06445312 -0.06445312
v 0.13476562 -0.06445312 0.28320312
v 0.13476562 -0.06054688 -0.27148438
v 0.13476562 -0.05273438 -0.06054688
v 0.13476562 -0.04492188 -0.30664062
v 0.13476562 -0.04492188 -0.29492188
v 0.13476562 -0.04101562 -0.30664062
v 0.13476562 -0.03320312 -0.32617188
v 0.13476562 -0.03320312 -0.06835938
v 0.13476562 -0.01757812 -0.35351562
v 0.13476562 -0.00976562 -0.33398438
v 0.13476562 -0.00976562 -0.08007812
v 0.13476562 0.01757812 -0.31835938
v 0.13476562 0.01757812 -0.30664062
v 0.13476562 0.02148438 -0.36132812
v 0.13476562 0.02148438 -0.33789062
v 0.13476562 0.02929688 -0.12304688
v 0.13476562 0.03710938 -0.09179688
v 0.13476562 0.04492188 -0.32617188
v 0.13476562 0.04492188 0.25195312
v 0.13476562 0.04882812 0.27539062
v 0.13476562 0.05273438 -0.35351562
v 0.13476562 0.06054688 -0.18164062
v 0.13476562 0.06054688 -0.16601562
v 0.13476562 0.06054688 -0.15429688
v 0.13476562 0.06835938 -0.20117188
v 0.13476562 0.07617188 -0.23632812
v 0.13476562 0.07617188 -0.21679688
v 0.13476562 0.08007812 -0.25195312
v 0.13476562 0.08398438 -0.28320312
v 0.13476562 0.13085938 0.24414062
v 0.13476562 0.13867188 0.27929688
v 0.13476562 0.15039062 0.34960938
v 0.13476562 0.16210938 0.25585938
v 0.13476562 0.25585938 0.34960938
v 0.13867188 -0.45898438 0.29492188
v 0.13867188 -0.42382812 0.18945312
v 0.13867188 -0.39648438 0.18554688
v 0.13867188 -0.37304688 0.18554688
v 0.13867188 -0.37304688 0.28320312
v 0.13867188 -0.34179688 0.16601562
v 0.13867188 -0.33398438 0.25195312
v 0.13867188 -0.33007812 0.25195312
v 0.13867188 -0.32226562 0.25195312
v 0.13867188 -0.32226562 0.25585938
v 0.13867188 -0.31835938 0.14257812
v 0.13867188 -0.31835938 0.25585938
v 0.13867188 -0.30273438 0.14257812
v 0.13867188 -0.28710938 0.23632812
v 0.13867188 -0.26367188 0.24023438
v 0.13867188 -0.22460938 0.15820312
v 0.13867188 -0.20507812 -0.08789062
v 0.13867188 -0.18945312 0.15429688
v 0.13867188 -0.18554688 0.25195312
v 0.13867188 -0.18164062 -0.07226562
v 0.13867188 -0.17773438 -0.10351562
v 0.13867188 -0.17382812 -0.03320312
v 0.13867188 -0.16992188 -0.10351562
v 0.13867188 -0.16210938 -0.10742188
v 0.13867188 -0.15820312 -0.16210938
v 0.13867188 -0.15429688 -0.15039062
v 0.13867188 -0.15429688 -0.11132812
v 0.13867188 -0.14648438 -0.01367188
v 0.13867188 -0.14257812 0.00585938
v 0.13867188 -0.12304688 -0.15429688
v 0.13867188 -0.11523438 -0.03320312
v 0.13867188 -0.10742188 -0.15820312
v 0.13867188 -0.09960938 -0.18164062
v 0.13867188 -0.09570312 0.22851562
v 0.13867188 -0.08789062 -0.20898438
v 0.13867188 -0.08398438 -0.22070312
v 0.13867188 -0.08398438 0.18554688
v 0.13867188 -0.07617188 -0.05273438
v 0.13867188 -0.06835938 -0.25585938
v 0.13867188 -0.06445312 -0.26367188
v 0.13867188 -0.06445312 -0.08007812
v 0.13867188 -0.06445312 -0.04101562
v 0.13867188 -0.05664062 -0.27539062
v 0.13867188 -0.05664062 -0.22460938
v 0.13867188 -0.05273438 -0.27929688
v 0.13867188 -0.05273438 -0.24414062
v 0.13867188 -0.05273438 -0.23632812
v 0.13867188 -0.04882812 -0.29101562
v 0.13867188 -0.04882812 -0.23632812
v 0.13867188 -0.04882812 0.21289062
v 0.13867188 -0.04492188 -0.24414062
v 0.13867188 -0.04492188 -0.22460938
v 0.13867188 -0.03320312 -0.08007812
v 0.13867188 -0.03320312 -0.05273438
v 0.13867188 -0.02148438 -0.34960938
v 0.13867188 -0.01367188 -0.27539062
v 0.13867188 -0.00976562 -0.31054688
v 0.13867188 -0.00976562 -0.29101562
v 0.13867188 -0.00585938 0.20898438
v 0.13867188 0.00976562 -0.33398438
v 0.13867188 0.01367188 -0.11132812
v 0.13867188 0.01757812 -0.28710938
v 0.13867188 0.01757812 -0.10742188
v 0.13867188 0.03710938 -0.29492188
v 0.13867188 0.03710938 -0.11523438
v 0.13867188 0.04882812 -0.11132812
v 0.13867188 0.05273438 -0.13867188
v 0.13867188 0.07226562 -0.27148438
v 0.13867188 0.13476562 0.29101562
v 0.13867188 0.14648438 0.31445312
v 0.13867188 0.19335938 0.29101562
v 0.13867188 0.23632812 0.29101562
v 0.13867188 0.30273438 0.36132812
v 0.14257812 -0.45898438 0.20507812
v 0.14257812 -0.45898438 0.27148438
v 0.14257812 -0.45507812 0.31445312
v 0.14257812 -0.45507812 0.32226562
v 0.14257812 -0.42773438 0.20507812
v 0.14257812 -0.39648438 0.20507812
v 0.14257812 -0.37304688 0.20507812
v 0.14257812 -0.35351562 0.18164062
v 0.14257812 -0.35351562 0.24023438
v 0.14257812 -0.33007812 0.16210938
v 0.14257812 -0.31054688 0.25585938
v 0.14257812 -0.27929688 0.22070312
v 0.14257812 -0.27539062 0.18554688
v 0.14257812 -0.22070312 0.25195312
v 0.14257812 -0.19335938 -0.08789062
v 0.14257812 -0.18554688 -0.03320312
v 0.14257812 -0.17382812 -0.04882812
v 0.14257812 -0.16210938 -0.09570312
v 0.14257812 -0.15429688 -0.11132812
v 0.14257812 -0.15429688 -0.09570312
v 0.14257812 -0.15429688 -0.07226562
v 0.14257812 -0.15429688 -0.06054688
v 0.14257812 -0.15039062 -0.08398438
v 0.14257812 -0.15039062 -0.07226562
v 0.14257812 -0.14648438 -0.17773438
v 0.14257812 -0.14648438 -0.08398438
v 0.14257812 -0.14648438 -0.00195312
v 0.14257812 -0.12304688 -0.02929688
v 0.14257812 -0.10742188 -0.05273438
v 0.14257812 -0.09960938 -0.16992188
v 0.14257812 -0.09960938 -0.07226562
v 0.14257812 -0.09179688 0.27929688
v 0.14257812 -0.08789062 -0.19726562
v 0.14257812 -0.08789062 -0.07226562
v 0.14257812 -0.08398438 -0.06835938
v 0.14257812 -0.08398438 0.21289062
v 0.14257812 -0.07617188 -0.06445312
v 0.14257812 -0.07226562 -0.24804688
v 0.14257812 -0.07226562 0.23632812
v 0.14257812 -0.05664062 -0.21679688
v 0.14257812 -0.05664062 -0.20507812
v 0.14257812 -0.05273438 -0.07617188
v 0.14257812 -0.04882812 -0.25195312
v 0.14257812 -0.04492188 -0.25195312
v 0.14257812 -0.04101562 -0.21679688
v 0.14257812 -0.03320312 -0.32617188
v 0.14257812 -0.02929688 -0.09570312
v 0.14257812 -0.02148438 0.29492188
v 0.14257812 -0.01367188 -0.36132812
v 0.14257812 -0.01367188 -0.25976562
v 0.14257812 -0.01367188 -0.24804688
v 0.14257812 -0.00585938 -0.09179688
v 0.14257812 0.00585938 -0.31835938
v 0.14257812 0.01367188 0.28710938
v 0.14257812 0.01757812 -0.27539062
v 0.14257812 0.01757812 -0.25976562
v 0.14257812 0.01757812 -0.12304688
v 0.14257812 0.02148438 0.27148438
v 0.14257812 0.02929688 -0.31835938
v 0.14257812 0.02929688 0.22070312
v 0.14257812 0.03710938 -0.27148438
v 0.14257812 0.03710938 -0.09960938
v 0.14257812 0.03710938 0.23242188
v 0.14257812 0.04101562 -0.31445312
v 0.14257812 0.05273438 -0.28710938
v 0.14257812 0.05664062 -0.15429688
v 0.14257812 0.14648438 0.27539062
v 0.14257812 0.15039062 0.32617188
v 0.14257812 0.16210938 0.36132812
v 0.14257812 0.18164062 0.40039062
v 0.14257812 0.21289062 0.40039062
v 0.14257812 0.21679688 0.29882812
v 0.14257812 0.23632812 0.35742188
v 0.14257812 0.28320312 0.33789062
v 0.14648438 -0.45898438 0.22070312
v 0.14648438 -0.42773438 0.22070312
v 0.14648438 -0.38867188 0.30664062
v 0.14648438 -0.37304688 0.22070312
v 0.14648438 -0.37304688 0.24414062
v 0.14648438 -0.35351562 0.20117188
v 0.14648438 -0.35351562 0.22070312
v 0.14648438 -0.34179688 0.18164062
v 0.14648438 -0.34179688 0.20117188
v 0.14648438 -0.34179688 0.22070312
v 0.14648438 -0.34179688 0.24023438
v 0.14648438 -0.33398438 0.23632812
v 0.14648438 -0.33007812 0.23632812
v 0.14648438 -0.32226562 0.16210938
v 0.14648438 -0.32226562 0.23632812
v 0.14648438 -0.28710938 0.16210938
v 0.14648438 -0.27539062 0.20507812
v 0.14648438 -0.25976562 0.18164062
v 0.14648438 -0.25976562 0.22460938
v 0.14648438 -0.18554688 0.23242188
v 0.14648438 -0.15820312 -0.04492188
v 0.14648438 -0.14648438 -0.02539062
v 0.14648438 -0.14257812 -0.00976562
v 0.14648438 -0.14257812 0.00195312
v 0.14648438 -0.13867188 -0.15039062
v 0.14648438 -0.11914062 -0.15039062
v 0.14648438 -0.11523438 -0.04882812
v 0.14648438 -0.10351562 -0.15820312
v 0.14648438 -0.09570312 -0.18554688
v 0.14648438 -0.09570312 -0.08789062
v 0.14648438 -0.09570312 0.25585938
v 0.14648438 -0.08398438 -0.24023438
v 0.14648438 -0.08398438 -0.22851562
v 0.14648438 -0.08007812 0.29492188
v 0.14648438 -0.07226562 -0.25976562
v 0.14648438 -0.06445312 -0.26757812
v 0.14648438 -0.06445312 -0.05273438
v 0.14648438 -0.06054688 -0.25976562
v 0.14648438 -0.05664062 -0.26757812
v 0.14648438 -0.05664062 -0.19335938
v 0.14648438 -0.05273438 -0.09570312
v 0.14648438 -0.04882812 -0.25976562
v 0.14648438 -0.04492188 -0.27929688
v 0.14648438 -0.04492188 -0.27148438
v 0.14648438 -0.04492188 -0.26367188
v 0.14648438 -0.04101562 -0.31054688
v 0.14648438 -0.04101562 -0.29492188
v 0.14648438 -0.04101562 -0.20117188
v 0.14648438 -0.03710938 -0.31054688
v 0.14648438 -0.02929688 -0.32617188
v 0.14648438 -0.02539062 -0.33007812
v 0.14648438 -0.00976562 -0.23632812
v 0.14648438 -0.00976562 -0.22851562
v 0.14648438 -0.00585938 -0.10351562
v 0.14648438 0.00195312 -0.30273438
v 0.14648438 0.00976562 -0.13085938
v 0.14648438 0.01757812 -0.24804688
v 0.14648438 0.01757812 -0.23632812
v 0.14648438 0.02148438 -0.13476562
v 0.14648438 0.02929688 0.25976562
v 0.14648438 0.03320312 -0.14257812
v 0.14648438 0.03320312 0.24804688
v 0.14648438 0.03710938 -0.25976562
v 0.14648438 0.04101562 -0.14257812
v 0.14648438 0.05273438 -0.26757812
v 0.14648438 0.05664062 -0.30664062
v 0.14648438 0.06054688 -0.18164062
v 0.14648438 0.06054688 -0.16992188
v 0.14648438 0.06445312 -0.20117188
v 0.14648438 0.06835938 -0.24804688
v 0.14648438 0.06835938 -0.23242188
v 0.14648438 0.06835938 -0.21679688
v 0.14648438 0.13867188 0.28710938
v 0.14648438 0.17382812 0.28710938
v 0.14648438 0.17773438 0.38085938
v 0.14648438 0.25585938 0.33398438
v 0.15039062 -0.45898438 0.23632812
v 0.15039062 -0.42773438 0.32617188
v 0.15039062 -0.42382812 0.32226562
v 0.15039062 -0.40820312 0.31835938
v 0.15039062 -0.39648438 0.22070312
v 0.15039062 -0.39648438 0.29492188
v 0.15039062 -0.38867188 0.27148438
v 0.15039062 -0.33398438 0.21679688
v 0.15039062 -0.33007812 0.18164062
v 0.15039062 -0.33007812 0.21679688
v 0.15039062 -0.32226562 0.18164062
v 0.15039062 -0.32226562 0.22070312
v 0.15039062 -0.32226562 0.24023438
v 0.15039062 -0.31835938 0.16210938
v 0.15039062 -0.30273438 0.16210938
v 0.15039062 -0.29492188 0.24023438
v 0.15039062 -0.28320312 0.22070312
v 0.15039062 -0.25976562 0.20898438
v 0.15039062 -0.21679688 0.18164062
v 0.15039062 -0.21679688 0.23242188
v 0.15039062 -0.18554688 -0.05273438
v 0.15039062 -0.18554688 0.18164062
v 0.15039062 -0.18164062 0.20117188
v 0.15039062 -0.18164062 0.21679688
v 0.15039062 -0.14257812 -0.02539062
v 0.15039062 -0.13867188 -0.04492188
v 0.15039062 -0.11914062 -0.04882812
v 0.15039062 -0.11132812 -0.15429688
v 0.15039062 -0.11132812 -0.06445312
v 0.15039062 -0.10742188 -0.06835938
v 0.15039062 -0.09960938 -0.10742188
v 0.15039062 -0.09179688 -0.18164062
v 0.15039062 -0.09179688 -0.16601562
v 0.15039062 -0.09179688 -0.15820312
v 0.15039062 -0.08789062 -0.22070312
v 0.15039062 -0.08789062 -0.20898438
v 0.15039062 -0.08789062 -0.19726562
v 0.15039062 -0.08789062 -0.15820312
v 0.15039062 -0.08789062 -0.10351562
v 0.15039062 -0.08789062 -0.08789062
v 0.15039062 -0.08398438 -0.08398438
v 0.15039062 -0.08007812 -0.24414062
v 0.15039062 -0.07617188 -0.25585938
v 0.15039062 -0.07617188 -0.08398438
v 0.15039062 -0.07226562 -0.24414062
v 0.15039062 -0.06835938 -0.25195312
v 0.15039062 -0.06445312 -0.09960938
v 0.15039062 -0.05664062 -0.26367188
v 0.15039062 -0.05664062 -0.18164062
v 0.15039062 -0.05273438 -0.27148438
v 0.15039062 -0.05273438 -0.17382812
v 0.15039062 -0.05273438 -0.11132812
v 0.15039062 -0.04882812 -0.28320312
v 0.15039062 -0.04492188 -0.29882812
v 0.15039062 -0.04492188 -0.29492188
v 0.15039062 -0.04101562 -0.18945312
v 0.15039062 -0.03710938 -0.31445312
v 0.15039062 -0.03710938 -0.17773438
v 0.15039062 -0.02929688 -0.11132812
v 0.15039062 -0.02929688 -0.06445312
v 0.15039062 -0.00976562 -0.21679688
v 0.15039062 -0.00976562 -0.20507812
v 0.15039062 -0.00585938 -0.33398438
v 0.15039062 -0.00585938 -0.12304688
v 0.15039062 -0.00585938 -0.11132812
v 0.15039062 -0.00195312 -0.13476562
v 0.15039062 -0.00195312 -0.12695312
v 0.15039062 0.00976562 -0.14257812
v 0.15039062 0.00976562 -0.13476562
v 0.15039062 0.01367188 0.26367188
v 0.15039062 0.02148438 -0.22460938
v 0.15039062 0.02929688 -0.15820312
v 0.15039062 0.02929688 -0.14257812
v 0.15039062 0.03710938 -0.15820312
v 0.15039062 0.04101562 -0.17382812
v 0.15039062 0.04101562 -0.11132812
v 0.15039062 0.04492188 -0.27539062
v 0.15039062 0.04492188 -0.15820312
v 0.15039062 0.04492188 -0.13867188
v 0.15039062 0.04882812 -0.17382812
v 0.15039062 0.05273438 -0.18945312
v 0.15039062 0.14257812 0.32226562
v 0.15039062 0.16601562 0.27148438
v 0.15039062 0.16992188 0.27929688
v 0.15039062 0.18945312 0.31835938
v 0.15039062 0.24804688 0.34570312
v 0.15039062 0.28710938 0.32226562
v 0.15039062 0.34179688 0.36132812
v 0.15039062 0.34960938 0.34960938
v 0.15429688 -0.45507812 0.26367188
v 0.15429688 -0.45507812 0.32617188
v 0.15429688 -0.42773438 0.23632812
v 0.15429688 -0.41210938 0.30273438
v 0.15429688 -0.40429688 0.27148438
v 0.15429688 -0.40039062 0.24023438
v 0.15429688 -0.33007812 0.20117188
v 0.15429688 -0.32226562 0.18164062
v 0.15429688 -0.32226562 0.20117188
v 0.15429688 -0.32226562 0.22070312
v 0.15429688 -0.31835938 0.24023438
v 0.15429688 -0.31054688 0.24023438
v 0.15429688 -0.28320312 0.18164062
v 0.15429688 -0.28320312 0.20117188
v 0.15429688 -0.21289062 0.20117188
v 0.15429688 -0.21289062 0.21289062
v 0.15429688 -0.19335938 -0.09179688
v 0.15429688 -0.18945312 -0.08789062
v 0.15429688 -0.18945312 -0.07226562
v 0.15429688 -0.17382812 -0.06445312
v 0.15429688 -0.16210938 -0.08398438
v 0.15429688 -0.15429688 -0.04882812
v 0.15429688 -0.15039062 -0.04101562
v 0.15429688 -0.13867188 -0.06835938
v 0.15429688 -0.13867188 -0.06054688
v 0.15429688 -0.10742188 -0.10351562
v 0.15429688 -0.10742188 -0.08398438
v 0.15429688 -0.09570312 -0.14648438
v 0.15429688 -0.09570312 -0.13867188
v 0.15429688 -0.08789062 -0.15039062
v 0.15429688 -0.08789062 -0.14257812
v 0.15429688 -0.08789062 -0.13476562
v 0.15429688 -0.08789062 0.24023438
v 0.15429688 -0.08398438 -0.23242188
v 0.15429688 -0.08398438 -0.21289062
v 0.15429688 -0.08398438 -0.20117188
v 0.15429688 -0.08398438 -0.09960938
v 0.15429688 -0.08007812 -0.23242188
v 0.15429688 -0.08007812 -0.22460938
v 0.15429688 -0.07617188 -0.23632812
v 0.15429688 -0.07226562 -0.24804688
v 0.15429688 -0.06835938 -0.11523438
v 0.15429688 -0.06835938 0.29882812
v 0.15429688 -0.06445312 -0.25585938
v 0.15429688 -0.05664062 -0.12695312
v 0.15429688 -0.04882812 -0.28710938
v 0.15429688 -0.04882812 -0.27539062
v 0.15429688 -0.04882812 -0.26757812
v 0.15429688 -0.04882812 -0.16210938
v 0.15429688 -0.03710938 -0.16601562
v 0.15429688 -0.03710938 -0.15429688
v 0.15429688 -0.03710938 0.20898438
v 0.15429688 -0.03320312 -0.13476562
v 0.15429688 -0.02929688 -0.12304688
v 0.15429688 -0.01367188 -0.30273438
v 0.15429688 -0.01367188 -0.19335938
v 0.15429688 -0.01367188 -0.18164062
v 0.15429688 -0.01367188 -0.16992188
v 0.15429688 -0.00976562 -0.31835938
v 0.15429688 -0.00976562 -0.15820312
v 0.15429688 -0.00976562 -0.14648438
v 0.15429688 -0.00976562 -0.13867188
v 0.15429688 -0.00585938 -0.13085938
v 0.15429688 -0.00585938 0.28710938
v 0.15429688 -0.00195312 -0.15429688
v 0.15429688 -0.00195312 -0.13867188
v 0.15429688 0.00195312 -0.28710938
v 0.15429688 0.00195312 -0.27539062
v 0.15429688 0.00195312 -0.26367188
v 0.15429688 0.00195312 0.21679688
v 0.15429688 0.01367188 -0.16210938
v 0.15429688 0.01757812 -0.29101562
v 0.15429688 0.01757812 -0.21679688
v 0.15429688 0.02929688 0.27539062
v 0.15429688 0.03320312 -0.23242188
v 0.15429688 0.03320312 -0.17382812
v 0.15429688 0.03710938 -0.24804688
v 0.15429688 0.03710938 -0.21679688
v 0.15429688 0.03710938 -0.20117188
v 0.15429688 0.03710938 -0.18945312
v 0.15429688 0.04492188 -0.25976562
v 0.15429688 0.04492188 -0.24414062
v 0.15429688 0.04492188 -0.22851562
v 0.15429688 0.04492188 -0.21679688
v 0.15429688 0.04492188 -0.20117188
v 0.15429688 0.04492188 -0.18554688
v 0.15429688 0.04882812 -0.15429688
v 0.15429688 0.05664062 -0.26367188
v 0.15429688 0.05664062 -0.24414062
v 0.15429688 0.05664062 -0.22851562
v 0.15429688 0.05664062 -0.21289062
v 0.15429688 0.05664062 -0.19726562
v 0.15429688 0.05664062 -0.18164062
v 0.15429688 0.05664062 -0.16992188
v 0.15429688 0.06054688 -0.24804688
v 0.15429688 0.06054688 -0.22851562
v 0.15429688 0.06054688 -0.21289062
v 0.15429688 0.06054688 -0.19726562
v 0.15429688 0.14257812 0.30273438
v 0.15429688 0.15039062 0.31445312
v 0.15429688 0.15039062 0.36132812
v 0.15429688 0.20507812 0.36523438
v 0.15429688 0.21679688 0.33007812
v 0.15429688 0.25195312 0.28320312
v 0.15429688 0.30664062 0.28710938
v 0.15820312 -0.45507812 0.29492188
v 0.15820312 -0.42773438 0.26367188
v 0.15820312 -0.42773438 0.29882812
v 0.15820312 -0.32226562 0.20507812
v 0.15820312 -0.31835938 0.18164062
v 0.15820312 -0.31835938 0.20507812
v 0.15820312 -0.31835938 0.22070312
v 0.15820312 -0.31445312 0.22070312
v 0.15820312 -0.29492188 0.18164062
v 0.15820312 -0.29492188 0.22070312
v 0.15820312 -0.18554688 -0.09570312
v 0.15820312 -0.18164062 -0.08789062
v 0.15820312 -0.15429688 -0.16992188
v 0.15820312 -0.14648438 -0.04101562
v 0.15820312 -0.13867188 -0.08398438
v 0.15820312 -0.11914062 -0.06445312
v 0.15820312 -0.11523438 -0.08007812
v 0.15820312 -0.10351562 -0.15039062
v 0.15820312 -0.10351562 -0.13867188
v 0.15820312 -0.09960938 -0.15820312
v 0.15820312 -0.09960938 -0.12695312
v 0.15820312 -0.09179688 -0.18164062
v 0.15820312 -0.09179688 -0.16992188
v 0.15820312 -0.08789062 -0.22460938
v 0.15820312 -0.08789062 -0.21289062
v 0.15820312 -0.08789062 -0.20117188
v 0.15820312 -0.08789062 -0.16210938
v 0.15820312 -0.08789062 -0.11914062
v 0.15820312 -0.08789062 -0.11523438
v 0.15820312 -0.08398438 -0.18945312
v 0.15820312 -0.08007812 -0.22460938
v 0.15820312 -0.08007812 -0.21679688
v 0.15820312 -0.08007812 -0.09570312
v 0.15820312 -0.06835938 -0.12695312
v 0.15820312 -0.06445312 -0.06835938
v 0.15820312 -0.05664062 -0.13867188
v 0.15820312 -0.04492188 -0.25976562
v 0.15820312 -0.04492188 -0.15429688
v 0.15820312 -0.03710938 -0.14648438
v 0.15820312 -0.03320312 -0.13867188
v 0.15820312 -0.02929688 -0.07617188
v 0.15820312 -0.01367188 -0.28710938
v 0.15820312 -0.00195312 -0.25195312
v 0.15820312 0.00195312 -0.16210938
v 0.15820312 0.01367188 0.23242188
v 0.15820312 0.01367188 0.25585938
v 0.15820312 0.01757812 -0.20117188
v 0.15820312 0.01757812 -0.18554688
v 0.15820312 0.01757812 -0.17382812
v 0.15820312 0.02148438 -0.14648438
v 0.15820312 0.12304688 0.28710938
v 0.15820312 0.18164062 0.35351562
v 0.15820312 0.18945312 0.33789062
v 0.15820312 0.33007812 0.36523438
v 0.16210938 -0.31445312 0.20507812
v 0.16210938 -0.29492188 0.20117188
v 0.16210938 -0.15820312 -0.06445312
v 0.16210938 -0.14648438 -0.05273438
v 0.16210938 -0.13867188 -0.10351562
v 0.16210938 -0.11523438 -0.14648438
v 0.16210938 -0.11523438 -0.09960938
v 0.16210938 -0.10742188 -0.12695312
v 0.16210938 -0.09179688 -0.18554688
v 0.16210938 -0.08789062 -0.15429688
v 0.16210938 -0.08789062 -0.14257812
v 0.16210938 -0.08789062 -0.13476562
v 0.16210938 -0.08398438 -0.17773438
v 0.16210938 -0.08007812 -0.20507812
v 0.16210938 -0.08007812 -0.16992188
v 0.16210938 -0.06835938 -0.13867188
v 0.16210938 -0.05664062 0.29882812
v 0.16210938 -0.04492188 -0.24804688
v 0.16210938 -0.04101562 -0.14648438
v 0.16210938 -0.03710938 -0.13867188
v 0.16210938 -0.01367188 -0.27539062
v 0.16210938 -0.01367188 -0.26367188
v 0.16210938 0.00585938 -0.17773438
v 0.16210938 0.01367188 0.24414062
v 0.16210938 0.01757812 -0.27539062
v 0.16210938 0.11914062 0.27539062
v 0.16210938 0.12695312 0.29492188
v 0.16210938 0.12695312 0.33398438
v 0.16210938 0.12695312 0.35351562
v 0.16210938 0.25585938 0.31835938
v 0.16601562 -0.14648438 -0.07617188
v 0.16601562 -0.11914062 -0.08007812
v 0.16601562 -0.11523438 -0.13476562
v 0.16601562 -0.11132812 -0.14648438
v 0.16601562 -0.10742188 -0.17382812
v 0.16601562 -0.10742188 -0.15820312
v 0.16601562 -0.10351562 -0.16601562
v 0.16601562 -0.09960938 -0.16601562
v 0.16601562 -0.08789062 -0.17382812
v 0.16601562 -0.08789062 -0.16601562
v 0.16601562 -0.08007812 -0.19335938
v 0.16601562 -0.08007812 -0.11523438
v 0.16601562 -0.08007812 0.22851562
v 0.16601562 -0.07617188 -0.18164062
v 0.16601562 -0.07617188 -0.15820312
v 0.16601562 -0.07226562 -0.17382812
v 0.16601562 -0.07226562 -0.15039062
v 0.16601562 -0.04492188 -0.24023438
v 0.16601562 -0.04101562 -0.22851562
v 0.16601562 -0.04101562 -0.21289062
v 0.16601562 -0.02929688 -0.08789062
v 0.16601562 -0.02148438 0.21679688
v 0.16601562 -0.01367188 -0.25195312
v 0.16601562 -0.00195312 -0.24023438
v 0.16601562 0.00585938 -0.18945312
v 0.16601562 0.00585938 0.27539062
v 0.16601562 0.01757812 -0.26367188
v 0.16601562 0.02148438 -0.15820312
v 0.16601562 0.02148438 -0.13867188
v 0.16601562 0.16210938 0.34960938
v 0.16601562 0.22851562 0.29101562
v 0.16601562 0.32226562 0.36523438
v 0.16601562 0.34960938 0.33789062
v 0.16992188 -0.11523438 -0.12304688
v 0.16992188 -0.09960938 -0.17773438
v 0.16992188 -0.08789062 -0.15429688
v 0.16992188 -0.08398438 -0.14648438
v 0.16992188 -0.08398438 -0.13476562
v 0.16992188 -0.06835938 -0.16210938
v 0.16992188 -0.06835938 0.22460938
v 0.16992188 -0.06445312 -0.08398438
v 0.16992188 -0.04101562 -0.20117188
v 0.16992188 -0.04101562 -0.18945312
v 0.16992188 -0.01367188 -0.24023438
v 0.16992188 -0.00585938 -0.13867188
v 0.16992188 -0.00585938 -0.13476562
v 0.16992188 0.00195312 -0.20117188
v 0.16992188 0.01757812 -0.24804688
v 0.16992188 0.01757812 -0.23632812
v 0.16992188 0.01757812 -0.22070312
v 0.16992188 0.02148438 -0.20507812
v 0.16992188 0.11523438 0.34179688
v 0.16992188 0.11523438 0.34960938
v 0.16992188 0.12695312 0.33007812
v 0.16992188 0.13085938 0.28710938
v 0.16992188 0.16601562 0.34179688
v 0.16992188 0.24023438 0.33007812
v 0.16992188 0.31445312 0.33789062
v 0.17382812 -0.15039062 -0.06445312
v 0.17382812 -0.13867188 0.27929688
v 0.17382812 -0.12695312 -0.11914062
v 0.17382812 -0.12304688 -0.13867188
v 0.17382812 -0.12304688 -0.09570312
v 0.17382812 -0.06835938 -0.10742188
v 0.17382812 -0.06445312 -0.15429688
v 0.17382812 -0.06054688 -0.14257812
v 0.17382812 -0.04492188 0.29101562
v 0.17382812 -0.04101562 -0.17773438
v 0.17382812 -0.03710938 -0.14648438
v 0.17382812 -0.03710938 -0.14257812
v 0.17382812 -0.02539062 -0.10351562
v 0.17382812 -0.01367188 -0.22851562
v 0.17382812 -0.01367188 -0.21679688
v 0.17382812 -0.00585938 -0.15429688
v 0.17382812 -0.00585938 0.23242188
v 0.17382812 -0.00195312 -0.23242188
v 0.17382812 0.00195312 -0.21679688
v 0.17382812 0.00195312 0.24414062
v 0.17382812 0.00585938 0.25976562
v 0.17382812 0.02148438 -0.18945312
v 0.17382812 0.02148438 -0.17382812
v 0.17382812 0.11523438 0.34179688
v 0.17382812 0.11914062 0.34570312
v 0.17382812 0.13476562 0.34570312
v 0.17773438 -0.13867188 0.25976562
v 0.17773438 -0.13085938 0.29101562
v 0.17773438 -0.04101562 -0.16601562
v 0.17773438 -0.03710938 -0.15429688
v 0.17773438 -0.02929688 -0.13085938
v 0.17773438 -0.02929688 -0.11914062
v 0.17773438 -0.01367188 -0.20117188
v 0.17773438 -0.00976562 -0.18945312
v 0.17773438 -0.00585938 -0.17773438
v 0.17773438 -0.00195312 -0.16601562
v 0.17773438 0.22070312 0.31054688
v 0.17773438 0.28320312 0.28320312
v 0.17773438 0.29882812 0.31445312
v 0.18164062 -0.07226562 -0.13867188
v 0.18164062 -0.06835938 -0.12304688
v 0.18164062 -0.05664062 0.22460938
v 0.18164062 0.34570312 0.31835938
v 0.18554688 -0.13476562 0.25195312
v 0.18554688 -0.11914062 0.30273438
v 0.18554688 -0.03710938 0.27929688
v 0.18945312 -0.14648438 0.26367188
v 0.18945312 -0.14648438 0.27929688
v 0.18945312 -0.14257812 0.25585938
v 0.18945312 -0.14257812 0.29101562
v 0.18945312 -0.12695312 0.24804688
v 0.18945312 -0.04492188 0.24023438
v 0.18945312 -0.03710938 0.25976562
v 0.18945312 0.27539062 0.31445312
v 0.18945312 0.35351562 0.36523438
v 0.19335938 -0.13085938 0.29492188
v 0.19335938 -0.10742188 0.30273438
v 0.19335938 -0.04101562 0.24804688
v 0.19335938 0.34570312 0.36523438
v 0.19726562 -0.16601562 0.27539062
v 0.19726562 -0.13476562 0.25195312
v 0.19726562 -0.11523438 0.24414062
v 0.19726562 0.33398438 0.30664062
v 0.19726562 0.36132812 0.35742188
v 0.20117188 -0.16601562 0.25585938
v 0.20117188 -0.16601562 0.26367188
v 0.20117188 -0.16601562 0.28320312
v 0.20117188 -0.12304688 0.29492188
v 0.20117188 -0.09960938 0.29492188
v 0.20117188 0.26367188 0.29101562
v 0.20117188 0.32617188 0.33789062
v 0.20117188 0.33789062 0.36523438
v 0.20507812 -0.17773438 0.27148438
v 0.20507812 -0.17382812 0.27929688
v 0.20507812 -0.15820312 0.29101562
v 0.20507812 -0.12695312 0.24804688
v 0.20507812 -0.10351562 0.24804688
v 0.20507812 0.31835938 0.32226562
v 0.20898438 -0.17773438 0.25585938
v 0.20898438 -0.17773438 0.25976562
v 0.20898438 -0.16992188 0.28320312
v 0.20898438 -0.16210938 0.25195312
v 0.20898438 -0.15039062 0.29101562
v 0.20898438 -0.11914062 0.25195312
v 0.20898438 -0.11523438 0.29101562
v 0.20898438 -0.11132812 0.28320312
v 0.20898438 -0.09570312 0.25195312
v 0.20898438 -0.09570312 0.27148438
v 0.20898438 -0.09570312 0.28320312
v 0.21289062 -0.17382812 0.25195312
v 0.21289062 -0.15429688 0.24804688
v 0.21289062 -0.11132812 0.27148438
v 0.21289062 0.25585938 0.32226562
v 0.21679688 -0.16992188 0.25195312
v 0.21679688 -0.16601562 0.28710938
v 0.21679688 -0.11132812 0.25585938
v 0.22070312 -0.17382812 0.28320312
v 0.22070312 -0.16601562 0.28320312
v 0.22070312 -0.14648438 0.25195312
v 0.22070312 -0.14648438 0.28710938
v 0.22070312 0.24804688 0.31445312
v 0.22070312 0.31445312 0.30664062
v 0.22070312 0.36523438 0.34570312
v 0.22460938 -0.17382812 0.25976562
v 0.22460938 -0.17382812 0.26367188
v 0.22460938 -0.17382812 0.27539062
v 0.22460938 -0.16601562 0.25585938
v 0.22460938 -0.14257812 0.28320312
v 0.22851562 -0.16210938 0.27929688
v 0.22851562 -0.15820312 0.25976562
v 0.22851562 -0.14257812 0.25976562
v 0.22851562 -0.14257812 0.27148438
v 0.22851562 0.29882812 0.32617188
v 0.23242188 -0.16210938 0.27148438
v 0.23632812 0.35351562 0.36523438
v 0.23632812 0.36523438 0.33789062
v 0.24023438 0.29882812 0.31445312
v 0.24023438 0.33789062 0.34179688
v 0.24023438 0.34570312 0.34570312
v 0.24023438 0.36132812 0.36914062
v 0.24414062 0.36914062 0.36523438
v 0.24414062 0.37304688 0.35742188
v 0.24804688 0.28710938 0.33398438
v 0.24804688 0.35742188 0.33007812
v 0.25585938 0.28320312 0.32226562
v 0.26367188 0.33398438 0.34960938
v 0.26757812 0.34570312 0.32617188
v 0.27539062 0.35742188 0.36914062
v 0.27929688 0.32617188 0.34960938
v 0.27929688 0.35742188 0.36523438
v 0.28320312 0.33007812 0.33789062
v 0.28320312 0.37304688 0.36914062
v 0.28320312 0.37695312 0.35742188
v 0.28710938 0.36914062 0.37304688
v 0.28710938 0.37304688 0.34960938
v 0.28710938 0.37304688 0.36132812
v 0.28710938 0.37695312 0.35351562
v 0.29101562 0.35742188 0.36914062
v 0.29101562 0.36523438 0.35351562
f 1375 1745 1746
f 1375 1746 1314
f 1746 1745 1874
f 1745 1375 1376
f 1375 1314 1376
f 1314 1746 1315
f 1746 1874 1875
f 1874 1745 1876
f 1745 1376 1747
f 1376 1314 1315
f 1315 1746 1748
f 1746 1875 1748
f 1875 1874 2077
f 1874 1876 2076
f 1876 1745 1747
f 1747 1376 1250
f 1376 1315 1250
f 1315 1748 1751
f 1748 1875 1877
f 1875 2077 1877
f 2077 1874 2076
f 2076 1876 2078
f 1876 1747 1880
f 1747 1250 1750
f 1250 1315 1251
f 1315 1751 1251
f 1751 1748 1877
f 1877 2077 2079
f 2077 2076 2313
f 2076 2078 2313
f 2078 1876 1880
f 1880 1747 1750
f 1750 1250 1180
f 1250 1251 1180
f 1251 1751 1181
f 1751 1877 1882
f 1877 2079 1972
f 2079 2077 2233
f 2077 2313 2314
f 2313 2078 2232
f 2078 1880 1971
f 1880 1750 1749
f 1750 1180 1749
f 1180 1251 1181
f 1181 1751 1647
f 1751 1882 1811
f 1882 1877 1972
f 1972 2079 2131
f 2079 2233 2131
f 2233 2077 2314
f 2314 2313 2363
f 2313 2232 2235
f 2232 2078 1971
f 1971 1880 1879
f 1880 1749 1879
f 1749 1180 1645
f 1180 1181 1001
f 1181 1647 1182
f 1647 1751 1811
f 1811 1882 1972
f 1972 2131 1883
f 2131 2233 2316
f 2233 2314 2316
f 2314 2363 2316
f 2363 2313 2362
f 2313 2235 2362
f 2235 2232 2130
f 2232 1971 2130
f 1971 1879 1970
f 1879 1749 1878
f 1749 1645 1878
f 1645 1180 1248
f 1180 1001 1078
f 1001 1181 1079
f 1181 1182 1079
f 1182 1647 1588
f 1647 1811 1588
f 1811 1972 1883
f 1883 2131 1973
f 2131 2316 2134
f 2316 2363 2236
f 2363 2362 2419
f 2362 2235 2187
f 2235 2130 2187
f 2130 1971 1970
f 1970 1879 1878
f 1878 1645 1881
f 1645 1248 1646
f 1248 1180 1078
f 1078 1001 949
f 1001 1079 947
f 1079 1182 1080
f 1182 1588 1183
f 1588 1811 1752
f 1811 1883 1812
f 1883 1973 1884
f 1973 2131 2134
f 2134 2316 2236
f 2236 2363 2365
f 2363 2419 2365
f 2419 2362 2315
f 2362 2187 2315
f 2187 2130 2132
f 2130 1970 2081
f 1970 1878 1969
f 1878 1881 1969
f 1881 1645 1646
f 1646 1248 1249
f 1248 1078 1249
f 1078 949 952
f 949 1001 799
f 1001 947 799
f 947 1079 948
f 1079 1080 948
f 1080 1182 1183
f 1183 1588 1478
f 1588 1752 1648
f 1752 1811 1812
f 1812 1883 1884
f 1884 1973 1887
f 1973 2134 1975
f 2134 2236 2133
f 2236 2365 2317
f 2365 2419 2420
f 2419 2315 2364
f 2315 2187 2234
f 2187 2132 2234
f 2132 2130 2081
f 2081 1970 2080
f 1970 1969 2080
f 1969 1881 2080
f 1881 1646 1889
f 1646 1249 1652
f 1249 1078 1254
f 1078 952 1083
f 952 949 799
f 799 947 661
f 947 948 726
f 948 1080 950
f 1080 1183 1081
f 1183 1478 1252
f 1478 1588 1648
f 1648 1752 1754
f 1752 1812 1754
f 1812 1884 1754
f 1884 1887 1814
f 1887 1973 1975
f 1975 2134 2133
f 2133 2236 2317
f 2317 2365 2318
f 2365 2420 2367
f 2420 2419 2364
f 2364 2315 2237
f 2315 2234 2237
f 2234 2132 2082
f 2132 2081 2080
f 2080 1881 2082
f 1881 1889 2082
f 1889 1646 1652
f 1652 1249 1254
f 1254 1078 1083
f 1083 952 1084
f 952 799 801
f 799 661 801
f 661 947 725
f 947 726 725
f 726 948 950
f 950 1080 1081
f 1081 1183 1252
f 1252 1478 1479
f 1478 1648 1479
f 1648 1754 1589
f 1754 1884 1813
f 1884 1814 1813
f 1814 1887 1888
f 1887 1975 2083
f 1975 2133 2083
f 2133 2317 2083
f 2317 2318 2189
f 2318 2365 2367
f 2367 2420 2368
f 2420 2364 2366
f 2364 2237 2366
f 2237 2234 2084
f 2234 2082 2084
f 2082 2132 2080
f 2082 1889 2084
f 1889 1652 1654
f 1652 1254 1654
f 1254 1083 1084
f 1084 952 953
f 952 801 953
f 801 661 665
f 661 725 592
f 725 726 592
f 726 950 727
f 950 1081 951
f 1081 1252 1002
f 1252 1479 1184
f 1479 1648 1589
f 1589 1754 1649
f 1754 1813 1755
f 1813 1814 1757
f 1814 1888 1757
f 1888 1887 2083
f 2083 2317 2188
f 2317 2189 2188
f 2189 2318 2191
f 2318 2367 2320
f 2367 2368 2421
f 2368 2420 2366
f 2366 2237 2238
f 2237 2084 2238
f 2084 1889 1890
f 1889 1654 1890
f 1654 1254 1258
f 1254 1084 1258
f 1084 953 957
f 953 801 735
f 801 665 735
f 665 661 539
f 661 592 539
f 592 726 593
f 726 727 594
f 727 950 951
f 951 1081 1002
f 1002 1252 1184
f 1184 1479 1378
f 1479 1589 1378
f 1589 1649 1530
f 1649 1754 1755
f 1755 1813 1757
f 1757 1888 1815
f 1888 2083 2087
f 2083 2188 2087
f 2188 2189 2087
f 2189 2191 2091
f 2191 2318 2320
f 2320 2367 2369
f 2367 2421 2369
f 2421 2368 2319
f 2368 2366 2319
f 2366 2238 2319
f 2238 2084 2090
f 2084 1890 2090
f 1890 1654 1656
f 1654 1258 1656
f 1258 1084 1261
f 1084 957 1088
f 957 953 735
f 735 665 601
f 665 539 540
f 539 592 420
f 592 593 475
f 593 726 594
f 594 727 662
f 727 951 728
f 951 1002 891
f 1002 1184 1003
f 1184 1378 1316
f 1378 1589 1530
f 1530 1649 1591
f 1649 1755 1651
f 1755 1757 1651
f 1757 1815 1758
f 1815 1888 1976
f 1888 2087 1976
f 2087 2189 2091
f 2091 2191 2093
f 2191 2320 2241
f 2320 2369 2371
f 2369 2421 2424
f 2421 2319 2370
f 2319 2238 2190
f 2238 2090 2190
f 2090 1890 1892
f 1890 1656 1892
f 1656 1258 1261
f 1261 1084 1088
f 1088 957 1089
f 957 735 738
f 735 601 738
f 601 665 486
f 665 540 486
f 540 539 424
f 539 420 424
f 420 592 475
f 475 593 476
f 593 594 477
f 594 662 477
f 662 727 728
f 728 951 891
f 891 1002 1003
f 1003 1184 1004
f 1184 1316 1082
f 1316 1378 1480
f 1378 1530 1480
f 1530 1591 1480
f 1591 1649 1651
f 1651 1757 1758
f 1758 1815 1976
f 1976 2087 2085
f 2087 2091 1891
f 2091 2093 1891
f 2093 2191 2241
f 2241 2320 2371
f 2371 2369 2424
f 2424 2421 2423
f 2421 2370 2423
f 2370 2319 2190
f 2190 2090 2092
f 2090 1892 2092
f 1892 1656 1658
f 1656 1261 1658
f 1261 1088 1089
f 1089 957 959
f 957 738 739
f 738 601 609
f 601 486 609
f 486 540 424
f 424 420 275
f 420 475 337
f 475 476 337
f 476 593 477
f 477 662 478
f 662 728 595
f 728 891 729
f 891 1003 892
f 1003 1004 892
f 1004 1184 1082
f 1082 1316 731
f 1316 1480 1253
f 1480 1591 1531
f 1591 1651 1531
f 1651 1758 1650
f 1758 1976 1650
f 1976 2085 1974
f 2085 2087 2088
f 2087 1891 2088
f 1891 2093 1820
f 2093 2241 2095
f 2241 2371 2529
f 2371 2424 2589
f 2424 2423 2589
f 2423 2370 2422
f 2370 2190 2239
f 2190 2092 2135
f 2092 1892 2135
f 1892 1658 1893
f 1658 1261 1262
f 1261 1089 1262
f 1089 959 1012
f 959 957 739
f 739 738 609
f 609 486 493
f 486 424 353
f 424 275 241
f 275 420 337
f 337 476 338
f 476 477 339
f 477 478 339
f 478 662 479
f 662 595 479
f 595 728 729
f 729 891 892
f 892 1004 800
f 1004 1082 481
f 1082 731 481
f 731 1316 1253
f 1253 1480 1377
f 1480 1531 1532
f 1531 1651 1590
f 1651 1650 1590
f 1650 1976 1974
f 1974 2085 1885
f 2085 2088 2086
f 2088 1891 1819
f 1891 1820 1819
f 1820 2093 2095
f 2095 2241 2193
f 2241 2529 2426
f 2529 2371 2589
f 2589 2423 2588
f 2423 2422 2588
f 2422 2370 2239
f 2239 2190 2135
f 2135 1892 1893
f 1893 1658 1660
f 1658 1262 1660
f 1262 1089 1012
f 1012 959 805
f 959 739 612
f 739 609 611
f 609 493 496
f 493 486 353
f 353 424 241
f 241 275 204
f 275 337 204
f 337 338 238
f 338 476 339
f 339 478 340
f 478 479 340
f 479 595 480
f 595 729 730
f 729 892 730
f 892 800 663
f 800 1004 422
f 1004 481 422
f 481 731 482
f 731 1253 664
f 1253 1377 1005
f 1377 1480 1532
f 1532 1531 1753
f 1531 1590 1753
f 1590 1650 1753
f 1650 1974 1885
f 1885 2085 2086
f 2086 2088 2089
f 2088 1819 2089
f 1819 1820 1659
f 1820 2095 1895
f 2095 2193 1896
f 2193 2241 2426
f 2426 2529 2590
f 2529 2589 2627
f 2589 2588 2627
f 2588 2422 2464
f 2422 2239 2240
f 2239 2135 2136
f 2135 1893 2136
f 1893 1660 1894
f 1660 1262 1192
f 1262 1012 1192
f 1012 805 669
f 805 959 612
f 612 739 611
f 611 609 496
f 496 493 362
f 493 353 362
f 353 241 217
f 241 204 211
f 204 337 238
f 238 338 239
f 338 339 239
f 339 340 239
f 340 479 341
f 479 480 341
f 480 595 596
f 595 730 596
f 730 892 663
f 663 800 276
f 800 422 276
f 422 481 344
f 481 482 423
f 482 731 664
f 664 1253 1005
f 1005 1377 1481
f 1377 1532 1756
f 1532 1753 1756
f 1753 1650 1885
f 1885 2086 1886
f 2086 2089 1977
f 2089 1819 1818
f 1819 1659 1818
f 1659 1820 1895
f 1895 2095 1896
f 1896 2193 1979
f 2193 2426 2243
f 2426 2590 2465
f 2590 2529 2627
f 2627 2588 2626
f 2588 2464 2626
f 2464 2422 2240
f 2240 2239 2136
f 2136 1893 1894
f 1894 1660 2094
f 1660 1192 1090
f 1192 1012 1090
f 1012 669 961
f 669 805 612
f 612 611 497
f 611 496 365
f 496 362 363
f 362 353 250
f 353 217 250
f 217 241 211
f 211 204 178
f 204 238 239
f 239 340 205
f 340 341 205
f 341 480 342
f 480 596 421
f 596 730 663
f 663 276 597
f 276 422 344
f 344 481 423
f 423 482 425
f 482 664 732
f 664 1005 732
f 1005 1481 1006
f 1481 1377 1756
f 1756 1753 1886
f 1753 1885 1886
f 1886 2086 1977
f 1977 2089 1978
f 2089 1818 1978
f 1818 1659 1596
f 1659 1895 1597
f 1895 1896 1598
f 1896 1979 1542
f 1979 2193 2243
f 2243 2426 2465
f 2465 2590 2531
f 2590 2627 2628
f 2627 2626 2667
f 2626 2464 2530
f 2464 2240 2372
f 2240 2136 2372
f 2136 1894 2094
f 2094 1660 1760
f 1660 1090 1760
f 1090 1012 961
f 961 669 613
f 669 612 498
f 612 497 368
f 497 611 365
f 365 496 363
f 363 362 250
f 250 217 220
f 217 211 178
f 178 204 208
f 204 239 208
f 239 205 171
f 205 341 206
f 341 342 206
f 342 480 421
f 421 596 597
f 596 663 597
f 597 276 240
f 276 344 277
f 344 423 425
f 425 482 483
f 482 732 483
f 732 1005 1006
f 1006 1481 1482
f 1481 1756 1482
f 1756 1886 1977
f 1977 1978 1817
f 1978 1818 1817
f 1818 1596 1595
f 1596 1659 1541
f 1659 1597 1264
f 1597 1895 1598
f 1598 1896 1542
f 1542 1979 1486
f 1979 2243 2246
f 2243 2465 2531
f 2531 2590 2628
f 2628 2627 2668
f 2627 2667 2668
f 2667 2626 2591
f 2626 2530 2591
f 2530 2464 2425
f 2464 2372 2425
f 2372 2136 2192
f 2136 2094 2192
f 2094 1760 2096
f 1760 1090 1091
f 1090 961 899
f 961 613 899
f 613 669 498
f 498 612 368
f 368 497 289
f 497 365 289
f 365 363 288
f 363 250 364
f 250 220 364
f 220 217 187
f 217 178 187
f 178 208 171
f 208 239 171
f 171 205 173
f 205 206 173
f 206 342 207
f 342 421 343
f 421 597 240
f 240 276 177
f 276 277 212
f 277 344 278
f 344 425 346
f 425 483 346
f 483 732 484
f 732 1006 1007
f 1006 1482 1007
f 1482 1756 1816
f 1756 1977 1816
f 1977 1817 1816
f 1817 1818 1759
f 1818 1595 1657
f 1595 1596 1541
f 1541 1659 1263
f 1659 1264 1263
f 1264 1597 1598
f 1598 1542 1193
f 1542 1486 1094
f 1486 1979 1897
f 1979 2246 1897
f 2246 2243 2531
f 2531 2628 2466
f 2628 2668 2630
f 2668 2667 2703
f 2667 2591 2703
f 2591 2530 2427
f 2530 2425 2427
f 2425 2372 2192
f 2192 2094 2096
f 2096 1760 1761
f 1760 1091 1761
f 1091 1090 899
f 899 613 807
f 613 498 434
f 498 368 372
f 368 289 253
f 289 365 224
f 365 288 224
f 288 363 364
f 364 220 366
f 220 187 188
f 187 178 188
f 178 171 179
f 171 173 179
f 173 206 207
f 207 342 343
f 343 421 210
f 421 240 210
f 240 177 210
f 177 276 212
f 212 277 242
f 277 278 242
f 278 344 346
f 346 483 345
f 483 484 279
f 484 732 733
f 732 1007 733
f 1007 1482 1379
f 1482 1816 1817
f 1817 1759 1653
f 1759 1818 1594
f 1818 1657 1594
f 1657 1595 1539
f 1595 1541 1540
f 1541 1263 1191
f 1263 1264 960
f 1264 1598 1265
f 1598 1193 1265
f 1193 1542 1094
f 1094 1486 1487
f 1486 1897 1487
f 1897 2246 2247
f 2246 2531 2247
f 2531 2466 2247
f 2466 2628 2630
f 2630 2668 2669
f 2668 2703 2669
f 2703 2591 2592
f 2591 2427 2592
f 2427 2425 2242
f 2425 2192 2242
f 2192 2096 2242
f 2096 1761 1762
f 1761 1091 1762
f 1091 899 1092
f 899 807 1092
f 807 613 614
f 613 434 436
f 434 498 372
f 372 368 253
f 253 289 191
f 289 224 191
f 224 288 152
f 288 364 223
f 364 366 225
f 366 220 367
f 220 188 221
f 188 178 179
f 179 173 180
f 173 207 174
f 207 343 209
f 343 210 172
f 210 177 176
f 177 212 214
f 212 242 244
f 242 278 244
f 278 346 345
f 345 483 243
f 483 279 243
f 279 484 426
f 484 733 598
f 733 1007 734
f 1007 1379 1255
f 1379 1482 1817
f 1817 1653 1379
f 1653 1759 1655
f 1759 1594 1655
f 1594 1657 1538
f 1657 1539 1538
f 1539 1595 1540
f 1540 1541 1388
f 1541 1191 1321
f 1191 1263 960
f 960 1264 1013
f 1264 1265 1013
f 1265 1193 962
f 1193 1094 900
f 1094 1487 1095
f 1487 1897 1898
f 1897 2247 1898
f 2247 2466 2430
f 2466 2630 2430
f 2630 2669 2633
f 2669 2703 2670
f 2703 2592 2670
f 2592 2427 2428
f 2427 2242 2244
f 2242 2096 1980
f 2096 1762 1980
f 1762 1091 1092
f 1092 807 901
f 807 614 901
f 614 613 436
f 436 434 375
f 434 372 375
f 372 253 375
f 253 191 226
f 191 224 136
f 224 152 136
f 152 288 223
f 223 364 225
f 225 366 367
f 367 220 221
f 221 188 189
f 188 179 189
f 179 180 189
f 180 173 174
f 174 207 209
f 209 343 172
f 172 210 176
f 176 177 184
f 177 214 185
f 214 212 244
f 244 278 214
f 278 345 213
f 345 243 182
f 243 279 182
f 279 426 352
f 426 484 598
f 598 733 734
f 734 1007 1008
f 1007 1255 1008
f 1255 1379 1380
f 1379 1653 1533
f 1653 1655 1592
f 1655 1594 1593
f 1594 1538 1593
f 1538 1539 1387
f 1539 1540 1387
f 1540 1388 1387
f 1388 1541 1321
f 1321 1191 1190
f 1191 960 958
f 960 1013 806
f 1013 1265 962
f 962 1193 963
f 1193 900 963
f 900 1094 964
f 1094 1095 964
f 1095 1487 1096
f 1487 1898 1899
f 1898 2247 1899
f 2247 2430 2249
f 2430 2630 2633
f 2633 2669 2672
f 2669 2670 2672
f 2670 2592 2532
f 2592 2428 2532
f 2428 2427 2245
f 2427 2244 2245
f 2244 2242 1980
f 1980 1762 1763
f 1762 1092 1763
f 1092 901 1093
f 901 614 672
f 614 436 501
f 436 375 501
f 375 253 255
f 253 226 255
f 226 191 136
f 136 152 128
f 152 223 154
f 223 225 154
f 225 367 251
f 367 221 222
f 221 189 222
f 189 180 181
f 180 174 181
f 174 209 175
f 209 172 176
f 176 184 183
f 184 177 185
f 185 214 284
f 214 278 213
f 213 345 182
f 182 279 215
f 279 352 215
f 352 426 350
f 426 598 427
f 598 734 599
f 734 1008 802
f 1008 1255 1256
f 1255 1380 1381
f 1380 1379 1533
f 1533 1653 1592
f 1592 1655 1537
f 1655 1593 1537
f 1593 1538 1485
f 1538 1387 1386
f 1387 1388 1190
f 1388 1321 1190
f 1190 1191 898
f 1191 958 898
f 958 960 740
f 960 806 740
f 806 1013 962
f 962 963 741
f 963 900 615
f 900 964 615
f 964 1095 1096
f 1096 1487 1488
f 1487 1899 1488
f 1899 2247 2249
f 2249 2430 2194
f 2430 2633 2635
f 2633 2672 2635
f 2672 2670 2629
f 2670 2532 2467
f 2532 2428 2429
f 2428 2245 2429
f 2245 2244 1980
f 1980 1763 1981
f 1763 1092 1093
f 1093 901 1194
f 901 672 808
f 672 614 501
f 501 375 376
f 375 255 376
f 255 226 257
f 226 136 155
f 136 128 139
f 128 152 154
f 154 225 251
f 251 367 370
f 367 222 369
f 222 189 190
f 189 181 183
f 181 174 175
f 175 209 176
f 176 183 175
f 183 184 218
f 184 185 218
f 185 284 247
f 284 214 285
f 214 213 182
f 182 215 214
f 215 352 282
f 352 350 282
f 350 426 427
f 427 598 599
f 599 734 802
f 802 1008 1009
f 1008 1256 1009
f 1256 1255 1381
f 1381 1380 1533
f 1533 1592 1535
f 1592 1537 1535
f 1537 1593 1485
f 1485 1538 1386
f 1386 1387 1188
f 1387 1190 1189
f 1190 898 1189
f 898 958 668
f 958 740 668
f 740 806 432
f 806 962 741
f 741 963 670
f 963 615 670
f 615 964 671
f 964 1096 965
f 1096 1488 1195
f 1488 1899 1900
f 1899 2249 1900
f 2249 2194 1900
f 2194 2430 2375
f 2430 2635 2375
f 2635 2672 2632
f 2672 2629 2632
f 2629 2670 2467
f 2467 2532 2373
f 2532 2429 2373
f 2429 2245 2248
f 2245 1980 1981
f 1981 1763 1764
f 1763 1093 1194
f 1194 901 1014
f 901 808 1014
f 808 672 501
f 501 376 502
f 376 255 292
f 255 257 292
f 257 226 194
f 226 155 194
f 155 136 139
f 139 128 137
f 128 154 153
f 154 251 153
f 251 370 252
f 370 367 369
f 369 222 287
f 222 190 249
f 190 189 183
f 183 181 175
f 183 218 190
f 218 185 247
f 247 284 359
f 284 285 359
f 285 214 245
f 214 215 282
f 282 350 349
f 350 427 347
f 427 599 347
f 599 802 600
f 802 1009 803
f 1009 1256 1257
f 1256 1381 1382
f 1381 1533 1534
f 1533 1535 1534
f 1535 1537 1536
f 1537 1485 1484
f 1485 1386 1385
f 1386 1188 1187
f 1188 1387 1189
f 1189 898 897
f 898 668 667
f 668 740 542
f 740 432 542
f 432 806 543
f 806 741 543
f 741 670 435
f 670 615 437
f 615 671 500
f 671 964 673
f 964 965 673
f 965 1096 1195
f 1195 1488 1489
f 1488 1900 1489
f 1900 2194 1903
f 2194 2375 2137
f 2375 2635 2376
f 2635 2632 2593
f 2632 2629 2593
f 2629 2467 2671
f 2467 2373 2374
f 2373 2429 2248
f 2248 2245 1982
f 2245 1981 1982
f 1981 1764 1982
f 1764 1763 1194
f 1194 1014 1266
f 1014 808 1015
f 808 501 616
f 501 502 616
f 502 376 438
f 376 292 438
f 292 257 438
f 257 194 378
f 194 155 139
f 139 137 138
f 137 128 153
f 153 251 252
f 252 370 290
f 369 367 433
f 369 287 433
f 287 222 249
f 249 190 286
f 190 218 286
f 218 247 361
f 247 359 361
f 359 285 360
f 285 245 282
f 245 214 282
f 282 349 280
f 349 350 347
f 347 599 428
f 599 600 428
f 600 802 803
f 803 1009 1010
f 1009 1257 1010
f 1257 1256 1382
f 1382 1381 1483
f 1381 1534 1483
f 1534 1535 1483
f 1535 1536 1383
f 1536 1537 1384
f 1537 1484 1384
f 1484 1485 1385
f 1385 1386 1187
f 1187 1188 895
f 1188 1189 896
f 1189 897 896
f 897 898 610
f 898 667 610
f 667 668 494
f 668 542 494
f 542 432 494
f 432 543 433
f 543 741 499
f 741 435 499
f 435 670 437
f 437 615 500
f 500 671 544
f 671 673 544
f 673 965 743
f 965 1195 966
f 1195 1489 1543
f 1489 1900 1543
f 1900 1903 1543
f 1903 2194 2137
f 2137 2375 2376
f 2376 2635 2593
f 2593 2629 2671
f 2671 2467 2534
f 2467 2374 2433
f 2374 2373 2196
f 2373 2248 2195
f 2248 1982 2195
f 1982 1764 1821
f 1764 1194 1266
f 1266 1014 1015
f 1015 808 902
f 808 616 902
f 616 502 742
f 502 438 617
f 438 257 378
f 378 194 294
f 194 139 196
f 139 138 195
f 138 137 192
f 137 153 192
f 153 252 192
f 252 290 192
f 290 370 371
f 369 433 371
f 433 287 432
f 287 249 432
f 249 286 432
f 286 218 361
f 361 359 495
f 359 360 492
f 360 285 248
f 285 282 248
f 282 280 216
f 280 349 347
f 347 428 348
f 428 600 429
f 600 803 602
f 803 1010 736
f 1010 1257 1185
f 1257 1382 1317
f 1382 1483 1317
f 1483 1535 1383
f 1383 1536 1384
f 1384 1484 1320
f 1484 1385 1320
f 1385 1187 1087
f 1187 895 894
f 895 1188 896
f 896 897 666
f 897 610 608
f 610 667 495
f 667 494 495
f 494 432 286
f 433 543 371
f 543 499 373
f 499 435 374
f 435 437 291
f 437 500 291
f 500 544 377
f 544 673 743
f 743 965 966
f 966 1195 1016
f 1195 1543 1267
f 1543 1903 1490
f 1903 2137 1907
f 2137 2376 2436
f 2376 2593 2538
f 2593 2671 2704
f 2671 2534 2704
f 2534 2467 2433
f 2433 2374 2250
f 2374 2196 2250
f 2196 2373 2195
f 2195 1982 1902
f 1982 1821 1902
f 1821 1764 1266
f 1266 1015 1097
f 1015 902 1097
f 902 616 742
f 742 502 617
f 617 438 545
f 438 378 545
f 378 294 503
f 294 194 260
f 194 196 260
f 196 139 195
f 195 138 258
f 138 192 193
f 192 290 254
f 290 371 373
f 286 361 494
f 361 495 494
f 495 359 491
f 359 492 491
f 492 360 358
f 360 248 358
f 248 282 219
f 282 216 219
f 216 280 186
f 280 347 281
f 347 348 351
f 348 428 429
f 429 600 602
f 602 803 736
f 736 1010 954
f 1010 1185 954
f 1185 1257 1317
f 1317 1483 1383
f 1383 1384 1319
f 1384 1320 1318
f 1320 1385 1087
f 1087 1187 894
f 894 895 607
f 895 896 666
f 666 897 608
f 608 610 491
f 610 495 491
f 371 543 373
f 373 499 374
f 374 435 291
f 291 500 377
f 377 544 439
f 544 743 618
f 743 966 1016
f 1016 1195 1267
f 1267 1543 1490
f 1490 1903 1907
f 1907 2137 2197
f 2137 2436 2197
f 2436 2376 2538
f 2538 2593 2795
f 2593 2704 2795
f 2704 2534 2708
f 2534 2433 2533
f 2433 2250 2533
f 2250 2196 2097
f 2196 2195 1904
f 2195 1902 1904
f 1902 1821 1904
f 1821 1266 1822
f 1266 1097 1322
f 1097 902 903
f 902 742 810
f 742 617 675
f 617 545 619
f 545 378 503
f 503 294 440
f 294 260 380
f 260 196 195
f 195 258 259
f 258 138 193
f 193 192 254
f 254 290 373
f 491 492 666
f 492 358 490
f 358 248 357
f 248 219 357
f 219 216 186
f 186 280 281
f 281 347 351
f 351 348 354
f 348 429 485
f 429 602 485
f 602 736 737
f 736 954 737
f 954 1185 1085
f 1185 1317 1260
f 1317 1383 1260
f 1383 1319 1260
f 1319 1384 1259
f 1384 1318 1259
f 1318 1320 1087
f 1087 894 1086
f 894 607 606
f 607 895 666
f 666 608 491
f 373 374 254
f 374 291 254
f 291 377 293
f 377 439 293
f 439 544 618
f 618 743 809
f 743 1016 809
f 1016 1267 967
f 1267 1490 1268
f 1490 1907 1916
f 1907 2197 2328
f 2197 2436 2328
f 2436 2538 2328
f 2538 2795 2799
f 2795 2704 2886
f 2704 2708 2847
f 2708 2534 2533
f 2533 2250 2321
f 2250 2097 2140
f 2097 2196 1904
f 1904 1821 1822
f 1822 1266 1322
f 1322 1097 1196
f 1097 903 1196
f 903 902 810
f 810 742 675
f 675 617 619
f 619 545 546
f 545 503 546
f 503 440 546
f 440 294 380
f 380 260 259
f 260 195 259
f 259 258 295
f 258 193 293
f 193 254 256
f 666 492 490
f 490 358 357
f 357 219 246
f 219 186 246
f 186 281 283
f 281 351 354
f 354 348 430
f 348 485 430
f 485 602 604
f 602 737 604
f 737 954 956
f 954 1085 956
f 1085 1185 1260
f 1260 1319 1186
f 1319 1259 1186
f 1259 1318 1086
f 1318 1087 1086
f 1086 894 893
f 894 606 893
f 606 607 489
f 607 666 490
f 254 291 256
f 291 293 256
f 293 439 379
f 439 618 504
f 618 809 674
f 809 1016 967
f 967 1267 1268
f 1268 1490 1547
f 1490 1916 1547
f 1916 1907 2328
f 2328 2538 2475
f 2538 2799 2475
f 2799 2795 2948
f 2795 2886 2943
f 2886 2704 2847
f 2847 2708 2883
f 2708 2533 2712
f 2533 2321 2325
f 2321 2250 2140
f 2140 2097 1906
f 2097 1904 1906
f 1904 1822 1906
f 1822 1322 1389
f 1322 1196 1389
f 1196 903 1017
f 903 810 1017
f 810 675 676
f 675 619 676
f 619 546 620
f 546 440 505
f 440 380 505
f 380 259 381
f 259 295 382
f 295 258 293
f 293 193 256
f 490 357 489
f 357 246 355
f 246 186 283
f 283 281 354
f 354 430 487
f 430 485 541
f 485 604 541
f 604 737 804
f 737 956 955
f 956 1085 955
f 1085 1260 1011
f 1260 1186 1011
f 1186 1259 1086
f 1086 893 955
f 893 606 605
f 606 489 605
f 489 607 490
f 293 379 295
f 379 439 441
f 439 504 441
f 504 618 674
f 674 809 548
f 809 967 744
f 967 1268 968
f 1268 1547 1270
f 1547 1916 2103
f 1916 2328 2475
f 2475 2799 2804
f 2799 2948 2956
f 2948 2795 2943
f 2943 2886 2940
f 2886 2847 3144
f 2847 2883 3144
f 2883 2708 2712
f 2712 2533 2535
f 2533 2325 2535
f 2325 2321 2140
f 2140 1906 1908
f 1906 1822 1389
f 1389 1196 1391
f 1196 1017 1391
f 1017 810 811
f 810 676 811
f 676 619 620
f 620 546 508
f 546 505 443
f 505 380 442
f 380 381 442
f 381 259 382
f 382 295 441
f 489 357 488
f 357 355 488
f 355 246 356
f 246 283 356
f 283 354 356
f 354 487 431
f 487 430 541
f 541 604 603
f 604 804 603
f 804 737 955
f 955 1085 1011
f 1011 1186 1086
f 1086 955 1011
f 955 893 804
f 893 605 804
f 605 489 488
f 295 379 441
f 441 504 547
f 504 674 547
f 674 548 547
f 548 809 744
f 744 967 968
f 968 1268 1270
f 1270 1547 1613
f 1547 2103 1613
f 2103 1916 2475
f 2475 2804 2805
f 2804 2799 2956
f 2956 2948 3153
f 2948 2943 3030
f 2943 2940 2941
f 2940 2886 3144
f 3144 2883 3145
f 2883 2712 2887
f 2712 2535 2711
f 2535 2325 2252
f 2325 2140 1910
f 2140 1908 1910
f 1908 1906 1389
f 1389 1391 1600
f 1391 1017 1197
f 1017 811 904
f 811 676 677
f 676 620 677
f 620 508 445
f 508 546 443
f 443 505 383
f 505 442 383
f 442 381 506
f 381 382 506
f 382 441 507
f 488 355 356
f 356 354 431
f 431 487 541
f 541 603 431
f 603 804 605
f 605 488 431
f 441 547 507
f 547 548 444
f 548 744 509
f 744 968 678
f 968 1270 1408
f 1270 1613 1408
f 1613 2103 2154
f 2103 2475 2476
f 2475 2805 2476
f 2805 2804 2956
f 2956 3153 3472
f 3153 2948 3030
f 3030 2943 3025
f 2943 2941 2884
f 2941 2940 2938
f 2940 3144 3146
f 3144 3145 3351
f 3145 2883 2887
f 2887 2712 2711
f 2711 2535 2537
f 2535 2252 2537
f 2252 2325 1910
f 1910 1908 1600
f 1908 1389 1600
f 1600 1391 1910
f 1391 1197 1494
f 1197 1017 904
f 904 811 677
f 677 620 549
f 620 445 549
f 445 508 385
f 508 443 385
f 443 383 261
f 383 442 506
f 506 382 507
f 488 356 431
f 431 603 605
f 507 547 444
f 444 548 386
f 548 509 386
f 509 744 678
f 678 968 745
f 968 1408 1019
f 1408 1613 1773
f 1613 2154 1773
f 2154 2103 2476
f 2476 2805 2806
f 2805 2956 2959
f 2956 3472 3413
f 3472 3153 3469
f 3153 3030 3352
f 3030 3025 3352
f 3025 2943 2884
f 2884 2941 2882
f 2941 2938 2882
f 2938 2940 3142
f 2940 3146 3142
f 3146 3144 3351
f 3351 3145 3409
f 3145 2887 3237
f 2887 2711 2944
f 2711 2537 2710
f 2537 2252 2381
f 2252 1910 1911
f 1910 1391 1494
f 1494 1197 1018
f 1197 904 1018
f 904 677 812
f 677 549 621
f 549 445 621
f 445 385 510
f 385 443 261
f 261 383 384
f 383 506 384
f 506 507 444
f 444 386 296
f 386 509 550
f 509 678 550
f 678 745 550
f 745 968 1019
f 1019 1408 1501
f 1408 1773 1501
f 1773 2154 1996
f 2154 2476 2544
f 2476 2806 2544
f 2806 2805 2959
f 2959 2956 3413
f 3413 3472 3774
f 3472 3469 3858
f 3469 3153 3352
f 3352 3025 3347
f 3025 2884 2885
f 2884 2882 2848
f 2882 2938 2845
f 2938 3142 3140
f 3142 3146 3346
f 3146 3351 3346
f 3351 3409 3346
f 3409 3145 3237
f 3237 2887 2944
f 2944 2711 2710
f 2710 2537 2674
f 2537 2381 2674
f 2381 2252 1911
f 1911 1910 1494
f 1494 1018 1201
f 1018 904 812
f 812 677 621
f 621 445 510
f 510 385 387
f 385 261 263
f 261 384 262
f 384 506 444
f 444 296 384
f 296 386 388
f 386 550 388
f 550 745 681
f 745 1019 1279
f 1019 1501 1279
f 1501 1773 1776
f 1773 1996 1776
f 1996 2154 2266
f 2154 2544 2266
f 2544 2806 2722
f 2806 2959 2894
f 2959 3413 3249
f 3413 3774 3249
f 3774 3472 3858
f 3858 3469 3856
f 3469 3352 3521
f 3352 3347 3521
f 3347 3025 3024
f 3025 2885 3024
f 2885 2884 2848
f 2848 2882 2792
f 2882 2845 2792
f 2845 2938 2881
f 2938 3140 2881
f 3140 3142 3346
f 3346 3409 3464
f 3409 3237 3678
f 3237 2944 3236
f 2944 2710 2939
f 2710 2674 2793
f 2674 2381 2536
f 2381 1911 2151
f 1911 1494 2151
f 1494 1201 1330
f 1201 1018 813
f 1018 812 813
f 812 621 679
f 621 510 551
f 510 387 446
f 387 385 263
f 263 261 262
f 262 384 296
f 296 388 297
f 388 550 681
f 681 745 905
f 745 1279 905
f 1279 1501 1336
f 1501 1776 1503
f 1776 1996 2107
f 1996 2266 2332
f 2266 2544 2480
f 2544 2722 2480
f 2722 2806 2895
f 2806 2894 2895
f 2894 2959 3249
f 3249 3774 3626
f 3774 3858 4057
f 3858 3856 4211
f 3856 3469 3521
f 3521 3347 3614
f 3347 3024 3233
f 3024 2885 2849
f 2885 2848 2849
f 2848 2792 2849
f 2792 2845 2790
f 2845 2881 2842
f 2881 3140 3138
f 3140 3346 3341
f 3346 3464 3463
f 3464 3409 3762
f 3409 3678 3762
f 3678 3237 3623
f 3237 3236 3623
f 3236 2944 3349
f 2944 2939 3349
f 2939 2710 2793
f 2793 2674 2673
f 2674 2536 2673
f 2536 2381 2379
f 2381 2151 2200
f 2151 1494 1830
f 1494 1330 1830
f 1330 1201 1102
f 1201 813 1102
f 813 812 679
f 679 621 551
f 551 510 446
f 446 387 389
f 387 263 389
f 263 262 264
f 262 296 297
f 297 388 511
f 388 681 511
f 681 905 683
f 905 1279 970
f 1279 1336 1029
f 1336 1501 1503
f 1503 1776 1778
f 1776 2107 1778
f 2107 1996 2332
f 2332 2266 2545
f 2266 2480 2545
f 2480 2722 2723
f 2722 2895 2898
f 2895 2894 3354
f 2894 3249 3354
f 3249 3626 3531
f 3626 3774 3776
f 3774 4057 4058
f 4057 3858 4211
f 4211 3856 4263
f 3856 3521 3915
f 3521 3614 3915
f 3614 3347 3233
f 3233 3024 3230
f 3024 2849 2937
f 2849 2792 2843
f 2792 2790 2791
f 2790 2845 2842
f 2842 2881 3138
f 3138 3140 3340
f 3140 3341 3340
f 3341 3346 3461
f 3346 3463 3461
f 3463 3464 3761
f 3464 3762 3761
f 3762 3678 3852
f 3678 3623 3852
f 3623 3236 3681
f 3236 3349 3681
f 3349 2939 2936
f 2939 2793 2936
f 2793 2673 2844
f 2673 2536 2706
f 2536 2379 2432
f 2379 2381 2200
f 2200 2151 2148
f 2151 1830 1676
f 1830 1330 1925
f 1330 1102 1332
f 1102 813 969
f 813 679 969
f 679 551 814
f 551 446 680
f 446 389 622
f 389 263 390
f 263 264 390
f 264 262 297
f 297 511 391
f 511 681 624
f 681 683 624
f 683 905 970
f 970 1279 1029
f 1029 1336 1341
f 1336 1503 1341
f 1503 1778 1558
f 1778 2107 2110
f 2107 2332 2334
f 2332 2545 2546
f 2545 2480 2723
f 2723 2722 2898
f 2898 2895 3255
f 2895 3354 3255
f 3354 3249 3531
f 3531 3626 3779
f 3626 3776 3779
f 3776 3774 4058
f 4058 4057 4331
f 4057 4211 4328
f 4211 4263 4522
f 4263 3856 3915
f 3915 3614 3913
f 3614 3233 3519
f 3233 3230 3518
f 3230 3024 2937
f 2937 2849 2843
f 2843 2792 2791
f 2791 2790 2788
f 2790 2842 2840
f 2842 3138 2840
f 3138 3340 3339
f 3340 3341 3516
f 3341 3461 3516
f 3461 3463 3761
f 3761 3762 3971
f 3762 3852 3916
f 3852 3623 3922
f 3623 3681 3922
f 3681 3349 3466
f 3349 2936 3345
f 2936 2793 3022
f 2793 2844 3022
f 2844 2673 2706
f 2706 2536 2432
f 2432 2379 2327
f 2379 2200 2257
f 2200 2148 2147
f 2148 2151 1990
f 2151 1676 1990
f 1676 1830 1925
f 1925 1330 1930
f 1330 1332 1930
f 1332 1102 1024
f 1102 969 816
f 969 679 814
f 814 551 680
f 680 446 622
f 622 389 552
f 389 390 552
f 390 264 391
f 264 297 391
f 391 511 554
f 511 624 554
f 624 683 628
f 683 970 684
f 970 1029 684
f 1029 1341 1119
f 1341 1503 1558
f 1558 1778 1781
f 1778 2110 1781
f 2110 2107 2334
f 2334 2332 2546
f 2546 2545 2724
f 2545 2723 2724
f 2723 2898 2900
f 2898 3255 3257
f 3255 3354 3534
f 3354 3531 3534
f 3531 3779 3782
f 3779 3776 4061
f 3776 4058 4061
f 4058 4331 4333
f 4331 4057 4328
f 4328 4211 4522
f 4522 4263 4515
f 4263 3915 4257
f 3915 3913 4257
f 3913 3614 3912
f 3614 3519 3912
f 3519 3233 3518
f 3518 3230 3139
f 3230 2937 2935
f 2937 2843 2935
f 2843 2791 2841
f 2791 2788 2789
f 2788 2790 2840
f 2840 3138 3136
f 3138 3339 3136
f 3339 3340 3515
f 3340 3516 3515
f 3516 3461 3910
f 3461 3761 3845
f 3761 3971 3845
f 3971 3762 3916
f 3916 3852 4259
f 3852 3922 4151
f 3922 3681 3466
f 3466 3349 3345
f 3345 2936 3342
f 2936 3022 3342
f 3022 2844 3077
f 2844 2706 2707
f 2706 2432 2707
f 2432 2327 2431
f 2327 2379 2257
f 2257 2200 2147
f 2147 2148 2150
f 2148 1990 2150
f 1990 1676 1923
f 1676 1925 1612
f 1925 1930 1612
f 1930 1332 1999
f 1332 1024 1281
f 1024 1102 816
f 816 969 746
f 969 814 746
f 814 680 746
f 680 622 682
f 622 552 623
f 552 390 553
f 390 391 553
f 391 554 553
f 554 624 625
f 624 628 629
f 628 683 684
f 684 1029 1119
f 1119 1341 1345
f 1341 1558 1345
f 1558 1781 1561
f 1781 2110 2027
f 2110 2334 2337
f 2334 2546 2548
f 2546 2724 2728
f 2724 2723 2900
f 2900 2898 3257
f 3257 3255 3535
f 3255 3534 3535
f 3534 3531 3782
f 3782 3779 4064
f 3779 4061 4064
f 4061 4058 4333
f 4333 4331 4587
f 4331 4328 4647
f 4328 4522 4582
f 4522 4515 4770
f 4515 4263 4257
f 4257 3913 4256
f 3913 3912 4255
f 3912 3519 3518
f 3518 3139 3517
f 3139 3230 2935
f 2935 2843 2841
f 2841 2791 2789
f 2789 2788 2787
f 2788 2840 2838
f 2840 3136 2837
f 3136 3339 3133
f 3339 3515 3337
f 3515 3516 3907
f 3516 3910 3907
f 3910 3461 3845
f 3845 3971 3969
f 3971 3916 4259
f 4259 3852 4151
f 4151 3922 4317
f 3922 3466 3766
f 3466 3345 3522
f 3345 3342 3677
f 3342 3022 3077
f 3077 2844 2846
f 2844 2707 2846
f 2707 2432 2431
f 2431 2327 2324
f 2327 2257 2255
f 2257 2147 2145
f 2147 2150 2199
f 2150 1990 2102
f 1990 1923 2102
f 1923 1676 1612
f 1612 1930 1682
f 1930 1999 1682
f 1999 1332 1281
f 1281 1024 1122
f 1024 816 974
f 816 746 821
f 746 680 682
f 682 622 623
f 623 552 555
f 552 553 556
f 553 554 556
f 554 625 556
f 625 624 629
f 629 628 691
f 628 684 691
f 684 1119 686
f 1119 1345 1125
f 1345 1558 1561
f 1561 1781 1784
f 1781 2027 1784
f 2027 2110 2337
f 2337 2334 2548
f 2548 2546 2728
f 2728 2724 2902
f 2724 2900 2902
f 2900 3257 3262
f 3257 3535 3538
f 3535 3534 3786
f 3534 3782 3786
f 3782 4064 4068
f 4064 4061 4340
f 4061 4333 4340
f 4333 4587 4588
f 4587 4331 4647
f 4647 4328 4582
f 4582 4522 4770
f 4770 4515 4768
f 4515 4257 4513
f 4257 4256 4513
f 4256 3913 4255
f 4255 3912 3911
f 3912 3518 3911
f 3518 3517 3911
f 3517 3139 3137
f 3139 2935 2934
f 2935 2841 2934
f 2841 2789 2839
f 2789 2787 2839
f 2787 2788 2838
f 2838 2840 2837
f 2837 3136 3133
f 3133 3339 3337
f 3337 3515 3511
f 3515 3907 3511
f 3907 3910 4039
f 3910 3845 4040
f 3845 3969 4040
f 3969 3971 4313
f 3971 4259 4313
f 4259 4151 4472
f 4151 4317 4472
f 4317 3922 4207
f 3922 3766 3924
f 3766 3466 3522
f 3522 3345 3677
f 3677 3342 3760
f 3342 3077 3344
f 3077 2846 3143
f 2846 2707 2631
f 2707 2431 2631
f 2431 2324 2435
f 2324 2327 2255
f 2255 2257 2145
f 2145 2147 2199
f 2199 2150 2102
f 2102 1923 1992
f 1923 1612 1682
f 1682 1999 1932
f 1999 1281 2109
f 1281 1122 1428
f 1122 1024 974
f 974 816 821
f 821 746 682
f 682 623 750
f 623 555 630
f 555 552 556
f 556 625 558
f 625 629 558
f 629 691 632
f 691 684 686
f 686 1119 1125
f 1125 1345 1349
f 1345 1561 1349
f 1561 1784 1565
f 1784 2027 2031
f 2027 2337 2339
f 2337 2548 2553
f 2548 2728 2734
f 2728 2902 2907
f 2902 2900 3262
f 3262 3257 3538
f 3538 3535 3790
f 3535 3786 3790
f 3786 3782 4068
f 4068 4064 4344
f 4064 4340 4344
f 4340 4333 4588
f 4588 4587 4795
f 4587 4647 4866
f 4647 4582 4783
f 4582 4770 4779
f 4770 4768 4937
f 4768 4515 4513
f 4513 4256 4511
f 4256 4255 4510
f 4255 3911 4312
f 3911 3517 3909
f 3517 3137 3459
f 3137 3139 2934
f 2934 2841 2933
f 2841 2839 2933
f 2839 2787 2880
f 2787 2838 2879
f 2838 2837 2878
f 2837 3133 2877
f 3133 3337 3338
f 3337 3511 3338
f 3511 3907 3841
f 3907 4039 3841
f 4039 3910 4040
f 4040 3969 4392
f 3969 4313 4392
f 4313 4259 4472
f 4472 4317 4634
f 4317 4207 4521
f 4207 3922 3924
f 3924 3766 3770
f 3766 3522 3718
f 3522 3677 3851
f 3677 3760 3851
f 3760 3342 3344
f 3344 3077 3143
f 3143 2846 2942
f 2846 2631 2702
f 2631 2431 2435
f 2435 2324 2326
f 2324 2255 2253
f 2255 2145 2143
f 2145 2199 2098
f 2199 2102 1992
f 1992 1923 1922
f 1923 1682 1932
f 1932 1999 2109
f 2109 1281 1428
f 1428 1122 1290
f 1122 974 1046
f 974 821 923
f 821 682 750
f 750 623 685
f 623 630 685
f 630 555 556
f 556 558 630
f 558 629 561
f 629 632 561
f 632 691 636
f 691 686 758
f 686 1125 758
f 1125 1349 1135
f 1349 1561 1565
f 1565 1784 1787
f 1784 2031 1787
f 2031 2027 2339
f 2339 2337 2553
f 2553 2548 2734
f 2734 2728 2907
f 2907 2902 3266
f 2902 3262 3266
f 3262 3538 3541
f 3538 3790 3794
f 3790 3786 4076
f 3786 4068 4076
f 4068 4344 4351
f 4344 4340 4664
f 4340 4588 4664
f 4588 4795 4664
f 4795 4587 4866
f 4866 4647 4783
f 4783 4582 4779
f 4779 4770 4937
f 4937 4768 5005
f 4768 4513 4767
f 4513 4511 4767
f 4511 4256 4510
f 4510 4255 4312
f 4312 3911 3909
f 3909 3517 3459
f 3459 3137 3514
f 3137 2934 3135
f 2934 2933 3135
f 2933 2839 2880
f 2880 2787 2879
f 2879 2838 2878
f 2878 2837 2877
f 2877 3133 3134
f 3133 3338 3134
f 3338 3511 3512
f 3511 3841 3512
f 3841 4039 4038
f 4039 4040 4470
f 4040 4392 4471
f 4392 4313 4632
f 4313 4472 4512
f 4472 4634 4633
f 4634 4317 4521
f 4521 4207 4157
f 4207 3924 3926
f 3924 3770 4209
f 3770 3766 3768
f 3766 3718 3768
f 3718 3522 3851
f 3851 3760 3850
f 3760 3344 3848
f 3344 3143 3406
f 3143 2942 3234
f 2942 2846 2702
f 2702 2631 2636
f 2631 2435 2636
f 2435 2326 2438
f 2326 2324 2253
f 2253 2255 2143
f 2143 2145 2098
f 2098 2199 1992
f 1992 1922 1918
f 1922 1923 2155
f 1923 1932 2155
f 1932 2109 2008
f 2109 1428 2279
f 1428 1290 1513
f 1290 1122 1046
f 1046 974 923
f 923 821 750
f 750 685 760
f 685 630 635
f 630 558 561
f 561 632 697
f 632 636 637
f 636 691 758
f 758 1125 1135
f 1135 1349 1351
f 1349 1565 1351
f 1565 1787 1514
f 1787 2031 2032
f 2031 2339 2340
f 2339 2553 2554
f 2553 2734 2737
f 2734 2907 2908
f 2907 3266 3271
f 3266 3262 3541
f 3541 3538 3794
f 3794 3790 4084
f 3790 4076 4084
f 4076 4068 4351
f 4351 4344 4592
f 4344 4664 4592
f 4664 4795 4885
f 4795 4866 4876
f 4866 4783 4785
f 4783 4779 4778
f 4779 4937 5085
f 4937 5005 5161
f 5005 4768 4767
f 4767 4511 4704
f 4511 4510 4766
f 4510 4312 4567
f 4312 3909 4311
f 3909 3459 3908
f 3459 3514 3906
f 3514 3137 3135
f 3135 2933 3021
f 2933 2880 3021
f 2880 2879 3076
f 2879 2878 3020
f 2878 2877 3019
f 2877 3134 3075
f 3134 3338 3405
f 3338 3512 3612
f 3512 3841 3842
f 3841 4038 3968
f 4038 4039 4470
f 4470 4040 4471
f 4471 4392 4703
f 4392 4632 4703
f 4632 4313 4512
f 4512 4472 4633
f 4633 4634 4934
f 4634 4521 4934
f 4521 4157 4158
f 4157 4207 3926
f 3926 3924 4210
f 3924 4209 4210
f 4209 3770 3977
f 3770 3768 3977
f 3768 3718 3765
f 3718 3851 3765
f 3851 3850 3919
f 3850 3760 3848
f 3848 3344 3618
f 3344 3406 3618
f 3406 3143 3234
f 3234 2942 2946
f 2942 2702 2946
f 2702 2636 2797
f 2636 2435 2637
f 2435 2438 2637
f 2438 2326 2378
f 2326 2253 2251
f 2253 2143 2138
f 2143 2098 2142
f 2098 1992 1918
f 1918 1922 1829
f 1922 2155 2105
f 2155 1932 2008
f 2008 2109 2335
f 2109 2279 2335
f 2279 1428 1513
f 1513 1290 1350
f 1290 1046 1225
f 1046 923 1048
f 923 750 760
f 760 685 695
f 685 635 695
f 635 630 561
f 561 697 635
f 697 632 637
f 637 636 698
f 636 758 698
f 758 1135 834
f 1135 1351 1137
f 1351 1565 1514
f 1514 1787 1790
f 1787 2032 1790
f 2032 2031 2340
f 2340 2339 2554
f 2554 2553 2737
f 2737 2734 2908
f 2908 2907 3271
f 3271 3266 3549
f 3266 3541 3549
f 3541 3794 3798
f 3794 4084 4087
f 4084 4076 4356
f 4076 4351 4356
f 4351 4592 4596
f 4592 4664 4885
f 4885 4795 4876
f 4876 4866 4791
f 4866 4785 4791
f 4785 4783 4778
f 4778 4779 5085
f 5085 4937 5161
f 5161 5005 5084
f 5005 4767 4933
f 4767 4704 4933
f 4704 4511 4766
f 4766 4510 4567
f 4567 4312 4311
f 4311 3909 3908
f 3908 3459 3906
f 3906 3514 3513
f 3514 3135 3513
f 3135 3021 3229
f 3021 2880 3228
f 2880 3076 3228
f 3076 2879 3020
f 3020 2878 3019
f 3019 2877 3075
f 3075 3134 3227
f 3134 3405 3227
f 3405 3338 3612
f 3612 3512 3840
f 3512 3842 3840
f 3842 3841 3968
f 3968 4038 4469
f 4038 4470 4469
f 4470 4471 4702
f 4471 4703 4702
f 4703 4632 4839
f 4632 4512 4705
f 4512 4633 4705
f 4633 4934 4842
f 4934 4521 4936
f 4521 4158 4524
f 4158 4157 3927
f 4157 3926 3927
f 3926 4210 3927
f 4210 4209 4050
f 4209 3977 4046
f 3977 3768 3921
f 3768 3765 3920
f 3765 3851 3919
f 3919 3850 3972
f 3850 3848 3917
f 3848 3618 3763
f 3618 3406 3763
f 3406 3234 3348
f 3234 2946 2945
f 2946 2702 2797
f 2797 2636 2798
f 2636 2637 2798
f 2637 2438 2468
f 2438 2378 2377
f 2378 2326 2251
f 2251 2253 2138
f 2138 2143 2142
f 2142 2098 2100
f 2098 1918 1921
f 1918 1829 1921
f 1829 1922 2105
f 2105 2155 2267
f 2155 2008 2267
f 2008 2335 2272
f 2335 2279 2484
f 2279 1513 2390
f 1513 1350 1706
f 1350 1290 1225
f 1225 1046 1048
f 1048 923 760
f 760 695 839
f 695 635 839
f 635 697 699
f 697 637 565
f 637 698 638
f 698 758 834
f 834 1135 1137
f 1137 1351 1293
f 1351 1514 1293
f 1514 1790 1515
f 1790 2032 2034
f 2032 2340 2342
f 2340 2554 2556
f 2554 2737 2738
f 2737 2908 2984
f 2908 3271 3279
f 3271 3549 3555
f 3549 3541 3798
f 3798 3794 4087
f 4087 4084 4360
f 4084 4356 4360
f 4356 4351 4596
f 4596 4592 4885
f 4885 4876 5023
f 4876 4791 4952
f 4791 4785 4788
f 4785 4778 4781
f 4778 5085 5165
f 5085 5161 5246
f 5161 5084 5159
f 5084 5005 4933
f 4933 4704 4840
f 4704 4766 4932
f 4766 4567 4838
f 4567 4311 4631
f 4311 3908 4310
f 3908 3906 4309
f 3906 3513 3967
f 3513 3135 3229
f 3229 3021 3336
f 3021 3228 3336
f 3228 3076 3132
f 3076 3020 3074
f 3020 3019 3073
f 3019 3075 3131
f 3075 3227 3131
f 3227 3405 3404
f 3405 3612 3404
f 3612 3840 3610
f 3840 3842 4037
f 3842 3968 4037
f 3968 4469 4391
f 4469 4470 4702
f 4702 4703 4929
f 4703 4839 4931
f 4839 4632 4705
f 4705 4633 4842
f 4842 4934 5160
f 4934 4936 5160
f 4936 4521 4524
f 4524 4158 3983
f 4158 3927 3928
f 3927 4210 4055
f 4210 4050 4055
f 4050 4209 4046
f 4046 3977 3921
f 3921 3768 3920
f 3920 3765 3919
f 3919 3972 3973
f 3972 3850 3917
f 3917 3848 3918
f 3848 3763 3918
f 3763 3406 3622
f 3406 3348 3622
f 3348 3234 3407
f 3234 2945 3232
f 2945 2946 2798
f 2946 2797 2798
f 2798 2637 2634
f 2637 2468 2634
f 2468 2438 2377
f 2377 2378 2198
f 2378 2251 2139
f 2251 2138 1983
f 2138 2142 1984
f 2142 2100 1989
f 2100 2098 1921
f 1921 1829 1771
f 1829 2105 1927
f 2105 2267 2208
f 2267 2008 2272
f 2272 2335 2484
f 2484 2279 2649
f 2279 2390 2650
f 2390 1513 1706
f 1706 1350 1516
f 1350 1225 1354
f 1225 1048 1294
f 1048 760 924
f 760 839 924
f 839 635 699
f 699 697 565
f 565 637 638
f 638 698 448
f 698 834 701
f 834 1137 837
f 1137 1293 1141
f 1293 1514 1515
f 1515 1790 1710
f 1790 2034 1710
f 2034 2032 2342
f 2342 2340 2556
f 2556 2554 2738
f 2738 2737 2984
f 2984 2908 3279
f 3279 3271 3555
f 3555 3549 3800
f 3549 3798 3800
f 3798 4087 4089
f 4087 4360 4361
f 4360 4356 4535
f 4356 4596 4535
f 4596 4885 4801
f 4885 5023 5099
f 5023 4876 5096
f 4876 4952 5030
f 4952 4791 4788
f 4788 4785 4781
f 4781 4778 5165
f 5165 5085 5246
f 5246 5161 5159
f 5159 5084 5082
f 5084 4933 5003
f 4933 4840 5003
f 4840 4704 4932
f 4932 4766 4838
f 4838 4567 4631
f 4631 4311 4310
f 4310 3908 4309
f 4309 3906 4308
f 3906 3967 4308
f 3967 3513 3673
f 3513 3229 3673
f 3229 3336 3673
f 3336 3228 3335
f 3228 3132 3335
f 3132 3076 3074
f 3074 3020 3073
f 3073 3019 3131
f 3131 3227 3333
f 3227 3404 3333
f 3404 3612 3610
f 3610 3840 3839
f 3840 4037 3839
f 4037 3968 4390
f 3968 4391 4390
f 4391 4469 4627
f 4469 4702 4627
f 4702 4929 4627
f 4929 4703 4931
f 4931 4839 5081
f 4839 4705 5081
f 4705 4842 4841
f 4842 5160 5083
f 5160 4936 5163
f 4936 4524 4777
f 4524 3983 4526
f 3983 4158 3928
f 3928 3927 3864
f 3927 4055 3864
f 4055 4050 4155
f 4050 4046 4047
f 4046 3921 3976
f 3921 3920 4045
f 3920 3919 3973
f 3973 3972 4148
f 3972 3917 3918
f 3918 3763 3974
f 3763 3622 3849
f 3622 3348 3613
f 3348 3407 3462
f 3407 3234 3350
f 3234 3232 3350
f 3232 2945 3023
f 2945 2798 2794
f 2798 2634 2705
f 2634 2468 2709
f 2468 2377 2434
f 2377 2198 2141
f 2198 2378 2139
f 2139 2251 1983
f 1983 2138 1984
f 1984 2142 1989
f 1989 2100 1921
f 1921 1771 1674
f 1771 1829 1927
f 1927 2105 2208
f 2208 2267 2481
f 2267 2272 2481
f 2272 2484 2482
f 2484 2649 2648
f 2649 2279 2650
f 2650 2390 2684
f 2390 1706 2391
f 1706 1516 1946
f 1516 1350 1354
f 1354 1225 1294
f 1294 1048 924
f 924 839 1294
f 839 699 1228
f 699 565 702
f 565 638 447
f 638 448 447
f 448 698 398
f 698 701 398
f 701 834 837
f 837 1137 1141
f 1141 1293 1355
f 1293 1515 1355
f 1515 1710 1568
f 1710 2034 2036
f 2034 2342 2282
f 2342 2556 2557
f 2556 2738 2741
f 2738 2984 2987
f 2984 3279 3280
f 3279 3555 3561
f 3555 3800 3804
f 3800 3798 4089
f 4089 4087 4361
f 4361 4360 4501
f 4360 4535 4501
f 4535 4596 4801
f 4801 4885 5099
f 5099 5023 5505
f 5023 5096 5479
f 5096 4876 5263
f 4876 5030 5263
f 5030 4952 5027
f 4952 4788 4863
f 4788 4781 4782
f 4781 5165 4782
f 5165 5246 5245
f 5246 5159 5083
f 5159 5082 5004
f 5082 5084 5003
f 5003 4840 5158
f 4840 4932 5158
f 4932 4838 5157
f 4838 4631 5002
f 4631 4310 4630
f 4310 4309 4629
f 4309 4308 4565
f 4308 3967 3966
f 3967 3673 3714
f 3673 3336 3510
f 3336 3335 3510
f 3335 3132 3334
f 3132 3074 3130
f 3074 3073 3129
f 3073 3131 3226
f 3131 3333 3226
f 3333 3404 3456
f 3404 3610 3456
f 3610 3839 3672
f 3839 4037 4036
f 4037 4390 4036
f 4390 4391 4628
f 4391 4627 4628
f 4627 4929 4837
f 4929 4931 5155
f 4931 5081 5156
f 5081 4705 4841
f 4841 4842 5083
f 5083 5160 5245
f 5160 5163 5245
f 5163 4936 4777
f 4777 4524 4526
f 4526 3983 4491
f 3983 3928 3867
f 3928 3864 3781
f 3864 4055 4060
f 4055 4155 4264
f 4155 4050 4047
f 4047 4046 3976
f 3976 3921 4045
f 4045 3920 4043
f 3920 3973 4043
f 3973 4148 4043
f 4148 3972 4202
f 3972 3918 4041
f 3918 3974 4041
f 3974 3763 3849
f 3849 3622 3613
f 3613 3348 3462
f 3462 3407 3460
f 3407 3350 3520
f 3350 3232 3231
f 3232 3023 3141
f 3023 2945 2888
f 2945 2794 2796
f 2794 2798 2705
f 2705 2634 2709
f 2709 2468 2594
f 2468 2434 2594
f 2434 2377 2323
f 2377 2141 2323
f 2141 2198 1987
f 2198 2139 1985
f 2139 1983 1901
f 1983 1984 1901
f 1984 1989 1988
f 1989 1921 1674
f 1674 1771 1680
f 1771 1927 1834
f 1927 2208 2106
f 2208 2481 2333
f 2481 2272 2482
f 2482 2484 2648
f 2648 2649 2978
f 2649 2650 2980
f 2650 2684 2981
f 2684 2390 2391
f 2391 1706 1946
f 1946 1516 1711
f 1516 1354 1632
f 1354 1294 1570
f 1294 839 1228
f 1228 699 1143
f 699 702 1143
f 702 565 304
f 565 447 397
f 447 448 159
f 448 398 161
f 398 701 305
f 701 837 767
f 837 1141 926
f 1141 1355 1229
f 1355 1515 1568
f 1568 1710 1793
f 1710 2036 1793
f 2036 2034 2282
f 2282 2342 2557
f 2557 2556 2741
f 2741 2738 2987
f 2987 2984 3280
f 3280 3279 3561
f 3561 3555 3804
f 3804 3800 4000
f 3800 4089 4000
f 4089 4361 4233
f 4361 4501 4440
f 4501 4535 4801
f 4801 5099 5273
f 5099 5505 5522
f 5505 5023 5479
f 5479 5096 5504
f 5096 5263 5504
f 5263 5030 5432
f 5030 5027 4968
f 5027 4952 4863
f 4863 4788 4782
f 4782 5165 5164
f 5165 5245 5164
f 5245 5246 5083
f 5083 5159 5004
f 5004 5082 5244
f 5082 5003 5244
f 5003 5158 5244
f 5158 4932 5157
f 5157 4838 5002
f 5002 4631 4630
f 4630 4310 4629
f 4629 4309 4566
f 4309 4565 4566
f 4565 4308 4307
f 4308 3966 4307
f 3966 3967 3714
f 3714 3673 3510
f 3510 3335 3458
f 3335 3334 3458
f 3334 3132 3130
f 3130 3074 3129
f 3129 3073 3226
f 3226 3333 3332
f 3333 3456 3332
f 3456 3610 3672
f 3672 3839 3838
f 3839 4036 3838
f 4036 4390 4305
f 4390 4628 4625
f 4628 4627 4837
f 4837 4929 5155
f 5155 4931 5156
f 5156 5081 5344
f 5081 4841 5243
f 4841 5083 5004
f 5245 5163 5164
f 5163 4777 4780
f 4777 4526 4787
f 4526 4491 4787
f 4491 3983 3930
f 3983 3867 3930
f 3867 3928 3781
f 3781 3864 3929
f 3864 4060 3929
f 4060 4055 4268
f 4055 4264 4268
f 4264 4155 4206
f 4155 4047 4154
f 4047 3976 3978
f 3976 4045 3978
f 4045 4043 3978
f 4043 4148 4150
f 4148 4202 4203
f 4202 3972 4041
f 4041 3974 4260
f 3974 3849 4149
f 3849 3613 3715
f 3613 3462 3674
f 3462 3460 3674
f 3460 3407 3520
f 3520 3350 3408
f 3350 3231 3343
f 3231 3232 3141
f 3141 3023 3078
f 3023 2888 3078
f 2888 2945 2796
f 2796 2794 2705
f 2705 2709 2796
f 2709 2594 2888
f 2594 2434 2469
f 2434 2323 2322
f 2323 2141 2144
f 2141 1987 1986
f 1987 2198 1985
f 1985 2139 1823
f 2139 1901 1823
f 1901 1984 1988
f 1988 1989 1825
f 1989 1674 1825
f 1674 1680 1607
f 1680 1771 1834
f 1834 1927 2106
f 2106 2208 2333
f 2333 2481 2646
f 2481 2482 2646
f 2482 2648 2681
f 2648 2978 2973
f 2978 2649 2980
f 2980 2650 2981
f 2981 2684 2983
f 2684 2391 2685
f 2391 1946 2448
f 1946 1711 2168
f 1711 1516 1632
f 1632 1354 1570
f 1570 1294 1228
f 1228 1143 1356
f 1143 702 986
f 702 304 453
f 304 565 397
f 397 447 197
f 447 159 197
f 159 448 161
f 161 398 132
f 398 305 132
f 305 701 517
f 701 767 517
f 767 837 926
f 926 1141 1229
f 1229 1355 1437
f 1355 1568 1437
f 1568 1793 1633
f 1793 2036 2116
f 2036 2282 2343
f 2282 2557 2495
f 2557 2741 2745
f 2741 2987 2912
f 2987 3280 3283
f 3280 3561 3568
f 3561 3804 3739
f 3804 4000 3938
f 4000 4089 4233
f 4233 4361 4440
f 4440 4501 4599
f 4501 4801 4599
f 4801 5273 5039
f 5273 5099 5522
f 5522 5505 5527
f 5505 5479 5525
f 5479 5504 5524
f 5504 5263 5521
f 5263 5432 5521
f 5432 5030 4968
f 4968 5027 4799
f 5027 4863 4955
f 4863 4782 4865
f 4782 5164 4780
f 5004 5244 5243
f 5244 5158 5345
f 5158 5157 5345
f 5157 5002 5242
f 5002 4630 4930
f 4630 4629 4928
f 4629 4566 4927
f 4566 4565 4926
f 4565 4307 4626
f 4307 3966 3965
f 3966 3714 3713
f 3714 3510 3611
f 3510 3458 3611
f 3458 3334 3457
f 3334 3130 3225
f 3130 3129 3128
f 3129 3226 3127
f 3226 3332 3224
f 3332 3456 3331
f 3456 3672 3509
f 3672 3838 3759
f 3838 4036 4035
f 4036 4305 4035
f 4305 4390 4563
f 4390 4625 4563
f 4625 4628 4764
f 4628 4837 4765
f 4837 5155 5079
f 5155 5156 5340
f 5156 5344 5340
f 5344 5081 5243
f 5243 4841 5004
f 5164 5163 4780
f 4780 4777 4787
f 4787 4491 4868
f 4491 3930 4170
f 3930 3867 3628
f 3867 3781 3691
f 3781 3929 3783
f 3929 4060 3985
f 4060 4268 4218
f 4268 4264 4327
f 4264 4206 4325
f 4206 4155 4154
f 4154 4047 3978
f 3978 4043 4154
f 4043 4150 4205
f 4150 4148 4203
f 4203 4202 4315
f 4202 4041 4260
f 4260 3974 4149
f 4149 3849 3914
f 3849 3715 3914
f 3715 3613 3674
f 3674 3460 3715
f 3460 3520 3914
f 3520 3408 3617
f 3408 3350 3343
f 3343 3231 3141
f 3141 3078 3343
f 3078 2888 3027
f 2888 2796 2709
f 2888 2594 2801
f 2594 2469 2595
f 2469 2434 2322
f 2322 2323 2254
f 2323 2144 2254
f 2144 2141 1986
f 1986 1987 1913
f 1987 1985 1909
f 1985 1823 1905
f 1823 1901 1905
f 1901 1988 1905
f 1988 1825 1914
f 1825 1674 1607
f 1607 1680 1614
f 1680 1834 1775
f 1834 2106 1998
f 2106 2333 2270
f 2333 2646 2547
f 2646 2482 2681
f 2681 2648 2973
f 2973 2978 3366
f 2978 2980 3418
f 2980 2981 3422
f 2981 2983 3423
f 2983 2684 2685
f 2685 2391 2448
f 2448 1946 2168
f 2168 1711 2037
f 1711 1632 1949
f 1632 1570 1794
f 1570 1228 1356
f 1356 1143 986
f 986 702 453
f 453 304 231
f 304 397 230
f 397 197 160
f 197 159 108
f 159 161 103
f 161 132 82
f 132 305 112
f 305 517 233
f 517 767 709
f 767 926 930
f 926 1229 1053
f 1229 1437 1297
f 1437 1568 1633
f 1633 1793 1854
f 1793 2116 1854
f 2116 2036 2343
f 2343 2282 2495
f 2495 2557 2745
f 2745 2741 2912
f 2912 2987 3283
f 3283 3280 3568
f 3568 3561 3739
f 3739 3804 3938
f 3938 4000 4094
f 4000 4233 4094
f 4233 4440 4236
f 4440 4599 4806
f 4599 4801 5039
f 5039 5273 5406
f 5273 5522 5534
f 5522 5527 5533
f 5527 5505 5525
f 5525 5479 5524
f 5524 5504 5526
f 5504 5521 5526
f 5521 5432 5528
f 5432 4968 5459
f 4968 4799 4537
f 4799 5027 4955
f 4955 4863 4865
f 4865 4782 4780
f 5243 5244 5391
f 5244 5345 5391
f 5345 5157 5242
f 5242 5002 4930
f 4930 4630 4928
f 4928 4629 4927
f 4927 4566 4926
f 4926 4565 4626
f 4626 4307 4306
f 4307 3965 4306
f 3965 3966 3713
f 3713 3714 3611
f 3611 3458 3609
f 3458 3457 3609
f 3457 3334 3225
f 3225 3130 3128
f 3128 3129 3127
f 3127 3226 3224
f 3224 3332 3218
f 3332 3331 3223
f 3331 3456 3509
f 3509 3672 3759
f 3759 3838 4034
f 3838 4035 4034
f 4035 4305 4389
f 4305 4563 4389
f 4563 4625 4763
f 4625 4764 4763
f 4764 4628 4765
f 4765 4837 5079
f 5079 5155 5340
f 5340 5344 5390
f 5344 5243 5391
f 4780 4787 4865
f 4787 4868 4865
f 4868 4491 4497
f 4491 4170 4175
f 4170 3930 3724
f 3930 3628 3724
f 3628 3867 3691
f 3691 3781 3783
f 3783 3929 3785
f 3929 3985 3785
f 3985 4060 4218
f 4218 4268 4327
f 4327 4264 4325
f 4325 4206 4319
f 4206 4154 4043
f 4043 4205 4206
f 4205 4150 4262
f 4150 4203 4262
f 4203 4315 4262
f 4315 4202 4260
f 4260 4149 4314
f 4149 3914 3970
f 3914 3715 3460
f 3914 3520 3716
f 3520 3617 3716
f 3617 3408 3235
f 3408 3343 3078
f 3078 3027 3408
f 3027 2888 2801
f 2801 2594 2595
f 2595 2469 2596
f 2469 2322 2437
f 2322 2254 2256
f 2254 2144 2146
f 2144 1986 2146
f 1986 1913 1912
f 1913 1987 1909
f 1909 1985 1661
f 1985 1905 1988
f 1988 1914 1985
f 1914 1825 1666
f 1825 1607 1666
f 1607 1614 1497
f 1614 1680 1775
f 1775 1834 1998
f 1998 2106 2270
f 2270 2333 2547
f 2547 2646 2727
f 2646 2681 2727
f 2681 2973 2903
f 2973 3366 3263
f 3366 2978 3418
f 3418 2980 3422
f 3422 2981 3423
f 3423 2983 3377
f 2983 2685 2986
f 2685 2448 2740
f 2448 2168 2492
f 2168 2037 2284
f 2037 1711 1949
f 1949 1632 1794
f 1794 1570 1571
f 1570 1356 1571
f 1356 986 1056
f 986 453 641
f 453 231 232
f 231 304 230
f 230 397 160
f 160 197 109
f 197 108 109
f 108 159 103
f 103 161 82
f 82 132 65
f 132 112 65
f 112 305 233
f 233 517 311
f 517 709 527
f 709 767 930
f 930 926 1053
f 1053 1229 1297
f 1297 1437 1518
f 1437 1633 1518
f 1633 1854 1714
f 1854 2116 2215
f 2116 2343 2398
f 2343 2495 2560
f 2495 2745 2748
f 2745 2912 2914
f 2912 3283 3174
f 3283 3568 3496
f 3568 3739 3699
f 3739 3938 3813
f 3938 4094 3942
f 4094 4233 4236
f 4236 4440 4602
f 4440 4806 4602
f 4806 4599 5039
f 5039 5406 5294
f 5406 5273 5534
f 5534 5522 5533
f 5533 5527 5544
f 5527 5525 5537
f 5525 5524 5543
f 5524 5526 5542
f 5526 5521 5538
f 5521 5528 5538
f 5528 5432 5459
f 5459 4968 5282
f 4968 4537 4676
f 4537 4799 4438
f 4799 4955 4739
f 4955 4865 4868
f 5391 5345 5343
f 5345 5242 5343
f 5242 4930 5241
f 4930 4928 5154
f 4928 4927 5080
f 4927 4926 5078
f 4926 4626 4925
f 4626 4306 4564
f 4306 3965 4304
f 3965 3713 3964
f 3713 3611 3712
f 3611 3609 3712
f 3609 3457 3608
f 3457 3225 3455
f 3225 3128 3221
f 3128 3127 3220
f 3127 3224 3219
f 3224 3218 3219
f 3218 3332 3217
f 3332 3223 3217
f 3223 3331 3330
f 3331 3509 3330
f 3509 3759 3508
f 3759 4034 3758
f 4034 4035 4388
f 4035 4389 4388
f 4389 4563 4561
f 4563 4763 4561
f 4763 4764 4924
f 4764 4765 5001
f 4765 5079 5001
f 5079 5340 5238
f 5340 5390 5238
f 5390 5344 5391
f 4868 4497 4739
f 4497 4491 4175
f 4175 4170 3797
f 4170 3724 3728
f 3724 3628 3479
f 3628 3691 3416
f 3691 3783 3536
f 3783 3785 3630
f 3785 3985 3931
f 3985 4218 4219
f 4218 4327 4415
f 4327 4325 4412
f 4325 4319 4485
f 4319 4206 4205
f 4205 4262 4318
f 4262 4315 4316
f 4315 4260 4314
f 4314 4149 4474
f 4149 3970 4042
f 3970 3914 3846
f 3914 3716 3846
f 3716 3617 3843
f 3617 3235 3619
f 3235 3408 3149
f 3408 3027 3149
f 3027 2801 3026
f 2801 2595 2890
f 2595 2596 2713
f 2596 2469 2437
f 2437 2322 2380
f 2322 2256 2380
f 2256 2254 2146
f 2146 1986 1912
f 1912 1913 1826
f 1913 1909 1765
f 1909 1661 1662
f 1661 1985 1824
f 1985 1914 1824
f 1914 1666 1766
f 1666 1607 1671
f 1607 1497 1671
f 1497 1614 1551
f 1614 1775 1617
f 1775 1998 1936
f 1998 2270 2157
f 2270 2547 2444
f 2547 2727 2680
f 2727 2681 2903
f 2903 2973 3263
f 3263 3366 3636
f 3366 3418 3728
f 3418 3422 3797
f 3422 3423 3733
f 3423 3377 3648
f 3377 2983 2986
f 2986 2685 2740
f 2740 2448 2492
f 2492 2168 2284
f 2284 2037 2213
f 2037 1949 2170
f 1949 1794 2117
f 1794 1571 1857
f 1571 1356 1440
f 1356 1056 1440
f 1056 986 641
f 641 453 232
f 232 231 141
f 231 230 140
f 230 160 131
f 160 109 110
f 109 108 102
f 108 103 83
f 103 82 69
f 82 65 62
f 65 112 53
f 112 233 94
f 233 311 142
f 311 517 527
f 527 709 865
f 709 930 990
f 930 1053 1055
f 1053 1297 1145
f 1297 1518 1358
f 1518 1633 1714
f 1714 1854 1950
f 1854 2215 1950
f 2215 2116 2398
f 2398 2343 2560
f 2560 2495 2748
f 2748 2745 2914
f 2914 2912 3174
f 3174 3283 3496
f 3496 3568 3699
f 3699 3739 3813
f 3813 3938 3942
f 3942 4094 4098
f 4094 4236 4098
f 4236 4602 4363
f 4602 4806 5045
f 4806 5039 5294
f 5294 5406 5486
f 5406 5534 5546
f 5534 5533 5545
f 5533 5544 5552
f 5544 5527 5537
f 5537 5525 5543
f 5543 5524 5542
f 5542 5526 5559
f 5526 5538 5559
f 5538 5528 5553
f 5528 5459 5539
f 5459 5282 5519
f 5282 4968 4977
f 4968 4676 4977
f 4676 4537 4284
f 4537 4438 4090
f 4438 4799 4739
f 4739 4955 4868
f 5391 5343 5390
f 5343 5242 5241
f 5241 4930 5154
f 5154 4928 5080
f 5080 4927 5078
f 5078 4926 4925
f 4925 4626 4564
f 4564 4306 4562
f 4306 4304 4562
f 4304 3965 3964
f 3964 3713 3712
f 3712 3609 3671
f 3609 3608 3671
f 3608 3457 3455
f 3455 3225 3221
f 3221 3128 3220
f 3220 3127 3219
f 3219 3218 3215
f 3218 3217 3214
f 3217 3223 3222
f 3223 3330 3222
f 3330 3509 3508
f 3508 3759 3758
f 3758 4034 4033
f 4034 4388 4033
f 4388 4389 4624
f 4389 4561 4624
f 4561 4763 4762
f 4763 4924 4762
f 4924 4764 5001
f 5001 5079 5150
f 5079 5238 5152
f 5238 5390 5341
f 4739 4497 4282
f 4497 4175 3996
f 4175 3797 3733
f 3797 4170 3728
f 3728 3724 3636
f 3724 3479 3636
f 3479 3628 3416
f 3416 3691 3536
f 3536 3783 3630
f 3630 3785 3787
f 3785 3931 3787
f 3931 3985 4065
f 3985 4219 4065
f 4219 4218 4271
f 4218 4415 4271
f 4415 4327 4412
f 4412 4325 4485
f 4485 4319 4401
f 4319 4205 4318
f 4318 4262 4397
f 4262 4316 4514
f 4316 4315 4394
f 4315 4314 4394
f 4314 4474 4394
f 4474 4149 4261
f 4149 4042 4261
f 4042 3970 3846
f 3846 3716 4042
f 3716 3843 3847
f 3843 3617 3675
f 3617 3619 3675
f 3619 3235 3238
f 3235 3149 3026
f 3149 3027 3026
f 3026 2801 2890
f 2890 2595 2800
f 2595 2713 2800
f 2713 2596 2715
f 2596 2437 2599
f 2437 2380 2470
f 2380 2256 2329
f 2256 2146 2201
f 2146 1912 2099
f 1912 1826 1915
f 1826 1913 1767
f 1913 1765 1767
f 1765 1909 1599
f 1909 1662 1599
f 1662 1661 1824
f 1824 1914 1766
f 1766 1666 1544
f 1666 1671 1493
f 1671 1497 1398
f 1497 1551 1398
f 1551 1614 1407
f 1614 1617 1407
f 1617 1775 1936
f 1936 1998 2006
f 1998 2157 2007
f 2157 2270 2444
f 2444 2547 2680
f 2680 2727 2809
f 2727 2903 2901
f 2903 3263 3164
f 3263 3636 3479
f 3636 3366 3728
f 3728 3418 3797
f 3797 3422 3733
f 3733 3423 3648
f 3648 3377 3427
f 3377 2986 3170
f 2986 2740 2911
f 2740 2492 2743
f 2492 2284 2558
f 2284 2213 2395
f 2213 2037 2170
f 2170 1949 2117
f 2117 1794 1857
f 1857 1571 1716
f 1571 1440 1716
f 1440 1056 989
f 1056 641 772
f 641 232 404
f 232 141 199
f 141 231 140
f 140 230 131
f 131 160 110
f 110 109 92
f 109 102 92
f 102 108 83
f 83 103 69
f 69 82 62
f 62 65 52
f 65 53 52
f 53 112 94
f 94 233 142
f 142 311 166
f 311 527 407
f 527 865 785
f 865 709 990
f 990 930 1055
f 1055 1053 1145
f 1145 1297 1358
f 1358 1518 1572
f 1518 1714 1572
f 1714 1950 1715
f 1950 2215 2217
f 2215 2398 2402
f 2398 2560 2562
f 2560 2748 2752
f 2748 2914 2915
f 2914 3174 3176
f 3174 3496 3497
f 3496 3699 3497
f 3699 3813 3658
f 3813 3942 3819
f 3942 4098 3885
f 4098 4236 4363
f 4363 4602 4812
f 4602 5045 4812
f 5045 4806 5294
f 5294 5486 5445
f 5486 5406 5546
f 5546 5534 5545
f 5545 5533 5552
f 5552 5544 5551
f 5544 5537 5550
f 5537 5543 5557
f 5543 5542 5556
f 5542 5559 5567
f 5559 5538 5568
f 5538 5553 5568
f 5553 5528 5539
f 5539 5459 5519
f 5519 5282 5441
f 5282 4977 5300
f 4977 4676 4746
f 4676 4284 4441
f 4284 4537 4090
f 4090 4438 3936
f 4438 4739 4282
f 5390 5343 5341
f 5343 5241 5342
f 5241 5154 5240
f 5154 5080 5153
f 5080 5078 5151
f 5078 4925 5077
f 4925 4564 4836
f 4564 4562 4835
f 4562 4304 4560
f 4304 3964 4303
f 3964 3712 3963
f 3712 3671 3963
f 3671 3608 3454
f 3608 3455 3402
f 3455 3221 3401
f 3221 3220 3329
f 3220 3219 3216
f 3219 3215 3216
f 3215 3218 3214
f 3214 3217 3328
f 3217 3222 3403
f 3222 3330 3403
f 3330 3508 3607
f 3508 3758 3757
f 3758 4033 4032
f 4033 4388 4387
f 4388 4624 4387
f 4624 4561 4833
f 4561 4762 4833
f 4762 4924 4834
f 4924 5001 5073
f 5001 5150 5073
f 5150 5079 5152
f 5152 5238 5239
f 5238 5341 5339
f 4282 4497 3996
f 3996 4175 3733
f 3479 3416 3164
f 3416 3536 3261
f 3536 3630 3359
f 3630 3787 3633
f 3787 3931 3788
f 3931 4065 3932
f 4065 4219 4161
f 4219 4271 4417
f 4271 4415 4417
f 4415 4412 4414
f 4412 4485 4411
f 4485 4401 4404
f 4401 4319 4318
f 4318 4397 4401
f 4397 4262 4514
f 4514 4316 4473
f 4316 4394 4475
f 4394 4474 4477
f 4474 4261 4568
f 4261 4042 4204
f 4042 3716 3847
f 3847 3843 3844
f 3843 3675 3844
f 3675 3619 3844
f 3619 3238 3465
f 3238 3235 3148
f 3235 3026 3147
f 3026 2890 3147
f 2890 2800 3029
f 2800 2713 2889
f 2713 2715 2850
f 2715 2596 2599
f 2599 2437 2470
f 2470 2380 2383
f 2380 2329 2383
f 2329 2256 2201
f 2201 2146 2203
f 2146 2099 2203
f 2099 1912 1915
f 1915 1826 1827
f 1826 1767 1667
f 1767 1765 1663
f 1765 1599 1491
f 1599 1662 1491
f 1662 1824 1664
f 1824 1766 1665
f 1766 1544 1604
f 1544 1666 1493
f 1493 1671 1398
f 1398 1551 1499
f 1551 1407 1272
f 1407 1617 1553
f 1617 1936 1779
f 1936 2006 1843
f 2006 1998 2007
f 2007 2157 2158
f 2157 2444 2386
f 2444 2680 2602
f 2680 2809 2729
f 2809 2727 2901
f 2901 2903 3164
f 3164 3263 3479
f 3733 3648 3996
f 3648 3427 3802
f 3427 3377 3170
f 3170 2986 2911
f 2911 2740 2743
f 2743 2492 2558
f 2558 2284 2395
f 2395 2213 2170
f 2170 2117 2397
f 2117 1857 2287
f 1857 1716 2172
f 1716 1440 1232
f 1440 989 1232
f 989 1056 772
f 772 641 404
f 404 232 199
f 199 141 118
f 141 140 117
f 140 131 111
f 131 110 93
f 110 92 84
f 92 102 64
f 102 83 60
f 83 69 50
f 69 62 43
f 62 52 29
f 52 53 45
f 53 94 47
f 94 142 74
f 142 166 119
f 166 311 407
f 407 527 785
f 785 865 1151
f 865 990 1152
f 990 1055 1148
f 1055 1145 1147
f 1145 1358 1231
f 1358 1572 1444
f 1572 1714 1715
f 1715 1950 1719
f 1950 2217 2042
f 2217 2215 2402
f 2402 2398 2562
f 2562 2560 2752
f 2752 2748 2915
f 2915 2914 3176
f 3176 3174 3497
f 3497 3699 3658
f 3658 3813 3819
f 3819 3942 3885
f 3885 4098 4008
f 4098 4363 4180
f 4363 4812 4505
f 4812 5045 5304
f 5045 5294 5445
f 5445 5486 5523
f 5486 5546 5566
f 5546 5545 5562
f 5545 5552 5560
f 5552 5551 5558
f 5551 5544 5550
f 5550 5537 5557
f 5557 5543 5556
f 5556 5542 5567
f 5567 5559 5571
f 5559 5568 5571
f 5568 5553 5576
f 5553 5539 5561
f 5539 5519 5554
f 5519 5441 5529
f 5441 5282 5300
f 5300 4977 5051
f 4977 4746 5051
f 4746 4676 4441
f 4441 4284 4002
f 4284 4090 3881
f 4090 3936 3654
f 3936 4438 4282
f 5341 5343 5342
f 5342 5241 5240
f 5240 5154 5153
f 5153 5080 5151
f 5151 5078 5077
f 5077 4925 4836
f 4836 4564 4835
f 4835 4562 4831
f 4562 4560 4831
f 4560 4304 4303
f 4303 3964 3963
f 3963 3671 3670
f 3671 3454 3670
f 3454 3608 3213
f 3608 3402 3213
f 3402 3455 3401
f 3401 3221 3329
f 3329 3220 3216
f 3216 3215 3208
f 3215 3214 3207
f 3214 3328 3206
f 3328 3217 3403
f 3403 3330 3607
f 3607 3508 3757
f 3757 3758 4032
f 4032 4033 4385
f 4033 4387 4385
f 4387 4624 4623
f 4624 4833 4623
f 4833 4762 4761
f 4762 4834 4761
f 4834 4924 5073
f 5073 5150 5074
f 5150 5152 5237
f 5152 5239 5237
f 5239 5238 5339
f 5339 5341 5342
f 4282 3996 3802
f 3164 3416 3261
f 3261 3536 3359
f 3359 3630 3537
f 3630 3633 3537
f 3633 3787 3693
f 3787 3788 3693
f 3788 3931 3932
f 3932 4065 3987
f 4065 4161 3987
f 4161 4219 4220
f 4219 4417 4418
f 4417 4415 4418
f 4415 4414 4418
f 4414 4412 4411
f 4411 4485 4408
f 4485 4404 4486
f 4404 4401 4479
f 4401 4397 4479
f 4397 4514 4478
f 4514 4473 4475
f 4473 4316 4475
f 4475 4394 4569
f 4394 4477 4569
f 4477 4474 4568
f 4568 4261 4399
f 4261 4204 4399
f 4204 4042 4147
f 4042 3847 4147
f 3847 3844 3680
f 3844 3619 3680
f 3619 3465 3621
f 3465 3238 3239
f 3238 3148 3239
f 3148 3235 3147
f 3147 2890 3029
f 3029 2800 2889
f 2889 2713 2850
f 2850 2715 2851
f 2715 2599 2718
f 2599 2470 2473
f 2470 2383 2473
f 2383 2329 2259
f 2329 2201 2203
f 2203 2099 2152
f 2099 1915 2149
f 1915 1827 1917
f 1827 1826 1667
f 1667 1767 1769
f 1767 1663 1670
f 1663 1765 1491
f 1491 1662 1390
f 1662 1664 1668
f 1664 1824 1665
f 1665 1766 1604
f 1604 1544 1493
f 1493 1398 1402
f 1398 1499 1402
f 1499 1551 1272
f 1272 1407 1553
f 1553 1617 1502
f 1617 1779 1502
f 1779 1936 1843
f 1843 2006 1940
f 2006 2007 2158
f 2158 2157 2336
f 2157 2386 2336
f 2386 2444 2602
f 2602 2680 2729
f 2729 2809 2856
f 2809 2901 2856
f 2901 3164 3261
f 3996 3648 3802
f 3802 3427 3563
f 3427 3170 3563
f 3170 2911 3172
f 2911 2743 2913
f 2743 2558 2747
f 2558 2395 2559
f 2395 2170 2397
f 2397 2117 2287
f 2287 1857 2172
f 2172 1716 1858
f 1716 1232 1519
f 1232 989 781
f 989 772 710
f 772 404 574
f 404 199 309
f 199 118 164
f 118 141 117
f 117 140 111
f 111 131 93
f 93 110 84
f 84 92 63
f 92 64 63
f 64 102 60
f 60 83 50
f 50 69 43
f 43 62 29
f 29 52 24
f 52 45 24
f 45 53 47
f 47 94 74
f 74 142 119
f 119 166 165
f 166 407 270
f 407 785 991
f 785 1151 1238
f 1151 865 1152
f 1152 990 1153
f 990 1148 1153
f 1148 1055 1147
f 1147 1145 1231
f 1231 1358 1300
f 1358 1444 1300
f 1444 1572 1453
f 1572 1715 1574
f 1715 1719 1574
f 1719 1950 2042
f 2042 2217 2218
f 2217 2402 2451
f 2402 2562 2565
f 2562 2752 2757
f 2752 2915 2996
f 2915 3176 3296
f 3176 3497 3580
f 3497 3658 3656
f 3658 3819 3743
f 3819 3885 3883
f 3885 4008 4013
f 4008 4098 4180
f 4180 4363 4505
f 4505 4812 4904
f 4812 5304 4904
f 5304 5045 5445
f 5445 5523 5498
f 5523 5486 5566
f 5566 5546 5562
f 5562 5545 5560
f 5560 5552 5558
f 5558 5551 5574
f 5551 5550 5574
f 5550 5557 5583
f 5557 5556 5582
f 5556 5567 5581
f 5567 5571 5581
f 5571 5568 5584
f 5568 5576 5584
f 5576 5553 5561
f 5561 5539 5554
f 5554 5519 5529
f 5529 5441 5494
f 5441 5300 5380
f 5300 5051 5054
f 5051 4746 4441
f 4441 4002 4178
f 4002 4284 3881
f 3881 4090 3738
f 4090 3654 3738
f 3654 3936 3563
f 3936 4282 3802
f 5342 5240 5339
f 5240 5153 5239
f 5153 5151 5237
f 5151 5077 5149
f 5077 4836 5076
f 4836 4835 5000
f 4835 4831 5070
f 4831 4560 4701
f 4560 4303 4386
f 4303 3963 3962
f 3963 3670 3962
f 3670 3454 3453
f 3454 3213 3327
f 3213 3402 3126
f 3402 3401 3212
f 3401 3329 3211
f 3329 3216 3210
f 3216 3208 3210
f 3208 3215 3207
f 3207 3214 3206
f 3206 3328 3205
f 3328 3403 3400
f 3403 3607 3400
f 3607 3757 3507
f 3757 4032 3756
f 4032 4385 4031
f 4385 4387 4559
f 4387 4623 4559
f 4623 4833 4832
f 4833 4761 4832
f 4761 4834 4830
f 4834 5073 4999
f 5073 5074 4999
f 5074 5150 5237
f 5237 5239 5153
f 5239 5339 5240
f 3261 3359 3043
f 3359 3537 3480
f 3537 3633 3635
f 3633 3693 3635
f 3693 3788 3869
f 3788 3932 3935
f 3932 3987 3935
f 3987 4161 4220
f 4220 4219 4418
f 4418 4414 4583
f 4414 4411 4579
f 4411 4408 4641
f 4408 4485 4486
f 4486 4404 4484
f 4404 4479 4484
f 4479 4397 4478
f 4478 4514 4516
f 4514 4475 4516
f 4475 4569 4516
f 4569 4477 4570
f 4477 4568 4570
f 4568 4399 4635
f 4399 4204 4398
f 4204 4147 4258
f 4147 3847 3680
f 3680 3619 3621
f 3621 3465 3616
f 3465 3239 3240
f 3239 3148 3151
f 3148 3147 3028
f 3147 3029 3028
f 3029 2889 2947
f 2889 2850 2947
f 2850 2851 2949
f 2851 2715 2718
f 2718 2599 2640
f 2599 2473 2640
f 2473 2383 2439
f 2383 2259 2439
f 2259 2329 2203
f 2203 2152 2260
f 2152 2099 2149
f 2149 1915 1917
f 1917 1827 1919
f 1827 1667 1669
f 1667 1769 1828
f 1769 1767 1670
f 1670 1663 1668
f 1663 1491 1668
f 1491 1390 1668
f 1390 1662 1668
f 1668 1664 1601
f 1664 1665 1545
f 1665 1604 1545
f 1604 1493 1548
f 1493 1402 1548
f 1402 1499 1411
f 1499 1272 1200
f 1272 1553 1414
f 1553 1502 1331
f 1502 1779 1690
f 1779 1843 1695
f 1843 1940 2014
f 1940 2006 2011
f 2006 2158 2011
f 2158 2336 2111
f 2336 2386 2485
f 2386 2602 2549
f 2602 2729 2682
f 2729 2856 2732
f 2856 2901 2905
f 2901 3261 3043
f 3802 3563 3936
f 3563 3170 3172
f 3172 2911 2913
f 2913 2743 2747
f 2747 2558 2559
f 2559 2395 2397
f 2397 2287 2561
f 2287 2172 2500
f 2172 1858 2289
f 1858 1716 1519
f 1519 1232 991
f 1232 781 991
f 781 989 710
f 710 772 574
f 574 404 309
f 309 199 164
f 164 118 165
f 118 117 95
f 117 111 85
f 111 93 71
f 93 84 70
f 84 63 61
f 63 64 39
f 64 60 40
f 60 50 35
f 50 43 28
f 43 29 23
f 29 24 19
f 24 45 25
f 45 47 46
f 47 74 48
f 74 119 73
f 119 165 120
f 165 166 270
f 270 407 405
f 407 991 781
f 991 785 1238
f 1238 1151 1449
f 1151 1152 1450
f 1152 1153 1359
f 1153 1148 1154
f 1148 1147 1231
f 1231 1300 1154
f 1300 1444 1301
f 1444 1453 1301
f 1453 1572 1574
f 1574 1719 1636
f 1719 2042 1952
f 2042 2218 1952
f 2218 2217 2451
f 2451 2402 2565
f 2565 2562 2757
f 2757 2752 2996
f 2996 2915 3296
f 3296 3176 3580
f 3580 3497 3575
f 3497 3656 3575
f 3656 3658 3743
f 3743 3819 3883
f 3883 3885 3944
f 3885 4013 3945
f 4013 4008 4107
f 4008 4180 4107
f 4180 4505 4239
f 4505 4904 4544
f 4904 5304 5049
f 5304 5445 5211
f 5445 5498 5381
f 5498 5523 5530
f 5523 5566 5565
f 5566 5562 5563
f 5562 5560 5577
f 5560 5558 5572
f 5558 5574 5572
f 5574 5550 5583
f 5583 5557 5582
f 5582 5556 5581
f 5581 5571 5587
f 5571 5584 5587
f 5584 5576 5587
f 5576 5561 5588
f 5561 5554 5573
f 5554 5529 5535
f 5529 5494 5535
f 5494 5441 5380
f 5380 5300 5054
f 5054 5051 4749
f 5051 4441 4749
f 4441 4178 4442
f 4178 4002 3943
f 4002 3881 3814
f 3881 3738 3741
f 3738 3654 3284
f 3654 3563 3172
f 5237 5151 5149
f 5149 5077 5076
f 5076 4836 5000
f 5000 4835 5070
f 5070 4831 4923
f 4831 4701 4923
f 4701 4560 4386
f 4386 4303 3962
f 3962 3670 3606
f 3670 3453 3606
f 3453 3454 3327
f 3327 3213 3209
f 3213 3126 3209
f 3126 3402 3212
f 3212 3401 3211
f 3211 3329 3210
f 3210 3208 3124
f 3208 3207 3123
f 3207 3206 3122
f 3206 3205 3121
f 3205 3328 3400
f 3400 3607 3507
f 3507 3757 3756
f 3756 4032 4031
f 4031 4385 4382
f 4385 4559 4382
f 4559 4623 4761
f 4623 4832 4761
f 4761 4830 4700
f 4830 4834 4999
f 4999 5074 5071
f 5074 5237 5149
f 3043 3359 3264
f 3359 3480 3481
f 3480 3537 3635
f 3635 3693 3725
f 3693 3869 3725
f 3869 3788 3935
f 3935 3987 3990
f 3987 4220 4162
f 4220 4418 4419
f 4418 4583 4488
f 4583 4414 4487
f 4414 4579 4487
f 4579 4411 4641
f 4641 4408 4771
f 4408 4486 4771
f 4486 4484 4523
f 4484 4479 4517
f 4479 4478 4517
f 4478 4516 4517
f 4516 4569 4571
f 4569 4570 4573
f 4570 4568 4635
f 4635 4399 4482
f 4399 4398 4482
f 4398 4204 4258
f 4258 4147 3854
f 4147 3680 3854
f 3680 3621 3717
f 3621 3616 3717
f 3616 3465 3620
f 3465 3240 3467
f 3240 3239 3150
f 3239 3151 3150
f 3151 3148 3028
f 3028 3029 2947
f 2947 2850 2949
f 2949 2851 2951
f 2851 2718 2852
f 2718 2640 2717
f 2640 2473 2540
f 2473 2439 2540
f 2439 2259 2382
f 2259 2203 2260
f 2260 2152 2149
f 2149 1917 1919
f 1919 1827 1768
f 1827 1669 1768
f 1669 1667 1672
f 1667 1828 1770
f 1828 1769 1675
f 1769 1670 1673
f 1670 1668 1605
f 1668 1601 1603
f 1601 1664 1545
f 1545 1604 1548
f 1548 1402 1496
f 1402 1411 1325
f 1411 1499 1203
f 1499 1200 1203
f 1200 1272 1414
f 1414 1553 1331
f 1331 1502 1690
f 1690 1779 1693
f 1779 1695 1693
f 1695 1843 1780
f 1843 2014 1780
f 2014 1940 2011
f 2011 2158 2111
f 2111 2336 2160
f 2336 2485 2160
f 2485 2386 2549
f 2549 2602 2682
f 2682 2729 2732
f 2732 2856 2905
f 2905 2901 3043
f 3172 2913 3284
f 2913 2747 2991
f 2747 2559 2749
f 2559 2397 2561
f 2561 2287 2500
f 2500 2172 2450
f 2172 2289 2450
f 2289 1858 1954
f 1858 1519 1635
f 1519 991 1238
f 781 710 579
f 710 574 521
f 574 309 521
f 309 164 269
f 164 165 270
f 165 118 120
f 118 95 120
f 95 117 85
f 85 111 71
f 71 93 70
f 70 84 61
f 61 63 42
f 63 39 42
f 39 64 40
f 40 60 35
f 35 50 28
f 28 43 23
f 23 29 19
f 19 24 18
f 24 25 18
f 25 45 46
f 46 47 48
f 48 74 73
f 73 119 86
f 119 120 96
f 270 405 269
f 405 407 579
f 407 781 579
f 1238 1449 1635
f 1449 1151 1450
f 1450 1152 1359
f 1359 1153 1241
f 1153 1154 1241
f 1154 1148 1231
f 1154 1300 1242
f 1300 1301 1242
f 1301 1453 1303
f 1453 1574 1456
f 1574 1636 1456
f 1636 1719 1952
f 1952 2218 2118
f 2218 2451 2403
f 2451 2565 2567
f 2565 2757 2758
f 2757 2996 3000
f 2996 3296 3301
f 3296 3580 3584
f 3580 3575 3577
f 3575 3656 3570
f 3656 3743 3697
f 3743 3883 3809
f 3883 3944 3882
f 3944 3885 3945
f 3945 4013 3946
f 4013 4107 4118
f 4107 4180 4239
f 4239 4505 4544
f 4544 4904 4811
f 4904 5049 4811
f 5049 5304 5211
f 5211 5445 5381
f 5381 5498 5413
f 5498 5530 5497
f 5530 5523 5565
f 5565 5566 5563
f 5563 5562 5577
f 5577 5560 5572
f 5572 5574 5575
f 5574 5583 5575
f 5583 5582 5586
f 5582 5581 5591
f 5581 5587 5591
f 5587 5576 5588
f 5588 5561 5573
f 5573 5554 5564
f 5554 5535 5564
f 5535 5494 5497
f 5494 5380 5413
f 5380 5054 5127
f 5054 4749 4809
f 4749 4441 4442
f 4442 4178 4099
f 4178 3943 4099
f 3943 4002 3814
f 3814 3881 3700
f 3881 3741 3700
f 3741 3738 3494
f 3738 3284 3494
f 3284 3654 3172
f 5149 5076 5075
f 5076 5000 5072
f 5000 5070 5069
f 5070 4923 5148
f 4923 4701 4760
f 4701 4386 4384
f 4386 3962 3905
f 3962 3606 3905
f 3606 3453 3452
f 3453 3327 3399
f 3327 3209 3326
f 3209 3126 3203
f 3126 3212 3125
f 3212 3211 3202
f 3211 3210 3201
f 3210 3124 3201
f 3124 3208 3123
f 3123 3207 3122
f 3122 3206 3121
f 3121 3205 3200
f 3205 3400 3204
f 3400 3507 3204
f 3507 3756 3755
f 3756 4031 3755
f 4031 4382 4030
f 4382 4559 4558
f 4559 4761 4558
f 4761 4700 4558
f 4700 4830 4829
f 4830 4999 4922
f 4999 5071 4922
f 5071 5074 5149
f 3043 3264 3087
f 3264 3359 3481
f 3481 3480 3635
f 3635 3725 3639
f 3725 3869 3870
f 3869 3935 3870
f 3935 3990 3870
f 3990 3987 3989
f 3987 4162 4066
f 4162 4220 4163
f 4220 4419 4274
f 4419 4418 4488
f 4488 4583 4584
f 4583 4487 4715
f 4487 4579 4580
f 4579 4641 4771
f 4771 4486 4848
f 4486 4523 4848
f 4523 4484 4575
f 4484 4517 4575
f 4517 4516 4571
f 4571 4569 4573
f 4573 4570 4844
f 4570 4635 4709
f 4635 4482 4708
f 4482 4398 4402
f 4398 4258 4393
f 4258 3854 4044
f 3854 3680 3717
f 3717 3616 3676
f 3616 3620 3615
f 3620 3465 3523
f 3465 3467 3523
f 3467 3240 3353
f 3240 3150 3152
f 3150 3151 3031
f 3151 3028 3032
f 3028 2947 3032
f 2947 2949 3032
f 2949 2951 3033
f 2951 2851 2852
f 2852 2718 2717
f 2717 2640 2639
f 2640 2540 2639
f 2540 2439 2472
f 2439 2382 2472
f 2382 2259 2258
f 2259 2260 2258
f 2260 2149 2202
f 2149 1919 1991
f 1919 1768 1991
f 1768 1669 1606
f 1669 1672 1606
f 1672 1667 1770
f 1770 1828 1675
f 1675 1769 1673
f 1673 1670 1605
f 1605 1668 1603
f 1603 1601 1492
f 1601 1545 1396
f 1545 1548 1496
f 1496 1402 1325
f 1325 1411 1410
f 1411 1203 1410
f 1203 1200 1333
f 1200 1414 1333
f 1414 1331 1206
f 1331 1690 1556
f 1690 1693 1556
f 1693 1695 1624
f 1695 1780 1697
f 1780 2014 1782
f 2014 2011 2015
f 2011 2111 2015
f 2111 2160 2017
f 2160 2485 2276
f 2485 2549 2605
f 2549 2682 2605
f 2682 2732 2735
f 2732 2905 2857
f 2905 3043 3087
f 3284 2913 2991
f 2991 2747 2749
f 2749 2559 2561
f 2561 2500 2753
f 2500 2450 2753
f 2450 2289 2502
f 2289 1954 2291
f 1954 1858 1635
f 1635 1519 1238
f 579 710 521
f 521 309 269
f 269 164 270
f 120 95 96
f 95 85 72
f 85 71 67
f 71 70 66
f 70 61 51
f 61 42 41
f 42 39 34
f 39 40 34
f 40 35 34
f 35 28 34
f 28 23 34
f 23 19 34
f 19 18 27
f 18 25 17
f 25 46 31
f 46 48 44
f 48 73 55
f 73 86 72
f 86 119 96
f 269 405 521
f 405 579 521
f 1635 1449 1722
f 1449 1450 1520
f 1450 1359 1458
f 1359 1241 1364
f 1241 1154 1242
f 1242 1301 1161
f 1301 1303 1160
f 1303 1453 1456
f 1456 1636 1459
f 1636 1952 1796
f 1952 2118 1796
f 2118 2218 2403
f 2403 2451 2567
f 2567 2565 2758
f 2758 2757 3000
f 3000 2996 3301
f 3301 3296 3584
f 3584 3580 3830
f 3580 3577 3745
f 3577 3575 3571
f 3575 3570 3571
f 3570 3656 3697
f 3697 3743 3809
f 3809 3883 3882
f 3882 3944 3810
f 3944 3945 3884
f 3945 3946 3884
f 3946 4013 3949
f 4013 4118 4123
f 4118 4107 4114
f 4107 4239 4114
f 4239 4544 4241
f 4544 4811 4443
f 4811 5049 5125
f 5049 5211 5381
f 5381 5413 5125
f 5413 5498 5497
f 5497 5530 5535
f 5530 5565 5535
f 5565 5563 5569
f 5563 5577 5585
f 5577 5572 5575
f 5575 5583 5586
f 5586 5582 5591
f 5591 5587 5588
f 5588 5573 5589
f 5573 5564 5569
f 5564 5535 5565
f 5497 5494 5413
f 5413 5380 5127
f 5127 5054 4809
f 4809 4749 4503
f 4749 4442 4503
f 4442 4099 4179
f 4099 3943 3886
f 3943 3814 3822
f 3814 3700 3659
f 3700 3741 3574
f 3741 3494 3574
f 3494 3284 2991
f 5149 5075 5071
f 5075 5076 5072
f 5072 5000 5069
f 5069 5070 5146
f 5070 5148 5236
f 5148 4923 5068
f 4923 4760 5068
f 4760 4701 4384
f 4384 4386 3905
f 3905 3606 3605
f 3606 3452 3605
f 3452 3453 3399
f 3399 3327 3326
f 3326 3209 3398
f 3209 3203 3398
f 3203 3126 3125
f 3125 3212 3202
f 3202 3211 3201
f 3201 3124 3449
f 3124 3123 3448
f 3123 3122 3447
f 3122 3121 3446
f 3121 3200 3445
f 3200 3205 3204
f 3204 3507 3325
f 3507 3755 3325
f 3755 4031 4030
f 4030 4382 4379
f 4382 4558 4379
f 4558 4700 4557
f 4700 4829 4699
f 4829 4830 4922
f 4922 5071 4998
f 3087 3264 3265
f 3264 3481 3540
f 3481 3635 3540
f 3635 3639 3540
f 3639 3725 3727
f 3725 3870 3727
f 3870 3990 3991
f 3990 3989 4069
f 3989 3987 4066
f 4066 4162 4163
f 4163 4220 4221
f 4220 4274 4273
f 4274 4419 4336
f 4419 4488 4489
f 4488 4584 4489
f 4584 4583 4859
f 4583 4715 4859
f 4715 4487 4776
f 4487 4580 4776
f 4580 4579 4712
f 4579 4771 4712
f 4771 4848 4853
f 4848 4523 5007
f 4523 4575 4639
f 4575 4517 4571
f 4571 4573 4636
f 4573 4844 4636
f 4844 4570 4843
f 4570 4709 4935
f 4709 4635 4708
f 4708 4482 4519
f 4482 4402 4519
f 4402 4398 4393
f 4393 4258 4044
f 4044 3854 3853
f 3854 3717 3853
f 3717 3676 3679
f 3676 3616 3615
f 3615 3620 3676
f 3620 3523 3679
f 3523 3467 3524
f 3467 3353 3468
f 3353 3240 3152
f 3152 3150 3033
f 3150 3031 3033
f 3031 3151 3032
f 3032 2949 3033
f 3033 2951 3038
f 2951 2852 2954
f 2852 2717 2854
f 2717 2639 2716
f 2639 2540 2539
f 2540 2472 2539
f 2472 2382 2471
f 2382 2258 2440
f 2258 2260 2262
f 2260 2202 2262
f 2202 2149 1991
f 1991 1768 1920
f 1768 1606 1677
f 1606 1672 1549
f 1672 1770 1549
f 1770 1675 1678
f 1675 1673 1609
f 1673 1605 1602
f 1605 1603 1602
f 1603 1492 1602
f 1492 1601 1396
f 1396 1545 1395
f 1545 1496 1395
f 1496 1325 1400
f 1325 1410 1327
f 1410 1203 1101
f 1203 1333 1280
f 1333 1414 1206
f 1206 1331 1556
f 1556 1693 1507
f 1693 1624 1559
f 1624 1695 1697
f 1697 1780 1782
f 1782 2014 2018
f 2014 2015 2018
f 2015 2111 2017
f 2017 2160 2162
f 2160 2276 2162
f 2276 2485 2605
f 2605 2682 2735
f 2735 2732 2857
f 2857 2905 3087
f 2991 2749 3097
f 2749 2561 2753
f 2753 2450 2691
f 2450 2502 2691
f 2502 2289 2291
f 2291 1954 2046
f 1954 1635 1722
f 96 95 86
f 95 72 86
f 72 85 67
f 67 71 66
f 66 70 51
f 51 61 41
f 41 42 27
f 42 34 27
f 34 19 27
f 27 18 26
f 18 17 26
f 17 25 31
f 31 46 44
f 44 48 55
f 55 73 72
f 1722 1449 1520
f 1520 1450 1458
f 1458 1359 1364
f 1364 1241 1243
f 1241 1242 1243
f 1242 1161 1243
f 1161 1301 1160
f 1160 1303 993
f 1303 1456 993
f 1456 1459 1162
f 1459 1636 1796
f 1796 2118 1723
f 2118 2403 2119
f 2403 2567 2404
f 2567 2758 2568
f 2758 3000 2759
f 3000 3301 3001
f 3301 3584 3302
f 3584 3830 3661
f 3830 3580 3745
f 3745 3577 3702
f 3577 3571 3572
f 3571 3570 3565
f 3570 3697 3653
f 3697 3809 3735
f 3809 3882 3806
f 3882 3810 3807
f 3810 3944 3884
f 3884 3946 3815
f 3946 3949 3823
f 3949 4013 4123
f 4123 4118 4191
f 4118 4114 4191
f 4114 4239 4241
f 4241 4544 4443
f 4443 4811 4810
f 4811 5125 4810
f 5125 5049 5381
f 5125 5413 5127
f 5565 5569 5564
f 5569 5563 5585
f 5585 5577 5575
f 5575 5586 5585
f 5586 5591 5589
f 5591 5588 5589
f 5589 5573 5569
f 5127 4809 4903
f 4809 4503 4543
f 4503 4442 4179
f 4179 4099 4010
f 4099 3886 4010
f 3886 3943 3822
f 3822 3814 3659
f 3659 3700 3382
f 3700 3574 3382
f 3574 3494 3097
f 3494 2991 3097
f 5071 5075 5072
f 5072 5069 4998
f 5069 5146 4997
f 5146 5070 5236
f 5236 5148 5235
f 5148 5068 5147
f 5068 4760 4828
f 4760 4384 4383
f 4384 3905 3837
f 3905 3605 3837
f 3605 3452 3399
f 3399 3326 3604
f 3326 3398 3603
f 3398 3203 3601
f 3203 3125 3506
f 3125 3202 3451
f 3202 3201 3450
f 3201 3449 3450
f 3449 3124 3448
f 3448 3123 3447
f 3447 3122 3446
f 3446 3121 3445
f 3445 3200 3444
f 3200 3204 3324
f 3204 3325 3324
f 3325 3755 3752
f 3755 4030 3752
f 4030 4379 4024
f 4379 4558 4557
f 4557 4700 4699
f 4699 4829 4826
f 4829 4922 4921
f 4922 4998 4921
f 4998 5071 5072
f 3087 3265 3088
f 3265 3264 3540
f 3540 3639 3543
f 3639 3727 3643
f 3727 3870 3874
f 3870 3991 3874
f 3991 3990 4069
f 4069 3989 4067
f 3989 4066 4067
f 4066 4163 4067
f 4163 4221 4164
f 4221 4220 4273
f 4273 4274 4336
f 4336 4419 4489
f 4489 4584 4650
f 4584 4859 4860
f 4859 4715 4947
f 4715 4776 4946
f 4776 4580 4857
f 4580 4712 4645
f 4712 4771 4853
f 4853 4848 4940
f 4848 5007 4940
f 5007 4523 4639
f 4639 4575 4637
f 4575 4571 4637
f 4571 4636 4637
f 4636 4844 4707
f 4844 4843 4846
f 4843 4570 4935
f 4935 4709 5006
f 4709 4708 4769
f 4708 4519 4845
f 4519 4402 4574
f 4402 4393 4395
f 4393 4044 4152
f 4044 3853 3975
f 3853 3717 3764
f 3717 3679 3764
f 3679 3676 3620
f 3679 3523 3624
f 3523 3524 3624
f 3524 3467 3468
f 3468 3353 3241
f 3353 3152 3156
f 3152 3033 3038
f 3033 3031 3032
f 3038 2951 2954
f 2954 2852 2854
f 2854 2717 2716
f 2716 2639 2638
f 2639 2539 2638
f 2539 2472 2598
f 2472 2471 2598
f 2471 2382 2440
f 2440 2258 2384
f 2258 2262 2384
f 2262 2202 2204
f 2202 1991 2101
f 1991 1920 2101
f 1920 1768 1677
f 1677 1606 1611
f 1606 1549 1611
f 1549 1770 1608
f 1770 1678 1608
f 1678 1675 1609
f 1609 1673 1546
f 1673 1602 1546
f 1602 1492 1392
f 1492 1396 1395
f 1395 1496 1400
f 1400 1325 1327
f 1327 1410 1329
f 1410 1101 1329
f 1101 1203 1280
f 1280 1333 1023
f 1333 1206 1023
f 1206 1556 1419
f 1556 1507 1339
f 1507 1693 1559
f 1559 1624 1560
f 1624 1697 1560
f 1697 1782 1698
f 1782 2018 1848
f 2018 2015 2019
f 2015 2017 2019
f 2017 2162 2023
f 2162 2276 2210
f 2276 2605 2488
f 2605 2735 2736
f 2735 2857 2858
f 2857 3087 3088
f 3097 2749 2753
f 2753 2691 3053
f 2691 2502 2692
f 2502 2291 2504
f 2291 2046 2292
f 2046 1954 1722
f 72 67 55
f 67 66 54
f 66 51 37
f 51 41 36
f 41 27 26
f 26 17 22
f 17 31 16
f 31 44 30
f 44 55 54
f 1722 1520 1728
f 1520 1458 1521
f 1458 1364 1368
f 1364 1243 1163
f 1243 1161 994
f 1161 1160 788
f 1160 993 789
f 993 1456 1162
f 1162 1459 1307
f 1459 1796 1307
f 1796 1723 1307
f 1723 2118 2119
f 2119 2403 2404
f 2404 2567 2568
f 2568 2758 2759
f 2759 3000 3001
f 3001 3301 3302
f 3302 3584 3661
f 3661 3830 4018
f 3830 3745 3823
f 3745 3702 3823
f 3702 3577 3572
f 3572 3571 3566
f 3571 3565 3566
f 3565 3570 3653
f 3653 3697 3735
f 3735 3809 3806
f 3806 3882 3807
f 3807 3810 3736
f 3810 3884 3742
f 3884 3815 3742
f 3815 3946 3823
f 3823 3949 3951
f 3949 4123 3951
f 4123 4191 4245
f 4191 4114 4190
f 4114 4241 4113
f 4241 4443 4181
f 4443 4810 4504
f 4810 5125 5127
f 5569 5585 5589
f 5585 5586 5589
f 5127 4903 4810
f 4903 4809 4543
f 4543 4503 4237
f 4503 4179 4237
f 4179 4010 4011
f 4010 3886 3950
f 3886 3822 3828
f 3822 3659 3746
f 3659 3382 3583
f 3382 3574 3053
f 3574 3097 3053
f 4998 5069 4997
f 4997 5146 4996
f 5146 5236 5067
f 5236 5235 5233
f 5235 5148 5147
f 5147 5068 5145
f 5068 4828 5145
f 4828 4760 4383
f 4383 4384 3837
f 3837 3605 3604
f 3605 3399 3604
f 3604 3326 3603
f 3603 3398 3602
f 3398 3601 3754
f 3601 3203 3506
f 3506 3125 3451
f 3451 3202 3450
f 3450 3449 4145
f 3449 3448 4144
f 3448 3447 4143
f 3447 3446 4029
f 3446 3445 4028
f 3445 3444 4027
f 3444 3200 3324
f 3324 3325 3397
f 3325 3752 3397
f 3752 4030 4024
f 4024 4379 4375
f 4379 4557 4375
f 4557 4699 4554
f 4699 4826 4696
f 4826 4829 4921
f 4921 4998 4997
f 3088 3265 3089
f 3265 3540 3543
f 3543 3639 3643
f 3643 3727 3730
f 3727 3874 3730
f 3874 3991 3992
f 3991 4069 3992
f 4069 4067 4167
f 4067 4163 4164
f 4164 4221 4222
f 4221 4273 4338
f 4273 4336 4338
f 4336 4489 4420
f 4489 4650 4525
f 4650 4584 4860
f 4860 4859 4947
f 4947 4715 5018
f 4715 4946 5018
f 4946 4776 5087
f 4776 4857 5087
f 4857 4580 4645
f 4645 4712 4853
f 4853 4940 4645
f 4940 5007 5162
f 5007 4639 5162
f 4639 4637 4710
f 4637 4636 4707
f 4707 4844 4846
f 4846 4843 4935
f 4935 5006 4847
f 5006 4709 4769
f 4769 4708 4845
f 4845 4519 4577
f 4519 4574 4577
f 4574 4402 4706
f 4402 4395 4476
f 4395 4393 4152
f 4152 4044 3975
f 3975 3853 3855
f 3853 3764 3855
f 3764 3679 3624
f 3624 3524 3525
f 3524 3468 3525
f 3468 3241 3410
f 3241 3353 3156
f 3156 3152 3038
f 3038 2954 3037
f 2954 2854 2953
f 2854 2716 2853
f 2716 2638 2714
f 2638 2539 2598
f 2598 2471 2597
f 2471 2440 2541
f 2440 2384 2474
f 2384 2262 2261
f 2262 2204 2263
f 2204 2202 2101
f 2101 1920 1993
f 1920 1677 1831
f 1677 1611 1679
f 1611 1549 1550
f 1549 1608 1550
f 1608 1678 1550
f 1678 1609 1681
f 1609 1546 1495
f 1546 1602 1393
f 1602 1392 1394
f 1392 1492 1395
f 1395 1400 1401
f 1400 1327 1199
f 1327 1329 1199
f 1329 1101 1021
f 1101 1280 1210
f 1280 1023 1103
f 1023 1206 1419
f 1419 1556 1339
f 1339 1507 1215
f 1507 1559 1420
f 1559 1560 1508
f 1560 1697 1698
f 1698 1782 1848
f 1848 2018 2021
f 2018 2019 2021
f 2019 2017 2023
f 2023 2162 2163
f 2162 2210 2163
f 2210 2276 2488
f 2488 2605 2736
f 2736 2735 2909
f 2735 2858 2909
f 2858 2857 3088
f 3097 2753 3053
f 3053 2691 2997
f 2691 2692 2997
f 2692 2502 2504
f 2504 2291 2507
f 2291 2292 2507
f 2292 2046 2049
f 2046 1722 1728
f 55 67 54
f 54 66 37
f 37 51 36
f 36 41 26
f 26 22 36
f 22 17 16
f 16 31 30
f 30 44 54
f 1728 1520 1521
f 1521 1458 1368
f 1368 1364 1163
f 1163 1243 994
f 994 1161 788
f 788 1160 789
f 789 993 790
f 993 1162 790
f 1162 1307 995
f 1307 1723 1308
f 1723 2119 1724
f 2119 2404 2120
f 2404 2568 2405
f 2568 2759 2569
f 2759 3001 2760
f 3001 3302 3002
f 3302 3661 3303
f 3661 4018 3662
f 4018 3830 4295
f 3830 3823 3951
f 3823 3702 3815
f 3702 3572 3698
f 3572 3566 3567
f 3566 3565 3491
f 3565 3653 3560
f 3653 3735 3649
f 3735 3806 3695
f 3806 3807 3734
f 3807 3736 3651
f 3736 3810 3742
f 3742 3815 3698
f 3951 4123 4245
f 4245 4191 4457
f 4191 4190 4457
f 4190 4114 4113
f 4113 4241 4181
f 4181 4443 4504
f 4504 4810 4903
f 4903 4543 4504
f 4543 4237 4238
f 4237 4179 4011
f 4011 4010 4016
f 4010 3950 4016
f 3950 3886 3828
f 3828 3822 3746
f 3746 3659 3583
f 3583 3382 3298
f 3382 3053 3298
f 4997 4996 4920
f 4996 5146 5067
f 5067 5236 5233
f 5233 5235 5337
f 5235 5147 5234
f 5147 5145 5234
f 5145 4828 4827
f 4828 4383 4381
f 4383 3837 3836
f 3837 3604 3836
f 3604 3603 3836
f 3603 3602 3904
f 3602 3398 3754
f 3754 3601 4254
f 3601 3506 4253
f 3506 3451 4201
f 3451 3450 4146
f 3450 4145 4146
f 4145 3449 4144
f 4144 3448 4143
f 4143 3447 4029
f 4029 3446 4028
f 4028 3445 4027
f 4027 3444 4026
f 3444 3324 3505
f 3324 3397 3505
f 3397 3752 3753
f 3752 4024 4025
f 4024 4375 4252
f 4375 4557 4554
f 4554 4699 4696
f 4696 4826 4820
f 4826 4921 4920
f 4921 4997 4920
f 3088 3089 2858
f 3089 3265 3370
f 3265 3543 3370
f 3543 3643 3646
f 3643 3730 3796
f 3730 3874 3791
f 3874 3992 3791
f 3992 4069 4071
f 4069 4167 4071
f 4167 4067 4164
f 4164 4222 4165
f 4222 4221 4338
f 4338 4336 4420
f 4420 4489 4525
f 4525 4650 4720
f 4650 4860 4784
f 4860 4947 5018
f 5018 4946 5088
f 4946 5087 5166
f 5087 4857 5253
f 4857 4645 4856
f 4645 4940 4856
f 4940 5162 4773
f 5162 4639 4710
f 4710 4637 4846
f 4637 4707 4846
f 4846 4935 4847
f 4847 5006 5247
f 5006 4769 4851
f 4769 4845 4772
f 4845 4577 4578
f 4577 4574 4578
f 4574 4706 4576
f 4706 4402 4572
f 4402 4476 4572
f 4476 4395 4396
f 4395 4152 4396
f 4152 3975 4153
f 3975 3855 3923
f 3855 3764 3767
f 3764 3624 3682
f 3624 3525 3682
f 3525 3468 3410
f 3410 3241 3243
f 3241 3156 3158
f 3156 3038 3037
f 3037 2954 2953
f 2953 2854 2853
f 2853 2716 2714
f 2714 2638 2598
f 2598 2597 2714
f 2597 2471 2541
f 2541 2440 2474
f 2474 2384 2261
f 2261 2262 2263
f 2263 2204 2153
f 2204 2101 1993
f 1993 1920 1831
f 1831 1677 1679
f 1679 1611 1610
f 1611 1550 1498
f 1550 1678 1681
f 1681 1609 1495
f 1495 1546 1323
f 1546 1393 1323
f 1393 1602 1394
f 1394 1392 1269
f 1392 1395 1269
f 1395 1401 1269
f 1401 1400 1199
f 1199 1329 1099
f 1329 1021 1273
f 1021 1101 1210
f 1210 1280 1103
f 1103 1023 1338
f 1023 1419 1338
f 1419 1339 1338
f 1339 1215 1283
f 1215 1507 1420
f 1420 1559 1508
f 1508 1560 1422
f 1560 1698 1509
f 1698 1848 1626
f 1848 2021 1700
f 2021 2019 2022
f 2019 2023 2022
f 2023 2163 2026
f 2163 2210 2166
f 2210 2488 2489
f 2488 2736 2683
f 2736 2909 2985
f 2909 2858 3092
f 3053 2997 3298
f 2997 2692 2918
f 2692 2504 2694
f 2504 2507 2694
f 2507 2292 2349
f 2292 2049 1860
f 2049 2046 1730
f 2046 1728 1730
f 54 37 30
f 37 36 22
f 22 16 30
f 1728 1521 1462
f 1521 1368 1310
f 1368 1163 996
f 1163 994 791
f 994 788 791
f 788 789 535
f 789 790 656
f 790 1162 995
f 995 1307 1308
f 1308 1723 1724
f 1724 2119 2120
f 2120 2404 2405
f 2405 2568 2569
f 2569 2759 2760
f 2760 3001 3002
f 3002 3302 3303
f 3303 3661 3662
f 3662 4018 4019
f 4018 4295 4296
f 4295 3830 3951
f 3815 3702 3698
f 3698 3572 3567
f 3567 3566 3492
f 3566 3491 3492
f 3491 3565 3560
f 3560 3653 3649
f 3649 3735 3695
f 3695 3806 3734
f 3734 3807 3651
f 3651 3736 3562
f 3736 3742 3655
f 3742 3698 3655
f 3951 4245 4295
f 4245 4457 4612
f 4457 4190 4456
f 4190 4113 4189
f 4113 4181 4014
f 4181 4504 4238
f 4504 4543 4238
f 4238 4237 4105
f 4237 4011 4105
f 4011 4016 4017
f 4016 3950 4130
f 3950 3828 4132
f 3828 3746 3893
f 3746 3583 3748
f 3583 3298 3589
f 4920 4996 4821
f 4996 5067 4992
f 5067 5233 5066
f 5233 5337 5142
f 5337 5235 5234
f 5234 5145 5144
f 5145 4827 5144
f 4827 4828 4381
f 4381 4383 3836
f 3836 3603 3904
f 3904 3602 3961
f 3602 3754 3961
f 3754 4254 4378
f 4254 3601 4253
f 4253 3506 4201
f 4201 3451 4146
f 4146 4145 4697
f 4145 4144 4620
f 4144 4143 4619
f 4143 4029 4556
f 4029 4028 4509
f 4028 4027 4468
f 4027 4026 4374
f 4026 3444 3505
f 3505 3397 3753
f 3753 3752 4025
f 4025 4024 4252
f 4252 4375 4554
f 4554 4696 4376
f 4696 4820 4377
f 4820 4826 4920
f 2858 3089 3092
f 3089 3370 3272
f 3370 3543 3272
f 3543 3646 3485
f 3646 3643 3796
f 3796 3730 3879
f 3730 3791 3879
f 3791 3992 3993
f 3992 4071 3993
f 4071 4167 4168
f 4167 4164 4165
f 4165 4222 4223
f 4222 4338 4339
f 4338 4420 4339
f 4420 4525 4422
f 4525 4720 4586
f 4720 4650 4784
f 4784 4860 5089
f 4860 5018 5089
f 5018 5088 5089
f 5088 4946 5166
f 5166 5087 5349
f 5087 5253 5349
f 5253 4857 4856
f 4856 4940 5086
f 4940 4773 5008
f 4773 5162 4938
f 5162 4710 5249
f 4710 4846 5249
f 4846 4847 5249
f 4847 5247 5248
f 5247 5006 5346
f 5006 4851 5346
f 4851 4769 4939
f 4769 4772 4939
f 4772 4845 4578
f 4578 4574 4576
f 4576 4706 4520
f 4706 4572 4520
f 4572 4476 4396
f 4396 4152 4208
f 4152 4153 4208
f 4153 3975 3923
f 3923 3855 3769
f 3855 3767 3769
f 3767 3764 3682
f 3682 3525 3683
f 3525 3410 3411
f 3410 3243 3411
f 3243 3241 3158
f 3158 3156 3037
f 3037 2953 3036
f 2953 2853 2952
f 2853 2714 2802
f 2714 2597 2675
f 2597 2541 2641
f 2541 2474 2542
f 2474 2261 2385
f 2261 2263 2385
f 2263 2153 2264
f 2153 2204 1993
f 1993 1831 1924
f 1831 1679 1832
f 1679 1610 1832
f 1610 1611 1498
f 1498 1550 1681
f 1681 1495 1403
f 1495 1323 1399
f 1323 1393 1397
f 1393 1394 1324
f 1394 1269 1324
f 1269 1401 1324
f 1401 1199 1404
f 1199 1099 1404
f 1099 1329 1273
f 1273 1021 1020
f 1021 1210 1207
f 1210 1103 1104
f 1103 1338 1282
f 1338 1339 1283
f 1283 1215 1112
f 1215 1420 1216
f 1420 1508 1422
f 1422 1560 1509
f 1509 1698 1626
f 1626 1848 1700
f 1700 2021 1849
f 2021 2022 1849
f 2022 2023 2026
f 2026 2163 2029
f 2163 2166 2029
f 2166 2210 2489
f 2489 2488 2683
f 2683 2736 2739
f 2736 2985 2860
f 2985 2909 3169
f 2909 3092 3169
f 3298 2997 2918
f 2918 2692 2921
f 2692 2694 2921
f 2694 2507 2695
f 2507 2349 2503
f 2349 2292 1860
f 1860 2049 1575
f 2049 1730 1575
f 1730 1728 1462
f 30 37 22
f 1462 1521 1310
f 1310 1368 996
f 996 1163 791
f 791 788 719
f 788 535 719
f 535 789 656
f 656 790 585
f 790 995 585
f 995 1308 1068
f 1308 1724 1725
f 1724 2120 2121
f 2120 2405 2406
f 2405 2569 2571
f 2569 2760 2761
f 2760 3002 2920
f 3002 3303 3304
f 3303 3662 3304
f 3662 4019 3586
f 4019 4018 4296
f 4296 4295 4546
f 3698 3567 3655
f 3567 3492 3493
f 3492 3491 3376
f 3491 3560 3488
f 3560 3649 3556
f 3649 3695 3557
f 3695 3734 3647
f 3734 3651 3558
f 3651 3562 3489
f 3562 3736 3655
f 4295 4245 4459
f 4245 4612 4459
f 4612 4457 4456
f 4456 4190 4189
f 4189 4113 4014
f 4014 4181 4238
f 4238 4105 4014
f 4105 4011 4017
f 4017 4016 4192
f 4016 4130 4192
f 4130 3950 4132
f 4132 3828 3893
f 3893 3746 3748
f 3748 3583 3589
f 3589 3298 3305
f 4920 4821 4820
f 4821 4996 4992
f 4992 5067 5066
f 5066 5233 5142
f 5142 5337 5231
f 5337 5234 5338
f 5234 5144 5338
f 5144 4827 4825
f 4827 4381 4380
f 4381 3836 3904
f 3904 3961 4380
f 3961 3754 4378
f 4378 4254 4824
f 4254 4253 4698
f 4253 4201 4622
f 4201 4146 4621
f 4146 4697 4621
f 4697 4145 4620
f 4620 4144 4619
f 4619 4143 4556
f 4556 4029 4509
f 4509 4028 4468
f 4468 4027 4374
f 4374 4026 4376
f 4026 3505 3753
f 3753 4025 4376
f 4025 4252 4376
f 4252 4554 4376
f 4376 4696 4377
f 4377 4820 4555
f 3092 3089 3272
f 3272 3543 3485
f 3485 3646 3490
f 3646 3796 3559
f 3796 3879 3559
f 3879 3791 4082
f 3791 3993 4082
f 3993 4071 4075
f 4071 4168 4075
f 4168 4167 4165
f 4165 4223 4224
f 4223 4222 4339
f 4339 4420 4422
f 4422 4525 4586
f 4586 4720 4862
f 4720 4784 4861
f 4784 5089 5088
f 5088 5166 5019
f 5166 5349 5167
f 5349 5253 5393
f 5253 4856 5252
f 4856 5086 5252
f 5086 4940 5008
f 5008 4773 5250
f 4773 4938 5250
f 4938 5162 5249
f 5249 4847 4938
f 4847 5248 4850
f 5248 5247 5347
f 5247 5346 5347
f 5346 4851 4854
f 4851 4939 4941
f 4939 4772 4852
f 4772 4578 4711
f 4578 4576 4711
f 4576 4520 4638
f 4520 4572 4480
f 4572 4396 4480
f 4396 4208 4480
f 4208 4153 4048
f 4153 3923 4048
f 3923 3769 3857
f 3769 3767 3683
f 3767 3682 3683
f 3683 3525 3526
f 3525 3411 3526
f 3411 3243 3242
f 3243 3158 3155
f 3158 3037 3036
f 3036 2953 2952
f 2952 2853 2802
f 2802 2714 2675
f 2675 2597 2641
f 2641 2541 2542
f 2542 2474 2441
f 2474 2385 2441
f 2385 2263 2264
f 2264 2153 2104
f 2153 1993 1924
f 1924 1831 1832
f 1832 1610 1615
f 1610 1498 1615
f 1498 1681 1403
f 1403 1495 1399
f 1399 1323 1397
f 1397 1393 1324
f 1324 1401 1404
f 1404 1099 1405
f 1099 1273 1202
f 1273 1020 1022
f 1020 1021 1276
f 1021 1207 1276
f 1207 1210 1208
f 1210 1104 1105
f 1104 1103 1282
f 1282 1338 1283
f 1283 1112 1111
f 1112 1215 1216
f 1216 1420 1422
f 1422 1509 1340
f 1509 1626 1425
f 1626 1700 1562
f 1700 1849 1627
f 1849 2022 1943
f 2022 2026 1943
f 2026 2029 1945
f 2029 2166 1851
f 2166 2489 2389
f 2489 2683 2606
f 2683 2739 2686
f 2739 2736 2860
f 2860 2985 2861
f 2985 3169 2988
f 3169 3092 3272
f 3298 2918 3305
f 2918 2921 3305
f 2921 2694 2695
f 2695 2507 2503
f 2503 2349 2348
f 2349 1860 1953
f 1860 1575 1953
f 1575 1730 1462
f 1462 1310 1067
f 1310 996 787
f 996 791 414
f 791 719 414
f 719 535 415
f 535 656 534
f 656 585 536
f 585 995 792
f 995 1068 792
f 1068 1308 1366
f 1308 1725 1366
f 1725 1724 2121
f 2121 2120 2406
f 2406 2405 2571
f 2571 2569 2761
f 2761 2760 2920
f 2920 3002 3304
f 3304 3662 3586
f 3586 4019 3953
f 4019 4296 4297
f 4296 4546 4547
f 4546 4295 4459
f 3655 3567 3493
f 3493 3492 3378
f 3492 3376 3378
f 3376 3491 3488
f 3488 3560 3556
f 3556 3649 3557
f 3557 3695 3647
f 3647 3734 3558
f 3558 3651 3489
f 3489 3562 3379
f 3562 3655 3493
f 4459 4612 4753
f 4612 4456 4613
f 4456 4189 4458
f 4189 4014 4017
f 4014 4105 4017
f 4017 4192 4189
f 4192 4130 4369
f 4130 4132 4298
f 4132 3893 4134
f 3893 3748 3956
f 3748 3589 3831
f 3589 3305 3592
f 4820 4821 4555
f 4821 4992 4618
f 4992 5066 4759
f 5066 5142 4822
f 5142 5231 4823
f 5231 5337 5338
f 5338 5144 5143
f 5144 4825 5143
f 4825 4827 4380
f 4380 4381 3904
f 4380 3961 4378
f 4378 4824 4825
f 4824 4254 4698
f 4698 4253 4622
f 4622 4201 4621
f 4621 4697 4919
f 4697 4620 4993
f 4620 4619 4823
f 4619 4556 4822
f 4556 4509 4759
f 4509 4468 4618
f 4468 4374 4555
f 4374 4376 4377
f 4376 4026 3753
f 4377 4555 4374
f 3272 3485 3375
f 3485 3490 3375
f 3490 3646 3559
f 3559 3879 3801
f 3879 4082 4085
f 4082 3993 4075
f 4075 4168 4169
f 4168 4165 4224
f 4224 4223 4276
f 4223 4339 4276
f 4339 4422 4423
f 4422 4586 4527
f 4586 4862 4723
f 4862 4720 4861
f 4861 4784 5088
f 5088 5019 4861
f 5019 5166 5168
f 5166 5167 5168
f 5167 5349 5393
f 5393 5253 5252
f 5252 5086 5013
f 5086 5008 5013
f 5008 5250 5013
f 5250 4938 5347
f 4938 4847 4850
f 4850 5248 5347
f 5347 5346 5251
f 5346 4854 5251
f 4854 4851 4941
f 4941 4939 4852
f 4852 4772 4711
f 4711 4576 4638
f 4638 4520 4406
f 4520 4480 4406
f 4480 4208 4400
f 4208 4048 4320
f 4048 3923 3857
f 3857 3769 3719
f 3769 3683 3719
f 3683 3526 3719
f 3526 3411 3412
f 3411 3242 3412
f 3242 3243 3155
f 3155 3158 3036
f 3036 2952 3034
f 2952 2802 2950
f 2802 2675 2803
f 2675 2641 2720
f 2641 2542 2642
f 2542 2441 2543
f 2441 2385 2330
f 2385 2264 2330
f 2264 2104 2330
f 2104 2153 1924
f 1924 1832 1926
f 1832 1615 1772
f 1615 1498 1406
f 1498 1403 1326
f 1403 1399 1271
f 1399 1397 1552
f 1397 1324 1404
f 1404 1405 1397
f 1405 1099 1202
f 1202 1273 1412
f 1273 1022 1412
f 1022 1020 1204
f 1020 1276 1204
f 1276 1207 1277
f 1207 1208 1277
f 1208 1210 1105
f 1105 1104 1025
f 1104 1282 1108
f 1282 1283 1111
f 1111 1112 1028
f 1112 1216 1114
f 1216 1422 1340
f 1340 1509 1425
f 1425 1626 1562
f 1562 1700 1627
f 1627 1849 1701
f 1849 1943 1701
f 1943 2026 1945
f 1945 2029 1851
f 1851 2166 2030
f 2166 2389 2030
f 2389 2489 2606
f 2606 2683 2686
f 2686 2739 2688
f 2739 2860 2744
f 2860 2861 2744
f 2861 2985 2988
f 2988 3169 3171
f 3169 3272 3375
f 3305 2921 3306
f 2921 2695 2923
f 2695 2503 2693
f 2503 2348 2693
f 2348 2349 1953
f 1953 1575 1457
f 1575 1462 1309
f 1462 1067 1309
f 1067 1310 787
f 787 996 414
f 414 719 415
f 415 535 413
f 535 534 654
f 534 656 469
f 656 536 469
f 536 585 273
f 585 792 273
f 792 1068 997
f 1068 1366 1069
f 1366 1725 1726
f 1725 2121 2174
f 2121 2406 2452
f 2406 2571 2452
f 2571 2761 2763
f 2761 2920 2922
f 2920 3304 3108
f 3304 3586 3591
f 3586 3953 3591
f 3953 4019 4297
f 4297 4296 4547
f 4547 4546 4815
f 4546 4459 4614
f 3493 3378 3379
f 3378 3376 3276
f 3376 3488 3424
f 3488 3556 3486
f 3556 3557 3552
f 3557 3647 3553
f 3647 3558 3487
f 3558 3489 3425
f 3489 3379 3278
f 3379 3562 3493
f 4459 4753 4614
f 4753 4612 4613
f 4613 4456 4685
f 4456 4458 4685
f 4458 4189 4192
f 4192 4369 4458
f 4369 4130 4298
f 4298 4132 4134
f 4134 3893 3956
f 3956 3748 3831
f 3831 3589 3592
f 3592 3305 3306
f 4555 4821 4618
f 4618 4992 4759
f 4759 5066 4822
f 4822 5142 4823
f 4823 5231 4993
f 5231 5338 5336
f 5338 5143 5336
f 5143 4825 4824
f 4825 4380 4378
f 4824 4698 5232
f 4698 4622 4995
f 4622 4621 4994
f 4621 4919 4994
f 4919 4697 4993
f 4993 4620 4823
f 4823 4619 4822
f 4822 4556 4759
f 4759 4509 4618
f 4618 4468 4555
f 3375 3490 3281
f 3490 3559 3428
f 3559 3801 3652
f 3801 3879 4085
f 4085 4082 4173
f 4082 4075 4079
f 4075 4169 4079
f 4169 4168 4224
f 4224 4276 4225
f 4276 4339 4342
f 4339 4423 4342
f 4423 4422 4425
f 4422 4527 4425
f 4527 4586 4723
f 4723 4862 4949
f 4862 4861 5019
f 5019 5168 4949
f 5168 5167 5351
f 5167 5393 5255
f 5393 5252 5392
f 5252 5013 5392
f 5013 5250 5347
f 5347 4938 4850
f 5347 5251 5013
f 5251 4854 5014
f 4854 4941 5009
f 4941 4852 4942
f 4852 4711 4849
f 4711 4638 4849
f 4638 4406 4640
f 4406 4480 4483
f 4480 4400 4483
f 4400 4208 4320
f 4320 4048 4323
f 4048 3857 3925
f 3857 3719 3771
f 3719 3526 3527
f 3526 3412 3527
f 3412 3242 3244
f 3242 3155 3154
f 3155 3036 3034
f 3034 2952 2950
f 2950 2802 2803
f 2803 2675 2720
f 2720 2641 2642
f 2642 2542 2543
f 2543 2441 2477
f 2441 2330 2477
f 2330 2104 2265
f 2104 1924 1926
f 1926 1832 1833
f 1832 1772 1683
f 1772 1615 1684
f 1615 1406 1684
f 1406 1498 1326
f 1326 1403 1271
f 1271 1399 1552
f 1552 1397 1405
f 1405 1202 1328
f 1202 1412 1100
f 1412 1022 1275
f 1022 1204 1205
f 1204 1276 1413
f 1276 1277 1413
f 1277 1208 1278
f 1208 1105 1211
f 1105 1025 1213
f 1025 1104 815
f 1104 1108 815
f 1108 1282 1111
f 1111 1028 971
f 1028 1112 1114
f 1114 1216 1340
f 1340 1425 1217
f 1425 1562 1284
f 1562 1627 1344
f 1627 1701 1347
f 1701 1943 1702
f 1943 1945 1702
f 1945 1851 1628
f 1851 2030 1564
f 2030 2389 2280
f 2389 2606 2491
f 2606 2686 2555
f 2686 2688 2494
f 2688 2739 2744
f 2744 2861 2815
f 2861 2988 2862
f 2988 3171 2990
f 3171 3169 3375
f 3306 2921 2923
f 2923 2695 2693
f 2693 2348 2350
f 2348 1953 2350
f 1953 1457 1304
f 1457 1575 1309
f 1309 1067 718
f 1067 787 470
f 787 414 200
f 414 415 201
f 415 413 144
f 413 535 654
f 654 534 583
f 534 469 533
f 469 536 329
f 536 273 330
f 273 792 586
f 792 997 586
f 997 1068 1069
f 1069 1366 1367
f 1366 1726 1367
f 1726 1725 2174
f 2174 2121 2452
f 2452 2571 2611
f 2571 2763 2611
f 2763 2761 2922
f 2922 2920 3108
f 3108 3304 3591
f 3591 3953 3894
f 3953 4297 4246
f 4297 4547 4548
f 4547 4815 4816
f 4815 4546 4614
f 3379 3378 3277
f 3378 3276 3277
f 3276 3376 3424
f 3424 3488 3486
f 3486 3556 3552
f 3552 3557 3553
f 3553 3647 3487
f 3487 3558 3425
f 3425 3489 3278
f 3278 3379 3277
f 4614 4753 5059
f 4753 4613 4752
f 4613 4685 4752
f 4685 4458 4611
f 4458 4369 4611
f 4369 4298 4455
f 4298 4134 4455
f 4134 3956 4454
f 3956 3831 4293
f 3831 3592 3824
f 3592 3306 3581
f 4993 5231 5336
f 5336 5143 5232
f 5143 4824 5232
f 5232 4698 4995
f 4995 4622 4994
f 4994 4919 5232
f 4919 4993 5336
f 3375 3281 3171
f 3281 3490 3428
f 3428 3559 3652
f 3652 3801 3805
f 3801 4085 3997
f 4085 4173 4230
f 4173 4082 4079
f 4079 4169 4226
f 4169 4224 4225
f 4225 4276 4278
f 4276 4342 4278
f 4342 4423 4343
f 4423 4425 4343
f 4425 4527 4657
f 4527 4723 4657
f 4723 4949 4864
f 4949 4862 5019
f 4949 5168 5092
f 5168 5351 5092
f 5351 5167 5255
f 5255 5393 5478
f 5393 5392 5478
f 5392 5013 5012
f 5013 5251 5012
f 5251 5014 5012
f 5014 4854 5009
f 5009 4941 4942
f 4942 4852 4849
f 4849 4638 4640
f 4640 4406 4407
f 4406 4483 4407
f 4483 4400 4320
f 4320 4323 4481
f 4323 4048 4049
f 4048 3925 4049
f 3925 3857 3771
f 3771 3719 3527
f 3527 3412 3470
f 3412 3244 3470
f 3244 3242 3154
f 3154 3155 3034
f 3034 2950 3035
f 2950 2803 2891
f 2803 2720 2719
f 2720 2642 2721
f 2642 2543 2676
f 2543 2477 2677
f 2477 2330 2265
f 2265 2104 1994
f 2104 1926 1994
f 1926 1833 1994
f 1833 1832 1683
f 1683 1772 1685
f 1772 1684 1687
f 1684 1406 1616
f 1406 1326 1098
f 1326 1271 1098
f 1271 1552 1198
f 1552 1405 1328
f 1328 1202 1100
f 1100 1412 1274
f 1412 1275 1274
f 1275 1022 1205
f 1205 1204 1413
f 1413 1277 1278
f 1278 1208 1211
f 1211 1105 1213
f 1213 1025 1027
f 1025 815 906
f 815 1108 906
f 1108 1111 971
f 971 1028 908
f 1028 1114 1032
f 1114 1340 1217
f 1217 1425 1284
f 1284 1562 1344
f 1344 1627 1347
f 1347 1701 1431
f 1701 1702 1431
f 1702 1945 1628
f 1628 1851 1564
f 1564 2030 1788
f 2030 2280 1788
f 2280 2389 2491
f 2491 2606 2555
f 2555 2686 2494
f 2494 2688 2496
f 2688 2744 2689
f 2744 2815 2689
f 2815 2861 2862
f 2862 2988 2990
f 2990 3171 3173
f 3306 2923 3300
f 2923 2693 2919
f 2693 2350 2612
f 2350 1953 1956
f 1953 1304 1460
f 1304 1457 1309
f 1309 718 1065
f 718 1067 470
f 470 787 200
f 200 414 201
f 201 415 144
f 144 413 234
f 413 654 468
f 654 583 652
f 583 534 533
f 533 469 327
f 469 329 327
f 329 536 330
f 330 273 146
f 273 586 472
f 586 997 1000
f 997 1069 998
f 1069 1367 1164
f 1367 1726 1727
f 1726 2174 2176
f 2174 2452 2508
f 2452 2611 2613
f 2611 2763 2613
f 2763 2922 2924
f 2922 3108 3111
f 3108 3591 3111
f 3591 3894 3593
f 3894 3953 4246
f 4246 4297 4548
f 4548 4547 4816
f 4816 4815 5060
f 4815 4614 4916
f 3277 3276 3273
f 3276 3424 3372
f 3424 3486 3483
f 3486 3552 3550
f 3552 3553 3551
f 3553 3487 3484
f 3487 3425 3373
f 3425 3278 3275
f 3278 3277 3274
f 4614 5059 4916
f 5059 4753 4752
f 4752 4685 4987
f 4685 4611 4987
f 4611 4369 4610
f 4369 4455 4610
f 4455 4134 4454
f 4454 3956 4453
f 3956 4293 4453
f 4293 3831 3824
f 3824 3592 3581
f 3581 3306 3300
f 5336 5232 4919
f 5232 4995 4994
f 3171 3281 3173
f 3281 3428 3285
f 3428 3652 3430
f 3652 3805 3569
f 3805 3801 3997
f 3997 4085 4230
f 4230 4173 4355
f 4173 4079 4227
f 4079 4226 4227
f 4226 4169 4225
f 4225 4278 4280
f 4278 4342 4343
f 4343 4425 4490
f 4425 4657 4490
f 4657 4723 4864
f 4864 4949 5092
f 5092 5351 5170
f 5351 5255 5421
f 5255 5478 5254
f 5478 5392 5015
f 5392 5012 5015
f 5012 5014 5015
f 5014 5009 5011
f 5009 4942 4945
f 4942 4849 4774
f 4849 4640 4774
f 4640 4407 4642
f 4407 4483 4403
f 4483 4320 4481
f 4481 4323 4324
f 4323 4049 4324
f 4049 3925 4052
f 3925 3771 3772
f 3771 3527 3625
f 3527 3470 3625
f 3470 3244 3245
f 3244 3154 3157
f 3154 3034 3035
f 3035 2950 2891
f 2891 2803 2719
f 2719 2720 2721
f 2721 2642 2676
f 2676 2543 2677
f 2677 2477 2643
f 2477 2265 2442
f 2265 1994 2205
f 1994 1833 2205
f 1833 1683 1774
f 1683 1685 1686
f 1685 1772 1687
f 1687 1684 1619
f 1684 1616 1620
f 1616 1406 1500
f 1406 1098 1198
f 1098 1271 1198
f 1198 1552 1409
f 1552 1328 1409
f 1328 1100 1409
f 1100 1274 1409
f 1274 1275 1554
f 1275 1205 1413
f 1413 1278 1334
f 1278 1211 1212
f 1211 1213 1026
f 1213 1027 1110
f 1027 1025 906
f 906 1108 1342
f 1108 971 1342
f 971 908 1031
f 908 1028 1032
f 1032 1114 1217
f 1217 1284 1116
f 1284 1344 1118
f 1344 1347 1218
f 1347 1431 1287
f 1431 1702 1348
f 1702 1628 1348
f 1628 1564 1289
f 1564 1788 920
f 1788 2280 2113
f 2280 2491 2445
f 2491 2555 2446
f 2555 2494 2394
f 2494 2496 2396
f 2496 2688 2689
f 2689 2815 2750
f 2815 2862 2864
f 2862 2990 2992
f 2990 3173 2992
f 3300 2923 2919
f 2919 2693 2612
f 2612 2350 2615
f 2350 1956 2352
f 1956 1953 1460
f 1460 1304 1064
f 1304 1309 1065
f 1065 718 876
f 718 470 328
f 470 200 143
f 200 201 133
f 201 144 125
f 144 234 121
f 234 413 468
f 468 654 652
f 652 583 581
f 583 533 466
f 533 327 324
f 327 329 326
f 329 330 234
f 330 146 234
f 146 273 134
f 273 472 167
f 472 586 1000
f 1000 997 998
f 998 1069 1164
f 1164 1367 1369
f 1367 1727 1369
f 1727 1726 2176
f 2176 2174 2508
f 2508 2452 2613
f 2613 2763 2766
f 2763 2924 2766
f 2924 2922 3111
f 3111 3591 3593
f 3593 3894 3832
f 3894 4246 4196
f 4246 4548 4549
f 4548 4816 4754
f 4816 5060 5140
f 5060 4815 4916
f 3277 3273 3274
f 3273 3276 3372
f 3372 3424 3483
f 3483 3486 3550
f 3550 3552 3551
f 3551 3553 3484
f 3484 3487 3373
f 3373 3425 3275
f 3275 3278 3274
f 4916 5059 5223
f 5059 4752 4988
f 4752 4987 5329
f 4987 4611 4610
f 4610 4455 4914
f 4455 4454 4914
f 4454 4453 4684
f 4453 4293 4452
f 4293 3824 4452
f 3824 3581 4112
f 3581 3300 3826
f 3173 3281 3285
f 3285 3428 3430
f 3430 3652 3569
f 3569 3805 3808
f 3805 3997 3999
f 3997 4230 4088
f 4230 4355 4436
f 4355 4173 4227
f 4227 4226 4349
f 4226 4225 4280
f 4280 4278 4346
f 4278 4343 4346
f 4343 4490 4429
f 4490 4657 4729
f 4657 4864 4729
f 4864 5092 5020
f 5092 5170 5020
f 5170 5351 5421
f 5421 5255 5254
f 5254 5478 5420
f 5478 5015 5420
f 5015 5014 5017
f 5014 5011 5017
f 5011 5009 4945
f 4945 4942 4774
f 4774 4640 4642
f 4642 4407 4409
f 4407 4403 4409
f 4403 4483 4481
f 4481 4324 4518
f 4324 4049 4265
f 4049 4052 4212
f 4052 3925 3979
f 3925 3772 3979
f 3772 3771 3625
f 3625 3470 3471
f 3470 3245 3471
f 3245 3244 3157
f 3157 3154 3035
f 3035 2891 3039
f 2891 2719 2955
f 2719 2721 2892
f 2721 2676 2893
f 2676 2677 2960
f 2677 2643 2961
f 2643 2477 2442
f 2442 2265 2205
f 2205 1833 1995
f 1833 1774 1995
f 1774 1683 1686
f 1686 1685 1618
f 1685 1687 1618
f 1687 1619 1504
f 1619 1684 1620
f 1620 1616 1555
f 1616 1500 1274
f 1500 1406 1409
f 1406 1198 1409
f 1409 1274 1500
f 1274 1554 1616
f 1554 1275 1413
f 1413 1334 1554
f 1334 1278 1212
f 1212 1211 1026
f 1026 1213 1110
f 1110 1027 1115
f 1027 906 817
f 906 1342 747
f 1342 971 1031
f 1031 908 907
f 908 1032 909
f 1032 1217 1116
f 1116 1284 1118
f 1118 1344 1218
f 1218 1347 1287
f 1287 1431 1222
f 1431 1348 1222
f 1348 1628 1289
f 1289 1564 920
f 920 1788 1433
f 1788 2113 1433
f 2113 2280 2445
f 2445 2491 2446
f 2446 2555 2394
f 2394 2494 2396
f 2396 2496 2400
f 2496 2689 2652
f 2689 2750 2652
f 2750 2815 2864
f 2864 2862 2992
f 2992 3173 3096
f 3300 2919 3585
f 2919 2612 2870
f 2612 2615 2870
f 2615 2350 2352
f 2352 1956 1958
f 1956 1460 1958
f 1460 1064 1066
f 1064 1304 1065
f 1065 876 1064
f 876 718 717
f 718 328 584
f 328 470 143
f 143 200 133
f 133 201 125
f 125 144 97
f 144 121 75
f 121 234 146
f 234 468 326
f 468 652 467
f 652 581 646
f 581 583 466
f 466 533 324
f 324 327 325
f 327 326 325
f 326 329 234
f 146 134 104
f 134 273 122
f 273 167 122
f 167 472 274
f 472 1000 880
f 1000 998 1071
f 998 1164 999
f 1164 1369 1165
f 1369 1727 1801
f 1727 2176 2178
f 2176 2508 2454
f 2508 2613 2614
f 2613 2766 2614
f 2766 2924 2767
f 2924 3111 2767
f 3111 3593 3184
f 3593 3832 3665
f 3832 3894 4196
f 4196 4246 4549
f 4549 4548 4754
f 4754 4816 5140
f 5140 5060 5387
f 5060 4916 5331
f 3274 3273 3269
f 3273 3372 3421
f 3372 3483 3545
f 3483 3550 3546
f 3550 3551 3547
f 3551 3484 3544
f 3484 3373 3420
f 3373 3275 3268
f 3275 3274 3270
f 4916 5223 5331
f 5223 5059 5330
f 5059 4988 5330
f 4988 4752 5329
f 5329 4987 5138
f 4987 4610 4915
f 4610 4914 4915
f 4914 4454 4684
f 4684 4453 4609
f 4453 4452 4609
f 4452 3824 4112
f 4112 3581 3826
f 3826 3300 3585
f 3173 3285 3287
f 3285 3430 3431
f 3430 3569 3573
f 3569 3808 3740
f 3808 3805 3999
f 3999 3997 4088
f 4088 4230 4436
f 4436 4355 4500
f 4355 4227 4434
f 4227 4349 4434
f 4349 4226 4280
f 4280 4346 4347
f 4346 4343 4429
f 4429 4490 4663
f 4490 4729 4663
f 4729 4864 5020
f 5020 5170 5171
f 5170 5421 5352
f 5421 5254 5482
f 5254 5420 5350
f 5420 5015 5017
f 5017 5011 5350
f 5011 4945 5010
f 4945 4774 4775
f 4774 4642 4775
f 4642 4409 4643
f 4409 4403 4405
f 4403 4481 4518
f 4518 4324 4405
f 4324 4265 4326
f 4265 4049 4212
f 4212 4052 4156
f 4052 3979 4053
f 3979 3772 3773
f 3772 3625 3684
f 3625 3471 3684
f 3471 3245 3246
f 3245 3157 3159
f 3157 3035 3039
f 3039 2891 2955
f 2955 2719 2892
f 2892 2721 2893
f 2893 2676 2960
f 2960 2677 2961
f 2961 2643 2896
f 2643 2442 2600
f 2442 2205 2331
f 2205 1995 2331
f 1995 1774 1929
f 1774 1686 1777
f 1686 1618 1689
f 1618 1687 1504
f 1504 1619 1417
f 1619 1620 1417
f 1620 1555 1418
f 1555 1616 1554
f 1554 1334 1416
f 1334 1212 1416
f 1212 1026 1109
f 1026 1110 1113
f 1110 1115 1117
f 1115 1027 1034
f 1027 817 1034
f 817 906 747
f 747 1342 557
f 1342 1031 912
f 1031 907 912
f 907 908 909
f 909 1032 1116
f 1116 1118 972
f 1118 1218 1036
f 1218 1287 1121
f 1287 1222 1124
f 1222 1348 1132
f 1348 1289 1132
f 1289 920 978
f 920 1433 754
f 1433 2113 1792
f 2113 2445 2341
f 2445 2446 2392
f 2446 2394 2283
f 2394 2396 2214
f 2396 2400 2171
f 2400 2496 2498
f 2496 2652 2653
f 2652 2750 2751
f 2750 2864 2816
f 2864 2992 2993
f 2992 3096 3052
f 3096 3173 3175
f 3585 2919 2870
f 2870 2615 2821
f 2615 2352 2616
f 2352 1958 2353
f 1958 1460 1463
f 1460 1066 1463
f 1066 1064 877
f 1064 876 877
f 876 717 877
f 717 718 584
f 584 328 655
f 328 143 272
f 143 133 145
f 133 125 145
f 125 97 87
f 97 144 75
f 75 121 104
f 121 146 104
f 326 468 467
f 467 652 646
f 646 581 573
f 581 466 459
f 466 324 312
f 324 325 314
f 325 326 467
f 104 134 98
f 134 122 98
f 122 167 114
f 167 274 126
f 274 472 473
f 472 880 587
f 880 1000 1071
f 1071 998 999
f 999 1164 1165
f 1165 1369 1461
f 1369 1801 1461
f 1801 1727 2178
f 2178 2176 2454
f 2454 2508 2614
f 2614 2766 2767
f 2767 3111 3184
f 3184 3593 3665
f 3665 3832 4197
f 3832 4196 4197
f 4196 4549 4460
f 4549 4754 4687
f 4754 5140 5061
f 5140 5387 5332
f 5387 5060 5449
f 5060 5331 5449
f 3274 3269 3270
f 3269 3273 3421
f 3421 3372 3545
f 3545 3483 3546
f 3546 3550 3547
f 3547 3551 3544
f 3544 3484 3420
f 3420 3373 3268
f 3268 3275 3270
f 5331 5223 5417
f 5223 5330 5473
f 5330 4988 5329
f 5329 5138 5386
f 5138 4987 4915
f 4915 4914 4917
f 4914 4684 4917
f 4684 4609 4686
f 4609 4452 4370
f 4452 4112 4135
f 4112 3826 3955
f 3826 3585 3664
f 3173 3287 3175
f 3287 3285 3431
f 3431 3430 3573
f 3573 3569 3740
f 3740 3808 3937
f 3808 3999 3937
f 3999 4088 4176
f 4088 4436 4231
f 4436 4500 4534
f 4500 4355 4434
f 4434 4349 4495
f 4349 4280 4347
f 4347 4346 4431
f 4346 4429 4431
f 4429 4663 4530
f 4663 4729 4867
f 4729 5020 4867
f 5020 5171 4867
f 5171 5170 5352
f 5352 5421 5482
f 5482 5254 5350
f 5350 5420 5017
f 5350 5011 5394
f 5011 5010 5394
f 5010 4945 4775
f 4775 4642 4643
f 4643 4409 4410
f 4409 4405 4267
f 4405 4403 4518
f 4405 4324 4326
f 4326 4265 4321
f 4265 4212 4321
f 4212 4156 4322
f 4156 4052 4053
f 4053 3979 3980
f 3979 3773 3980
f 3773 3772 3684
f 3684 3471 3473
f 3471 3246 3473
f 3246 3245 3159
f 3159 3157 3039
f 3039 2955 2957
f 2955 2892 2958
f 2892 2893 3040
f 2893 2960 3080
f 2960 2961 3081
f 2961 2896 3082
f 2896 2643 2600
f 2600 2442 2331
f 2331 1995 2207
f 1995 1929 2207
f 1929 1774 1835
f 1774 1777 1835
f 1777 1686 1689
f 1689 1618 1621
f 1618 1504 1621
f 1504 1417 1557
f 1417 1620 1418
f 1418 1555 1337
f 1555 1554 1416
f 1416 1212 1107
f 1212 1109 1107
f 1109 1026 1113
f 1113 1110 1117
f 1117 1115 1120
f 1115 1034 1120
f 1034 817 818
f 817 747 818
f 747 557 818
f 557 1342 912
f 912 907 913
f 907 909 972
f 909 1116 972
f 972 1118 1036
f 1036 1218 1121
f 1121 1287 1124
f 1124 1222 1043
f 1222 1132 1043
f 1132 1289 978
f 978 920 754
f 754 1433 1047
f 1433 1792 1047
f 1792 2113 2341
f 2341 2445 2392
f 2392 2446 2283
f 2283 2394 2214
f 2214 2396 2171
f 2171 2400 2288
f 2400 2498 2401
f 2498 2496 2653
f 2653 2652 2751
f 2751 2750 2816
f 2816 2864 2993
f 2993 2992 3052
f 3052 3096 3288
f 3096 3175 3288
f 3585 2870 3308
f 2870 2821 3308
f 2821 2615 2616
f 2616 2352 2353
f 2353 1958 1959
f 1958 1463 1959
f 1463 1066 1070
f 1066 877 878
f 877 717 584
f 584 655 878
f 655 328 272
f 272 143 145
f 145 125 235
f 125 87 76
f 87 97 75
f 75 104 77
f 467 646 461
f 646 573 572
f 573 581 459
f 459 466 312
f 312 324 314
f 314 325 461
f 325 467 461
f 104 98 77
f 98 122 114
f 114 167 126
f 126 274 334
f 274 473 721
f 473 472 587
f 587 880 720
f 880 1071 1072
f 1071 999 1167
f 999 1165 1166
f 1165 1461 1311
f 1461 1801 1802
f 1801 2178 2124
f 2178 2454 2295
f 2454 2614 2518
f 2614 2767 2518
f 2767 3184 2769
f 3184 3665 3112
f 3665 4197 4136
f 4197 4196 4460
f 4460 4549 4687
f 4687 4754 5061
f 5061 5140 5332
f 5332 5387 5388
f 5387 5449 5388
f 5449 5331 5418
f 3270 3269 3168
f 3269 3421 3419
f 3421 3545 3645
f 3545 3546 3732
f 3546 3547 3731
f 3547 3544 3694
f 3544 3420 3542
f 3420 3268 3267
f 3268 3270 3090
f 5331 5417 5418
f 5417 5223 5473
f 5473 5330 5503
f 5330 5329 5474
f 5329 5386 5416
f 5386 5138 5415
f 5138 4915 5058
f 4915 4917 5058
f 4917 4684 4686
f 4686 4609 4370
f 4370 4452 4135
f 4135 4112 3955
f 3955 3826 3664
f 3664 3585 3183
f 3175 3287 3432
f 3287 3431 3432
f 3431 3573 3576
f 3573 3740 3812
f 3740 3937 4003
f 3937 3999 4176
f 4176 4088 4231
f 4231 4436 4534
f 4534 4500 4674
f 4500 4434 4594
f 4434 4495 4594
f 4495 4349 4347
f 4347 4431 4531
f 4431 4429 4589
f 4429 4530 4589
f 4530 4663 4870
f 4663 4867 4870
f 4867 5171 5022
f 5171 5352 5257
f 5352 5482 5396
f 5482 5350 5480
f 5350 5394 5480
f 5394 5010 4717
f 5010 4775 4855
f 4775 4643 4855
f 4643 4410 4644
f 4410 4409 4267
f 4267 4405 4326
f 4326 4321 4322
f 4321 4212 4322
f 4322 4156 4266
f 4156 4053 4056
f 4053 3980 4051
f 3980 3773 3859
f 3773 3684 3685
f 3684 3473 3685
f 3473 3246 3247
f 3246 3159 3160
f 3159 3039 3160
f 3039 2957 3160
f 2957 2955 2958
f 2958 2892 3040
f 3040 2893 3080
f 3080 2960 3081
f 3081 2961 3082
f 3082 2896 3083
f 2896 2600 2897
f 2600 2331 2479
f 2331 2207 2479
f 2207 1929 2206
f 1929 1835 1928
f 1835 1777 1837
f 1777 1689 1838
f 1689 1621 1691
f 1621 1504 1557
f 1557 1417 1506
f 1417 1418 1506
f 1418 1337 1421
f 1337 1555 1335
f 1555 1416 1335
f 1416 1107 1335
f 1107 1109 1030
f 1109 1113 1035
f 1113 1117 1038
f 1117 1120 1041
f 1120 1034 818
f 818 557 819
f 557 912 913
f 913 907 972
f 972 1036 913
f 1036 1121 973
f 1121 1124 1039
f 1124 1043 976
f 1043 1132 921
f 1132 978 921
f 978 754 922
f 754 1047 633
f 1047 1792 1630
f 1792 2341 2033
f 2341 2392 2033
f 2392 2283 2035
f 2283 2214 2038
f 2214 2171 1855
f 2171 2288 2216
f 2288 2400 2401
f 2401 2498 2499
f 2498 2653 2654
f 2653 2751 2755
f 2751 2816 2866
f 2816 2993 2994
f 2993 3052 3098
f 3052 3288 3289
f 3288 3175 3433
f 3585 3308 3183
f 3308 2821 3183
f 2821 2616 2822
f 2616 2353 2657
f 2353 1959 2354
f 1959 1463 1372
f 1463 1070 1372
f 1070 1066 878
f 878 877 584
f 878 655 879
f 655 272 793
f 272 145 471
f 145 235 471
f 235 125 105
f 125 76 88
f 76 87 57
f 87 75 56
f 75 77 56
f 461 646 572
f 572 573 514
f 573 459 452
f 459 312 306
f 312 314 306
f 314 461 457
f 77 98 88
f 98 114 89
f 114 126 135
f 126 334 203
f 334 274 658
f 274 721 723
f 721 473 720
f 473 587 720
f 720 880 881
f 880 1072 881
f 1072 1071 1169
f 1071 1167 1169
f 1167 999 1166
f 1166 1165 1311
f 1311 1461 1522
f 1461 1802 1522
f 1802 1801 2124
f 2124 2178 2295
f 2295 2454 2518
f 2518 2767 2769
f 2769 3184 3112
f 3112 3665 3666
f 3665 4136 3666
f 4136 4197 4461
f 4197 4460 4461
f 4460 4687 4461
f 4687 5061 4688
f 5061 5332 5062
f 5332 5388 5333
f 5388 5449 5475
f 5449 5418 5503
f 3270 3168 3090
f 3168 3269 3419
f 3419 3421 3645
f 3645 3545 3732
f 3732 3546 3731
f 3731 3547 3694
f 3694 3544 3542
f 3542 3420 3267
f 3267 3268 3090
f 5418 5417 5471
f 5417 5473 5501
f 5473 5503 5502
f 5503 5330 5475
f 5330 5474 5225
f 5474 5329 5416
f 5416 5386 5415
f 5415 5138 5058
f 5058 4917 5224
f 4917 4686 4462
f 4686 4370 4299
f 4370 4135 4299
f 4135 3955 3895
f 3955 3664 3895
f 3664 3183 3185
f 3175 3432 3433
f 3432 3431 3576
f 3576 3573 3812
f 3812 3740 4003
f 4003 3937 4177
f 3937 4176 4177
f 4176 4231 4283
f 4231 4534 4437
f 4534 4674 4802
f 4674 4500 4594
f 4594 4495 4593
f 4495 4347 4531
f 4531 4431 4589
f 4589 4530 4667
f 4530 4870 4873
f 4870 4867 5022
f 5022 5171 5257
f 5257 5352 5396
f 5396 5482 5480
f 5480 5394 5481
f 5394 4717 4721
f 4717 5010 4855
f 4855 4643 4644
f 4644 4410 4329
f 4410 4267 4213
f 4267 4326 4322
f 4322 4266 4267
f 4266 4156 4056
f 4056 4053 4051
f 4051 3980 3859
f 3859 3773 3685
f 3685 3473 3529
f 3473 3247 3529
f 3247 3246 3160
f 3160 2957 3079
f 2957 2958 3079
f 2958 3040 3161
f 3040 3080 3250
f 3080 3081 3251
f 3081 3082 3253
f 3082 3083 3254
f 3083 2896 2897
f 2897 2600 2479
f 2479 2207 2478
f 2207 2206 2478
f 2206 1929 1928
f 1928 1835 1836
f 1835 1837 1836
f 1837 1777 1838
f 1838 1689 1691
f 1691 1621 1692
f 1621 1557 1692
f 1557 1506 1694
f 1506 1418 1421
f 1421 1337 1424
f 1337 1335 1214
f 1335 1107 1214
f 1107 1030 1214
f 1030 1109 1035
f 1035 1113 1038
f 1038 1117 1041
f 1041 1120 1039
f 1120 818 819
f 819 557 914
f 557 913 973
f 913 1036 973
f 973 1121 1039
f 1039 1124 976
f 976 1043 918
f 1043 921 918
f 921 978 922
f 922 754 633
f 633 1047 983
f 1047 1630 983
f 1630 1792 1629
f 1792 2033 1629
f 2033 2392 2035
f 2035 2283 2169
f 2283 2038 2169
f 2038 2214 1855
f 1855 2171 2216
f 2216 2288 2344
f 2288 2401 2399
f 2401 2499 2399
f 2499 2498 2654
f 2654 2653 2755
f 2755 2751 2866
f 2866 2816 2994
f 2994 2993 3098
f 3098 3052 3289
f 3289 3288 3434
f 3288 3433 3434
f 3183 2821 2822
f 2822 2616 2657
f 2657 2353 2354
f 2354 1959 1960
f 1959 1372 1960
f 1372 1070 1168
f 1070 878 879
f 879 655 793
f 793 272 471
f 471 235 794
f 235 105 147
f 105 125 88
f 88 76 77
f 76 57 77
f 57 87 56
f 56 77 57
f 461 572 457
f 572 514 567
f 514 573 452
f 452 459 306
f 306 314 457
f 88 98 89
f 89 114 123
f 114 135 123
f 135 126 203
f 203 334 418
f 334 658 886
f 658 274 724
f 274 723 796
f 723 721 882
f 721 720 881
f 881 1072 1171
f 1072 1169 1171
f 1169 1167 1371
f 1167 1166 1371
f 1166 1311 1370
f 1311 1522 1370
f 1522 1802 1576
f 1802 2124 2051
f 2124 2295 2179
f 2295 2518 2296
f 2518 2769 2770
f 2769 3112 2770
f 3112 3666 3503
f 3666 4136 3957
f 4136 4461 4464
f 4461 4687 4688
f 4688 5061 5062
f 5062 5332 5064
f 5332 5333 5064
f 5333 5388 5226
f 5388 5475 5330
f 5475 5449 5503
f 5503 5418 5472
f 3090 3168 2979
f 3168 3419 3371
f 3419 3645 3729
f 3645 3732 4077
f 3732 3731 4073
f 3731 3694 3871
f 3694 3542 3539
f 3542 3267 3166
f 3267 3090 2977
f 5418 5471 5472
f 5471 5417 5501
f 5501 5473 5502
f 5502 5503 5472
f 5330 5225 5139
f 5225 5474 5224
f 5474 5416 5415
f 5415 5058 5224
f 5224 4917 4755
f 4917 4462 4755
f 4462 4686 4299
f 4299 4135 4021
f 4135 3895 4137
f 3895 3664 3594
f 3664 3185 3594
f 3185 3183 2822
f 3433 3432 3578
f 3432 3576 3578
f 3576 3812 3816
f 3812 4003 3940
f 4003 4177 4093
f 4177 4176 4283
f 4283 4231 4437
f 4437 4534 4802
f 4802 4674 4743
f 4674 4594 4743
f 4594 4593 4882
f 4593 4495 4531
f 4531 4589 4670
f 4589 4667 4670
f 4667 4530 4873
f 4873 4870 5025
f 4870 5022 5025
f 5022 5257 5095
f 5257 5396 5256
f 5396 5480 5453
f 5480 5481 5453
f 5481 5394 4721
f 4721 4717 4944
f 4717 4855 4944
f 4855 4644 4944
f 4644 4329 4581
f 4329 4410 4213
f 4213 4267 4266
f 4266 4056 4214
f 4056 4051 4054
f 4051 3859 3860
f 3859 3685 3720
f 3685 3529 3720
f 3529 3247 3474
f 3247 3160 3079
f 3079 2958 3161
f 3161 3040 3250
f 3250 3080 3251
f 3251 3081 3253
f 3253 3082 3254
f 3254 3083 3356
f 3083 2897 3162
f 2897 2479 2963
f 2479 2478 2963
f 2478 2206 2678
f 2206 1928 2156
f 1928 1836 1931
f 1836 1837 1935
f 1837 1838 1839
f 1838 1691 1841
f 1691 1692 1842
f 1692 1557 1694
f 1694 1506 1623
f 1506 1421 1623
f 1421 1424 1625
f 1424 1337 1214
f 1214 1030 1285
f 1030 1035 1037
f 1035 1038 915
f 1038 1041 917
f 1041 1039 976
f 1039 1120 914
f 1120 819 914
f 914 557 973
f 973 1039 914
f 976 918 917
f 918 921 828
f 921 922 828
f 922 633 832
f 633 983 756
f 983 1630 1226
f 1630 1629 1435
f 1629 2033 1707
f 2033 2035 1709
f 2035 2169 1709
f 2169 2038 1948
f 2038 1855 1439
f 1855 2216 1856
f 2216 2344 2345
f 2344 2288 2399
f 2399 2499 2563
f 2499 2654 2655
f 2654 2755 2817
f 2755 2866 2916
f 2866 2994 2995
f 2994 3098 3099
f 3098 3289 3290
f 3289 3434 3435
f 3434 3433 3657
f 2822 2657 2823
f 2657 2354 2658
f 2354 1960 2356
f 1960 1372 1525
f 1372 1168 1170
f 1168 1070 943
f 1070 879 943
f 879 793 794
f 793 471 794
f 794 235 147
f 147 105 113
f 105 88 99
f 457 572 567
f 567 514 563
f 514 452 399
f 452 306 303
f 306 457 451
f 88 89 106
f 89 123 106
f 123 135 202
f 135 203 236
f 203 418 333
f 418 334 886
f 886 658 1246
f 658 724 1075
f 724 274 796
f 796 723 1074
f 723 882 1074
f 882 721 881
f 881 1171 1173
f 1171 1169 1524
f 1169 1371 1524
f 1371 1166 1370
f 1370 1522 1576
f 1576 1802 1731
f 1802 2051 1731
f 2051 2124 2179
f 2179 2295 2296
f 2296 2518 2456
f 2518 2770 2575
f 2770 3112 2771
f 3112 3503 3113
f 3503 3666 3957
f 3957 4136 4464
f 4464 4461 4688
f 4688 5062 4689
f 5062 5064 4817
f 5064 5333 5227
f 5333 5226 5063
f 5226 5388 5330
f 3090 2979 2977
f 2979 3168 3371
f 3371 3419 3729
f 3729 3645 4077
f 4077 3732 4073
f 4073 3731 3871
f 3871 3694 3539
f 3539 3542 3166
f 3166 3267 2977
f 5472 5471 5501
f 5501 5502 5472
f 5330 5139 5226
f 5139 5225 4755
f 5225 5224 4755
f 5224 5474 5415
f 4755 4462 4463
f 4462 4299 4137
f 4299 4021 4137
f 4021 4135 4137
f 4137 3895 3896
f 3895 3594 3896
f 3594 3185 3114
f 3185 2822 2823
f 3433 3578 3657
f 3578 3576 3816
f 3816 3812 3940
f 3940 4003 4093
f 4093 4177 4283
f 4283 4437 4538
f 4437 4802 4538
f 4802 4743 4972
f 4743 4594 4740
f 4594 4882 4740
f 4882 4593 4736
f 4593 4531 4670
f 4670 4667 4736
f 4667 4873 4956
f 4873 5025 5026
f 5025 5022 5095
f 5095 5257 5256
f 5256 5396 5453
f 5453 5481 5422
f 5481 4721 5395
f 4721 4944 5090
f 4944 4644 4581
f 4581 4329 4330
f 4329 4213 4216
f 4213 4266 4214
f 4214 4056 4054
f 4054 4051 3860
f 3860 3859 3720
f 3720 3529 3474
f 3474 3247 3248
f 3247 3079 3248
f 3079 3161 3248
f 3161 3250 3414
f 3250 3251 3475
f 3251 3253 3476
f 3253 3254 3477
f 3254 3356 3532
f 3356 3083 3162
f 3162 2897 2963
f 2963 2478 2962
f 2478 2678 2962
f 2678 2206 2156
f 2156 1928 1931
f 1931 1836 1933
f 1836 1935 1933
f 1935 1837 1839
f 1839 1838 1841
f 1841 1691 1842
f 1842 1692 1845
f 1692 1694 1845
f 1694 1623 1846
f 1623 1421 1625
f 1625 1424 1699
f 1424 1214 1285
f 1285 1030 1037
f 1037 1035 915
f 915 1038 917
f 917 1041 976
f 917 918 824
f 918 828 824
f 828 922 830
f 922 832 830
f 832 633 829
f 633 756 829
f 756 983 835
f 983 1226 835
f 1226 1630 1435
f 1435 1629 1707
f 1707 2033 1435
f 2033 1709 1708
f 1709 2169 1948
f 1948 2038 1713
f 2038 1439 1713
f 1439 1855 1146
f 1855 1856 1146
f 1856 2216 1717
f 2216 2345 2041
f 2345 2344 2449
f 2344 2399 2449
f 2399 2563 2449
f 2563 2499 2655
f 2655 2654 2817
f 2817 2755 2916
f 2916 2866 2995
f 2995 2994 3099
f 3099 3098 3290
f 3290 3289 3435
f 3435 3434 3660
f 3434 3657 3660
f 2823 2657 2658
f 2658 2354 2356
f 2356 1960 1961
f 1960 1525 1638
f 1525 1372 1170
f 1170 1168 944
f 1168 943 944
f 943 879 794
f 794 147 657
f 147 113 148
f 113 105 99
f 99 88 106
f 457 567 451
f 567 563 512
f 563 514 399
f 399 452 303
f 303 306 302
f 306 451 302
f 106 123 149
f 123 202 149
f 202 135 236
f 236 203 333
f 333 418 589
f 418 886 589
f 886 1246 1176
f 1246 658 1075
f 1075 724 1175
f 724 796 1174
f 796 1074 1174
f 1074 882 1466
f 882 881 1173
f 1173 1171 1637
f 1171 1524 1637
f 1524 1371 1523
f 1371 1370 1464
f 1370 1576 1464
f 1576 1731 1523
f 1731 2051 1803
f 2051 2179 2052
f 2179 2296 2052
f 2296 2456 2408
f 2456 2518 2575
f 2575 2770 2771
f 2771 3112 3113
f 3113 3503 3007
f 3503 3957 3749
f 3957 4464 4371
f 4464 4688 4689
f 4689 5062 4817
f 4817 5064 4692
f 5064 5227 4918
f 5227 5333 5476
f 5333 5063 5450
f 5063 5226 4989
f 2977 2979 2974
f 2979 3371 3367
f 3371 3729 3726
f 3729 4077 4070
f 4077 4073 4166
f 4073 3871 3934
f 3871 3539 3631
f 3539 3166 3086
f 3166 2977 2855
f 5226 5139 4989
f 5139 4755 4989
f 4755 4463 4615
f 4463 4462 4247
f 4462 4137 4247
f 4137 3896 4247
f 3896 3594 3595
f 3594 3114 3595
f 3114 3185 2823
f 3657 3578 3817
f 3578 3816 3817
f 3816 3940 4005
f 3940 4093 4096
f 4093 4283 4092
f 4283 4538 4439
f 4538 4802 4972
f 4972 4743 5201
f 4743 4740 4887
f 4740 4882 4960
f 4882 4736 4960
f 4736 4593 4670
f 4736 4667 4798
f 4667 4956 4798
f 4956 4873 5026
f 5026 5025 5181
f 5025 5095 5181
f 5095 5256 5172
f 5256 5453 5397
f 5453 5422 5397
f 5422 5481 5395
f 5395 4721 5090
f 5090 4944 4943
f 4944 4581 4943
f 4581 4330 4646
f 4330 4329 4216
f 4216 4213 4214
f 4214 4054 4215
f 4054 3860 3861
f 3860 3720 3775
f 3720 3474 3775
f 3474 3248 3528
f 3248 3161 3414
f 3414 3250 3475
f 3475 3251 3476
f 3476 3253 3477
f 3477 3254 3532
f 3532 3356 3533
f 3356 3162 3355
f 3162 2963 3252
f 2963 2962 3252
f 2962 2678 2899
f 2678 2156 2644
f 2156 1931 2268
f 1931 1933 1997
f 1933 1935 2002
f 1935 1839 2003
f 1839 1841 2005
f 1841 1842 1938
f 1842 1845 1939
f 1845 1694 1846
f 1846 1623 1847
f 1623 1625 1847
f 1625 1699 1847
f 1699 1424 1426
f 1424 1285 1426
f 1285 1037 1219
f 1037 915 749
f 915 917 824
f 824 828 823
f 828 830 690
f 830 832 690
f 832 829 692
f 829 756 979
f 756 835 984
f 835 1226 1049
f 1226 1435 1140
f 1435 2033 1708
f 1708 1709 1353
f 1709 1948 1567
f 1948 1713 1712
f 1713 1439 1712
f 1439 1146 1438
f 1146 1856 1299
f 1856 1717 1441
f 1717 2216 2041
f 2041 2345 2347
f 2345 2449 2564
f 2449 2563 2608
f 2563 2655 2754
f 2655 2817 2867
f 2817 2916 2917
f 2916 2995 3101
f 2995 3099 3100
f 3099 3290 3291
f 3290 3435 3436
f 3435 3660 3579
f 3660 3657 3818
f 2823 2658 2825
f 2658 2356 2659
f 2356 1961 2410
f 1961 1960 1577
f 1960 1638 1577
f 1638 1525 1465
f 1525 1170 1465
f 1170 944 1073
f 944 943 657
f 943 794 657
f 657 147 148
f 148 113 78
f 113 99 68
f 99 106 149
f 451 567 512
f 512 563 759
f 563 399 449
f 399 303 266
f 303 302 229
f 302 451 301
f 149 202 331
f 202 236 537
f 236 333 659
f 333 589 659
f 589 886 1176
f 1176 1246 1470
f 1246 1075 1640
f 1075 1175 1526
f 1175 724 1174
f 1174 1074 1466
f 1466 882 1173
f 1173 1637 1732
f 1637 1524 1861
f 1524 1523 1803
f 1523 1371 1464
f 1464 1576 1523
f 1523 1731 1803
f 1803 2051 2052
f 2052 2296 2125
f 2296 2408 2125
f 2408 2456 2520
f 2456 2575 2576
f 2575 2771 2576
f 2771 3113 2772
f 3113 3007 2772
f 3007 3503 3385
f 3503 3749 3385
f 3749 3957 3898
f 3957 4371 3898
f 4371 4464 4689
f 4689 4817 4691
f 4817 4692 4551
f 4692 5064 4918
f 4918 5227 4818
f 5227 5476 5141
f 5476 5333 5514
f 5333 5450 5514
f 5450 5063 5334
f 5063 4989 4756
f 2977 2974 2855
f 2974 2979 3367
f 3367 3371 3726
f 3726 3729 4070
f 4070 4077 4166
f 4166 4073 3934
f 3934 3871 3631
f 3631 3539 3086
f 3086 3166 2855
f 4989 4755 4615
f 4615 4463 4247
f 4247 3896 4300
f 3896 3595 3897
f 3595 3114 3667
f 3114 2823 2825
f 3657 3817 3818
f 3817 3816 4006
f 3816 4005 4006
f 4005 3940 4096
f 4096 4093 4001
f 4093 4092 4001
f 4092 4283 4234
f 4283 4439 4234
f 4439 4538 4677
f 4538 4972 4677
f 4972 5201 4677
f 5201 4743 4892
f 4743 4887 4892
f 4887 4740 4960
f 4960 4736 4798
f 4798 4956 4884
f 4956 5026 5028
f 5026 5181 5182
f 5181 5095 5172
f 5172 5256 5397
f 5397 5422 5354
f 5422 5395 5423
f 5395 5090 5091
f 5090 4943 5348
f 4943 4581 4646
f 4646 4330 4413
f 4330 4216 4217
f 4216 4214 4215
f 4215 4054 3861
f 3861 3860 3775
f 3775 3474 3528
f 3528 3248 3414
f 3414 3475 3686
f 3475 3476 3687
f 3476 3477 3687
f 3477 3532 3722
f 3532 3533 3723
f 3533 3356 3355
f 3355 3162 3252
f 3252 2962 3163
f 2962 2899 3163
f 2899 2678 2644
f 2644 2156 2268
f 2268 1931 1997
f 1997 1933 2002
f 2002 1935 2003
f 2003 1839 2005
f 2005 1841 1938
f 1938 1842 1939
f 1939 1845 1941
f 1845 1846 1941
f 1846 1847 2016
f 1847 1699 1942
f 1699 1426 1783
f 1426 1285 1286
f 1285 1219 1286
f 1219 1037 1040
f 1037 749 975
f 749 915 824
f 824 823 749
f 823 828 688
f 828 690 688
f 690 832 689
f 832 692 689
f 692 829 752
f 829 979 977
f 979 756 984
f 984 835 1049
f 1049 1226 1140
f 1140 1435 1708
f 1708 1353 1140
f 1353 1709 1567
f 1567 1948 1712
f 1712 1439 1438
f 1438 1146 1230
f 1146 1299 645
f 1299 1856 1441
f 1441 1717 1442
f 1717 2041 2043
f 2041 2347 2044
f 2347 2345 2564
f 2564 2449 2608
f 2608 2563 2754
f 2754 2655 2867
f 2867 2817 2917
f 2917 2916 3101
f 3101 2995 3100
f 3100 3099 3291
f 3291 3290 3436
f 3436 3435 3579
f 3579 3660 3821
f 3660 3818 3820
f 2825 2658 2659
f 2659 2356 2410
f 2410 1961 2055
f 1961 1577 1639
f 1577 1638 1465
f 1465 1170 1172
f 1170 1073 1172
f 1073 944 722
f 944 657 722
f 657 148 416
f 148 78 100
f 78 113 68
f 68 99 149
f 451 512 301
f 512 759 562
f 759 563 696
f 563 449 696
f 449 399 266
f 266 303 229
f 229 302 301
f 149 331 150
f 331 202 537
f 537 236 659
f 659 589 945
f 589 1176 945
f 1176 1470 1641
f 1470 1246 1640
f 1640 1075 1526
f 1526 1175 1468
f 1175 1174 1467
f 1174 1466 1467
f 1466 1173 1962
f 1173 1732 1962
f 1732 1637 2053
f 1637 1861 2053
f 1861 1524 1803
f 1803 2052 1861
f 2052 2125 1861
f 2125 2408 2355
f 2408 2520 2521
f 2520 2456 2519
f 2456 2576 2519
f 2576 2771 2772
f 2772 3007 2698
f 3007 3385 3115
f 3385 3749 3596
f 3749 3898 3596
f 3898 4371 4372
f 4371 4689 4372
f 4689 4691 4372
f 4691 4817 4551
f 4551 4692 4553
f 4692 4918 4693
f 4918 4818 4693
f 4818 5227 5141
f 5141 5476 5419
f 5476 5514 5570
f 5514 5450 5578
f 5450 5334 5547
f 5334 5063 4990
f 5063 4756 4990
f 4756 4989 4615
f 2855 2974 2968
f 2974 3367 3360
f 3367 3726 3692
f 3726 4070 3933
f 4070 4166 3986
f 4166 3934 3868
f 3934 3631 3629
f 3631 3086 3259
f 3086 2855 2966
f 4615 4247 4550
f 4247 4300 4550
f 4300 3896 3897
f 3897 3595 3667
f 3667 3114 3309
f 3114 2825 3309
f 3818 3817 4007
f 3817 4006 4007
f 4006 4005 4097
f 4005 4096 4097
f 4096 4001 4097
f 4001 4092 4235
f 4092 4234 4235
f 4234 4439 4502
f 4439 4677 4502
f 4677 5201 4895
f 5201 4892 5376
f 4892 4887 5033
f 4887 4960 5102
f 4960 4798 5102
f 4798 4884 5102
f 4884 4956 5028
f 5028 5026 5182
f 5182 5181 5180
f 5181 5172 5180
f 5172 5397 5356
f 5397 5354 5356
f 5354 5422 5423
f 5423 5395 5091
f 5091 5090 4948
f 5090 5348 4948
f 5348 4943 4858
f 4943 4646 4858
f 4646 4413 4713
f 4413 4330 4217
f 4217 4216 4215
f 4215 3861 3862
f 3861 3775 3721
f 3775 3528 3721
f 3528 3414 3530
f 3414 3686 3530
f 3686 3475 3687
f 3687 3477 3688
f 3477 3722 3688
f 3722 3532 3723
f 3723 3533 3690
f 3533 3355 3478
f 3355 3252 3256
f 3252 3163 3256
f 3163 2899 2964
f 2899 2644 2807
f 2644 2268 2645
f 2268 1997 2269
f 1997 2002 2000
f 2002 2003 2004
f 2003 2005 2004
f 2005 1938 2004
f 1938 1939 2010
f 1939 1941 2016
f 1941 1846 2016
f 2016 1847 2020
f 1847 1942 2020
f 1942 1699 1783
f 1783 1426 1510
f 1426 1286 1510
f 1286 1219 1221
f 1219 1040 1221
f 1040 1037 975
f 975 749 1040
f 749 823 1040
f 823 688 751
f 688 690 560
f 690 689 560
f 689 692 559
f 692 752 631
f 752 829 977
f 977 979 1131
f 979 984 1131
f 984 1049 1050
f 1049 1140 762
f 1140 1353 762
f 1353 1567 1142
f 1567 1712 1631
f 1712 1438 1631
f 1438 1230 1144
f 1230 1146 645
f 645 1299 940
f 1299 1441 940
f 1441 1442 1149
f 1442 1717 1718
f 1717 2043 1718
f 2043 2041 2044
f 2044 2347 2290
f 2347 2564 2566
f 2564 2608 2566
f 2608 2754 2609
f 2754 2867 2999
f 2867 2917 2998
f 2917 3101 3054
f 3101 3100 3292
f 3100 3291 3292
f 3291 3436 3292
f 3436 3579 3295
f 3579 3821 3498
f 3821 3660 3820
f 3820 3818 4009
f 2825 2659 2827
f 2659 2410 2660
f 2410 2055 2357
f 2055 1961 1639
f 1639 1577 1373
f 1577 1465 1373
f 1465 1172 1073
f 1073 722 883
f 722 657 416
f 416 148 100
f 100 78 14
f 78 68 13
f 68 149 107
f 301 512 562
f 562 759 1044
f 759 696 1045
f 696 449 694
f 449 266 228
f 266 229 163
f 229 301 265
f 149 150 107
f 150 331 332
f 331 537 474
f 537 659 590
f 659 945 1178
f 945 1176 1471
f 1176 1641 1471
f 1641 1470 1862
f 1470 1640 1735
f 1640 1526 2300
f 1526 1468 2056
f 1468 1175 1467
f 1467 1466 1962
f 1962 1732 2180
f 1732 2053 2180
f 2053 1861 2125
f 2125 2355 2053
f 2355 2408 2521
f 2521 2520 2698
f 2520 2519 2772
f 2519 2576 2772
f 2772 2698 2520
f 2698 3007 3008
f 3007 3115 3008
f 3115 3385 3596
f 3596 3898 3668
f 3898 4372 3668
f 4372 4691 4373
f 4691 4551 4373
f 4551 4553 4200
f 4553 4692 4693
f 4693 4818 5141
f 5141 5419 5065
f 5419 5476 5570
f 5570 5514 5578
f 5578 5450 5547
f 5547 5334 5515
f 5334 4990 4757
f 4990 4756 4690
f 4756 4615 4550
f 2855 2968 2966
f 2968 2974 3360
f 3360 3367 3692
f 3692 3726 3933
f 3933 4070 3986
f 3986 4166 3868
f 3868 3934 3629
f 3629 3631 3259
f 3259 3086 2966
f 4550 4300 4508
f 4300 3897 3899
f 3897 3667 3597
f 3667 3309 3311
f 3309 2825 2827
f 3818 4007 4009
f 4007 4006 4102
f 4006 4097 4103
f 4097 4001 4004
f 4001 4235 4004
f 4235 4234 4502
f 4502 4677 4895
f 4895 5201 5376
f 5376 4892 4971
f 4892 5033 4971
f 5033 4887 5102
f 5102 4884 5370
f 4884 5028 4959
f 5028 5182 5185
f 5182 5180 5267
f 5180 5172 5356
f 5356 5354 5259
f 5354 5423 5353
f 5423 5091 5169
f 5091 4948 5169
f 4948 5348 4786
f 5348 4858 5016
f 4858 4646 4713
f 4713 4413 4416
f 4413 4217 4269
f 4217 4215 4059
f 4215 3862 4059
f 3862 3861 3721
f 3721 3528 3530
f 3530 3686 3777
f 3686 3687 3778
f 3687 3688 3778
f 3688 3722 3865
f 3722 3723 3866
f 3723 3690 3784
f 3690 3533 3478
f 3478 3355 3256
f 3256 3163 3084
f 3163 2964 3084
f 2964 2899 2807
f 2807 2644 2645
f 2645 2268 2269
f 2269 1997 2000
f 2000 2002 2004
f 2004 1938 2009
f 1938 2010 2009
f 2010 1939 2016
f 2016 2020 2013
f 2020 1942 2025
f 1942 1783 1944
f 1783 1510 1785
f 1510 1286 1346
f 1286 1221 1346
f 1221 1040 1042
f 1040 823 751
f 751 688 687
f 688 560 559
f 560 689 559
f 559 692 631
f 631 752 827
f 752 977 827
f 977 1131 1129
f 1131 984 982
f 984 1050 982
f 1050 1049 762
f 762 1353 1142
f 1142 1567 1227
f 1567 1631 1517
f 1631 1438 1298
f 1438 1144 932
f 1144 1230 933
f 1230 645 935
f 645 940 712
f 940 1441 1149
f 1149 1442 1150
f 1442 1718 1443
f 1718 2043 2044
f 2044 2290 1951
f 2290 2347 2570
f 2347 2566 2570
f 2566 2608 2609
f 2609 2754 2818
f 2754 2999 2818
f 2999 2867 2998
f 2998 2917 3055
f 2917 3054 3055
f 3054 3101 3292
f 3292 3436 3295
f 3295 3579 3294
f 3579 3498 3297
f 3498 3821 3499
f 3821 3820 4012
f 3820 4009 4012
f 2827 2659 2660
f 2660 2410 2357
f 2357 2055 2057
f 2055 1639 1578
f 1639 1373 1312
f 1373 1465 1073
f 1073 883 1312
f 883 722 795
f 722 416 795
f 416 100 168
f 100 14 49
f 14 78 13
f 13 68 107
f 301 562 265
f 562 1044 755
f 1044 759 1045
f 1045 696 694
f 694 449 396
f 449 228 396
f 228 266 163
f 163 229 265
f 107 150 90
f 150 332 151
f 332 331 474
f 474 537 590
f 590 659 888
f 659 1178 888
f 1178 945 1471
f 1471 1641 1737
f 1641 1862 1864
f 1862 1470 1735
f 1735 1640 2300
f 2300 1526 2299
f 1526 2056 2299
f 2056 1468 2054
f 1468 1467 2054
f 1467 1962 2054
f 1962 2180 2297
f 2180 2053 2355
f 2355 2521 2617
f 2521 2698 2773
f 2698 3008 2773
f 3008 3115 3009
f 3115 3596 3310
f 3596 3668 3310
f 3668 4372 4022
f 4372 4373 4198
f 4373 4551 4200
f 4200 4553 4467
f 4553 4693 5065
f 4693 5141 5065
f 5065 5419 5228
f 5419 5570 5531
f 5570 5578 5600
f 5578 5547 5602
f 5547 5515 5579
f 5515 5334 4757
f 4757 4990 4616
f 4990 4690 4616
f 4690 4756 4550
f 2966 2968 3258
f 2968 3360 3258
f 3360 3692 3415
f 3692 3933 3689
f 3933 3986 3689
f 3986 3868 3627
f 3868 3629 3627
f 3629 3259 3627
f 3259 2966 3258
f 4550 4508 4690
f 4508 4300 4248
f 4300 3899 4248
f 3899 3897 3597
f 3597 3667 3311
f 3311 3309 2827
f 4009 4007 4102
f 4102 4006 4103
f 4103 4097 4004
f 4004 4235 4286
f 4235 4502 4540
f 4502 4895 4601
f 4895 5376 5043
f 5376 4971 5440
f 4971 5033 5106
f 5033 5102 5370
f 5370 4884 4959
f 4959 5028 5185
f 5185 5182 5267
f 5267 5180 5363
f 5180 5356 5363
f 5356 5259 5363
f 5259 5354 5353
f 5353 5423 5425
f 5423 5169 5425
f 5169 4948 4950
f 4948 4786 4790
f 4786 5348 5016
f 5016 4858 4648
f 4858 4713 4714
f 4713 4416 4714
f 4416 4413 4269
f 4269 4217 4059
f 4059 3862 3982
f 3862 3721 3777
f 3721 3530 3777
f 3777 3686 3778
f 3778 3688 3780
f 3688 3865 3780
f 3865 3722 3866
f 3866 3723 3784
f 3784 3690 3789
f 3690 3478 3632
f 3478 3256 3358
f 3256 3084 3358
f 3084 2964 3085
f 2964 2807 2965
f 2807 2645 2725
f 2645 2269 2601
f 2269 2000 2273
f 2000 2004 2001
f 2004 2009 2108
f 2009 2010 2108
f 2010 2016 2013
f 2013 2020 2112
f 2020 2025 2112
f 2025 1942 1944
f 1944 1783 1785
f 1785 1510 1512
f 1510 1346 1512
f 1346 1221 1288
f 1221 1042 1288
f 1042 1040 751
f 751 687 1042
f 687 688 559
f 559 631 687
f 631 827 687
f 827 977 1129
f 1129 1131 1288
f 1131 982 1134
f 982 1050 925
f 1050 762 639
f 762 1142 639
f 1142 1227 985
f 1227 1567 1517
f 1517 1631 1051
f 1631 1298 932
f 1298 1438 932
f 932 1144 643
f 1144 933 643
f 933 1230 935
f 935 645 712
f 712 940 938
f 940 1149 784
f 1149 1150 784
f 1150 1442 1443
f 1443 1718 1720
f 1718 2044 1720
f 2044 1951 1720
f 1951 2290 2219
f 2290 2570 2505
f 2570 2566 2609
f 2609 2818 2610
f 2818 2999 3003
f 2999 2998 3103
f 2998 3055 3103
f 3055 3054 3292
f 3292 3295 3293
f 3295 3294 3293
f 3294 3579 3297
f 3297 3498 3499
f 3499 3821 3744
f 3821 4012 3887
f 4012 4009 4184
f 2827 2660 2872
f 2660 2357 2619
f 2357 2057 2358
f 2057 2055 1578
f 1578 1639 1245
f 1639 1312 1245
f 1312 1373 1073
f 1312 883 884
f 883 795 884
f 795 416 168
f 168 100 79
f 100 49 79
f 49 14 9
f 14 13 8
f 13 107 32
f 265 562 300
f 562 755 300
f 755 1044 1127
f 1044 1045 1128
f 1045 694 831
f 694 396 395
f 396 228 162
f 228 163 130
f 163 265 198
f 107 90 32
f 90 150 151
f 151 332 474
f 474 590 798
f 590 888 1179
f 888 1178 1475
f 1178 1471 1737
f 1737 1641 1864
f 1864 1862 2126
f 1862 1735 2301
f 1735 2300 2301
f 2300 2299 2829
f 2299 2056 2054
f 2054 1962 2297
f 2297 2180 2409
f 2180 2355 2409
f 2355 2617 2409
f 2617 2521 2773
f 2773 3008 2774
f 3008 3009 2774
f 3009 3115 3310
f 3310 3668 3386
f 3668 4022 3386
f 4022 4372 4198
f 4198 4373 4200
f 4200 4467 3959
f 4467 4553 4991
f 4553 5065 4991
f 5065 5228 5477
f 5228 5419 5531
f 5531 5570 5590
f 5570 5600 5590
f 5600 5578 5602
f 5602 5547 5594
f 5547 5579 5594
f 5579 5515 5335
f 5515 4757 5335
f 4757 4616 4466
f 4616 4690 4465
f 3258 3360 3415
f 3415 3692 3689
f 3689 3986 3627
f 3627 3259 3357
f 3259 3258 3357
f 4690 4508 4465
f 4508 4248 4465
f 4248 3899 3833
f 3899 3597 3598
f 3597 3311 3186
f 3311 2827 2872
f 4009 4102 4184
f 4102 4103 4100
f 4103 4004 4100
f 4004 4286 4100
f 4286 4235 4540
f 4540 4502 4601
f 4601 4895 5043
f 5043 5376 5440
f 5440 4971 5038
f 4971 5106 5038
f 5106 5033 5370
f 5370 4959 5460
f 4959 5185 5188
f 5185 5267 5368
f 5267 5363 5364
f 5363 5259 5262
f 5259 5353 5258
f 5353 5425 5355
f 5425 5169 5093
f 5169 4950 5093
f 4950 4948 4790
f 4790 4786 4656
f 4786 5016 4719
f 5016 4648 4719
f 4648 4858 4714
f 4714 4416 4334
f 4416 4269 4270
f 4269 4059 3982
f 3982 3862 3863
f 3862 3777 3863
f 3777 3778 3863
f 3778 3780 3981
f 3780 3865 4062
f 3865 3866 4063
f 3866 3784 3988
f 3784 3789 4072
f 3789 3690 3632
f 3632 3478 3358
f 3358 3084 3260
f 3084 3085 3260
f 3085 2964 2965
f 2965 2807 2725
f 2725 2645 2601
f 2601 2269 2273
f 2273 2000 2001
f 2001 2004 2108
f 2108 2010 2013
f 2013 2112 2108
f 2112 2025 1852
f 2025 1944 1852
f 1944 1785 1704
f 1785 1512 1566
f 1512 1346 1430
f 1346 1288 1430
f 1288 1042 1129
f 1042 687 827
f 827 1129 1042
f 1288 1131 1134
f 1134 982 1223
f 982 925 981
f 925 1050 639
f 639 1142 985
f 985 1227 1052
f 1227 1517 1051
f 1051 1631 1436
f 1631 932 1436
f 932 643 1436
f 643 933 773
f 933 935 934
f 935 712 938
f 938 940 939
f 940 784 860
f 784 1150 1233
f 1150 1443 1233
f 1443 1720 1445
f 1720 1951 1454
f 1951 2219 1859
f 2219 2290 2505
f 2505 2570 2610
f 2570 2609 2610
f 2610 2818 2762
f 2818 3003 2762
f 3003 2999 3104
f 2999 3103 3104
f 3103 3055 3293
f 3055 3292 3293
f 3293 3294 3177
f 3294 3297 3177
f 3297 3499 3299
f 3499 3744 3825
f 3744 3821 3887
f 3887 4012 4186
f 4012 4184 4186
f 2872 2660 2619
f 2619 2357 2358
f 2358 2057 2058
f 2057 1578 1733
f 1578 1245 1733
f 1245 1312 884
f 884 795 885
f 795 168 417
f 168 79 115
f 79 49 12
f 49 9 12
f 9 14 8
f 8 13 32
f 265 300 198
f 300 755 825
f 755 1127 825
f 1127 1044 1128
f 1128 1045 831
f 831 694 395
f 395 396 162
f 162 228 130
f 130 163 198
f 32 90 58
f 90 151 58
f 151 474 169
f 474 798 660
f 798 590 1179
f 1179 888 1475
f 1475 1178 1737
f 1737 1864 2064
f 1864 2126 2183
f 2126 1862 2303
f 1862 2301 2303
f 2301 2300 2775
f 2300 2829 2832
f 2829 2299 2577
f 2299 2054 2298
f 2054 2297 2298
f 2297 2409 2522
f 2409 2617 2618
f 2617 2773 2774
f 2774 3009 2824
f 3009 3310 3010
f 3310 3386 3010
f 3386 4022 3438
f 4022 4198 3958
f 4198 4200 3709
f 4200 3959 3504
f 3959 4467 3711
f 4467 4991 4758
f 4991 5065 5477
f 5477 5228 5516
f 5228 5531 5516
f 5531 5590 5555
f 5590 5600 5603
f 5600 5602 5606
f 5602 5594 5608
f 5594 5579 5608
f 5579 5335 5540
f 5335 4757 4552
f 4757 4466 4552
f 4466 4616 4249
f 4616 4465 4249
f 3258 3415 3357
f 3415 3689 3357
f 3689 3627 3357
f 4465 4248 4138
f 4248 3833 4138
f 3833 3899 3598
f 3598 3597 3186
f 3186 3311 2872
f 4184 4102 4101
f 4102 4100 4101
f 4100 4286 4364
f 4286 4540 4542
f 4540 4601 4745
f 4601 5043 4745
f 5043 5440 5119
f 5440 5038 5490
f 5038 5106 5193
f 5106 5370 5460
f 5460 4959 5188
f 5188 5185 5368
f 5368 5267 5364
f 5364 5363 5262
f 5262 5259 5258
f 5258 5353 5355
f 5355 5425 5426
f 5425 5093 5426
f 5093 4950 5021
f 4950 4790 4792
f 4790 4656 4728
f 4656 4786 4722
f 4786 4719 4722
f 4719 4648 4649
f 4648 4714 4716
f 4714 4334 4716
f 4334 4416 4270
f 4270 4269 3982
f 3982 3863 4159
f 3863 3778 3981
f 3981 3780 3984
f 3780 4062 3984
f 4062 3865 4063
f 4063 3866 3988
f 3988 3784 4072
f 4072 3789 4074
f 3789 3632 3872
f 3632 3358 3634
f 3358 3260 3634
f 3260 3085 3361
f 3085 2965 3041
f 2965 2725 2967
f 2725 2601 2726
f 2601 2273 2483
f 2273 2001 2159
f 2001 2108 2159
f 2108 2112 2159
f 2112 1852 2164
f 1852 1944 1704
f 1704 1785 1566
f 1566 1512 1432
f 1512 1430 1432
f 1430 1288 1223
f 1288 1134 1223
f 1223 982 981
f 981 925 840
f 925 639 566
f 639 985 566
f 985 1052 929
f 1052 1227 1051
f 1051 1436 766
f 1436 643 1296
f 643 773 576
f 773 933 934
f 934 935 936
f 935 938 936
f 938 939 854
f 939 940 860
f 860 784 859
f 784 1233 942
f 1233 1443 1445
f 1445 1720 1573
f 1720 1454 1573
f 1454 1951 1859
f 1859 2219 2173
f 2219 2505 2509
f 2505 2610 2453
f 2610 2762 2453
f 2762 3003 3004
f 3003 3104 3056
f 3104 3103 3177
f 3103 3293 3177
f 3177 3297 3105
f 3297 3299 3105
f 3299 3499 3178
f 3499 3825 3501
f 3825 3744 3948
f 3744 3887 3948
f 3887 4186 4188
f 4186 4184 4288
f 2872 2619 2830
f 2619 2358 2620
f 2358 2058 2359
f 2058 2057 1733
f 1733 1245 1313
f 1245 884 1313
f 884 885 1313
f 885 795 417
f 417 168 115
f 115 79 20
f 79 12 20
f 12 9 2
f 9 8 1
f 8 32 10
f 198 300 299
f 300 825 299
f 825 1127 1123
f 1127 1128 1220
f 1128 831 826
f 831 395 394
f 395 162 158
f 162 130 129
f 130 198 157
f 32 58 10
f 58 151 91
f 151 169 91
f 169 474 660
f 660 798 591
f 798 1179 946
f 1179 1475 1581
f 1475 1737 1964
f 1737 2064 1964
f 2064 1864 2183
f 2183 2126 2306
f 2126 2303 2411
f 2303 2301 2775
f 2775 2300 2832
f 2832 2829 3388
f 2829 2577 2828
f 2577 2299 2298
f 2298 2297 2522
f 2522 2409 2618
f 2618 2617 2774
f 2774 2824 2618
f 2824 3009 3010
f 3010 3386 3061
f 3386 3438 3061
f 3438 4022 3669
f 4022 3958 3669
f 3958 4198 3709
f 3709 4200 3504
f 3504 3959 3315
f 3959 3711 3315
f 3711 4467 3901
f 4467 4758 4617
f 4758 4991 5451
f 4991 5477 5451
f 5477 5516 5548
f 5516 5531 5555
f 5555 5590 5595
f 5590 5603 5595
f 5603 5600 5606
f 5606 5602 5608
f 5608 5579 5604
f 5579 5540 5604
f 5540 5335 4819
f 5335 4552 4301
f 4552 4466 4301
f 4466 4249 4023
f 4249 4465 4138
f 4138 3833 3707
f 3833 3598 3707
f 3598 3186 3187
f 3186 2872 2830
f 4184 4101 4288
f 4101 4100 4364
f 4364 4286 4542
f 4542 4540 4680
f 4540 4745 4680
f 4745 5043 5119
f 5119 5440 5490
f 5490 5038 5200
f 5038 5193 5200
f 5193 5106 5460
f 5460 5188 5483
f 5188 5368 5272
f 5368 5364 5431
f 5364 5262 5401
f 5262 5258 5261
f 5258 5355 5175
f 5355 5426 5427
f 5426 5093 5021
f 5021 4950 4792
f 4792 4790 4728
f 4728 4656 4726
f 4656 4722 4726
f 4722 4719 4654
f 4719 4649 4654
f 4649 4648 4716
f 4716 4334 4421
f 4334 4270 4332
f 4270 3982 4159
f 4159 3863 3981
f 3981 3984 4160
f 3984 4062 4272
f 4062 4063 4275
f 4063 3988 4277
f 3988 4072 4279
f 4072 4074 4348
f 4074 3789 3872
f 3872 3632 3634
f 3634 3260 3638
f 3260 3361 3638
f 3361 3085 3041
f 3041 2965 2967
f 2967 2725 2726
f 2726 2601 2483
f 2483 2273 2159
f 2159 2112 2277
f 2112 2164 2277
f 2164 1852 1703
f 1852 1704 1224
f 1704 1566 1136
f 1566 1432 980
f 1432 1430 1223
f 1223 981 1432
f 981 840 980
f 840 925 843
f 925 566 700
f 566 985 927
f 985 929 927
f 929 1052 766
f 1052 1051 766
f 766 1436 1296
f 1296 643 576
f 576 773 707
f 773 934 854
f 934 936 854
f 936 938 854
f 854 939 860
f 860 859 854
f 859 784 648
f 784 942 648
f 942 1233 1235
f 1233 1445 1235
f 1445 1573 1446
f 1573 1454 1240
f 1454 1859 1361
f 1859 2173 1795
f 2173 2219 2509
f 2509 2505 2453
f 2453 2762 2765
f 2762 3004 2765
f 3004 3003 3056
f 3056 3104 3105
f 3104 3177 3105
f 3105 3299 3106
f 3299 3178 3106
f 3178 3499 3501
f 3501 3825 3827
f 3825 3948 3888
f 3948 3887 4188
f 4188 4186 4185
f 4186 4288 4185
f 2830 2619 2620
f 2620 2358 2359
f 2359 2058 2059
f 2058 1733 2059
f 1733 1313 1469
f 1313 885 1469
f 885 417 588
f 417 115 170
f 115 20 38
f 20 12 2
f 2 9 1
f 1 8 6
f 8 10 6
f 198 299 157
f 299 825 820
f 825 1123 820
f 1123 1127 1220
f 1220 1128 826
f 826 831 394
f 394 395 158
f 158 162 129
f 129 130 157
f 10 58 15
f 58 91 33
f 91 169 33
f 169 660 419
f 660 591 335
f 591 798 890
f 798 946 890
f 946 1179 1581
f 1581 1475 1964
f 1964 2064 2065
f 2064 2183 2127
f 2183 2306 2307
f 2306 2126 2411
f 2411 2303 2699
f 2303 2775 2699
f 2775 2832 3312
f 2832 3388 3312
f 3388 2829 3062
f 2829 2828 3062
f 2828 2577 2522
f 2577 2298 2522
f 2522 2618 2826
f 2618 2824 2826
f 2824 3010 2826
f 3010 3061 2826
f 3061 3438 3062
f 3438 3669 3062
f 3669 3958 3313
f 3958 3709 3313
f 3709 3504 3117
f 3504 3315 3011
f 3315 3711 3440
f 3711 3901 3751
f 3901 4467 4251
f 4467 4617 4251
f 4617 4758 5229
f 4758 5451 5389
f 5451 5477 5548
f 5548 5516 5555
f 5555 5595 5596
f 5595 5603 5607
f 5603 5606 5607
f 5606 5608 5615
f 5608 5604 5616
f 5604 5540 5601
f 5540 4819 5520
f 4819 5335 4301
f 4301 4466 4199
f 4466 4023 4199
f 4023 4249 3834
f 4249 4138 3834
f 4138 3707 3599
f 3707 3598 3387
f 3598 3187 3387
f 3187 3186 2830
f 4288 4101 4182
f 4101 4364 4446
f 4364 4542 4603
f 4542 4680 4750
f 4680 4745 4981
f 4745 5119 4981
f 5119 5490 5206
f 5490 5200 5509
f 5200 5193 5275
f 5193 5460 5483
f 5483 5188 5272
f 5272 5368 5431
f 5431 5364 5401
f 5401 5262 5261
f 5261 5258 5260
f 5258 5175 5260
f 5175 5355 5427
f 5427 5426 5424
f 5426 5021 5424
f 5021 4792 5424
f 4792 4728 4731
f 4728 4726 4727
f 4726 4722 4789
f 4722 4654 4789
f 4654 4649 4651
f 4649 4716 4718
f 4716 4421 4718
f 4421 4334 4332
f 4332 4270 4159
f 4159 3981 4160
f 4160 3984 4272
f 4272 4062 4275
f 4275 4063 4277
f 4277 3988 4279
f 4279 4072 4348
f 4348 4074 4350
f 4074 3872 4078
f 3872 3634 3873
f 3634 3638 3873
f 3638 3361 3637
f 3361 3041 3362
f 3041 2967 3042
f 2967 2726 2969
f 2726 2483 2808
f 2483 2159 2277
f 2277 2164 2211
f 2164 1703 2211
f 1703 1852 1291
f 1852 1224 1291
f 1224 1704 1136
f 1136 1566 980
f 980 1432 981
f 980 840 841
f 840 843 844
f 843 925 842
f 925 700 842
f 700 566 927
f 927 929 928
f 929 766 640
f 766 1296 640
f 1296 576 1054
f 576 707 1054
f 707 773 708
f 773 854 708
f 854 859 779
f 859 648 783
f 648 942 868
f 942 1235 868
f 1235 1445 1446
f 1446 1573 1452
f 1573 1240 1452
f 1240 1454 1061
f 1454 1361 1061
f 1361 1859 1795
f 1795 2173 2122
f 2173 2509 2510
f 2509 2453 2513
f 2453 2765 2764
f 2765 3004 3005
f 3004 3056 3057
f 3056 3105 3106
f 3106 3178 3107
f 3178 3501 3587
f 3501 3827 3587
f 3827 3825 3888
f 3888 3948 4110
f 3948 4188 4110
f 4188 4185 4110
f 4185 4288 4187
f 2830 2620 2831
f 2620 2359 2621
f 2359 2059 2302
f 2059 1733 1734
f 1733 1469 1734
f 1469 885 1076
f 885 588 797
f 588 417 170
f 170 115 38
f 38 20 5
f 20 2 5
f 2 1 5
f 1 6 3
f 6 10 15
f 157 299 298
f 299 820 298
f 820 1123 748
f 1123 1220 910
f 1220 826 911
f 826 394 627
f 394 158 393
f 158 129 156
f 129 157 156
f 15 58 33
f 33 169 80
f 169 419 80
f 419 660 335
f 335 591 538
f 591 890 889
f 890 946 1077
f 946 1581 1474
f 1581 1964 1868
f 1964 2065 1870
f 2065 2064 2127
f 2127 2183 2307
f 2307 2306 2360
f 2306 2411 2413
f 2411 2699 2622
f 2699 2775 3313
f 2775 3312 3313
f 3312 3388 3669
f 3388 3062 3669
f 3062 2828 3061
f 2828 2522 2826
f 2826 3061 2828
f 3669 3313 3312
f 3313 3709 3117
f 3117 3504 3011
f 3011 3315 2700
f 3315 3440 2875
f 3440 3711 3751
f 3751 3901 3903
f 3901 4251 4142
f 4251 4617 4250
f 4617 5229 4695
f 5229 4758 5389
f 5389 5451 5549
f 5451 5548 5549
f 5548 5555 5596
f 5596 5595 5607
f 5607 5606 5615
f 5615 5608 5616
f 5616 5604 5612
f 5604 5601 5612
f 5601 5540 5520
f 5520 4819 4694
f 4819 4301 4302
f 4301 4199 3900
f 4199 4023 3750
f 4023 3834 3708
f 3834 4138 3599
f 3599 3707 3188
f 3707 3387 3188
f 3387 3187 3063
f 3187 2830 2831
f 4288 4182 4240
f 4182 4101 4446
f 4446 4364 4603
f 4603 4542 4750
f 4750 4680 4901
f 4680 4981 4808
f 4981 5119 5206
f 5206 5490 5509
f 5509 5200 5284
f 5200 5275 5284
f 5275 5193 5483
f 5483 5272 5518
f 5272 5431 5369
f 5431 5401 5457
f 5401 5261 5400
f 5261 5260 5400
f 5260 5175 5179
f 5175 5427 5174
f 5427 5424 5454
f 5424 4792 4951
f 4792 4731 4794
f 4731 4728 4661
f 4728 4727 4661
f 4727 4726 4725
f 4726 4789 4725
f 4789 4654 4653
f 4654 4651 4653
f 4651 4649 4718
f 4718 4421 4424
f 4421 4332 4335
f 4332 4159 4160
f 4160 4272 4335
f 4272 4275 4337
f 4275 4277 4341
f 4277 4279 4345
f 4279 4348 4430
f 4348 4350 4432
f 4350 4074 4078
f 4078 3872 3873
f 3873 3638 3875
f 3638 3637 3875
f 3637 3361 3362
f 3362 3041 3042
f 3042 2967 2969
f 2969 2726 2808
f 2808 2483 2550
f 2483 2277 2550
f 2277 2211 2388
f 2211 1703 1705
f 1703 1291 1292
f 1291 1224 838
f 1224 1136 764
f 1136 980 841
f 841 840 765
f 840 844 765
f 844 843 928
f 843 842 700
f 700 927 843
f 927 928 843
f 928 929 703
f 929 640 703
f 640 1296 1054
f 1054 707 988
f 707 708 577
f 708 854 775
f 854 779 775
f 779 859 778
f 859 783 862
f 783 648 868
f 868 1235 1237
f 1235 1446 1237
f 1446 1452 1447
f 1452 1240 1451
f 1240 1061 1451
f 1061 1361 1062
f 1361 1795 1797
f 1795 2122 1797
f 2122 2173 2510
f 2510 2509 2513
f 2513 2453 2572
f 2453 2764 2572
f 2764 2765 3005
f 3005 3004 3057
f 3057 3056 3106
f 3106 3107 3057
f 3107 3178 3179
f 3178 3587 3179
f 3587 3827 3829
f 3827 3888 3952
f 3888 4110 4111
f 4110 4185 4187
f 4187 4288 4290
f 2831 2620 2621
f 2621 2359 2302
f 2302 2059 2060
f 2059 1734 2060
f 1734 1469 1804
f 1469 1076 1579
f 1076 885 797
f 797 588 170
f 170 38 59
f 38 5 59
f 5 1 4
f 1 3 4
f 3 6 7
f 6 15 33
f 157 298 227
f 298 820 748
f 748 1123 910
f 910 1220 911
f 911 826 627
f 627 394 393
f 393 158 156
f 156 157 227
f 33 80 11
f 80 419 127
f 419 335 124
f 335 538 336
f 538 591 889
f 889 890 1077
f 1077 946 1474
f 1474 1581 1867
f 1581 1868 1867
f 1868 1964 1870
f 1870 2065 1871
f 2065 2127 2066
f 2127 2307 2223
f 2307 2360 2308
f 2360 2306 2413
f 2413 2411 2622
f 2622 2699 3117
f 2699 3313 3117
f 3117 3011 2622
f 3011 2700 2579
f 2700 3315 2875
f 2875 3440 3013
f 3440 3751 3013
f 3751 3903 3193
f 3903 3901 4142
f 4142 4251 4141
f 4251 4250 4141
f 4250 4617 4695
f 4695 5229 5230
f 5229 5389 5532
f 5389 5549 5536
f 5549 5548 5596
f 5596 5607 5592
f 5607 5615 5611
f 5615 5616 5613
f 5616 5612 5613
f 5612 5601 5593
f 5601 5520 5593
f 5520 4694 5452
f 4694 4819 4302
f 4302 4301 4140
f 4301 3900 4139
f 3900 4199 3750
f 3750 4023 3708
f 3708 3834 3439
f 3834 3599 3439
f 3599 3188 3189
f 3188 3387 3063
f 3063 3187 2831
f 4288 4240 4290
f 4240 4182 4446
f 4446 4603 4605
f 4603 4750 4813
f 4750 4901 4984
f 4901 4680 5053
f 4680 4808 5053
f 4808 4981 4979
f 4981 5206 4979
f 5206 5509 5205
f 5509 5284 5508
f 5284 5275 5371
f 5275 5483 5518
f 5518 5272 5369
f 5369 5431 5457
f 5457 5401 5400
f 5400 5260 5399
f 5260 5179 5399
f 5179 5175 5174
f 5174 5427 5454
f 5454 5424 4951
f 4951 4792 4794
f 4794 4731 4733
f 4731 4661 4662
f 4661 4727 4725
f 4725 4789 4724
f 4789 4653 4585
f 4653 4651 4585
f 4651 4718 4652
f 4718 4424 4652
f 4424 4421 4335
f 4335 4332 4160
f 4335 4272 4337
f 4337 4275 4341
f 4341 4277 4345
f 4345 4279 4430
f 4430 4348 4432
f 4432 4350 4433
f 4350 4078 4281
f 4078 3873 4080
f 3873 3875 4080
f 3875 3637 3640
f 3637 3362 3640
f 3362 3042 3044
f 3042 2969 3044
f 2969 2808 2970
f 2808 2550 2810
f 2550 2277 2388
f 2388 2211 2165
f 2211 1705 2165
f 1705 1703 1292
f 1292 1291 836
f 1291 838 836
f 838 1224 764
f 764 1136 841
f 841 765 704
f 765 844 705
f 844 928 703
f 703 640 1054
f 1054 988 703
f 988 707 577
f 577 708 520
f 708 775 520
f 775 779 778
f 778 859 862
f 862 783 715
f 783 868 867
f 868 1237 867
f 1237 1446 1447
f 1447 1452 1451
f 1451 1061 1062
f 1062 1361 1362
f 1361 1797 1362
f 1797 2122 2048
f 2122 2510 2517
f 2510 2513 2573
f 2513 2572 2509
f 2572 2764 2819
f 2764 3005 3059
f 3005 3057 3058
f 3057 3107 3058
f 3107 3179 3110
f 3179 3587 3588
f 3587 3829 3588
f 3829 3827 3952
f 3952 3888 4111
f 4111 4110 4187
f 4187 4290 4109
f 2831 2621 2873
f 2621 2302 2578
f 2302 2060 2304
f 2060 1734 1804
f 1804 1469 1579
f 1579 1076 1374
f 1076 797 887
f 797 170 237
f 170 59 237
f 59 5 4
f 4 3 101
f 3 7 81
f 7 6 11
f 6 33 11
f 227 298 392
f 298 748 392
f 748 910 626
f 910 911 626
f 911 627 626
f 627 393 626
f 393 156 227
f 11 80 21
f 80 127 21
f 127 419 124
f 124 335 336
f 336 538 237
f 538 889 887
f 889 1077 887
f 1077 1474 1473
f 1474 1867 1866
f 1867 1868 1806
f 1868 1870 1806
f 1870 1871 1740
f 1871 2065 2066
f 2066 2127 2223
f 2223 2307 2308
f 2308 2360 2579
f 2360 2413 2579
f 2413 2622 2579
f 2622 3011 2579
f 2579 2700 2661
f 2700 2875 2834
f 2875 3013 2926
f 3013 3751 3066
f 3751 3193 3066
f 3193 3903 3960
f 3903 4142 3960
f 4142 4141 3960
f 4141 4250 4302
f 4250 4695 4694
f 4695 5230 5452
f 5230 5229 5532
f 5532 5389 5536
f 5536 5549 5592
f 5549 5596 5592
f 5592 5607 5605
f 5607 5611 5605
f 5611 5615 5613
f 5613 5612 5614
f 5612 5593 5614
f 5593 5520 5452
f 5452 4694 4695
f 4694 4302 4250
f 4302 4140 4141
f 4140 4301 4139
f 4139 3900 3835
f 3900 3750 3835
f 3750 3708 3710
f 3708 3439 3600
f 3439 3599 3189
f 3189 3188 3064
f 3188 3063 3064
f 3063 2831 3064
f 4290 4240 4183
f 4240 4446 4445
f 4446 4605 4445
f 4605 4603 4813
f 4813 4750 4984
f 4984 4901 5053
f 5053 4808 4983
f 4808 4979 4807
f 4979 5206 5205
f 5205 5509 5508
f 5508 5284 5283
f 5284 5371 5283
f 5371 5275 5518
f 5518 5369 5517
f 5369 5457 5405
f 5457 5400 5456
f 5400 5399 5456
f 5399 5179 5362
f 5179 5174 5362
f 5174 5454 5173
f 5454 4951 5094
f 4951 4794 4869
f 4794 4733 4872
f 4733 4731 4666
f 4731 4662 4666
f 4662 4661 4730
f 4661 4725 4730
f 4725 4724 4730
f 4724 4789 4585
f 4585 4651 4652
f 4652 4424 4426
f 4424 4335 4337
f 4337 4341 4426
f 4341 4345 4427
f 4345 4430 4428
f 4430 4432 4493
f 4432 4433 4493
f 4433 4350 4281
f 4281 4078 4080
f 4080 3875 3876
f 3875 3640 3876
f 3640 3362 3363
f 3362 3044 3363
f 3044 2969 2970
f 2970 2808 2810
f 2810 2550 2604
f 2550 2388 2604
f 2388 2165 2338
f 2165 1705 1563
f 1705 1292 1130
f 1292 836 1130
f 836 838 455
f 838 764 456
f 764 841 704
f 704 765 515
f 765 705 515
f 705 844 703
f 703 988 705
f 988 577 987
f 577 520 987
f 520 775 524
f 775 778 524
f 778 862 858
f 862 715 864
f 715 783 867
f 867 1237 1236
f 1237 1447 1236
f 1447 1451 1455
f 1451 1062 1455
f 1062 1362 1365
f 1362 1797 1798
f 1797 2048 1798
f 2048 2122 2517
f 2517 2510 2573
f 2573 2513 2509
f 2509 2572 2819
f 2819 2764 3059
f 3059 3005 3058
f 3058 3107 3110
f 3110 3179 3180
f 3179 3588 3180
f 3588 3829 3892
f 3829 3952 4133
f 3952 4111 4117
f 4111 4187 4109
f 4109 4290 4291
f 2831 2873 3064
f 2873 2621 2578
f 2578 2302 2304
f 2304 2060 2061
f 2060 1804 2061
f 1804 1579 1736
f 1579 1374 1580
f 1374 1076 1247
f 1076 887 1177
f 887 797 237
f 237 59 116
f 59 4 116
f 4 101 116
f 101 3 81
f 81 7 21
f 7 11 21
f 227 392 393
f 392 748 626
f 626 393 392
f 21 127 81
f 127 124 101
f 124 336 116
f 336 237 116
f 237 538 887
f 887 1077 1177
f 1077 1473 1247
f 1473 1474 1866
f 1866 1867 1739
f 1867 1806 1739
f 1806 1870 1740
f 1740 1871 1808
f 1871 2066 2068
f 2066 2223 2184
f 2223 2308 2184
f 2308 2579 2457
f 2579 2661 2580
f 2661 2700 2834
f 2834 2875 2926
f 2926 3013 3068
f 3013 3066 3068
f 3066 3193 3195
f 3193 3960 3192
f 3960 4141 4140
f 5452 5230 5541
f 5230 5532 5541
f 5532 5536 5598
f 5536 5592 5597
f 5592 5605 5597
f 5605 5611 5597
f 5611 5613 5609
f 5613 5614 5610
f 5614 5593 5580
f 5593 5452 5580
f 4140 4139 3902
f 4139 3835 3902
f 3835 3750 3710
f 3710 3708 3600
f 3600 3439 3389
f 3439 3189 3389
f 3189 3064 3314
f 4290 4183 4291
f 4183 4240 4445
f 4445 4605 4604
f 4605 4813 4908
f 4813 4984 4985
f 4984 5053 5217
f 5053 4983 5217
f 4983 4808 4807
f 4807 4979 5048
f 4979 5205 5048
f 5205 5508 5293
f 5508 5283 5489
f 5283 5371 5375
f 5371 5518 5517
f 5517 5369 5405
f 5405 5457 5456
f 5456 5399 5455
f 5399 5362 5455
f 5362 5174 5358
f 5174 5173 5358
f 5173 5454 5094
f 5094 4951 4869
f 4869 4794 4872
f 4872 4733 4797
f 4733 4666 4797
f 4666 4662 4732
f 4662 4730 4793
f 4730 4724 4659
f 4724 4585 4655
f 4585 4652 4655
f 4652 4426 4655
f 4426 4424 4337
f 4426 4341 4427
f 4427 4345 4428
f 4428 4430 4492
f 4430 4493 4492
f 4493 4433 4494
f 4433 4281 4352
f 4281 4080 4228
f 4080 3876 4081
f 3876 3640 3641
f 3640 3363 3364
f 3363 3044 3045
f 3044 2970 3045
f 2970 2810 2972
f 2810 2604 2812
f 2604 2388 2338
f 2338 2165 2028
f 2165 1563 2028
f 1563 1705 1130
f 1130 836 833
f 836 455 454
f 455 838 456
f 456 764 570
f 764 704 570
f 704 515 569
f 515 705 987
f 705 988 987
f 987 520 931
f 520 524 931
f 524 778 526
f 778 858 855
f 858 862 861
f 862 864 861
f 864 715 714
f 715 867 941
f 867 1236 941
f 1236 1447 1448
f 1447 1455 1448
f 1455 1062 1360
f 1062 1365 1159
f 1365 1362 1798
f 1798 2048 1800
f 2048 2517 2516
f 2517 2573 2515
f 2573 2509 2511
f 2509 2819 2820
f 2819 3059 3006
f 3059 3058 3109
f 3058 3110 3109
f 3110 3180 3437
f 3180 3588 3663
f 3588 3892 3663
f 3892 3829 4133
f 4133 3952 4117
f 4117 4111 4109
f 4109 4291 4116
f 3064 2873 3116
f 2873 2578 2833
f 2578 2304 2523
f 2304 2061 2412
f 2061 1804 1863
f 1804 1736 1863
f 1736 1579 1580
f 1580 1374 1472
f 1374 1247 1472
f 1247 1076 1177
f 116 101 124
f 101 81 127
f 1177 1077 1247
f 1247 1473 1472
f 1473 1866 1865
f 1866 1739 1738
f 1739 1806 1584
f 1806 1740 1584
f 1740 1808 1643
f 1808 1871 2068
f 2068 2066 2184
f 2184 2308 2225
f 2308 2457 2225
f 2457 2579 2580
f 2580 2661 2779
f 2661 2834 2927
f 2834 2926 2927
f 2926 3068 3015
f 3068 3066 3195
f 3195 3193 3317
f 3193 3192 3317
f 3192 3960 3902
f 3960 4140 3902
f 5452 5541 5580
f 5541 5532 5599
f 5532 5598 5599
f 5598 5536 5597
f 5597 5611 5598
f 5611 5609 5598
f 5609 5613 5610
f 5610 5614 5580
f 3902 3835 3191
f 3835 3710 3190
f 3710 3600 3065
f 3600 3389 3012
f 3389 3189 3314
f 3314 3064 3116
f 4291 4183 4106
f 4183 4445 4444
f 4445 4604 4444
f 4604 4605 4908
f 4908 4813 4985
f 4985 4984 5217
f 5217 4983 5220
f 4983 4807 4900
f 4807 5048 4900
f 5048 5205 5121
f 5205 5293 5208
f 5293 5508 5489
f 5489 5283 5375
f 5375 5371 5409
f 5371 5517 5485
f 5517 5405 5485
f 5405 5456 5436
f 5456 5455 5436
f 5455 5362 5429
f 5362 5358 5429
f 5358 5173 5357
f 5173 5094 5024
f 5094 4869 5024
f 4869 4872 4953
f 4872 4797 4875
f 4797 4666 4735
f 4666 4732 4735
f 4732 4662 4793
f 4793 4730 4659
f 4659 4724 4658
f 4724 4655 4658
f 4655 4426 4427
f 4427 4428 4658
f 4428 4492 4528
f 4492 4493 4529
f 4493 4494 4590
f 4494 4433 4352
f 4352 4281 4228
f 4228 4080 4081
f 4081 3876 3877
f 3876 3641 3877
f 3641 3640 3364
f 3364 3363 3045
f 3045 2970 2972
f 2972 2810 2812
f 2812 2604 2603
f 2604 2338 2603
f 2338 2028 2275
f 2028 1563 1511
f 1563 1130 1511
f 1130 833 919
f 833 836 454
f 454 455 267
f 455 456 307
f 456 570 403
f 570 704 516
f 704 569 516
f 569 515 845
f 515 987 845
f 987 931 845
f 931 524 851
f 524 526 852
f 526 778 463
f 778 855 463
f 855 858 861
f 861 864 863
f 864 714 863
f 714 715 870
f 715 941 870
f 941 1236 1239
f 1236 1448 1239
f 1448 1455 1360
f 1360 1062 1159
f 1159 1365 1158
f 1365 1798 1306
f 1798 1800 1306
f 1800 2048 2047
f 2048 2516 2294
f 2516 2517 2515
f 2515 2573 2511
f 2511 2509 2820
f 2820 2819 3006
f 3006 3059 3109
f 3109 3110 3182
f 3110 3437 3182
f 3437 3180 3663
f 3663 3892 3706
f 3892 4133 3891
f 4133 4117 4127
f 4117 4109 4116
f 4116 4291 4367
f 3116 2873 2833
f 2833 2578 2523
f 2523 2304 2412
f 2412 2061 2305
f 2061 1863 2305
f 1863 1736 2181
f 1736 1580 2062
f 1580 1472 1963
f 1472 1473 1865
f 1865 1866 1805
f 1866 1738 1805
f 1738 1739 1583
f 1739 1584 1583
f 1584 1740 1643
f 1643 1808 1873
f 1808 2068 2070
f 2068 2184 2227
f 2184 2225 2227
f 2225 2457 2458
f 2457 2580 2458
f 2580 2779 2582
f 2779 2661 2927
f 2927 2926 3015
f 3015 3068 3197
f 3068 3195 3197
f 3195 3317 3319
f 3317 3192 3391
f 3192 3902 3191
f 5580 5541 5610
f 5541 5599 5610
f 5599 5598 5609
f 5609 5610 5599
f 3191 3835 3190
f 3190 3710 3065
f 3065 3600 3012
f 3012 3389 2874
f 3389 3314 2874
f 3314 3116 2776
f 4291 4106 4367
f 4106 4183 4444
f 4444 4604 4606
f 4604 4908 4907
f 4908 4985 5057
f 4985 5217 5220
f 5220 4983 5129
f 4983 4900 5126
f 4900 5048 5126
f 5048 5121 5124
f 5121 5205 5208
f 5208 5293 5465
f 5293 5489 5488
f 5489 5375 5488
f 5375 5409 5408
f 5409 5371 5485
f 5485 5405 5436
f 5436 5455 5434
f 5455 5429 5434
f 5429 5358 5428
f 5358 5357 5428
f 5357 5173 5178
f 5173 5024 5178
f 5024 4869 4953
f 4953 4872 4954
f 4872 4875 4954
f 4875 4797 4796
f 4797 4735 4796
f 4735 4732 4734
f 4732 4793 4871
f 4793 4659 4660
f 4659 4658 4428
f 4658 4655 4427
f 4428 4528 4660
f 4528 4492 4529
f 4529 4493 4590
f 4590 4494 4591
f 4494 4352 4496
f 4352 4228 4354
f 4228 4081 4172
f 4081 3877 3994
f 3877 3641 3642
f 3641 3364 3365
f 3364 3045 3047
f 3045 2972 2975
f 2972 2812 2975
f 2812 2603 2811
f 2603 2338 2275
f 2275 2028 2024
f 2028 1511 2024
f 1511 1130 919
f 919 833 402
f 833 454 402
f 454 267 268
f 267 455 307
f 307 456 403
f 403 570 571
f 570 516 768
f 516 569 769
f 569 845 769
f 845 931 849
f 931 851 849
f 851 524 850
f 524 852 850
f 852 526 853
f 526 463 853
f 463 855 464
f 855 861 857
f 861 863 857
f 863 714 866
f 714 870 871
f 870 941 1239
f 1239 1448 1057
f 1448 1360 1057
f 1360 1159 1302
f 1159 1158 1302
f 1158 1365 1306
f 1306 1800 1799
f 1800 2047 1799
f 2047 2048 2294
f 2294 2516 2455
f 2516 2515 2514
f 2515 2511 2512
f 2511 2820 2696
f 2820 3006 2768
f 3006 3109 3307
f 3109 3182 3307
f 3182 3437 3502
f 3437 3663 3706
f 3706 3892 3891
f 3891 4133 4195
f 4133 4127 4195
f 4127 4117 4116
f 4116 4367 4122
f 3116 2833 2623
f 2833 2523 2623
f 2523 2412 2524
f 2412 2305 2414
f 2305 1863 2181
f 2181 1736 2062
f 2062 1580 1963
f 1963 1472 1865
f 1865 1805 1869
f 1805 1738 1642
f 1738 1583 1582
f 1583 1584 1527
f 1584 1643 1527
f 1643 1873 1743
f 1873 1808 2070
f 2070 2068 2227
f 2227 2225 2228
f 2225 2458 2228
f 2458 2580 2582
f 2582 2779 2781
f 2779 2927 2876
f 2927 3015 2876
f 3015 3197 3016
f 3197 3195 3319
f 3319 3317 3443
f 3317 3391 3443
f 3391 3192 3390
f 3192 3191 3390
f 3191 3190 3390
f 3190 3065 3316
f 3065 3012 3067
f 3012 2874 2925
f 2874 3314 2776
f 2776 3116 2623
f 4367 4106 4108
f 4106 4444 4447
f 4444 4606 4447
f 4606 4604 4907
f 4907 4908 5057
f 5057 4985 5220
f 5220 5129 5219
f 5129 4983 5126
f 5126 5048 5124
f 5124 5121 5448
f 5121 5208 5210
f 5208 5465 5207
f 5465 5293 5292
f 5293 5488 5292
f 5488 5375 5374
f 5375 5408 5374
f 5408 5409 5485
f 5485 5436 5484
f 5436 5434 5484
f 5434 5429 5404
f 5429 5428 5404
f 5428 5357 5398
f 5357 5178 5398
f 5178 5024 5177
f 5024 4953 5177
f 4953 4954 5176
f 4954 4875 4874
f 4875 4796 4874
f 4796 4735 4734
f 4734 4732 4871
f 4871 4793 4665
f 4793 4660 4665
f 4660 4659 4428
f 4660 4528 4665
f 4528 4529 4665
f 4529 4590 4665
f 4590 4591 4668
f 4591 4494 4496
f 4496 4352 4354
f 4354 4228 4172
f 4172 4081 3994
f 3994 3877 3792
f 3877 3642 3792
f 3642 3641 3365
f 3365 3364 3047
f 3047 3045 2975
f 2975 2812 2811
f 2811 2603 2552
f 2603 2275 2552
f 2275 2024 2209
f 2024 1511 1423
f 1511 919 1423
f 919 402 513
f 402 454 268
f 268 267 271
f 267 307 310
f 307 403 458
f 403 571 518
f 571 570 768
f 768 516 769
f 769 845 847
f 845 849 847
f 849 851 850
f 850 852 849
f 852 853 771
f 853 463 777
f 463 464 777
f 464 855 857
f 857 863 856
f 863 866 856
f 866 714 650
f 714 871 650
f 871 870 1239
f 1239 1057 871
f 1057 1360 1058
f 1360 1302 1059
f 1302 1158 1155
f 1158 1306 1156
f 1306 1799 1305
f 1799 2047 1957
f 2047 2294 2177
f 2294 2455 2407
f 2455 2516 2574
f 2516 2514 2768
f 2514 2515 2512
f 2512 2511 2696
f 2696 2820 2768
f 2768 3006 3307
f 3307 3182 3384
f 3182 3502 3384
f 3502 3437 3706
f 3706 3891 3747
f 3891 4195 3890
f 4195 4127 4129
f 4127 4116 4122
f 4122 4367 4368
f 2623 2523 2524
f 2524 2412 2414
f 2414 2305 2221
f 2305 2181 2221
f 2181 2062 2182
f 2062 1963 2063
f 1963 1865 1869
f 1869 1805 1807
f 1805 1642 1807
f 1642 1738 1582
f 1582 1583 1477
f 1583 1527 1477
f 1527 1643 1743
f 1743 1873 2072
f 1873 2070 2185
f 2070 2227 2310
f 2227 2228 2310
f 2228 2458 2417
f 2458 2582 2417
f 2582 2781 2584
f 2781 2779 2876
f 2876 3015 3016
f 3016 3197 3119
f 3197 3319 3119
f 3319 3443 3321
f 3443 3391 3442
f 3391 3390 3441
f 3390 3190 3316
f 3316 3065 3194
f 3065 3067 3194
f 3067 3012 2925
f 2925 2874 2777
f 2874 2776 2777
f 2776 2623 2624
f 4367 4108 4368
f 4108 4106 4447
f 4447 4606 4607
f 4606 4907 4906
f 4907 5057 5133
f 5057 5220 5317
f 5220 5219 5317
f 5219 5129 5215
f 5129 5126 5215
f 5126 5124 5214
f 5124 5448 5385
f 5448 5121 5210
f 5210 5208 5207
f 5207 5465 5464
f 5465 5292 5464
f 5292 5488 5507
f 5488 5374 5507
f 5374 5408 5373
f 5408 5485 5484
f 5484 5434 5458
f 5434 5404 5458
f 5404 5428 5402
f 5428 5398 5402
f 5398 5178 5361
f 5178 5177 5361
f 5177 4953 5176
f 5176 4954 5098
f 4954 4874 5098
f 4874 4796 4878
f 4796 4734 4878
f 4734 4871 4878
f 4871 4665 4668
f 4665 4590 4668
f 4668 4591 4669
f 4591 4496 4671
f 4496 4354 4498
f 4354 4172 4353
f 4172 3994 4083
f 3994 3792 4083
f 3792 3642 3644
f 3642 3365 3369
f 3365 3047 3046
f 3047 2975 3046
f 2975 2811 2906
f 2811 2552 2730
f 2552 2275 2209
f 2209 2024 2012
f 2024 1423 1696
f 1423 919 822
f 919 513 822
f 513 402 401
f 402 268 308
f 268 271 308
f 271 267 313
f 267 310 313
f 310 307 458
f 458 403 518
f 518 571 770
f 571 768 846
f 768 769 847
f 847 849 852
f 852 771 847
f 771 853 706
f 853 777 706
f 777 464 465
f 464 857 856
f 856 866 782
f 866 650 869
f 650 871 872
f 871 1057 872
f 1057 1058 872
f 1058 1360 1059
f 1059 1302 1060
f 1302 1155 1060
f 1155 1158 1156
f 1156 1306 1305
f 1305 1799 1244
f 1799 1957 1729
f 1957 2047 2177
f 2177 2294 2407
f 2407 2455 2574
f 2574 2516 2656
f 2516 2768 2871
f 2768 2514 2696
f 2514 2512 2696
f 2768 3307 3181
f 3307 3384 3383
f 3384 3502 3383
f 3502 3706 3747
f 3747 3891 3890
f 3890 4195 4194
f 4195 4129 4194
f 4129 4127 4122
f 4122 4368 4126
f 2623 2524 2624
f 2524 2414 2525
f 2414 2221 2415
f 2221 2181 2182
f 2182 2062 2063
f 2063 1963 1869
f 1869 1807 1965
f 1807 1642 1741
f 1642 1582 1585
f 1582 1477 1476
f 1477 1527 1587
f 1527 1743 1587
f 1743 2072 1968
f 2072 1873 2185
f 2185 2070 2310
f 2310 2228 2417
f 2417 2582 2584
f 2584 2781 2783
f 2781 2876 2835
f 2876 3016 2835
f 3016 3119 2930
f 3119 3319 3321
f 3321 3443 3396
f 3443 3442 3396
f 3442 3391 3441
f 3441 3390 3316
f 3316 3194 3392
f 3194 3067 3196
f 3067 2925 3014
f 2925 2777 2778
f 2777 2776 2624
f 4368 4108 4115
f 4108 4447 4448
f 4447 4607 4448
f 4607 4606 4906
f 4906 4907 5133
f 5133 5057 5317
f 5317 5219 5221
f 5219 5215 5216
f 5215 5126 5214
f 5214 5124 5385
f 5385 5448 5209
f 5448 5210 5209
f 5210 5207 5296
f 5207 5464 5296
f 5464 5292 5291
f 5292 5507 5291
f 5507 5374 5281
f 5374 5373 5281
f 5373 5408 5484
f 5484 5458 5373
f 5458 5404 5435
f 5404 5402 5435
f 5402 5398 5365
f 5398 5361 5365
f 5361 5177 5360
f 5177 5176 5360
f 5176 5098 5359
f 5098 4874 5097
f 4874 4878 5097
f 4878 4871 4877
f 4871 4668 4877
f 4668 4669 4877
f 4669 4591 4671
f 4671 4496 4498
f 4498 4354 4353
f 4353 4172 4229
f 4172 4083 4229
f 4083 3792 3878
f 3792 3644 3878
f 3644 3642 3369
f 3369 3365 3046
f 3046 2975 2906
f 2906 2811 2730
f 2730 2552 2551
f 2552 2209 2551
f 2209 2012 2274
f 2012 2024 1937
f 2024 1696 1937
f 1696 1423 1622
f 1423 822 1033
f 822 513 693
f 513 401 450
f 401 402 308
f 308 271 315
f 271 313 316
f 313 310 522
f 310 458 519
f 458 518 575
f 518 770 706
f 770 571 846
f 846 768 847
f 847 771 846
f 771 706 846
f 706 777 774
f 777 465 711
f 465 464 856
f 856 782 465
f 782 866 869
f 869 650 651
f 650 872 651
f 872 1058 873
f 1058 1059 873
f 1059 1060 874
f 1060 1155 1063
f 1155 1156 1063
f 1156 1305 1063
f 1305 1244 1063
f 1244 1799 1729
f 1729 1957 2050
f 1957 2177 2123
f 2177 2407 2293
f 2407 2574 2293
f 2574 2656 2293
f 2656 2516 2871
f 2871 2768 3181
f 3181 3307 3383
f 3383 3502 3747
f 3747 3890 3705
f 3890 4194 3889
f 4194 4129 4131
f 4129 4122 4126
f 4126 4368 4294
f 2624 2524 2525
f 2525 2414 2415
f 2415 2221 2222
f 2221 2182 2222
f 2182 2063 2128
f 2063 1869 1965
f 1965 1807 1872
f 1807 1741 1872
f 1741 1642 1585
f 1585 1582 1476
f 1476 1477 1529
f 1477 1587 1529
f 1587 1743 1968
f 1968 2072 2186
f 2072 2185 2186
f 2185 2310 2311
f 2310 2417 2461
f 2417 2584 2461
f 2584 2783 2625
f 2783 2781 2835
f 2835 3016 2930
f 2930 3119 3017
f 3119 3321 3017
f 3321 3396 3070
f 3396 3442 3395
f 3442 3441 3394
f 3441 3316 3392
f 3392 3194 3318
f 3194 3196 3318
f 3196 3067 3014
f 3014 2925 2778
f 2778 2777 2662
f 2777 2624 2662
f 4368 4115 4294
f 4115 4108 4448
f 4448 4607 4608
f 4607 4906 4909
f 4906 5133 5132
f 5133 5317 5324
f 5317 5221 5324
f 5221 5219 5216
f 5216 5215 5213
f 5215 5214 5213
f 5214 5385 5213
f 5385 5209 5301
f 5209 5210 5296
f 5296 5464 5493
f 5464 5291 5493
f 5291 5507 5506
f 5507 5281 5506
f 5281 5373 5279
f 5373 5458 5279
f 5458 5435 5279
f 5435 5402 5433
f 5402 5365 5433
f 5365 5361 5266
f 5361 5360 5266
f 5360 5176 5359
f 5359 5098 5264
f 5098 5097 5264
f 5097 4878 5029
f 4878 4877 4880
f 4877 4669 4879
f 4669 4671 4737
f 4671 4498 4672
f 4498 4353 4499
f 4353 4229 4435
f 4229 4083 4174
f 4083 3878 4174
f 3878 3644 3482
f 3644 3369 3368
f 3369 3046 2976
f 3046 2906 2976
f 2906 2730 2731
f 2730 2551 2731
f 2551 2209 2274
f 2274 2012 1937
f 1937 1696 1622
f 1622 1423 1343
f 1423 1033 1343
f 1033 822 693
f 693 513 450
f 450 401 400
f 401 308 400
f 308 315 460
f 315 271 319
f 271 316 319
f 316 313 317
f 313 522 523
f 522 310 519
f 519 458 575
f 575 518 706
f 706 770 846
f 706 774 575
f 774 777 711
f 711 465 409
f 465 782 409
f 782 869 713
f 869 651 716
f 651 872 873
f 873 1059 874
f 874 1060 875
f 1060 1063 875
f 1063 1244 1157
f 1244 1729 1157
f 1729 2050 1955
f 2050 1957 2123
f 2123 2177 2220
f 2177 2293 2220
f 2293 2656 2220
f 2656 2871 3060
f 2871 3181 3060
f 3181 3383 3060
f 3383 3747 3705
f 3705 3890 3889
f 3889 4194 4193
f 4194 4131 4128
f 4131 4129 4126
f 4126 4294 4125
f 2624 2525 2662
f 2525 2415 2581
f 2415 2222 2416
f 2222 2182 2128
f 2128 2063 1965
f 1965 1872 2067
f 1872 1741 1966
f 1741 1585 1742
f 1585 1476 1586
f 1476 1529 1528
f 1529 1587 1744
f 1587 1968 1810
f 1968 2186 2075
f 2186 2185 2311
f 2311 2310 2418
f 2310 2461 2418
f 2461 2584 2625
f 2625 2783 2784
f 2783 2835 2784
f 2835 2930 3018
f 2930 3017 3018
f 3017 3321 3070
f 3070 3396 3199
f 3396 3395 3323
f 3395 3442 3394
f 3394 3441 3392
f 3392 3318 3393
f 3318 3196 3118
f 3196 3014 2928
f 3014 2778 2780
f 2778 2662 2663
f 4294 4115 4243
f 4115 4448 4450
f 4448 4608 4450
f 4608 4607 4909
f 4909 4906 5132
f 5132 5133 5324
f 5324 5221 5222
f 5221 5216 5316
f 5216 5213 5306
f 5213 5385 5447
f 5385 5301 5447
f 5301 5209 5295
f 5209 5296 5295
f 5296 5493 5295
f 5493 5291 5290
f 5291 5506 5290
f 5506 5281 5280
f 5281 5279 5280
f 5279 5435 5192
f 5435 5433 5192
f 5433 5365 5430
f 5365 5266 5430
f 5266 5360 5265
f 5360 5359 5265
f 5359 5264 5269
f 5264 5097 5183
f 5097 5029 5183
f 5029 4878 4880
f 4880 4877 4879
f 4879 4669 4737
f 4737 4671 4672
f 4672 4498 4499
f 4499 4353 4435
f 4435 4229 4358
f 4229 4174 4358
f 4174 3878 3793
f 3878 3482 3793
f 3482 3644 3368
f 3368 3369 2976
f 2976 2906 2731
f 2731 2551 2487
f 2551 2274 2487
f 2274 1937 2161
f 1937 1622 1688
f 1622 1343 1688
f 1343 1033 1415
f 1033 693 916
f 693 450 634
f 450 400 564
f 400 308 460
f 460 315 525
f 315 319 408
f 319 316 321
f 316 317 321
f 317 313 462
f 313 523 462
f 523 522 519
f 519 575 644
f 575 774 644
f 774 711 580
f 711 409 580
f 409 782 713
f 713 869 716
f 716 651 531
f 651 873 531
f 873 874 531
f 874 875 531
f 875 1063 1157
f 1157 1729 1955
f 1955 2050 2351
f 2050 2123 2351
f 2123 2220 2351
f 2220 2656 2351
f 2656 3060 2697
f 3060 3383 3705
f 3705 3889 3590
f 3889 4193 3954
f 4193 4194 4128
f 4128 4131 4125
f 4131 4126 4125
f 4125 4294 4244
f 2662 2525 2581
f 2581 2415 2416
f 2416 2222 2224
f 2222 2128 2224
f 2128 1965 2067
f 2067 1872 2069
f 1872 1966 2069
f 1966 1741 1742
f 1742 1585 1586
f 1586 1476 1528
f 1528 1529 1644
f 1529 1744 1644
f 1744 1587 1810
f 1810 1968 2075
f 2075 2186 2231
f 2186 2311 2463
f 2311 2418 2463
f 2418 2461 2527
f 2461 2625 2527
f 2625 2784 2527
f 2784 2835 3018
f 3018 3017 3070
f 3070 3199 3018
f 3199 3396 3323
f 3323 3395 3322
f 3395 3394 3322
f 3394 3392 3393
f 3393 3318 3320
f 3318 3118 3320
f 3118 3196 2928
f 2928 3014 2780
f 2780 2778 2663
f 2663 2662 2581
f 4294 4243 4244
f 4243 4115 4450
f 4450 4608 4682
f 4608 4909 4911
f 4909 5132 5134
f 5132 5324 5323
f 5324 5222 5323
f 5222 5221 5316
f 5316 5216 5306
f 5306 5213 5447
f 5447 5301 5384
f 5301 5295 5379
f 5295 5493 5513
f 5493 5290 5513
f 5290 5506 5487
f 5506 5280 5487
f 5280 5279 5192
f 5192 5433 5190
f 5433 5430 5190
f 5430 5266 5403
f 5266 5265 5403
f 5265 5359 5269
f 5269 5264 5268
f 5264 5183 5268
f 5183 5029 5184
f 5029 4880 4881
f 4880 4879 4881
f 4879 4737 4883
f 4737 4672 4738
f 4672 4499 4673
f 4499 4435 4595
f 4435 4358 4532
f 4358 4174 4171
f 4174 3793 4171
f 3793 3482 3417
f 3482 3368 3165
f 3368 2976 2904
f 2976 2731 2647
f 2731 2487 2647
f 2487 2274 2161
f 2161 1937 1688
f 1688 1343 1415
f 1415 1033 1209
f 1033 916 1209
f 916 693 634
f 634 450 564
f 564 400 568
f 400 460 568
f 460 525 642
f 525 315 408
f 408 319 321
f 321 317 322
f 317 462 406
f 462 523 578
f 523 519 578
f 519 644 578
f 644 774 780
f 774 580 780
f 580 409 320
f 409 713 320
f 713 716 649
f 716 531 649
f 531 875 532
f 875 1157 653
f 1157 1955 1363
f 1955 2351 2697
f 2351 2656 2697
f 2697 3060 2869
f 3060 3705 3590
f 3590 3889 3954
f 3954 4193 4128
f 4128 4125 4121
f 4125 4244 4121
f 2581 2416 2583
f 2416 2224 2459
f 2224 2128 2067
f 2067 2069 2226
f 2069 1966 2129
f 1966 1742 1967
f 1742 1586 1809
f 1586 1528 1644
f 1644 1744 2074
f 1744 1810 2075
f 2075 2231 2230
f 2231 2186 2312
f 2186 2463 2312
f 2463 2418 2527
f 2527 2784 2786
f 2784 3018 2786
f 3018 3199 3072
f 3199 3323 3072
f 3323 3322 3072
f 3322 3394 3393
f 3393 3320 3198
f 3320 3118 3069
f 3118 2928 2929
f 2928 2780 2782
f 2780 2663 2664
f 2663 2581 2583
f 4244 4243 4365
f 4243 4450 4507
f 4450 4682 4507
f 4682 4608 4911
f 4911 4909 5134
f 5134 5132 5323
f 5323 5222 5322
f 5222 5316 5315
f 5316 5306 5310
f 5306 5447 5500
f 5447 5384 5500
f 5384 5301 5379
f 5379 5295 5513
f 5513 5290 5288
f 5290 5487 5288
f 5487 5280 5199
f 5280 5192 5199
f 5192 5190 5199
f 5190 5430 5105
f 5430 5403 5105
f 5403 5265 5367
f 5265 5269 5367
f 5269 5268 5366
f 5268 5183 5186
f 5183 5184 5186
f 5184 5029 4957
f 5029 4881 4957
f 4881 4879 4883
f 4883 4737 4738
f 4738 4672 4673
f 4673 4499 4595
f 4595 4435 4532
f 4532 4358 4357
f 4358 4171 4357
f 4171 3793 3795
f 3793 3417 3795
f 3417 3482 3165
f 3165 3368 2904
f 2904 2976 2647
f 2647 2487 2387
f 2487 2161 2387
f 2161 1688 1934
f 1688 1415 1934
f 1415 1209 1505
f 1209 916 1106
f 916 634 753
f 634 564 757
f 564 568 761
f 568 460 642
f 642 525 776
f 525 408 582
f 408 321 410
f 321 322 410
f 322 317 323
f 317 406 323
f 406 462 528
f 462 578 528
f 578 644 647
f 644 780 647
f 780 580 529
f 580 320 529
f 320 713 649
f 649 531 530
f 531 532 530
f 532 875 653
f 653 1157 786
f 1157 1363 786
f 1363 1955 1721
f 1955 2697 2175
f 2697 2869 2506
f 2869 3060 3590
f 3590 3954 4020
f 3954 4128 4124
f 4128 4121 4124
f 4121 4244 4366
f 2583 2416 2459
f 2459 2224 2226
f 2224 2067 2226
f 2226 2069 2309
f 2069 2129 2309
f 2129 1966 2071
f 1966 1967 2071
f 1967 1742 1809
f 1809 1586 1644
f 1644 2074 1809
f 2074 1744 2075
f 2075 2230 2074
f 2230 2231 2462
f 2231 2312 2528
f 2312 2463 2587
f 2463 2527 2666
f 2527 2786 2666
f 2786 3018 2785
f 3018 3072 2932
f 3072 3322 3198
f 3322 3393 3198
f 3198 3320 3120
f 3320 3069 3120
f 3069 3118 2929
f 2929 2928 2782
f 2782 2780 2664
f 2664 2663 2583
f 4244 4365 4366
f 4365 4243 4507
f 4507 4682 4683
f 4682 4911 4910
f 4911 5134 5137
f 5134 5323 5328
f 5323 5322 5328
f 5322 5222 5315
f 5315 5316 5310
f 5310 5306 5500
f 5500 5384 5383
f 5384 5379 5412
f 5379 5513 5512
f 5513 5288 5512
f 5288 5487 5462
f 5487 5199 5462
f 5199 5190 5197
f 5190 5105 5197
f 5105 5403 5032
f 5403 5367 5032
f 5367 5269 5366
f 5366 5268 5270
f 5268 5186 5270
f 5186 5184 5187
f 5184 4957 5100
f 4957 4881 4883
f 4883 4738 4958
f 4738 4673 4886
f 4673 4595 4741
f 4595 4532 4742
f 4532 4357 4533
f 4357 4171 4086
f 4171 3795 4086
f 3795 3417 3167
f 3417 3165 2971
f 3165 2904 2733
f 2904 2647 2486
f 2647 2387 2486
f 2387 2161 1934
f 1934 1415 1840
f 1415 1505 1840
f 1505 1209 1106
f 1106 916 753
f 753 634 757
f 757 564 761
f 761 568 763
f 568 642 763
f 642 776 937
f 776 525 582
f 582 408 410
f 410 322 411
f 322 323 411
f 323 406 318
f 406 528 318
f 528 578 647
f 647 780 529
f 529 320 318
f 320 649 318
f 649 530 318
f 530 532 412
f 532 653 412
f 653 786 410
f 786 1363 992
f 1363 1721 992
f 1721 1955 2175
f 2175 2697 2506
f 2506 2869 2868
f 2869 3590 3704
f 3590 4020 3704
f 4020 3954 4120
f 3954 4124 4120
f 4124 4121 4120
f 4121 4366 4120
f 2583 2459 2585
f 2459 2226 2460
f 2226 2309 2460
f 2309 2129 2361
f 2129 2071 2229
f 2071 1967 2229
f 1967 1809 2073
f 1809 2074 2073
f 2074 2230 2073
f 2230 2462 2229
f 2462 2231 2528
f 2528 2312 2587
f 2587 2463 2666
f 2666 2786 2785
f 2785 3018 2932
f 2932 3072 3071
f 3072 3198 3071
f 3198 3120 3071
f 3120 3069 2931
f 3069 2929 2931
f 2929 2782 2836
f 2782 2664 2701
f 2664 2583 2585
f 4366 4365 4451
f 4365 4507 4451
f 4507 4683 4451
f 4683 4682 4910
f 4910 4911 5137
f 5137 5134 5328
f 5328 5322 5321
f 5322 5315 5314
f 5315 5310 5309
f 5310 5500 5499
f 5500 5383 5499
f 5383 5384 5412
f 5412 5379 5512
f 5512 5288 5287
f 5288 5462 5287
f 5462 5199 5197
f 5197 5105 5113
f 5105 5032 5113
f 5032 5367 5031
f 5367 5366 5031
f 5366 5270 4962
f 5270 5186 5271
f 5186 5187 5271
f 5187 5184 5100
f 5100 4957 4958
f 4957 4883 4958
f 4958 4738 4886
f 4886 4673 4741
f 4741 4595 4742
f 4742 4532 4675
f 4532 4533 4675
f 4533 4357 4359
f 4357 4086 4359
f 4086 3795 3548
f 3795 3167 3548
f 3167 3417 2971
f 2971 3165 2733
f 2733 2904 2486
f 2486 2387 2271
f 2387 1934 2271
f 1934 1840 2271
f 1840 1505 1844
f 1505 1106 1844
f 1106 753 1844
f 753 757 1126
f 757 761 1133
f 761 763 1138
f 763 642 848
f 642 937 848
f 937 776 992
f 776 582 992
f 582 410 786
f 410 411 653
f 411 323 412
f 323 318 530
f 318 528 647
f 647 529 318
f 530 412 323
f 412 653 411
f 786 992 582
f 992 1721 1234
f 1721 2175 2045
f 2175 2506 2045
f 2506 2868 2346
f 2868 2869 3500
f 2869 3704 3500
f 3704 4020 4119
f 4020 4120 4119
f 4120 4366 4119
f 2585 2459 2460
f 2460 2309 2361
f 2361 2129 2229
f 2229 1967 2073
f 2073 2230 2229
f 2229 2462 2526
f 2462 2528 2666
f 2528 2587 2666
f 2666 2785 2665
f 2785 2932 3071
f 3071 3120 2931
f 2931 2929 2836
f 2836 2782 2701
f 2701 2664 2586
f 2664 2585 2586
f 4366 4451 4292
f 4451 4683 4545
f 4683 4910 4912
f 4910 5137 5136
f 5137 5328 5327
f 5328 5321 5327
f 5321 5322 5314
f 5314 5315 5309
f 5309 5310 5499
f 5499 5383 5382
f 5383 5412 5444
f 5412 5512 5511
f 5512 5287 5511
f 5287 5462 5461
f 5462 5197 5461
f 5197 5113 5461
f 5113 5032 5036
f 5032 5031 5036
f 5031 5366 4962
f 4962 5270 4965
f 5270 5271 4965
f 5271 5187 5274
f 5187 5100 5103
f 5100 4958 5101
f 4958 4886 5101
f 4886 4741 4961
f 4741 4742 4966
f 4742 4675 4888
f 4675 4533 4597
f 4533 4359 4536
f 4359 4086 3548
f 3548 3167 3091
f 3167 2971 3091
f 2971 2733 2679
f 2733 2486 2443
f 2486 2271 2443
f 2271 1840 2443
f 1840 1844 2443
f 1844 753 1427
f 753 1126 1427
f 1126 757 1133
f 1133 761 1138
f 1138 763 1139
f 763 848 1139
f 848 937 1295
f 937 992 1234
f 1234 1721 2045
f 2045 2506 2346
f 2346 2868 2756
f 2868 3500 3582
f 3500 3704 4015
f 3704 4119 4015
f 4119 4366 4292
f 2585 2460 2586
f 2460 2361 2586
f 2361 2229 2526
f 2526 2462 2666
f 2666 2665 2526
f 2665 2785 2836
f 2785 3071 2931
f 2931 2836 2785
f 2836 2701 2665
f 2701 2586 2665
f 4292 4451 4545
f 4545 4683 4912
f 4912 4910 5136
f 5136 5137 5327
f 5327 5321 5320
f 5321 5314 5313
f 5314 5309 5308
f 5309 5499 5470
f 5499 5382 5470
f 5382 5383 5444
f 5444 5412 5511
f 5511 5287 5286
f 5287 5461 5286
f 5461 5113 5439
f 5113 5036 5439
f 5036 5031 4970
f 5031 4962 4970
f 4962 4965 4970
f 4965 5271 4964
f 5271 5274 4964
f 5274 5187 5103
f 5103 5100 5101
f 5101 4886 4961
f 4961 4741 4966
f 4966 4742 4888
f 4888 4675 4800
f 4675 4597 4800
f 4597 4533 4536
f 4536 4359 3995
f 4359 3548 3995
f 3548 3091 3374
f 3091 2971 2679
f 2679 2733 2443
f 2443 1844 2679
f 1844 1427 2278
f 1427 1126 1429
f 1126 1133 1429
f 1133 1138 1429
f 1138 1139 1352
f 1139 848 1295
f 1295 937 1357
f 937 1234 1357
f 1234 2045 2040
f 2045 2346 2040
f 2346 2756 2501
f 2756 2868 3102
f 2868 3582 3102
f 3582 3500 4015
f 4015 4119 4242
f 4119 4292 4242
f 2586 2361 2526
f 2526 2665 2586
f 4292 4545 4449
f 4545 4912 4913
f 4912 5136 5135
f 5136 5327 5326
f 5327 5320 5326
f 5320 5321 5313
f 5313 5314 5308
f 5308 5309 5470
f 5470 5382 5303
f 5382 5444 5466
f 5444 5511 5510
f 5511 5286 5510
f 5286 5461 5439
f 5439 5036 5438
f 5036 4970 5438
f 4970 4965 4967
f 4965 4964 4967
f 4964 5274 5034
f 5274 5103 5189
f 5103 5101 5104
f 5101 4961 5104
f 4961 4966 4963
f 4966 4888 4889
f 4888 4800 4890
f 4800 4597 4803
f 4597 4536 4598
f 4536 3995 4598
f 3995 3548 3374
f 3374 3091 3093
f 3091 2679 2859
f 2679 1844 2278
f 2278 1427 1850
f 1427 1429 1850
f 1429 1138 1352
f 1352 1139 1434
f 1139 1295 1434
f 1295 1357 1569
f 1357 1234 1634
f 1234 2040 1634
f 2040 2346 2501
f 2501 2756 2865
f 2756 3102 2865
f 3102 3582 3703
f 3582 4015 3947
f 4015 4242 3947
f 4242 4292 4449
f 4449 4545 4913
f 4913 4912 5135
f 5135 5136 5326
f 5326 5320 5319
f 5320 5313 5312
f 5313 5308 5305
f 5308 5470 5469
f 5470 5303 5469
f 5303 5382 5466
f 5466 5444 5510
f 5510 5286 5203
f 5286 5439 5203
f 5439 5438 5203
f 5438 4970 5437
f 4970 4967 5437
f 4967 4964 4969
f 4964 5034 4969
f 5034 5274 5189
f 5189 5103 5104
f 5104 4961 4963
f 4963 4966 4889
f 4889 4888 4890
f 4890 4800 4891
f 4800 4803 4891
f 4803 4597 4598
f 4598 3995 4232
f 3995 3374 3799
f 3374 3093 3049
f 3093 3091 3048
f 3091 2859 3048
f 2859 2679 2278
f 2278 1850 2167
f 1850 1429 1786
f 1429 1352 1786
f 1352 1434 1789
f 1434 1295 1569
f 1569 1357 1853
f 1357 1634 1853
f 1634 2040 2286
f 2040 2501 2286
f 2501 2865 2690
f 2865 3102 3381
f 3102 3703 3381
f 3703 3582 3947
f 3947 4242 4289
f 4242 4449 4289
f 4449 4913 4681
f 4913 5135 4986
f 5135 5326 5325
f 5326 5319 5325
f 5319 5320 5312
f 5312 5313 5305
f 5305 5308 5469
f 5469 5303 5212
f 5303 5466 5496
f 5466 5510 5492
f 5510 5203 5492
f 5203 5438 5202
f 5438 5437 5202
f 5437 4967 5407
f 4967 4969 5407
f 4969 5034 5035
f 5034 5189 5107
f 5189 5104 5191
f 5104 4963 5191
f 4963 4889 5194
f 4889 4890 5196
f 4890 4891 5111
f 4891 4803 4893
f 4803 4598 4678
f 4598 4232 4678
f 4232 3995 3998
f 3995 3799 3998
f 3799 3374 3554
f 3374 3049 3426
f 3049 3093 2814
f 3093 3048 2982
f 3048 2859 2813
f 2859 2278 2490
f 2278 2167 2490
f 2167 1850 1786
f 1786 1352 1789
f 1789 1434 1791
f 1434 1569 1791
f 1569 1853 2115
f 1853 1634 2039
f 1634 2286 2039
f 2286 2501 2690
f 2690 2865 3095
f 2865 3381 3095
f 3381 3703 3701
f 3703 3947 4104
f 3947 4289 4104
f 4289 4449 4681
f 4681 4913 4986
f 4986 5135 5325
f 5325 5319 5130
f 5319 5312 5311
f 5312 5305 5307
f 5305 5469 5468
f 5469 5212 5468
f 5212 5303 5496
f 5496 5466 5492
f 5492 5203 5202
f 5202 5437 5118
f 5437 5407 5118
f 5407 4969 5372
f 4969 5035 5372
f 5035 5034 5107
f 5107 5189 5191
f 5191 4963 5194
f 5194 4889 5196
f 5196 4890 5111
f 5111 4891 5037
f 4891 4893 5037
f 4893 4803 4678
f 4678 4232 4091
f 4232 3998 4091
f 3998 3799 3803
f 3799 3554 3803
f 3554 3374 3426
f 3426 3049 3050
f 3049 2814 3050
f 2814 3093 2910
f 3093 2982 2910
f 2982 3048 2813
f 2813 2859 2607
f 2859 2490 2607
f 2490 2167 2607
f 2167 1786 1789
f 1789 1791 2114
f 1791 1569 1947
f 1569 2115 1947
f 2115 1853 2212
f 1853 2039 2285
f 2039 2286 2497
f 2286 2690 2497
f 2690 3095 2863
f 3095 3381 3495
f 3381 3701 3495
f 3701 3703 3941
f 3703 4104 3941
f 4104 4289 4506
f 4289 4681 4506
f 4681 4986 4814
f 4986 5325 5318
f 5325 5130 5318
f 5130 5319 5311
f 5311 5312 5307
f 5307 5305 5468
f 5468 5212 5123
f 5212 5496 5495
f 5496 5492 5491
f 5492 5202 5491
f 5202 5118 5491
f 5118 5407 5117
f 5407 5372 5117
f 5372 5035 5278
f 5035 5107 5110
f 5107 5191 5109
f 5191 5194 5109
f 5194 5196 5108
f 5196 5111 5112
f 5111 5037 5114
f 5037 4893 4973
f 4893 4678 4804
f 4678 4091 4600
f 4091 3998 3880
f 3998 3803 3880
f 3803 3554 3650
f 3554 3426 3650
f 3426 3050 3380
f 3050 2814 2742
f 2814 2910 2651
f 2910 2982 2813
f 2813 2607 2651
f 2607 2167 2281
f 2167 1789 2281
f 1789 2114 2281
f 2114 1791 1947
f 1947 2115 2393
f 2115 2212 2493
f 2212 1853 2285
f 2285 2039 2497
f 2497 2690 2863
f 2863 3095 3286
f 3095 3495 3286
f 3495 3701 3811
f 3701 3941 3811
f 3941 4104 4287
f 4104 4506 4287
f 4506 4681 4814
f 4814 4986 5318
f 5318 5130 5056
f 5130 5311 5218
f 5311 5307 5128
f 5307 5468 5467
f 5468 5123 5467
f 5123 5212 5495
f 5495 5496 5491
f 5491 5118 5463
f 5118 5117 5463
f 5117 5372 5042
f 5372 5278 5042
f 5278 5035 5110
f 5110 5107 5109
f 5109 5194 5108
f 5108 5196 5112
f 5112 5111 5114
f 5114 5037 5115
f 5037 4973 5115
f 4973 4893 4804
f 4804 4678 4805
f 4678 4600 4805
f 4600 4091 4285
f 4091 3880 3939
f 3880 3803 3650
f 3650 3426 3380
f 3380 3050 3051
f 3050 2742 2687
f 2742 2814 2393
f 2814 2651 2447
f 2651 2910 2813
f 2651 2607 2281
f 2281 2114 2447
f 2114 1947 2393
f 2393 2115 2493
f 2493 2212 2687
f 2212 2285 2687
f 2285 2497 2746
f 2497 2863 2746
f 2863 3286 2989
f 3286 3495 3696
f 3495 3811 3696
f 3811 3941 4095
f 3941 4287 4095
f 4287 4506 4751
f 4506 4814 4751
f 4814 5318 5131
f 5318 5056 5131
f 5056 5130 5218
f 5218 5311 5128
f 5128 5307 5467
f 5467 5123 5122
f 5123 5495 5443
f 5495 5491 5463
f 5463 5117 5442
f 5117 5042 5442
f 5042 5278 5041
f 5278 5110 5277
f 5110 5109 5277
f 5109 5108 5277
f 5108 5112 5276
f 5112 5114 5195
f 5114 5115 5198
f 5115 4973 5116
f 4973 4804 5040
f 4804 4805 5040
f 4805 4600 4747
f 4600 4285 4539
f 4285 4091 4362
f 4091 3939 4362
f 3939 3880 3737
f 3880 3650 3564
f 3650 3380 3564
f 3380 3051 3282
f 3051 3050 2687
f 2687 2742 2493
f 2742 2393 2493
f 2393 2814 2447
f 2447 2651 2281
f 2447 2114 2393
f 2687 2285 2746
f 2746 2863 2989
f 2989 3286 3429
f 3286 3696 3429
f 3696 3811 3939
f 3811 4095 3939
f 4095 4287 4541
f 4287 4751 4905
f 4751 4814 5131
f 5131 5056 4902
f 5056 5218 5055
f 5218 5128 5052
f 5128 5467 5446
f 5467 5122 5446
f 5122 5123 5443
f 5443 5495 5463
f 5463 5442 5443
f 5442 5042 5411
f 5042 5041 5411
f 5041 5278 5277
f 5277 5108 5276
f 5276 5112 5195
f 5195 5114 5198
f 5198 5115 5116
f 5116 4973 5040
f 5040 4805 4744
f 4805 4747 4744
f 4747 4600 4539
f 4539 4285 4362
f 4362 3939 4095
f 3939 3737 3696
f 3737 3880 3564
f 3564 3380 3282
f 3282 3051 3094
f 3051 2687 2746
f 2746 2989 3051
f 2989 3429 3094
f 3429 3696 3737
f 4095 4541 4362
f 4541 4287 4905
f 4905 4751 5131
f 5131 4902 4905
f 4902 5056 5055
f 5055 5218 5052
f 5052 5128 5446
f 5446 5122 5047
f 5122 5443 5378
f 5443 5442 5378
f 5442 5411 5378
f 5411 5041 5410
f 5041 5277 4974
f 5277 5276 4974
f 5276 5195 4976
f 5195 5198 4975
f 5198 5116 4894
f 5116 5040 4894
f 5040 4744 4894
f 4744 4747 4898
f 4747 4539 4748
f 4539 4362 4679
f 3737 3564 3429
f 3564 3282 3429
f 3282 3094 3429
f 3094 3051 2989
f 4362 4541 4679
f 4541 4905 4679
f 4905 4902 4679
f 4902 5055 4748
f 5055 5052 4982
f 5052 5446 5414
f 5446 5047 5414
f 5047 5122 5378
f 5378 5411 5299
f 5411 5410 5299
f 5410 5041 4974
f 4974 5276 4976
f 4976 5195 4975
f 4975 5198 4894
f 4894 4744 5204
f 4744 4898 4899
f 4898 4747 4748
f 4748 4539 4679
f 4679 4902 4748
f 4748 5055 4982
f 4982 5052 5414
f 5414 5047 5046
f 5047 5378 5299
f 5299 5410 5298
f 5410 4974 5377
f 4974 4976 5377
f 4976 4975 5285
f 4975 4894 5289
f 4894 5204 5289
f 5204 4744 4978
f 4744 4899 4978
f 4899 4898 5050
f 4898 4748 5050
f 4748 4982 5050
f 4982 5414 5302
f 5414 5046 5302
f 5046 5047 5299
f 5299 5298 5046
f 5298 5410 5377
f 5377 4976 5285
f 5285 4975 5289
f 5289 5204 5044
f 5204 4978 5044
f 4978 4899 4896
f 4899 5050 4896
f 5050 4982 5302
f 5302 5046 4980
f 5046 5298 4980
f 5298 5377 5297
f 5377 5285 5297
f 5285 5289 5120
f 5289 5044 5120
f 5044 4978 4896
f 4896 5050 4897
f 5050 5302 4897
f 5302 4980 4897
f 4980 5298 5297
f 5297 5285 5120
f 5120 5044 4897
f 5044 4896 4897
f 4897 4980 5120
f 4980 5297 5120

