# https://github.com/mikedh/trimesh
v -0.26953125 0.32421875 0.16796875
v -0.26953125 0.34765625 0.16796875
v -0.26953125 0.35546875 0.19140625
v -0.26953125 0.36328125 0.15234375
v -0.26953125 0.37109375 0.17578125
v -0.26953125 0.39453125 0.17578125
v -0.26171875 0.33203125 0.15234375
v -0.26171875 0.33203125 0.18359375
v -0.26171875 0.38671875 0.14453125
v -0.26171875 0.42578125 0.17578125
v -0.25390625 0.35546875 0.19921875
v -0.25390625 0.36328125 0.14453125
v -0.25390625 0.37890625 0.19921875
v -0.25390625 0.41015625 0.15234375
v -0.25390625 0.41015625 0.19140625
v -0.25390625 0.44921875 0.17578125
v -0.24609375 0.30859375 0.16796875
v -0.24609375 0.30859375 0.19140625
v -0.24609375 0.31640625 0.15234375
v -0.24609375 0.38671875 0.15234375
v -0.24609375 0.41015625 0.15234375
v -0.24609375 0.41015625 0.19140625
v -0.24609375 0.43359375 0.18359375
v -0.24609375 0.44921875 0.18359375
v -0.24609375 0.46484375 0.17578125
v -0.24609375 0.46484375 0.18359375
v -0.23828125 0.34765625 0.19140625
v -0.23828125 0.35546875 0.14453125
v -0.23828125 0.36328125 0.19140625
v -0.23828125 0.38671875 0.17578125
v -0.23828125 0.38671875 0.19140625
v -0.23828125 0.41015625 0.17578125
v -0.23828125 0.42578125 0.19140625
v -0.23828125 0.43359375 0.15234375
v -0.23828125 0.44921875 0.16015625
v -0.23828125 0.48046875 0.19140625
v -0.23046875 0.19140625 0.19921875
v -0.23046875 0.19921875 0.19140625
v -0.23046875 0.21484375 0.19140625
v -0.23046875 0.29296875 0.16015625
v -0.23046875 0.29296875 0.19140625
v -0.23046875 0.30078125 0.13671875
v -0.23046875 0.33203125 0.19140625
v -0.23046875 0.33984375 0.14453125
v -0.23046875 0.36328125 0.17578125
v -0.23046875 0.37109375 0.17578125
v -0.23046875 0.42578125 0.16015625
v -0.23046875 0.42578125 0.17578125
v -0.23046875 0.44140625 0.19140625
v -0.22265625 0.19921875 0.19140625
v -0.22265625 0.21484375 0.19921875
v -0.22265625 0.24609375 0.19140625
v -0.22265625 0.44921875 0.16796875
v -0.22265625 0.45703125 0.19140625
v -0.21484375 0.24609375 0.18359375
v -0.21484375 0.24609375 0.19921875
v -0.21484375 0.25390625 0.18359375
v -0.21484375 0.27734375 0.16015625
v -0.21484375 0.32421875 0.19140625
v -0.21484375 0.33203125 0.14453125
v -0.21484375 0.35546875 0.17578125
v -0.21484375 0.43359375 0.18359375
v -0.21484375 0.44140625 0.16015625
v -0.21484375 0.44140625 0.19140625
v -0.20703125 0.08203125 0.17578125
v -0.20703125 0.19140625 0.17578125
v -0.20703125 0.21484375 0.16796875
v -0.20703125 0.24609375 0.16796875
v -0.20703125 0.25390625 0.19140625
v -0.20703125 0.26953125 0.17578125
v -0.20703125 0.28515625 0.19140625
v -0.20703125 0.33984375 0.17578125
v -0.20703125 0.44140625 0.18359375
v -0.19921875 0.05859375 0.13671875
v -0.19921875 0.05859375 0.17578125
v -0.19921875 0.08984375 0.13671875
v -0.19921875 0.09765625 0.17578125
v -0.19921875 0.16796875 0.16796875
v -0.19921875 0.18359375 0.16796875
v -0.19921875 0.21484375 0.18359375
v -0.19921875 0.24609375 0.16015625
v -0.19921875 0.24609375 0.18359375
v -0.19921875 0.27734375 0.16796875
v -0.19921875 0.29296875 0.12890625
v -0.19921875 0.32421875 0.13671875
v -0.19140625 -0.00390625 0.16015625
v -0.19140625 0.05078125 0.16796875
v -0.19140625 0.10546875 0.13671875
v -0.19140625 0.10546875 0.16796875
v -0.19140625 0.12890625 0.14453125
v -0.19140625 0.13671875 0.16796875
v -0.19140625 0.16015625 0.16796875
v -0.19140625 0.17578125 0.16015625
v -0.19140625 0.17578125 0.16796875
v -0.19140625 0.20703125 0.15234375
v -0.19140625 0.21484375 0.14453125
v -0.19140625 0.21484375 0.17578125
v -0.19140625 0.24609375 0.15234375
v -0.19140625 0.24609375 0.18359375
v -0.19140625 0.26171875 0.19140625
v -0.19140625 0.27734375 0.15234375
v -0.19140625 0.27734375 0.18359375
v -0.19140625 0.29296875 0.19921875
v -0.19140625 0.31640625 0.19140625
v -0.19140625 0.33984375 0.16796875
v -0.18359375 -0.03515625 0.13671875
v -0.18359375 -0.03515625 0.15234375
v -0.18359375 -0.01953125 0.15234375
v -0.18359375 -0.00390625 0.13671875
v -0.18359375 0.01953125 0.16015625
v -0.18359375 0.05078125 0.07421875
v -0.18359375 0.05078125 0.14453125
v -0.18359375 0.05859375 0.10546875
v -0.18359375 0.06640625 0.19140625
v -0.18359375 0.08203125 0.06640625
v -0.18359375 0.08203125 0.10546875
v -0.18359375 0.08984375 0.19921875
v -0.18359375 0.16015625 0.14453125
v -0.18359375 0.17578125 0.17578125
v -0.18359375 0.18359375 0.14453125
v -0.18359375 0.25390625 0.13671875
v -0.18359375 0.31640625 0.20703125
v -0.18359375 0.34765625 0.13671875
v -0.18359375 0.34765625 0.19140625
v -0.18359375 0.35546875 0.16796875
v -0.17578125 -0.05078125 0.15234375
v -0.17578125 -0.01953125 0.16796875
v -0.17578125 0.01171875 0.17578125
v -0.17578125 0.01953125 0.14453125
v -0.17578125 0.03515625 0.03515625
v -0.17578125 0.05078125 0.18359375
v -0.17578125 0.06640625 0.00390625
v -0.17578125 0.07421875 0.03515625
v -0.17578125 0.10546875 0.12109375
v -0.17578125 0.10546875 0.17578125
v -0.17578125 0.10546875 0.19140625
v -0.17578125 0.12890625 0.13671875
v -0.17578125 0.13671875 0.18359375
v -0.17578125 0.16015625 0.12890625
v -0.17578125 0.16015625 0.18359375
v -0.17578125 0.17578125 0.12890625
v -0.17578125 0.20703125 0.18359375
v -0.17578125 0.21484375 0.12890625
v -0.17578125 0.24609375 0.12109375
v -0.17578125 0.24609375 0.19140625
v -0.17578125 0.27734375 0.18359375
v -0.17578125 0.29296875 0.12890625
v -0.17578125 0.31640625 0.12890625
v -0.16796875 -0.21484375 0.11328125
v -0.16796875 -0.09765625 0.13671875
v -0.16796875 -0.07421875 0.12890625
v -0.16796875 -0.07421875 0.14453125
v -0.16796875 -0.05859375 0.12890625
v -0.16796875 -0.05078125 0.16015625
v -0.16796875 -0.03515625 0.16796875
v -0.16796875 -0.02734375 0.12890625
v -0.16796875 -0.00390625 0.13671875
v -0.16796875 0.01953125 0.13671875
v -0.16796875 0.03515625 0.00390625
v -0.16796875 0.06640625 -0.01171875
v -0.16796875 0.10546875 0.07421875
v -0.16796875 0.17578125 0.18359375
v -0.16796875 0.21484375 0.12890625
v -0.16796875 0.26953125 0.12109375
v -0.16015625 -0.40234375 0.11328125
v -0.16015625 -0.40234375 0.14453125
v -0.16015625 -0.26171875 0.10546875
v -0.16015625 -0.23828125 0.11328125
v -0.16015625 -0.22265625 0.11328125
v -0.16015625 -0.21484375 0.11328125
v -0.16015625 -0.21484375 0.12890625
v -0.16015625 -0.20703125 0.12890625
v -0.16015625 -0.19921875 0.12890625
v -0.16015625 -0.19140625 0.11328125
v -0.16015625 -0.16796875 0.12109375
v -0.16015625 -0.16796875 0.13671875
v -0.16015625 -0.12890625 0.11328125
v -0.16015625 -0.12890625 0.12890625
v -0.16015625 -0.12890625 0.14453125
v -0.16015625 -0.09765625 0.14453125
v -0.16015625 -0.08984375 0.12890625
v -0.16015625 -0.07421875 0.15234375
v -0.16015625 -0.05078125 0.12109375
v -0.16015625 -0.01953125 0.16796875
v -0.16015625 0.01171875 0.17578125
v -0.16015625 0.03515625 -0.01953125
v -0.16015625 0.05078125 0.11328125
v -0.16015625 0.05078125 0.13671875
v -0.16015625 0.05078125 0.18359375
v -0.16015625 0.06640625 0.19921875
v -0.16015625 0.08984375 0.19921875
v -0.16015625 0.10546875 0.04296875
v -0.16015625 0.11328125 0.12109375
v -0.16015625 0.12890625 0.13671875
v -0.16015625 0.20703125 0.18359375
v -0.16015625 0.28515625 0.19921875
v -0.16015625 0.30078125 0.20703125
v -0.16015625 0.33203125 0.20703125
v -0.16015625 0.34765625 0.18359375
v -0.16015625 0.35546875 0.15234375
v -0.15234375 -0.42578125 0.11328125
v -0.15234375 -0.37109375 0.12109375
v -0.15234375 -0.37109375 0.13671875
v -0.15234375 -0.34765625 0.11328125
v -0.15234375 -0.34765625 0.13671875
v -0.15234375 -0.33203125 0.11328125
v -0.15234375 -0.29296875 0.11328125
v -0.15234375 -0.28515625 0.13671875
v -0.15234375 -0.26171875 0.14453125
v -0.15234375 -0.23828125 0.13671875
v -0.15234375 -0.22265625 0.13671875
v -0.15234375 -0.20703125 0.14453125
v -0.15234375 -0.19140625 0.14453125
v -0.15234375 -0.16796875 0.14453125
v -0.15234375 -0.16015625 0.11328125
v -0.15234375 -0.12890625 0.15234375
v -0.15234375 -0.08984375 0.12109375
v -0.15234375 -0.07421875 0.12109375
v -0.15234375 -0.05078125 0.16796875
v -0.15234375 -0.03515625 0.16796875
v -0.15234375 -0.02734375 0.13671875
v -0.15234375 0.03515625 0.08203125
v -0.15234375 0.06640625 -0.03515625
v -0.15234375 0.08984375 0.12109375
v -0.15234375 0.09765625 0.19140625
v -0.15234375 0.10546875 0.17578125
v -0.15234375 0.12890625 0.16796875
v -0.15234375 0.15234375 0.13671875
v -0.15234375 0.15234375 0.16796875
v -0.15234375 0.17578125 0.13671875
v -0.15234375 0.21484375 0.12890625
v -0.15234375 0.24609375 0.17578125
v -0.15234375 0.24609375 0.18359375
v -0.15234375 0.25390625 0.13671875
v -0.15234375 0.26953125 0.14453125
v -0.15234375 0.26953125 0.19140625
v -0.15234375 0.30078125 0.12109375
v -0.15234375 0.32421875 0.19921875
v -0.15234375 0.33203125 0.13671875
v -0.15234375 0.34765625 0.16796875
v -0.14453125 -0.48828125 0.12890625
v -0.14453125 -0.47265625 0.11328125
v -0.14453125 -0.45703125 0.13671875
v -0.14453125 -0.44921875 0.11328125
v -0.14453125 -0.42578125 0.13671875
v -0.14453125 -0.37109375 0.10546875
v -0.14453125 -0.37109375 0.13671875
v -0.14453125 -0.34765625 0.10546875
v -0.14453125 -0.32421875 0.13671875
v -0.14453125 -0.18359375 0.10546875
v -0.14453125 -0.16015625 0.10546875
v -0.14453125 -0.12890625 0.11328125
v -0.14453125 -0.09765625 0.15234375
v -0.14453125 -0.07421875 0.16015625
v -0.14453125 -0.05078125 0.12890625
v -0.14453125 -0.00390625 0.13671875
v -0.14453125 -0.00390625 0.16015625
v -0.14453125 0.01953125 0.14453125
v -0.14453125 0.01953125 0.16796875
v -0.14453125 0.02734375 0.04296875
v -0.14453125 0.03515625 -0.03515625
v -0.14453125 0.05859375 0.17578125
v -0.14453125 0.07421875 -0.04296875
v -0.14453125 0.07421875 0.12109375
v -0.14453125 0.07421875 0.18359375
v -0.14453125 0.09765625 0.15234375
v -0.14453125 0.10546875 0.01171875
v -0.14453125 0.10546875 0.08984375
v -0.14453125 0.11328125 0.16796875
v -0.14453125 0.17578125 0.16796875
v -0.14453125 0.20703125 0.16796875
v -0.14453125 0.21484375 0.13671875
v -0.14453125 0.21484375 0.14453125
v -0.14453125 0.24609375 0.16796875
v -0.14453125 0.25390625 0.15234375
v -0.14453125 0.27734375 0.13671875
v -0.14453125 0.34765625 0.16796875
v -0.13671875 -0.48828125 0.12109375
v -0.13671875 -0.45703125 0.10546875
v -0.13671875 -0.42578125 0.09765625
v -0.13671875 -0.40234375 0.09765625
v -0.13671875 -0.34765625 0.14453125
v -0.13671875 -0.23828125 0.09765625
v -0.13671875 -0.21484375 0.10546875
v -0.13671875 -0.19140625 0.14453125
v -0.13671875 -0.16796875 0.14453125
v -0.13671875 -0.12890625 0.12109375
v -0.13671875 -0.12890625 0.14453125
v -0.13671875 -0.09765625 0.15234375
v -0.13671875 -0.08984375 0.12890625
v -0.13671875 -0.05859375 0.15234375
v -0.13671875 -0.04296875 0.15234375
v -0.13671875 -0.02734375 0.15234375
v -0.13671875 0.01953125 0.01171875
v -0.13671875 0.04296875 -0.05078125
v -0.13671875 0.05859375 0.08984375
v -0.13671875 0.05859375 0.15234375
v -0.13671875 0.08203125 0.08984375
v -0.13671875 0.08203125 0.15234375
v -0.13671875 0.08984375 0.16796875
v -0.13671875 0.09765625 -0.01171875
v -0.13671875 0.10546875 0.05859375
v -0.13671875 0.11328125 0.14453125
v -0.13671875 0.14453125 0.12890625
v -0.13671875 0.16796875 0.13671875
v -0.13671875 0.18359375 0.14453125
v -0.13671875 0.21484375 0.16796875
v -0.13671875 0.24609375 0.16015625
v -0.13671875 0.26953125 0.16015625
v -0.13671875 0.27734375 0.16796875
v -0.13671875 0.29296875 0.17578125
v -0.13671875 0.32421875 0.19921875
v -0.12890625 -0.49609375 0.12890625
v -0.12890625 -0.48828125 0.11328125
v -0.12890625 -0.48828125 0.12890625
v -0.12890625 -0.45703125 0.13671875
v -0.12890625 -0.43359375 0.13671875
v -0.12890625 -0.38671875 0.11328125
v -0.12890625 -0.37109375 0.13671875
v -0.12890625 -0.34765625 0.10546875
v -0.12890625 -0.33984375 0.14453125
v -0.12890625 -0.33203125 0.10546875
v -0.12890625 -0.29296875 0.09765625
v -0.12890625 -0.26171875 0.09765625
v -0.12890625 -0.20703125 0.12109375
v -0.12890625 -0.20703125 0.14453125
v -0.12890625 -0.18359375 0.12109375
v -0.12890625 -0.16015625 0.11328125
v -0.12890625 -0.08203125 0.15234375
v -0.12890625 -0.07421875 0.12890625
v -0.12890625 0.02734375 -0.04296875
v -0.12890625 0.05078125 0.05859375
v -0.12890625 0.07421875 0.06640625
v -0.12890625 0.14453125 0.16796875
v -0.12890625 0.16796875 0.16015625
v -0.12890625 0.18359375 0.16796875
v -0.12890625 0.21484375 0.15234375
v -0.12890625 0.29296875 0.13671875
v -0.12890625 0.33203125 0.13671875
v -0.12109375 -0.48828125 0.05078125
v -0.12109375 -0.48828125 0.12890625
v -0.12109375 -0.45703125 0.11328125
v -0.12109375 -0.45703125 0.12890625
v -0.12109375 -0.43359375 0.11328125
v -0.12109375 -0.43359375 0.12890625
v -0.12109375 -0.40234375 0.10546875
v -0.12109375 -0.39453125 0.14453125
v -0.12109375 -0.38671875 0.12890625
v -0.12109375 -0.37890625 0.10546875
v -0.12109375 -0.37890625 0.12890625
v -0.12109375 -0.34765625 0.11328125
v -0.12109375 -0.33984375 0.11328125
v -0.12109375 -0.32421875 0.13671875
v -0.12109375 -0.31640625 0.12109375
v -0.12109375 -0.28515625 -0.01953125
v -0.12109375 -0.28515625 0.13671875
v -0.12109375 -0.27734375 -0.02734375
v -0.12109375 -0.27734375 -0.01953125
v -0.12109375 -0.26953125 -0.02734375
v -0.12109375 -0.25390625 0.14453125
v -0.12109375 -0.23046875 0.11328125
v -0.12109375 -0.23046875 0.14453125
v -0.12109375 -0.21484375 -0.03515625
v -0.12109375 -0.20703125 0.01171875
v -0.12109375 0.01953125 -0.01953125
v -0.12109375 0.10546875 -0.02734375
v -0.12109375 0.10546875 0.04296875
v -0.12109375 0.16796875 0.03515625
v -0.12109375 0.17578125 0.00390625
v -0.12109375 0.17578125 0.04296875
v -0.12109375 0.18359375 0.01171875
v -0.12109375 0.18359375 0.02734375
v -0.12109375 0.18359375 0.15234375
v -0.12109375 0.19140625 0.00390625
v -0.12109375 0.19921875 -0.00390625
v -0.12109375 0.22265625 0.00390625
v -0.12109375 0.23046875 0.02734375
v -0.12109375 0.23046875 0.04296875
v -0.12109375 0.23828125 0.03515625
v -0.12109375 0.25390625 0.16796875
v -0.12109375 0.25390625 0.17578125
v -0.12109375 0.30078125 0.17578125
v -0.12109375 0.35546875 0.16796875
v -0.11328125 -0.49609375 0.02734375
v -0.11328125 -0.49609375 0.05078125
v -0.11328125 -0.48046875 0.02734375
v -0.11328125 -0.40234375 0.12890625
v -0.11328125 -0.37890625 0.11328125
v -0.11328125 -0.34765625 0.11328125
v -0.11328125 -0.34765625 0.12109375
v -0.11328125 -0.33984375 0.11328125
v -0.11328125 -0.33984375 0.12109375
v -0.11328125 -0.30078125 -0.07421875
v -0.11328125 -0.30078125 -0.04296875
v -0.11328125 -0.28515625 -0.07421875
v -0.11328125 -0.28515625 -0.02734375
v -0.11328125 -0.28515625 0.11328125
v -0.11328125 -0.27734375 -0.02734375
v -0.11328125 -0.27734375 -0.01171875
v -0.11328125 -0.26953125 -0.04296875
v -0.11328125 -0.26953125 -0.03515625
v -0.11328125 -0.26953125 -0.01953125
v -0.11328125 -0.26171875 -0.02734375
v -0.11328125 -0.25390625 -0.04296875
v -0.11328125 -0.25390625 -0.03515625
v -0.11328125 -0.25390625 0.11328125
v -0.11328125 -0.24609375 -0.08203125
v -0.11328125 -0.23046875 0.00390625
v -0.11328125 -0.22265625 -0.08984375
v -0.11328125 -0.20703125 -0.04296875
v -0.11328125 -0.20703125 0.01171875
v -0.11328125 0.05078125 0.04296875
v -0.11328125 0.07421875 0.05078125
v -0.11328125 0.08203125 -0.05859375
v -0.11328125 0.14453125 0.02734375
v -0.11328125 0.14453125 0.14453125
v -0.11328125 0.16015625 -0.04296875
v -0.11328125 0.16015625 0.00390625
v -0.11328125 0.17578125 -0.01171875
v -0.11328125 0.17578125 0.04296875
v -0.11328125 0.17578125 0.16796875
v -0.11328125 0.18359375 0.03515625
v -0.11328125 0.18359375 0.16796875
v -0.11328125 0.19140625 0.00390625
v -0.11328125 0.19921875 0.01171875
v -0.11328125 0.20703125 -0.01953125
v -0.11328125 0.20703125 0.03515625
v -0.11328125 0.21484375 0.16796875
v -0.11328125 0.22265625 -0.01953125
v -0.11328125 0.23046875 0.05078125
v -0.11328125 0.24609375 0.05078125
v -0.11328125 0.27734375 0.16796875
v -0.11328125 0.30859375 0.14453125
v -0.11328125 0.33984375 0.19140625
v -0.11328125 0.34765625 0.14453125
v -0.10546875 -0.49609375 0.06640625
v -0.10546875 -0.48046875 -0.01171875
v -0.10546875 -0.48046875 0.06640625
v -0.10546875 -0.37890625 -0.04296875
v -0.10546875 -0.30078125 -0.08203125
v -0.10546875 -0.30078125 -0.06640625
v -0.10546875 -0.29296875 -0.08984375
v -0.10546875 -0.29296875 -0.06640625
v -0.10546875 -0.29296875 -0.02734375
v -0.10546875 -0.28515625 -0.06640625
v -0.10546875 -0.28515625 -0.05078125
v -0.10546875 -0.28515625 -0.01953125
v -0.10546875 -0.27734375 -0.05859375
v -0.10546875 -0.27734375 -0.05078125
v -0.10546875 -0.27734375 -0.04296875
v -0.10546875 -0.27734375 -0.01171875
v -0.10546875 -0.26953125 -0.07421875
v -0.10546875 -0.26953125 -0.06640625
v -0.10546875 -0.26953125 -0.05078125
v -0.10546875 -0.26953125 -0.03515625
v -0.10546875 -0.26953125 -0.02734375
v -0.10546875 -0.26953125 -0.01171875
v -0.10546875 -0.26171875 -0.08984375
v -0.10546875 -0.26171875 -0.08203125
v -0.10546875 -0.26171875 -0.06640625
v -0.10546875 -0.26171875 -0.05078125
v -0.10546875 -0.26171875 -0.02734375
v -0.10546875 -0.26171875 -0.01953125
v -0.10546875 -0.26171875 -0.00390625
v -0.10546875 -0.25390625 -0.02734375
v -0.10546875 -0.24609375 -0.08984375
v -0.10546875 -0.24609375 -0.07421875
v -0.10546875 -0.24609375 -0.01171875
v -0.10546875 -0.23828125 -0.08984375
v -0.10546875 -0.23828125 -0.04296875
v -0.10546875 -0.23828125 -0.03515625
v -0.10546875 -0.23046875 -0.08203125
v -0.10546875 -0.23046875 -0.07421875
v -0.10546875 -0.23046875 -0.00390625
v -0.10546875 -0.22265625 -0.04296875
v -0.10546875 -0.22265625 -0.00390625
v -0.10546875 -0.21484375 -0.06640625
v -0.10546875 -0.21484375 -0.03515625
v -0.10546875 -0.21484375 -0.01171875
v -0.10546875 -0.21484375 0.00390625
v -0.10546875 -0.20703125 -0.08984375
v -0.10546875 -0.20703125 -0.08203125
v -0.10546875 -0.20703125 -0.07421875
v -0.10546875 -0.20703125 0.01953125
v -0.10546875 -0.19921875 -0.00390625
v -0.10546875 -0.19140625 -0.02734375
v -0.10546875 -0.18359375 -0.06640625
v -0.10546875 -0.18359375 -0.04296875
v -0.10546875 -0.18359375 0.00390625
v -0.10546875 0.05859375 -0.06640625
v -0.10546875 0.10546875 0.01953125
v -0.10546875 0.11328125 -0.01171875
v -0.10546875 0.14453125 -0.04296875
v -0.10546875 0.15234375 -0.05078125
v -0.10546875 0.15234375 -0.03515625
v -0.10546875 0.15234375 -0.00390625
v -0.10546875 0.15234375 0.03515625
v -0.10546875 0.16015625 -0.09765625
v -0.10546875 0.16015625 -0.01171875
v -0.10546875 0.16015625 0.01171875
v -0.10546875 0.16796875 -0.04296875
v -0.10546875 0.16796875 -0.03515625
v -0.10546875 0.16796875 0.15234375
v -0.10546875 0.18359375 0.15234375
v -0.10546875 0.19140625 -0.01171875
v -0.10546875 0.19140625 0.01953125
v -0.10546875 0.20703125 -0.06640625
v -0.10546875 0.20703125 0.01953125
v -0.10546875 0.20703125 0.04296875
v -0.10546875 0.21484375 0.16015625
v -0.10546875 0.23046875 0.00390625
v -0.10546875 0.25390625 0.01953125
v -0.10546875 0.25390625 0.04296875
v -0.10546875 0.29296875 0.16796875
v -0.10546875 0.44921875 0.17578125
v -0.09765625 -0.49609375 -0.01171875
v -0.09765625 -0.49609375 -0.00390625
v -0.09765625 -0.49609375 0.03515625
v -0.09765625 -0.48828125 -0.02734375
v -0.09765625 -0.48046875 -0.02734375
v -0.09765625 -0.46484375 0.03515625
v -0.09765625 -0.45703125 -0.01171875
v -0.09765625 -0.34765625 -0.04296875
v -0.09765625 -0.30078125 -0.08203125
v -0.09765625 -0.30078125 -0.07421875
v -0.09765625 -0.29296875 -0.06640625
v -0.09765625 -0.29296875 -0.05859375
v -0.09765625 -0.28515625 -0.00390625
v -0.09765625 -0.27734375 -0.08984375
v -0.09765625 -0.27734375 -0.05859375
v -0.09765625 -0.27734375 -0.01953125
v -0.09765625 -0.26953125 -0.09765625
v -0.09765625 -0.26953125 -0.08984375
v -0.09765625 -0.26953125 -0.04296875
v -0.09765625 -0.26953125 -0.01953125
v -0.09765625 -0.26953125 0.08984375
v -0.09765625 -0.26171875 -0.09765625
v -0.09765625 -0.26171875 -0.05078125
v -0.09765625 -0.26171875 -0.03515625
v -0.09765625 -0.26171875 -0.01171875
v -0.09765625 -0.26171875 -0.00390625
v -0.09765625 -0.25390625 -0.05078125
v -0.09765625 -0.25390625 -0.04296875
v -0.09765625 -0.25390625 0.00390625
v -0.09765625 -0.25390625 0.01171875
v -0.09765625 -0.24609375 -0.06640625
v -0.09765625 -0.24609375 -0.05078125
v -0.09765625 -0.24609375 0.00390625
v -0.09765625 -0.23828125 -0.09765625
v -0.09765625 -0.23828125 -0.08203125
v -0.09765625 -0.23828125 -0.02734375
v -0.09765625 -0.23828125 -0.01953125
v -0.09765625 -0.23828125 0.01171875
v -0.09765625 -0.23046875 -0.01953125
v -0.09765625 -0.22265625 -0.09765625
v -0.09765625 -0.22265625 -0.08203125
v -0.09765625 -0.22265625 0.00390625
v -0.09765625 -0.21484375 -0.09765625
v -0.09765625 -0.21484375 -0.07421875
v -0.09765625 -0.21484375 -0.01171875
v -0.09765625 -0.21484375 0.01171875
v -0.09765625 -0.20703125 -0.08984375
v -0.09765625 -0.20703125 -0.05078125
v -0.09765625 -0.20703125 -0.04296875
v -0.09765625 -0.20703125 -0.01953125
v -0.09765625 -0.19921875 -0.05859375
v -0.09765625 -0.19921875 -0.01171875
v -0.09765625 -0.19140625 -0.08984375
v -0.09765625 -0.19140625 -0.05859375
v -0.09765625 -0.19140625 -0.04296875
v -0.09765625 -0.18359375 -0.00390625
v -0.09765625 -0.18359375 0.01171875
v -0.09765625 0.04296875 -0.05078125
v -0.09765625 0.05078125 0.02734375
v -0.09765625 0.07421875 0.02734375
v -0.09765625 0.11328125 -0.04296875
v -0.09765625 0.11328125 0.00390625
v -0.09765625 0.12109375 -0.01953125
v -0.09765625 0.13671875 -0.08984375
v -0.09765625 0.14453125 -0.03515625
v -0.09765625 0.14453125 0.00390625
v -0.09765625 0.15234375 -0.08203125
v -0.09765625 0.15234375 0.05078125
v -0.09765625 0.16015625 -0.10546875
v -0.09765625 0.16015625 -0.05859375
v -0.09765625 0.16015625 -0.01953125
v -0.09765625 0.16796875 -0.08203125
v -0.09765625 0.16796875 0.05078125
v -0.09765625 0.17578125 -0.08984375
v -0.09765625 0.17578125 -0.02734375
v -0.09765625 0.18359375 -0.06640625
v -0.09765625 0.18359375 0.04296875
v -0.09765625 0.19140625 -0.05078125
v -0.09765625 0.19140625 0.03515625
v -0.09765625 0.19921875 -0.11328125
v -0.09765625 0.19921875 -0.09765625
v -0.09765625 0.19921875 -0.07421875
v -0.09765625 0.20703125 -0.12109375
v -0.09765625 0.20703125 -0.10546875
v -0.09765625 0.20703125 -0.04296875
v -0.09765625 0.20703125 -0.02734375
v -0.09765625 0.21484375 -0.06640625
v -0.09765625 0.21484375 -0.05078125
v -0.09765625 0.22265625 -0.03515625
v -0.09765625 0.22265625 0.06640625
v -0.09765625 0.23828125 -0.01171875
v -0.09765625 0.25390625 -0.00390625
v -0.09765625 0.25390625 0.01171875
v -0.09765625 0.26171875 0.03515625
v -0.09765625 0.26953125 -0.01171875
v -0.09765625 0.31640625 0.17578125
v -0.09765625 0.32421875 0.14453125
v -0.09765625 0.35546875 0.14453125
v -0.09765625 0.36328125 0.16796875
v -0.09765625 0.44921875 0.16015625
v -0.09765625 0.46484375 0.17578125
v -0.09765625 0.47265625 0.19140625
v -0.08984375 -0.48046875 -0.03515625
v -0.08984375 -0.45703125 -0.02734375
v -0.08984375 -0.35546875 -0.05078125
v -0.08984375 -0.35546875 -0.03515625
v -0.08984375 -0.35546875 -0.01171875
v -0.08984375 -0.35546875 0.00390625
v -0.08984375 -0.33984375 -0.00390625
v -0.08984375 -0.32421875 0.05078125
v -0.08984375 -0.30859375 -0.11328125
v -0.08984375 -0.30859375 -0.10546875
v -0.08984375 -0.30078125 0.05078125
v -0.08984375 -0.29296875 -0.11328125
v -0.08984375 -0.29296875 -0.10546875
v -0.08984375 -0.29296875 -0.08203125
v -0.08984375 -0.29296875 -0.07421875
v -0.08984375 -0.29296875 -0.06640625
v -0.08984375 -0.29296875 -0.04296875
v -0.08984375 -0.28515625 -0.10546875
v -0.08984375 -0.27734375 -0.08203125
v -0.08984375 -0.27734375 -0.07421875
v -0.08984375 -0.27734375 -0.06640625
v -0.08984375 -0.27734375 -0.02734375
v -0.08984375 -0.26953125 -0.08984375
v -0.08984375 -0.26953125 -0.07421875
v -0.08984375 -0.26953125 -0.05859375
v -0.08984375 -0.26953125 -0.05078125
v -0.08984375 -0.26171875 -0.10546875
v -0.08984375 -0.26171875 -0.02734375
v -0.08984375 -0.25390625 -0.05859375
v -0.08984375 -0.25390625 -0.03515625
v -0.08984375 -0.25390625 -0.01953125
v -0.08984375 -0.25390625 -0.00390625
v -0.08984375 -0.25390625 0.00390625
v -0.08984375 -0.25390625 0.01171875
v -0.08984375 -0.24609375 -0.10546875
v -0.08984375 -0.24609375 -0.02734375
v -0.08984375 -0.23828125 -0.08984375
v -0.08984375 -0.23828125 -0.05078125
v -0.08984375 -0.23828125 0.01171875
v -0.08984375 -0.23828125 0.01953125
v -0.08984375 -0.23046875 -0.06640625
v -0.08984375 -0.23046875 -0.04296875
v -0.08984375 -0.23046875 0.06640625
v -0.08984375 -0.22265625 -0.08984375
v -0.08984375 -0.22265625 0.00390625
v -0.08984375 -0.22265625 0.01953125
v -0.08984375 -0.21484375 -0.05859375
v -0.08984375 -0.20703125 -0.09765625
v -0.08984375 -0.20703125 0.00390625
v -0.08984375 -0.20703125 0.01953125
v -0.08984375 -0.19921875 -0.09765625
v -0.08984375 -0.19921875 -0.01171875
v -0.08984375 -0.19921875 0.05859375
v -0.08984375 -0.19140625 -0.03515625
v -0.08984375 -0.19140625 0.01171875
v -0.08984375 -0.19140625 0.01953125
v -0.08984375 -0.18359375 -0.06640625
v -0.08984375 -0.18359375 -0.05078125
v -0.08984375 -0.18359375 -0.01953125
v -0.08984375 -0.17578125 -0.05859375
v -0.08984375 -0.17578125 -0.00390625
v -0.08984375 -0.16796875 -0.05859375
v -0.08984375 -0.16796875 -0.04296875
v -0.08984375 0.02734375 -0.02734375
v -0.08984375 0.13671875 -0.04296875
v -0.08984375 0.13671875 -0.00390625
v -0.08984375 0.13671875 0.01171875
v -0.08984375 0.14453125 -0.08984375
v -0.08984375 0.14453125 -0.05078125
v -0.08984375 0.14453125 -0.01953125
v -0.08984375 0.15234375 -0.06640625
v -0.08984375 0.16796875 -0.06640625
v -0.08984375 0.18359375 -0.09765625
v -0.08984375 0.18359375 -0.07421875
v -0.08984375 0.18359375 -0.04296875
v -0.08984375 0.18359375 0.05078125
v -0.08984375 0.19140625 -0.10546875
v -0.08984375 0.19140625 -0.02734375
v -0.08984375 0.19921875 -0.12109375
v -0.08984375 0.19921875 0.04296875
v -0.08984375 0.20703125 -0.08984375
v -0.08984375 0.20703125 0.05859375
v -0.08984375 0.21484375 -0.11328125
v -0.08984375 0.21484375 0.05078125
v -0.08984375 0.22265625 -0.09765625
v -0.08984375 0.22265625 -0.08203125
v -0.08984375 0.23046875 -0.08984375
v -0.08984375 0.23046875 -0.05859375
v -0.08984375 0.23046875 -0.03515625
v -0.08984375 0.23046875 0.05859375
v -0.08984375 0.23828125 0.05078125
v -0.08984375 0.25390625 0.05078125
v -0.08984375 0.26171875 0.02734375
v -0.08984375 0.26171875 0.04296875
v -0.08984375 0.26953125 0.00390625
v -0.08984375 0.28515625 -0.01171875
v -0.08984375 0.30859375 0.16796875
v -0.08984375 0.35546875 0.18359375
v -0.08984375 0.42578125 0.16796875
v -0.08984375 0.44140625 0.16796875
v -0.08984375 0.44921875 0.18359375
v -0.08984375 0.49609375 0.19921875
v -0.08203125 -0.49609375 -0.01953125
v -0.08203125 -0.49609375 0.08203125
v -0.08203125 -0.46484375 -0.04296875
v -0.08203125 -0.38671875 -0.04296875
v -0.08203125 -0.37890625 -0.01953125
v -0.08203125 -0.37890625 -0.00390625
v -0.08203125 -0.37109375 -0.03515625
v -0.08203125 -0.36328125 -0.03515625
v -0.08203125 -0.35546875 -0.05859375
v -0.08203125 -0.35546875 -0.01953125
v -0.08203125 -0.34765625 -0.01953125
v -0.08203125 -0.34765625 0.00390625
v -0.08203125 -0.33203125 -0.08984375
v -0.08203125 -0.33203125 -0.02734375
v -0.08203125 -0.33203125 -0.01953125
v -0.08203125 -0.31640625 -0.12890625
v -0.08203125 -0.31640625 -0.08984375
v -0.08203125 -0.31640625 -0.08203125
v -0.08203125 -0.31640625 -0.05078125
v -0.08203125 -0.31640625 0.00390625
v -0.08203125 -0.31640625 0.02734375
v -0.08203125 -0.30859375 -0.13671875
v -0.08203125 -0.30859375 -0.12890625
v -0.08203125 -0.30859375 -0.12109375
v -0.08203125 -0.30859375 0.03515625
v -0.08203125 -0.30078125 -0.05078125
v -0.08203125 -0.30078125 0.00390625
v -0.08203125 -0.30078125 0.01171875
v -0.08203125 -0.29296875 -0.13671875
v -0.08203125 -0.29296875 -0.12890625
v -0.08203125 -0.29296875 -0.12109375
v -0.08203125 -0.29296875 -0.11328125
v -0.08203125 -0.29296875 -0.10546875
v -0.08203125 -0.28515625 -0.09765625
v -0.08203125 -0.28515625 -0.05078125
v -0.08203125 -0.28515625 -0.01953125
v -0.08203125 -0.27734375 -0.00390625
v -0.08203125 -0.26953125 -0.13671875
v -0.08203125 -0.26953125 -0.12890625
v -0.08203125 -0.26953125 -0.11328125
v -0.08203125 -0.26953125 -0.09765625
v -0.08203125 -0.26953125 -0.06640625
v -0.08203125 -0.26953125 0.00390625
v -0.08203125 -0.26953125 0.03515625
v -0.08203125 -0.26171875 -0.08984375
v -0.08203125 -0.26171875 0.02734375
v -0.08203125 -0.25390625 -0.05078125
v -0.08203125 -0.25390625 -0.00390625
v -0.08203125 -0.25390625 0.01171875
v -0.08203125 -0.25390625 0.01953125
v -0.08203125 -0.25390625 0.06640625
v -0.08203125 -0.25390625 0.09765625
v -0.08203125 -0.24609375 -0.13671875
v -0.08203125 -0.24609375 -0.12890625
v -0.08203125 -0.24609375 -0.03515625
v -0.08203125 -0.24609375 -0.00390625
v -0.08203125 -0.24609375 0.02734375
v -0.08203125 -0.24609375 0.07421875
v -0.08203125 -0.23828125 -0.05859375
v -0.08203125 -0.23828125 -0.01953125
v -0.08203125 -0.23828125 -0.01171875
v -0.08203125 -0.23828125 0.02734375
v -0.08203125 -0.23046875 -0.09765625
v -0.08203125 -0.23046875 -0.08984375
v -0.08203125 -0.22265625 -0.08203125
v -0.08203125 -0.22265625 0.01953125
v -0.08203125 -0.21484375 -0.07421875
v -0.08203125 -0.21484375 -0.04296875
v -0.08203125 -0.21484375 0.00390625
v -0.08203125 -0.21484375 0.01171875
v -0.08203125 -0.21484375 0.04296875
v -0.08203125 -0.20703125 -0.01171875
v -0.08203125 -0.20703125 0.05078125
v -0.08203125 -0.19921875 -0.06640625
v -0.08203125 -0.19921875 -0.05078125
v -0.08203125 -0.19921875 -0.04296875
v -0.08203125 -0.19921875 -0.01953125
v -0.08203125 -0.19921875 -0.00390625
v -0.08203125 -0.19921875 0.05078125
v -0.08203125 -0.19140625 -0.05078125
v -0.08203125 -0.19140625 0.01171875
v -0.08203125 -0.18359375 -0.08203125
v -0.08203125 -0.18359375 -0.03515625
v -0.08203125 -0.18359375 -0.02734375
v -0.08203125 -0.17578125 -0.05859375
v -0.08203125 -0.17578125 -0.03515625
v -0.08203125 -0.17578125 0.00390625
v -0.08203125 -0.16796875 -0.08203125
v -0.08203125 -0.16796875 -0.01953125
v -0.08203125 0.05078125 0.01171875
v -0.08203125 0.12890625 -0.02734375
v -0.08203125 0.12890625 0.03515625
v -0.08203125 0.13671875 -0.08203125
v -0.08203125 0.15234375 -0.10546875
v -0.08203125 0.19140625 0.05859375
v -0.08203125 0.20703125 -0.12109375
v -0.08203125 0.20703125 0.07421875
v -0.08203125 0.22265625 -0.11328125
v -0.08203125 0.22265625 0.07421875
v -0.08203125 0.23046875 -0.10546875
v -0.08203125 0.23828125 -0.08203125
v -0.08203125 0.23828125 -0.06640625
v -0.08203125 0.24609375 -0.09765625
v -0.08203125 0.24609375 -0.06640625
v -0.08203125 0.24609375 0.05859375
v -0.08203125 0.25390625 -0.08203125
v -0.08203125 0.25390625 -0.07421875
v -0.08203125 0.25390625 -0.05859375
v -0.08203125 0.25390625 -0.03515625
v -0.08203125 0.25390625 -0.02734375
v -0.08203125 0.26171875 0.04296875
v -0.08203125 0.26953125 -0.05859375
v -0.08203125 0.26953125 -0.02734375
v -0.08203125 0.27734375 -0.05078125
v -0.08203125 0.27734375 0.00390625
v -0.08203125 0.28515625 -0.02734375
v -0.08203125 0.29296875 -0.00390625
v -0.08203125 0.33203125 0.17578125
v -0.08203125 0.33984375 0.14453125
v -0.08203125 0.37890625 0.16796875
v -0.08203125 0.39453125 0.16796875
v -0.08203125 0.41015625 0.16796875
v -0.08203125 0.43359375 0.16015625
v -0.08203125 0.47265625 0.17578125
v -0.08203125 0.47265625 0.19140625
v -0.07421875 -0.49609375 -0.05859375
v -0.07421875 -0.49609375 0.00390625
v -0.07421875 -0.48828125 -0.05859375
v -0.07421875 -0.48046875 0.08203125
v -0.07421875 -0.44921875 -0.05078125
v -0.07421875 -0.44140625 -0.02734375
v -0.07421875 -0.43359375 -0.00390625
v -0.07421875 -0.42578125 -0.03515625
v -0.07421875 -0.42578125 -0.01171875
v -0.07421875 -0.42578125 -0.00390625
v -0.07421875 -0.37890625 -0.05859375
v -0.07421875 -0.37890625 0.01171875
v -0.07421875 -0.36328125 -0.06640625
v -0.07421875 -0.32421875 -0.08203125
v -0.07421875 -0.32421875 -0.06640625
v -0.07421875 -0.32421875 0.03515625
v -0.07421875 -0.32421875 0.04296875
v -0.07421875 -0.31640625 -0.13671875
v -0.07421875 -0.31640625 -0.12890625
v -0.07421875 -0.31640625 -0.09765625
v -0.07421875 -0.31640625 -0.08203125
v -0.07421875 -0.31640625 -0.01171875
v -0.07421875 -0.31640625 0.02734375
v -0.07421875 -0.31640625 0.04296875
v -0.07421875 -0.30859375 -0.14453125
v -0.07421875 -0.30859375 -0.12109375
v -0.07421875 -0.30859375 0.02734375
v -0.07421875 -0.30078125 -0.06640625
v -0.07421875 -0.30078125 -0.02734375
v -0.07421875 -0.30078125 0.02734375
v -0.07421875 -0.30078125 0.03515625
v -0.07421875 -0.29296875 -0.14453125
v -0.07421875 -0.29296875 -0.11328125
v -0.07421875 -0.29296875 -0.08984375
v -0.07421875 -0.29296875 -0.07421875
v -0.07421875 -0.29296875 -0.01171875
v -0.07421875 -0.29296875 0.02734375
v -0.07421875 -0.28515625 -0.05859375
v -0.07421875 -0.28515625 -0.05078125
v -0.07421875 -0.28515625 -0.03515625
v -0.07421875 -0.28515625 -0.01171875
v -0.07421875 -0.27734375 -0.09765625
v -0.07421875 -0.27734375 0.01953125
v -0.07421875 -0.27734375 0.02734375
v -0.07421875 -0.27734375 0.03515625
v -0.07421875 -0.26953125 -0.11328125
v -0.07421875 -0.26953125 -0.08203125
v -0.07421875 -0.26953125 -0.05859375
v -0.07421875 -0.26171875 -0.17578125
v -0.07421875 -0.26171875 -0.06640625
v -0.07421875 -0.26171875 0.02734375
v -0.07421875 -0.26171875 0.03515625
v -0.07421875 -0.26171875 0.05078125
v -0.07421875 -0.25390625 -0.05859375
v -0.07421875 -0.25390625 0.01953125
v -0.07421875 -0.25390625 0.08203125
v -0.07421875 -0.24609375 -0.12109375
v -0.07421875 -0.24609375 -0.08984375
v -0.07421875 -0.24609375 0.00390625
v -0.07421875 -0.24609375 0.02734375
v -0.07421875 -0.23828125 -0.05859375
v -0.07421875 -0.23828125 -0.00390625
v -0.07421875 -0.23828125 0.00390625
v -0.07421875 -0.23046875 -0.16015625
v -0.07421875 -0.23046875 -0.13671875
v -0.07421875 -0.23046875 -0.12109375
v -0.07421875 -0.23046875 0.01953125
v -0.07421875 -0.23046875 0.05859375
v -0.07421875 -0.23046875 0.08203125
v -0.07421875 -0.22265625 -0.11328125
v -0.07421875 -0.22265625 -0.06640625
v -0.07421875 -0.22265625 -0.05859375
v -0.07421875 -0.22265625 -0.00390625
v -0.07421875 -0.22265625 0.04296875
v -0.07421875 -0.21484375 -0.12109375
v -0.07421875 -0.21484375 -0.05078125
v -0.07421875 -0.21484375 -0.02734375
v -0.07421875 -0.21484375 0.03515625
v -0.07421875 -0.20703125 0.01953125
v -0.07421875 -0.20703125 0.03515625
v -0.07421875 -0.19921875 -0.08984375
v -0.07421875 -0.19921875 -0.08203125
v -0.07421875 -0.19921875 0.01953125
v -0.07421875 -0.19921875 0.05859375
v -0.07421875 -0.19140625 0.03515625
v -0.07421875 -0.19140625 0.06640625
v -0.07421875 -0.18359375 -0.08984375
v -0.07421875 -0.18359375 0.00390625
v -0.07421875 -0.18359375 0.05078125
v -0.07421875 -0.16796875 -0.05078125
v -0.07421875 -0.16796875 0.01171875
v -0.07421875 -0.16015625 -0.05859375
v -0.07421875 -0.16015625 -0.05078125
v -0.07421875 -0.16015625 -0.04296875
v -0.07421875 -0.16015625 -0.01171875
v -0.07421875 0.08203125 0.01953125
v -0.07421875 0.09765625 -0.05859375
v -0.07421875 0.12109375 -0.04296875
v -0.07421875 0.12109375 -0.00390625
v -0.07421875 0.12890625 -0.02734375
v -0.07421875 0.13671875 -0.12890625
v -0.07421875 0.13671875 -0.05859375
v -0.07421875 0.13671875 0.04296875
v -0.07421875 0.14453125 -0.11328125
v -0.07421875 0.14453125 -0.08984375
v -0.07421875 0.16015625 0.04296875
v -0.07421875 0.16796875 -0.12109375
v -0.07421875 0.19140625 -0.12109375
v -0.07421875 0.20703125 -0.12109375
v -0.07421875 0.22265625 -0.12890625
v -0.07421875 0.23046875 -0.12109375
v -0.07421875 0.23046875 0.06640625
v -0.07421875 0.23828125 -0.12890625
v -0.07421875 0.24609375 -0.12109375
v -0.07421875 0.25390625 0.05859375
v -0.07421875 0.26171875 -0.12109375
v -0.07421875 0.26171875 -0.11328125
v -0.07421875 0.26171875 -0.08984375
v -0.07421875 0.26171875 -0.04296875
v -0.07421875 0.26953125 -0.11328125
v -0.07421875 0.26953125 -0.09765625
v -0.07421875 0.26953125 -0.08203125
v -0.07421875 0.26953125 0.01171875
v -0.07421875 0.27734375 0.03515625
v -0.07421875 0.28515625 -0.09765625
v -0.07421875 0.28515625 -0.08203125
v -0.07421875 0.37109375 0.18359375
v -0.07421875 0.37890625 0.15234375
v -0.07421875 0.39453125 0.15234375
v -0.07421875 0.39453125 0.17578125
v -0.07421875 0.41015625 0.15234375
v -0.07421875 0.41796875 0.17578125
v -0.07421875 0.43359375 0.17578125
v -0.07421875 0.45703125 0.16796875
v -0.07421875 0.45703125 0.18359375
v -0.06640625 -0.49609375 -0.04296875
v -0.06640625 -0.49609375 0.03515625
v -0.06640625 -0.49609375 0.06640625
v -0.06640625 -0.49609375 0.08203125
v -0.06640625 -0.48828125 0.08203125
v -0.06640625 -0.47265625 -0.05859375
v -0.06640625 -0.47265625 0.06640625
v -0.06640625 -0.45703125 0.04296875
v -0.06640625 -0.42578125 -0.05078125
v -0.06640625 -0.33984375 0.01953125
v -0.06640625 -0.33203125 -0.06640625
v -0.06640625 -0.32421875 0.04296875
v -0.06640625 -0.31640625 -0.09765625
v -0.06640625 -0.31640625 0.00390625
v -0.06640625 -0.31640625 0.04296875
v -0.06640625 -0.31640625 0.05078125
v -0.06640625 -0.31640625 0.05859375
v -0.06640625 -0.30859375 -0.14453125
v -0.06640625 -0.30859375 -0.13671875
v -0.06640625 -0.30859375 -0.12890625
v -0.06640625 -0.30859375 0.02734375
v -0.06640625 -0.30078125 -0.06640625
v -0.06640625 -0.30078125 0.02734375
v -0.06640625 -0.30078125 0.04296875
v -0.06640625 -0.30078125 0.05078125
v -0.06640625 -0.29296875 -0.12109375
v -0.06640625 -0.29296875 -0.09765625
v -0.06640625 -0.28515625 -0.19140625
v -0.06640625 -0.28515625 0.01953125
v -0.06640625 -0.28515625 0.04296875
v -0.06640625 -0.27734375 -0.18359375
v -0.06640625 -0.27734375 -0.17578125
v -0.06640625 -0.27734375 -0.09765625
v -0.06640625 -0.27734375 -0.06640625
v -0.06640625 -0.27734375 0.01953125
v -0.06640625 -0.27734375 0.03515625
v -0.06640625 -0.26953125 -0.16796875
v -0.06640625 -0.26953125 -0.14453125
v -0.06640625 -0.26953125 -0.12109375
v -0.06640625 -0.26953125 0.01953125
v -0.06640625 -0.26953125 0.04296875
v -0.06640625 -0.26171875 -0.17578125
v -0.06640625 -0.26171875 -0.09765625
v -0.06640625 -0.26171875 0.00390625
v -0.06640625 -0.26171875 0.01953125
v -0.06640625 -0.25390625 -0.18359375
v -0.06640625 -0.25390625 -0.08203125
v -0.06640625 -0.25390625 0.03515625
v -0.06640625 -0.24609375 -0.14453125
v -0.06640625 -0.24609375 -0.11328125
v -0.06640625 -0.24609375 0.01171875
v -0.06640625 -0.24609375 0.01953125
v -0.06640625 -0.24609375 0.03515625
v -0.06640625 -0.24609375 0.08984375
v -0.06640625 -0.23828125 -0.15234375
v -0.06640625 -0.23828125 -0.14453125
v -0.06640625 -0.23828125 -0.06640625
v -0.06640625 -0.23828125 0.00390625
v -0.06640625 -0.23828125 0.05859375
v -0.06640625 -0.23046875 0.02734375
v -0.06640625 -0.22265625 -0.14453125
v -0.06640625 -0.22265625 0.02734375
v -0.06640625 -0.21484375 -0.07421875
v -0.06640625 -0.21484375 0.00390625
v -0.06640625 -0.21484375 0.04296875
v -0.06640625 -0.21484375 0.06640625
v -0.06640625 -0.19921875 -0.12109375
v -0.06640625 -0.19921875 -0.10546875
v -0.06640625 -0.19921875 0.03515625
v -0.06640625 -0.19921875 0.09765625
v -0.06640625 -0.19140625 -0.03515625
v -0.06640625 -0.19140625 0.01953125
v -0.06640625 -0.19140625 0.08984375
v -0.06640625 -0.18359375 0.02734375
v -0.06640625 -0.18359375 0.07421875
v -0.06640625 -0.17578125 0.01953125
v -0.06640625 -0.17578125 0.03515625
v -0.06640625 -0.16796875 -0.09765625
v -0.06640625 -0.16796875 -0.08203125
v -0.06640625 -0.16796875 -0.03515625
v -0.06640625 -0.16796875 0.05859375
v -0.06640625 -0.16015625 -0.01953125
v -0.06640625 -0.16015625 0.00390625
v -0.06640625 0.05078125 -0.05859375
v -0.06640625 0.06640625 -0.06640625
v -0.06640625 0.09765625 0.01171875
v -0.06640625 0.12109375 -0.12109375
v -0.06640625 0.12890625 -0.12890625
v -0.06640625 0.12890625 -0.12109375
v -0.06640625 0.13671875 -0.10546875
v -0.06640625 0.15234375 -0.12109375
v -0.06640625 0.16796875 0.05859375
v -0.06640625 0.18359375 -0.13671875
v -0.06640625 0.18359375 -0.12109375
v -0.06640625 0.19921875 0.07421875
v -0.06640625 0.21484375 -0.13671875
v -0.06640625 0.21484375 -0.12109375
v -0.06640625 0.22265625 0.06640625
v -0.06640625 0.23046875 -0.13671875
v -0.06640625 0.23828125 -0.14453125
v -0.06640625 0.24609375 -0.13671875
v -0.06640625 0.24609375 -0.11328125
v -0.06640625 0.25390625 -0.12890625
v -0.06640625 0.25390625 -0.10546875
v -0.06640625 0.25390625 0.07421875
v -0.06640625 0.26171875 0.05859375
v -0.06640625 0.26953125 -0.12109375
v -0.06640625 0.26953125 -0.10546875
v -0.06640625 0.27734375 -0.11328125
v -0.06640625 0.27734375 -0.06640625
v -0.06640625 0.27734375 -0.02734375
v -0.06640625 0.28515625 -0.08203125
v -0.06640625 0.28515625 0.00390625
v -0.06640625 0.28515625 0.02734375
v -0.06640625 0.29296875 -0.08984375
v -0.06640625 0.29296875 -0.05078125
v -0.06640625 0.29296875 -0.01953125
v -0.06640625 0.29296875 0.00390625
v -0.06640625 0.31640625 -0.00390625
v -0.06640625 0.32421875 0.16796875
v -0.06640625 0.35546875 0.17578125
v -0.06640625 0.43359375 0.16015625
v -0.06640625 0.43359375 0.17578125
v -0.05859375 -0.49609375 -0.06640625
v -0.05859375 -0.44140625 -0.05859375
v -0.05859375 -0.44140625 0.01171875
v -0.05859375 -0.43359375 0.01171875
v -0.05859375 -0.38671875 -0.06640625
v -0.05859375 -0.32421875 -0.09765625
v -0.05859375 -0.31640625 -0.07421875
v -0.05859375 -0.31640625 0.03515625
v -0.05859375 -0.31640625 0.04296875
v -0.05859375 -0.31640625 0.05859375
v -0.05859375 -0.30859375 -0.13671875
v -0.05859375 -0.30859375 0.02734375
v -0.05859375 -0.30859375 0.05078125
v -0.05859375 -0.30078125 0.05078125
v -0.05859375 -0.30078125 0.05859375
v -0.05859375 -0.29296875 -0.17578125
v -0.05859375 -0.29296875 -0.14453125
v -0.05859375 -0.29296875 -0.13671875
v -0.05859375 -0.29296875 -0.12890625
v -0.05859375 -0.29296875 -0.09765625
v -0.05859375 -0.28515625 -0.16796875
v -0.05859375 -0.28515625 0.01171875
v -0.05859375 -0.28515625 0.02734375
v -0.05859375 -0.28515625 0.05078125
v -0.05859375 -0.27734375 -0.18359375
v -0.05859375 -0.27734375 -0.17578125
v -0.05859375 -0.27734375 -0.16796875
v -0.05859375 -0.26953125 -0.14453125
v -0.05859375 -0.26953125 -0.13671875
v -0.05859375 -0.26171875 -0.15234375
v -0.05859375 -0.26171875 -0.14453125
v -0.05859375 -0.26171875 0.04296875
v -0.05859375 -0.25390625 -0.11328125
v -0.05859375 -0.25390625 -0.09765625
v -0.05859375 -0.24609375 -0.08984375
v -0.05859375 -0.24609375 0.02734375
v -0.05859375 -0.24609375 0.06640625
v -0.05859375 -0.23828125 -0.15234375
v -0.05859375 -0.23828125 -0.10546875
v -0.05859375 -0.23828125 -0.08984375
v -0.05859375 -0.23828125 0.01171875
v -0.05859375 -0.23046875 -0.16796875
v -0.05859375 -0.23046875 0.02734375
v -0.05859375 -0.22265625 0.05078125
v -0.05859375 -0.22265625 0.08203125
v -0.05859375 -0.21484375 -0.08203125
v -0.05859375 -0.21484375 0.07421875
v -0.05859375 -0.20703125 -0.08984375
v -0.05859375 -0.20703125 0.02734375
v -0.05859375 -0.19921875 -0.14453125
v -0.05859375 -0.19921875 0.05859375
v -0.05859375 -0.19140625 -0.08984375
v -0.05859375 -0.19140625 0.07421875
v -0.05859375 -0.18359375 -0.05859375
v -0.05859375 -0.18359375 -0.00390625
v -0.05859375 -0.18359375 0.05078125
v -0.05859375 -0.17578125 -0.10546875
v -0.05859375 -0.17578125 -0.08984375
v -0.05859375 -0.17578125 0.04296875
v -0.05859375 -0.16796875 0.01171875
v -0.05859375 -0.16796875 0.04296875
v -0.05859375 -0.16796875 0.08984375
v -0.05859375 -0.16015625 0.07421875
v -0.05859375 -0.16015625 0.08203125
v -0.05859375 -0.15234375 0.02734375
v -0.05859375 -0.13671875 -0.06640625
v -0.05859375 -0.13671875 -0.05078125
v -0.05859375 -0.13671875 -0.01953125
v -0.05859375 0.05859375 0.00390625
v -0.05859375 0.12109375 -0.12109375
v -0.05859375 0.12890625 -0.12890625
v -0.05859375 0.12890625 -0.10546875
v -0.05859375 0.12890625 -0.05078125
v -0.05859375 0.13671875 -0.07421875
v -0.05859375 0.13671875 0.00390625
v -0.05859375 0.14453125 0.02734375
v -0.05859375 0.15234375 -0.13671875
v -0.05859375 0.15234375 0.05078125
v -0.05859375 0.16015625 -0.12890625
v -0.05859375 0.16796875 -0.13671875
v -0.05859375 0.17578125 -0.14453125
v -0.05859375 0.19140625 -0.13671875
v -0.05859375 0.19921875 -0.12109375
v -0.05859375 0.20703125 -0.13671875
v -0.05859375 0.22265625 -0.14453125
v -0.05859375 0.23046875 -0.15234375
v -0.05859375 0.23046875 0.07421875
v -0.05859375 0.24609375 -0.14453125
v -0.05859375 0.26171875 -0.12890625
v -0.05859375 0.26171875 0.08984375
v -0.05859375 0.26953125 0.07421875
v -0.05859375 0.27734375 0.05078125
v -0.05859375 0.28515625 -0.10546875
v -0.05859375 0.28515625 0.06640625
v -0.05859375 0.29296875 -0.06640625
v -0.05859375 0.29296875 -0.01953125
v -0.05859375 0.29296875 0.01953125
v -0.05859375 0.30078125 0.05078125
v -0.05859375 0.30078125 0.06640625
v -0.05859375 0.30859375 0.01953125
v -0.05859375 0.31640625 -0.06640625
v -0.05859375 0.31640625 -0.01171875
v -0.05859375 0.32421875 0.00390625
v -0.05859375 0.36328125 0.14453125
v -0.05859375 0.37890625 0.18359375
v -0.05859375 0.41015625 0.17578125
v -0.05859375 0.41796875 0.15234375
v -0.05859375 0.44140625 0.16796875
v -0.05078125 -0.49609375 -0.07421875
v -0.05078125 -0.49609375 0.06640625
v -0.05078125 -0.48828125 0.07421875
v -0.05078125 -0.48046875 -0.06640625
v -0.05078125 -0.47265625 -0.06640625
v -0.05078125 -0.42578125 -0.06640625
v -0.05078125 -0.34765625 -0.07421875
v -0.05078125 -0.34765625 0.02734375
v -0.05078125 -0.32421875 -0.10546875
v -0.05078125 -0.32421875 -0.09765625
v -0.05078125 -0.32421875 0.05078125
v -0.05078125 -0.32421875 0.05859375
v -0.05078125 -0.31640625 0.02734375
v -0.05078125 -0.31640625 0.05078125
v -0.05078125 -0.31640625 0.06640625
v -0.05078125 -0.30859375 -0.10546875
v -0.05078125 -0.30859375 0.04296875
v -0.05078125 -0.30859375 0.05078125
v -0.05078125 -0.30078125 -0.08984375
v -0.05078125 -0.30078125 0.02734375
v -0.05078125 -0.30078125 0.04296875
v -0.05078125 -0.29296875 -0.08984375
v -0.05078125 -0.29296875 0.01953125
v -0.05078125 -0.28515625 -0.17578125
v -0.05078125 -0.28515625 -0.08984375
v -0.05078125 -0.28515625 0.01953125
v -0.05078125 -0.28515625 0.05859375
v -0.05078125 -0.27734375 -0.17578125
v -0.05078125 -0.27734375 -0.12890625
v -0.05078125 -0.26953125 -0.18359375
v -0.05078125 -0.26953125 -0.16796875
v -0.05078125 -0.26953125 -0.14453125
v -0.05078125 -0.26953125 0.01953125
v -0.05078125 -0.26171875 -0.18359375
v -0.05078125 -0.26171875 -0.14453125
v -0.05078125 -0.26171875 -0.12890625
v -0.05078125 -0.26171875 0.05078125
v -0.05078125 -0.25390625 -0.15234375
v -0.05078125 -0.25390625 0.01171875
v -0.05078125 -0.24609375 0.04296875
v -0.05078125 -0.24609375 0.05078125
v -0.05078125 -0.23828125 -0.17578125
v -0.05078125 -0.23828125 -0.16796875
v -0.05078125 -0.23828125 -0.13671875
v -0.05078125 -0.23828125 -0.12109375
v -0.05078125 -0.23828125 -0.10546875
v -0.05078125 -0.23828125 0.03515625
v -0.05078125 -0.23046875 -0.12890625
v -0.05078125 -0.23046875 -0.09765625
v -0.05078125 -0.23046875 0.08203125
v -0.05078125 -0.22265625 -0.14453125
v -0.05078125 -0.21484375 0.01171875
v -0.05078125 -0.21484375 0.07421875
v -0.05078125 -0.20703125 -0.12890625
v -0.05078125 -0.20703125 -0.12109375
v -0.05078125 -0.20703125 -0.09765625
v -0.05078125 -0.20703125 0.04296875
v -0.05078125 -0.19921875 -0.16015625
v -0.05078125 -0.19921875 0.02734375
v -0.05078125 -0.19140625 0.01171875
v -0.05078125 -0.18359375 0.05859375
v -0.05078125 -0.17578125 -0.11328125
v -0.05078125 -0.17578125 0.08984375
v -0.05078125 -0.16015625 0.02734375
v -0.05078125 -0.14453125 0.00390625
v -0.05078125 -0.14453125 0.04296875
v -0.05078125 -0.14453125 0.08203125
v -0.05078125 -0.13671875 0.03515625
v -0.05078125 -0.12890625 -0.05078125
v -0.05078125 0.04296875 -0.03515625
v -0.05078125 0.10546875 -0.05859375
v -0.05078125 0.13671875 -0.16015625
v -0.05078125 0.14453125 -0.12890625
v -0.05078125 0.15234375 -0.14453125
v -0.05078125 0.16796875 -0.14453125
v -0.05078125 0.18359375 0.06640625
v -0.05078125 0.19140625 -0.15234375
v -0.05078125 0.19921875 -0.16796875
v -0.05078125 0.19921875 -0.14453125
v -0.05078125 0.20703125 -0.16015625
v -0.05078125 0.20703125 0.06640625
v -0.05078125 0.22265625 0.06640625
v -0.05078125 0.23828125 0.08203125
v -0.05078125 0.25390625 -0.14453125
v -0.05078125 0.26953125 -0.12109375
v -0.05078125 0.26953125 0.08984375
v -0.05078125 0.28515625 -0.10546875
v -0.05078125 0.28515625 -0.07421875
v -0.05078125 0.29296875 -0.08984375
v -0.05078125 0.30078125 -0.07421875
v -0.05078125 0.30078125 -0.01953125
v -0.05078125 0.30078125 0.03515625
v -0.05078125 0.30859375 -0.05859375
v -0.05078125 0.30859375 -0.03515625
v -0.05078125 0.30859375 0.05078125
v -0.05078125 0.31640625 -0.08203125
v -0.05078125 0.31640625 0.06640625
v -0.05078125 0.32421875 -0.07421875
v -0.05078125 0.32421875 -0.06640625
v -0.05078125 0.32421875 0.01953125
v -0.05078125 0.33203125 0.00390625
v -0.05078125 0.34765625 0.16796875
v -0.05078125 0.38671875 0.15234375
v -0.05078125 0.41015625 0.16796875
v -0.04296875 -0.49609375 -0.04296875
v -0.04296875 -0.49609375 0.02734375
v -0.04296875 -0.49609375 0.04296875
v -0.04296875 -0.46484375 0.03515625
v -0.04296875 -0.44140625 -0.05859375
v -0.04296875 -0.44140625 0.01953125
v -0.04296875 -0.43359375 0.01171875
v -0.04296875 -0.38671875 0.02734375
v -0.04296875 -0.33984375 -0.16015625
v -0.04296875 -0.33984375 -0.15234375
v -0.04296875 -0.33203125 -0.09765625
v -0.04296875 -0.32421875 -0.16015625
v -0.04296875 -0.32421875 -0.15234375
v -0.04296875 -0.32421875 0.05859375
v -0.04296875 -0.32421875 0.06640625
v -0.04296875 -0.31640625 -0.08984375
v -0.04296875 -0.31640625 0.06640625
v -0.04296875 -0.30859375 -0.16015625
v -0.04296875 -0.30859375 -0.15234375
v -0.04296875 -0.30859375 0.05078125
v -0.04296875 -0.30078125 0.03515625
v -0.04296875 -0.30078125 0.05078125
v -0.04296875 -0.30078125 0.05859375
v -0.04296875 -0.29296875 0.02734375
v -0.04296875 -0.28515625 -0.15234375
v -0.04296875 -0.28515625 -0.14453125
v -0.04296875 -0.27734375 -0.13671875
v -0.04296875 -0.27734375 0.04296875
v -0.04296875 -0.26953125 -0.16015625
v -0.04296875 -0.26953125 -0.14453125
v -0.04296875 -0.26953125 -0.13671875
v -0.04296875 -0.26953125 -0.09765625
v -0.04296875 -0.26171875 -0.17578125
v -0.04296875 -0.26171875 -0.16015625
v -0.04296875 -0.25390625 -0.16015625
v -0.04296875 -0.25390625 -0.11328125
v -0.04296875 -0.25390625 0.01953125
v -0.04296875 -0.24609375 -0.16796875
v -0.04296875 -0.24609375 -0.13671875
v -0.04296875 -0.24609375 -0.12890625
v -0.04296875 -0.24609375 -0.12109375
v -0.04296875 -0.24609375 0.04296875
v -0.04296875 -0.23828125 -0.13671875
v -0.04296875 -0.23828125 -0.12890625
v -0.04296875 -0.23828125 0.01171875
v -0.04296875 -0.23828125 0.03515625
v -0.04296875 -0.22265625 -0.15234375
v -0.04296875 -0.21484375 -0.12890625
v -0.04296875 -0.21484375 -0.12109375
v -0.04296875 -0.21484375 -0.11328125
v -0.04296875 -0.20703125 -0.12890625
v -0.04296875 -0.20703125 -0.10546875
v -0.04296875 -0.19921875 0.05859375
v -0.04296875 -0.19921875 0.06640625
v -0.04296875 -0.18359375 -0.07421875
v -0.04296875 -0.18359375 0.05078125
v -0.04296875 -0.17578125 -0.12109375
v -0.04296875 -0.16796875 -0.12890625
v -0.04296875 -0.14453125 -0.08984375
v -0.04296875 -0.14453125 0.08203125
v -0.04296875 -0.12890625 -0.02734375
v -0.04296875 -0.12890625 -0.00390625
v -0.04296875 -0.11328125 -0.05078125
v -0.04296875 0.06640625 0.00390625
v -0.04296875 0.10546875 0.00390625
v -0.04296875 0.12890625 -0.05859375
v -0.04296875 0.12890625 0.01953125
v -0.04296875 0.13671875 -0.13671875
v -0.04296875 0.13671875 -0.11328125
v -0.04296875 0.13671875 -0.08984375
v -0.04296875 0.13671875 0.03515625
v -0.04296875 0.15234375 -0.14453125
v -0.04296875 0.16015625 -0.15234375
v -0.04296875 0.16015625 -0.12890625
v -0.04296875 0.16015625 0.05859375
v -0.04296875 0.16796875 -0.14453125
v -0.04296875 0.17578125 -0.16796875
v -0.04296875 0.18359375 -0.14453125
v -0.04296875 0.19140625 -0.17578125
v -0.04296875 0.20703125 -0.17578125
v -0.04296875 0.20703125 0.07421875
v -0.04296875 0.21484375 -0.16796875
v -0.04296875 0.21484375 0.08203125
v -0.04296875 0.22265625 -0.16015625
v -0.04296875 0.22265625 -0.15234375
v -0.04296875 0.22265625 0.08203125
v -0.04296875 0.23046875 0.06640625
v -0.04296875 0.23828125 -0.15234375
v -0.04296875 0.25390625 0.09765625
v -0.04296875 0.26171875 -0.13671875
v -0.04296875 0.26953125 0.09765625
v -0.04296875 0.27734375 -0.12890625
v -0.04296875 0.27734375 0.10546875
v -0.04296875 0.28515625 0.07421875
v -0.04296875 0.29296875 -0.11328125
v -0.04296875 0.30078125 -0.09765625
v -0.04296875 0.30859375 0.03515625
v -0.04296875 0.30859375 0.08203125
v -0.04296875 0.31640625 -0.05078125
v -0.04296875 0.32421875 -0.08203125
v -0.04296875 0.32421875 -0.05078125
v -0.04296875 0.32421875 -0.01953125
v -0.04296875 0.32421875 0.01953125
v -0.04296875 0.33203125 -0.06640625
v -0.04296875 0.33984375 -0.05078125
v -0.04296875 0.33984375 -0.03515625
v -0.04296875 0.33984375 0.00390625
v -0.04296875 0.34765625 0.01953125
v -0.04296875 0.34765625 0.03515625
v -0.04296875 0.37890625 0.16796875
v -0.03515625 -0.49609375 -0.05859375
v -0.03515625 -0.49609375 0.00390625
v -0.03515625 -0.48828125 0.05078125
v -0.03515625 -0.38671875 -0.08203125
v -0.03515625 -0.35546875 -0.16015625
v -0.03515625 -0.34765625 -0.16015625
v -0.03515625 -0.34765625 -0.15234375
v -0.03515625 -0.34765625 -0.08984375
v -0.03515625 -0.33984375 -0.16796875
v -0.03515625 -0.33984375 -0.14453125
v -0.03515625 -0.33203125 0.06640625
v -0.03515625 -0.32421875 -0.16796875
v -0.03515625 -0.32421875 -0.14453125
v -0.03515625 -0.32421875 0.06640625
v -0.03515625 -0.31640625 0.05859375
v -0.03515625 -0.31640625 0.07421875
v -0.03515625 -0.30859375 -0.16796875
v -0.03515625 -0.30859375 -0.14453125
v -0.03515625 -0.30859375 -0.10546875
v -0.03515625 -0.30859375 0.05859375
v -0.03515625 -0.30078125 -0.10546875
v -0.03515625 -0.30078125 0.05078125
v -0.03515625 -0.30078125 0.05859375
v -0.03515625 -0.29296875 -0.11328125
v -0.03515625 -0.29296875 0.04296875
v -0.03515625 -0.28515625 -0.16015625
v -0.03515625 -0.28515625 -0.13671875
v -0.03515625 -0.28515625 0.04296875
v -0.03515625 -0.28515625 0.05859375
v -0.03515625 -0.27734375 -0.12890625
v -0.03515625 -0.27734375 -0.09765625
v -0.03515625 -0.26953125 -0.12109375
v -0.03515625 -0.26953125 0.04296875
v -0.03515625 -0.26171875 -0.14453125
v -0.03515625 -0.26171875 0.01953125
v -0.03515625 -0.26171875 0.04296875
v -0.03515625 -0.25390625 -0.16015625
v -0.03515625 -0.25390625 0.05078125
v -0.03515625 -0.23828125 -0.15234375
v -0.03515625 -0.23828125 0.04296875
v -0.03515625 -0.23046875 -0.11328125
v -0.03515625 -0.23046875 0.06640625
v -0.03515625 -0.22265625 -0.15234375
v -0.03515625 -0.21484375 0.01171875
v -0.03515625 -0.20703125 -0.12109375
v -0.03515625 -0.20703125 0.06640625
v -0.03515625 -0.19921875 -0.16796875
v -0.03515625 -0.19140625 -0.09765625
v -0.03515625 -0.18359375 0.02734375
v -0.03515625 -0.17578125 0.02734375
v -0.03515625 -0.16796875 -0.14453125
v -0.03515625 -0.16796875 0.05859375
v -0.03515625 -0.16796875 0.06640625
v -0.03515625 -0.13671875 -0.11328125
v -0.03515625 -0.13671875 -0.08203125
v -0.03515625 -0.13671875 0.05859375
v -0.03515625 -0.12890625 0.01171875
v -0.03515625 -0.12890625 0.01953125
v -0.03515625 -0.11328125 -0.07421875
v -0.03515625 -0.11328125 -0.01953125
v -0.03515625 -0.11328125 0.00390625
v -0.03515625 -0.08984375 -0.05078125
v -0.03515625 -0.08203125 -0.04296875
v -0.03515625 -0.06640625 -0.04296875
v -0.03515625 0.05078125 -0.03515625
v -0.03515625 0.05859375 -0.05859375
v -0.03515625 0.08203125 -0.06640625
v -0.03515625 0.09765625 -0.13671875
v -0.03515625 0.09765625 -0.12890625
v -0.03515625 0.11328125 -0.13671875
v -0.03515625 0.11328125 -0.12109375
v -0.03515625 0.12109375 -0.14453125
v -0.03515625 0.12890625 -0.11328125
v -0.03515625 0.12890625 0.03515625
v -0.03515625 0.13671875 -0.14453125
v -0.03515625 0.14453125 -0.16015625
v -0.03515625 0.15234375 -0.15234375
v -0.03515625 0.15234375 0.04296875
v -0.03515625 0.16796875 -0.16015625
v -0.03515625 0.18359375 0.05859375
v -0.03515625 0.19921875 0.05859375
v -0.03515625 0.20703125 -0.18359375
v -0.03515625 0.22265625 -0.17578125
v -0.03515625 0.23046875 -0.16796875
v -0.03515625 0.24609375 -0.14453125
v -0.03515625 0.24609375 0.08203125
v -0.03515625 0.24609375 0.08984375
v -0.03515625 0.25390625 -0.14453125
v -0.03515625 0.26953125 -0.13671875
v -0.03515625 0.27734375 -0.14453125
v -0.03515625 0.28515625 0.08203125
v -0.03515625 0.29296875 -0.12109375
v -0.03515625 0.29296875 0.07421875
v -0.03515625 0.30859375 -0.12109375
v -0.03515625 0.30859375 -0.09765625
v -0.03515625 0.32421875 0.05859375
v -0.03515625 0.33203125 -0.05859375
v -0.03515625 0.33203125 -0.01953125
v -0.03515625 0.33203125 0.03515625
v -0.03515625 0.34765625 -0.02734375
v -0.03515625 0.35546875 -0.03515625
v -0.03515625 0.35546875 -0.01171875
v -0.03515625 0.35546875 0.00390625
v -0.03515625 0.37109375 0.02734375
v -0.02734375 -0.49609375 -0.06640625
v -0.02734375 -0.49609375 -0.02734375
v -0.02734375 -0.48828125 0.02734375
v -0.02734375 -0.48046875 -0.06640625
v -0.02734375 -0.46484375 -0.06640625
v -0.02734375 -0.44140625 -0.05859375
v -0.02734375 -0.44140625 0.00390625
v -0.02734375 -0.34765625 -0.16015625
v -0.02734375 -0.34765625 -0.15234375
v -0.02734375 -0.33984375 -0.16796875
v -0.02734375 -0.33984375 -0.14453125
v -0.02734375 -0.33203125 0.05859375
v -0.02734375 -0.32421875 -0.16796875
v -0.02734375 -0.32421875 -0.13671875
v -0.02734375 -0.32421875 -0.10546875
v -0.02734375 -0.32421875 0.05859375
v -0.02734375 -0.32421875 0.06640625
v -0.02734375 -0.32421875 0.07421875
v -0.02734375 -0.32421875 0.08203125
v -0.02734375 -0.31640625 -0.12109375
v -0.02734375 -0.31640625 0.05859375
v -0.02734375 -0.31640625 0.06640625
v -0.02734375 -0.30859375 -0.12890625
v -0.02734375 -0.30859375 0.05859375
v -0.02734375 -0.30859375 0.08203125
v -0.02734375 -0.29296875 -0.12890625
v -0.02734375 -0.29296875 0.05078125
v -0.02734375 -0.29296875 0.06640625
v -0.02734375 -0.28515625 -0.12890625
v -0.02734375 -0.28515625 0.02734375
v -0.02734375 -0.27734375 -0.12890625
v -0.02734375 -0.27734375 0.03515625
v -0.02734375 -0.26953125 0.01953125
v -0.02734375 -0.26171875 0.05078125
v -0.02734375 -0.26171875 0.05859375
v -0.02734375 -0.25390625 -0.13671875
v -0.02734375 -0.25390625 -0.11328125
v -0.02734375 -0.24609375 0.01953125
v -0.02734375 -0.23828125 0.05078125
v -0.02734375 -0.21484375 -0.12109375
v -0.02734375 -0.20703125 -0.13671875
v -0.02734375 -0.19921875 0.03515625
v -0.02734375 -0.16796875 -0.09765625
v -0.02734375 -0.16796875 0.05859375
v -0.02734375 -0.16015625 0.05078125
v -0.02734375 -0.15234375 0.06640625
v -0.02734375 -0.14453125 0.05859375
v -0.02734375 -0.13671875 -0.11328125
v -0.02734375 -0.11328125 -0.09765625
v -0.02734375 -0.11328125 0.00390625
v -0.02734375 -0.11328125 0.01953125
v -0.02734375 -0.10546875 -0.07421875
v -0.02734375 -0.09765625 -0.01171875
v -0.02734375 -0.08984375 -0.06640625
v -0.02734375 -0.08984375 -0.03515625
v -0.02734375 -0.08984375 -0.01953125
v -0.02734375 -0.08984375 0.00390625
v -0.02734375 -0.08203125 0.01171875
v -0.02734375 -0.06640625 0.01171875
v -0.02734375 -0.05078125 -0.04296875
v -0.02734375 0.05859375 -0.03515625
v -0.02734375 0.09765625 -0.12890625
v -0.02734375 0.09765625 -0.12109375
v -0.02734375 0.10546875 -0.14453125
v -0.02734375 0.10546875 -0.13671875
v -0.02734375 0.10546875 -0.11328125
v -0.02734375 0.11328125 -0.06640625
v -0.02734375 0.12109375 -0.09765625
v -0.02734375 0.12109375 0.00390625
v -0.02734375 0.12109375 0.02734375
v -0.02734375 0.12890625 -0.06640625
v -0.02734375 0.12890625 0.03515625
v -0.02734375 0.14453125 0.01953125
v -0.02734375 0.18359375 -0.18359375
v -0.02734375 0.18359375 -0.17578125
v -0.02734375 0.19140625 -0.17578125
v -0.02734375 0.19140625 0.02734375
v -0.02734375 0.20703125 0.06640625
v -0.02734375 0.20703125 0.08203125
v -0.02734375 0.21484375 -0.18359375
v -0.02734375 0.22265625 -0.17578125
v -0.02734375 0.22265625 0.07421875
v -0.02734375 0.23046875 -0.16015625
v -0.02734375 0.23046875 0.07421875
v -0.02734375 0.23046875 0.08984375
v -0.02734375 0.23828125 -0.16796875
v -0.02734375 0.23828125 -0.15234375
v -0.02734375 0.24609375 -0.15234375
v -0.02734375 0.25390625 0.10546875
v -0.02734375 0.26953125 0.09765625
v -0.02734375 0.27734375 0.10546875
v -0.02734375 0.28515625 -0.13671875
v -0.02734375 0.29296875 -0.12890625
v -0.02734375 0.29296875 0.08984375
v -0.02734375 0.30078125 -0.10546875
v -0.02734375 0.31640625 -0.12890625
v -0.02734375 0.31640625 -0.11328125
v -0.02734375 0.31640625 -0.08984375
v -0.02734375 0.31640625 0.07421875
v -0.02734375 0.33203125 -0.07421875
v -0.02734375 0.33984375 0.05078125
v -0.02734375 0.34765625 -0.05078125
v -0.02734375 0.35546875 0.02734375
v -0.02734375 0.36328125 -0.01953125
v -0.02734375 0.36328125 -0.00390625
v -0.02734375 0.36328125 0.01953125
v -0.01953125 -0.49609375 -0.04296875
v -0.01953125 -0.48828125 -0.01953125
v -0.01953125 -0.48828125 0.00390625
v -0.01953125 -0.47265625 0.00390625
v -0.01953125 -0.44921875 -0.01171875
v -0.01953125 -0.43359375 0.00390625
v -0.01953125 -0.42578125 -0.06640625
v -0.01953125 -0.38671875 0.02734375
v -0.01953125 -0.34765625 -0.12890625
v -0.01953125 -0.33984375 -0.16015625
v -0.01953125 -0.33984375 -0.15234375
v -0.01953125 -0.33984375 -0.14453125
v -0.01953125 -0.33984375 -0.10546875
v -0.01953125 -0.33984375 0.02734375
v -0.01953125 -0.33203125 -0.14453125
v -0.01953125 -0.33203125 0.05859375
v -0.01953125 -0.33203125 0.06640625
v -0.01953125 -0.32421875 -0.16015625
v -0.01953125 -0.32421875 -0.12109375
v -0.01953125 -0.32421875 0.05859375
v -0.01953125 -0.32421875 0.08984375
v -0.01953125 -0.31640625 0.07421875
v -0.01953125 -0.30859375 -0.16796875
v -0.01953125 -0.30859375 -0.12890625
v -0.01953125 -0.30859375 0.02734375
v -0.01953125 -0.30859375 0.05859375
v -0.01953125 -0.30078125 -0.13671875
v -0.01953125 -0.30078125 0.04296875
v -0.01953125 -0.30078125 0.05859375
v -0.01953125 -0.29296875 0.02734375
v -0.01953125 -0.29296875 0.05859375
v -0.01953125 -0.28515625 -0.16015625
v -0.01953125 -0.28515625 0.03515625
v -0.01953125 -0.27734375 -0.16015625
v -0.01953125 -0.27734375 0.05078125
v -0.01953125 -0.26953125 -0.12109375
v -0.01953125 -0.26171875 -0.16015625
v -0.01953125 -0.26171875 -0.15234375
v -0.01953125 -0.26171875 0.05859375
v -0.01953125 -0.25390625 -0.14453125
v -0.01953125 -0.23828125 -0.14453125
v -0.01953125 -0.23828125 -0.11328125
v -0.01953125 -0.23828125 0.04296875
v -0.01953125 -0.23046875 -0.15234375
v -0.01953125 -0.22265625 0.01953125
v -0.01953125 -0.20703125 -0.14453125
v -0.01953125 -0.19921875 -0.12109375
v -0.01953125 -0.17578125 -0.14453125
v -0.01953125 -0.17578125 0.03515625
v -0.01953125 -0.17578125 0.05859375
v -0.01953125 -0.15234375 -0.09765625
v -0.01953125 -0.13671875 -0.12890625
v -0.01953125 -0.12890625 0.04296875
v -0.01953125 -0.12109375 0.02734375
v -0.01953125 -0.11328125 0.02734375
v -0.01953125 -0.09765625 0.01953125
v -0.01953125 -0.05859375 0.01171875
v -0.01953125 0.04296875 -0.03515625
v -0.01953125 0.05859375 -0.06640625
v -0.01953125 0.05859375 -0.00390625
v -0.01953125 0.07421875 -0.00390625
v -0.01953125 0.08203125 -0.07421875
v -0.01953125 0.09765625 0.00390625
v -0.01953125 0.10546875 -0.12890625
v -0.01953125 0.11328125 -0.13671875
v -0.01953125 0.12890625 -0.14453125
v -0.01953125 0.12890625 0.01953125
v -0.01953125 0.13671875 0.02734375
v -0.01953125 0.14453125 -0.16015625
v -0.01953125 0.16015625 -0.16015625
v -0.01953125 0.16015625 0.00390625
v -0.01953125 0.16015625 0.02734375
v -0.01953125 0.16796875 -0.17578125
v -0.01953125 0.16796875 0.04296875
v -0.01953125 0.17578125 -0.19140625
v -0.01953125 0.17578125 -0.18359375
v -0.01953125 0.18359375 -0.19921875
v -0.01953125 0.19921875 -0.19140625
v -0.01953125 0.20703125 -0.17578125
v -0.01953125 0.21484375 0.06640625
v -0.01953125 0.22265625 -0.17578125
v -0.01953125 0.23828125 -0.18359375
v -0.01953125 0.24609375 -0.17578125
v -0.01953125 0.24609375 0.09765625
v -0.01953125 0.25390625 -0.16015625
v -0.01953125 0.26171875 -0.15234375
v -0.01953125 0.26953125 0.11328125
v -0.01953125 0.27734375 -0.14453125
v -0.01953125 0.27734375 0.11328125
v -0.01953125 0.28515625 0.09765625
v -0.01953125 0.30859375 -0.10546875
v -0.01953125 0.30859375 0.10546875
v -0.01953125 0.31640625 -0.13671875
v -0.01953125 0.31640625 -0.12109375
v -0.01953125 0.32421875 -0.08203125
v -0.01953125 0.32421875 0.08984375
v -0.01953125 0.33203125 -0.06640625
v -0.01953125 0.33203125 0.07421875
v -0.01953125 0.34765625 -0.03515625
v -0.01171875 -0.49609375 -0.04296875
v -0.01171875 -0.48046875 -0.05078125
v -0.01171875 -0.48046875 -0.03515625
v -0.01171875 -0.47265625 -0.02734375
v -0.01171875 -0.46484375 -0.05078125
v -0.01171875 -0.46484375 -0.03515625
v -0.01171875 -0.44140625 -0.04296875
v -0.01171875 -0.44140625 -0.02734375
v -0.01171875 -0.44140625 -0.01953125
v -0.01171875 -0.43359375 -0.01171875
v -0.01171875 -0.38671875 -0.08203125
v -0.01171875 -0.35546875 -0.12890625
v -0.01171875 -0.34765625 0.05859375
v -0.01171875 -0.34765625 0.06640625
v -0.01171875 -0.33984375 -0.12890625
v -0.01171875 -0.33984375 -0.10546875
v -0.01171875 -0.33984375 0.05859375
v -0.01171875 -0.33984375 0.06640625
v -0.01171875 -0.33203125 0.05859375
v -0.01171875 -0.33203125 0.06640625
v -0.01171875 -0.32421875 -0.15234375
v -0.01171875 -0.32421875 0.05859375
v -0.01171875 -0.32421875 0.06640625
v -0.01171875 -0.31640625 -0.13671875
v -0.01171875 -0.31640625 0.05078125
v -0.01171875 -0.31640625 0.05859375
v -0.01171875 -0.31640625 0.06640625
v -0.01171875 -0.31640625 0.08984375
v -0.01171875 -0.30859375 -0.16015625
v -0.01171875 -0.30859375 -0.14453125
v -0.01171875 -0.30859375 0.05859375
v -0.01171875 -0.30859375 0.08203125
v -0.01171875 -0.30078125 0.04296875
v -0.01171875 -0.30078125 0.05859375
v -0.01171875 -0.30078125 0.06640625
v -0.01171875 -0.29296875 -0.16015625
v -0.01171875 -0.29296875 -0.12890625
v -0.01171875 -0.28515625 -0.17578125
v -0.01171875 -0.28515625 -0.15234375
v -0.01171875 -0.28515625 0.05859375
v -0.01171875 -0.28515625 0.06640625
v -0.01171875 -0.28515625 0.07421875
v -0.01171875 -0.27734375 0.04296875
v -0.01171875 -0.27734375 0.05078125
v -0.01171875 -0.26953125 -0.16796875
v -0.01171875 -0.26953125 -0.12109375
v -0.01171875 -0.26171875 0.04296875
v -0.01171875 -0.26171875 0.05078125
v -0.01171875 -0.25390625 -0.16796875
v -0.01171875 -0.25390625 -0.12109375
v -0.01171875 -0.25390625 0.02734375
v -0.01171875 -0.24609375 0.05078125
v -0.01171875 -0.23828125 -0.16015625
v -0.01171875 -0.22265625 -0.12109375
v -0.01171875 -0.20703125 -0.15234375
v -0.01171875 -0.20703125 0.04296875
v -0.01171875 -0.19921875 0.05859375
v -0.01171875 -0.18359375 -0.12109375
v -0.01171875 -0.17578125 -0.12109375
v -0.01171875 -0.16015625 0.03515625
v -0.01171875 -0.15234375 -0.11328125
v -0.01171875 -0.13671875 0.03515625
v -0.01171875 -0.12109375 0.02734375
v -0.01171875 -0.11328125 -0.11328125
v -0.01171875 -0.10546875 -0.09765625
v -0.01171875 -0.08984375 -0.08984375
v -0.01171875 -0.08203125 -0.08203125
v -0.01171875 -0.07421875 -0.08984375
v -0.01171875 -0.05859375 -0.08203125
v -0.01171875 -0.04296875 -0.03515625
v -0.01171875 -0.01171875 -0.03515625
v -0.01171875 0.01171875 -0.04296875
v -0.01171875 0.01953125 -0.00390625
v -0.01171875 0.04296875 -0.07421875
v -0.01171875 0.07421875 -0.08203125
v -0.01171875 0.10546875 -0.16796875
v -0.01171875 0.10546875 -0.16015625
v -0.01171875 0.12109375 -0.15234375
v -0.01171875 0.12109375 -0.09765625
v -0.01171875 0.12890625 -0.16015625
v -0.01171875 0.14453125 -0.16796875
v -0.01171875 0.14453125 0.01171875
v -0.01171875 0.16796875 -0.18359375
v -0.01171875 0.16796875 0.00390625
v -0.01171875 0.17578125 -0.19140625
v -0.01171875 0.17578125 0.01953125
v -0.01171875 0.19140625 -0.19921875
v -0.01171875 0.19921875 0.03515625
v -0.01171875 0.20703125 -0.19140625
v -0.01171875 0.22265625 0.07421875
v -0.01171875 0.23046875 0.08984375
v -0.01171875 0.23828125 -0.18359375
v -0.01171875 0.23828125 0.09765625
v -0.01171875 0.26171875 0.09765625
v -0.01171875 0.26953125 -0.15234375
v -0.01171875 0.26953125 0.08984375
v -0.01171875 0.26953125 0.11328125
v -0.01171875 0.27734375 0.12109375
v -0.01171875 0.28515625 0.11328125
v -0.01171875 0.29296875 -0.13671875
v -0.01171875 0.30078125 -0.13671875
v -0.01171875 0.31640625 0.10546875
v -0.01171875 0.32421875 -0.09765625
v -0.01171875 0.33203125 -0.08203125
v -0.01171875 0.33203125 -0.07421875
v -0.01171875 0.33984375 -0.06640625
v -0.01171875 0.33984375 -0.05078125
v -0.01171875 0.33984375 0.05078125
v -0.01171875 0.33984375 0.07421875
v -0.01171875 0.34765625 0.02734375
v -0.01171875 0.34765625 0.08203125
v -0.01171875 0.35546875 -0.03515625
v -0.01171875 0.35546875 -0.01953125
v -0.01171875 0.35546875 -0.00390625
v -0.01171875 0.36328125 0.01171875
v -0.00390625 -0.42578125 -0.04296875
v -0.00390625 -0.42578125 -0.01953125
v -0.00390625 -0.35546875 0.03515625
v -0.00390625 -0.34765625 0.03515625
v -0.00390625 -0.34765625 0.05859375
v -0.00390625 -0.33984375 0.05859375
v -0.00390625 -0.33984375 0.06640625
v -0.00390625 -0.33203125 -0.12109375
v -0.00390625 -0.33203125 0.07421875
v -0.00390625 -0.32421875 -0.14453125
v -0.00390625 -0.32421875 -0.12890625
v -0.00390625 -0.32421875 0.05078125
v -0.00390625 -0.32421875 0.05859375
v -0.00390625 -0.32421875 0.08984375
v -0.00390625 -0.31640625 -0.14453125
v -0.00390625 -0.31640625 -0.12890625
v -0.00390625 -0.31640625 0.05078125
v -0.00390625 -0.31640625 0.07421875
v -0.00390625 -0.31640625 0.08984375
v -0.00390625 -0.30859375 -0.17578125
v -0.00390625 -0.30859375 -0.16015625
v -0.00390625 -0.30859375 0.02734375
v -0.00390625 -0.30859375 0.08984375
v -0.00390625 -0.30078125 0.05859375
v -0.00390625 -0.29296875 -0.13671875
v -0.00390625 -0.29296875 0.04296875
v -0.00390625 -0.28515625 0.05859375
v -0.00390625 -0.27734375 0.08984375
v -0.00390625 -0.26953125 -0.14453125
v -0.00390625 -0.26953125 0.05078125
v -0.00390625 -0.26171875 0.08203125
v -0.00390625 -0.25390625 -0.14453125
v -0.00390625 -0.23828125 -0.12109375
v -0.00390625 -0.23828125 0.03515625
v -0.00390625 -0.23046875 -0.13671875
v -0.00390625 -0.23046875 0.05859375
v -0.00390625 -0.21484375 -0.12109375
v -0.00390625 -0.20703125 0.03515625
v -0.00390625 -0.19140625 -0.12890625
v -0.00390625 -0.18359375 0.04296875
v -0.00390625 -0.17578125 -0.14453125
v -0.00390625 -0.16015625 -0.12890625
v -0.00390625 -0.15234375 -0.12109375
v -0.00390625 -0.14453125 -0.13671875
v -0.00390625 -0.14453125 0.05078125
v -0.00390625 -0.12890625 -0.09765625
v -0.00390625 -0.10546875 0.02734375
v -0.00390625 -0.08984375 -0.10546875
v -0.00390625 -0.05078125 -0.07421875
v -0.00390625 -0.05078125 0.00390625
v -0.00390625 -0.04296875 -0.07421875
v -0.00390625 -0.04296875 0.00390625
v -0.00390625 -0.01171875 0.00390625
v -0.00390625 0.05859375 0.02734375
v -0.00390625 0.09765625 -0.16796875
v -0.00390625 0.10546875 -0.15234375
v -0.00390625 0.10546875 0.01953125
v -0.00390625 0.11328125 -0.13671875
v -0.00390625 0.11328125 -0.07421875
v -0.00390625 0.12890625 -0.16796875
v -0.00390625 0.12890625 -0.07421875
v -0.00390625 0.13671875 -0.18359375
v -0.00390625 0.14453125 -0.19140625
v -0.00390625 0.14453125 -0.17578125
v -0.00390625 0.15234375 -0.19140625
v -0.00390625 0.15234375 -0.17578125
v -0.00390625 0.16796875 -0.18359375
v -0.00390625 0.17578125 -0.18359375
v -0.00390625 0.18359375 -0.19140625
v -0.00390625 0.19921875 -0.19140625
v -0.00390625 0.21484375 -0.17578125
v -0.00390625 0.21484375 0.05078125
v -0.00390625 0.22265625 -0.17578125
v -0.00390625 0.22265625 0.06640625
v -0.00390625 0.23828125 -0.17578125
v -0.00390625 0.23828125 0.07421875
v -0.00390625 0.25390625 -0.16796875
v -0.00390625 0.25390625 0.08984375
v -0.00390625 0.26171875 -0.16015625
v -0.00390625 0.27734375 0.10546875
v -0.00390625 0.28515625 0.08984375
v -0.00390625 0.28515625 0.10546875
v -0.00390625 0.30078125 0.09765625
v -0.00390625 0.30859375 -0.11328125
v -0.00390625 0.31640625 -0.13671875
v -0.00390625 0.31640625 -0.09765625
v -0.00390625 0.32421875 -0.10546875
v -0.00390625 0.33203125 0.08984375
v -0.00390625 0.33984375 -0.08984375
v -0.00390625 0.33984375 -0.08203125
v -0.00390625 0.33984375 -0.07421875
v -0.00390625 0.33984375 0.08984375
v -0.00390625 0.34765625 -0.05078125
v -0.00390625 0.34765625 0.05078125
v -0.00390625 0.37109375 -0.02734375
v -0.00390625 0.37109375 -0.01171875
v -0.00390625 0.37109375 -0.00390625
v 0.00390625 -0.42578125 -0.02734375
v 0.00390625 -0.38671875 -0.06640625
v 0.00390625 -0.37890625 0.01953125
v 0.00390625 -0.34765625 0.06640625
v 0.00390625 -0.33984375 0.06640625
v 0.00390625 -0.33203125 -0.14453125
v 0.00390625 -0.33203125 0.03515625
v 0.00390625 -0.32421875 -0.17578125
v 0.00390625 -0.32421875 -0.16796875
v 0.00390625 -0.32421875 -0.11328125
v 0.00390625 -0.32421875 0.06640625
v 0.00390625 -0.32421875 0.07421875
v 0.00390625 -0.31640625 -0.13671875
v 0.00390625 -0.31640625 0.04296875
v 0.00390625 -0.31640625 0.06640625
v 0.00390625 -0.31640625 0.10546875
v 0.00390625 -0.30859375 -0.13671875
v 0.00390625 -0.30859375 0.05859375
v 0.00390625 -0.30859375 0.08984375
v 0.00390625 -0.30859375 0.10546875
v 0.00390625 -0.30078125 0.04296875
v 0.00390625 -0.30078125 0.07421875
v 0.00390625 -0.27734375 -0.18359375
v 0.00390625 -0.27734375 0.04296875
v 0.00390625 -0.27734375 0.05859375
v 0.00390625 -0.26953125 -0.17578125
v 0.00390625 -0.26953125 -0.12890625
v 0.00390625 -0.26953125 0.08203125
v 0.00390625 -0.26953125 0.09765625
v 0.00390625 -0.26953125 0.11328125
v 0.00390625 -0.25390625 -0.12890625
v 0.00390625 -0.25390625 0.05859375
v 0.00390625 -0.25390625 0.07421875
v 0.00390625 -0.24609375 -0.17578125
v 0.00390625 -0.24609375 0.05078125
v 0.00390625 -0.24609375 0.08984375
v 0.00390625 -0.24609375 0.10546875
v 0.00390625 -0.23828125 -0.16796875
v 0.00390625 -0.23828125 0.05859375
v 0.00390625 -0.23828125 0.06640625
v 0.00390625 -0.23828125 0.08984375
v 0.00390625 -0.22265625 0.08203125
v 0.00390625 -0.21484375 0.05078125
v 0.00390625 -0.20703125 -0.12890625
v 0.00390625 -0.20703125 0.07421875
v 0.00390625 -0.18359375 0.06640625
v 0.00390625 -0.16015625 0.04296875
v 0.00390625 -0.15234375 -0.12109375
v 0.00390625 -0.13671875 0.04296875
v 0.00390625 -0.12890625 -0.12890625
v 0.00390625 -0.12109375 -0.12109375
v 0.00390625 -0.12109375 -0.10546875
v 0.00390625 -0.12109375 0.03515625
v 0.00390625 -0.11328125 0.04296875
v 0.00390625 -0.08984375 0.04296875
v 0.00390625 -0.07421875 0.04296875
v 0.00390625 -0.06640625 0.03515625
v 0.00390625 -0.04296875 -0.06640625
v 0.00390625 -0.01953125 -0.06640625
v 0.00390625 0.01171875 -0.07421875
v 0.00390625 0.02734375 0.02734375
v 0.00390625 0.08203125 0.03515625
v 0.00390625 0.09765625 -0.15234375
v 0.00390625 0.10546875 -0.17578125
v 0.00390625 0.12109375 -0.17578125
v 0.00390625 0.12890625 -0.12890625
v 0.00390625 0.12890625 -0.11328125
v 0.00390625 0.13671875 -0.17578125
v 0.00390625 0.14453125 -0.19140625
v 0.00390625 0.15234375 -0.19140625
v 0.00390625 0.16796875 -0.19140625
v 0.00390625 0.19140625 -0.19140625
v 0.00390625 0.19921875 -0.18359375
v 0.00390625 0.19921875 0.01171875
v 0.00390625 0.20703125 0.02734375
v 0.00390625 0.21484375 -0.18359375
v 0.00390625 0.21484375 0.04296875
v 0.00390625 0.23046875 -0.17578125
v 0.00390625 0.23046875 0.05078125
v 0.00390625 0.24609375 -0.16796875
v 0.00390625 0.25390625 0.06640625
v 0.00390625 0.26953125 0.05859375
v 0.00390625 0.26953125 0.08203125
v 0.00390625 0.27734375 -0.15234375
v 0.00390625 0.28515625 -0.14453125
v 0.00390625 0.30078125 -0.14453125
v 0.00390625 0.30859375 -0.14453125
v 0.00390625 0.30859375 -0.13671875
v 0.00390625 0.30859375 -0.12109375
v 0.00390625 0.30859375 0.11328125
v 0.00390625 0.31640625 -0.15234375
v 0.00390625 0.31640625 -0.14453125
v 0.00390625 0.31640625 -0.13671875
v 0.00390625 0.32421875 0.10546875
v 0.00390625 0.33984375 -0.08984375
v 0.00390625 0.34765625 -0.08203125
v 0.00390625 0.34765625 0.08984375
v 0.00390625 0.35546875 -0.05859375
v 0.00390625 0.35546875 0.07421875
v 0.00390625 0.35546875 0.08203125
v 0.00390625 0.36328125 -0.03515625
v 0.00390625 0.36328125 0.01953125
v 0.00390625 0.36328125 0.04296875
v 0.00390625 0.36328125 0.05859375
v 0.00390625 0.37109375 0.01171875
v 0.00390625 0.37890625 -0.01953125
v 0.00390625 0.37890625 -0.00390625
v 0.01171875 -0.38671875 -0.05078125
v 0.01171875 -0.38671875 -0.02734375
v 0.01171875 -0.38671875 -0.00390625
v 0.01171875 -0.37109375 0.04296875
v 0.01171875 -0.34765625 -0.08203125
v 0.01171875 -0.34765625 0.05078125
v 0.01171875 -0.34765625 0.06640625
v 0.01171875 -0.34765625 0.07421875
v 0.01171875 -0.33984375 -0.14453125
v 0.01171875 -0.33984375 0.05859375
v 0.01171875 -0.33984375 0.07421875
v 0.01171875 -0.33203125 -0.17578125
v 0.01171875 -0.33203125 -0.15234375
v 0.01171875 -0.33203125 0.06640625
v 0.01171875 -0.33203125 0.07421875
v 0.01171875 -0.32421875 -0.17578125
v 0.01171875 -0.32421875 -0.16796875
v 0.01171875 -0.32421875 -0.13671875
v 0.01171875 -0.31640625 -0.15234375
v 0.01171875 -0.31640625 -0.12890625
v 0.01171875 -0.31640625 -0.08984375
v 0.01171875 -0.31640625 0.06640625
v 0.01171875 -0.31640625 0.07421875
v 0.01171875 -0.30859375 -0.17578125
v 0.01171875 -0.30859375 0.08203125
v 0.01171875 -0.30859375 0.09765625
v 0.01171875 -0.30859375 0.11328125
v 0.01171875 -0.30078125 -0.12109375
v 0.01171875 -0.29296875 0.07421875
v 0.01171875 -0.27734375 0.07421875
v 0.01171875 -0.27734375 0.08203125
v 0.01171875 -0.26953125 0.05078125
v 0.01171875 -0.25390625 0.05859375
v 0.01171875 -0.24609375 -0.12890625
v 0.01171875 -0.23828125 0.09765625
v 0.01171875 -0.23046875 0.05078125
v 0.01171875 -0.22265625 0.05859375
v 0.01171875 -0.21484375 -0.12890625
v 0.01171875 -0.21484375 0.04296875
v 0.01171875 -0.21484375 0.06640625
v 0.01171875 -0.19921875 0.05859375
v 0.01171875 -0.19140625 0.05859375
v 0.01171875 -0.18359375 0.03515625
v 0.01171875 -0.17578125 -0.12890625
v 0.01171875 -0.16796875 0.03515625
v 0.01171875 -0.16796875 0.07421875
v 0.01171875 -0.16015625 0.05078125
v 0.01171875 -0.15234375 0.02734375
v 0.01171875 -0.14453125 0.07421875
v 0.01171875 -0.13671875 -0.12109375
v 0.01171875 -0.13671875 0.04296875
v 0.01171875 -0.12890625 -0.11328125
v 0.01171875 -0.12890625 0.04296875
v 0.01171875 -0.12890625 0.07421875
v 0.01171875 -0.12109375 -0.11328125
v 0.01171875 -0.11328125 -0.09765625
v 0.01171875 -0.10546875 -0.12109375
v 0.01171875 -0.10546875 0.04296875
v 0.01171875 -0.09765625 -0.11328125
v 0.01171875 -0.08984375 -0.11328125
v 0.01171875 -0.06640625 -0.11328125
v 0.01171875 -0.05859375 0.02734375
v 0.01171875 -0.04296875 0.02734375
v 0.01171875 -0.00390625 0.02734375
v 0.01171875 0.11328125 -0.17578125
v 0.01171875 0.11328125 -0.14453125
v 0.01171875 0.12890625 -0.17578125
v 0.01171875 0.12890625 -0.08203125
v 0.01171875 0.12890625 0.01171875
v 0.01171875 0.14453125 -0.18359375
v 0.01171875 0.15234375 0.01171875
v 0.01171875 0.16015625 -0.19140625
v 0.01171875 0.17578125 -0.18359375
v 0.01171875 0.18359375 -0.19921875
v 0.01171875 0.18359375 0.01171875
v 0.01171875 0.19921875 -0.20703125
v 0.01171875 0.20703125 -0.20703125
v 0.01171875 0.20703125 -0.19921875
v 0.01171875 0.21484375 -0.19140625
v 0.01171875 0.21484375 0.05859375
v 0.01171875 0.22265625 -0.19140625
v 0.01171875 0.22265625 0.05859375
v 0.01171875 0.23828125 -0.19140625
v 0.01171875 0.24609375 -0.18359375
v 0.01171875 0.26171875 -0.17578125
v 0.01171875 0.26171875 -0.16015625
v 0.01171875 0.28515625 0.05078125
v 0.01171875 0.28515625 0.07421875
v 0.01171875 0.29296875 0.04296875
v 0.01171875 0.30078125 0.05859375
v 0.01171875 0.30078125 0.08984375
v 0.01171875 0.30078125 0.10546875
v 0.01171875 0.32421875 -0.13671875
v 0.01171875 0.32421875 -0.12890625
v 0.01171875 0.33203125 -0.10546875
v 0.01171875 0.33203125 0.09765625
v 0.01171875 0.33984375 -0.08984375
v 0.01171875 0.35546875 -0.08203125
v 0.01171875 0.35546875 -0.06640625
v 0.01171875 0.35546875 0.07421875
v 0.01171875 0.36328125 -0.03515625
v 0.01171875 0.36328125 0.07421875
v 0.01171875 0.37109375 -0.07421875
v 0.01171875 0.37109375 -0.01953125
v 0.01171875 0.37109375 0.03515625
v 0.01171875 0.37109375 0.07421875
v 0.01171875 0.37890625 -0.07421875
v 0.01171875 0.37890625 -0.00390625
v 0.01171875 0.37890625 0.01171875
v 0.01953125 -0.35546875 -0.14453125
v 0.01953125 -0.34765625 -0.15234375
v 0.01953125 -0.34765625 -0.14453125
v 0.01953125 -0.34765625 -0.06640625
v 0.01953125 -0.34765625 0.01953125
v 0.01953125 -0.34765625 0.07421875
v 0.01953125 -0.33984375 -0.15234375
v 0.01953125 -0.33984375 0.08203125
v 0.01953125 -0.33203125 -0.13671875
v 0.01953125 -0.32421875 -0.16015625
v 0.01953125 -0.32421875 0.06640625
v 0.01953125 -0.31640625 -0.13671875
v 0.01953125 -0.31640625 0.06640625
v 0.01953125 -0.31640625 0.07421875
v 0.01953125 -0.31640625 0.08203125
v 0.01953125 -0.30859375 -0.16796875
v 0.01953125 -0.30859375 -0.16015625
v 0.01953125 -0.30859375 0.05859375
v 0.01953125 -0.30859375 0.08203125
v 0.01953125 -0.30078125 -0.16015625
v 0.01953125 -0.30078125 0.05078125
v 0.01953125 -0.30078125 0.06640625
v 0.01953125 -0.29296875 -0.16796875
v 0.01953125 -0.29296875 -0.12109375
v 0.01953125 -0.29296875 0.05078125
v 0.01953125 -0.29296875 0.08203125
v 0.01953125 -0.28515625 -0.10546875
v 0.01953125 -0.27734375 0.10546875
v 0.01953125 -0.26953125 -0.16796875
v 0.01953125 -0.26953125 0.08203125
v 0.01953125 -0.25390625 -0.16796875
v 0.01953125 -0.25390625 0.07421875
v 0.01953125 -0.25390625 0.09765625
v 0.01953125 -0.24609375 0.05859375
v 0.01953125 -0.23828125 -0.12890625
v 0.01953125 -0.23046875 -0.12890625
v 0.01953125 -0.22265625 0.08984375
v 0.01953125 -0.20703125 -0.16015625
v 0.01953125 -0.20703125 -0.12890625
v 0.01953125 -0.20703125 0.08984375
v 0.01953125 -0.19140625 0.04296875
v 0.01953125 -0.19140625 0.08984375
v 0.01953125 -0.18359375 -0.11328125
v 0.01953125 -0.17578125 0.08984375
v 0.01953125 -0.16796875 -0.12890625
v 0.01953125 -0.16015625 -0.11328125
v 0.01953125 -0.16015625 0.05078125
v 0.01953125 -0.16015625 0.08984375
v 0.01953125 -0.14453125 -0.12890625
v 0.01953125 -0.14453125 0.08984375
v 0.01953125 -0.12109375 0.08203125
v 0.01953125 -0.10546875 0.05859375
v 0.01953125 -0.07421875 -0.11328125
v 0.01953125 -0.05078125 -0.10546875
v 0.01953125 0.06640625 -0.08984375
v 0.01953125 0.09765625 -0.16796875
v 0.01953125 0.11328125 -0.07421875
v 0.01953125 0.13671875 -0.19140625
v 0.01953125 0.19140625 -0.20703125
v 0.01953125 0.19140625 0.02734375
v 0.01953125 0.19921875 0.05078125
v 0.01953125 0.23828125 0.06640625
v 0.01953125 0.26171875 -0.16796875
v 0.01953125 0.26171875 0.06640625
v 0.01953125 0.27734375 -0.15234375
v 0.01953125 0.28515625 -0.14453125
v 0.01953125 0.29296875 0.04296875
v 0.01953125 0.30078125 -0.14453125
v 0.01953125 0.30078125 0.05078125
v 0.01953125 0.30078125 0.08203125
v 0.01953125 0.30078125 0.12109375
v 0.01953125 0.30859375 -0.15234375
v 0.01953125 0.31640625 0.07421875
v 0.01953125 0.31640625 0.12109375
v 0.01953125 0.32421875 -0.14453125
v 0.01953125 0.32421875 -0.11328125
v 0.01953125 0.32421875 0.10546875
v 0.01953125 0.33203125 -0.12890625
v 0.01953125 0.33203125 0.08984375
v 0.01953125 0.33984375 0.08203125
v 0.01953125 0.34765625 -0.10546875
v 0.01953125 0.36328125 -0.09765625
v 0.01953125 0.36328125 0.08203125
v 0.01953125 0.37109375 -0.05078125
v 0.01953125 0.37109375 0.05078125
v 0.01953125 0.37109375 0.05859375
v 0.01953125 0.37890625 -0.08984375
v 0.01953125 0.37890625 -0.05859375
v 0.01953125 0.37890625 -0.03515625
v 0.01953125 0.37890625 -0.01953125
v 0.01953125 0.37890625 0.00390625
v 0.01953125 0.37890625 0.08203125
v 0.01953125 0.38671875 -0.06640625
v 0.01953125 0.38671875 -0.01171875
v 0.01953125 0.38671875 0.01171875
v 0.01953125 0.38671875 0.02734375
v 0.01953125 0.39453125 -0.08203125
v 0.02734375 -0.35546875 0.04296875
v 0.02734375 -0.34765625 -0.05078125
v 0.02734375 -0.34765625 -0.00390625
v 0.02734375 -0.34765625 0.07421875
v 0.02734375 -0.34765625 0.08203125
v 0.02734375 -0.33984375 -0.02734375
v 0.02734375 -0.33203125 -0.15234375
v 0.02734375 -0.33203125 0.06640625
v 0.02734375 -0.33203125 0.08203125
v 0.02734375 -0.32421875 -0.13671875
v 0.02734375 -0.32421875 0.08984375
v 0.02734375 -0.31640625 -0.15234375
v 0.02734375 -0.31640625 -0.13671875
v 0.02734375 -0.31640625 -0.07421875
v 0.02734375 -0.31640625 0.05859375
v 0.02734375 -0.31640625 0.08203125
v 0.02734375 -0.30859375 -0.15234375
v 0.02734375 -0.30859375 -0.05859375
v 0.02734375 -0.30859375 0.05078125
v 0.02734375 -0.30078125 -0.12890625
v 0.02734375 -0.30078125 0.05078125
v 0.02734375 -0.29296875 -0.12890625
v 0.02734375 -0.28515625 0.05078125
v 0.02734375 -0.27734375 0.05078125
v 0.02734375 -0.27734375 0.08203125
v 0.02734375 -0.26953125 -0.12109375
v 0.02734375 -0.26953125 -0.11328125
v 0.02734375 -0.25390625 0.08203125
v 0.02734375 -0.23828125 -0.16796875
v 0.02734375 -0.23828125 -0.12109375
v 0.02734375 -0.23828125 0.08203125
v 0.02734375 -0.23828125 0.09765625
v 0.02734375 -0.23046875 -0.12890625
v 0.02734375 -0.23046875 0.08984375
v 0.02734375 -0.22265625 0.07421875
v 0.02734375 -0.21484375 0.05078125
v 0.02734375 -0.21484375 0.08203125
v 0.02734375 -0.20703125 -0.12109375
v 0.02734375 -0.19140625 0.08203125
v 0.02734375 -0.17578125 -0.12890625
v 0.02734375 -0.17578125 0.08203125
v 0.02734375 -0.16796875 0.04296875
v 0.02734375 -0.16796875 0.08203125
v 0.02734375 -0.16015625 0.08984375
v 0.02734375 -0.15234375 0.02734375
v 0.02734375 -0.14453125 -0.12890625
v 0.02734375 -0.14453125 0.05078125
v 0.02734375 -0.14453125 0.08984375
v 0.02734375 -0.12890625 0.05078125
v 0.02734375 -0.12890625 0.08984375
v 0.02734375 -0.10546875 0.06640625
v 0.02734375 -0.08984375 0.03515625
v 0.02734375 -0.08984375 0.05859375
v 0.02734375 -0.07421875 0.05859375
v 0.02734375 -0.05078125 -0.09765625
v 0.02734375 -0.00390625 0.04296875
v 0.02734375 0.02734375 0.04296875
v 0.02734375 0.05859375 0.04296875
v 0.02734375 0.08203125 0.03515625
v 0.02734375 0.10546875 -0.16015625
v 0.02734375 0.10546875 0.03515625
v 0.02734375 0.12109375 -0.19140625
v 0.02734375 0.12109375 -0.17578125
v 0.02734375 0.12109375 -0.13671875
v 0.02734375 0.12109375 -0.11328125
v 0.02734375 0.12890625 -0.19921875
v 0.02734375 0.14453125 -0.19921875
v 0.02734375 0.16015625 -0.19140625
v 0.02734375 0.17578125 -0.19140625
v 0.02734375 0.18359375 -0.19921875
v 0.02734375 0.18359375 0.05859375
v 0.02734375 0.19921875 -0.19921875
v 0.02734375 0.20703125 -0.19140625
v 0.02734375 0.22265625 -0.18359375
v 0.02734375 0.23046875 0.07421875
v 0.02734375 0.23828125 -0.18359375
v 0.02734375 0.24609375 -0.17578125
v 0.02734375 0.27734375 -0.16015625
v 0.02734375 0.27734375 0.05859375
v 0.02734375 0.28515625 0.05078125
v 0.02734375 0.29296875 0.04296875
v 0.02734375 0.30078125 0.04296875
v 0.02734375 0.30859375 0.05078125
v 0.02734375 0.30859375 0.08984375
v 0.02734375 0.30859375 0.10546875
v 0.02734375 0.30859375 0.12109375
v 0.02734375 0.31640625 -0.14453125
v 0.02734375 0.31640625 0.08203125
v 0.02734375 0.31640625 0.09765625
v 0.02734375 0.31640625 0.11328125
v 0.02734375 0.32421875 0.07421875
v 0.02734375 0.32421875 0.08984375
v 0.02734375 0.33203125 -0.13671875
v 0.02734375 0.33984375 0.08203125
v 0.02734375 0.35546875 0.08203125
v 0.02734375 0.37890625 -0.05078125
v 0.02734375 0.37890625 -0.00390625
v 0.02734375 0.37890625 0.04296875
v 0.02734375 0.38671875 -0.08203125
v 0.02734375 0.38671875 -0.06640625
v 0.02734375 0.38671875 -0.04296875
v 0.02734375 0.38671875 -0.02734375
v 0.02734375 0.38671875 0.01171875
v 0.02734375 0.38671875 0.02734375
v 0.03515625 -0.34765625 0.08203125
v 0.03515625 -0.33984375 0.08203125
v 0.03515625 -0.33203125 0.07421875
v 0.03515625 -0.33203125 0.08203125
v 0.03515625 -0.32421875 -0.16015625
v 0.03515625 -0.32421875 -0.14453125
v 0.03515625 -0.32421875 0.06640625
v 0.03515625 -0.31640625 0.05078125
v 0.03515625 -0.31640625 0.10546875
v 0.03515625 -0.30859375 -0.02734375
v 0.03515625 -0.30859375 -0.00390625
v 0.03515625 -0.30859375 0.01953125
v 0.03515625 -0.30078125 -0.12890625
v 0.03515625 -0.29296875 -0.16015625
v 0.03515625 -0.28515625 0.09765625
v 0.03515625 -0.27734375 -0.08203125
v 0.03515625 -0.26953125 -0.16796875
v 0.03515625 -0.26953125 0.08984375
v 0.03515625 -0.26171875 -0.13671875
v 0.03515625 -0.26171875 -0.12890625
v 0.03515625 -0.25390625 -0.16796875
v 0.03515625 -0.25390625 -0.11328125
v 0.03515625 -0.25390625 0.05859375
v 0.03515625 -0.24609375 -0.12890625
v 0.03515625 -0.24609375 -0.11328125
v 0.03515625 -0.23828125 -0.12890625
v 0.03515625 -0.23046875 0.05859375
v 0.03515625 -0.21484375 -0.12890625
v 0.03515625 -0.21484375 0.08203125
v 0.03515625 -0.20703125 -0.12890625
v 0.03515625 -0.19921875 0.07421875
v 0.03515625 -0.18359375 0.07421875
v 0.03515625 -0.16015625 0.06640625
v 0.03515625 -0.15234375 0.07421875
v 0.03515625 -0.14453125 -0.12890625
v 0.03515625 -0.13671875 -0.10546875
v 0.03515625 -0.13671875 0.07421875
v 0.03515625 -0.12109375 -0.11328125
v 0.03515625 -0.11328125 -0.12109375
v 0.03515625 -0.11328125 -0.10546875
v 0.03515625 -0.11328125 0.05859375
v 0.03515625 -0.09765625 -0.09765625
v 0.03515625 -0.06640625 0.05078125
v 0.03515625 -0.05859375 0.04296875
v 0.03515625 -0.05078125 -0.08984375
v 0.03515625 -0.04296875 -0.08203125
v 0.03515625 -0.04296875 0.04296875
v 0.03515625 -0.02734375 -0.08203125
v 0.03515625 0.01171875 -0.08984375
v 0.03515625 0.10546875 -0.12890625
v 0.03515625 0.12109375 -0.19140625
v 0.03515625 0.12109375 0.03515625
v 0.03515625 0.18359375 0.02734375
v 0.03515625 0.19140625 -0.19921875
v 0.03515625 0.20703125 0.07421875
v 0.03515625 0.21484375 0.07421875
v 0.03515625 0.22265625 -0.19140625
v 0.03515625 0.26171875 -0.16796875
v 0.03515625 0.29296875 -0.15234375
v 0.03515625 0.30859375 -0.15234375
v 0.03515625 0.31640625 0.05078125
v 0.03515625 0.32421875 -0.14453125
v 0.03515625 0.32421875 0.08984375
v 0.03515625 0.33203125 0.09765625
v 0.03515625 0.33984375 -0.12109375
v 0.03515625 0.33984375 0.08984375
v 0.03515625 0.34765625 0.08203125
v 0.03515625 0.36328125 -0.10546875
v 0.03515625 0.36328125 0.07421875
v 0.03515625 0.37109375 -0.08984375
v 0.03515625 0.37109375 0.06640625
v 0.03515625 0.37890625 -0.06640625
v 0.03515625 0.37890625 0.05078125
v 0.03515625 0.37890625 0.05859375
v 0.03515625 0.38671875 -0.04296875
v 0.03515625 0.38671875 -0.01953125
v 0.03515625 0.38671875 0.00390625
v 0.03515625 0.38671875 0.04296875
v 0.03515625 0.39453125 -0.05859375
v 0.03515625 0.39453125 -0.02734375
v 0.03515625 0.39453125 -0.01171875
v 0.03515625 0.40234375 -0.01171875
v 0.04296875 -0.35546875 0.08984375
v 0.04296875 -0.34765625 0.08203125
v 0.04296875 -0.34765625 0.08984375
v 0.04296875 -0.33984375 0.06640625
v 0.04296875 -0.33984375 0.07421875
v 0.04296875 -0.33203125 -0.16015625
v 0.04296875 -0.33203125 -0.13671875
v 0.04296875 -0.33203125 0.05078125
v 0.04296875 -0.33203125 0.07421875
v 0.04296875 -0.32421875 -0.16015625
v 0.04296875 -0.32421875 -0.13671875
v 0.04296875 -0.32421875 0.05859375
v 0.04296875 -0.32421875 0.09765625
v 0.04296875 -0.30859375 -0.16015625
v 0.04296875 -0.30859375 -0.13671875
v 0.04296875 -0.30078125 0.05859375
v 0.04296875 -0.30078125 0.08984375
v 0.04296875 -0.29296875 0.05859375
v 0.04296875 -0.28515625 -0.13671875
v 0.04296875 -0.28515625 0.05859375
v 0.04296875 -0.27734375 0.08984375
v 0.04296875 -0.26953125 -0.06640625
v 0.04296875 -0.26953125 0.01953125
v 0.04296875 -0.26953125 0.05859375
v 0.04296875 -0.25390625 0.08984375
v 0.04296875 -0.23828125 -0.12890625
v 0.04296875 -0.23828125 -0.09765625
v 0.04296875 -0.23046875 -0.11328125
v 0.04296875 -0.23046875 0.08203125
v 0.04296875 -0.19140625 -0.12890625
v 0.04296875 -0.18359375 0.05859375
v 0.04296875 -0.17578125 -0.12890625
v 0.04296875 -0.17578125 -0.09765625
v 0.04296875 -0.16796875 0.04296875
v 0.04296875 -0.16796875 0.06640625
v 0.04296875 -0.16015625 -0.09765625
v 0.04296875 -0.16015625 0.04296875
v 0.04296875 -0.15234375 0.03515625
v 0.04296875 -0.13671875 0.06640625
v 0.04296875 -0.08984375 -0.11328125
v 0.04296875 0.06640625 -0.08984375
v 0.04296875 0.09765625 -0.14453125
v 0.04296875 0.10546875 -0.12890625
v 0.04296875 0.10546875 -0.08203125
v 0.04296875 0.11328125 -0.15234375
v 0.04296875 0.12109375 -0.08984375
v 0.04296875 0.12890625 -0.17578125
v 0.04296875 0.12890625 0.01953125
v 0.04296875 0.13671875 -0.19140625
v 0.04296875 0.14453125 -0.19140625
v 0.04296875 0.14453125 0.01171875
v 0.04296875 0.16015625 -0.19921875
v 0.04296875 0.17578125 -0.19921875
v 0.04296875 0.17578125 0.01171875
v 0.04296875 0.19140625 0.07421875
v 0.04296875 0.20703125 -0.19921875
v 0.04296875 0.23828125 -0.19140625
v 0.04296875 0.24609375 -0.18359375
v 0.04296875 0.24609375 0.07421875
v 0.04296875 0.25390625 -0.17578125
v 0.04296875 0.26953125 0.07421875
v 0.04296875 0.28515625 -0.15234375
v 0.04296875 0.28515625 0.06640625
v 0.04296875 0.29296875 0.05859375
v 0.04296875 0.30078125 0.04296875
v 0.04296875 0.30859375 0.04296875
v 0.04296875 0.31640625 -0.15234375
v 0.04296875 0.32421875 0.07421875
v 0.04296875 0.33984375 -0.12890625
v 0.04296875 0.33984375 0.10546875
v 0.04296875 0.34765625 -0.11328125
v 0.04296875 0.34765625 0.08203125
v 0.04296875 0.34765625 0.08984375
v 0.04296875 0.36328125 -0.11328125
v 0.04296875 0.36328125 0.06640625
v 0.04296875 0.37109375 0.06640625
v 0.04296875 0.37890625 -0.10546875
v 0.04296875 0.37890625 0.04296875
v 0.04296875 0.38671875 0.01171875
v 0.04296875 0.38671875 0.02734375
v 0.04296875 0.39453125 -0.05078125
v 0.04296875 0.39453125 0.00390625
v 0.04296875 0.40234375 -0.03515625
v 0.05078125 -0.36328125 0.09765625
v 0.05078125 -0.35546875 0.08203125
v 0.05078125 -0.35546875 0.08984375
v 0.05078125 -0.34765625 -0.15234375
v 0.05078125 -0.34765625 0.07421875
v 0.05078125 -0.34765625 0.08203125
v 0.05078125 -0.34765625 0.08984375
v 0.05078125 -0.33203125 0.06640625
v 0.05078125 -0.33203125 0.08984375
v 0.05078125 -0.32421875 0.08984375
v 0.05078125 -0.30859375 -0.16796875
v 0.05078125 -0.30859375 0.08984375
v 0.05078125 -0.30859375 0.09765625
v 0.05078125 -0.30078125 0.05859375
v 0.05078125 -0.29296875 -0.16796875
v 0.05078125 -0.29296875 -0.13671875
v 0.05078125 -0.28515625 0.09765625
v 0.05078125 -0.27734375 -0.16796875
v 0.05078125 -0.26953125 -0.12890625
v 0.05078125 -0.26953125 -0.03515625
v 0.05078125 -0.26953125 -0.01171875
v 0.05078125 -0.26953125 0.08984375
v 0.05078125 -0.26171875 -0.13671875
v 0.05078125 -0.26171875 0.05859375
v 0.05078125 -0.25390625 -0.12890625
v 0.05078125 -0.23828125 -0.16015625
v 0.05078125 -0.23828125 -0.12890625
v 0.05078125 -0.23828125 0.05859375
v 0.05078125 -0.23828125 0.08984375
v 0.05078125 -0.23046875 0.01953125
v 0.05078125 -0.22265625 -0.12890625
v 0.05078125 -0.21484375 -0.08984375
v 0.05078125 -0.20703125 -0.16015625
v 0.05078125 -0.20703125 -0.12890625
v 0.05078125 -0.20703125 0.06640625
v 0.05078125 -0.19921875 -0.09765625
v 0.05078125 -0.17578125 -0.15234375
v 0.05078125 -0.17578125 0.05859375
v 0.05078125 -0.16015625 0.05078125
v 0.05078125 -0.14453125 0.05859375
v 0.05078125 -0.13671875 0.05859375
v 0.05078125 -0.12890625 -0.13671875
v 0.05078125 -0.12109375 -0.12109375
v 0.05078125 -0.12109375 0.05078125
v 0.05078125 -0.10546875 0.04296875
v 0.05078125 -0.09765625 -0.12890625
v 0.05078125 -0.08984375 0.03515625
v 0.05078125 0.08984375 0.05078125
v 0.05078125 0.09765625 -0.12890625
v 0.05078125 0.09765625 0.02734375
v 0.05078125 0.12109375 -0.16796875
v 0.05078125 0.12109375 -0.10546875
v 0.05078125 0.13671875 -0.18359375
v 0.05078125 0.15234375 -0.19140625
v 0.05078125 0.16796875 -0.20703125
v 0.05078125 0.17578125 0.02734375
v 0.05078125 0.17578125 0.04296875
v 0.05078125 0.18359375 -0.19921875
v 0.05078125 0.19140625 -0.20703125
v 0.05078125 0.22265625 -0.19140625
v 0.05078125 0.23828125 -0.19921875
v 0.05078125 0.25390625 -0.19140625
v 0.05078125 0.26171875 -0.18359375
v 0.05078125 0.29296875 0.05078125
v 0.05078125 0.30078125 0.04296875
v 0.05078125 0.31640625 0.04296875
v 0.05078125 0.32421875 -0.14453125
v 0.05078125 0.32421875 0.05859375
v 0.05078125 0.32421875 0.08984375
v 0.05078125 0.33203125 0.10546875
v 0.05078125 0.33203125 0.11328125
v 0.05078125 0.33984375 0.10546875
v 0.05078125 0.34765625 -0.11328125
v 0.05078125 0.34765625 0.08203125
v 0.05078125 0.34765625 0.08984375
v 0.05078125 0.36328125 -0.12109375
v 0.05078125 0.37109375 -0.11328125
v 0.05078125 0.37109375 0.05859375
v 0.05078125 0.37109375 0.08984375
v 0.05078125 0.37890625 -0.09765625
v 0.05078125 0.38671875 -0.08203125
v 0.05078125 0.38671875 0.00390625
v 0.05078125 0.38671875 0.02734375
v 0.05078125 0.38671875 0.04296875
v 0.05078125 0.39453125 -0.04296875
v 0.05078125 0.39453125 -0.02734375
v 0.05078125 0.40234375 -0.01171875
v 0.05859375 -0.35546875 0.08984375
v 0.05859375 -0.34765625 0.08203125
v 0.05859375 -0.33984375 -0.13671875
v 0.05859375 -0.33984375 0.07421875
v 0.05859375 -0.33984375 0.08203125
v 0.05859375 -0.33203125 -0.16015625
v 0.05859375 -0.33203125 0.08203125
v 0.05859375 -0.32421875 -0.16796875
v 0.05859375 -0.32421875 0.06640625
v 0.05859375 -0.31640625 0.05859375
v 0.05859375 -0.30859375 0.05859375
v 0.05859375 -0.30859375 0.08984375
v 0.05859375 -0.30078125 -0.12890625
v 0.05859375 -0.30078125 0.06640625
v 0.05859375 -0.29296875 -0.13671875
v 0.05859375 -0.28515625 0.07421875
v 0.05859375 -0.27734375 0.05859375
v 0.05859375 -0.27734375 0.08984375
v 0.05859375 -0.26171875 -0.13671875
v 0.05859375 -0.26171875 -0.12109375
v 0.05859375 -0.26171875 0.07421875
v 0.05859375 -0.26171875 0.08984375
v 0.05859375 -0.25390625 -0.16015625
v 0.05859375 -0.25390625 0.08984375
v 0.05859375 -0.24609375 -0.12109375
v 0.05859375 -0.23828125 -0.12890625
v 0.05859375 -0.23046875 -0.00390625
v 0.05859375 -0.23046875 0.08203125
v 0.05859375 -0.22265625 -0.07421875
v 0.05859375 -0.22265625 0.05859375
v 0.05859375 -0.20703125 -0.12890625
v 0.05859375 -0.19921875 0.01953125
v 0.05859375 -0.19921875 0.07421875
v 0.05859375 -0.18359375 0.05859375
v 0.05859375 -0.17578125 -0.12890625
v 0.05859375 -0.15234375 -0.12109375
v 0.05859375 -0.15234375 0.03515625
v 0.05859375 -0.15234375 0.06640625
v 0.05859375 -0.14453125 -0.12890625
v 0.05859375 -0.14453125 0.06640625
v 0.05859375 -0.13671875 -0.09765625
v 0.05859375 -0.13671875 0.05859375
v 0.05859375 -0.11328125 -0.10546875
v 0.05859375 -0.09765625 -0.09765625
v 0.05859375 -0.06640625 -0.12109375
v 0.05859375 -0.05859375 -0.12109375
v 0.05859375 -0.05078125 -0.11328125
v 0.05859375 -0.04296875 -0.10546875
v 0.05859375 -0.04296875 -0.09765625
v 0.05859375 0.08984375 -0.13671875
v 0.05859375 0.08984375 0.02734375
v 0.05859375 0.09765625 0.05078125
v 0.05859375 0.10546875 -0.15234375
v 0.05859375 0.11328125 -0.18359375
v 0.05859375 0.11328125 -0.16015625
v 0.05859375 0.11328125 0.02734375
v 0.05859375 0.12890625 -0.19140625
v 0.05859375 0.15234375 -0.20703125
v 0.05859375 0.15234375 -0.19140625
v 0.05859375 0.17578125 -0.20703125
v 0.05859375 0.17578125 0.05859375
v 0.05859375 0.19140625 0.07421875
v 0.05859375 0.20703125 -0.19140625
v 0.05859375 0.20703125 0.08984375
v 0.05859375 0.22265625 -0.19921875
v 0.05859375 0.22265625 0.08203125
v 0.05859375 0.23828125 0.08984375
v 0.05859375 0.25390625 0.08203125
v 0.05859375 0.26953125 -0.16796875
v 0.05859375 0.27734375 0.07421875
v 0.05859375 0.29296875 -0.15234375
v 0.05859375 0.30859375 -0.15234375
v 0.05859375 0.31640625 0.04296875
v 0.05859375 0.32421875 -0.12890625
v 0.05859375 0.33203125 0.08203125
v 0.05859375 0.33203125 0.09765625
v 0.05859375 0.33984375 -0.12109375
v 0.05859375 0.33984375 0.08203125
v 0.05859375 0.35546875 -0.10546875
v 0.05859375 0.36328125 -0.09765625
v 0.05859375 0.36328125 0.07421875
v 0.05859375 0.36328125 0.08984375
v 0.05859375 0.37890625 0.06640625
v 0.05859375 0.37890625 0.09765625
v 0.05859375 0.38671875 0.05859375
v 0.05859375 0.39453125 -0.06640625
v 0.05859375 0.39453125 -0.05078125
v 0.05859375 0.39453125 0.07421875
v 0.05859375 0.40234375 -0.04296875
v 0.05859375 0.40234375 -0.02734375
v 0.05859375 0.41015625 -0.04296875
v 0.05859375 0.41015625 -0.03515625
v 0.06640625 -0.33203125 0.07421875
v 0.06640625 -0.32421875 -0.16015625
v 0.06640625 -0.32421875 -0.13671875
v 0.06640625 -0.32421875 0.06640625
v 0.06640625 -0.32421875 0.08203125
v 0.06640625 -0.31640625 -0.16015625
v 0.06640625 -0.31640625 -0.14453125
v 0.06640625 -0.31640625 -0.12890625
v 0.06640625 -0.31640625 0.06640625
v 0.06640625 -0.31640625 0.08203125
v 0.06640625 -0.30859375 -0.12109375
v 0.06640625 -0.30078125 -0.16015625
v 0.06640625 -0.30078125 -0.14453125
v 0.06640625 -0.30078125 0.05859375
v 0.06640625 -0.29296875 -0.12109375
v 0.06640625 -0.29296875 0.05859375
v 0.06640625 -0.28515625 -0.12890625
v 0.06640625 -0.26953125 -0.16015625
v 0.06640625 -0.26171875 -0.14453125
v 0.06640625 -0.24609375 -0.11328125
v 0.06640625 -0.24609375 0.05859375
v 0.06640625 -0.23828125 -0.16015625
v 0.06640625 -0.23828125 0.08203125
v 0.06640625 -0.23046875 -0.03515625
v 0.06640625 -0.22265625 -0.12109375
v 0.06640625 -0.20703125 -0.12890625
v 0.06640625 -0.19921875 0.05859375
v 0.06640625 -0.19140625 -0.07421875
v 0.06640625 -0.19140625 -0.00390625
v 0.06640625 -0.18359375 -0.12890625
v 0.06640625 -0.17578125 -0.07421875
v 0.06640625 -0.17578125 0.01953125
v 0.06640625 -0.17578125 0.07421875
v 0.06640625 -0.16796875 0.05078125
v 0.06640625 -0.16796875 0.06640625
v 0.06640625 -0.16015625 -0.08203125
v 0.06640625 -0.12109375 -0.11328125
v 0.06640625 -0.09765625 0.06640625
v 0.06640625 -0.08984375 -0.11328125
v 0.06640625 -0.07421875 0.06640625
v 0.06640625 -0.05859375 0.05078125
v 0.06640625 -0.05859375 0.05859375
v 0.06640625 -0.04296875 -0.08984375
v 0.06640625 -0.04296875 0.04296875
v 0.06640625 -0.02734375 -0.08984375
v 0.06640625 -0.00390625 0.05078125
v 0.06640625 0.01171875 -0.08984375
v 0.06640625 0.01953125 0.05078125
v 0.06640625 0.05859375 0.04296875
v 0.06640625 0.06640625 -0.08984375
v 0.06640625 0.09765625 -0.12890625
v 0.06640625 0.09765625 -0.08984375
v 0.06640625 0.10546875 -0.15234375
v 0.06640625 0.11328125 -0.19140625
v 0.06640625 0.11328125 -0.17578125
v 0.06640625 0.11328125 -0.10546875
v 0.06640625 0.12109375 -0.19140625
v 0.06640625 0.12109375 -0.08984375
v 0.06640625 0.13671875 -0.19140625
v 0.06640625 0.16015625 -0.20703125
v 0.06640625 0.17578125 -0.19921875
v 0.06640625 0.18359375 0.06640625
v 0.06640625 0.19140625 -0.19140625
v 0.06640625 0.25390625 -0.19140625
v 0.06640625 0.26171875 -0.18359375
v 0.06640625 0.26953125 -0.16796875
v 0.06640625 0.29296875 0.05859375
v 0.06640625 0.29296875 0.06640625
v 0.06640625 0.30078125 -0.15234375
v 0.06640625 0.30078125 0.05078125
v 0.06640625 0.31640625 -0.14453125
v 0.06640625 0.32421875 0.05078125
v 0.06640625 0.33203125 0.07421875
v 0.06640625 0.34765625 0.08203125
v 0.06640625 0.35546875 -0.10546875
v 0.06640625 0.35546875 0.08203125
v 0.06640625 0.37109375 -0.09765625
v 0.06640625 0.37109375 0.05859375
v 0.06640625 0.37109375 0.08203125
v 0.06640625 0.37890625 -0.07421875
v 0.06640625 0.37890625 0.06640625
v 0.06640625 0.37890625 0.07421875
v 0.06640625 0.38671875 0.02734375
v 0.06640625 0.38671875 0.03515625
v 0.06640625 0.38671875 0.05859375
v 0.06640625 0.39453125 -0.04296875
v 0.06640625 0.39453125 -0.00390625
v 0.06640625 0.39453125 0.01171875
v 0.06640625 0.39453125 0.05078125
v 0.06640625 0.40234375 -0.03515625
v 0.06640625 0.41015625 -0.03515625
v 0.06640625 0.41796875 -0.04296875
v 0.07421875 -0.33203125 0.07421875
v 0.07421875 -0.32421875 -0.12890625
v 0.07421875 -0.32421875 0.06640625
v 0.07421875 -0.31640625 -0.12890625
v 0.07421875 -0.31640625 -0.12109375
v 0.07421875 -0.30859375 -0.15234375
v 0.07421875 -0.30859375 -0.14453125
v 0.07421875 -0.30859375 -0.13671875
v 0.07421875 -0.30859375 0.05859375
v 0.07421875 -0.30078125 -0.14453125
v 0.07421875 -0.30078125 0.05859375
v 0.07421875 -0.29296875 -0.15234375
v 0.07421875 -0.29296875 0.08203125
v 0.07421875 -0.28515625 -0.16015625
v 0.07421875 -0.28515625 -0.14453125
v 0.07421875 -0.27734375 -0.17578125
v 0.07421875 -0.27734375 0.06640625
v 0.07421875 -0.26953125 0.05078125
v 0.07421875 -0.26171875 -0.16796875
v 0.07421875 -0.25390625 -0.16796875
v 0.07421875 -0.25390625 0.07421875
v 0.07421875 -0.24609375 -0.10546875
v 0.07421875 -0.23828125 -0.13671875
v 0.07421875 -0.21484375 0.05078125
v 0.07421875 -0.21484375 0.08203125
v 0.07421875 -0.20703125 -0.16015625
v 0.07421875 -0.19140625 -0.03515625
v 0.07421875 -0.18359375 0.05859375
v 0.07421875 -0.17578125 -0.12890625
v 0.07421875 -0.17578125 -0.03515625
v 0.07421875 -0.17578125 -0.00390625
v 0.07421875 -0.16015625 0.01953125
v 0.07421875 -0.16015625 0.03515625
v 0.07421875 -0.14453125 -0.12109375
v 0.07421875 -0.13671875 -0.11328125
v 0.07421875 -0.10546875 -0.10546875
v 0.07421875 -0.09765625 0.04296875
v 0.07421875 -0.09765625 0.05859375
v 0.07421875 0.08984375 0.05078125
v 0.07421875 0.09765625 -0.13671875
v 0.07421875 0.09765625 0.05078125
v 0.07421875 0.11328125 0.01953125
v 0.07421875 0.12109375 -0.18359375
v 0.07421875 0.12109375 -0.16796875
v 0.07421875 0.12890625 -0.18359375
v 0.07421875 0.13671875 -0.18359375
v 0.07421875 0.13671875 0.00390625
v 0.07421875 0.15234375 -0.19140625
v 0.07421875 0.16015625 -0.19921875
v 0.07421875 0.16015625 0.00390625
v 0.07421875 0.16015625 0.02734375
v 0.07421875 0.16796875 0.04296875
v 0.07421875 0.19921875 0.08203125
v 0.07421875 0.20703125 -0.19140625
v 0.07421875 0.22265625 -0.19140625
v 0.07421875 0.23828125 -0.19921875
v 0.07421875 0.28515625 -0.15234375
v 0.07421875 0.30078125 -0.15234375
v 0.07421875 0.30859375 -0.14453125
v 0.07421875 0.31640625 -0.15234375
v 0.07421875 0.31640625 0.04296875
v 0.07421875 0.32421875 -0.14453125
v 0.07421875 0.33203125 -0.14453125
v 0.07421875 0.33203125 -0.12890625
v 0.07421875 0.33203125 0.05859375
v 0.07421875 0.33203125 0.06640625
v 0.07421875 0.34765625 -0.11328125
v 0.07421875 0.34765625 0.07421875
v 0.07421875 0.36328125 -0.10546875
v 0.07421875 0.36328125 0.05859375
v 0.07421875 0.36328125 0.07421875
v 0.07421875 0.37890625 -0.08984375
v 0.07421875 0.37890625 0.04296875
v 0.07421875 0.38671875 -0.04296875
v 0.07421875 0.39453125 -0.05859375
v 0.07421875 0.39453125 -0.01953125
v 0.07421875 0.40234375 -0.03515625
v 0.07421875 0.40234375 -0.02734375
v 0.07421875 0.40234375 -0.00390625
v 0.07421875 0.40234375 0.01171875
v 0.08203125 -0.35546875 0.06640625
v 0.08203125 -0.33984375 -0.13671875
v 0.08203125 -0.33203125 -0.14453125
v 0.08203125 -0.33203125 -0.12890625
v 0.08203125 -0.32421875 -0.14453125
v 0.08203125 -0.31640625 -0.17578125
v 0.08203125 -0.30859375 -0.14453125
v 0.08203125 -0.30859375 -0.12109375
v 0.08203125 -0.30859375 0.05859375
v 0.08203125 -0.30078125 -0.16796875
v 0.08203125 -0.30078125 -0.15234375
v 0.08203125 -0.30078125 -0.12109375
v 0.08203125 -0.30078125 0.06640625
v 0.08203125 -0.29296875 -0.12890625
v 0.08203125 -0.28515625 0.05078125
v 0.08203125 -0.27734375 0.06640625
v 0.08203125 -0.26953125 -0.15234375
v 0.08203125 -0.26171875 -0.11328125
v 0.08203125 -0.26171875 0.08203125
v 0.08203125 -0.25390625 -0.14453125
v 0.08203125 -0.23828125 -0.16796875
v 0.08203125 -0.23828125 0.08984375
v 0.08203125 -0.23046875 0.04296875
v 0.08203125 -0.23046875 0.08203125
v 0.08203125 -0.22265625 -0.11328125
v 0.08203125 -0.20703125 -0.12890625
v 0.08203125 -0.20703125 0.07421875
v 0.08203125 -0.19921875 -0.12109375
v 0.08203125 -0.19140625 -0.01171875
v 0.08203125 -0.19140625 0.05078125
v 0.08203125 -0.18359375 0.05078125
v 0.08203125 -0.17578125 -0.12109375
v 0.08203125 -0.17578125 -0.01171875
v 0.08203125 -0.17578125 0.05078125
v 0.08203125 -0.16796875 0.04296875
v 0.08203125 -0.16015625 -0.08203125
v 0.08203125 -0.16015625 -0.04296875
v 0.08203125 -0.16015625 -0.00390625
v 0.08203125 -0.16015625 0.01953125
v 0.08203125 -0.15234375 0.05859375
v 0.08203125 -0.13671875 -0.09765625
v 0.08203125 -0.12890625 0.05859375
v 0.08203125 -0.12109375 -0.11328125
v 0.08203125 -0.12109375 0.05078125
v 0.08203125 -0.11328125 -0.10546875
v 0.08203125 -0.09765625 0.03515625
v 0.08203125 0.07421875 0.05078125
v 0.08203125 0.08203125 0.03515625
v 0.08203125 0.09765625 0.02734375
v 0.08203125 0.10546875 -0.16796875
v 0.08203125 0.11328125 -0.16015625
v 0.08203125 0.12890625 -0.17578125
v 0.08203125 0.13671875 -0.17578125
v 0.08203125 0.15234375 -0.19140625
v 0.08203125 0.16796875 -0.19140625
v 0.08203125 0.16796875 0.05859375
v 0.08203125 0.18359375 -0.19140625
v 0.08203125 0.19921875 -0.19921875
v 0.08203125 0.23046875 -0.18359375
v 0.08203125 0.24609375 -0.18359375
v 0.08203125 0.25390625 0.07421875
v 0.08203125 0.26171875 -0.17578125
v 0.08203125 0.27734375 -0.16796875
v 0.08203125 0.27734375 0.07421875
v 0.08203125 0.28515625 -0.16015625
v 0.08203125 0.29296875 0.05859375
v 0.08203125 0.30078125 -0.15234375
v 0.08203125 0.30078125 0.05078125
v 0.08203125 0.31640625 -0.15234375
v 0.08203125 0.31640625 -0.14453125
v 0.08203125 0.32421875 -0.13671875
v 0.08203125 0.33203125 -0.15234375
v 0.08203125 0.33203125 -0.12890625
v 0.08203125 0.33984375 -0.12109375
v 0.08203125 0.33984375 0.08203125
v 0.08203125 0.35546875 0.05078125
v 0.08203125 0.36328125 0.05078125
v 0.08203125 0.37109375 -0.10546875
v 0.08203125 0.37890625 -0.08203125
v 0.08203125 0.37890625 -0.06640625
v 0.08203125 0.38671875 -0.05078125
v 0.08203125 0.38671875 0.02734375
v 0.08203125 0.38671875 0.05859375
v 0.08203125 0.39453125 -0.02734375
v 0.08203125 0.39453125 0.01171875
v 0.08984375 -0.34765625 -0.13671875
v 0.08984375 -0.33203125 0.06640625
v 0.08984375 -0.32421875 -0.17578125
v 0.08984375 -0.32421875 -0.12890625
v 0.08984375 -0.31640625 -0.18359375
v 0.08984375 -0.31640625 -0.15234375
v 0.08984375 -0.31640625 0.05859375
v 0.08984375 -0.30859375 -0.16015625
v 0.08984375 -0.30859375 -0.15234375
v 0.08984375 -0.30859375 -0.14453125
v 0.08984375 -0.30859375 -0.12890625
v 0.08984375 -0.30078125 -0.18359375
v 0.08984375 -0.29296875 -0.15234375
v 0.08984375 -0.28515625 -0.15234375
v 0.08984375 -0.28515625 -0.12890625
v 0.08984375 -0.27734375 -0.17578125
v 0.08984375 -0.27734375 -0.12109375
v 0.08984375 -0.27734375 0.07421875
v 0.08984375 -0.26953125 -0.16015625
v 0.08984375 -0.26171875 -0.17578125
v 0.08984375 -0.25390625 -0.14453125
v 0.08984375 -0.25390625 0.04296875
v 0.08984375 -0.25390625 0.07421875
v 0.08984375 -0.24609375 -0.16796875
v 0.08984375 -0.24609375 0.08984375
v 0.08984375 -0.23828125 -0.13671875
v 0.08984375 -0.23828125 0.02734375
v 0.08984375 -0.23046875 -0.01953125
v 0.08984375 -0.22265625 0.01171875
v 0.08984375 -0.20703125 -0.13671875
v 0.08984375 -0.19921875 -0.05078125
v 0.08984375 -0.19921875 0.04296875
v 0.08984375 -0.19140625 0.01171875
v 0.08984375 -0.17578125 -0.12890625
v 0.08984375 -0.17578125 -0.05078125
v 0.08984375 -0.17578125 0.01953125
v 0.08984375 -0.17578125 0.06640625
v 0.08984375 -0.16796875 0.02734375
v 0.08984375 -0.14453125 -0.12109375
v 0.08984375 -0.12890625 -0.13671875
v 0.08984375 -0.10546875 -0.12890625
v 0.08984375 -0.08984375 -0.11328125
v 0.08984375 0.05859375 0.03515625
v 0.08984375 0.06640625 -0.09765625
v 0.08984375 0.08203125 0.05078125
v 0.08984375 0.09765625 -0.16015625
v 0.08984375 0.09765625 0.05078125
v 0.08984375 0.10546875 -0.17578125
v 0.08984375 0.10546875 -0.14453125
v 0.08984375 0.11328125 -0.18359375
v 0.08984375 0.11328125 -0.12109375
v 0.08984375 0.11328125 -0.08984375
v 0.08984375 0.12890625 -0.19140625
v 0.08984375 0.12890625 -0.08984375
v 0.08984375 0.13671875 -0.18359375
v 0.08984375 0.16796875 -0.00390625
v 0.08984375 0.17578125 -0.05859375
v 0.08984375 0.18359375 0.05859375
v 0.08984375 0.19921875 -0.05078125
v 0.08984375 0.19921875 0.07421875
v 0.08984375 0.21484375 -0.19140625
v 0.08984375 0.21484375 0.08984375
v 0.08984375 0.22265625 -0.19140625
v 0.08984375 0.22265625 0.08203125
v 0.08984375 0.23828125 0.08203125
v 0.08984375 0.24609375 -0.18359375
v 0.08984375 0.30859375 -0.13671875
v 0.08984375 0.31640625 -0.12890625
v 0.08984375 0.31640625 0.05078125
v 0.08984375 0.32421875 -0.12890625
v 0.08984375 0.33203125 0.05859375
v 0.08984375 0.33984375 -0.12890625
v 0.08984375 0.33984375 0.06640625
v 0.08984375 0.33984375 0.07421875
v 0.08984375 0.34765625 -0.12109375
v 0.08984375 0.34765625 0.05859375
v 0.08984375 0.35546875 -0.11328125
v 0.08984375 0.35546875 -0.10546875
v 0.08984375 0.36328125 -0.11328125
v 0.08984375 0.36328125 -0.08203125
v 0.08984375 0.37109375 -0.08984375
v 0.08984375 0.37109375 -0.07421875
v 0.08984375 0.37890625 -0.09765625
v 0.08984375 0.37890625 -0.05078125
v 0.08984375 0.39453125 -0.02734375
v 0.08984375 0.39453125 -0.01171875
v 0.08984375 0.40234375 -0.00390625
v 0.08984375 0.40234375 0.00390625
v 0.08984375 0.40234375 0.01171875
v 0.08984375 0.41015625 0.01171875
v 0.09765625 -0.35546875 -0.14453125
v 0.09765625 -0.34765625 -0.13671875
v 0.09765625 -0.33984375 -0.14453125
v 0.09765625 -0.33203125 -0.15234375
v 0.09765625 -0.33203125 -0.12890625
v 0.09765625 -0.32421875 0.06640625
v 0.09765625 -0.31640625 -0.12890625
v 0.09765625 -0.30859375 -0.17578125
v 0.09765625 -0.30859375 -0.15234375
v 0.09765625 -0.30859375 -0.13671875
v 0.09765625 -0.30859375 -0.02734375
v 0.09765625 -0.30859375 0.00390625
v 0.09765625 -0.30859375 0.05859375
v 0.09765625 -0.30078125 -0.13671875
v 0.09765625 -0.30078125 0.07421875
v 0.09765625 -0.29296875 -0.17578125
v 0.09765625 -0.29296875 -0.16796875
v 0.09765625 -0.29296875 0.08984375
v 0.09765625 -0.28515625 -0.17578125
v 0.09765625 -0.27734375 -0.14453125
v 0.09765625 -0.27734375 -0.13671875
v 0.09765625 -0.27734375 -0.12109375
v 0.09765625 -0.27734375 0.01953125
v 0.09765625 -0.26953125 -0.01953125
v 0.09765625 -0.26953125 0.00390625
v 0.09765625 -0.26953125 0.04296875
v 0.09765625 -0.26953125 0.08984375
v 0.09765625 -0.26171875 -0.11328125
v 0.09765625 -0.26171875 0.09765625
v 0.09765625 -0.24609375 -0.10546875
v 0.09765625 -0.23828125 0.08203125
v 0.09765625 -0.23046875 -0.04296875
v 0.09765625 -0.22265625 0.08203125
v 0.09765625 -0.21484375 0.02734375
v 0.09765625 -0.20703125 -0.16796875
v 0.09765625 -0.20703125 -0.15234375
v 0.09765625 -0.20703125 -0.13671875
v 0.09765625 -0.19921875 -0.12109375
v 0.09765625 -0.19140625 0.02734375
v 0.09765625 -0.18359375 0.04296875
v 0.09765625 -0.17578125 -0.14453125
v 0.09765625 -0.17578125 0.03515625
v 0.09765625 -0.16796875 0.06640625
v 0.09765625 -0.16015625 -0.08984375
v 0.09765625 -0.13671875 -0.09765625
v 0.09765625 -0.12890625 -0.12109375
v 0.09765625 -0.10546875 -0.11328125
v 0.09765625 -0.10546875 -0.10546875
v 0.09765625 -0.06640625 -0.11328125
v 0.09765625 -0.03515625 -0.09765625
v 0.09765625 -0.01953125 -0.09765625
v 0.09765625 0.01171875 -0.09765625
v 0.09765625 0.05859375 0.03515625
v 0.09765625 0.07421875 0.05078125
v 0.09765625 0.11328125 -0.18359375
v 0.09765625 0.11328125 -0.16796875
v 0.09765625 0.12109375 -0.16015625
v 0.09765625 0.12109375 -0.14453125
v 0.09765625 0.12890625 -0.19140625
v 0.09765625 0.13671875 -0.00390625
v 0.09765625 0.14453125 -0.19921875
v 0.09765625 0.16015625 -0.19921875
v 0.09765625 0.16796875 0.01171875
v 0.09765625 0.17578125 -0.19921875
v 0.09765625 0.17578125 -0.03515625
v 0.09765625 0.18359375 -0.01171875
v 0.09765625 0.19140625 -0.03515625
v 0.09765625 0.19921875 -0.19140625
v 0.09765625 0.21484375 0.08203125
v 0.09765625 0.22265625 -0.05859375
v 0.09765625 0.23046875 -0.19921875
v 0.09765625 0.25390625 0.07421875
v 0.09765625 0.26171875 -0.17578125
v 0.09765625 0.26953125 0.05859375
v 0.09765625 0.27734375 -0.16015625
v 0.09765625 0.29296875 -0.14453125
v 0.09765625 0.31640625 -0.14453125
v 0.09765625 0.32421875 0.05078125
v 0.09765625 0.33984375 -0.12109375
v 0.09765625 0.35546875 -0.11328125
v 0.09765625 0.35546875 0.05078125
v 0.09765625 0.36328125 -0.09765625
v 0.09765625 0.37109375 -0.05859375
v 0.09765625 0.37890625 0.03515625
v 0.09765625 0.37890625 0.05078125
v 0.09765625 0.38671875 -0.05078125
v 0.09765625 0.38671875 0.02734375
v 0.09765625 0.39453125 -0.03515625
v 0.09765625 0.39453125 -0.00390625
v 0.09765625 0.39453125 0.01171875
v 0.10546875 -0.33984375 -0.01171875
v 0.10546875 -0.33984375 0.08203125
v 0.10546875 -0.33203125 -0.13671875
v 0.10546875 -0.33203125 0.05859375
v 0.10546875 -0.32421875 -0.14453125
v 0.10546875 -0.32421875 0.05859375
v 0.10546875 -0.31640625 0.01171875
v 0.10546875 -0.31640625 0.08984375
v 0.10546875 -0.30078125 -0.16796875
v 0.10546875 -0.30078125 -0.16015625
v 0.10546875 -0.29296875 -0.15234375
v 0.10546875 -0.29296875 -0.14453125
v 0.10546875 -0.28515625 0.05078125
v 0.10546875 -0.27734375 -0.16796875
v 0.10546875 -0.27734375 -0.15234375
v 0.10546875 -0.26953125 -0.16796875
v 0.10546875 -0.26953125 -0.04296875
v 0.10546875 -0.26953125 0.10546875
v 0.10546875 -0.26171875 -0.16796875
v 0.10546875 -0.26171875 -0.14453125
v 0.10546875 -0.26171875 -0.13671875
v 0.10546875 -0.26171875 -0.12109375
v 0.10546875 -0.25390625 -0.16796875
v 0.10546875 -0.25390625 -0.15234375
v 0.10546875 -0.25390625 -0.14453125
v 0.10546875 -0.23828125 -0.17578125
v 0.10546875 -0.23828125 -0.16015625
v 0.10546875 -0.23828125 -0.13671875
v 0.10546875 -0.19921875 0.06640625
v 0.10546875 -0.18359375 -0.16015625
v 0.10546875 -0.17578125 -0.16796875
v 0.10546875 -0.17578125 -0.12890625
v 0.10546875 -0.17578125 -0.08203125
v 0.10546875 -0.16796875 -0.12109375
v 0.10546875 -0.15234375 -0.08203125
v 0.10546875 -0.14453125 -0.12109375
v 0.10546875 -0.13671875 -0.11328125
v 0.10546875 -0.12890625 -0.15234375
v 0.10546875 -0.12890625 -0.12890625
v 0.10546875 -0.12109375 -0.10546875
v 0.10546875 -0.11328125 -0.09765625
v 0.10546875 -0.11328125 0.04296875
v 0.10546875 -0.09765625 -0.14453125
v 0.10546875 -0.09765625 -0.12109375
v 0.10546875 -0.08984375 0.03515625
v 0.10546875 -0.05859375 0.04296875
v 0.10546875 -0.05859375 0.05078125
v 0.10546875 -0.05078125 -0.12109375
v 0.10546875 -0.04296875 -0.10546875
v 0.10546875 -0.04296875 0.04296875
v 0.10546875 -0.00390625 0.04296875
v 0.10546875 0.02734375 0.04296875
v 0.10546875 0.08984375 0.02734375
v 0.10546875 0.09765625 -0.09765625
v 0.10546875 0.10546875 0.02734375
v 0.10546875 0.11328125 -0.18359375
v 0.10546875 0.11328125 -0.09765625
v 0.10546875 0.11328125 0.01171875
v 0.10546875 0.12109375 -0.17578125
v 0.10546875 0.12890625 -0.18359375
v 0.10546875 0.12890625 -0.16015625
v 0.10546875 0.12890625 -0.09765625
v 0.10546875 0.14453125 -0.19140625
v 0.10546875 0.16015625 -0.19921875
v 0.10546875 0.16015625 -0.05859375
v 0.10546875 0.16796875 0.02734375
v 0.10546875 0.17578125 -0.19921875
v 0.10546875 0.18359375 0.00390625
v 0.10546875 0.19140625 -0.19921875
v 0.10546875 0.19921875 -0.01953125
v 0.10546875 0.20703125 -0.19140625
v 0.10546875 0.21484375 -0.03515625
v 0.10546875 0.22265625 -0.19921875
v 0.10546875 0.22265625 -0.04296875
v 0.10546875 0.24609375 -0.19140625
v 0.10546875 0.26171875 -0.18359375
v 0.10546875 0.27734375 -0.16796875
v 0.10546875 0.28515625 0.05859375
v 0.10546875 0.29296875 -0.15234375
v 0.10546875 0.29296875 0.05078125
v 0.10546875 0.30859375 -0.14453125
v 0.10546875 0.30859375 0.04296875
v 0.10546875 0.33203125 -0.13671875
v 0.10546875 0.33203125 0.06640625
v 0.10546875 0.34765625 -0.12109375
v 0.10546875 0.34765625 -0.11328125
v 0.10546875 0.34765625 0.05859375
v 0.10546875 0.35546875 -0.08984375
v 0.10546875 0.36328125 -0.07421875
v 0.10546875 0.36328125 -0.05859375
v 0.10546875 0.37109375 -0.05078125
v 0.10546875 0.38671875 -0.03515625
v 0.10546875 0.38671875 -0.01953125
v 0.11328125 -0.35546875 0.08984375
v 0.11328125 -0.34765625 0.00390625
v 0.11328125 -0.34765625 0.06640625
v 0.11328125 -0.33984375 -0.03515625
v 0.11328125 -0.33984375 0.09765625
v 0.11328125 -0.33203125 0.05859375
v 0.11328125 -0.32421875 -0.16015625
v 0.11328125 -0.31640625 -0.16796875
v 0.11328125 -0.31640625 -0.16015625
v 0.11328125 -0.31640625 0.09765625
v 0.11328125 -0.30859375 -0.04296875
v 0.11328125 -0.30078125 -0.17578125
v 0.11328125 -0.29296875 -0.15234375
v 0.11328125 -0.29296875 0.09765625
v 0.11328125 -0.28515625 -0.17578125
v 0.11328125 -0.28515625 -0.15234375
v 0.11328125 -0.28515625 0.04296875
v 0.11328125 -0.27734375 0.09765625
v 0.11328125 -0.27734375 0.11328125
v 0.11328125 -0.26953125 -0.16796875
v 0.11328125 -0.26953125 -0.15234375
v 0.11328125 -0.26171875 -0.18359375
v 0.11328125 -0.26171875 -0.15234375
v 0.11328125 -0.26171875 -0.13671875
v 0.11328125 -0.26171875 0.08203125
v 0.11328125 -0.24609375 -0.11328125
v 0.11328125 -0.23828125 -0.14453125
v 0.11328125 -0.23828125 0.09765625
v 0.11328125 -0.23046875 -0.07421875
v 0.11328125 -0.22265625 0.08203125
v 0.11328125 -0.21484375 -0.11328125
v 0.11328125 -0.20703125 -0.16796875
v 0.11328125 -0.20703125 -0.15234375
v 0.11328125 -0.20703125 -0.13671875
v 0.11328125 -0.20703125 0.07421875
v 0.11328125 -0.19921875 -0.16796875
v 0.11328125 -0.19921875 -0.07421875
v 0.11328125 -0.19140625 -0.18359375
v 0.11328125 -0.19140625 -0.11328125
v 0.11328125 -0.17578125 -0.14453125
v 0.11328125 -0.15234375 -0.17578125
v 0.11328125 -0.14453125 0.05078125
v 0.11328125 -0.13671875 -0.12109375
v 0.11328125 -0.12890625 -0.08984375
v 0.11328125 -0.12109375 -0.16015625
v 0.11328125 -0.12109375 -0.09765625
v 0.11328125 -0.11328125 -0.09765625
v 0.11328125 -0.10546875 -0.11328125
v 0.11328125 -0.09765625 -0.14453125
v 0.11328125 -0.09765625 0.04296875
v 0.11328125 -0.08984375 -0.09765625
v 0.11328125 -0.08984375 0.05078125
v 0.11328125 -0.07421875 0.05859375
v 0.11328125 0.08984375 0.01953125
v 0.11328125 0.08984375 0.03515625
v 0.11328125 0.12109375 -0.11328125
v 0.11328125 0.12890625 -0.17578125
v 0.11328125 0.13671875 -0.17578125
v 0.11328125 0.14453125 -0.19140625
v 0.11328125 0.16015625 -0.02734375
v 0.11328125 0.16796875 0.04296875
v 0.11328125 0.18359375 0.05078125
v 0.11328125 0.19140625 -0.19140625
v 0.11328125 0.19140625 -0.08203125
v 0.11328125 0.20703125 -0.19140625
v 0.11328125 0.20703125 0.06640625
v 0.11328125 0.21484375 -0.07421875
v 0.11328125 0.22265625 0.06640625
v 0.11328125 0.23828125 -0.19921875
v 0.11328125 0.24609375 0.06640625
v 0.11328125 0.26171875 0.05859375
v 0.11328125 0.31640625 0.04296875
v 0.11328125 0.32421875 -0.13671875
v 0.11328125 0.33203125 -0.12890625
v 0.11328125 0.33203125 0.05859375
v 0.11328125 0.34765625 -0.10546875
v 0.11328125 0.34765625 0.05078125
v 0.11328125 0.35546875 -0.09765625
v 0.11328125 0.35546875 -0.08203125
v 0.11328125 0.35546875 0.05078125
v 0.11328125 0.36328125 -0.06640625
v 0.11328125 0.36328125 0.04296875
v 0.11328125 0.37109375 -0.04296875
v 0.11328125 0.37109375 0.02734375
v 0.11328125 0.37890625 -0.02734375
v 0.11328125 0.37890625 0.01171875
v 0.12109375 -0.38671875 -0.02734375
v 0.12109375 -0.35546875 0.06640625
v 0.12109375 -0.34765625 0.04296875
v 0.12109375 -0.34765625 0.07421875
v 0.12109375 -0.33984375 0.01953125
v 0.12109375 -0.33984375 0.09765625
v 0.12109375 -0.33203125 0.06640625
v 0.12109375 -0.33203125 0.07421875
v 0.12109375 -0.32421875 -0.16015625
v 0.12109375 -0.31640625 0.02734375
v 0.12109375 -0.31640625 0.05859375
v 0.12109375 -0.30859375 -0.16796875
v 0.12109375 -0.30859375 -0.15234375
v 0.12109375 -0.30078125 0.05078125
v 0.12109375 -0.30078125 0.10546875
v 0.12109375 -0.29296875 0.11328125
v 0.12109375 -0.28515625 -0.16796875
v 0.12109375 -0.28515625 -0.16015625
v 0.12109375 -0.28515625 -0.15234375
v 0.12109375 -0.28515625 -0.13671875
v 0.12109375 -0.26953125 -0.16796875
v 0.12109375 -0.26953125 -0.16015625
v 0.12109375 -0.26953125 -0.06640625
v 0.12109375 -0.26953125 0.10546875
v 0.12109375 -0.26171875 -0.17578125
v 0.12109375 -0.26171875 -0.15234375
v 0.12109375 -0.26171875 -0.12890625
v 0.12109375 -0.26171875 0.10546875
v 0.12109375 -0.25390625 -0.16796875
v 0.12109375 -0.24609375 -0.14453125
v 0.12109375 -0.24609375 -0.11328125
v 0.12109375 -0.23828125 -0.17578125
v 0.12109375 -0.23828125 -0.16015625
v 0.12109375 -0.23046875 0.07421875
v 0.12109375 -0.20703125 -0.17578125
v 0.12109375 -0.20703125 -0.16015625
v 0.12109375 -0.19140625 0.05859375
v 0.12109375 -0.17578125 -0.18359375
v 0.12109375 -0.17578125 -0.12890625
v 0.12109375 -0.16796875 -0.13671875
v 0.12109375 -0.16796875 -0.12890625
v 0.12109375 -0.16796875 -0.07421875
v 0.12109375 -0.16015625 -0.09765625
v 0.12109375 -0.16015625 -0.05859375
v 0.12109375 -0.14453125 -0.12109375
v 0.12109375 -0.13671875 -0.09765625
v 0.12109375 -0.12109375 0.05078125
v 0.12109375 -0.10546875 -0.08984375
v 0.12109375 -0.09765625 -0.13671875
v 0.12109375 -0.08984375 0.01953125
v 0.12109375 -0.04296875 -0.08203125
v 0.12109375 -0.01171875 -0.08203125
v 0.12109375 0.05859375 0.02734375
v 0.12109375 0.09765625 0.01953125
v 0.12109375 0.09765625 0.02734375
v 0.12109375 0.11328125 -0.16015625
v 0.12109375 0.11328125 -0.13671875
v 0.12109375 0.12890625 -0.18359375
v 0.12109375 0.12890625 -0.09765625
v 0.12109375 0.13671875 -0.19140625
v 0.12109375 0.13671875 -0.01171875
v 0.12109375 0.15234375 -0.19921875
v 0.12109375 0.15234375 -0.03515625
v 0.12109375 0.16796875 -0.19140625
v 0.12109375 0.17578125 -0.07421875
v 0.12109375 0.17578125 0.01953125
v 0.12109375 0.18359375 -0.19921875
v 0.12109375 0.19140625 -0.00390625
v 0.12109375 0.19921875 -0.18359375
v 0.12109375 0.21484375 -0.02734375
v 0.12109375 0.22265625 -0.19921875
v 0.12109375 0.22265625 -0.06640625
v 0.12109375 0.25390625 -0.19140625
v 0.12109375 0.26953125 -0.17578125
v 0.12109375 0.28515625 -0.16015625
v 0.12109375 0.29296875 0.05078125
v 0.12109375 0.30078125 -0.15234375
v 0.12109375 0.30078125 0.05078125
v 0.12109375 0.31640625 -0.14453125
v 0.12109375 0.33203125 -0.13671875
v 0.12109375 0.33203125 -0.12109375
v 0.12109375 0.33984375 -0.13671875
v 0.12109375 0.33984375 -0.09765625
v 0.12109375 0.33984375 0.05859375
v 0.12109375 0.34765625 -0.07421875
v 0.12109375 0.35546875 -0.07421875
v 0.12109375 0.37109375 -0.05859375
v 0.12109375 0.37109375 0.05078125
v 0.12109375 0.37890625 -0.01953125
v 0.12109375 0.37890625 -0.01171875
v 0.12109375 0.38671875 -0.04296875
v 0.12890625 -0.38671875 -0.04296875
v 0.12890625 -0.38671875 -0.00390625
v 0.12890625 -0.33984375 -0.05859375
v 0.12890625 -0.33984375 0.05859375
v 0.12890625 -0.33984375 0.09765625
v 0.12890625 -0.33203125 -0.16015625
v 0.12890625 -0.33203125 0.08203125
v 0.12890625 -0.32421875 -0.16796875
v 0.12890625 -0.32421875 0.03515625
v 0.12890625 -0.31640625 0.06640625
v 0.12890625 -0.31640625 0.09765625
v 0.12890625 -0.30859375 -0.16796875
v 0.12890625 -0.30859375 -0.15234375
v 0.12890625 -0.30859375 0.11328125
v 0.12890625 -0.30078125 0.08984375
v 0.12890625 -0.30078125 0.09765625
v 0.12890625 -0.29296875 -0.16015625
v 0.12890625 -0.29296875 0.12109375
v 0.12890625 -0.28515625 -0.17578125
v 0.12890625 -0.28515625 -0.16796875
v 0.12890625 -0.28515625 -0.15234375
v 0.12890625 -0.27734375 0.11328125
v 0.12890625 -0.26953125 -0.16796875
v 0.12890625 -0.23046875 -0.16796875
v 0.12890625 -0.23046875 -0.06640625
v 0.12890625 -0.22265625 0.07421875
v 0.12890625 -0.21484375 -0.17578125
v 0.12890625 -0.20703125 -0.15234375
v 0.12890625 -0.19921875 -0.19140625
v 0.12890625 -0.19921875 -0.07421875
v 0.12890625 -0.19140625 -0.13671875
v 0.12890625 -0.18359375 -0.08203125
v 0.12890625 -0.16796875 -0.13671875
v 0.12890625 -0.16015625 -0.10546875
v 0.12890625 -0.16015625 -0.02734375
v 0.12890625 -0.15234375 -0.11328125
v 0.12890625 -0.14453125 -0.06640625
v 0.12890625 -0.12890625 -0.12109375
v 0.12890625 -0.12890625 -0.11328125
v 0.12890625 -0.12890625 -0.07421875
v 0.12890625 -0.12890625 -0.05859375
v 0.12890625 -0.12109375 -0.15234375
v 0.12890625 -0.11328125 -0.08203125
v 0.12890625 -0.11328125 0.02734375
v 0.12890625 -0.10546875 -0.11328125
v 0.12890625 -0.09765625 -0.12890625
v 0.12890625 -0.09765625 -0.12109375
v 0.12890625 -0.08984375 -0.07421875
v 0.12890625 -0.05859375 0.01953125
v 0.12890625 -0.04296875 0.01953125
v 0.12890625 -0.03515625 -0.08203125
v 0.12890625 0.02734375 -0.08984375
v 0.12890625 0.06640625 -0.08984375
v 0.12890625 0.08203125 0.01953125
v 0.12890625 0.08984375 0.02734375
v 0.12890625 0.09765625 -0.08984375
v 0.12890625 0.10546875 -0.14453125
v 0.12890625 0.11328125 -0.17578125
v 0.12890625 0.11328125 -0.12890625
v 0.12890625 0.11328125 -0.09765625
v 0.12890625 0.11328125 0.00390625
v 0.12890625 0.12109375 -0.18359375
v 0.12890625 0.12109375 0.00390625
v 0.12890625 0.12109375 0.01171875
v 0.12890625 0.12890625 -0.19140625
v 0.12890625 0.12890625 -0.11328125
v 0.12890625 0.14453125 -0.19140625
v 0.12890625 0.14453125 -0.05078125
v 0.12890625 0.16015625 -0.06640625
v 0.12890625 0.16796875 -0.18359375
v 0.12890625 0.18359375 -0.08984375
v 0.12890625 0.18359375 0.02734375
v 0.12890625 0.18359375 0.04296875
v 0.12890625 0.19140625 -0.07421875
v 0.12890625 0.21484375 -0.19921875
v 0.12890625 0.21484375 -0.04296875
v 0.12890625 0.23828125 -0.19140625
v 0.12890625 0.25390625 0.05078125
v 0.12890625 0.27734375 -0.18359375
v 0.12890625 0.27734375 0.05859375
v 0.12890625 0.28515625 -0.17578125
v 0.12890625 0.28515625 -0.15234375
v 0.12890625 0.28515625 0.05859375
v 0.12890625 0.31640625 -0.12890625
v 0.12890625 0.31640625 0.04296875
v 0.12890625 0.32421875 -0.14453125
v 0.12890625 0.32421875 0.05859375
v 0.12890625 0.33203125 -0.13671875
v 0.12890625 0.33203125 -0.12109375
v 0.12890625 0.33203125 -0.11328125
v 0.12890625 0.33203125 0.07421875
v 0.12890625 0.33984375 -0.13671875
v 0.12890625 0.34765625 0.04296875
v 0.12890625 0.35546875 -0.04296875
v 0.12890625 0.36328125 -0.05859375
v 0.12890625 0.36328125 0.05859375
v 0.12890625 0.37109375 -0.05078125
v 0.12890625 0.37109375 0.04296875
v 0.12890625 0.37890625 -0.05078125
v 0.12890625 0.37890625 0.01953125
v 0.12890625 0.38671875 -0.04296875
v 0.13671875 -0.38671875 0.01171875
v 0.13671875 -0.33984375 0.03515625
v 0.13671875 -0.33203125 -0.16015625
v 0.13671875 -0.31640625 -0.12109375
v 0.13671875 -0.31640625 -0.10546875
v 0.13671875 -0.31640625 0.05078125
v 0.13671875 -0.31640625 0.08984375
v 0.13671875 -0.30859375 -0.16796875
v 0.13671875 -0.30859375 -0.15234375
v 0.13671875 -0.30859375 -0.05859375
v 0.13671875 -0.30859375 0.07421875
v 0.13671875 -0.30859375 0.11328125
v 0.13671875 -0.30078125 -0.14453125
v 0.13671875 -0.29296875 -0.16796875
v 0.13671875 -0.29296875 -0.16015625
v 0.13671875 -0.29296875 -0.12109375
v 0.13671875 -0.29296875 -0.11328125
v 0.13671875 -0.29296875 0.10546875
v 0.13671875 -0.28515625 -0.14453125
v 0.13671875 -0.28515625 -0.12890625
v 0.13671875 -0.28515625 -0.09765625
v 0.13671875 -0.28515625 0.09765625
v 0.13671875 -0.27734375 -0.16796875
v 0.13671875 -0.27734375 -0.16015625
v 0.13671875 -0.27734375 0.10546875
v 0.13671875 -0.26953125 -0.14453125
v 0.13671875 -0.26953125 -0.10546875
v 0.13671875 -0.26953125 -0.06640625
v 0.13671875 -0.26953125 0.09765625
v 0.13671875 -0.26171875 -0.11328125
v 0.13671875 -0.26171875 0.08984375
v 0.13671875 -0.25390625 -0.17578125
v 0.13671875 -0.25390625 -0.16015625
v 0.13671875 -0.25390625 -0.13671875
v 0.13671875 -0.24609375 0.08203125
v 0.13671875 -0.23828125 -0.15234375
v 0.13671875 -0.23828125 0.07421875
v 0.13671875 -0.23046875 -0.16015625
v 0.13671875 -0.23046875 0.07421875
v 0.13671875 -0.23046875 0.08203125
v 0.13671875 -0.22265625 -0.09765625
v 0.13671875 -0.22265625 0.06640625
v 0.13671875 -0.21484375 -0.14453125
v 0.13671875 -0.21484375 -0.12109375
v 0.13671875 -0.20703125 -0.17578125
v 0.13671875 -0.20703125 -0.13671875
v 0.13671875 -0.19921875 -0.08203125
v 0.13671875 -0.19140625 -0.13671875
v 0.13671875 -0.19140625 -0.06640625
v 0.13671875 -0.18359375 -0.12109375
v 0.13671875 -0.18359375 -0.10546875
v 0.13671875 -0.18359375 0.05078125
v 0.13671875 -0.16796875 -0.06640625
v 0.13671875 -0.16796875 -0.05078125
v 0.13671875 -0.16015625 -0.12890625
v 0.13671875 -0.15234375 -0.16015625
v 0.13671875 -0.15234375 -0.05078125
v 0.13671875 -0.15234375 0.05078125
v 0.13671875 -0.14453125 -0.05859375
v 0.13671875 -0.14453125 0.01953125
v 0.13671875 -0.13671875 -0.09765625
v 0.13671875 -0.13671875 -0.04296875
v 0.13671875 -0.13671875 0.03515625
v 0.13671875 -0.12890625 -0.13671875
v 0.13671875 -0.12890625 -0.08203125
v 0.13671875 -0.11328125 0.00390625
v 0.13671875 -0.09765625 -0.09765625
v 0.13671875 -0.08984375 -0.05078125
v 0.13671875 -0.08984375 -0.02734375
v 0.13671875 -0.08984375 -0.00390625
v 0.13671875 -0.06640625 -0.09765625
v 0.13671875 -0.05859375 -0.09765625
v 0.13671875 -0.05859375 0.02734375
v 0.13671875 -0.05078125 -0.08984375
v 0.13671875 -0.00390625 0.01953125
v 0.13671875 0.02734375 0.01953125
v 0.13671875 0.05859375 0.01953125
v 0.13671875 0.09765625 0.00390625
v 0.13671875 0.10546875 -0.16015625
v 0.13671875 0.10546875 0.01171875
v 0.13671875 0.11328125 -0.17578125
v 0.13671875 0.11328125 -0.14453125
v 0.13671875 0.11328125 0.01171875
v 0.13671875 0.12109375 0.01171875
v 0.13671875 0.12890625 -0.18359375
v 0.13671875 0.12890625 -0.12109375
v 0.13671875 0.12890625 -0.09765625
v 0.13671875 0.14453125 -0.19140625
v 0.13671875 0.15234375 -0.19140625
v 0.13671875 0.16796875 -0.16796875
v 0.13671875 0.18359375 -0.19921875
v 0.13671875 0.19140625 -0.19921875
v 0.13671875 0.19140625 -0.05078125
v 0.13671875 0.19921875 0.01171875
v 0.13671875 0.19921875 0.05078125
v 0.13671875 0.20703125 -0.19921875
v 0.13671875 0.20703125 -0.01171875
v 0.13671875 0.21484375 -0.19140625
v 0.13671875 0.22265625 -0.19140625
v 0.13671875 0.22265625 0.05078125
v 0.13671875 0.23828125 0.05078125
v 0.13671875 0.25390625 -0.19140625
v 0.13671875 0.26171875 0.04296875
v 0.13671875 0.26953125 -0.19140625
v 0.13671875 0.26953125 -0.16015625
v 0.13671875 0.27734375 -0.17578125
v 0.13671875 0.28515625 -0.15234375
v 0.13671875 0.28515625 0.02734375
v 0.13671875 0.29296875 -0.19140625
v 0.13671875 0.29296875 0.01953125
v 0.13671875 0.29296875 0.04296875
v 0.13671875 0.30078125 -0.13671875
v 0.13671875 0.30078125 0.02734375
v 0.13671875 0.30078125 0.04296875
v 0.13671875 0.31640625 0.05859375
v 0.13671875 0.32421875 -0.11328125
v 0.13671875 0.33984375 0.05078125
v 0.13671875 0.33984375 0.05859375
v 0.13671875 0.34765625 -0.09765625
v 0.13671875 0.35546875 -0.07421875
v 0.13671875 0.35546875 -0.05859375
v 0.13671875 0.35546875 0.04296875
v 0.13671875 0.37109375 -0.03515625
v 0.13671875 0.37109375 -0.01171875
v 0.13671875 0.37109375 0.02734375
v 0.13671875 0.37109375 0.05078125
v 0.13671875 0.37890625 -0.01953125
v 0.13671875 0.37890625 -0.00390625
v 0.13671875 0.37890625 0.06640625
v 0.13671875 0.38671875 0.00390625
v 0.14453125 -0.42578125 -0.03515625
v 0.14453125 -0.42578125 -0.01953125
v 0.14453125 -0.42578125 -0.01171875
v 0.14453125 -0.38671875 -0.05859375
v 0.14453125 -0.33984375 -0.16015625
v 0.14453125 -0.33984375 -0.15234375
v 0.14453125 -0.33984375 -0.06640625
v 0.14453125 -0.33203125 -0.15234375
v 0.14453125 -0.33203125 -0.14453125
v 0.14453125 -0.33203125 -0.12109375
v 0.14453125 -0.33203125 0.07421875
v 0.14453125 -0.31640625 -0.16015625
v 0.14453125 -0.31640625 -0.14453125
v 0.14453125 -0.31640625 -0.12890625
v 0.14453125 -0.31640625 -0.10546875
v 0.14453125 -0.31640625 0.03515625
v 0.14453125 -0.30859375 -0.07421875
v 0.14453125 -0.30859375 0.05078125
v 0.14453125 -0.30859375 0.08984375
v 0.14453125 -0.30078125 -0.12890625
v 0.14453125 -0.30078125 -0.08984375
v 0.14453125 -0.30078125 0.03515625
v 0.14453125 -0.29296875 -0.16796875
v 0.14453125 -0.29296875 -0.14453125
v 0.14453125 -0.29296875 0.04296875
v 0.14453125 -0.28515625 -0.16796875
v 0.14453125 -0.26953125 -0.15234375
v 0.14453125 -0.26953125 -0.14453125
v 0.14453125 -0.26953125 -0.08984375
v 0.14453125 -0.26171875 -0.16796875
v 0.14453125 -0.26171875 -0.13671875
v 0.14453125 -0.26171875 0.08203125
v 0.14453125 -0.25390625 -0.09765625
v 0.14453125 -0.25390625 -0.05859375
v 0.14453125 -0.24609375 -0.16015625
v 0.14453125 -0.24609375 0.07421875
v 0.14453125 -0.23828125 -0.14453125
v 0.14453125 -0.23828125 -0.12890625
v 0.14453125 -0.23046875 -0.13671875
v 0.14453125 -0.22265625 -0.06640625
v 0.14453125 -0.21484375 -0.08984375
v 0.14453125 -0.20703125 -0.16796875
v 0.14453125 -0.20703125 -0.12890625
v 0.14453125 -0.19921875 -0.17578125
v 0.14453125 -0.19921875 -0.14453125
v 0.14453125 -0.19921875 -0.10546875
v 0.14453125 -0.19140625 -0.09765625
v 0.14453125 -0.19140625 -0.05078125
v 0.14453125 -0.18359375 -0.15234375
v 0.14453125 -0.18359375 -0.05859375
v 0.14453125 -0.17578125 -0.16796875
v 0.14453125 -0.16796875 -0.08984375
v 0.14453125 -0.16015625 -0.14453125
v 0.14453125 -0.16015625 -0.12890625
v 0.14453125 -0.16015625 -0.08203125
v 0.14453125 -0.16015625 -0.05078125
v 0.14453125 -0.15234375 -0.08984375
v 0.14453125 -0.15234375 -0.05859375
v 0.14453125 -0.15234375 -0.02734375
v 0.14453125 -0.15234375 -0.00390625
v 0.14453125 -0.15234375 0.01171875
v 0.14453125 -0.13671875 -0.01953125
v 0.14453125 -0.13671875 -0.00390625
v 0.14453125 -0.13671875 0.01171875
v 0.14453125 -0.13671875 0.02734375
v 0.14453125 -0.12890625 -0.10546875
v 0.14453125 -0.12109375 -0.05078125
v 0.14453125 -0.11328125 -0.02734375
v 0.14453125 -0.08984375 0.02734375
v 0.14453125 -0.08203125 0.02734375
v 0.14453125 -0.06640625 0.03515625
v 0.14453125 -0.05859375 -0.00390625
v 0.14453125 -0.04296875 -0.05078125
v 0.14453125 -0.04296875 -0.00390625
v 0.14453125 -0.01171875 -0.05078125
v 0.14453125 -0.00390625 -0.00390625
v 0.14453125 0.01953125 -0.05078125
v 0.14453125 0.02734375 -0.00390625
v 0.14453125 0.05859375 -0.06640625
v 0.14453125 0.06640625 0.00390625
v 0.14453125 0.07421875 -0.07421875
v 0.14453125 0.09765625 -0.07421875
v 0.14453125 0.12109375 -0.15234375
v 0.14453125 0.12890625 -0.16796875
v 0.14453125 0.12890625 -0.02734375
v 0.14453125 0.12890625 -0.00390625
v 0.14453125 0.12890625 0.00390625
v 0.14453125 0.13671875 -0.17578125
v 0.14453125 0.15234375 -0.17578125
v 0.14453125 0.15234375 -0.16796875
v 0.14453125 0.16796875 -0.07421875
v 0.14453125 0.17578125 -0.18359375
v 0.14453125 0.17578125 -0.07421875
v 0.14453125 0.19921875 0.03515625
v 0.14453125 0.20703125 -0.18359375
v 0.14453125 0.22265625 -0.18359375
v 0.14453125 0.22265625 -0.01953125
v 0.14453125 0.22265625 0.03515625
v 0.14453125 0.23046875 0.00390625
v 0.14453125 0.23046875 0.01171875
v 0.14453125 0.23828125 -0.17578125
v 0.14453125 0.23828125 0.02734375
v 0.14453125 0.25390625 -0.16015625
v 0.14453125 0.25390625 0.02734375
v 0.14453125 0.26171875 0.02734375
v 0.14453125 0.26953125 0.01953125
v 0.14453125 0.26953125 0.04296875
v 0.14453125 0.27734375 0.02734375
v 0.14453125 0.27734375 0.03515625
v 0.14453125 0.28515625 0.01171875
v 0.14453125 0.30078125 0.03515625
v 0.14453125 0.30859375 0.05078125
v 0.14453125 0.31640625 -0.12109375
v 0.14453125 0.31640625 0.05859375
v 0.14453125 0.33203125 -0.12109375
v 0.14453125 0.33203125 -0.10546875
v 0.14453125 0.33203125 0.05859375
v 0.14453125 0.33203125 0.07421875
v 0.14453125 0.34765625 -0.09765625
v 0.14453125 0.34765625 -0.05078125
v 0.14453125 0.35546875 -0.04296875
v 0.14453125 0.36328125 -0.02734375
v 0.14453125 0.36328125 -0.00390625
v 0.14453125 0.36328125 0.03515625
v 0.14453125 0.37109375 0.00390625
v 0.15234375 -0.49609375 -0.05078125
v 0.15234375 -0.48046875 -0.05078125
v 0.15234375 -0.48046875 -0.03515625
v 0.15234375 -0.46484375 -0.05078125
v 0.15234375 -0.46484375 -0.03515625
v 0.15234375 -0.46484375 -0.02734375
v 0.15234375 -0.44921875 -0.03515625
v 0.15234375 -0.44140625 -0.02734375
v 0.15234375 -0.44140625 -0.01953125
v 0.15234375 -0.42578125 -0.05078125
v 0.15234375 -0.37890625 -0.06640625
v 0.15234375 -0.37890625 0.01953125
v 0.15234375 -0.33203125 0.03515625
v 0.15234375 -0.32421875 0.06640625
v 0.15234375 -0.31640625 -0.15234375
v 0.15234375 -0.31640625 -0.13671875
v 0.15234375 -0.31640625 -0.12109375
v 0.15234375 -0.30859375 -0.16015625
v 0.15234375 -0.30859375 0.05859375
v 0.15234375 -0.30078125 -0.14453125
v 0.15234375 -0.30078125 -0.12890625
v 0.15234375 -0.30078125 -0.12109375
v 0.15234375 -0.30078125 -0.09765625
v 0.15234375 -0.29296875 -0.15234375
v 0.15234375 -0.29296875 -0.13671875
v 0.15234375 -0.29296875 -0.12890625
v 0.15234375 -0.29296875 -0.11328125
v 0.15234375 -0.29296875 -0.08984375
v 0.15234375 -0.29296875 -0.08203125
v 0.15234375 -0.29296875 0.04296875
v 0.15234375 -0.28515625 -0.06640625
v 0.15234375 -0.28515625 0.04296875
v 0.15234375 -0.28515625 0.08984375
v 0.15234375 -0.27734375 -0.12890625
v 0.15234375 -0.27734375 -0.11328125
v 0.15234375 -0.26953125 -0.13671875
v 0.15234375 -0.26953125 -0.08984375
v 0.15234375 -0.26953125 0.08203125
v 0.15234375 -0.26171875 -0.12109375
v 0.15234375 -0.26171875 -0.08984375
v 0.15234375 -0.25390625 -0.14453125
v 0.15234375 -0.25390625 0.07421875
v 0.15234375 -0.24609375 -0.13671875
v 0.15234375 -0.24609375 -0.08984375
v 0.15234375 -0.23828125 -0.13671875
v 0.15234375 -0.23828125 -0.10546875
v 0.15234375 -0.23828125 -0.09765625
v 0.15234375 -0.23828125 -0.08984375
v 0.15234375 -0.22265625 -0.05078125
v 0.15234375 -0.22265625 0.01171875
v 0.15234375 -0.21484375 -0.10546875
v 0.15234375 -0.21484375 -0.07421875
v 0.15234375 -0.21484375 0.05078125
v 0.15234375 -0.20703125 -0.08984375
v 0.15234375 -0.19921875 0.05859375
v 0.15234375 -0.18359375 -0.08984375
v 0.15234375 -0.18359375 -0.03515625
v 0.15234375 -0.14453125 -0.06640625
v 0.15234375 -0.14453125 -0.04296875
v 0.15234375 -0.13671875 -0.01953125
v 0.15234375 -0.13671875 0.01171875
v 0.15234375 -0.11328125 0.02734375
v 0.15234375 -0.05078125 -0.05078125
v 0.15234375 0.03515625 -0.03515625
v 0.15234375 0.05078125 -0.06640625
v 0.15234375 0.05078125 -0.01171875
v 0.15234375 0.06640625 -0.08203125
v 0.15234375 0.08203125 0.00390625
v 0.15234375 0.08984375 -0.08203125
v 0.15234375 0.10546875 0.00390625
v 0.15234375 0.11328125 -0.07421875
v 0.15234375 0.11328125 0.00390625
v 0.15234375 0.12109375 -0.08984375
v 0.15234375 0.12109375 0.00390625
v 0.15234375 0.12890625 -0.13671875
v 0.15234375 0.12890625 -0.10546875
v 0.15234375 0.14453125 -0.16796875
v 0.15234375 0.14453125 -0.12890625
v 0.15234375 0.14453125 -0.05078125
v 0.15234375 0.16015625 -0.16796875
v 0.15234375 0.17578125 -0.16015625
v 0.15234375 0.17578125 -0.05859375
v 0.15234375 0.18359375 -0.16796875
v 0.15234375 0.19140625 -0.19140625
v 0.15234375 0.19140625 -0.17578125
v 0.15234375 0.19921875 -0.16796875
v 0.15234375 0.21484375 -0.17578125
v 0.15234375 0.22265625 0.01171875
v 0.15234375 0.23046875 0.01171875
v 0.15234375 0.23828125 -0.17578125
v 0.15234375 0.23828125 -0.00390625
v 0.15234375 0.24609375 -0.16796875
v 0.15234375 0.24609375 0.00390625
v 0.15234375 0.25390625 0.01953125
v 0.15234375 0.26953125 -0.16796875
v 0.15234375 0.26953125 0.01171875
v 0.15234375 0.27734375 0.01171875
v 0.15234375 0.28515625 0.01953125
v 0.15234375 0.29296875 0.03515625
v 0.15234375 0.32421875 -0.12109375
v 0.15234375 0.32421875 -0.09765625
v 0.15234375 0.33203125 -0.11328125
v 0.15234375 0.33984375 -0.09765625
v 0.15234375 0.34765625 -0.07421875
v 0.15234375 0.34765625 -0.05859375
v 0.15234375 0.34765625 -0.04296875
v 0.15234375 0.34765625 0.05078125
v 0.15234375 0.35546875 -0.03515625
v 0.15234375 0.35546875 0.03515625
v 0.15234375 0.37109375 0.01953125
v 0.16015625 -0.49609375 -0.05078125
v 0.16015625 -0.49609375 -0.02734375
v 0.16015625 -0.49609375 0.01171875
v 0.16015625 -0.48828125 -0.00390625
v 0.16015625 -0.48046875 -0.01953125
v 0.16015625 -0.47265625 -0.00390625
v 0.16015625 -0.46484375 -0.05859375
v 0.16015625 -0.45703125 -0.01171875
v 0.16015625 -0.44921875 -0.05078125
v 0.16015625 -0.44140625 -0.01171875
v 0.16015625 -0.42578125 -0.05859375
v 0.16015625 -0.42578125 -0.00390625
v 0.16015625 -0.34765625 -0.07421875
v 0.16015625 -0.33984375 0.07421875
v 0.16015625 -0.33984375 0.08203125
v 0.16015625 -0.32421875 0.03515625
v 0.16015625 -0.32421875 0.08984375
v 0.16015625 -0.31640625 -0.12890625
v 0.16015625 -0.31640625 -0.12109375
v 0.16015625 -0.30859375 -0.06640625
v 0.16015625 -0.30859375 0.08984375
v 0.16015625 -0.30078125 -0.12109375
v 0.16015625 -0.29296875 -0.12890625
v 0.16015625 -0.29296875 -0.12109375
v 0.16015625 -0.29296875 0.03515625
v 0.16015625 -0.28515625 -0.15234375
v 0.16015625 -0.28515625 -0.09765625
v 0.16015625 -0.28515625 0.04296875
v 0.16015625 -0.28515625 0.05859375
v 0.16015625 -0.27734375 -0.06640625
v 0.16015625 -0.27734375 0.05859375
v 0.16015625 -0.26953125 -0.15234375
v 0.16015625 -0.26953125 -0.13671875
v 0.16015625 -0.26953125 -0.12109375
v 0.16015625 -0.26953125 -0.11328125
v 0.16015625 -0.26953125 -0.08984375
v 0.16015625 -0.26953125 -0.05859375
v 0.16015625 -0.26953125 -0.03515625
v 0.16015625 -0.26953125 -0.01953125
v 0.16015625 -0.26171875 -0.08203125
v 0.16015625 -0.26171875 -0.00390625
v 0.16015625 -0.26171875 0.07421875
v 0.16015625 -0.25390625 -0.12890625
v 0.16015625 -0.25390625 -0.10546875
v 0.16015625 -0.25390625 -0.09765625
v 0.16015625 -0.25390625 -0.08203125
v 0.16015625 -0.25390625 -0.07421875
v 0.16015625 -0.25390625 -0.04296875
v 0.16015625 -0.24609375 -0.06640625
v 0.16015625 -0.24609375 0.06640625
v 0.16015625 -0.23828125 -0.12109375
v 0.16015625 -0.23828125 -0.09765625
v 0.16015625 -0.23828125 -0.06640625
v 0.16015625 -0.23046875 -0.08984375
v 0.16015625 -0.23046875 0.06640625
v 0.16015625 -0.22265625 -0.14453125
v 0.16015625 -0.22265625 -0.08984375
v 0.16015625 -0.21484375 0.05859375
v 0.16015625 -0.20703125 -0.05078125
v 0.16015625 -0.20703125 -0.04296875
v 0.16015625 -0.19921875 -0.13671875
v 0.16015625 -0.17578125 -0.10546875
v 0.16015625 -0.17578125 -0.09765625
v 0.16015625 -0.17578125 0.02734375
v 0.16015625 -0.16796875 -0.06640625
v 0.16015625 -0.16796875 -0.05078125
v 0.16015625 -0.16015625 -0.11328125
v 0.16015625 -0.08203125 -0.00390625
v 0.16015625 -0.07421875 -0.05078125
v 0.16015625 -0.05078125 -0.05078125
v 0.16015625 -0.05078125 -0.00390625
v 0.16015625 0.02734375 -0.03515625
v 0.16015625 0.03515625 -0.06640625
v 0.16015625 0.05078125 -0.08203125
v 0.16015625 0.06640625 0.01171875
v 0.16015625 0.11328125 -0.01171875
v 0.16015625 0.12109375 -0.11328125
v 0.16015625 0.12890625 -0.09765625
v 0.16015625 0.12890625 -0.01953125
v 0.16015625 0.13671875 -0.15234375
v 0.16015625 0.13671875 -0.12109375
v 0.16015625 0.16015625 -0.06640625
v 0.16015625 0.16796875 -0.05859375
v 0.16015625 0.17578125 -0.03515625
v 0.16015625 0.19140625 -0.16015625
v 0.16015625 0.19140625 -0.02734375
v 0.16015625 0.22265625 -0.17578125
v 0.16015625 0.22265625 -0.01171875
v 0.16015625 0.23046875 -0.18359375
v 0.16015625 0.26171875 -0.16015625
v 0.16015625 0.26171875 -0.15234375
v 0.16015625 0.26953125 -0.14453125
v 0.16015625 0.26953125 0.00390625
v 0.16015625 0.27734375 -0.15234375
v 0.16015625 0.28515625 -0.15234375
v 0.16015625 0.28515625 -0.14453125
v 0.16015625 0.28515625 -0.13671875
v 0.16015625 0.28515625 0.02734375
v 0.16015625 0.30078125 -0.13671875
v 0.16015625 0.30859375 0.05078125
v 0.16015625 0.31640625 -0.11328125
v 0.16015625 0.31640625 -0.09765625
v 0.16015625 0.31640625 0.06640625
v 0.16015625 0.32421875 -0.07421875
v 0.16015625 0.33203125 -0.08203125
v 0.16015625 0.33203125 -0.05859375
v 0.16015625 0.33203125 0.07421875
v 0.16015625 0.33984375 0.05078125
v 0.16015625 0.34765625 0.04296875
v 0.16015625 0.34765625 0.05078125
v 0.16015625 0.35546875 -0.01953125
v 0.16015625 0.35546875 -0.01171875
v 0.16015625 0.36328125 -0.00390625
v 0.16015625 0.36328125 0.01953125
v 0.16015625 0.37109375 0.00390625
v 0.16796875 -0.49609375 -0.06640625
v 0.16796875 -0.49609375 -0.05859375
v 0.16796875 -0.49609375 0.03515625
v 0.16796875 -0.48828125 -0.01171875
v 0.16796875 -0.48046875 -0.06640625
v 0.16796875 -0.48046875 0.02734375
v 0.16796875 -0.45703125 0.00390625
v 0.16796875 -0.44921875 -0.05859375
v 0.16796875 -0.44140625 0.00390625
v 0.16796875 -0.42578125 0.00390625
v 0.16796875 -0.38671875 -0.07421875
v 0.16796875 -0.37109375 -0.07421875
v 0.16796875 -0.34765625 0.03515625
v 0.16796875 -0.32421875 0.08984375
v 0.16796875 -0.31640625 -0.12109375
v 0.16796875 -0.31640625 0.03515625
v 0.16796875 -0.31640625 0.07421875
v 0.16796875 -0.30859375 -0.11328125
v 0.16796875 -0.30859375 0.04296875
v 0.16796875 -0.30859375 0.06640625
v 0.16796875 -0.30078125 -0.13671875
v 0.16796875 -0.30078125 -0.12109375
v 0.16796875 -0.30078125 -0.11328125
v 0.16796875 -0.30078125 0.03515625
v 0.16796875 -0.30078125 0.05078125
v 0.16796875 -0.29296875 -0.12890625
v 0.16796875 -0.29296875 -0.10546875
v 0.16796875 -0.29296875 -0.07421875
v 0.16796875 -0.29296875 -0.03515625
v 0.16796875 -0.29296875 -0.01953125
v 0.16796875 -0.29296875 -0.01171875
v 0.16796875 -0.28515625 -0.11328125
v 0.16796875 -0.28515625 -0.10546875
v 0.16796875 -0.28515625 -0.08984375
v 0.16796875 -0.28515625 -0.05078125
v 0.16796875 -0.28515625 0.08203125
v 0.16796875 -0.27734375 -0.11328125
v 0.16796875 -0.27734375 -0.10546875
v 0.16796875 -0.27734375 -0.09765625
v 0.16796875 -0.26953125 -0.12109375
v 0.16796875 -0.26953125 -0.08203125
v 0.16796875 -0.26953125 -0.04296875
v 0.16796875 -0.26953125 0.07421875
v 0.16796875 -0.26171875 -0.09765625
v 0.16796875 -0.26171875 -0.01953125
v 0.16796875 -0.26171875 0.05859375
v 0.16796875 -0.26171875 0.06640625
v 0.16796875 -0.25390625 -0.12109375
v 0.16796875 -0.25390625 -0.06640625
v 0.16796875 -0.25390625 0.01953125
v 0.16796875 -0.24609375 -0.13671875
v 0.16796875 -0.24609375 -0.08203125
v 0.16796875 -0.24609375 -0.06640625
v 0.16796875 -0.24609375 0.05859375
v 0.16796875 -0.23828125 -0.08984375
v 0.16796875 -0.23828125 -0.08203125
v 0.16796875 -0.23046875 -0.10546875
v 0.16796875 -0.23046875 -0.05859375
v 0.16796875 -0.22265625 -0.12890625
v 0.16796875 -0.20703125 -0.11328125
v 0.16796875 -0.20703125 -0.10546875
v 0.16796875 -0.18359375 -0.08203125
v 0.16796875 -0.18359375 -0.06640625
v 0.16796875 -0.18359375 -0.05859375
v 0.16796875 -0.18359375 -0.05078125
v 0.16796875 -0.14453125 0.02734375
v 0.16796875 -0.10546875 -0.01171875
v 0.16796875 -0.09765625 -0.05078125
v 0.16796875 -0.08203125 -0.00390625
v 0.16796875 -0.07421875 -0.05859375
v 0.16796875 -0.07421875 -0.00390625
v 0.16796875 -0.06640625 -0.05859375
v 0.16796875 -0.05859375 -0.00390625
v 0.16796875 0.01953125 -0.03515625
v 0.16796875 0.04296875 -0.00390625
v 0.16796875 0.06640625 -0.08203125
v 0.16796875 0.10546875 -0.07421875
v 0.16796875 0.12109375 -0.10546875
v 0.16796875 0.12109375 -0.08203125
v 0.16796875 0.12109375 -0.02734375
v 0.16796875 0.12890625 -0.08984375
v 0.16796875 0.13671875 -0.12890625
v 0.16796875 0.13671875 -0.04296875
v 0.16796875 0.14453125 -0.16015625
v 0.16796875 0.14453125 -0.14453125
v 0.16796875 0.14453125 -0.05859375
v 0.16796875 0.16015625 -0.16796875
v 0.16796875 0.16015625 -0.04296875
v 0.16796875 0.17578125 -0.16015625
v 0.16796875 0.20703125 -0.16796875
v 0.16796875 0.23828125 -0.16796875
v 0.16796875 0.25390625 -0.16015625
v 0.16796875 0.25390625 -0.00390625
v 0.16796875 0.26171875 -0.14453125
v 0.16796875 0.27734375 -0.14453125
v 0.16796875 0.27734375 0.01953125
v 0.16796875 0.27734375 0.03515625
v 0.16796875 0.28515625 0.03515625
v 0.16796875 0.30078125 -0.12890625
v 0.16796875 0.30078125 -0.12109375
v 0.16796875 0.30078125 0.04296875
v 0.16796875 0.30859375 -0.12890625
v 0.16796875 0.30859375 -0.10546875
v 0.16796875 0.31640625 -0.06640625
v 0.16796875 0.32421875 -0.08203125
v 0.16796875 0.33203125 -0.08203125
v 0.16796875 0.33203125 0.05859375
v 0.16796875 0.33984375 -0.05078125
v 0.16796875 0.33984375 0.02734375
v 0.16796875 0.34765625 -0.04296875
v 0.16796875 0.34765625 0.02734375
v 0.16796875 0.34765625 0.03515625
v 0.16796875 0.34765625 0.05078125
v 0.16796875 0.35546875 -0.01953125
v 0.16796875 0.35546875 0.01171875
v 0.16796875 0.36328125 0.01171875
v 0.16796875 0.37109375 0.01171875
v 0.17578125 -0.49609375 -0.05078125
v 0.17578125 -0.49609375 -0.01953125
v 0.17578125 -0.49609375 0.00390625
v 0.17578125 -0.49609375 0.02734375
v 0.17578125 -0.49609375 0.05859375
v 0.17578125 -0.48046875 -0.06640625
v 0.17578125 -0.48046875 0.05078125
v 0.17578125 -0.46484375 -0.06640625
v 0.17578125 -0.41796875 -0.06640625
v 0.17578125 -0.36328125 0.02734375
v 0.17578125 -0.34765625 -0.06640625
v 0.17578125 -0.33203125 0.03515625
v 0.17578125 -0.31640625 -0.10546875
v 0.17578125 -0.30859375 -0.10546875
v 0.17578125 -0.30859375 -0.09765625
v 0.17578125 -0.30859375 -0.05078125
v 0.17578125 -0.30859375 -0.04296875
v 0.17578125 -0.30859375 -0.03515625
v 0.17578125 -0.30859375 -0.01953125
v 0.17578125 -0.30859375 0.04296875
v 0.17578125 -0.30859375 0.08203125
v 0.17578125 -0.30078125 -0.09765625
v 0.17578125 -0.30078125 -0.08984375
v 0.17578125 -0.30078125 -0.05859375
v 0.17578125 -0.30078125 0.05078125
v 0.17578125 -0.29296875 -0.11328125
v 0.17578125 -0.29296875 -0.10546875
v 0.17578125 -0.29296875 -0.09765625
v 0.17578125 -0.29296875 -0.00390625
v 0.17578125 -0.28515625 -0.12890625
v 0.17578125 -0.28515625 -0.11328125
v 0.17578125 -0.28515625 -0.08984375
v 0.17578125 -0.28515625 -0.08203125
v 0.17578125 -0.28515625 -0.05078125
v 0.17578125 -0.28515625 -0.02734375
v 0.17578125 -0.28515625 0.05859375
v 0.17578125 -0.27734375 0.02734375
v 0.17578125 -0.26953125 -0.12890625
v 0.17578125 -0.26953125 -0.12109375
v 0.17578125 -0.26953125 -0.10546875
v 0.17578125 -0.26953125 -0.07421875
v 0.17578125 -0.26171875 -0.08984375
v 0.17578125 -0.26171875 0.05859375
v 0.17578125 -0.25390625 -0.12109375
v 0.17578125 -0.24609375 -0.12890625
v 0.17578125 -0.24609375 -0.10546875
v 0.17578125 -0.24609375 0.05859375
v 0.17578125 -0.23828125 -0.07421875
v 0.17578125 -0.23046875 -0.11328125
v 0.17578125 -0.23046875 -0.06640625
v 0.17578125 -0.22265625 -0.12109375
v 0.17578125 -0.21484375 -0.07421875
v 0.17578125 -0.21484375 0.05078125
v 0.17578125 -0.20703125 -0.06640625
v 0.17578125 -0.20703125 0.03515625
v 0.17578125 -0.19921875 -0.12109375
v 0.17578125 -0.17578125 -0.03515625
v 0.17578125 -0.17578125 -0.00390625
v 0.17578125 -0.17578125 0.01171875
v 0.17578125 -0.12890625 -0.05078125
v 0.17578125 0.01171875 -0.06640625
v 0.17578125 0.02734375 -0.01171875
v 0.17578125 0.05859375 0.00390625
v 0.17578125 0.08984375 -0.08203125
v 0.17578125 0.08984375 0.00390625
v 0.17578125 0.09765625 -0.01171875
v 0.17578125 0.11328125 -0.11328125
v 0.17578125 0.11328125 -0.06640625
v 0.17578125 0.12109375 -0.12109375
v 0.17578125 0.12109375 -0.07421875
v 0.17578125 0.12109375 -0.03515625
v 0.17578125 0.12890625 -0.12890625
v 0.17578125 0.12890625 -0.10546875
v 0.17578125 0.13671875 -0.07421875
v 0.17578125 0.15234375 -0.15234375
v 0.17578125 0.15234375 -0.05859375
v 0.17578125 0.16796875 -0.15234375
v 0.17578125 0.19921875 -0.16015625
v 0.17578125 0.20703125 -0.01953125
v 0.17578125 0.21484375 -0.16015625
v 0.17578125 0.23046875 -0.16015625
v 0.17578125 0.24609375 -0.15234375
v 0.17578125 0.26171875 0.01171875
v 0.17578125 0.26953125 0.02734375
v 0.17578125 0.29296875 -0.13671875
v 0.17578125 0.30859375 -0.10546875
v 0.17578125 0.30859375 -0.08203125
v 0.17578125 0.30859375 0.05859375
v 0.17578125 0.31640625 -0.07421875
v 0.17578125 0.31640625 0.06640625
v 0.17578125 0.32421875 0.04296875
v 0.17578125 0.32421875 0.05078125
v 0.17578125 0.33203125 -0.05859375
v 0.17578125 0.33203125 -0.00390625
v 0.17578125 0.33203125 0.03515625
v 0.17578125 0.33203125 0.05078125
v 0.17578125 0.33984375 0.01171875
v 0.17578125 0.33984375 0.05078125
v 0.17578125 0.34765625 -0.03515625
v 0.17578125 0.34765625 -0.00390625
v 0.17578125 0.34765625 0.00390625
v 0.17578125 0.34765625 0.01171875
v 0.17578125 0.35546875 -0.02734375
v 0.17578125 0.35546875 0.00390625
v 0.17578125 0.36328125 -0.00390625
v 0.17578125 0.37109375 0.00390625
v 0.18359375 -0.49609375 -0.07421875
v 0.18359375 -0.49609375 -0.06640625
v 0.18359375 -0.49609375 0.06640625
v 0.18359375 -0.48046875 -0.07421875
v 0.18359375 -0.48046875 0.07421875
v 0.18359375 -0.46484375 -0.07421875
v 0.18359375 -0.46484375 0.04296875
v 0.18359375 -0.44921875 0.01953125
v 0.18359375 -0.44140625 -0.06640625
v 0.18359375 -0.44140625 0.01171875
v 0.18359375 -0.41796875 -0.06640625
v 0.18359375 -0.41796875 0.01171875
v 0.18359375 -0.38671875 -0.07421875
v 0.18359375 -0.36328125 -0.07421875
v 0.18359375 -0.33984375 0.02734375
v 0.18359375 -0.32421875 -0.04296875
v 0.18359375 -0.32421875 0.03515625
v 0.18359375 -0.31640625 -0.05859375
v 0.18359375 -0.30859375 -0.09765625
v 0.18359375 -0.30859375 -0.08984375
v 0.18359375 -0.30859375 -0.05859375
v 0.18359375 -0.30859375 -0.04296875
v 0.18359375 -0.30859375 -0.01171875
v 0.18359375 -0.30859375 0.04296875
v 0.18359375 -0.30078125 -0.12109375
v 0.18359375 -0.30078125 -0.08984375
v 0.18359375 -0.30078125 -0.07421875
v 0.18359375 -0.30078125 0.05078125
v 0.18359375 -0.29296875 -0.12890625
v 0.18359375 -0.29296875 0.05859375
v 0.18359375 -0.28515625 -0.12109375
v 0.18359375 -0.28515625 -0.11328125
v 0.18359375 -0.28515625 -0.09765625
v 0.18359375 -0.28515625 -0.07421875
v 0.18359375 -0.28515625 0.06640625
v 0.18359375 -0.27734375 -0.06640625
v 0.18359375 -0.26953125 -0.12109375
v 0.18359375 -0.26953125 -0.10546875
v 0.18359375 -0.26953125 -0.08984375
v 0.18359375 -0.26953125 0.06640625
v 0.18359375 -0.26171875 -0.12890625
v 0.18359375 -0.26171875 0.07421875
v 0.18359375 -0.25390625 -0.05078125
v 0.18359375 -0.25390625 -0.00390625
v 0.18359375 -0.25390625 0.06640625
v 0.18359375 -0.24609375 -0.11328125
v 0.18359375 -0.23828125 0.05859375
v 0.18359375 -0.23046875 0.05859375
v 0.18359375 -0.22265625 -0.04296875
v 0.18359375 -0.20703125 -0.09765625
v 0.18359375 -0.20703125 -0.06640625
v 0.18359375 -0.20703125 -0.05078125
v 0.18359375 -0.16015625 0.01953125
v 0.18359375 -0.13671875 -0.01171875
v 0.18359375 -0.01171875 -0.05078125
v 0.18359375 0.00390625 -0.07421875
v 0.18359375 0.00390625 -0.04296875
v 0.18359375 0.03515625 -0.08203125
v 0.18359375 0.06640625 -0.00390625
v 0.18359375 0.11328125 -0.12890625
v 0.18359375 0.11328125 -0.12109375
v 0.18359375 0.11328125 -0.01953125
v 0.18359375 0.12109375 -0.12890625
v 0.18359375 0.12109375 -0.11328125
v 0.18359375 0.12109375 -0.05859375
v 0.18359375 0.12109375 -0.04296875
v 0.18359375 0.12890625 -0.08203125
v 0.18359375 0.14453125 -0.14453125
v 0.18359375 0.14453125 -0.12890625
v 0.18359375 0.14453125 -0.09765625
v 0.18359375 0.14453125 -0.08984375
v 0.18359375 0.14453125 -0.02734375
v 0.18359375 0.16796875 -0.01953125
v 0.18359375 0.18359375 -0.01953125
v 0.18359375 0.19140625 -0.14453125
v 0.18359375 0.22265625 -0.15234375
v 0.18359375 0.23046875 -0.16015625
v 0.18359375 0.23046875 -0.15234375
v 0.18359375 0.23828125 -0.00390625
v 0.18359375 0.24609375 -0.14453125
v 0.18359375 0.26171875 -0.14453125
v 0.18359375 0.26171875 0.02734375
v 0.18359375 0.26953125 -0.14453125
v 0.18359375 0.26953125 0.04296875
v 0.18359375 0.27734375 -0.15234375
v 0.18359375 0.27734375 -0.13671875
v 0.18359375 0.28515625 -0.14453125
v 0.18359375 0.28515625 -0.12890625
v 0.18359375 0.28515625 0.04296875
v 0.18359375 0.29296875 0.04296875
v 0.18359375 0.30078125 -0.11328125
v 0.18359375 0.30078125 -0.07421875
v 0.18359375 0.30859375 -0.06640625
v 0.18359375 0.30859375 0.05859375
v 0.18359375 0.31640625 -0.09765625
v 0.18359375 0.31640625 -0.05859375
v 0.18359375 0.31640625 -0.01953125
v 0.18359375 0.32421875 0.04296875
v 0.18359375 0.33203125 -0.01171875
v 0.18359375 0.33203125 0.01953125
v 0.18359375 0.33984375 -0.05078125
v 0.18359375 0.33984375 0.03515625
v 0.18359375 0.34765625 -0.01953125
v 0.18359375 0.34765625 -0.01171875
v 0.19140625 -0.49609375 -0.03515625
v 0.19140625 -0.48046875 0.08203125
v 0.19140625 -0.46484375 -0.06640625
v 0.19140625 -0.44140625 -0.06640625
v 0.19140625 -0.35546875 0.02734375
v 0.19140625 -0.33984375 -0.05859375
v 0.19140625 -0.32421875 -0.04296875
v 0.19140625 -0.32421875 -0.02734375
v 0.19140625 -0.31640625 -0.03515625
v 0.19140625 -0.30859375 -0.09765625
v 0.19140625 -0.30859375 -0.08984375
v 0.19140625 -0.30859375 -0.06640625
v 0.19140625 -0.30078125 -0.11328125
v 0.19140625 -0.30078125 -0.09765625
v 0.19140625 -0.30078125 -0.08203125
v 0.19140625 -0.29296875 -0.12109375
v 0.19140625 -0.29296875 -0.11328125
v 0.19140625 -0.29296875 -0.10546875
v 0.19140625 -0.29296875 -0.09765625
v 0.19140625 -0.29296875 0.05078125
v 0.19140625 -0.29296875 0.07421875
v 0.19140625 -0.28515625 -0.11328125
v 0.19140625 -0.28515625 -0.10546875
v 0.19140625 -0.28515625 -0.08984375
v 0.19140625 -0.28515625 -0.06640625
v 0.19140625 -0.28515625 0.03515625
v 0.19140625 -0.28515625 0.07421875
v 0.19140625 -0.27734375 -0.12890625
v 0.19140625 -0.27734375 -0.05859375
v 0.19140625 -0.27734375 0.01171875
v 0.19140625 -0.26953125 -0.11328125
v 0.19140625 -0.26953125 0.08203125
v 0.19140625 -0.25390625 -0.08203125
v 0.19140625 -0.25390625 -0.02734375
v 0.19140625 -0.25390625 0.05078125
v 0.19140625 -0.23828125 0.04296875
v 0.19140625 -0.23828125 0.05078125
v 0.19140625 -0.22265625 -0.10546875
v 0.19140625 -0.19921875 0.01953125
v 0.19140625 -0.18359375 0.03515625
v 0.19140625 -0.13671875 -0.00390625
v 0.19140625 -0.05078125 -0.04296875
v 0.19140625 -0.02734375 -0.07421875
v 0.19140625 -0.02734375 -0.05078125
v 0.19140625 -0.00390625 -0.07421875
v 0.19140625 0.00390625 -0.02734375
v 0.19140625 0.01171875 -0.08984375
v 0.19140625 0.03515625 -0.00390625
v 0.19140625 0.08203125 -0.01171875
v 0.19140625 0.09765625 -0.01171875
v 0.19140625 0.10546875 -0.12890625
v 0.19140625 0.11328125 -0.12890625
v 0.19140625 0.11328125 -0.12109375
v 0.19140625 0.11328125 -0.02734375
v 0.19140625 0.12109375 -0.12890625
v 0.19140625 0.12890625 -0.11328125
v 0.19140625 0.13671875 -0.12890625
v 0.19140625 0.13671875 -0.11328125
v 0.19140625 0.14453125 -0.12109375
v 0.19140625 0.14453125 -0.06640625
v 0.19140625 0.14453125 -0.04296875
v 0.19140625 0.15234375 -0.13671875
v 0.19140625 0.15234375 -0.12890625
v 0.19140625 0.16015625 -0.15234375
v 0.19140625 0.16796875 -0.14453125
v 0.19140625 0.17578125 -0.14453125
v 0.19140625 0.17578125 -0.01171875
v 0.19140625 0.18359375 -0.01171875
v 0.19140625 0.19921875 -0.13671875
v 0.19140625 0.20703125 -0.14453125
v 0.19140625 0.23046875 -0.14453125
v 0.19140625 0.24609375 -0.13671875
v 0.19140625 0.24609375 -0.12890625
v 0.19140625 0.24609375 0.01171875
v 0.19140625 0.26171875 -0.14453125
v 0.19140625 0.26171875 0.04296875
v 0.19140625 0.26953125 -0.14453125
v 0.19140625 0.26953125 -0.12890625
v 0.19140625 0.27734375 -0.15234375
v 0.19140625 0.27734375 0.04296875
v 0.19140625 0.28515625 -0.12109375
v 0.19140625 0.28515625 0.03515625
v 0.19140625 0.29296875 0.02734375
v 0.19140625 0.30078125 0.01953125
v 0.19140625 0.30859375 -0.11328125
v 0.19140625 0.30859375 -0.08984375
v 0.19140625 0.30859375 -0.04296875
v 0.19140625 0.30859375 0.04296875
v 0.19140625 0.31640625 -0.10546875
v 0.19140625 0.31640625 0.03515625
v 0.19140625 0.31640625 0.05859375
v 0.19140625 0.32421875 -0.05078125
v 0.19140625 0.32421875 -0.02734375
v 0.19140625 0.32421875 0.00390625
v 0.19140625 0.32421875 0.02734375
v 0.19140625 0.33203125 -0.03515625
v 0.19140625 0.33203125 -0.01953125
v 0.19140625 0.33984375 -0.02734375
v 0.19921875 -0.49609375 -0.05859375
v 0.19921875 -0.49609375 0.05078125
v 0.19921875 -0.49609375 0.07421875
v 0.19921875 -0.48046875 -0.06640625
v 0.19921875 -0.47265625 0.06640625
v 0.19921875 -0.44140625 0.01171875
v 0.19921875 -0.43359375 0.01171875
v 0.19921875 -0.41796875 -0.05859375
v 0.19921875 -0.41015625 0.01171875
v 0.19921875 -0.38671875 -0.06640625
v 0.19921875 -0.36328125 -0.06640625
v 0.19921875 -0.33984375 -0.04296875
v 0.19921875 -0.32421875 -0.03515625
v 0.19921875 -0.32421875 0.02734375
v 0.19921875 -0.31640625 -0.08203125
v 0.19921875 -0.30859375 -0.08984375
v 0.19921875 -0.30859375 -0.07421875
v 0.19921875 -0.30859375 0.02734375
v 0.19921875 -0.30859375 0.04296875
v 0.19921875 -0.30078125 -0.08984375
v 0.19921875 -0.30078125 -0.06640625
v 0.19921875 -0.30078125 0.05078125
v 0.19921875 -0.30078125 0.07421875
v 0.19921875 -0.29296875 -0.05859375
v 0.19921875 -0.29296875 0.01171875
v 0.19921875 -0.29296875 0.03515625
v 0.19921875 -0.29296875 0.06640625
v 0.19921875 -0.29296875 0.08203125
v 0.19921875 -0.28515625 -0.08203125
v 0.19921875 -0.28515625 0.05078125
v 0.19921875 -0.27734375 -0.07421875
v 0.19921875 -0.27734375 -0.05078125
v 0.19921875 -0.27734375 -0.03515625
v 0.19921875 -0.27734375 -0.01953125
v 0.19921875 -0.27734375 -0.00390625
v 0.19921875 -0.27734375 0.01171875
v 0.19921875 -0.27734375 0.05859375
v 0.19921875 -0.26953125 -0.09765625
v 0.19921875 -0.26953125 -0.08203125
v 0.19921875 -0.26953125 0.04296875
v 0.19921875 -0.26953125 0.05078125
v 0.19921875 -0.26171875 -0.01171875
v 0.19921875 -0.26171875 0.05859375
v 0.19921875 -0.25390625 -0.04296875
v 0.19921875 -0.25390625 0.04296875
v 0.19921875 -0.25390625 0.05078125
v 0.19921875 -0.25390625 0.06640625
v 0.19921875 -0.24609375 0.05859375
v 0.19921875 -0.23828125 -0.11328125
v 0.19921875 -0.23828125 -0.06640625
v 0.19921875 -0.22265625 -0.09765625
v 0.19921875 -0.20703125 -0.03515625
v 0.19921875 -0.20703125 0.04296875
v 0.19921875 -0.19921875 -0.00390625
v 0.19921875 -0.17578125 -0.05078125
v 0.19921875 -0.15234375 0.01953125
v 0.19921875 -0.07421875 -0.04296875
v 0.19921875 -0.05859375 -0.07421875
v 0.19921875 -0.01953125 -0.02734375
v 0.19921875 -0.00390625 -0.02734375
v 0.19921875 0.00390625 -0.09765625
v 0.19921875 0.05859375 -0.08203125
v 0.19921875 0.08203125 -0.01171875
v 0.19921875 0.09765625 -0.05859375
v 0.19921875 0.10546875 -0.04296875
v 0.19921875 0.10546875 -0.01171875
v 0.19921875 0.11328125 -0.12109375
v 0.19921875 0.12890625 -0.12109375
v 0.19921875 0.13671875 -0.12109375
v 0.19921875 0.14453125 -0.10546875
v 0.19921875 0.15234375 -0.01171875
v 0.19921875 0.16796875 -0.12890625
v 0.19921875 0.16796875 -0.01171875
v 0.19921875 0.17578125 -0.13671875
v 0.19921875 0.17578125 -0.00390625
v 0.19921875 0.18359375 -0.12109375
v 0.19921875 0.19140625 -0.12890625
v 0.19921875 0.19140625 -0.00390625
v 0.19921875 0.19921875 -0.12109375
v 0.19921875 0.20703125 -0.01171875
v 0.19921875 0.21484375 -0.13671875
v 0.19921875 0.22265625 -0.14453125
v 0.19921875 0.22265625 -0.01171875
v 0.19921875 0.23828125 -0.13671875
v 0.19921875 0.24609375 0.02734375
v 0.19921875 0.25390625 0.03515625
v 0.19921875 0.26953125 -0.12109375
v 0.19921875 0.28515625 0.01953125
v 0.19921875 0.29296875 -0.07421875
v 0.19921875 0.29296875 -0.06640625
v 0.19921875 0.30078125 -0.12109375
v 0.19921875 0.30078125 -0.08203125
v 0.19921875 0.30859375 -0.09765625
v 0.19921875 0.30859375 -0.05078125
v 0.19921875 0.30859375 0.01953125
v 0.19921875 0.31640625 -0.11328125
v 0.19921875 0.31640625 -0.01953125
v 0.19921875 0.31640625 -0.01171875
v 0.19921875 0.31640625 0.01171875
v 0.20703125 -0.49609375 -0.03515625
v 0.20703125 -0.48046875 0.08203125
v 0.20703125 -0.46484375 -0.05078125
v 0.20703125 -0.45703125 0.04296875
v 0.20703125 -0.44140625 -0.05078125
v 0.20703125 -0.43359375 -0.00390625
v 0.20703125 -0.33984375 -0.01953125
v 0.20703125 -0.33984375 0.01953125
v 0.20703125 -0.31640625 -0.08203125
v 0.20703125 -0.31640625 -0.04296875
v 0.20703125 -0.31640625 -0.01171875
v 0.20703125 -0.31640625 0.05078125
v 0.20703125 -0.30859375 -0.06640625
v 0.20703125 -0.30859375 -0.05859375
v 0.20703125 -0.30859375 -0.05078125
v 0.20703125 -0.30078125 -0.08203125
v 0.20703125 -0.30078125 -0.07421875
v 0.20703125 -0.30078125 -0.05859375
v 0.20703125 -0.30078125 -0.05078125
v 0.20703125 -0.30078125 0.01171875
v 0.20703125 -0.29296875 -0.12109375
v 0.20703125 -0.29296875 -0.07421875
v 0.20703125 -0.29296875 -0.06640625
v 0.20703125 -0.29296875 -0.03515625
v 0.20703125 -0.29296875 -0.02734375
v 0.20703125 -0.29296875 -0.01953125
v 0.20703125 -0.29296875 -0.00390625
v 0.20703125 -0.29296875 0.00390625
v 0.20703125 -0.29296875 0.08984375
v 0.20703125 -0.28515625 -0.08203125
v 0.20703125 -0.28515625 -0.05078125
v 0.20703125 -0.28515625 -0.01171875
v 0.20703125 -0.28515625 -0.00390625
v 0.20703125 -0.28515625 0.01953125
v 0.20703125 -0.28515625 0.04296875
v 0.20703125 -0.28515625 0.06640625
v 0.20703125 -0.27734375 -0.08203125
v 0.20703125 -0.27734375 -0.06640625
v 0.20703125 -0.27734375 -0.02734375
v 0.20703125 -0.26953125 -0.12109375
v 0.20703125 -0.26953125 -0.04296875
v 0.20703125 -0.26953125 0.04296875
v 0.20703125 -0.26953125 0.05078125
v 0.20703125 -0.26953125 0.06640625
v 0.20703125 -0.26953125 0.07421875
v 0.20703125 -0.26171875 -0.09765625
v 0.20703125 -0.26171875 0.03515625
v 0.20703125 -0.25390625 -0.12109375
v 0.20703125 -0.25390625 -0.06640625
v 0.20703125 -0.24609375 -0.01171875
v 0.20703125 -0.24609375 0.03515625
v 0.20703125 -0.23828125 -0.09765625
v 0.20703125 -0.23046875 0.01953125
v 0.20703125 -0.22265625 0.04296875
v 0.20703125 -0.19921875 -0.07421875
v 0.20703125 -0.19140625 0.01953125
v 0.20703125 -0.17578125 -0.01171875
v 0.20703125 -0.17578125 0.02734375
v 0.20703125 -0.16796875 -0.00390625
v 0.20703125 -0.12890625 0.00390625
v 0.20703125 -0.08203125 -0.06640625
v 0.20703125 -0.04296875 -0.01953125
v 0.20703125 -0.02734375 -0.09765625
v 0.20703125 0.01953125 -0.01953125
v 0.20703125 0.06640625 -0.01953125
v 0.20703125 0.08203125 -0.01953125
v 0.20703125 0.08984375 -0.04296875
v 0.20703125 0.08984375 -0.01171875
v 0.20703125 0.09765625 -0.03515625
v 0.20703125 0.13671875 -0.12109375
v 0.20703125 0.13671875 -0.11328125
v 0.20703125 0.14453125 -0.12109375
v 0.20703125 0.14453125 -0.08203125
v 0.20703125 0.14453125 -0.06640625
v 0.20703125 0.15234375 -0.12109375
v 0.20703125 0.15234375 -0.09765625
v 0.20703125 0.16015625 -0.12890625
v 0.20703125 0.19921875 -0.12109375
v 0.20703125 0.22265625 -0.13671875
v 0.20703125 0.22265625 -0.12109375
v 0.20703125 0.22265625 -0.00390625
v 0.20703125 0.23046875 0.00390625
v 0.20703125 0.23828125 -0.12890625
v 0.20703125 0.23828125 0.01953125
v 0.20703125 0.25390625 -0.12890625
v 0.20703125 0.26953125 -0.11328125
v 0.20703125 0.26953125 0.03515625
v 0.20703125 0.27734375 -0.07421875
v 0.20703125 0.27734375 0.02734375
v 0.20703125 0.28515625 -0.11328125
v 0.20703125 0.28515625 -0.08203125
v 0.20703125 0.29296875 -0.08984375
v 0.20703125 0.29296875 0.00390625
v 0.20703125 0.30078125 -0.11328125
v 0.20703125 0.30078125 -0.03515625
v 0.20703125 0.30078125 0.00390625
v 0.20703125 0.30859375 0.00390625
v 0.21484375 -0.49609375 -0.04296875
v 0.21484375 -0.49609375 -0.01171875
v 0.21484375 -0.49609375 0.01953125
v 0.21484375 -0.48046875 -0.05078125
v 0.21484375 -0.46484375 -0.03515625
v 0.21484375 -0.44140625 -0.04296875
v 0.21484375 -0.44140625 -0.02734375
v 0.21484375 -0.44140625 -0.00390625
v 0.21484375 -0.41015625 -0.04296875
v 0.21484375 -0.41015625 -0.00390625
v 0.21484375 -0.37890625 -0.05078125
v 0.21484375 -0.37890625 0.00390625
v 0.21484375 -0.35546875 -0.05078125
v 0.21484375 -0.34765625 0.01171875
v 0.21484375 -0.32421875 0.01171875
v 0.21484375 -0.31640625 -0.01953125
v 0.21484375 -0.30859375 -0.05859375
v 0.21484375 -0.30859375 0.03515625
v 0.21484375 -0.30859375 0.05859375
v 0.21484375 -0.30078125 -0.07421875
v 0.21484375 -0.30078125 -0.06640625
v 0.21484375 -0.30078125 -0.05859375
v 0.21484375 -0.30078125 -0.04296875
v 0.21484375 -0.30078125 -0.03515625
v 0.21484375 -0.30078125 -0.02734375
v 0.21484375 -0.30078125 0.02734375
v 0.21484375 -0.30078125 0.08984375
v 0.21484375 -0.29296875 -0.07421875
v 0.21484375 -0.29296875 -0.06640625
v 0.21484375 -0.29296875 -0.05859375
v 0.21484375 -0.29296875 -0.05078125
v 0.21484375 -0.29296875 -0.04296875
v 0.21484375 -0.29296875 -0.01171875
v 0.21484375 -0.29296875 0.05859375
v 0.21484375 -0.29296875 0.07421875
v 0.21484375 -0.28515625 -0.07421875
v 0.21484375 -0.28515625 -0.06640625
v 0.21484375 -0.28515625 -0.05859375
v 0.21484375 -0.28515625 -0.01953125
v 0.21484375 -0.28515625 0.04296875
v 0.21484375 -0.28515625 0.08203125
v 0.21484375 -0.27734375 -0.07421875
v 0.21484375 -0.27734375 -0.05078125
v 0.21484375 -0.27734375 -0.01171875
v 0.21484375 -0.27734375 0.03515625
v 0.21484375 -0.26953125 -0.06640625
v 0.21484375 -0.26953125 -0.04296875
v 0.21484375 -0.26171875 0.00390625
v 0.21484375 -0.25390625 -0.05078125
v 0.21484375 -0.25390625 0.04296875
v 0.21484375 -0.24609375 0.00390625
v 0.21484375 -0.24609375 0.01171875
v 0.21484375 -0.24609375 0.01953125
v 0.21484375 -0.23828125 -0.07421875
v 0.21484375 -0.23828125 0.04296875
v 0.21484375 -0.23046875 -0.01171875
v 0.21484375 -0.23046875 -0.00390625
v 0.21484375 -0.22265625 -0.07421875
v 0.21484375 -0.19921875 0.01953125
v 0.21484375 -0.19140625 -0.05078125
v 0.21484375 -0.19140625 -0.01171875
v 0.21484375 -0.15234375 -0.00390625
v 0.21484375 -0.15234375 0.02734375
v 0.21484375 -0.13671875 -0.01171875
v 0.21484375 -0.12890625 0.01953125
v 0.21484375 -0.12109375 -0.01953125
v 0.21484375 -0.12109375 -0.01171875
v 0.21484375 -0.10546875 -0.02734375
v 0.21484375 -0.06640625 -0.01171875
v 0.21484375 -0.05078125 -0.08984375
v 0.21484375 0.01171875 -0.01953125
v 0.21484375 0.03515625 -0.08984375
v 0.21484375 0.06640625 -0.06640625
v 0.21484375 0.06640625 -0.02734375
v 0.21484375 0.08203125 -0.03515625
v 0.21484375 0.13671875 -0.11328125
v 0.21484375 0.14453125 -0.11328125
v 0.21484375 0.14453125 -0.05859375
v 0.21484375 0.14453125 -0.02734375
v 0.21484375 0.15234375 -0.11328125
v 0.21484375 0.15234375 -0.00390625
v 0.21484375 0.16796875 0.00390625
v 0.21484375 0.17578125 -0.11328125
v 0.21484375 0.18359375 -0.00390625
v 0.21484375 0.19921875 -0.00390625
v 0.21484375 0.22265625 -0.11328125
v 0.21484375 0.22265625 0.00390625
v 0.21484375 0.23046875 0.01171875
v 0.21484375 0.23828125 -0.12109375
v 0.21484375 0.24609375 0.01953125
v 0.21484375 0.24609375 0.02734375
v 0.21484375 0.25390625 -0.12109375
v 0.21484375 0.26171875 -0.09765625
v 0.21484375 0.26953125 -0.09765625
v 0.21484375 0.26953125 0.01171875
v 0.21484375 0.28515625 -0.10546875
v 0.21484375 0.28515625 -0.05859375
v 0.21484375 0.28515625 -0.02734375
v 0.21484375 0.28515625 -0.00390625
v 0.21484375 0.29296875 -0.04296875
v 0.21484375 0.29296875 -0.00390625
v 0.21484375 0.30078125 -0.02734375
v 0.21484375 0.30078125 -0.00390625
v 0.21484375 0.31640625 -0.01171875
v 0.22265625 -0.49609375 0.06640625
v 0.22265625 -0.47265625 -0.03515625
v 0.22265625 -0.44921875 -0.02734375
v 0.22265625 -0.41015625 -0.03515625
v 0.22265625 -0.37890625 -0.02734375
v 0.22265625 -0.35546875 -0.02734375
v 0.22265625 -0.32421875 0.04296875
v 0.22265625 -0.32421875 0.05859375
v 0.22265625 -0.30859375 0.03515625
v 0.22265625 -0.30859375 0.05078125
v 0.22265625 -0.30078125 -0.06640625
v 0.22265625 -0.30078125 -0.04296875
v 0.22265625 -0.30078125 -0.01171875
v 0.22265625 -0.29296875 -0.06640625
v 0.22265625 -0.29296875 -0.05859375
v 0.22265625 -0.29296875 -0.04296875
v 0.22265625 -0.29296875 -0.02734375
v 0.22265625 -0.29296875 0.00390625
v 0.22265625 -0.29296875 0.02734375
v 0.22265625 -0.29296875 0.05078125
v 0.22265625 -0.28515625 -0.07421875
v 0.22265625 -0.28515625 -0.06640625
v 0.22265625 -0.27734375 -0.05859375
v 0.22265625 -0.27734375 -0.04296875
v 0.22265625 -0.27734375 0.03515625
v 0.22265625 -0.26953125 -0.05078125
v 0.22265625 -0.26953125 0.01953125
v 0.22265625 -0.26171875 -0.07421875
v 0.22265625 -0.26171875 -0.01171875
v 0.22265625 -0.26171875 0.01171875
v 0.22265625 -0.26171875 0.02734375
v 0.22265625 -0.26171875 0.05078125
v 0.22265625 -0.25390625 -0.02734375
v 0.22265625 -0.25390625 -0.01953125
v 0.22265625 -0.24609375 -0.03515625
v 0.22265625 -0.24609375 -0.00390625
v 0.22265625 -0.23828125 0.02734375
v 0.22265625 -0.23046875 -0.04296875
v 0.22265625 -0.23046875 -0.03515625
v 0.22265625 -0.23046875 -0.00390625
v 0.22265625 -0.22265625 -0.03515625
v 0.22265625 -0.22265625 -0.02734375
v 0.22265625 -0.22265625 0.00390625
v 0.22265625 -0.21484375 -0.05859375
v 0.22265625 -0.21484375 -0.04296875
v 0.22265625 -0.21484375 -0.01171875
v 0.22265625 -0.21484375 -0.00390625
v 0.22265625 -0.21484375 0.01953125
v 0.22265625 -0.20703125 -0.04296875
v 0.22265625 -0.20703125 -0.00390625
v 0.22265625 -0.20703125 0.00390625
v 0.22265625 -0.18359375 -0.00390625
v 0.22265625 -0.17578125 0.01953125
v 0.22265625 -0.16796875 0.02734375
v 0.22265625 -0.15234375 -0.04296875
v 0.22265625 -0.15234375 -0.00390625
v 0.22265625 -0.13671875 -0.04296875
v 0.22265625 -0.13671875 0.02734375
v 0.22265625 -0.12109375 0.01171875
v 0.22265625 -0.11328125 -0.05078125
v 0.22265625 -0.11328125 0.01953125
v 0.22265625 -0.10546875 -0.00390625
v 0.22265625 -0.09765625 -0.00390625
v 0.22265625 -0.07421875 -0.08984375
v 0.22265625 -0.03515625 -0.01171875
v 0.22265625 -0.01171875 -0.01953125
v 0.22265625 0.00390625 -0.02734375
v 0.22265625 0.01171875 -0.09765625
v 0.22265625 0.04296875 -0.02734375
v 0.22265625 0.06640625 -0.04296875
v 0.22265625 0.14453125 -0.07421875
v 0.22265625 0.15234375 -0.05859375
v 0.22265625 0.15234375 -0.03515625
v 0.22265625 0.15234375 -0.01171875
v 0.22265625 0.15234375 -0.00390625
v 0.22265625 0.16015625 -0.08203125
v 0.22265625 0.16015625 0.00390625
v 0.22265625 0.16796875 -0.10546875
v 0.22265625 0.16796875 -0.09765625
v 0.22265625 0.16796875 -0.02734375
v 0.22265625 0.17578125 -0.10546875
v 0.22265625 0.17578125 -0.08203125
v 0.22265625 0.17578125 -0.03515625
v 0.22265625 0.17578125 0.00390625
v 0.22265625 0.18359375 -0.08984375
v 0.22265625 0.18359375 -0.06640625
v 0.22265625 0.19140625 -0.11328125
v 0.22265625 0.19140625 -0.00390625
v 0.22265625 0.19921875 -0.08984375
v 0.22265625 0.20703125 -0.12109375
v 0.22265625 0.20703125 -0.00390625
v 0.22265625 0.22265625 -0.00390625
v 0.22265625 0.22265625 0.01171875
v 0.22265625 0.23046875 -0.09765625
v 0.22265625 0.23046875 0.01953125
v 0.22265625 0.23828125 -0.08203125
v 0.22265625 0.24609375 -0.12890625
v 0.22265625 0.24609375 -0.10546875
v 0.22265625 0.24609375 0.01171875
v 0.22265625 0.24609375 0.01953125
v 0.22265625 0.25390625 -0.11328125
v 0.22265625 0.25390625 -0.08984375
v 0.22265625 0.25390625 -0.07421875
v 0.22265625 0.25390625 0.01171875
v 0.22265625 0.25390625 0.01953125
v 0.22265625 0.26171875 -0.05078125
v 0.22265625 0.26171875 0.02734375
v 0.22265625 0.26953125 -0.02734375
v 0.22265625 0.26953125 -0.01171875
v 0.22265625 0.26953125 0.01953125
v 0.22265625 0.27734375 -0.03515625
v 0.22265625 0.27734375 -0.01953125
v 0.22265625 0.29296875 -0.01171875
v 0.22265625 0.30078125 -0.01953125
v 0.23046875 -0.49609375 -0.01953125
v 0.23046875 -0.30859375 -0.05859375
v 0.23046875 -0.30859375 0.01953125
v 0.23046875 -0.30078125 -0.05859375
v 0.23046875 -0.30078125 -0.05078125
v 0.23046875 -0.30078125 -0.02734375
v 0.23046875 -0.29296875 -0.06640625
v 0.23046875 -0.29296875 -0.05078125
v 0.23046875 -0.29296875 -0.04296875
v 0.23046875 -0.29296875 -0.02734375
v 0.23046875 -0.29296875 -0.01171875
v 0.23046875 -0.29296875 0.03515625
v 0.23046875 -0.28515625 -0.05859375
v 0.23046875 -0.28515625 -0.02734375
v 0.23046875 -0.28515625 -0.01171875
v 0.23046875 -0.27734375 -0.07421875
v 0.23046875 -0.27734375 -0.05078125
v 0.23046875 -0.27734375 -0.04296875
v 0.23046875 -0.27734375 -0.03515625
v 0.23046875 -0.27734375 -0.01171875
v 0.23046875 -0.27734375 -0.00390625
v 0.23046875 -0.27734375 0.01171875
v 0.23046875 -0.27734375 0.01953125
v 0.23046875 -0.27734375 0.02734375
v 0.23046875 -0.26953125 -0.03515625
v 0.23046875 -0.26953125 -0.01953125
v 0.23046875 -0.26953125 0.00390625
v 0.23046875 -0.26953125 0.01171875
v 0.23046875 -0.26953125 0.03515625
v 0.23046875 -0.26171875 -0.00390625
v 0.23046875 -0.26171875 0.00390625
v 0.23046875 -0.25390625 0.03515625
v 0.23046875 -0.24609375 -0.04296875
v 0.23046875 -0.23046875 -0.06640625
v 0.23046875 -0.23046875 -0.05078125
v 0.23046875 -0.22265625 -0.05078125
v 0.23046875 -0.22265625 -0.02734375
v 0.23046875 -0.22265625 -0.01953125
v 0.23046875 -0.22265625 0.00390625
v 0.23046875 -0.22265625 0.01171875
v 0.23046875 -0.21484375 -0.06640625
v 0.23046875 -0.21484375 -0.05078125
v 0.23046875 -0.21484375 -0.03515625
v 0.23046875 -0.21484375 -0.01953125
v 0.23046875 -0.21484375 -0.01171875
v 0.23046875 -0.21484375 0.01171875
v 0.23046875 -0.20703125 -0.03515625
v 0.23046875 -0.20703125 -0.02734375
v 0.23046875 -0.20703125 -0.01953125
v 0.23046875 -0.20703125 -0.00390625
v 0.23046875 -0.19921875 -0.05078125
v 0.23046875 -0.19921875 -0.04296875
v 0.23046875 -0.19921875 -0.01171875
v 0.23046875 -0.19140625 -0.03515625
v 0.23046875 -0.16796875 -0.04296875
v 0.23046875 -0.16015625 -0.05078125
v 0.23046875 -0.14453125 -0.05078125
v 0.23046875 -0.14453125 0.00390625
v 0.23046875 -0.14453125 0.02734375
v 0.23046875 -0.13671875 0.02734375
v 0.23046875 -0.12109375 -0.05859375
v 0.23046875 -0.12109375 0.01953125
v 0.23046875 -0.12109375 0.02734375
v 0.23046875 -0.10546875 0.00390625
v 0.23046875 -0.09765625 -0.07421875
v 0.23046875 -0.08984375 -0.00390625
v 0.23046875 -0.05859375 -0.01171875
v 0.23046875 -0.01171875 -0.09765625
v 0.23046875 0.02734375 -0.02734375
v 0.23046875 0.04296875 -0.06640625
v 0.23046875 0.04296875 -0.04296875
v 0.23046875 0.14453125 -0.07421875
v 0.23046875 0.14453125 -0.06640625
v 0.23046875 0.15234375 -0.07421875
v 0.23046875 0.15234375 -0.01953125
v 0.23046875 0.15234375 -0.01171875
v 0.23046875 0.16015625 -0.07421875
v 0.23046875 0.16015625 -0.06640625
v 0.23046875 0.16015625 -0.05078125
v 0.23046875 0.16796875 -0.07421875
v 0.23046875 0.16796875 -0.06640625
v 0.23046875 0.16796875 -0.01953125
v 0.23046875 0.16796875 -0.00390625
v 0.23046875 0.17578125 -0.01953125
v 0.23046875 0.18359375 -0.05078125
v 0.23046875 0.18359375 -0.00390625
v 0.23046875 0.19140625 -0.10546875
v 0.23046875 0.19140625 -0.07421875
v 0.23046875 0.19140625 -0.01171875
v 0.23046875 0.19921875 -0.05859375
v 0.23046875 0.20703125 -0.11328125
v 0.23046875 0.20703125 -0.09765625
v 0.23046875 0.20703125 -0.08984375
v 0.23046875 0.21484375 -0.05859375
v 0.23046875 0.22265625 -0.09765625
v 0.23046875 0.22265625 0.00390625
v 0.23046875 0.23046875 -0.08203125
v 0.23046875 0.23046875 -0.05859375
v 0.23046875 0.23046875 -0.00390625
v 0.23046875 0.23046875 0.01171875
v 0.23046875 0.23828125 -0.01171875
v 0.23046875 0.24609375 -0.06640625
v 0.23046875 0.25390625 -0.04296875
v 0.23046875 0.25390625 -0.01171875
v 0.23046875 0.26171875 -0.01953125
v 0.23046875 0.26953125 0.00390625
v 0.23046875 0.30859375 -0.01953125
v 0.23828125 -0.49609375 0.01953125
v 0.23828125 -0.49609375 0.04296875
v 0.23828125 -0.48046875 0.06640625
v 0.23828125 -0.46484375 -0.00390625
v 0.23828125 -0.46484375 0.03515625
v 0.23828125 -0.30078125 -0.04296875
v 0.23828125 -0.30078125 0.00390625
v 0.23828125 -0.29296875 -0.05859375
v 0.23828125 -0.29296875 -0.02734375
v 0.23828125 -0.29296875 -0.00390625
v 0.23828125 -0.29296875 0.01953125
v 0.23828125 -0.28515625 -0.07421875
v 0.23828125 -0.28515625 -0.04296875
v 0.23828125 -0.28515625 -0.01953125
v 0.23828125 -0.28515625 0.00390625
v 0.23828125 -0.27734375 -0.03515625
v 0.23828125 -0.27734375 -0.02734375
v 0.23828125 -0.26953125 -0.05859375
v 0.23828125 -0.26953125 -0.02734375
v 0.23828125 -0.24609375 -0.06640625
v 0.23828125 -0.23828125 0.00390625
v 0.23828125 -0.23046875 -0.03515625
v 0.23828125 -0.22265625 -0.05859375
v 0.23828125 -0.22265625 -0.05078125
v 0.23828125 -0.22265625 0.00390625
v 0.23828125 -0.21484375 -0.05859375
v 0.23828125 -0.21484375 -0.04296875
v 0.23828125 -0.21484375 -0.02734375
v 0.23828125 -0.20703125 -0.05078125
v 0.23828125 -0.20703125 0.01171875
v 0.23828125 -0.19921875 -0.03515625
v 0.23828125 -0.19921875 -0.02734375
v 0.23828125 -0.19921875 0.00390625
v 0.23828125 -0.19140625 0.01953125
v 0.23828125 -0.16796875 0.02734375
v 0.23828125 -0.16015625 0.00390625
v 0.23828125 -0.15234375 0.01953125
v 0.23828125 -0.14453125 0.02734375
v 0.23828125 -0.13671875 0.01953125
v 0.23828125 -0.12109375 0.01953125
v 0.23828125 -0.11328125 0.01953125
v 0.23828125 -0.04296875 -0.09765625
v 0.23828125 0.01171875 -0.02734375
v 0.23828125 0.01953125 -0.08203125
v 0.23828125 0.14453125 -0.07421875
v 0.23828125 0.17578125 -0.02734375
v 0.23828125 0.18359375 -0.01171875
v 0.23828125 0.19140625 -0.04296875
v 0.23828125 0.19140625 -0.01171875
v 0.23828125 0.19921875 -0.05078125
v 0.23828125 0.20703125 -0.08203125
v 0.23828125 0.20703125 -0.06640625
v 0.23828125 0.20703125 -0.00390625
v 0.23828125 0.22265625 -0.06640625
v 0.23828125 0.22265625 -0.04296875
v 0.23828125 0.23046875 0.00390625
v 0.23828125 0.23828125 -0.03515625
v 0.23828125 0.24609375 -0.01953125
v 0.23828125 0.24609375 0.00390625
v 0.23828125 0.25390625 0.00390625
v 0.24609375 -0.49609375 0.05859375
v 0.24609375 -0.31640625 0.01171875
v 0.24609375 -0.30078125 -0.06640625
v 0.24609375 -0.30078125 -0.03515625
v 0.24609375 -0.30078125 -0.02734375
v 0.24609375 -0.28515625 -0.06640625
v 0.24609375 -0.28515625 -0.03515625
v 0.24609375 -0.28515625 0.00390625
v 0.24609375 -0.22265625 -0.02734375
v 0.24609375 -0.21484375 -0.03515625
v 0.24609375 -0.21484375 -0.01953125
v 0.24609375 -0.21484375 0.00390625
v 0.24609375 -0.20703125 -0.02734375
v 0.24609375 -0.19921875 -0.04296875
v 0.24609375 -0.19140625 0.01953125
v 0.24609375 -0.17578125 -0.05078125
v 0.24609375 -0.16796875 0.02734375
v 0.24609375 -0.16015625 -0.05078125
v 0.24609375 -0.14453125 -0.05078125
v 0.24609375 -0.14453125 0.02734375
v 0.24609375 -0.12890625 0.02734375
v 0.24609375 -0.12109375 -0.05859375
v 0.24609375 -0.11328125 0.01171875
v 0.24609375 -0.10546875 0.00390625
v 0.24609375 -0.09765625 -0.07421875
v 0.24609375 -0.09765625 -0.01171875
v 0.24609375 -0.07421875 -0.08984375
v 0.24609375 -0.05859375 -0.01953125
v 0.24609375 -0.03515625 -0.01953125
v 0.24609375 -0.01171875 -0.02734375
v 0.24609375 0.02734375 -0.04296875
v 0.24609375 0.19140625 -0.02734375
v 0.24609375 0.19921875 -0.01953125
v 0.24609375 0.20703125 -0.03515625
v 0.24609375 0.20703125 -0.01171875
v 0.24609375 0.21484375 -0.08203125
v 0.24609375 0.22265625 -0.01953125
v 0.24609375 0.23046875 -0.02734375
v 0.24609375 0.23046875 -0.01171875
v 0.25390625 -0.49609375 0.01953125
v 0.25390625 -0.49609375 0.05078125
v 0.25390625 -0.48828125 0.01171875
v 0.25390625 -0.48046875 0.02734375
v 0.25390625 -0.48046875 0.05859375
v 0.25390625 -0.29296875 -0.03515625
v 0.25390625 -0.21484375 -0.05078125
v 0.25390625 -0.20703125 0.01171875
v 0.25390625 -0.19140625 -0.04296875
v 0.25390625 -0.15234375 0.01953125
v 0.25390625 -0.12890625 0.01953125
v 0.25390625 -0.11328125 -0.00390625
v 0.25390625 -0.00390625 -0.08203125
v 0.25390625 0.01171875 -0.04296875
v 0.26171875 -0.49609375 0.02734375
v 0.26171875 -0.18359375 -0.01953125
v 0.26171875 -0.17578125 -0.00390625
v 0.26171875 -0.16796875 -0.04296875
v 0.26171875 -0.16796875 0.01953125
v 0.26171875 -0.15234375 -0.05078125
v 0.26171875 -0.14453125 0.01171875
v 0.26171875 -0.13671875 -0.04296875
v 0.26171875 -0.12890625 0.00390625
v 0.26171875 -0.12109375 -0.01171875
v 0.26171875 -0.11328125 -0.05078125
v 0.26171875 -0.10546875 -0.01953125
v 0.26171875 -0.08984375 -0.06640625
v 0.26171875 -0.05859375 -0.07421875
v 0.26171875 -0.05859375 -0.02734375
v 0.26171875 -0.03515625 -0.02734375
v 0.26171875 -0.02734375 -0.08203125
v 0.26171875 -0.00390625 -0.03515625
v 0.26953125 -0.16015625 -0.02734375
v 0.26953125 -0.15234375 -0.00390625
v 0.26953125 -0.14453125 -0.02734375
v 0.26953125 -0.13671875 -0.01171875
v 0.26953125 -0.12890625 -0.02734375
v 0.26953125 -0.10546875 -0.03515625
v 0.26953125 -0.06640625 -0.04296875
v 0.26953125 -0.05078125 -0.05078125
v 0.26953125 -0.01953125 -0.05859375
f 313 278 314
f 313 314 341
f 314 278 242
f 278 313 241
f 313 341 315
f 341 314 343
f 314 242 279
f 242 278 241
f 241 313 315
f 315 341 316
f 341 343 316
f 343 314 342
f 314 279 342
f 279 242 244
f 242 241 243
f 241 315 316
f 316 343 317
f 343 342 345
f 342 279 344
f 279 244 201
f 244 242 243
f 243 241 316
f 316 317 245
f 317 343 345
f 345 342 344
f 344 279 280
f 279 201 280
f 201 244 245
f 244 243 245
f 243 316 245
f 245 317 166
f 317 345 347
f 345 344 346
f 344 280 346
f 280 201 165
f 201 245 166
f 166 317 347
f 347 345 387
f 345 346 387
f 346 280 281
f 280 165 281
f 165 201 166
f 166 347 247
f 347 387 348
f 387 346 318
f 346 281 318
f 281 165 246
f 165 166 203
f 166 247 203
f 247 347 319
f 347 348 319
f 348 387 318
f 318 281 246
f 246 165 202
f 165 203 202
f 203 247 205
f 247 319 282
f 319 348 350
f 348 318 349
f 318 246 349
f 246 202 204
f 202 203 205
f 205 247 282
f 282 319 321
f 319 350 392
f 350 348 388
f 348 349 388
f 349 246 320
f 246 204 248
f 204 202 205
f 205 282 249
f 282 321 249
f 321 319 392
f 392 350 390
f 350 388 390
f 388 349 351
f 349 320 351
f 320 246 248
f 248 204 206
f 204 205 206
f 205 249 206
f 249 321 353
f 321 392 353
f 392 390 391
f 390 388 351
f 351 320 352
f 320 248 322
f 248 206 322
f 206 249 207
f 249 353 208
f 353 392 354
f 392 391 354
f 391 390 389
f 390 351 389
f 351 352 391
f 352 320 322
f 322 206 323
f 206 207 323
f 207 249 208
f 208 353 356
f 353 354 356
f 354 391 352
f 391 389 351
f 352 322 354
f 322 323 354
f 323 207 324
f 207 208 167
f 208 356 209
f 356 354 397
f 354 323 397
f 323 324 397
f 324 207 167
f 167 208 209
f 209 356 360
f 356 397 360
f 397 324 406
f 324 167 283
f 167 209 168
f 209 360 210
f 360 397 406
f 406 324 283
f 283 167 168
f 168 209 210
f 210 360 362
f 360 406 361
f 406 283 361
f 283 168 284
f 168 210 211
f 210 362 211
f 362 360 361
f 361 283 284
f 284 168 169
f 168 211 169
f 211 362 326
f 362 361 325
f 361 284 325
f 284 169 170
f 169 211 171
f 211 326 212
f 326 362 325
f 325 284 250
f 284 170 250
f 170 169 149
f 169 171 149
f 171 211 172
f 211 212 172
f 212 326 285
f 326 325 327
f 325 250 327
f 250 170 174
f 170 149 172
f 149 171 172
f 172 212 173
f 212 285 213
f 285 326 327
f 327 250 251
f 250 174 215
f 174 170 172
f 172 173 174
f 173 212 213
f 213 285 286
f 285 327 286
f 327 251 328
f 251 250 215
f 215 174 175
f 174 173 175
f 173 213 176
f 213 286 214
f 286 327 328
f 328 251 252
f 251 215 177
f 215 175 177
f 175 173 176
f 176 213 214
f 214 286 288
f 286 328 287
f 328 252 287
f 252 251 177
f 177 175 178
f 175 176 178
f 176 214 179
f 214 288 216
f 288 286 287
f 287 252 217
f 252 177 217
f 177 178 181
f 178 176 179
f 179 214 216
f 216 288 253
f 288 287 289
f 287 217 290
f 217 177 181
f 181 178 150
f 178 179 150
f 179 216 180
f 216 253 180
f 253 288 289
f 289 287 290
f 290 217 330
f 217 181 151
f 181 150 151
f 150 179 180
f 180 253 182
f 253 289 329
f 289 290 329
f 290 330 329
f 330 217 218
f 217 151 218
f 151 150 152
f 150 180 152
f 180 182 152
f 182 253 254
f 253 329 254
f 329 330 291
f 330 218 183
f 218 151 153
f 151 152 153
f 152 182 154
f 182 254 154
f 254 329 291
f 291 330 255
f 330 183 255
f 183 218 153
f 153 152 126
f 152 154 126
f 154 254 219
f 254 291 219
f 291 255 292
f 255 183 221
f 183 153 106
f 153 126 106
f 126 154 155
f 154 219 220
f 219 291 292
f 292 255 221
f 221 183 156
f 183 106 156
f 106 126 107
f 126 155 107
f 155 154 220
f 220 219 292
f 292 221 293
f 221 156 157
f 156 106 157
f 106 107 108
f 107 155 127
f 155 220 184
f 220 292 293
f 293 221 256
f 221 157 256
f 157 106 109
f 106 108 109
f 108 107 127
f 127 155 184
f 184 220 257
f 220 293 257
f 293 256 257
f 256 157 158
f 157 109 129
f 109 108 86
f 108 127 86
f 127 184 128
f 184 257 185
f 257 256 258
f 256 158 258
f 158 157 129
f 129 109 86
f 86 127 128
f 128 184 185
f 185 257 259
f 257 258 259
f 258 158 188
f 158 129 112
f 129 86 110
f 86 128 110
f 128 185 131
f 185 259 262
f 259 258 297
f 258 188 297
f 188 158 112
f 112 129 110
f 110 128 131
f 131 185 189
f 185 262 189
f 262 259 297
f 297 188 264
f 188 112 187
f 112 110 87
f 110 131 87
f 131 189 114
f 189 262 190
f 262 297 299
f 297 264 299
f 264 188 187
f 187 112 113
f 112 87 74
f 87 131 75
f 131 114 75
f 114 189 190
f 190 262 265
f 262 299 265
f 299 264 224
f 264 187 296
f 187 113 222
f 113 112 74
f 74 87 75
f 75 114 65
f 114 190 117
f 190 265 191
f 265 299 300
f 299 224 266
f 224 264 298
f 264 296 298
f 296 187 222
f 222 113 111
f 113 74 116
f 74 75 76
f 75 65 76
f 65 114 117
f 117 190 191
f 191 265 225
f 265 300 225
f 300 299 266
f 266 224 303
f 224 298 268
f 298 296 333
f 296 222 332
f 222 111 260
f 111 113 115
f 113 116 115
f 116 74 76
f 76 65 77
f 65 117 77
f 117 191 136
f 191 225 136
f 225 300 226
f 300 266 226
f 266 303 269
f 303 224 193
f 224 268 193
f 268 298 302
f 298 333 302
f 333 296 332
f 332 222 260
f 260 111 130
f 111 115 133
f 115 116 161
f 116 76 134
f 76 77 88
f 77 117 136
f 136 225 226
f 226 266 269
f 269 303 334
f 303 193 304
f 193 268 134
f 268 302 161
f 302 333 367
f 333 332 413
f 332 260 412
f 260 130 159
f 130 111 133
f 133 115 192
f 115 161 192
f 161 116 134
f 134 76 88
f 88 77 89
f 77 136 135
f 136 226 135
f 226 269 227
f 269 334 227
f 334 303 416
f 303 304 416
f 304 193 194
f 193 134 194
f 134 268 161
f 161 302 192
f 302 367 192
f 367 333 413
f 413 332 412
f 412 260 294
f 260 159 294
f 159 130 132
f 130 133 132
f 133 192 132
f 134 88 137
f 88 89 90
f 89 77 135
f 135 226 227
f 227 334 229
f 334 416 335
f 416 304 305
f 304 194 228
f 194 134 137
f 192 367 267
f 367 413 491
f 413 412 575
f 412 294 574
f 294 159 186
f 159 132 160
f 132 192 267
f 137 88 90
f 90 89 91
f 89 135 91
f 135 227 138
f 227 229 138
f 229 334 335
f 335 416 503
f 416 305 503
f 305 304 228
f 228 194 137
f 267 367 491
f 491 413 575
f 575 412 574
f 574 294 365
f 294 186 365
f 186 159 160
f 160 132 267
f 137 90 139
f 90 91 118
f 91 135 138
f 138 229 140
f 229 335 270
f 335 503 421
f 503 305 373
f 305 228 230
f 228 137 139
f 267 491 301
f 491 575 940
f 575 574 809
f 574 365 681
f 365 186 261
f 186 160 223
f 160 267 301
f 139 90 118
f 118 91 92
f 91 138 92
f 138 140 92
f 140 229 270
f 270 335 336
f 335 421 336
f 421 503 504
f 503 373 504
f 373 305 306
f 305 230 306
f 230 228 139
f 301 491 492
f 491 940 577
f 940 575 809
f 809 574 681
f 681 365 331
f 365 261 331
f 261 186 223
f 223 160 301
f 139 118 141
f 118 92 93
f 92 140 119
f 140 270 162
f 270 336 271
f 336 421 423
f 421 504 423
f 504 373 337
f 373 306 337
f 306 230 272
f 230 139 141
f 301 492 366
f 492 491 577
f 577 940 1065
f 940 809 1171
f 809 681 1171
f 681 331 573
f 331 261 295
f 261 223 295
f 223 301 263
f 141 118 120
f 118 93 120
f 93 92 78
f 92 119 78
f 119 140 162
f 162 270 195
f 270 271 195
f 271 336 307
f 336 423 307
f 423 504 510
f 504 337 510
f 337 306 273
f 306 272 273
f 272 230 231
f 230 141 163
f 301 366 263
f 366 492 578
f 492 577 578
f 577 1065 943
f 1065 940 1171
f 1171 681 1280
f 681 573 1063
f 573 331 490
f 331 295 490
f 295 223 263
f 141 120 143
f 120 93 95
f 93 78 94
f 78 119 94
f 119 162 142
f 162 195 142
f 195 271 232
f 271 307 274
f 307 423 428
f 423 510 428
f 510 337 380
f 337 273 308
f 273 272 275
f 272 231 234
f 231 230 163
f 163 141 143
f 263 366 414
f 366 578 576
f 578 577 943
f 943 1065 1379
f 1065 1171 1378
f 1171 1280 1378
f 1280 681 1063
f 1063 573 1064
f 573 490 1064
f 490 295 263
f 143 120 96
f 120 95 96
f 95 93 94
f 94 119 142
f 142 195 233
f 195 232 233
f 232 271 274
f 274 307 308
f 307 428 381
f 428 510 380
f 380 337 308
f 308 273 275
f 275 272 234
f 234 231 163
f 163 143 144
f 263 414 490
f 414 366 576
f 576 578 810
f 578 943 810
f 943 1379 1177
f 1379 1065 1378
f 1378 1280 1489
f 1280 1063 1489
f 1063 1064 1490
f 1064 490 414
f 143 96 121
f 96 95 98
f 95 94 79
f 94 142 97
f 142 233 145
f 233 232 236
f 232 274 236
f 274 308 309
f 308 307 381
f 381 428 380
f 380 308 381
f 308 275 309
f 275 234 235
f 234 163 144
f 144 143 121
f 414 576 941
f 576 810 942
f 810 943 944
f 943 1177 684
f 1177 1379 1597
f 1379 1378 1695
f 1378 1489 1695
f 1489 1063 1490
f 1490 1064 1491
f 1064 414 941
f 121 96 98
f 98 95 81
f 95 79 67
f 79 94 97
f 97 142 99
f 142 145 99
f 145 233 236
f 236 274 309
f 309 275 235
f 235 234 164
f 234 144 164
f 144 121 164
f 941 576 942
f 942 810 944
f 944 943 683
f 943 684 683
f 684 1177 811
f 1177 1597 1381
f 1597 1379 1697
f 1379 1695 1697
f 1695 1489 1589
f 1489 1490 1589
f 1490 1491 1693
f 1491 1064 941
f 121 98 101
f 98 81 101
f 81 95 67
f 67 79 66
f 79 97 66
f 97 99 82
f 99 145 236
f 236 309 310
f 309 235 310
f 235 164 147
f 164 121 101
f 941 942 1281
f 942 944 1175
f 944 683 687
f 683 684 581
f 684 811 415
f 811 1177 1178
f 1177 1381 1178
f 1381 1597 1701
f 1597 1697 1905
f 1697 1695 1905
f 1695 1589 1694
f 1589 1490 1693
f 1693 1491 1696
f 1491 941 1281
f 101 81 83
f 81 67 68
f 67 66 38
f 66 97 80
f 97 82 80
f 82 99 100
f 99 236 146
f 236 310 196
f 310 235 276
f 235 147 276
f 147 164 101
f 1281 942 1175
f 1175 944 682
f 944 687 580
f 687 683 581
f 581 684 500
f 684 415 500
f 415 811 497
f 811 1178 947
f 1178 1381 1385
f 1381 1701 1598
f 1701 1597 1815
f 1597 1905 1815
f 1905 1695 1902
f 1695 1694 1902
f 1694 1589 1692
f 1589 1693 1692
f 1693 1696 1808
f 1696 1491 1595
f 1491 1281 1595
f 101 83 58
f 83 81 68
f 68 67 55
f 67 38 55
f 38 66 37
f 66 80 50
f 80 82 50
f 82 100 69
f 100 99 146
f 146 236 196
f 196 310 311
f 310 276 432
f 276 147 237
f 147 101 84
f 1281 1175 1380
f 1175 682 946
f 682 944 580
f 580 687 586
f 687 581 496
f 581 500 418
f 500 415 368
f 415 497 368
f 497 811 947
f 947 1178 950
f 1178 1385 1180
f 1385 1381 1498
f 1381 1598 1498
f 1598 1701 1702
f 1701 1815 1702
f 1815 1905 2121
f 1905 1902 2007
f 1902 1694 2006
f 1694 1692 1806
f 1692 1693 1807
f 1693 1808 1807
f 1808 1696 1907
f 1696 1595 1907
f 1595 1281 1380
f 101 58 84
f 58 83 71
f 83 68 70
f 68 55 70
f 55 38 39
f 38 37 51
f 37 66 50
f 50 82 56
f 82 69 56
f 69 100 102
f 100 146 102
f 146 196 103
f 196 311 197
f 311 310 432
f 432 276 338
f 276 237 338
f 237 147 148
f 147 84 148
f 1380 1175 1176
f 1175 946 1176
f 946 682 686
f 682 580 493
f 580 586 495
f 586 687 496
f 496 581 418
f 418 500 369
f 500 368 372
f 368 497 370
f 497 947 583
f 947 950 583
f 950 1178 1180
f 1180 1385 1389
f 1385 1498 1600
f 1498 1598 1600
f 1598 1702 1600
f 1702 1815 1601
f 1815 2121 2123
f 2121 1905 2319
f 1905 2007 2319
f 2007 1902 2316
f 1902 2006 2316
f 2006 1694 1806
f 1806 1692 1805
f 1692 1807 1805
f 1807 1808 2216
f 1808 1907 2216
f 1907 1595 1909
f 1595 1380 1599
f 84 58 42
f 58 71 41
f 71 83 102
f 83 70 102
f 70 55 57
f 55 39 52
f 39 38 51
f 51 37 50
f 50 56 51
f 56 69 57
f 69 102 70
f 102 146 103
f 103 196 197
f 197 311 238
f 311 432 382
f 432 338 514
f 338 237 339
f 237 148 239
f 148 84 85
f 1380 1176 1384
f 1176 946 812
f 946 686 688
f 686 682 493
f 493 580 495
f 495 586 502
f 586 496 499
f 496 418 499
f 418 369 499
f 369 500 371
f 500 372 506
f 372 368 370
f 370 497 420
f 497 583 420
f 583 950 588
f 950 1180 1071
f 1180 1389 1071
f 1389 1385 1502
f 1385 1600 1502
f 1600 1702 1601
f 1601 1815 1705
f 1815 2123 1705
f 2123 2121 2492
f 2121 2319 2414
f 2319 2007 2317
f 2007 2316 2317
f 2316 2006 2315
f 2006 1806 2116
f 1806 1805 1804
f 1805 1807 2005
f 1807 2216 2005
f 2216 1907 2218
f 1907 1909 2120
f 1909 1595 1599
f 1599 1380 1384
f 84 42 85
f 42 58 40
f 58 41 40
f 41 71 59
f 71 102 103
f 70 57 69
f 57 55 52
f 52 39 51
f 51 56 52
f 56 57 52
f 103 197 122
f 197 238 198
f 238 311 312
f 311 382 312
f 382 432 514
f 514 338 433
f 338 339 433
f 339 237 239
f 239 148 123
f 148 85 123
f 1384 1176 1174
f 1176 812 949
f 812 946 688
f 688 686 585
f 686 493 494
f 493 495 417
f 495 502 417
f 502 586 590
f 586 499 590
f 499 369 419
f 369 371 374
f 371 500 506
f 506 372 422
f 372 370 422
f 370 420 422
f 420 583 588
f 588 950 693
f 950 1071 693
f 1071 1389 1286
f 1389 1502 1708
f 1502 1600 1601
f 1601 1705 1706
f 1705 2123 1817
f 2123 2492 2495
f 2492 2121 2414
f 2414 2319 2666
f 2319 2317 2665
f 2317 2316 2755
f 2316 2315 2755
f 2315 2006 2116
f 2116 1806 1901
f 1806 1804 1901
f 1804 1805 2005
f 2005 2216 2411
f 2216 2218 2488
f 2218 1907 2120
f 2120 1909 1812
f 1909 1599 1384
f 85 42 60
f 42 40 17
f 40 41 17
f 41 59 18
f 59 71 104
f 71 103 104
f 103 122 104
f 122 197 198
f 198 238 199
f 238 312 277
f 312 382 434
f 382 514 611
f 514 433 714
f 433 339 612
f 339 239 277
f 239 123 200
f 123 85 105
f 1384 1174 1383
f 1174 1176 1069
f 1176 949 1069
f 949 812 685
f 812 688 582
f 688 585 689
f 585 686 494
f 494 493 417
f 417 502 501
f 502 590 692
f 590 499 419
f 419 369 374
f 374 371 424
f 371 506 424
f 506 422 594
f 422 420 592
f 420 588 592
f 588 693 592
f 693 1071 814
f 1071 1286 1074
f 1286 1389 1504
f 1389 1708 1504
f 1708 1502 1706
f 1502 1601 1706
f 1706 1705 1819
f 1705 1817 1819
f 1817 2123 2127
f 2123 2495 2498
f 2495 2492 2845
f 2492 2414 2670
f 2414 2666 2670
f 2666 2319 2575
f 2319 2665 2575
f 2665 2317 2755
f 2755 2315 2754
f 2315 2116 2314
f 2116 1901 2115
f 1901 1804 1803
f 1804 2005 2004
f 2005 2411 2004
f 2411 2216 2485
f 2216 2488 2485
f 2488 2218 2490
f 2218 2120 2490
f 2120 1812 2012
f 1812 1909 1596
f 1909 1384 1596
f 85 60 105
f 60 42 19
f 42 17 19
f 17 41 18
f 18 59 43
f 59 104 72
f 104 122 124
f 122 198 124
f 198 199 124
f 199 238 240
f 238 277 240
f 277 312 383
f 312 434 383
f 434 382 611
f 611 514 714
f 714 433 612
f 612 339 435
f 339 277 383
f 277 239 240
f 239 200 240
f 200 123 125
f 123 105 125
f 1384 1383 1596
f 1383 1174 1172
f 1174 1069 1066
f 1069 949 813
f 949 685 813
f 685 812 579
f 812 582 579
f 582 688 689
f 689 585 501
f 585 494 501
f 494 417 501
f 501 502 692
f 692 590 695
f 590 419 505
f 419 374 505
f 374 424 505
f 424 506 425
f 506 594 427
f 594 422 592
f 592 693 594
f 693 814 697
f 814 1071 1074
f 1074 1286 1291
f 1286 1504 1291
f 1504 1708 1605
f 1708 1706 1819
f 1819 1817 2127
f 2127 2123 2498
f 2498 2495 2848
f 2495 2845 2848
f 2845 2492 2840
f 2492 2670 2840
f 2670 2666 2577
f 2666 2575 2839
f 2575 2665 2837
f 2665 2755 3006
f 2755 2754 3006
f 2754 2315 2314
f 2314 2116 2115
f 2115 1901 1900
f 1901 1803 1900
f 1803 1804 2004
f 2004 2411 2410
f 2411 2485 2756
f 2485 2488 2758
f 2488 2490 2758
f 2490 2120 2012
f 2012 1812 1594
f 1812 1596 1594
f 105 60 72
f 60 19 44
f 19 17 7
f 17 18 1
f 18 43 8
f 43 59 72
f 72 104 105
f 104 124 105
f 124 199 125
f 199 240 200
f 383 434 614
f 434 611 715
f 611 714 837
f 714 612 1099
f 612 435 838
f 435 339 383
f 200 125 199
f 125 105 124
f 1596 1383 1497
f 1383 1172 1173
f 1172 1174 1066
f 1066 1069 1068
f 1069 813 948
f 813 685 584
f 685 579 498
f 579 582 498
f 582 689 587
f 689 501 692
f 692 695 593
f 695 590 505
f 505 424 375
f 424 425 375
f 425 506 508
f 506 427 508
f 427 594 509
f 594 693 697
f 697 814 699
f 814 1074 816
f 1074 1291 1077
f 1291 1504 1505
f 1504 1605 1505
f 1605 1708 1819
f 1819 2127 2019
f 2127 2498 2415
f 2498 2848 2583
f 2848 2845 3019
f 2845 2840 3201
f 2840 2670 2577
f 2577 2666 2839
f 2839 2575 2837
f 2837 2665 2926
f 2665 3006 2926
f 3006 2754 3195
f 2754 2314 2752
f 2314 2115 2409
f 2115 1900 1898
f 1900 1803 1898
f 1803 2004 2003
f 2004 2410 2003
f 2410 2411 2753
f 2411 2756 2753
f 2756 2485 2758
f 2758 2490 2764
f 2490 2012 2323
f 2012 1594 1698
f 1594 1596 1497
f 72 60 44
f 44 19 28
f 19 7 28
f 7 17 1
f 1 18 8
f 8 43 27
f 43 72 61
f 383 614 435
f 614 434 715
f 715 611 837
f 837 714 1099
f 1099 612 838
f 838 435 613
f 1497 1383 1382
f 1383 1173 1283
f 1173 1172 1067
f 1172 1066 1067
f 1066 1068 1067
f 1068 1069 948
f 948 813 951
f 813 584 951
f 584 685 498
f 498 582 587
f 587 689 691
f 689 692 591
f 692 593 591
f 593 695 600
f 695 505 426
f 505 375 426
f 375 425 376
f 425 508 376
f 508 427 377
f 427 509 378
f 509 594 697
f 697 699 701
f 699 814 816
f 816 1074 1077
f 1077 1291 1292
f 1291 1505 1395
f 1505 1605 1821
f 1605 1819 2019
f 2019 2127 2221
f 2127 2415 2221
f 2415 2498 2583
f 2583 2848 2849
f 2848 3019 3116
f 3019 2845 3113
f 2845 3201 3113
f 3201 2840 2927
f 2840 2577 2927
f 2577 2839 2927
f 2839 2837 3010
f 2837 2926 3010
f 2926 3006 2925
f 3006 3195 3106
f 3195 2754 3194
f 2754 2752 3194
f 2752 2314 2750
f 2314 2409 2750
f 2409 2115 2114
f 2115 1898 2114
f 1898 1803 1691
f 1803 2003 1899
f 2003 2410 2408
f 2410 2753 2751
f 2753 2756 3105
f 2756 2758 3007
f 2758 2764 3015
f 2764 2490 2579
f 2490 2323 2579
f 2323 2012 2011
f 2012 1698 2011
f 1698 1594 1591
f 1594 1497 1495
f 72 44 61
f 44 28 61
f 28 7 4
f 7 1 2
f 1 8 2
f 8 27 11
f 27 43 61
f 435 614 613
f 614 715 839
f 715 837 1100
f 837 1099 1100
f 1099 838 1312
f 838 613 1206
f 1497 1382 1494
f 1382 1383 1283
f 1283 1173 1067
f 1067 1068 945
f 1068 948 945
f 948 951 1070
f 951 584 694
f 584 498 589
f 498 587 589
f 587 691 589
f 691 689 591
f 591 593 507
f 593 600 507
f 600 695 601
f 695 426 601
f 426 375 376
f 376 508 511
f 508 377 511
f 377 427 378
f 378 509 430
f 509 697 701
f 701 699 605
f 699 816 605
f 816 1077 818
f 1077 1292 1189
f 1292 1291 1395
f 1395 1505 1606
f 1505 1821 1606
f 1821 1605 2019
f 2019 2221 2020
f 2221 2415 2329
f 2415 2583 2584
f 2583 2849 2850
f 2849 2848 3116
f 3116 3019 3211
f 3019 3113 3296
f 3113 3201 3476
f 3201 2927 3290
f 2927 2839 3010
f 3010 2926 3196
f 2926 2925 3008
f 2925 3006 3107
f 3006 3106 3107
f 3106 3195 3375
f 3195 3194 3589
f 3194 2752 2750
f 2750 2409 2406
f 2409 2114 2406
f 2114 1898 2002
f 1898 1691 2002
f 1691 1803 1588
f 1803 1899 1897
f 1899 2003 2407
f 2003 2408 2407
f 2408 2410 2751
f 2751 2753 3104
f 2753 3105 3104
f 3105 2756 3007
f 3007 2758 3015
f 3015 2764 3017
f 2764 2579 2762
f 2579 2323 2412
f 2323 2011 2322
f 2011 1698 1699
f 1698 1591 1590
f 1591 1594 1495
f 1495 1497 1494
f 61 28 45
f 28 4 12
f 4 7 2
f 2 8 3
f 8 11 3
f 11 27 29
f 27 61 45
f 613 614 972
f 614 839 972
f 839 715 971
f 715 1100 971
f 1100 1099 1312
f 1312 838 1206
f 1206 613 972
f 1494 1382 1496
f 1382 1283 1388
f 1283 1067 1179
f 1067 945 1070
f 945 948 1070
f 1070 951 1073
f 951 694 952
f 694 584 690
f 584 589 690
f 589 691 690
f 691 591 597
f 591 507 597
f 507 600 603
f 600 601 604
f 601 426 429
f 426 376 429
f 376 511 429
f 511 377 512
f 377 378 379
f 378 430 431
f 430 509 701
f 701 605 707
f 605 816 818
f 818 1077 956
f 1077 1189 956
f 1189 1292 1401
f 1292 1395 1397
f 1395 1606 1607
f 1606 1821 1920
f 1821 2019 2020
f 2020 2221 2222
f 2221 2329 2222
f 2329 2415 2584
f 2584 2583 2850
f 2850 2849 3209
f 2849 3116 3209
f 3116 3211 3209
f 3211 3019 3119
f 3019 3296 3119
f 3296 3113 3383
f 3113 3476 3383
f 3476 3201 3376
f 3201 3290 3376
f 3290 2927 3198
f 2927 3010 3198
f 3010 3196 3198
f 3196 2926 3008
f 3008 2925 3107
f 3107 3106 3291
f 3106 3375 3290
f 3375 3195 3590
f 3195 3589 3590
f 3589 3194 3463
f 3194 2750 3193
f 2750 2406 2747
f 2406 2114 2405
f 2114 2002 2405
f 2002 1691 2001
f 1691 1588 1488
f 1588 1803 1897
f 1897 1899 2313
f 1899 2407 2313
f 2407 2408 2663
f 2408 2751 2749
f 2751 3104 3103
f 3104 3105 3374
f 3105 3007 3465
f 3007 3015 3197
f 3015 3017 3205
f 3017 2764 2762
f 2762 2579 2487
f 2579 2412 2487
f 2412 2323 2322
f 2322 2011 2118
f 2011 1699 1700
f 1699 1698 1593
f 1698 1590 1593
f 1590 1591 1493
f 1591 1495 1493
f 1495 1494 1493
f 45 28 46
f 28 12 46
f 12 4 9
f 4 2 5
f 2 3 5
f 3 11 13
f 11 29 13
f 29 27 45
f 972 839 973
f 839 971 974
f 971 1100 1207
f 1100 1312 1424
f 1312 1206 1424
f 1206 972 1313
f 1494 1496 1592
f 1496 1382 1499
f 1382 1388 1499
f 1388 1283 1179
f 1179 1067 1070
f 1070 1073 1181
f 1073 951 952
f 952 694 696
f 694 690 596
f 690 691 597
f 597 507 602
f 507 603 602
f 603 600 604
f 604 601 429
f 429 511 606
f 511 512 608
f 512 377 379
f 379 378 431
f 431 430 708
f 430 701 708
f 701 707 708
f 707 605 818
f 818 956 707
f 956 1189 1084
f 1189 1401 1293
f 1401 1292 1397
f 1397 1395 1607
f 1607 1606 1610
f 1606 1920 1714
f 1920 1821 2020
f 2020 2222 2022
f 2222 2329 2499
f 2329 2584 2675
f 2584 2850 2675
f 2850 3209 3297
f 3209 3211 3388
f 3211 3119 3390
f 3119 3296 3118
f 3296 3383 3385
f 3383 3476 3729
f 3476 3376 3477
f 3376 3290 3375
f 3290 3198 3196
f 3196 3008 3291
f 3008 3107 3291
f 3291 3106 3290
f 3375 3590 3591
f 3590 3589 3720
f 3589 3463 3720
f 3463 3194 3193
f 3193 2750 2747
f 2747 2406 2405
f 2405 2002 2001
f 2001 1691 1587
f 1691 1488 1587
f 1488 1588 1802
f 1588 1897 1802
f 1897 2313 1802
f 2313 2407 2663
f 2663 2408 2749
f 2749 2751 3103
f 3103 3104 3374
f 3374 3105 3465
f 3465 3007 3466
f 3007 3197 3466
f 3197 3015 3200
f 3015 3205 3200
f 3205 3017 3014
f 3017 2762 3014
f 2762 2487 2576
f 2487 2412 2486
f 2412 2322 2486
f 2322 2118 2318
f 2118 2011 1906
f 2011 1700 1906
f 1700 1699 1496
f 1699 1593 1592
f 1593 1590 1492
f 1590 1493 1492
f 1493 1494 1492
f 45 46 29
f 46 12 20
f 12 9 20
f 9 4 5
f 5 3 13
f 13 29 31
f 972 973 1313
f 973 839 840
f 839 974 840
f 974 971 1207
f 1207 1100 1424
f 1424 1206 1313
f 1494 1592 1593
f 1592 1496 1699
f 1496 1499 1700
f 1499 1388 1386
f 1388 1179 1181
f 1179 1070 1181
f 1181 1073 1072
f 1073 952 1185
f 952 696 953
f 696 694 595
f 694 596 595
f 596 690 698
f 690 597 698
f 597 602 703
f 602 603 705
f 603 604 705
f 604 429 606
f 606 511 607
f 511 608 607
f 608 512 710
f 512 379 513
f 379 431 513
f 431 708 513
f 708 707 824
f 707 956 824
f 956 1084 824
f 1084 1189 1293
f 1293 1401 1510
f 1401 1397 1400
f 1397 1607 1400
f 1607 1610 1400
f 1610 1606 1714
f 1714 1920 1922
f 1920 2020 2022
f 2022 2222 2132
f 2222 2499 2417
f 2499 2329 2675
f 2675 2850 2934
f 2850 3297 2934
f 3297 3209 3388
f 3388 3211 3390
f 3390 3119 3213
f 3119 3118 3120
f 3118 3296 3208
f 3296 3385 3208
f 3385 3383 3729
f 3729 3476 3474
f 3476 3477 3474
f 3477 3376 3377
f 3376 3375 3467
f 3290 3196 3291
f 3375 3591 3467
f 3591 3590 3835
f 3590 3720 3722
f 3720 3463 3718
f 3463 3193 3462
f 3193 2747 3189
f 2747 2405 2748
f 2405 2001 2312
f 2001 1587 1586
f 1587 1488 1487
f 1488 1802 1487
f 1802 2313 2215
f 2313 2663 2662
f 2663 2749 3103
f 3103 3374 3373
f 3374 3465 3721
f 3465 3466 3723
f 3466 3197 3469
f 3197 3200 3469
f 3200 3205 3381
f 3205 3014 3292
f 3014 2762 2757
f 2762 2576 2757
f 2576 2487 2486
f 2486 2322 2489
f 2322 2318 2489
f 2318 2118 2008
f 2118 1906 1904
f 1906 1700 1811
f 1593 1492 1494
f 29 46 31
f 46 20 30
f 20 9 14
f 9 5 6
f 5 13 6
f 13 31 15
f 1313 973 1209
f 973 840 975
f 840 974 841
f 974 1207 1208
f 1207 1424 1314
f 1424 1313 1314
f 1700 1499 1500
f 1499 1386 1282
f 1386 1388 1390
f 1388 1181 1285
f 1181 1072 1182
f 1072 1073 1185
f 1185 952 953
f 953 696 815
f 696 595 598
f 595 596 599
f 596 698 599
f 698 597 703
f 703 602 821
f 602 705 821
f 705 604 706
f 604 606 706
f 606 607 829
f 607 608 712
f 608 710 967
f 710 512 609
f 512 513 609
f 513 708 709
f 708 824 709
f 824 1084 1085
f 1084 1293 1192
f 1293 1510 1403
f 1510 1401 1400
f 1400 1610 1612
f 1610 1714 1612
f 1714 1922 1823
f 1922 1920 2024
f 1920 2022 2024
f 2022 2132 2024
f 2132 2222 2417
f 2417 2499 2678
f 2499 2675 2676
f 2675 2934 2768
f 2934 3297 3021
f 3297 3388 3485
f 3388 3390 3608
f 3390 3213 3611
f 3213 3119 3120
f 3120 3118 3022
f 3118 3208 3020
f 3208 3385 3481
f 3385 3729 3481
f 3729 3474 3730
f 3474 3477 3597
f 3477 3377 3597
f 3377 3376 3468
f 3376 3467 3468
f 3467 3591 3592
f 3591 3835 3724
f 3835 3590 3722
f 3722 3720 3721
f 3720 3718 3719
f 3718 3463 3716
f 3463 3462 3716
f 3462 3193 3189
f 3189 2747 3190
f 2747 2748 3190
f 2748 2405 2746
f 2405 2312 2746
f 2312 2001 2000
f 2001 1586 2000
f 1586 1587 1487
f 1487 1802 1801
f 1802 2215 2113
f 2215 2313 2662
f 2662 2663 3103
f 3103 3373 3464
f 3373 3374 3719
f 3374 3721 3719
f 3721 3465 3723
f 3723 3466 3725
f 3466 3469 3726
f 3469 3200 3473
f 3200 3381 3473
f 3381 3205 3292
f 3292 3014 3111
f 3014 2757 2838
f 2757 2576 2664
f 2576 2486 2664
f 2486 2489 2667
f 2489 2318 2321
f 2318 2008 2217
f 2008 2118 1904
f 1904 1906 1811
f 1811 1700 1813
f 31 46 30
f 30 20 21
f 20 14 21
f 14 9 6
f 6 13 15
f 15 31 22
f 1313 1209 1314
f 1209 973 975
f 975 840 841
f 841 974 976
f 974 1208 976
f 1208 1207 1314
f 1700 1500 1703
f 1500 1499 1282
f 1282 1386 1284
f 1386 1390 1284
f 1390 1388 1285
f 1285 1181 1182
f 1182 1072 1183
f 1072 1185 1184
f 1185 953 1076
f 953 815 817
f 815 696 598
f 598 595 599
f 599 698 702
f 698 703 702
f 703 821 704
f 821 705 827
f 705 706 827
f 706 606 829
f 829 607 610
f 607 712 610
f 712 608 967
f 967 710 968
f 710 609 711
f 609 513 709
f 709 824 959
f 1085 1084 1193
f 1084 1192 1193
f 1192 1293 1403
f 1403 1510 1511
f 1510 1400 1612
f 1612 1714 1823
f 1823 1922 1924
f 1922 2024 1924
f 2024 2132 2134
f 2132 2417 2418
f 2417 2678 2680
f 2678 2499 2676
f 2676 2675 2768
f 2768 2934 3021
f 3021 3297 3298
f 3297 3485 3486
f 3485 3388 3608
f 3608 3390 3611
f 3611 3213 3392
f 3213 3120 3215
f 3120 3022 3215
f 3022 3118 3020
f 3020 3208 3387
f 3208 3481 3482
f 3481 3729 3848
f 3729 3730 3958
f 3730 3474 3598
f 3474 3597 3594
f 3597 3377 3468
f 3468 3467 3594
f 3467 3592 3594
f 3592 3591 3724
f 3724 3835 3954
f 3835 3722 3833
f 3722 3721 3833
f 3721 3720 3719
f 3719 3718 3717
f 3718 3716 3832
f 3716 3462 3587
f 3462 3189 3190
f 3190 2748 3289
f 2748 2746 3289
f 2746 2312 2311
f 2312 2000 2311
f 2000 1586 1690
f 1586 1487 1583
f 1487 1801 1800
f 1801 1802 2113
f 2113 2215 2660
f 2215 2662 2661
f 2662 3103 3192
f 3103 3464 3192
f 3464 3373 3832
f 3373 3719 3717
f 3721 3723 3833
f 3723 3725 3836
f 3725 3466 3726
f 3726 3469 3473
f 3473 3381 3601
f 3381 3292 3479
f 3292 3111 3379
f 3111 3014 2838
f 2838 2757 2664
f 2664 2486 2667
f 2667 2489 2669
f 2489 2321 2578
f 2321 2318 2117
f 2318 2217 2117
f 2217 2008 1903
f 2008 1904 1903
f 1904 1811 1810
f 1811 1813 1809
f 1813 1700 1703
f 31 30 22
f 30 21 32
f 21 14 34
f 14 6 10
f 6 15 10
f 15 22 23
f 1314 1209 1210
f 1209 975 1101
f 975 841 842
f 841 976 716
f 976 1208 1102
f 1208 1314 1210
f 1703 1500 1501
f 1500 1282 1501
f 1282 1284 1387
f 1284 1390 1387
f 1390 1285 1392
f 1285 1182 1183
f 1183 1072 1184
f 1184 1185 1186
f 1185 1076 1186
f 1076 953 817
f 817 815 700
f 815 598 700
f 598 599 700
f 599 702 700
f 702 703 704
f 704 821 820
f 821 827 823
f 827 706 828
f 706 829 828
f 829 610 832
f 610 712 713
f 712 967 834
f 967 968 1093
f 968 710 830
f 710 711 830
f 711 609 709
f 709 959 830
f 1085 1193 1194
f 1193 1192 1296
f 1192 1403 1296
f 1403 1511 1617
f 1511 1510 1613
f 1510 1612 1613
f 1612 1823 1824
f 1823 1924 1824
f 1924 2024 2026
f 2024 2134 2223
f 2134 2132 2418
f 2418 2417 2680
f 2680 2678 3025
f 2678 2676 2851
f 2676 2768 2851
f 2768 3021 2851
f 3021 3298 3023
f 3298 3297 3486
f 3486 3485 3738
f 3485 3608 3738
f 3608 3611 3857
f 3611 3392 3741
f 3392 3213 3215
f 3215 3022 3123
f 3022 3020 3300
f 3020 3387 3300
f 3387 3208 3482
f 3482 3481 3848
f 3848 3729 4077
f 3729 3958 4077
f 3958 3730 3843
f 3730 3598 3731
f 3598 3474 3594
f 3594 3597 3468
f 3594 3592 3841
f 3592 3724 3837
f 3724 3954 3837
f 3954 3835 4069
f 3835 3833 3951
f 3717 3718 3832
f 3832 3716 3950
f 3716 3587 3950
f 3587 3462 3190
f 3190 3289 3587
f 3289 2746 2744
f 2746 2311 2744
f 2311 2000 2213
f 2000 1690 2110
f 1690 1586 1581
f 1586 1583 1581
f 1583 1487 1800
f 1800 1801 2113
f 2113 2660 2214
f 2660 2215 2661
f 2661 2662 3192
f 3192 3464 3588
f 3464 3832 3588
f 3832 3373 3717
f 3833 3723 3834
f 3723 3836 3834
f 3836 3725 3838
f 3725 3726 3838
f 3726 3473 3842
f 3473 3601 3842
f 3601 3381 3479
f 3479 3292 3472
f 3292 3379 3472
f 3379 3111 3204
f 3111 2838 3012
f 2838 2664 2759
f 2664 2667 2759
f 2667 2669 2759
f 2669 2489 2578
f 2578 2321 2491
f 2321 2117 2119
f 2117 2217 2009
f 2217 1903 2009
f 1903 1904 1810
f 1810 1811 1809
f 1809 1813 1908
f 1813 1703 1814
f 22 30 32
f 32 21 47
f 21 34 47
f 34 14 10
f 10 15 23
f 23 22 33
f 1210 1209 1101
f 1101 975 842
f 842 841 716
f 716 976 977
f 976 1102 977
f 1102 1208 1210
f 1703 1501 1704
f 1501 1282 1387
f 1387 1390 1503
f 1390 1392 1503
f 1392 1285 1183
f 1183 1184 1392
f 1184 1186 1289
f 1186 1076 1075
f 1076 817 955
f 817 700 702
f 702 704 819
f 704 820 822
f 820 821 826
f 821 823 826
f 823 827 826
f 827 828 963
f 828 829 963
f 829 832 963
f 832 610 713
f 713 712 834
f 834 967 1092
f 967 1093 1092
f 1093 968 1194
f 968 830 1085
f 830 711 709
f 830 959 1085
f 1085 1194 968
f 1194 1193 1196
f 1193 1296 1408
f 1296 1403 1405
f 1403 1617 1405
f 1617 1511 1718
f 1511 1613 1718
f 1613 1612 1824
f 1824 1924 1826
f 1924 2026 1926
f 2026 2024 2225
f 2024 2223 2225
f 2223 2134 2333
f 2134 2418 2333
f 2418 2680 2681
f 2680 3025 3027
f 3025 2678 2851
f 2851 3021 3023
f 3023 3298 3302
f 3298 3486 3302
f 3486 3738 3609
f 3738 3608 3857
f 3857 3611 3741
f 3741 3392 3489
f 3392 3215 3217
f 3215 3123 3217
f 3123 3022 3303
f 3022 3300 3303
f 3300 3387 3484
f 3387 3482 3735
f 3482 3848 3961
f 3848 4077 4080
f 4077 3958 4074
f 3958 3843 3955
f 3843 3730 3731
f 3731 3598 3841
f 3598 3594 3841
f 3841 3592 3839
f 3592 3837 3839
f 3837 3954 4176
f 3954 4069 4174
f 4069 3835 3951
f 3951 3833 3834
f 3832 3950 3949
f 3950 3587 3715
f 3587 3289 3715
f 3289 2744 3288
f 2744 2311 2403
f 2311 2213 2309
f 2213 2000 2110
f 2110 1690 1689
f 1690 1581 1485
f 1581 1583 1375
f 1583 1800 1580
f 1800 2113 2214
f 2214 2660 2659
f 2660 2661 3191
f 2661 3192 3191
f 3192 3588 3586
f 3588 3832 3949
f 3834 3836 3953
f 3836 3838 4070
f 3838 3726 4071
f 3726 3842 3840
f 3842 3601 3845
f 3601 3479 3845
f 3479 3472 3600
f 3472 3379 3470
f 3379 3204 3378
f 3204 3111 3110
f 3111 3012 3110
f 3012 2838 2759
f 2759 2669 2929
f 2669 2578 2761
f 2578 2491 2580
f 2491 2321 2413
f 2321 2119 2320
f 2119 2117 2010
f 2117 2009 2010
f 2009 1903 1809
f 1903 1810 1809
f 1809 1908 2010
f 1908 1813 1814
f 1814 1703 1704
f 22 32 33
f 32 47 48
f 47 34 63
f 34 10 35
f 10 23 16
f 23 33 49
f 1210 1101 978
f 1101 842 978
f 842 716 717
f 716 977 717
f 977 1102 979
f 1102 1210 979
f 1704 1501 1503
f 1501 1387 1503
f 1503 1392 1287
f 1392 1184 1289
f 1289 1186 1187
f 1186 1075 1187
f 1075 1076 954
f 1076 955 954
f 955 817 819
f 817 702 819
f 819 704 822
f 822 820 825
f 820 826 825
f 826 827 831
f 827 963 831
f 963 832 1090
f 832 713 835
f 713 834 836
f 834 1092 836
f 1092 1093 1199
f 1093 1194 1302
f 1194 1196 1302
f 1196 1193 1408
f 1408 1296 1515
f 1296 1405 1407
f 1405 1617 1618
f 1617 1718 1827
f 1718 1613 1826
f 1613 1824 1826
f 1826 1924 1926
f 1926 2026 2028
f 2026 2225 2027
f 2225 2223 2503
f 2223 2333 2503
f 2333 2418 2681
f 2681 2680 3027
f 3027 3025 3122
f 3025 2851 3023
f 3023 3302 3122
f 3302 3486 3609
f 3609 3738 3742
f 3738 3857 3742
f 3857 3741 3743
f 3741 3489 3607
f 3489 3392 3217
f 3217 3123 3394
f 3123 3303 3394
f 3303 3300 3487
f 3300 3484 3487
f 3484 3387 3735
f 3735 3482 3961
f 3961 3848 4080
f 4080 4077 4283
f 4077 4074 4182
f 4074 3958 3955
f 3955 3843 3839
f 3843 3731 3841
f 3839 3837 4176
f 4176 3954 4174
f 4174 4069 4369
f 4069 3951 4173
f 3951 3834 3952
f 3949 3950 4067
f 3950 3715 4067
f 3715 3289 3288
f 3288 2744 2836
f 2744 2403 2836
f 2403 2311 2309
f 2309 2213 2212
f 2213 2110 2106
f 2110 1689 2105
f 1689 1690 1485
f 1485 1581 1375
f 1375 1583 1279
f 1583 1580 1279
f 1580 1800 1798
f 1800 2214 1798
f 2214 2659 2573
f 2659 2660 3191
f 3191 3192 3586
f 3586 3588 4066
f 3588 3949 4066
f 3834 3953 3952
f 3953 3836 4070
f 4070 3838 4175
f 3838 4071 4175
f 4071 3726 3840
f 3840 3842 4073
f 3842 3845 3957
f 3845 3479 3600
f 3600 3472 3596
f 3472 3470 3596
f 3470 3379 3378
f 3378 3204 3293
f 3204 3110 3202
f 3110 3012 3009
f 3012 2759 2929
f 2929 2669 2842
f 2669 2761 2842
f 2761 2578 2668
f 2578 2580 2671
f 2580 2491 2493
f 2491 2413 2493
f 2413 2321 2320
f 2320 2119 2219
f 2119 2010 2013
f 2010 2009 1809
f 2010 1908 2013
f 1908 1814 2013
f 1814 1704 1914
f 33 32 48
f 48 47 62
f 47 63 62
f 63 34 35
f 35 10 16
f 16 23 24
f 23 49 24
f 49 33 62
f 1210 978 979
f 978 842 615
f 842 717 615
f 717 977 718
f 977 979 718
f 1704 1503 1603
f 1503 1287 1391
f 1287 1392 1289
f 1289 1187 1399
f 1187 1075 1078
f 1075 954 1078
f 954 955 957
f 955 819 1081
f 819 822 1081
f 822 825 962
f 825 826 962
f 826 831 966
f 831 963 833
f 963 1090 833
f 1090 832 835
f 835 713 836
f 836 1092 1198
f 1092 1199 1097
f 1199 1093 1302
f 1302 1196 1200
f 1196 1408 1201
f 1408 1515 1517
f 1515 1296 1407
f 1407 1405 1619
f 1405 1618 1619
f 1618 1617 1827
f 1827 1718 1926
f 1718 1826 1926
f 1926 2028 1829
f 2028 2026 2027
f 2027 2225 2337
f 2225 2503 2505
f 2503 2333 2681
f 2681 3027 3028
f 3027 3122 3304
f 3122 3025 3023
f 3122 3302 3304
f 3302 3609 3614
f 3609 3742 3614
f 3742 3857 3858
f 3857 3743 3858
f 3743 3741 3860
f 3741 3607 3965
f 3607 3489 3394
f 3489 3217 3394
f 3394 3303 3487
f 3487 3484 3737
f 3484 3735 3737
f 3735 3961 3962
f 3961 4080 4187
f 4080 4283 4282
f 4283 4077 4182
f 4182 4074 4279
f 4074 3955 4177
f 3955 3839 4177
f 3839 4176 4177
f 4176 4174 4276
f 4174 4369 4276
f 4369 4069 4173
f 4173 3951 4068
f 3951 3952 4068
f 3949 4067 4065
f 4067 3715 3714
f 3715 3288 3714
f 3288 2836 3286
f 2836 2403 2654
f 2403 2309 2399
f 2309 2212 2308
f 2212 2213 2106
f 2106 2110 2105
f 2105 1689 1795
f 1689 1485 1688
f 1485 1375 1376
f 1375 1279 938
f 1279 1580 1479
f 1580 1798 1479
f 1798 2214 2111
f 2214 2573 2111
f 2573 2659 3004
f 2659 3191 3102
f 3191 3586 3585
f 3586 4066 4064
f 4066 3949 4065
f 3952 3953 4275
f 3953 4070 4275
f 4070 4175 4481
f 4175 4071 4179
f 4071 3840 4179
f 3840 4073 4179
f 4073 3842 3957
f 3957 3845 3956
f 3845 3600 3847
f 3600 3596 3844
f 3596 3470 3593
f 3470 3378 3593
f 3378 3293 3471
f 3293 3204 3294
f 3204 3202 3294
f 3202 3110 3109
f 3110 3009 3109
f 3009 3012 2929
f 2929 2842 2930
f 2842 2761 2841
f 2761 2668 2760
f 2668 2578 2671
f 2671 2580 2765
f 2580 2493 2494
f 2493 2413 2324
f 2413 2320 2324
f 2320 2219 2324
f 2219 2119 2122
f 2119 2013 2122
f 2013 1814 1912
f 1814 1914 1912
f 1914 1704 1707
f 33 48 62
f 62 63 73
f 63 35 53
f 35 16 25
f 16 24 26
f 24 49 26
f 49 62 64
f 979 978 843
f 978 615 843
f 615 717 515
f 717 718 515
f 718 979 844
f 1704 1603 1707
f 1603 1503 1391
f 1391 1287 1288
f 1287 1289 1290
f 1289 1399 1290
f 1399 1187 1188
f 1187 1078 1188
f 1078 954 957
f 957 955 1081
f 1081 822 962
f 962 826 966
f 966 831 1089
f 831 833 1089
f 833 1090 1095
f 1090 835 1096
f 835 836 1096
f 836 1198 1096
f 1198 1092 1097
f 1097 1199 1202
f 1199 1302 1202
f 1302 1200 1305
f 1200 1196 1201
f 1201 1408 1412
f 1408 1517 1412
f 1517 1515 1622
f 1515 1407 1622
f 1407 1619 1622
f 1619 1618 1721
f 1618 1827 1721
f 1827 1926 1829
f 1829 2028 1929
f 2028 2027 2140
f 2027 2337 2139
f 2337 2225 2505
f 2505 2503 2682
f 2503 2681 2682
f 2681 3028 2939
f 3028 3027 3304
f 3304 3302 3614
f 3614 3742 3615
f 3742 3858 3744
f 3858 3743 3744
f 3743 3860 3862
f 3860 3741 3967
f 3741 3965 3967
f 3965 3607 3963
f 3607 3394 3487
f 3487 3737 3607
f 3737 3735 3962
f 3962 3961 4187
f 4187 4080 4185
f 4080 4282 4185
f 4282 4283 4484
f 4283 4182 4375
f 4182 4279 4375
f 4279 4074 4177
f 4177 4176 4370
f 4176 4276 4370
f 4276 4369 4583
f 4369 4173 4367
f 4173 4068 4367
f 4068 3952 4172
f 4065 4067 3714
f 3714 3288 3286
f 3286 2836 2920
f 2836 2654 2920
f 2654 2403 2483
f 2403 2399 2483
f 2399 2309 2308
f 2308 2212 2211
f 2212 2106 2101
f 2106 2105 2101
f 2105 1795 1893
f 1795 1689 1688
f 1688 1485 1481
f 1485 1376 1481
f 1376 1375 1061
f 1375 938 1059
f 938 1279 937
f 1279 1479 936
f 1479 1798 1576
f 1798 2111 1576
f 2111 2573 1995
f 2573 3004 2569
f 3004 2659 3102
f 3102 3191 3585
f 3585 3586 4064
f 4064 4066 4065
f 3952 4275 4172
f 4275 4070 4481
f 4481 4175 4483
f 4175 4179 4483
f 4179 4073 4181
f 4073 3957 4075
f 3957 3956 4072
f 3956 3845 3847
f 3847 3600 3844
f 3844 3596 3727
f 3596 3593 3727
f 3593 3378 3471
f 3471 3293 3380
f 3293 3294 3380
f 3294 3202 3203
f 3202 3109 3199
f 3109 3009 3011
f 3009 2929 2928
f 2929 2930 2928
f 2930 2842 2931
f 2842 2841 2843
f 2841 2761 2760
f 2760 2668 2671
f 2671 2765 2763
f 2765 2580 2673
f 2580 2494 2581
f 2494 2493 2325
f 2493 2324 2325
f 2324 2219 2325
f 2219 2122 2124
f 2122 2013 2014
f 2013 1912 1910
f 1912 1914 1911
f 1914 1707 1816
f 62 73 64
f 73 63 53
f 53 35 25
f 25 16 26
f 26 49 54
f 49 64 54
f 979 843 844
f 843 615 616
f 615 515 616
f 515 718 617
f 718 844 617
f 1707 1603 1710
f 1603 1391 1393
f 1391 1288 1393
f 1288 1287 1290
f 1290 1399 1398
f 1399 1188 1402
f 1188 1078 1079
f 1078 957 1079
f 957 1081 958
f 1081 962 1083
f 962 966 965
f 966 1089 970
f 1089 833 1095
f 1095 1090 1198
f 1090 1096 1198
f 1198 1097 1301
f 1097 1202 1098
f 1202 1302 1310
f 1302 1305 1411
f 1305 1200 1201
f 1201 1412 1307
f 1412 1517 1627
f 1517 1622 1627
f 1622 1619 1724
f 1619 1721 1723
f 1721 1827 1830
f 1827 1829 1830
f 1829 1929 1928
f 1929 2028 2140
f 2140 2027 2139
f 2139 2337 2338
f 2337 2505 2507
f 2505 2682 2684
f 2682 2681 2939
f 2939 3028 3125
f 3028 3304 3306
f 3304 3614 3615
f 3615 3742 3746
f 3742 3744 3746
f 3744 3743 3862
f 3862 3860 4087
f 3860 3967 4296
f 3967 3965 4190
f 3965 3963 4291
f 3963 3607 3851
f 3607 3737 3851
f 3737 3962 3851
f 3962 4187 4082
f 4187 4185 4381
f 4185 4282 4181
f 4282 4484 4483
f 4484 4283 4375
f 4375 4279 4485
f 4279 4177 4371
f 4177 4370 4371
f 4370 4276 4583
f 4583 4369 4582
f 4369 4367 4582
f 4367 4068 4274
f 4068 4172 4274
f 4065 3714 4063
f 3714 3286 3713
f 3286 2920 3369
f 2920 2654 3096
f 2654 2483 2395
f 2483 2399 2396
f 2399 2308 2306
f 2308 2211 2306
f 2211 2212 2101
f 2101 2105 2099
f 2105 1893 2099
f 1893 1795 1572
f 1795 1688 1480
f 1688 1481 1480
f 1481 1376 1062
f 1376 1061 939
f 1061 1375 1059
f 1059 938 805
f 938 937 680
f 937 1279 936
f 936 1479 1058
f 1479 1576 1160
f 1576 2111 1995
f 1995 2573 2569
f 2569 3004 3003
f 3004 3102 3187
f 3102 3585 3187
f 3585 4064 3948
f 4064 4065 4063
f 4172 4275 4273
f 4275 4481 4687
f 4481 4483 4688
f 4483 4179 4282
f 4179 4181 4282
f 4181 4073 4284
f 4073 4075 4284
f 4075 3957 4184
f 3957 4072 4184
f 4072 3956 4180
f 3956 3847 3960
f 3847 3844 4079
f 3844 3727 3959
f 3727 3593 3595
f 3593 3471 3595
f 3471 3380 3475
f 3380 3294 3382
f 3294 3203 3206
f 3203 3202 3199
f 3199 3109 3011
f 3011 3009 2928
f 2928 2930 3013
f 2930 2931 3018
f 2931 2842 2843
f 2843 2841 2763
f 2841 2760 2763
f 2760 2671 2763
f 2763 2765 2843
f 2765 2673 2846
f 2673 2580 2581
f 2581 2494 2496
f 2494 2325 2326
f 2325 2219 2326
f 2219 2124 2326
f 2124 2122 2014
f 2014 2013 1910
f 1910 1912 1911
f 1911 1914 1913
f 1914 1816 1915
f 1816 1707 1710
f 64 73 54
f 73 53 54
f 53 25 54
f 25 26 36
f 26 54 36
f 844 843 719
f 843 616 719
f 616 515 617
f 617 844 719
f 1710 1603 1602
f 1603 1393 1604
f 1393 1288 1394
f 1288 1290 1394
f 1290 1398 1396
f 1398 1399 1402
f 1402 1188 1190
f 1188 1079 1190
f 1079 957 1080
f 957 958 1080
f 958 1081 1083
f 1083 962 965
f 965 966 970
f 970 1089 1091
f 1089 1095 1197
f 1095 1198 1304
f 1198 1301 1304
f 1301 1097 1098
f 1098 1202 1205
f 1202 1310 1205
f 1310 1302 1417
f 1302 1411 1417
f 1411 1305 1520
f 1305 1201 1307
f 1307 1412 1627
f 1627 1622 1726
f 1622 1724 1726
f 1724 1619 1723
f 1723 1721 1831
f 1721 1830 1831
f 1830 1829 1928
f 1928 1929 1930
f 1929 2140 2143
f 2140 2139 2142
f 2139 2338 2141
f 2338 2337 2507
f 2507 2505 2684
f 2684 2682 2939
f 2939 3125 2942
f 3125 3028 3306
f 3306 3304 3615
f 3615 3746 3491
f 3746 3744 3862
f 3862 4087 3863
f 4087 3860 4296
f 4296 3967 4190
f 4190 3965 4291
f 4291 3963 4290
f 3963 3851 4082
f 3851 3962 4082
f 4082 4187 4382
f 4187 4381 4382
f 4381 4185 4288
f 4185 4181 4284
f 4483 4484 4585
f 4484 4375 4587
f 4375 4485 4587
f 4485 4279 4371
f 4371 4370 4482
f 4370 4583 4482
f 4583 4582 4788
f 4582 4367 4686
f 4367 4274 4479
f 4274 4172 4273
f 4063 3714 3713
f 3713 3286 3369
f 3369 2920 3096
f 3096 2654 2739
f 2654 2395 2739
f 2395 2483 2396
f 2396 2399 2306
f 2306 2211 2209
f 2211 2101 2209
f 2101 2099 2098
f 2099 1893 1684
f 1893 1572 1684
f 1572 1795 1574
f 1795 1480 1575
f 1480 1481 1276
f 1481 1062 1274
f 1062 1376 939
f 939 1061 678
f 1061 1059 803
f 1059 805 802
f 805 938 680
f 680 937 677
f 937 936 677
f 936 1058 674
f 1058 1479 1160
f 1160 1576 1371
f 1576 1995 1889
f 1995 2569 1889
f 2569 3003 2564
f 3003 3004 3182
f 3004 3187 3182
f 3187 3585 3581
f 3585 3948 3581
f 3948 4064 4063
f 4273 4275 4368
f 4275 4687 4368
f 4687 4481 4903
f 4481 4688 4903
f 4688 4483 4585
f 4284 4075 4288
f 4075 4184 4287
f 4184 4072 4281
f 4072 4180 4178
f 4180 3956 3960
f 3960 3847 4079
f 4079 3844 3959
f 3959 3727 3728
f 3727 3595 3728
f 3595 3471 3475
f 3475 3380 3478
f 3380 3382 3478
f 3382 3294 3295
f 3294 3206 3295
f 3206 3203 3112
f 3203 3199 3112
f 3199 3011 3108
f 3011 2928 3013
f 3013 2930 3016
f 2930 3018 3016
f 3018 2931 2932
f 2931 2843 2844
f 2843 2765 2844
f 2765 2846 2844
f 2846 2673 2766
f 2673 2581 2672
f 2581 2496 2672
f 2496 2494 2326
f 2326 2124 2125
f 2124 2014 2015
f 2014 1910 1911
f 1911 1913 2014
f 1913 1914 1915
f 1915 1816 1916
f 1816 1710 1818
f 54 25 36
f 719 616 617
f 1710 1602 1709
f 1602 1603 1604
f 1604 1393 1506
f 1393 1394 1506
f 1394 1290 1396
f 1396 1398 1508
f 1398 1402 1508
f 1402 1190 1294
f 1190 1079 1080
f 1080 958 1082
f 958 1083 961
f 1083 965 1087
f 965 970 969
f 970 1091 1094
f 1091 1089 1298
f 1089 1197 1298
f 1197 1095 1303
f 1095 1304 1303
f 1304 1301 1416
f 1301 1098 1204
f 1098 1205 1204
f 1205 1310 1311
f 1310 1417 1311
f 1417 1411 1523
f 1411 1520 1523
f 1520 1305 1307
f 1307 1627 1520
f 1627 1726 1730
f 1726 1724 1931
f 1724 1723 1832
f 1723 1831 1832
f 1831 1830 1928
f 1928 1930 1831
f 1930 1929 1931
f 1929 2143 1931
f 2143 2140 2231
f 2140 2142 2231
f 2142 2139 2141
f 2141 2338 2228
f 2338 2507 2508
f 2507 2684 2774
f 2684 2939 2942
f 2942 3125 3127
f 3125 3306 3307
f 3306 3615 3491
f 3491 3746 3748
f 3746 3862 3748
f 3862 3863 3748
f 3863 4087 3972
f 4087 4296 4194
f 4296 4190 4502
f 4190 4291 4389
f 4291 4290 4388
f 4290 3963 4082
f 4082 4382 4289
f 4382 4381 4592
f 4381 4288 4592
f 4288 4185 4284
f 4585 4484 4587
f 4587 4485 4586
f 4485 4371 4482
f 4482 4583 4584
f 4583 4788 4689
f 4788 4582 4902
f 4582 4686 4902
f 4686 4367 4479
f 4479 4274 4272
f 4274 4273 4272
f 4063 3713 3947
f 3713 3369 3831
f 3369 3096 3572
f 3096 2739 2823
f 2739 2395 2394
f 2395 2396 2301
f 2396 2306 2302
f 2306 2209 2302
f 2209 2101 2098
f 2098 2099 1991
f 2099 1684 1790
f 1684 1572 1368
f 1572 1574 1476
f 1574 1795 1575
f 1575 1480 1277
f 1480 1276 1277
f 1276 1481 1274
f 1274 1062 1053
f 1062 939 678
f 678 1061 803
f 803 1059 802
f 802 805 671
f 805 680 488
f 680 677 488
f 677 936 804
f 936 674 804
f 674 1058 801
f 1058 1160 801
f 1160 1371 1266
f 1371 1576 1889
f 1889 2569 2564
f 2564 3003 3094
f 3003 3182 3276
f 3182 3187 3581
f 3581 3948 4062
f 3948 4063 3947
f 4273 4368 4366
f 4368 4687 4480
f 4687 4903 4984
f 4903 4688 4904
f 4688 4585 4789
f 4288 4075 4287
f 4287 4184 4379
f 4184 4281 4379
f 4281 4072 4178
f 4178 4180 4277
f 4180 3960 4183
f 3960 4079 4076
f 4079 3959 4186
f 3959 3728 3846
f 3728 3595 3599
f 3595 3475 3599
f 3475 3478 3599
f 3478 3382 3480
f 3382 3295 3384
f 3295 3206 3207
f 3206 3112 3018
f 3112 3199 3108
f 3108 3011 3013
f 3013 3016 3108
f 3016 3018 3112
f 3018 2932 3114
f 2932 2931 2844
f 2844 2846 2932
f 2846 2766 2847
f 2766 2673 2672
f 2672 2496 2582
f 2496 2326 2327
f 2326 2125 2327
f 2125 2124 2016
f 2124 2015 2016
f 2015 2014 1913
f 1913 1915 2015
f 1915 1916 2016
f 1916 1816 1818
f 1818 1710 1709
f 1709 1602 1711
f 1602 1604 1712
f 1604 1506 1608
f 1506 1394 1507
f 1394 1396 1507
f 1396 1508 1507
f 1508 1402 1611
f 1402 1294 1509
f 1294 1190 1191
f 1190 1080 1082
f 1082 958 960
f 958 961 960
f 961 1083 964
f 1083 1087 964
f 1087 965 969
f 969 970 1094
f 1094 1091 1298
f 1298 1197 1300
f 1197 1303 1300
f 1303 1304 1413
f 1304 1416 1413
f 1416 1301 1204
f 1204 1205 1311
f 1311 1417 1421
f 1417 1523 1423
f 1523 1520 1629
f 1520 1627 1732
f 1627 1730 1732
f 1730 1726 1835
f 1726 1931 2035
f 1931 1724 1930
f 1724 1832 1930
f 1832 1831 1930
f 1931 2143 2144
f 2143 2231 2342
f 2231 2142 2234
f 2142 2141 2230
f 2141 2228 2230
f 2228 2338 2339
f 2338 2508 2339
f 2508 2507 2774
f 2774 2684 2942
f 2942 3127 2944
f 3127 3125 3307
f 3307 3306 3491
f 3491 3748 3617
f 3748 3863 3749
f 3863 3972 3750
f 3972 4087 4194
f 4194 4296 4395
f 4296 4502 4600
f 4502 4190 4499
f 4190 4389 4499
f 4389 4291 4388
f 4388 4290 4492
f 4290 4082 4289
f 4289 4382 4694
f 4382 4592 4693
f 4592 4288 4591
f 4585 4587 4690
f 4587 4586 4690
f 4586 4485 4482
f 4482 4584 4586
f 4584 4583 4689
f 4689 4788 4904
f 4788 4902 5031
f 4902 4686 4983
f 4686 4479 4786
f 4479 4272 4365
f 4272 4273 4366
f 3947 3713 4061
f 3713 3831 4061
f 3831 3369 3572
f 3572 3096 3271
f 3096 2823 3271
f 2823 2739 2394
f 2394 2395 2301
f 2301 2396 2302
f 2302 2209 2205
f 2209 2098 2205
f 2098 1991 2205
f 1991 2099 2093
f 2099 1790 2093
f 1790 1684 1470
f 1684 1368 1470
f 1368 1572 1370
f 1572 1476 1370
f 1476 1574 1273
f 1574 1575 1374
f 1575 1277 1374
f 1277 1276 1165
f 1276 1274 1163
f 1274 1053 1161
f 1053 1062 800
f 1062 678 806
f 678 803 676
f 803 802 796
f 802 671 795
f 671 805 488
f 488 677 569
f 677 804 569
f 804 674 793
f 674 801 482
f 801 1160 931
f 1160 1266 1154
f 1266 1371 1265
f 1371 1889 1569
f 1889 2564 2199
f 2564 3094 2824
f 3094 3003 3276
f 3276 3182 3941
f 3182 3581 3710
f 3581 4062 4171
f 4062 3948 3947
f 4366 4368 4480
f 4480 4687 4787
f 4687 4984 4787
f 4984 4903 5031
f 4903 4904 5031
f 4904 4688 4789
f 4789 4585 4690
f 4288 4287 4594
f 4287 4379 4489
f 4379 4281 4377
f 4281 4178 4374
f 4178 4277 4278
f 4277 4180 4183
f 4183 3960 4076
f 4076 4079 4285
f 4079 4186 4285
f 4186 3959 4078
f 3959 3846 4078
f 3846 3728 3732
f 3728 3599 3732
f 3599 3478 3602
f 3478 3480 3602
f 3480 3382 3384
f 3384 3295 3207
f 3207 3206 3114
f 3206 3018 3114
f 3112 3108 3016
f 3114 2932 3115
f 2932 2846 2847
f 2847 2766 2767
f 2766 2672 2582
f 2582 2496 2497
f 2496 2327 2497
f 2327 2125 2328
f 2125 2016 1916
f 2016 2015 1915
f 1916 1818 1917
f 1818 1709 1711
f 1711 1602 1712
f 1712 1604 1713
f 1604 1608 1713
f 1608 1506 1507
f 1507 1508 1609
f 1508 1611 1609
f 1611 1402 1615
f 1402 1509 1615
f 1509 1294 1404
f 1294 1191 1404
f 1191 1190 1082
f 1082 960 1086
f 960 961 964
f 964 1087 1086
f 1087 969 1088
f 969 1094 1195
f 1094 1298 1299
f 1298 1300 1299
f 1300 1303 1203
f 1303 1413 1309
f 1413 1416 1415
f 1416 1204 1311
f 1311 1421 1522
f 1421 1417 1422
f 1417 1423 1422
f 1423 1523 1631
f 1523 1629 1843
f 1629 1520 1732
f 1732 1730 1936
f 1730 1835 1936
f 1835 1726 2035
f 2035 1931 2144
f 2144 2143 2342
f 2342 2231 2346
f 2231 2234 2346
f 2234 2142 2230
f 2230 2228 2341
f 2228 2339 2340
f 2339 2508 2591
f 2508 2774 2773
f 2774 2942 2944
f 2944 3127 3221
f 3127 3307 3221
f 3307 3491 3493
f 3491 3617 3493
f 3617 3748 3749
f 3749 3863 3750
f 3750 3972 3865
f 3972 4194 4090
f 4194 4395 4299
f 4395 4296 4600
f 4600 4502 4599
f 4502 4499 4810
f 4499 4389 4497
f 4389 4388 4497
f 4388 4492 4494
f 4492 4290 4490
f 4290 4289 4490
f 4289 4694 4490
f 4694 4382 4792
f 4382 4693 4792
f 4693 4592 4790
f 4592 4591 4790
f 4591 4288 4594
f 4690 4586 4584
f 4584 4689 4690
f 4689 4904 4789
f 4904 4788 5031
f 5031 4902 4983
f 4983 4686 4786
f 4786 4479 4478
f 4479 4365 4478
f 4365 4272 4366
f 3947 4061 4062
f 4061 3831 4060
f 3831 3572 4060
f 3572 3271 3824
f 3271 2823 3086
f 2823 2394 2391
f 2394 2301 2299
f 2301 2302 2299
f 2302 2205 2299
f 2205 1991 2203
f 1991 2093 1990
f 2093 1790 2089
f 1790 1470 1466
f 1470 1368 1263
f 1368 1370 1367
f 1370 1476 1271
f 1476 1273 1155
f 1273 1574 1374
f 1374 1277 1164
f 1277 1165 1164
f 1165 1276 1163
f 1163 1274 1161
f 1161 1053 933
f 1053 800 924
f 800 1062 932
f 1062 806 932
f 806 678 489
f 678 676 489
f 676 803 796
f 796 802 795
f 795 671 564
f 671 488 410
f 488 569 410
f 569 804 799
f 804 793 799
f 793 674 482
f 482 801 562
f 801 931 562
f 931 1160 1154
f 1154 1266 1150
f 1266 1265 1256
f 1265 1371 1365
f 1371 1569 1365
f 1569 1889 1788
f 1889 2199 1788
f 2199 2564 2560
f 2564 2824 2560
f 2824 3094 3089
f 3094 3276 3089
f 3276 3941 3687
f 3941 3182 3710
f 3710 3581 4171
f 4171 4062 4061
f 4366 4480 4364
f 4480 4787 4901
f 4787 4984 5052
f 4984 5031 5053
f 4789 4690 4689
f 4594 4287 4489
f 4489 4379 4488
f 4379 4377 4487
f 4377 4281 4374
f 4374 4178 4278
f 4278 4277 4372
f 4277 4183 4280
f 4183 4076 4286
f 4076 4285 4286
f 4285 4186 4385
f 4186 4078 4081
f 4078 3846 4081
f 3846 3732 3734
f 3732 3599 3602
f 3602 3480 3603
f 3480 3384 3603
f 3384 3207 3386
f 3207 3114 3115
f 3115 2932 2933
f 2932 2847 2933
f 2847 2767 2933
f 2767 2766 2674
f 2766 2582 2674
f 2582 2497 2585
f 2497 2327 2328
f 2328 2125 2126
f 2125 1916 2017
f 1916 1917 2017
f 1917 1818 1711
f 1711 1712 1820
f 1712 1713 1822
f 1713 1608 1609
f 1608 1507 1609
f 1609 1611 1715
f 1611 1615 1614
f 1615 1509 1616
f 1509 1404 1512
f 1404 1191 1295
f 1191 1082 1086
f 1086 960 964
f 1086 1087 1295
f 1087 1088 1295
f 1088 969 1195
f 1195 1094 1299
f 1299 1300 1410
f 1300 1203 1306
f 1203 1303 1309
f 1309 1413 1415
f 1415 1416 1420
f 1416 1311 1522
f 1522 1421 1526
f 1421 1422 1527
f 1422 1423 1528
f 1423 1631 1528
f 1631 1523 1843
f 1843 1629 1841
f 1629 1732 1841
f 1732 1936 1842
f 1936 1835 2039
f 1835 2035 2039
f 2035 2144 2232
f 2144 2342 2343
f 2342 2346 2347
f 2346 2234 2349
f 2234 2230 2341
f 2341 2228 2340
f 2340 2339 2509
f 2339 2591 2509
f 2591 2508 2773
f 2773 2774 2944
f 2944 3221 3223
f 3221 3307 3493
f 3493 3617 3751
f 3617 3749 3751
f 3749 3750 3752
f 3750 3865 3754
f 3865 3972 3866
f 3972 4090 3866
f 4090 4194 4195
f 4194 4299 4195
f 4299 4395 4504
f 4395 4600 4602
f 4600 4599 4702
f 4599 4502 4810
f 4810 4499 4700
f 4499 4497 4700
f 4497 4388 4494
f 4494 4492 4697
f 4492 4490 4696
f 4490 4694 4793
f 4694 4792 4799
f 4792 4693 4912
f 4693 4790 4791
f 4790 4591 4795
f 4591 4594 4798
f 5031 4983 5053
f 4983 4786 5030
f 4786 4478 4785
f 4478 4365 4580
f 4365 4366 4364
f 4061 4060 4271
f 4060 3572 3824
f 3824 3271 3439
f 3271 3086 3266
f 3086 2823 2900
f 2823 2391 2556
f 2391 2394 2297
f 2394 2299 2297
f 2299 2205 2297
f 2205 2203 2297
f 2203 1991 1990
f 1990 2093 2089
f 2089 1790 1884
f 1790 1466 1884
f 1466 1470 1260
f 1470 1263 1260
f 1263 1368 1367
f 1367 1370 1153
f 1370 1271 1161
f 1271 1476 1155
f 1155 1273 1049
f 1273 1374 1164
f 1164 1165 1054
f 1165 1163 1054
f 1163 1161 1054
f 1161 933 1158
f 933 1053 929
f 1053 924 929
f 924 800 789
f 800 932 797
f 932 806 672
f 806 489 672
f 489 676 567
f 676 796 567
f 796 795 921
f 795 564 799
f 564 671 410
f 410 569 564
f 569 799 564
f 799 793 916
f 793 482 559
f 482 562 409
f 562 931 926
f 931 1154 926
f 1154 1150 926
f 1150 1266 1256
f 1256 1265 1258
f 1265 1365 1258
f 1365 1569 1361
f 1569 1788 1675
f 1788 2199 1983
f 2199 2560 2287
f 2560 2824 2728
f 2824 3089 2899
f 3089 3276 3269
f 3276 3687 3441
f 3687 3941 4054
f 3941 3710 4171
f 4171 4061 4271
f 4364 4480 4581
f 4480 4901 4581
f 4901 4787 5052
f 5052 4984 5053
f 4594 4489 4692
f 4489 4488 4589
f 4488 4379 4487
f 4487 4377 4486
f 4377 4374 4486
f 4374 4278 4372
f 4372 4277 4373
f 4277 4280 4373
f 4280 4183 4378
f 4183 4286 4378
f 4286 4285 4383
f 4285 4385 4383
f 4385 4186 4188
f 4186 4081 4188
f 4081 3846 3849
f 3846 3734 3849
f 3734 3732 3733
f 3732 3602 3733
f 3602 3603 3733
f 3603 3384 3483
f 3384 3386 3483
f 3386 3207 3210
f 3207 3115 3210
f 3115 2933 2935
f 2933 2767 2935
f 2767 2674 2585
f 2674 2582 2585
f 2585 2497 2416
f 2497 2328 2416
f 2328 2126 2220
f 2126 2125 2017
f 2017 1917 1918
f 1917 1711 1820
f 1820 1712 1822
f 1822 1713 1919
f 1713 1609 1715
f 1715 1611 1614
f 1614 1615 1616
f 1616 1509 1512
f 1512 1404 1513
f 1404 1295 1406
f 1295 1191 1086
f 1295 1088 1195
f 1195 1299 1297
f 1299 1410 1297
f 1410 1300 1306
f 1306 1203 1308
f 1203 1309 1308
f 1309 1415 1418
f 1415 1420 1419
f 1420 1416 1522
f 1522 1526 1524
f 1526 1421 1527
f 1527 1422 1528
f 1528 1631 1634
f 1631 1843 1634
f 1843 1841 1942
f 1841 1732 1842
f 1842 1936 1844
f 1936 2039 2148
f 2039 2035 2235
f 2035 2232 2235
f 2232 2144 2343
f 2343 2342 2347
f 2347 2346 2350
f 2346 2349 2350
f 2349 2234 2512
f 2234 2341 2423
f 2341 2340 2423
f 2340 2509 2510
f 2509 2591 2592
f 2591 2773 2776
f 2773 2944 2946
f 2944 3223 2946
f 3223 3221 3398
f 3221 3493 3398
f 3493 3751 3496
f 3751 3749 3752
f 3752 3750 3754
f 3754 3865 3866
f 3866 4090 3867
f 4090 4195 3977
f 4195 4299 4301
f 4299 4504 4505
f 4504 4395 4602
f 4602 4600 4703
f 4600 4702 4703
f 4702 4599 4811
f 4599 4810 4811
f 4810 4700 4807
f 4700 4497 4699
f 4497 4494 4699
f 4494 4697 4803
f 4697 4492 4696
f 4696 4490 4793
f 4793 4694 4908
f 4694 4799 4908
f 4799 4792 4802
f 4792 4912 4802
f 4912 4693 4791
f 4791 4790 4905
f 4790 4795 4905
f 4795 4591 4798
f 4798 4594 4695
f 5053 4983 5071
f 4983 5030 5071
f 5030 4786 4785
f 4785 4478 4784
f 4478 4580 4784
f 4580 4365 4363
f 4365 4364 4363
f 4271 4060 4270
f 4060 3824 4361
f 3824 3439 3937
f 3439 3271 3266
f 3266 3086 3264
f 3086 2900 2988
f 2900 2823 2729
f 2823 2556 2729
f 2556 2391 2289
f 2391 2297 2295
f 2297 2203 2295
f 2203 1990 2201
f 1990 2089 1987
f 2089 1884 1984
f 1884 1466 1567
f 1466 1260 1139
f 1260 1263 1147
f 1263 1367 1149
f 1367 1153 1149
f 1153 1370 1158
f 1370 1161 1158
f 1161 1271 1054
f 1271 1155 1054
f 1155 1049 1054
f 1049 1273 1164
f 1164 1054 1049
f 1158 933 928
f 933 929 670
f 929 924 790
f 924 789 1041
f 789 800 797
f 797 932 672
f 672 489 364
f 489 567 364
f 567 796 791
f 796 921 791
f 921 795 916
f 795 799 916
f 916 793 915
f 793 559 786
f 559 482 409
f 409 562 556
f 562 926 556
f 926 1150 1042
f 1150 1256 1142
f 1256 1258 1350
f 1258 1365 1261
f 1365 1361 1261
f 1361 1569 1463
f 1569 1675 1463
f 1675 1788 1786
f 1788 1983 1786
f 1983 2199 2287
f 2287 2560 2553
f 2560 2728 2553
f 2728 2824 2899
f 2899 3089 3170
f 3089 3269 3170
f 3269 3276 3441
f 3441 3687 3550
f 3687 4054 3930
f 4054 3941 4267
f 3941 4171 4474
f 4171 4271 4474
f 4364 4581 4477
f 4581 4901 4982
f 4901 5052 5070
f 5052 5053 5080
f 4594 4692 4695
f 4692 4489 4589
f 4589 4488 4588
f 4488 4487 4378
f 4487 4486 4373
f 4486 4374 4372
f 4372 4373 4486
f 4373 4280 4376
f 4280 4378 4376
f 4378 4286 4380
f 4286 4383 4384
f 4383 4385 4386
f 4385 4188 4387
f 4188 4081 4083
f 4081 3849 4083
f 3849 3734 3604
f 3734 3733 3604
f 3733 3603 3483
f 3483 3386 3605
f 3386 3210 3389
f 3210 3115 3117
f 3115 2935 3117
f 2935 2767 2769
f 2767 2585 2769
f 2585 2416 2586
f 2416 2328 2220
f 2220 2126 2128
f 2126 2017 2128
f 2017 1918 2018
f 1918 1917 1820
f 1820 1822 1918
f 1822 1919 2018
f 1919 1713 1715
f 1715 1614 1716
f 1614 1616 1719
f 1616 1512 1720
f 1512 1513 1514
f 1513 1404 1406
f 1406 1295 1297
f 1295 1195 1297
f 1297 1410 1409
f 1410 1306 1414
f 1306 1308 1414
f 1308 1309 1418
f 1418 1415 1521
f 1415 1419 1521
f 1419 1420 1525
f 1420 1522 1524
f 1524 1526 1632
f 1526 1527 1633
f 1527 1528 1634
f 1634 1843 1848
f 1843 1942 2048
f 1942 1841 1842
f 1842 1844 2044
f 1844 1936 1940
f 1936 2148 2042
f 2148 2039 2238
f 2039 2235 2238
f 2235 2232 2344
f 2232 2343 2344
f 2343 2347 2348
f 2347 2350 2238
f 2350 2349 2425
f 2349 2512 2425
f 2512 2234 2423
f 2423 2340 2510
f 2510 2509 2593
f 2509 2592 2593
f 2592 2591 2776
f 2776 2773 2946
f 2946 3223 3225
f 3223 3398 3400
f 3398 3493 3496
f 3496 3751 3753
f 3751 3752 3753
f 3752 3754 3622
f 3754 3866 3867
f 3867 4090 3977
f 3977 4195 4091
f 4195 4301 4091
f 4301 4299 4397
f 4299 4505 4397
f 4505 4504 4706
f 4504 4602 4705
f 4602 4703 4814
f 4703 4702 4812
f 4702 4811 4812
f 4811 4810 4993
f 4810 4807 4922
f 4807 4700 4699
f 4699 4494 4803
f 4803 4697 4796
f 4697 4696 4796
f 4696 4793 4794
f 4793 4908 4909
f 4908 4799 4915
f 4799 4802 4917
f 4802 4912 4918
f 4912 4791 4914
f 4791 4905 4906
f 4905 4795 4907
f 4795 4798 4801
f 4798 4695 4797
f 5053 5071 5080
f 5071 5030 5069
f 5030 4785 5029
f 4785 4784 5029
f 4784 4580 4900
f 4580 4363 4684
f 4363 4364 4477
f 4271 4270 4362
f 4270 4060 4361
f 4361 3824 4164
f 3824 3937 4164
f 3937 3439 3553
f 3439 3266 3554
f 3266 3264 3554
f 3264 3086 2988
f 2988 2900 2986
f 2900 2729 2986
f 2729 2556 2638
f 2556 2289 2286
f 2289 2391 2292
f 2391 2295 2292
f 2295 2203 2201
f 2201 1990 1987
f 1987 2089 1985
f 2089 1984 1985
f 1984 1884 1567
f 1567 1466 1139
f 1139 1260 1033
f 1260 1147 1033
f 1147 1263 1149
f 1149 1153 1045
f 1153 1158 928
f 928 933 670
f 670 929 790
f 790 924 1044
f 924 1041 1044
f 1041 789 1031
f 789 797 788
f 797 672 480
f 672 364 480
f 364 567 480
f 567 791 480
f 791 921 917
f 921 916 766
f 916 915 766
f 915 793 786
f 786 559 556
f 559 409 556
f 556 926 786
f 926 1042 786
f 1042 1150 1142
f 1142 1256 1136
f 1256 1350 1136
f 1350 1258 1354
f 1258 1261 1254
f 1261 1361 1034
f 1361 1463 1253
f 1463 1675 1564
f 1675 1786 1674
f 1786 1983 1979
f 1983 2287 2192
f 2287 2553 2383
f 2553 2728 2637
f 2728 2899 2818
f 2899 3170 2987
f 3170 3269 3355
f 3269 3441 3550
f 3550 3687 3814
f 3687 3930 3814
f 3930 4054 4160
f 4054 4267 4359
f 4267 3941 4474
f 4474 4271 4575
f 4477 4581 4685
f 4581 4982 4685
f 4982 4901 5070
f 5070 5052 5080
f 4695 4692 4590
f 4692 4589 4691
f 4589 4588 4691
f 4588 4488 4590
f 4488 4378 4380
f 4378 4487 4376
f 4487 4373 4376
f 4380 4286 4384
f 4384 4383 4491
f 4383 4386 4491
f 4386 4385 4387
f 4387 4188 4292
f 4188 4083 4189
f 4083 3849 3850
f 3849 3604 3850
f 3604 3733 3483
f 3483 3605 3736
f 3605 3386 3389
f 3389 3210 3212
f 3210 3117 3212
f 3117 2935 3212
f 2935 2769 2936
f 2769 2585 2586
f 2586 2416 2500
f 2416 2220 2330
f 2220 2128 2129
f 2128 2017 2018
f 2018 1918 1822
f 2018 1919 2021
f 1919 1715 1921
f 1715 1716 1825
f 1716 1614 1717
f 1614 1719 1717
f 1719 1616 1720
f 1720 1512 1514
f 1514 1513 1620
f 1513 1406 1516
f 1406 1297 1409
f 1409 1410 1623
f 1410 1414 1519
f 1414 1308 1418
f 1418 1521 1628
f 1521 1419 1630
f 1419 1525 1630
f 1525 1420 1524
f 1524 1632 1733
f 1632 1526 1633
f 1633 1527 1634
f 1634 1848 1633
f 1848 1843 2047
f 1843 2048 2047
f 2048 1942 2049
f 1942 1842 2044
f 2044 1844 2045
f 1844 1940 2045
f 1940 1936 2042
f 2042 2148 2241
f 2148 2238 2240
f 2238 2235 2348
f 2235 2344 2348
f 2344 2343 2348
f 2348 2347 2238
f 2238 2350 2240
f 2350 2425 2426
f 2425 2512 2596
f 2512 2423 2595
f 2423 2510 2593
f 2593 2592 2687
f 2592 2776 2687
f 2776 2946 2859
f 2946 3225 3032
f 3225 3223 3400
f 3400 3398 3496
f 3496 3753 3625
f 3753 3752 3622
f 3622 3754 3624
f 3754 3867 3624
f 3867 3977 3868
f 3977 4091 4092
f 4091 4301 4306
f 4301 4397 4401
f 4397 4505 4605
f 4505 4706 4826
f 4706 4504 4705
f 4705 4602 4814
f 4814 4703 4812
f 4812 4811 4929
f 4811 4993 4932
f 4993 4810 4922
f 4922 4807 4989
f 4807 4699 4803
f 4803 4796 4916
f 4796 4696 4794
f 4794 4793 4909
f 4909 4908 4915
f 4915 4799 4917
f 4917 4802 4986
f 4802 4918 4988
f 4918 4912 4805
f 4912 4914 4805
f 4914 4791 4911
f 4791 4906 4911
f 4906 4905 4985
f 4905 4907 4985
f 4907 4795 4910
f 4795 4801 4910
f 4801 4798 4804
f 4798 4797 4800
f 4797 4695 4698
f 5080 5071 5069
f 5069 5030 5029
f 5029 4784 5028
f 4784 4900 5028
f 4900 4580 4684
f 4684 4363 4476
f 4363 4477 4476
f 4271 4362 4577
f 4362 4270 4475
f 4270 4361 4576
f 4361 4164 4472
f 4164 3937 3934
f 3937 3553 3934
f 3553 3439 3554
f 3554 3264 3549
f 3264 2988 3082
f 2988 2986 3080
f 2986 2729 2819
f 2729 2638 2819
f 2638 2556 2286
f 2286 2289 2290
f 2289 2292 2290
f 2292 2295 2201
f 2201 1987 2198
f 1987 1985 1986
f 1985 1984 1879
f 1984 1567 1673
f 1567 1139 1251
f 1139 1033 900
f 1033 1147 913
f 1147 1149 913
f 1149 1045 913
f 1045 1153 928
f 928 670 660
f 670 790 660
f 790 1044 912
f 1044 1041 1146
f 1041 1031 1032
f 1031 789 907
f 789 788 907
f 788 797 791
f 797 480 791
f 791 917 788
f 917 921 653
f 921 766 653
f 766 915 894
f 915 786 1042
f 1042 1142 1026
f 1142 1136 1026
f 1136 1350 1346
f 1350 1354 1454
f 1354 1258 1254
f 1254 1261 1034
f 1034 1361 1253
f 1253 1463 1349
f 1463 1564 1458
f 1564 1675 1674
f 1674 1786 1782
f 1786 1979 1782
f 1979 1983 2192
f 2192 2287 2383
f 2383 2553 2637
f 2637 2728 2818
f 2818 2899 2987
f 2987 3170 3166
f 3170 3355 3167
f 3355 3269 3550
f 3550 3814 3679
f 3814 3930 3922
f 3930 4160 4155
f 4160 4054 4359
f 4359 4267 4470
f 4267 4474 4573
f 4474 4575 4675
f 4575 4271 4577
f 4477 4685 4783
f 4685 4982 5027
f 4982 5070 5067
f 5070 5080 5079
f 4695 4590 4593
f 4590 4692 4588
f 4692 4691 4588
f 4590 4488 4593
f 4488 4380 4593
f 4380 4384 4593
f 4384 4491 4595
f 4491 4386 4493
f 4386 4387 4493
f 4387 4292 4390
f 4292 4188 4189
f 4189 4083 3964
f 4083 3850 3964
f 3850 3604 3736
f 3604 3483 3736
f 3736 3605 3853
f 3605 3389 3606
f 3389 3212 3299
f 3212 2935 2936
f 2936 2769 2852
f 2769 2586 2677
f 2586 2500 2677
f 2500 2416 2331
f 2416 2330 2331
f 2330 2220 2129
f 2129 2128 2130
f 2128 2018 2130
f 2018 2021 2130
f 2021 1919 1921
f 1921 1715 1825
f 1825 1716 1717
f 1717 1719 1925
f 1719 1720 1828
f 1720 1514 1722
f 1514 1620 1722
f 1620 1513 1516
f 1516 1406 1409
f 1409 1623 1516
f 1623 1410 1519
f 1519 1414 1626
f 1414 1418 1628
f 1628 1521 1731
f 1521 1630 1731
f 1630 1525 1733
f 1525 1524 1733
f 1733 1632 1846
f 1632 1633 1847
f 1633 1848 1847
f 1848 2047 2050
f 2047 2048 2157
f 2048 2049 2246
f 2049 1942 2044
f 2044 2045 2152
f 2045 1940 2042
f 2042 2241 2152
f 2241 2148 2240
f 2240 2350 2352
f 2350 2426 2352
f 2426 2425 2597
f 2425 2596 2597
f 2596 2512 2689
f 2512 2595 2689
f 2595 2423 2593
f 2593 2687 2778
f 2687 2776 2859
f 2859 2946 3032
f 3032 3225 3131
f 3225 3400 3308
f 3400 3496 3625
f 3625 3753 3622
f 3622 3624 3627
f 3624 3867 3755
f 3867 3868 3755
f 3868 3977 4092
f 4092 4091 4306
f 4306 4301 4401
f 4401 4397 4605
f 4605 4505 4826
f 4826 4706 4819
f 4706 4705 4819
f 4705 4814 4818
f 4814 4812 4933
f 4812 4929 4933
f 4929 4811 4932
f 4932 4993 5039
f 4993 4922 5035
f 4922 4989 5035
f 4989 4807 4919
f 4807 4803 4919
f 4803 4916 4919
f 4916 4796 4909
f 4796 4794 4909
f 4909 4915 4916
f 4915 4917 4916
f 4917 4986 4987
f 4986 4802 4988
f 4988 4918 4990
f 4918 4805 4921
f 4805 4914 4913
f 4914 4911 4910
f 4911 4906 4985
f 4985 4907 4910
f 4910 4801 4913
f 4801 4804 4921
f 4804 4798 4800
f 4800 4797 4698
f 4698 4695 4595
f 5080 5069 5079
f 5069 5029 5028
f 5028 4900 4899
f 4900 4684 4899
f 4684 4476 4782
f 4476 4477 4579
f 4577 4362 4775
f 4362 4475 4680
f 4475 4270 4576
f 4576 4361 4574
f 4361 4472 4674
f 4472 4164 4265
f 4164 3934 4265
f 3934 3553 3680
f 3553 3554 3549
f 3549 3264 3350
f 3264 3082 3350
f 3082 2988 3080
f 3080 2986 2981
f 2986 2819 2894
f 2819 2638 2635
f 2638 2286 2549
f 2286 2290 2194
f 2290 2292 2198
f 2292 2201 2198
f 2198 1987 1986
f 1986 1985 1978
f 1985 1879 1978
f 1879 1984 1673
f 1673 1567 1562
f 1567 1251 1464
f 1251 1139 1038
f 1139 900 770
f 900 1033 771
f 1033 913 771
f 913 1045 912
f 1045 928 912
f 928 660 912
f 660 790 912
f 912 1044 1146
f 1146 1041 1038
f 1041 1032 1038
f 1032 1031 763
f 1031 907 1023
f 907 788 917
f 917 653 767
f 653 766 643
f 766 894 892
f 894 915 1042
f 1042 1026 894
f 1026 1136 891
f 1136 1346 1012
f 1346 1350 1454
f 1454 1354 1341
f 1354 1254 1242
f 1254 1034 1132
f 1034 1253 1021
f 1253 1349 1240
f 1349 1463 1458
f 1458 1564 1341
f 1564 1674 1454
f 1674 1782 1672
f 1782 1979 1778
f 1979 2192 2190
f 2192 2383 2379
f 2383 2637 2379
f 2637 2818 2724
f 2818 2987 2983
f 2987 3166 2983
f 3166 3170 3167
f 3167 3355 3351
f 3355 3550 3679
f 3679 3814 3810
f 3814 3922 3810
f 3922 3930 4042
f 3930 4155 4042
f 4155 4160 4468
f 4160 4359 4468
f 4359 4470 4570
f 4470 4267 4573
f 4573 4474 4675
f 4675 4575 4676
f 4575 4577 4576
f 4477 4783 4579
f 4783 4685 5027
f 5027 4982 5067
f 5067 5070 5079
f 4695 4593 4595
f 4593 4384 4595
f 4595 4491 4698
f 4491 4493 4495
f 4493 4387 4390
f 4390 4292 4391
f 4292 4189 4191
f 4189 3964 4084
f 3964 3850 3852
f 3850 3736 3852
f 3736 3853 3854
f 3853 3605 3606
f 3606 3389 3299
f 3299 3212 3121
f 3212 2936 3121
f 2936 2852 3024
f 2852 2769 2677
f 2677 2500 2587
f 2500 2331 2419
f 2331 2330 2129
f 2129 2130 2131
f 2130 2021 2131
f 2021 1921 2023
f 1921 1825 1923
f 1825 1717 1923
f 1717 1925 1923
f 1925 1719 1927
f 1719 1828 1927
f 1828 1720 1722
f 1722 1620 1833
f 1620 1516 1621
f 1516 1623 1518
f 1623 1519 1725
f 1519 1626 1725
f 1626 1414 1628
f 1628 1731 1729
f 1731 1630 1840
f 1630 1733 1840
f 1733 1846 1845
f 1846 1632 1847
f 1847 1848 1945
f 1848 2050 1945
f 2050 2047 2157
f 2157 2048 2246
f 2246 2049 2247
f 2049 2044 2154
f 2044 2152 2154
f 2152 2045 2042
f 2152 2241 2353
f 2241 2240 2352
f 2352 2426 2428
f 2426 2597 2514
f 2597 2596 2690
f 2596 2689 2690
f 2689 2595 2779
f 2595 2593 2778
f 2778 2687 2859
f 2859 3032 2863
f 3032 3131 3034
f 3131 3225 3308
f 3308 3400 3498
f 3400 3625 3628
f 3625 3622 3627
f 3627 3624 3755
f 3755 3868 3756
f 3868 4092 4095
f 4092 4306 4307
f 4306 4401 4403
f 4401 4605 4607
f 4605 4826 4829
f 4826 4819 4824
f 4819 4705 4818
f 4818 4814 4933
f 4933 4929 4996
f 4929 4932 4996
f 4932 5039 4934
f 5039 4993 5035
f 5035 4989 4987
f 4989 4919 4987
f 4919 4916 4917
f 4917 4987 4919
f 4987 4986 5033
f 4986 4988 5032
f 4988 4990 5034
f 4990 4918 4923
f 4918 4921 4923
f 4921 4805 4801
f 4805 4913 4801
f 4913 4914 4910
f 4910 4911 4985
f 4921 4804 4808
f 4804 4800 4920
f 4800 4698 4806
f 5079 5069 5078
f 5069 5028 5068
f 5028 4899 5026
f 4899 4684 4782
f 4782 4476 4683
f 4476 4579 4683
f 4577 4775 4976
f 4775 4362 4578
f 4362 4680 4578
f 4680 4475 4678
f 4475 4576 4678
f 4576 4574 4575
f 4574 4361 4674
f 4674 4472 4572
f 4472 4265 4572
f 4265 3934 4158
f 3934 3680 3929
f 3680 3553 3549
f 3549 3350 3545
f 3350 3082 3161
f 3082 3080 3161
f 3080 2981 3071
f 2981 2986 2894
f 2894 2819 2815
f 2819 2635 2815
f 2635 2638 2549
f 2549 2286 2380
f 2286 2194 2191
f 2194 2290 2087
f 2290 2198 2087
f 2198 1986 2087
f 1986 1978 1981
f 1978 1879 1973
f 1879 1673 1775
f 1673 1562 1556
f 1562 1567 1460
f 1567 1464 1460
f 1464 1251 1257
f 1251 1038 1032
f 1038 1139 770
f 770 900 536
f 900 771 536
f 771 913 777
f 913 912 777
f 912 1146 1038
f 1032 763 897
f 763 1031 1024
f 1031 1023 1024
f 1023 907 767
f 907 917 767
f 767 653 535
f 653 643 462
f 643 766 892
f 892 894 882
f 894 1026 1013
f 1026 891 1013
f 891 1136 1012
f 1012 1346 1122
f 1346 1454 1448
f 1454 1341 1564
f 1341 1354 1242
f 1242 1254 1132
f 1132 1034 1011
f 1034 1021 1011
f 1021 1253 1240
f 1240 1349 1234
f 1349 1458 1234
f 1458 1341 1339
f 1454 1674 1672
f 1672 1782 1778
f 1778 1979 1971
f 1979 2190 1971
f 2190 2192 2379
f 2379 2637 2545
f 2637 2724 2545
f 2724 2818 2817
f 2818 2983 2817
f 2983 3166 3162
f 3166 3167 3162
f 3167 3351 3344
f 3351 3355 3679
f 3679 3810 3674
f 3810 3922 3912
f 3922 4042 3913
f 4042 4155 4150
f 4155 4468 4258
f 4468 4359 4570
f 4570 4470 4673
f 4470 4573 4673
f 4573 4675 4874
f 4675 4676 4882
f 4676 4575 4574
f 4576 4577 4773
f 4579 4783 4898
f 4783 5027 5025
f 5027 5067 5066
f 5067 5079 5078
f 4698 4491 4495
f 4495 4493 4496
f 4493 4390 4496
f 4390 4391 4500
f 4391 4292 4293
f 4292 4191 4293
f 4191 4189 4084
f 4084 3964 3855
f 3964 3852 3855
f 3852 3736 3854
f 3854 3853 3739
f 3853 3606 3610
f 3606 3299 3610
f 3299 3121 3214
f 3121 2936 3024
f 3024 2852 2853
f 2852 2677 2679
f 2677 2587 2679
f 2587 2500 2419
f 2419 2331 2332
f 2331 2129 2131
f 2131 2021 2133
f 2021 2023 2133
f 2023 1921 1923
f 1923 1925 2025
f 1925 1927 2138
f 1927 1828 2029
f 1828 1722 1833
f 1833 1620 1621
f 1621 1516 1518
f 1518 1623 1625
f 1623 1725 1625
f 1725 1626 1729
f 1626 1628 1729
f 1729 1731 1838
f 1731 1840 1839
f 1840 1733 1845
f 1845 1846 1943
f 1846 1847 1944
f 1847 1945 1944
f 1945 2050 2052
f 2050 2157 2257
f 2157 2246 2356
f 2246 2247 2436
f 2247 2049 2158
f 2049 2154 2158
f 2154 2152 2244
f 2152 2353 2244
f 2353 2241 2352
f 2352 2428 2429
f 2428 2426 2514
f 2514 2597 2598
f 2597 2690 2598
f 2690 2689 2692
f 2689 2779 2692
f 2779 2595 2778
f 2778 2859 2863
f 2863 3032 3034
f 3034 3131 3227
f 3131 3308 3311
f 3308 3498 3500
f 3498 3400 3628
f 3628 3625 3627
f 3627 3755 3628
f 3755 3756 3628
f 3756 3868 4095
f 4095 4092 4307
f 4307 4306 4403
f 4403 4401 4607
f 4607 4605 4829
f 4829 4826 4824
f 4824 4819 4823
f 4819 4818 4823
f 4818 4933 4999
f 4933 4996 4999
f 4996 4932 4934
f 4934 5039 4998
f 5039 5035 5037
f 5035 4987 5033
f 5033 4986 5032
f 5032 4988 5034
f 5034 4990 4995
f 4990 4923 4927
f 4923 4921 4992
f 4921 4808 4926
f 4808 4804 4920
f 4920 4800 4806
f 4806 4698 4596
f 5078 5069 5068
f 5068 5028 5026
f 5026 4899 4897
f 4899 4782 4781
f 4782 4683 4781
f 4683 4579 4779
f 4577 4976 4773
f 4976 4775 4891
f 4775 4578 4891
f 4578 4680 4780
f 4680 4678 4893
f 4678 4576 4773
f 4574 4674 4676
f 4674 4572 4767
f 4572 4265 4358
f 4265 4158 4264
f 4158 3934 3929
f 3929 3680 3921
f 3680 3549 3545
f 3545 3350 3346
f 3350 3161 3346
f 3161 3080 3254
f 3080 3071 3254
f 3071 2981 3068
f 2981 2894 3068
f 2894 2815 2891
f 2815 2635 2630
f 2635 2549 2630
f 2549 2380 2544
f 2380 2286 2191
f 2191 2194 2189
f 2194 2087 1982
f 2087 1986 1981
f 1981 1978 1973
f 1973 1879 1876
f 1879 1775 1876
f 1775 1673 1774
f 1673 1556 1774
f 1556 1562 1457
f 1562 1460 1457
f 1460 1464 1356
f 1464 1257 1356
f 1257 1251 1032
f 1038 770 912
f 770 536 777
f 536 771 777
f 777 912 770
f 1032 897 1020
f 897 763 628
f 763 1024 888
f 1024 1023 1014
f 1023 767 762
f 767 535 762
f 535 653 462
f 462 643 396
f 643 892 754
f 892 882 754
f 882 894 1013
f 1013 891 879
f 891 1012 1006
f 1012 1122 1006
f 1122 1346 1235
f 1346 1448 1455
f 1448 1454 1554
f 1341 1242 1339
f 1242 1132 1129
f 1132 1011 1129
f 1011 1021 1007
f 1021 1240 1007
f 1240 1234 1007
f 1234 1458 1339
f 1454 1672 1554
f 1672 1778 1668
f 1778 1971 1968
f 1971 2190 1968
f 2190 2379 2376
f 2379 2545 2542
f 2545 2724 2542
f 2724 2817 2814
f 2817 2983 2979
f 2983 3162 2979
f 3162 3167 3163
f 3167 3344 3257
f 3344 3351 3674
f 3351 3679 3674
f 3674 3810 3911
f 3810 3912 3911
f 3912 3922 3913
f 3913 4042 4150
f 4150 4155 4258
f 4258 4468 4566
f 4468 4570 4566
f 4570 4673 4669
f 4673 4573 4874
f 4874 4675 4884
f 4675 4882 4884
f 4882 4676 4769
f 4579 4898 4779
f 4898 4783 5025
f 5025 5027 5066
f 5066 5067 5078
f 4698 4495 4596
f 4495 4496 4498
f 4496 4390 4500
f 4500 4391 4501
f 4391 4293 4501
f 4293 4191 4294
f 4191 4084 3966
f 4084 3855 3966
f 3855 3852 3854
f 3854 3739 3855
f 3739 3853 3610
f 3610 3299 3391
f 3299 3214 3391
f 3214 3121 3026
f 3121 3024 3026
f 3024 2853 2937
f 2853 2852 2679
f 2679 2587 2588
f 2587 2419 2501
f 2419 2332 2334
f 2332 2331 2131
f 2131 2133 2332
f 2133 2023 2135
f 2023 1923 2025
f 2025 1925 2138
f 2138 1927 2029
f 2029 1828 2030
f 1828 1833 2030
f 1833 1621 1834
f 1621 1518 1624
f 1518 1625 1624
f 1625 1725 1728
f 1725 1729 1836
f 1729 1838 1837
f 1838 1731 1839
f 1839 1840 1941
f 1840 1845 1941
f 1845 1943 2046
f 1943 1846 1944
f 1944 1945 2052
f 2052 2050 2161
f 2050 2257 2161
f 2257 2157 2356
f 2356 2246 2435
f 2246 2436 2435
f 2436 2247 2433
f 2247 2158 2433
f 2158 2154 2244
f 2244 2353 2431
f 2353 2352 2429
f 2429 2428 2517
f 2428 2514 2517
f 2514 2598 2599
f 2598 2690 2599
f 2690 2692 2602
f 2692 2779 2780
f 2779 2778 2863
f 2863 3034 2864
f 3034 3227 3230
f 3227 3131 3311
f 3311 3308 3500
f 3500 3498 3629
f 3498 3628 3756
f 3756 4095 3979
f 4095 4307 4199
f 4307 4403 4404
f 4403 4607 4507
f 4607 4829 4710
f 4829 4824 4823
f 4823 4818 5000
f 4818 4999 5000
f 4999 4996 4934
f 4934 4998 4937
f 4998 5039 5038
f 5039 5037 5038
f 5037 5035 5033
f 5033 5032 5034
f 5034 4995 5038
f 4995 4990 4927
f 4927 4923 4992
f 4992 4921 4991
f 4921 4926 4991
f 4926 4808 4925
f 4808 4920 4925
f 4920 4806 4924
f 4806 4596 4809
f 5078 5068 5065
f 5068 5026 5065
f 5026 4897 5024
f 4897 4899 4781
f 4781 4683 4681
f 4683 4779 4776
f 4773 4976 4977
f 4976 4891 4977
f 4891 4578 4778
f 4578 4780 4778
f 4780 4680 4895
f 4680 4893 4895
f 4893 4678 4773
f 4676 4674 4769
f 4674 4767 4769
f 4767 4572 4670
f 4572 4358 4670
f 4358 4265 4264
f 4264 4158 4262
f 4158 3929 4040
f 3929 3921 4040
f 3921 3680 3676
f 3680 3545 3676
f 3545 3346 3543
f 3346 3161 3255
f 3161 3254 3255
f 3254 3071 3250
f 3071 3068 3151
f 3068 2894 2891
f 2891 2815 2809
f 2815 2630 2628
f 2630 2549 2544
f 2544 2380 2377
f 2380 2191 2083
f 2191 2189 2083
f 2189 2194 1975
f 2194 1982 1975
f 1982 2087 1981
f 1981 1973 1974
f 1973 1876 2083
f 1876 1775 1871
f 1775 1774 1765
f 1774 1556 1768
f 1556 1457 1447
f 1457 1460 1342
f 1460 1356 1342
f 1356 1257 1020
f 1257 1032 1020
f 1020 897 628
f 628 763 888
f 888 1024 1014
f 1014 1023 887
f 1023 762 887
f 762 535 528
f 535 462 396
f 396 643 446
f 643 754 446
f 754 882 883
f 882 1013 879
f 879 891 878
f 891 1006 878
f 1006 1122 992
f 1122 1235 1232
f 1235 1346 1455
f 1455 1448 1445
f 1448 1554 1548
f 1339 1242 1123
f 1242 1129 1123
f 1129 1011 1123
f 1011 1007 1123
f 1007 1234 1118
f 1234 1339 1118
f 1554 1672 1668
f 1668 1778 1771
f 1778 1968 1771
f 1968 2190 2184
f 2190 2376 2184
f 2376 2379 2542
f 2542 2724 2812
f 2724 2814 2812
f 2814 2817 2979
f 2979 3162 3157
f 3162 3163 3157
f 3163 3167 3257
f 3257 3344 3430
f 3344 3674 3430
f 3674 3911 3670
f 3911 3912 3905
f 3912 3913 3804
f 3913 4150 4031
f 4150 4258 4349
f 4258 4566 4349
f 4566 4570 4564
f 4570 4669 4564
f 4669 4673 4867
f 4673 4874 4867
f 4874 4884 4969
f 4884 4882 4968
f 4882 4769 4765
f 4779 4898 4894
f 4898 5025 5022
f 5025 5066 5064
f 5066 5078 5077
f 4596 4495 4498
f 4498 4496 4500
f 4500 4501 4597
f 4501 4293 4295
f 4293 4294 4295
f 4294 4191 4192
f 4191 3966 4192
f 3966 3855 3856
f 3855 3739 3856
f 3739 3610 3612
f 3610 3391 3612
f 3391 3214 3301
f 3214 3026 3216
f 3026 3024 2937
f 2937 2853 2854
f 2853 2679 2854
f 2679 2588 2854
f 2588 2587 2501
f 2501 2419 2334
f 2334 2332 2135
f 2332 2133 2135
f 2135 2023 2136
f 2023 2025 2136
f 2025 2138 2137
f 2138 2029 2226
f 2029 2030 2227
f 2030 1833 2031
f 1833 1834 2031
f 1834 1621 1727
f 1621 1624 1727
f 1624 1625 1728
f 1728 1725 1932
f 1725 1836 1934
f 1836 1729 1837
f 1837 1838 1939
f 1838 1839 1939
f 1839 1941 1939
f 1941 1845 2046
f 2046 1943 2156
f 1943 1944 2051
f 1944 2052 2051
f 2052 2161 2160
f 2161 2257 2256
f 2257 2356 2362
f 2356 2435 2522
f 2435 2436 2605
f 2436 2433 2520
f 2433 2158 2253
f 2158 2244 2253
f 2244 2431 2253
f 2431 2353 2429
f 2429 2517 2516
f 2517 2514 2599
f 2599 2690 2602
f 2602 2692 2601
f 2692 2780 2601
f 2780 2779 2953
f 2779 2863 2864
f 2864 3034 3036
f 3034 3230 3036
f 3230 3227 3406
f 3227 3311 3406
f 3311 3500 3406
f 3500 3629 3504
f 3629 3498 3756
f 3756 3979 3758
f 3979 4095 4199
f 4199 4307 4311
f 4307 4404 4409
f 4404 4403 4507
f 4507 4607 4710
f 4710 4829 4823
f 4823 5000 4939
f 5000 4999 4937
f 4999 4934 4937
f 4937 4998 4938
f 4998 5038 4997
f 5038 5037 5034
f 5037 5033 5034
f 5038 4995 4997
f 4995 4927 4931
f 4927 4992 4994
f 4992 4991 5036
f 4991 4926 5036
f 4926 4925 4928
f 4925 4920 4924
f 4924 4806 4809
f 4809 4596 4598
f 5078 5065 5077
f 5065 5026 5051
f 5026 5024 5051
f 5024 4897 4981
f 4897 4781 4780
f 4781 4681 4682
f 4681 4683 4776
f 4776 4779 4894
f 4773 4977 4893
f 4977 4891 4979
f 4891 4778 4979
f 4778 4780 4981
f 4780 4895 4981
f 4895 4893 4979
f 4769 4767 4872
f 4767 4670 4756
f 4670 4358 4465
f 4358 4264 4467
f 4264 4262 4467
f 4262 4158 4040
f 4040 3921 4037
f 3921 3676 3807
f 3676 3545 3543
f 3543 3346 3539
f 3346 3255 3435
f 3255 3254 3250
f 3250 3071 3151
f 3151 3068 3059
f 3068 2891 3059
f 2891 2809 2801
f 2809 2815 2628
f 2628 2630 2626
f 2630 2544 2626
f 2544 2377 2540
f 2377 2380 2083
f 2083 2189 2078
f 2189 1975 2079
f 1975 1982 1974
f 1982 1981 1974
f 1974 1973 1964
f 1973 2083 1964
f 2083 1876 2077
f 1876 1871 2077
f 1871 1775 1765
f 1765 1774 1866
f 1774 1768 1866
f 1768 1556 1656
f 1556 1447 1440
f 1447 1457 1667
f 1457 1342 1452
f 1342 1356 1020
f 1020 628 1003
f 628 888 881
f 888 1014 881
f 1014 887 1008
f 887 762 756
f 762 528 756
f 528 535 639
f 535 396 639
f 396 446 394
f 446 754 634
f 754 883 634
f 883 882 745
f 882 879 872
f 879 878 737
f 878 1006 864
f 1006 992 864
f 992 1122 1108
f 1122 1232 1108
f 1232 1235 1455
f 1455 1445 1229
f 1445 1448 1548
f 1548 1554 1658
f 1339 1123 1118
f 1123 1007 1118
f 1554 1668 1661
f 1668 1771 1769
f 1771 1968 1868
f 1968 2184 2076
f 2184 2376 2181
f 2376 2542 2538
f 2542 2812 2718
f 2812 2814 2888
f 2814 2979 2975
f 2979 3157 3069
f 3157 3163 3252
f 3163 3257 3260
f 3257 3430 3341
f 3430 3674 3670
f 3670 3911 3905
f 3905 3912 3794
f 3912 3804 3794
f 3804 3913 4031
f 4031 4150 4249
f 4150 4349 4249
f 4349 4566 4558
f 4566 4564 4558
f 4564 4669 4747
f 4669 4867 4960
f 4867 4874 4966
f 4874 4969 4966
f 4969 4884 4968
f 4968 4882 4765
f 4765 4769 4759
f 4894 4898 5022
f 5022 5025 5064
f 5064 5066 5077
f 4596 4498 4598
f 4498 4500 4597
f 4597 4501 4503
f 4501 4295 4392
f 4295 4294 4297
f 4294 4192 4193
f 4192 3966 3968
f 3966 3856 3968
f 3856 3739 3612
f 3612 3391 3488
f 3391 3301 3488
f 3301 3214 3216
f 3216 3026 3124
f 3026 2937 3124
f 2937 2854 2938
f 2854 2588 2770
f 2588 2501 2589
f 2501 2334 2502
f 2334 2135 2335
f 2135 2136 2335
f 2136 2025 2137
f 2137 2138 2224
f 2138 2226 2224
f 2226 2029 2227
f 2227 2030 2229
f 2030 2031 2229
f 2031 1834 1933
f 1834 1727 1933
f 1727 1624 1728
f 1728 1932 1933
f 1932 1725 1934
f 1934 1836 1837
f 1837 1939 1938
f 1939 1941 2043
f 1941 2046 2043
f 2046 2156 2153
f 2156 1943 2051
f 2051 2052 2160
f 2160 2161 2252
f 2161 2256 2252
f 2256 2257 2362
f 2362 2356 2440
f 2356 2522 2440
f 2522 2435 2605
f 2605 2436 2520
f 2520 2433 2431
f 2433 2253 2431
f 2431 2429 2516
f 2516 2517 2601
f 2517 2599 2602
f 2602 2601 2517
f 2601 2780 2782
f 2780 2953 2866
f 2953 2779 2864
f 2864 3036 3037
f 3036 3230 3039
f 3230 3406 3313
f 3406 3500 3504
f 3504 3629 3762
f 3629 3756 3758
f 3758 3979 3982
f 3979 4199 3982
f 4199 4311 4412
f 4311 4307 4409
f 4409 4404 4405
f 4404 4507 4405
f 4507 4710 4714
f 4710 4823 4939
f 4939 5000 4937
f 4937 4938 4828
f 4938 4998 4936
f 4998 4997 4936
f 4997 4995 4931
f 4931 4927 4994
f 4994 4992 5036
f 5036 4926 4928
f 4928 4925 4924
f 4924 4809 4701
f 4809 4598 4701
f 5077 5065 5063
f 5065 5051 5063
f 5051 5024 5023
f 5024 4981 5023
f 4981 4897 4780
f 4780 4781 4682
f 4682 4681 4776
f 4776 4894 4890
f 4893 4977 4979
f 4979 4778 4980
f 4778 4981 4980
f 4981 4780 4896
f 4981 4895 4979
f 4769 4872 4759
f 4872 4767 4756
f 4756 4670 4665
f 4670 4465 4665
f 4465 4358 4467
f 4467 4262 4259
f 4262 4040 4154
f 4040 4037 3910
f 4037 3921 3807
f 3807 3676 3543
f 3543 3539 3536
f 3539 3346 3435
f 3435 3255 3338
f 3255 3250 3338
f 3250 3151 3246
f 3151 3059 3145
f 3059 2891 2965
f 2891 2801 2965
f 2801 2809 2710
f 2809 2628 2710
f 2628 2626 2711
f 2626 2544 2540
f 2540 2377 2371
f 2377 2083 2187
f 2083 2078 1964
f 2078 2189 2079
f 2079 1975 1965
f 1975 1974 1965
f 1974 1964 1965
f 2083 2077 2187
f 2077 1871 1867
f 1871 1765 1867
f 1765 1866 1761
f 1866 1768 1960
f 1768 1656 1549
f 1656 1556 1553
f 1556 1440 1553
f 1440 1447 1549
f 1447 1667 1662
f 1667 1457 1452
f 1452 1342 1231
f 1342 1020 1003
f 1003 628 625
f 628 881 625
f 881 1014 1008
f 1008 887 874
f 887 756 747
f 756 528 755
f 528 639 755
f 639 396 444
f 396 394 444
f 394 446 634
f 634 883 884
f 883 745 873
f 745 882 872
f 872 879 865
f 879 737 865
f 737 878 736
f 878 864 736
f 864 992 732
f 992 1108 732
f 1108 1232 1229
f 1232 1455 1229
f 1229 1445 1226
f 1445 1548 1443
f 1548 1658 1653
f 1658 1554 1661
f 1661 1668 1769
f 1769 1771 1868
f 1868 1968 2076
f 2076 2184 2177
f 2184 2181 2177
f 2181 2376 2275
f 2376 2538 2458
f 2538 2542 2718
f 2718 2812 2810
f 2812 2888 2889
f 2888 2814 2975
f 2975 2979 3069
f 3069 3157 3152
f 3157 3252 3152
f 3252 3163 3074
f 3163 3260 3164
f 3260 3257 3341
f 3341 3430 3527
f 3430 3670 3787
f 3670 3905 3787
f 3905 3794 3787
f 3794 3804 3796
f 3804 4031 4021
f 4031 4249 4021
f 4249 4349 4539
f 4349 4558 4539
f 4558 4564 4457
f 4564 4747 4457
f 4747 4669 4960
f 4960 4867 4868
f 4867 4966 4963
f 4966 4969 5046
f 4969 4968 5010
f 4968 4765 4870
f 4765 4759 4671
f 4894 5022 4890
f 5022 5064 5019
f 5064 5077 5076
f 4598 4498 4597
f 4597 4503 4601
f 4503 4501 4392
f 4392 4295 4297
f 4297 4294 4193
f 4193 4192 4085
f 4192 3968 4085
f 3968 3856 3740
f 3856 3612 3740
f 3612 3488 3613
f 3488 3301 3393
f 3301 3216 3393
f 3216 3124 3305
f 3124 2937 3029
f 2937 2938 3029
f 2938 2854 2770
f 2770 2588 2589
f 2589 2501 2502
f 2502 2334 2335
f 2335 2136 2137
f 2137 2224 2335
f 2224 2226 2336
f 2226 2227 2336
f 2227 2229 2421
f 2229 2031 2233
f 2031 1933 2032
f 1933 1727 1728
f 1933 1932 2033
f 1932 1934 1935
f 1934 1837 1937
f 1837 1938 1937
f 1938 1939 2041
f 1939 2043 2041
f 2043 2046 2153
f 2153 2156 2250
f 2156 2051 2160
f 2160 2252 2355
f 2252 2256 2355
f 2256 2362 2361
f 2362 2440 2524
f 2440 2522 2611
f 2522 2605 2611
f 2605 2520 2519
f 2520 2431 2519
f 2431 2516 2519
f 2516 2601 2519
f 2601 2782 2695
f 2782 2780 2869
f 2780 2866 2869
f 2866 2953 3037
f 2953 2864 3037
f 3037 3036 3039
f 3039 3230 3134
f 3230 3313 3316
f 3313 3406 3632
f 3406 3504 3632
f 3504 3762 3761
f 3762 3629 3758
f 3758 3982 3762
f 3982 4199 4201
f 4199 4412 4201
f 4412 4311 4409
f 4409 4405 4411
f 4405 4507 4611
f 4507 4714 4611
f 4714 4710 4939
f 4939 4937 4828
f 4828 4938 4827
f 4938 4936 4827
f 4936 4997 4931
f 4931 4994 4935
f 4994 5036 4930
f 5036 4928 4930
f 4928 4924 4701
f 4701 4598 4704
f 5077 5063 5076
f 5063 5051 5062
f 5051 5023 5062
f 5023 4981 5021
f 4780 4682 4896
f 4682 4776 4679
f 4776 4890 4774
f 4980 4981 4896
f 4759 4872 4961
f 4872 4756 4961
f 4756 4665 4865
f 4665 4465 4561
f 4465 4467 4462
f 4467 4259 4466
f 4259 4262 4154
f 4154 4040 3910
f 3910 4037 3908
f 4037 3807 3802
f 3807 3543 3536
f 3536 3539 3532
f 3539 3435 3431
f 3435 3338 3431
f 3338 3250 3337
f 3250 3246 3428
f 3246 3151 3241
f 3151 3145 3241
f 3145 3059 3239
f 3059 2965 3147
f 2965 2801 2879
f 2801 2710 2879
f 2710 2628 2711
f 2711 2626 2537
f 2626 2540 2537
f 2540 2371 2457
f 2371 2377 2187
f 1964 2078 1961
f 2078 2079 1961
f 2079 1965 1961
f 1965 1964 1961
f 2187 2077 1957
f 2077 1867 1862
f 1867 1765 1761
f 1761 1866 1862
f 1866 1960 1957
f 1960 1768 1874
f 1768 1549 1662
f 1549 1656 1546
f 1656 1553 1655
f 1553 1440 1547
f 1440 1549 1546
f 1549 1447 1662
f 1662 1667 1776
f 1667 1452 1558
f 1452 1231 1227
f 1231 1342 1003
f 1003 625 860
f 625 881 860
f 881 1008 1114
f 1008 874 1124
f 874 887 747
f 747 756 746
f 756 755 885
f 755 639 444
f 444 394 634
f 634 884 444
f 884 883 873
f 873 745 738
f 745 872 738
f 872 865 858
f 865 737 732
f 737 736 732
f 736 864 732
f 732 1108 858
f 1108 1229 858
f 1229 1226 1220
f 1226 1445 1443
f 1443 1548 1543
f 1548 1653 1543
f 1653 1658 1864
f 1658 1661 1864
f 1661 1769 1763
f 1769 1868 1869
f 1868 2076 1953
f 2076 2177 2068
f 2177 2181 2071
f 2181 2275 2178
f 2275 2376 2458
f 2458 2538 2454
f 2538 2718 2712
f 2718 2810 2808
f 2810 2812 2889
f 2889 2888 2972
f 2888 2975 2968
f 2975 3069 2968
f 3069 3152 3061
f 3152 3252 3155
f 3252 3074 3155
f 3074 3163 3164
f 3164 3260 3262
f 3260 3341 3342
f 3341 3527 3342
f 3527 3430 3787
f 3787 3794 3527
f 3794 3796 3790
f 3796 3804 3906
f 3804 4021 3906
f 4021 4249 4133
f 4249 4539 4340
f 4539 4558 4457
f 4457 4747 4555
f 4747 4960 4958
f 4960 4868 4866
f 4868 4867 4963
f 4963 4966 5046
f 5046 4969 5010
f 5010 4968 4870
f 4870 4765 4761
f 4765 4671 4761
f 4671 4759 4666
f 4890 5022 5019
f 5019 5064 5061
f 5064 5076 5061
f 4598 4597 4601
f 4601 4503 4394
f 4503 4392 4393
f 4392 4297 4393
f 4297 4193 4298
f 4193 4085 4086
f 4085 3968 3859
f 3968 3740 3859
f 3740 3612 3613
f 3613 3488 3393
f 3393 3216 3305
f 3305 3124 3218
f 3124 3029 3218
f 3029 2938 3126
f 2938 2770 2771
f 2770 2589 2771
f 2589 2502 2590
f 2502 2335 2504
f 2335 2224 2420
f 2224 2336 2420
f 2336 2227 2506
f 2227 2421 2506
f 2421 2229 2345
f 2229 2233 2345
f 2233 2031 2036
f 2031 2032 2036
f 2032 1933 2033
f 2033 1932 2034
f 1932 1935 2034
f 1935 1934 1937
f 1937 1938 2040
f 1938 2041 2040
f 2041 2043 2151
f 2043 2153 2151
f 2153 2250 2245
f 2250 2156 2251
f 2156 2160 2251
f 2160 2355 2255
f 2355 2256 2361
f 2361 2362 2524
f 2524 2440 2611
f 2611 2605 2699
f 2605 2519 2695
f 2519 2601 2695
f 2695 2782 2696
f 2782 2869 2785
f 2869 2866 2868
f 2866 3037 3039
f 3039 3134 2954
f 3134 3230 3316
f 3316 3313 3506
f 3313 3632 3506
f 3632 3504 3761
f 3761 3762 3986
f 3762 3982 3986
f 3982 4201 4101
f 4201 4412 4203
f 4412 4409 4315
f 4409 4411 4315
f 4411 4405 4514
f 4405 4611 4614
f 4611 4714 4716
f 4714 4939 4828
f 4828 4827 4831
f 4827 4936 4830
f 4936 4931 4935
f 4935 4994 4930
f 4930 4928 4813
f 4928 4701 4813
f 4701 4704 4813
f 4704 4598 4601
f 5076 5063 5075
f 5063 5062 5075
f 5062 5023 5050
f 5023 5021 5050
f 5021 4981 4980
f 4896 4682 4679
f 4679 4776 4774
f 4774 4890 4889
f 4980 4896 4893
f 4759 4961 4666
f 4961 4756 4865
f 4865 4665 4751
f 4665 4561 4751
f 4561 4465 4462
f 4462 4467 4466
f 4466 4259 4563
f 4259 4154 4257
f 4154 3910 4147
f 3910 3908 3801
f 3908 4037 4030
f 4037 3802 4030
f 3802 3807 3536
f 3536 3532 3429
f 3532 3539 3431
f 3431 3338 3427
f 3338 3337 3427
f 3337 3250 3429
f 3250 3428 3429
f 3428 3246 3424
f 3246 3241 3328
f 3241 3145 3237
f 3145 3239 3237
f 3239 3059 3147
f 3147 2965 2879
f 2710 2801 2799
f 2710 2711 2707
f 2711 2537 2536
f 2537 2540 2457
f 2457 2371 2269
f 2371 2187 2176
f 2187 1957 2183
f 1957 2077 1862
f 1862 1867 1761
f 1862 1866 1957
f 1957 1960 2183
f 1960 1874 2183
f 1874 1768 1776
f 1768 1662 1776
f 1546 1656 1655
f 1655 1553 1547
f 1547 1440 1546
f 1776 1667 1874
f 1667 1558 1664
f 1558 1452 1227
f 1227 1231 860
f 1231 1003 860
f 860 881 1114
f 1114 1008 1124
f 1124 874 739
f 874 747 740
f 747 746 740
f 746 756 885
f 885 755 873
f 755 444 884
f 884 873 755
f 873 738 733
f 738 872 859
f 872 858 1001
f 858 865 732
f 858 1229 1001
f 1229 1220 1330
f 1220 1226 1219
f 1226 1443 1219
f 1443 1543 1330
f 1543 1653 1647
f 1653 1864 1859
f 1864 1661 1763
f 1763 1769 1869
f 1869 1868 1954
f 1868 1953 1954
f 1953 2076 2068
f 2068 2177 2069
f 2177 2071 2069
f 2071 2181 2178
f 2178 2275 2270
f 2275 2458 2367
f 2458 2454 2367
f 2454 2538 2622
f 2538 2712 2622
f 2712 2718 2804
f 2718 2808 2804
f 2808 2810 2889
f 2889 2972 2885
f 2972 2888 2971
f 2888 2968 2884
f 2968 3069 3061
f 3061 3152 2971
f 3152 3155 2972
f 3155 3074 3067
f 3074 3164 3165
f 3164 3262 3165
f 3262 3260 3349
f 3260 3342 3349
f 3342 3527 3534
f 3527 3794 3534
f 3794 3790 3534
f 3790 3796 3791
f 3796 3906 3792
f 3906 4021 4028
f 4021 4133 4028
f 4133 4249 4340
f 4340 4539 4457
f 4457 4555 4448
f 4555 4747 4657
f 4747 4958 4849
f 4958 4960 4866
f 4866 4868 4761
f 4868 4963 4964
f 4963 5046 4964
f 5046 5010 4964
f 5010 4870 4868
f 4870 4761 4868
f 4761 4671 4753
f 4671 4666 4568
f 4890 5019 4889
f 5019 5061 5059
f 5061 5076 5074
f 4601 4394 4603
f 4394 4503 4393
f 4393 4297 4396
f 4297 4298 4396
f 4298 4193 4088
f 4193 4086 4088
f 4086 4085 3861
f 4085 3859 3861
f 3859 3740 3745
f 3740 3613 3745
f 3613 3393 3490
f 3393 3305 3490
f 3305 3218 3395
f 3218 3029 3219
f 3029 3126 3219
f 3126 2938 2940
f 2938 2771 2940
f 2771 2589 2590
f 2590 2502 2504
f 2504 2335 2420
f 2420 2336 2506
f 2506 2421 2685
f 2421 2345 2422
f 2345 2233 2236
f 2233 2036 2236
f 2036 2032 2037
f 2032 2033 2037
f 2033 2034 2038
f 2034 1935 2147
f 1935 1937 2040
f 2040 2041 2150
f 2041 2151 2150
f 2151 2153 2245
f 2245 2250 2359
f 2250 2251 2360
f 2251 2160 2255
f 2255 2355 2443
f 2355 2361 2439
f 2361 2524 2523
f 2524 2611 2610
f 2611 2699 2795
f 2699 2605 2697
f 2605 2695 2697
f 2695 2696 2606
f 2696 2782 2785
f 2785 2869 2788
f 2869 2868 2788
f 2868 2866 2954
f 2866 3039 2954
f 2954 3134 2955
f 3134 3316 3318
f 3316 3506 3509
f 3506 3632 3631
f 3632 3761 3631
f 3761 3986 4101
f 3986 3982 4101
f 4101 4201 4203
f 4203 4412 4315
f 4315 4411 4202
f 4411 4514 4416
f 4514 4405 4614
f 4614 4611 4716
f 4716 4714 4832
f 4714 4828 4831
f 4831 4827 4830
f 4830 4936 4825
f 4936 4935 4825
f 4935 4930 4815
f 4930 4813 4815
f 4813 4704 4817
f 4704 4601 4816
f 5076 5075 5074
f 5075 5062 5060
f 5062 5050 5060
f 5050 5021 5020
f 5021 4980 4893
f 4896 4679 4777
f 4679 4774 4677
f 4774 4889 4888
f 4893 4896 4777
f 4666 4961 4864
f 4961 4865 4864
f 4865 4751 4862
f 4751 4561 4649
f 4561 4462 4456
f 4462 4466 4562
f 4466 4563 4562
f 4563 4259 4353
f 4259 4257 4353
f 4257 4154 4147
f 4147 3910 3907
f 3910 3801 3907
f 3801 3908 3799
f 3908 4030 4014
f 4030 3802 3900
f 3802 3536 3663
f 3536 3429 3428
f 3429 3532 3526
f 3532 3431 3427
f 3427 3337 3526
f 3337 3429 3526
f 3428 3424 3521
f 3424 3246 3328
f 3328 3241 3237
f 3237 3239 3326
f 3239 3147 3330
f 3147 2879 3149
f 2710 2799 2619
f 2707 2711 2536
f 2536 2537 2457
f 2457 2269 2366
f 2269 2371 2176
f 2176 2187 2175
f 2187 2183 2175
f 2183 1874 1959
f 1546 1655 1547
f 1874 1667 1664
f 1664 1558 1114
f 1558 1227 1114
f 1227 860 1114
f 1114 1124 993
f 1124 739 880
f 739 874 740
f 740 746 739
f 746 885 880
f 885 873 880
f 873 733 866
f 733 738 523
f 738 859 620
f 859 872 1001
f 1001 1229 1109
f 1229 1330 1109
f 1330 1220 1325
f 1220 1219 1325
f 1219 1443 1325
f 1443 1330 1325
f 1330 1543 1432
f 1543 1647 1432
f 1647 1653 1643
f 1653 1859 1748
f 1859 1864 1955
f 1864 1763 1962
f 1763 1869 1863
f 1869 1954 2071
f 1954 1953 2064
f 1953 2068 2064
f 2068 2069 2064
f 2069 2071 1954
f 2071 2178 2171
f 2178 2270 2171
f 2270 2275 2271
f 2275 2367 2368
f 2367 2454 2450
f 2454 2622 2620
f 2622 2712 2708
f 2712 2804 2708
f 2804 2808 2709
f 2808 2889 2885
f 2885 2972 2969
f 2972 2971 3152
f 2971 2888 2884
f 2884 2968 2966
f 2968 3061 2966
f 3061 2971 2966
f 2972 3155 3062
f 3155 3067 3062
f 3067 3074 3075
f 3074 3165 3075
f 3165 3262 3081
f 3262 3349 3544
f 3349 3342 3544
f 3342 3534 3544
f 3534 3790 3530
f 3790 3791 3658
f 3791 3796 3792
f 3792 3906 3797
f 3906 4028 3797
f 4028 4133 4144
f 4133 4340 4236
f 4340 4457 4345
f 4457 4448 4345
f 4448 4555 4450
f 4555 4657 4450
f 4657 4747 4849
f 4849 4958 5006
f 4958 4866 4850
f 4866 4761 4753
f 4868 4964 5010
f 4753 4671 4568
f 4568 4666 4663
f 4889 5019 5018
f 5019 5059 5018
f 5059 5061 5074
f 4601 4603 4816
f 4603 4394 4399
f 4394 4393 4399
f 4393 4396 4399
f 4396 4298 4300
f 4298 4088 4300
f 4088 4086 3970
f 4086 3861 3969
f 3861 3859 3745
f 3745 3613 3490
f 3490 3305 3395
f 3395 3218 3219
f 3219 3126 3220
f 3126 2940 2941
f 2940 2771 2772
f 2771 2590 2683
f 2590 2504 2683
f 2504 2420 2683
f 2420 2506 2683
f 2506 2685 2683
f 2685 2421 2422
f 2422 2345 2424
f 2345 2236 2424
f 2236 2036 2037
f 2037 2033 2038
f 2038 2034 2146
f 2034 2147 2237
f 2147 1935 2040
f 2040 2150 2149
f 2150 2151 2155
f 2151 2245 2249
f 2245 2359 2354
f 2359 2250 2360
f 2360 2251 2438
f 2251 2255 2438
f 2255 2443 2438
f 2443 2355 2439
f 2439 2361 2523
f 2523 2524 2610
f 2610 2611 2790
f 2611 2795 2790
f 2795 2699 2702
f 2699 2697 2702
f 2697 2695 2606
f 2606 2696 2698
f 2696 2785 2698
f 2785 2788 2698
f 2788 2868 2784
f 2868 2954 2955
f 2955 3134 3138
f 3134 3318 3138
f 3318 3316 3509
f 3509 3506 3636
f 3506 3631 3636
f 3631 3761 3987
f 3761 4101 3987
f 4101 4203 4207
f 4203 4315 4202
f 4202 4411 4416
f 4416 4514 4518
f 4514 4614 4615
f 4614 4716 4718
f 4716 4832 4718
f 4832 4714 4831
f 4831 4830 4713
f 4830 4825 4712
f 4825 4935 4822
f 4935 4815 4822
f 4815 4813 4821
f 4813 4817 4821
f 4817 4704 4816
f 5074 5075 5073
f 5075 5060 5073
f 5060 5050 5049
f 5050 5020 5049
f 5020 5021 4893
f 4777 4679 4892
f 4679 4677 4892
f 4677 4774 4888
f 4888 4889 5018
f 4893 4777 4892
f 4666 4864 4663
f 4864 4865 4862
f 4862 4751 4739
f 4751 4649 4739
f 4649 4561 4449
f 4561 4456 4449
f 4456 4462 4562
f 4562 4563 4656
f 4563 4353 4547
f 4353 4257 4348
f 4257 4147 4252
f 4147 3907 4019
f 3907 3801 3904
f 3801 3799 3669
f 3799 3908 4014
f 4014 4030 4132
f 4030 3900 4132
f 3900 3802 3663
f 3663 3536 3428
f 3526 3532 3427
f 3428 3521 3663
f 3521 3424 3418
f 3424 3328 3418
f 3328 3237 3418
f 3237 3326 3418
f 3326 3239 3330
f 3330 3147 3149
f 2710 2619 2453
f 2619 2799 2616
f 2707 2536 2534
f 2536 2457 2366
f 2366 2269 2175
f 2269 2176 2175
f 2175 2183 2172
f 2183 1959 2172
f 1959 1874 1870
f 1874 1664 1870
f 1664 1114 1223
f 1114 993 989
f 993 1124 880
f 880 739 746
f 880 873 866
f 866 733 734
f 733 523 621
f 523 738 620
f 620 859 728
f 859 1001 1109
f 1109 1330 1217
f 1330 1432 1217
f 1432 1647 1428
f 1647 1643 1745
f 1643 1653 1748
f 1748 1859 1856
f 1859 1955 1856
f 1955 1864 1962
f 1962 1763 1863
f 1863 1869 2071
f 1954 2064 2069
f 2071 2171 2065
f 2171 2270 2265
f 2270 2271 2268
f 2271 2275 2368
f 2368 2367 2450
f 2450 2454 2620
f 2620 2622 2708
f 2708 2804 2709
f 2709 2808 2627
f 2808 2885 2806
f 2885 2969 2883
f 2969 2972 3062
f 2971 2884 2966
f 3062 3067 3063
f 3067 3075 2978
f 3075 3165 3081
f 3081 3262 3083
f 3262 3544 3353
f 3544 3534 3530
f 3530 3790 3658
f 3658 3791 3786
f 3791 3792 3786
f 3792 3797 3665
f 3797 4028 4022
f 4028 4144 4022
f 4144 4133 4134
f 4133 4236 4125
f 4236 4340 4237
f 4340 4345 4237
f 4345 4448 4237
f 4448 4450 4144
f 4450 4657 4556
f 4657 4849 4740
f 4849 5006 4952
f 5006 4958 4850
f 4850 4866 4662
f 4866 4753 4959
f 4753 4568 4748
f 4568 4663 4461
f 5018 5059 5057
f 5059 5074 5072
f 4816 4603 4707
f 4603 4399 4506
f 4399 4396 4398
f 4396 4300 4398
f 4300 4088 4089
f 4088 3970 3971
f 3970 4086 3969
f 3969 3861 3747
f 3861 3745 3747
f 3745 3490 3616
f 3490 3395 3616
f 3395 3219 3396
f 3219 3220 3396
f 3220 3126 3128
f 3126 2941 3128
f 2941 2940 2772
f 2772 2771 2683
f 2683 2685 2855
f 2685 2422 2686
f 2422 2424 2511
f 2424 2236 2351
f 2236 2037 2145
f 2037 2038 2145
f 2038 2146 2145
f 2146 2034 2237
f 2237 2147 2149
f 2147 2040 2149
f 2149 2150 2243
f 2150 2155 2243
f 2155 2151 2249
f 2249 2245 2354
f 2354 2359 2437
f 2359 2360 2442
f 2360 2438 2442
f 2438 2443 2444
f 2443 2439 2526
f 2439 2523 2609
f 2523 2610 2609
f 2610 2790 2789
f 2790 2795 2871
f 2795 2702 2791
f 2702 2697 2787
f 2697 2606 2788
f 2606 2698 2788
f 2788 2784 2787
f 2784 2868 2955
f 2955 3138 2961
f 3138 3318 3137
f 3318 3509 3410
f 3509 3636 3640
f 3636 3631 3876
f 3631 3987 3876
f 3987 4101 4207
f 4207 4203 4202
f 4202 4416 4206
f 4416 4518 4317
f 4518 4514 4615
f 4615 4614 4718
f 4718 4832 4833
f 4832 4831 4713
f 4713 4830 4715
f 4830 4712 4715
f 4712 4825 4822
f 4822 4815 4821
f 4821 4817 4708
f 4817 4816 4820
f 5074 5073 5072
f 5073 5060 5058
f 5060 5049 5058
f 5049 5020 5017
f 5020 4893 4978
f 4892 4677 4772
f 4677 4888 4771
f 4888 5018 5016
f 4893 4892 4978
f 4663 4864 4854
f 4864 4862 5008
f 4862 4739 4845
f 4739 4649 4634
f 4649 4449 4441
f 4449 4456 4341
f 4456 4562 4554
f 4562 4656 4554
f 4656 4563 4547
f 4547 4353 4348
f 4348 4257 4252
f 4252 4147 4247
f 4147 4019 4247
f 4019 3907 4018
f 3907 3904 4018
f 3904 3801 3666
f 3801 3669 3666
f 3669 3799 3662
f 3799 4014 3788
f 4014 4132 4011
f 4132 3900 4008
f 3900 3663 3896
f 3663 3521 3525
f 3521 3418 3420
f 3418 3326 3420
f 3326 3330 3420
f 3330 3149 3423
f 2453 2619 2533
f 2619 2616 2533
f 2616 2799 2707
f 2707 2534 2616
f 2534 2536 2449
f 2536 2366 2449
f 2366 2175 2266
f 2175 2172 2266
f 2172 1959 2058
f 1959 1870 1952
f 1870 1664 1659
f 1664 1223 1659
f 1223 1114 989
f 989 993 731
f 993 880 866
f 866 734 624
f 734 733 730
f 733 621 730
f 621 523 439
f 523 620 439
f 620 728 439
f 728 859 990
f 859 1109 990
f 1109 1217 990
f 1217 1432 1428
f 1428 1647 1744
f 1647 1745 1749
f 1745 1643 1748
f 1748 1856 1745
f 1856 1955 1749
f 1955 1962 2080
f 1962 1863 1958
f 1863 2071 1858
f 2071 2065 1858
f 2065 2171 2168
f 2171 2265 2168
f 2265 2270 2268
f 2268 2271 2170
f 2271 2368 2459
f 2368 2450 2451
f 2450 2620 2531
f 2620 2708 2617
f 2708 2709 2617
f 2709 2627 2459
f 2627 2808 2806
f 2806 2885 2802
f 2885 2883 2802
f 2883 2969 2881
f 2969 3062 3148
f 3062 3063 3148
f 3063 3067 2974
f 3067 2978 2974
f 2978 3075 2980
f 3075 3081 2980
f 3081 3083 2896
f 3083 3262 3267
f 3262 3353 3267
f 3353 3544 3677
f 3544 3530 3541
f 3530 3658 3518
f 3658 3786 3654
f 3786 3792 3659
f 3792 3665 3659
f 3665 3797 3798
f 3797 4022 3798
f 4022 4144 4244
f 4144 4134 4448
f 4134 4133 4126
f 4133 4125 4126
f 4125 4236 4124
f 4236 4237 4124
f 4237 4448 4134
f 4144 4450 4244
f 4450 4556 4540
f 4556 4657 4652
f 4657 4740 4652
f 4740 4849 4952
f 4952 5006 5003
f 5006 4850 4948
f 4850 4662 4743
f 4662 4866 4959
f 4959 4753 4748
f 4748 4568 4461
f 4461 4663 4455
f 5018 5057 5016
f 5057 5059 5072
f 4816 4707 4820
f 4707 4603 4506
f 4506 4399 4402
f 4399 4398 4303
f 4398 4300 4400
f 4300 4089 4302
f 4089 4088 3971
f 3971 3970 3973
f 3970 3969 3973
f 3969 3747 3864
f 3747 3745 3616
f 3616 3395 3618
f 3395 3396 3618
f 3396 3220 3397
f 3220 3128 3222
f 3128 2941 2943
f 2941 2772 2943
f 2772 2683 2855
f 2855 2685 2775
f 2685 2686 2775
f 2686 2422 2511
f 2511 2424 2594
f 2424 2351 2513
f 2351 2236 2145
f 2145 2146 2351
f 2146 2237 2239
f 2237 2149 2242
f 2149 2243 2242
f 2243 2155 2159
f 2155 2249 2254
f 2249 2354 2358
f 2354 2437 2441
f 2437 2359 2442
f 2442 2438 2444
f 2444 2443 2526
f 2526 2439 2609
f 2609 2610 2794
f 2610 2789 2794
f 2789 2790 2871
f 2871 2795 2791
f 2791 2702 2787
f 2787 2697 2788
f 2787 2784 2791
f 2784 2955 2961
f 2961 3138 3137
f 3137 3318 3320
f 3318 3410 3511
f 3410 3509 3643
f 3509 3640 3643
f 3640 3636 3768
f 3636 3876 3768
f 3876 3987 3989
f 3987 4207 4209
f 4207 4202 4206
f 4206 4416 4317
f 4317 4518 4415
f 4518 4615 4517
f 4615 4718 4719
f 4718 4833 4940
f 4833 4832 4713
f 4713 4715 4613
f 4715 4712 4509
f 4712 4822 4606
f 4822 4821 4606
f 4821 4708 4709
f 4708 4817 4820
f 5072 5073 5056
f 5073 5058 5056
f 5058 5049 5017
f 5017 5020 4978
f 4892 4772 4975
f 4772 4677 4771
f 4771 4888 4887
f 4888 5016 4887
f 4978 4892 4975
f 4663 4854 4552
f 4854 4864 5008
f 5008 4862 4951
f 4862 4845 4738
f 4845 4739 4729
f 4739 4634 4729
f 4634 4649 4441
f 4441 4449 4341
f 4341 4456 4247
f 4456 4554 4446
f 4554 4656 4650
f 4656 4547 4642
f 4547 4348 4447
f 4348 4252 4342
f 4252 4247 4342
f 4247 4019 4136
f 4019 4018 4013
f 4018 3904 4010
f 3904 3666 4010
f 3666 3669 3520
f 3669 3662 3520
f 3662 3799 3788
f 3788 4014 4011
f 4011 4132 4008
f 4008 3900 3896
f 3896 3663 3655
f 3663 3525 3655
f 3525 3521 3420
f 3420 3330 3423
f 3423 3149 3333
f 2453 2533 2449
f 2533 2616 2530
f 2616 2534 2530
f 2534 2449 2533
f 2449 2366 2266
f 2266 2172 2058
f 2058 1959 1952
f 1952 1870 1659
f 1659 1223 1218
f 1223 989 1218
f 989 731 856
f 731 993 624
f 993 866 624
f 624 734 622
f 734 730 622
f 730 621 729
f 621 439 727
f 439 728 727
f 728 990 857
f 990 1217 857
f 1217 1428 1107
f 1428 1744 1641
f 1744 1647 1749
f 1749 1745 1856
f 1749 1955 2073
f 1955 2080 2073
f 2080 1962 1958
f 1958 1863 1858
f 1858 2065 1951
f 2065 2168 2164
f 2168 2265 2163
f 2265 2268 2164
f 2268 2170 2164
f 2170 2271 2173
f 2271 2459 2375
f 2459 2368 2455
f 2368 2451 2455
f 2451 2450 2531
f 2531 2620 2617
f 2617 2709 2455
f 2709 2459 2455
f 2459 2627 2375
f 2627 2806 2714
f 2806 2802 2714
f 2802 2883 2800
f 2883 2881 2800
f 2881 2969 3057
f 2969 3148 3057
f 3148 3063 3060
f 3063 2974 3060
f 2974 2978 2890
f 2978 2980 2892
f 2980 3081 2896
f 2896 3083 2820
f 3083 3267 2903
f 3267 3353 3555
f 3353 3677 3555
f 3677 3544 3541
f 3541 3530 3531
f 3530 3518 3531
f 3518 3658 3654
f 3654 3786 3659
f 3659 3665 3519
f 3665 3798 3535
f 3798 4022 3909
f 4022 4244 4135
f 4134 4126 4237
f 4126 4125 4124
f 4124 4237 4126
f 4244 4450 4540
f 4540 4556 4541
f 4556 4652 4658
f 4652 4740 4733
f 4740 4952 4840
f 4952 5003 4840
f 5003 5006 4948
f 4948 4850 4846
f 4850 4743 4846
f 4743 4662 4658
f 4662 4959 4852
f 4959 4748 4954
f 4748 4461 4659
f 4461 4455 4551
f 4455 4663 4552
f 5016 5057 5048
f 5057 5072 5055
f 4820 4707 4708
f 4707 4506 4604
f 4506 4402 4608
f 4402 4399 4305
f 4399 4303 4305
f 4303 4398 4400
f 4400 4300 4302
f 4302 4089 4304
f 4089 3971 3976
f 3971 3973 3975
f 3973 3969 3864
f 3864 3747 3619
f 3747 3616 3619
f 3616 3618 3619
f 3618 3396 3492
f 3396 3397 3494
f 3397 3220 3222
f 3222 3128 3129
f 3128 2943 3129
f 2943 2772 2855
f 2855 2775 2856
f 2775 2686 2857
f 2686 2511 2777
f 2511 2594 2777
f 2594 2424 2513
f 2513 2351 2427
f 2351 2146 2239
f 2239 2237 2427
f 2237 2242 2427
f 2242 2243 2430
f 2243 2159 2248
f 2159 2155 2254
f 2254 2249 2358
f 2358 2354 2441
f 2441 2437 2527
f 2437 2442 2527
f 2442 2444 2614
f 2444 2526 2614
f 2526 2609 2614
f 2609 2794 2793
f 2794 2789 2960
f 2789 2871 2960
f 2871 2791 2784
f 2784 2961 2871
f 2961 3137 2871
f 3137 3320 3322
f 3320 3318 3511
f 3511 3410 3643
f 3643 3640 3511
f 3640 3768 3639
f 3768 3876 3878
f 3876 3989 3988
f 3989 3987 4209
f 4209 4207 4206
f 4206 4317 4103
f 4317 4415 4208
f 4415 4518 4517
f 4517 4615 4719
f 4719 4718 4940
f 4940 4833 4717
f 4833 4713 4717
f 4713 4613 4717
f 4613 4715 4513
f 4715 4509 4513
f 4509 4712 4508
f 4712 4606 4508
f 4606 4821 4709
f 4709 4708 4604
f 5072 5056 5055
f 5056 5058 5047
f 5058 5017 5015
f 5017 4978 4975
f 4975 4772 4974
f 4772 4771 4974
f 4771 4887 4886
f 4887 5016 5014
f 4552 4854 4737
f 4854 5008 4947
f 5008 4951 5002
f 4951 4862 4738
f 4738 4845 4728
f 4845 4729 4728
f 4729 4634 4727
f 4634 4441 4530
f 4441 4341 4438
f 4341 4247 4245
f 4247 4456 4446
f 4446 4554 4650
f 4650 4656 4642
f 4642 4547 4447
f 4447 4348 4342
f 4342 4247 4446
f 4247 4136 4245
f 4136 4019 4013
f 4013 4018 4010
f 4010 3666 3895
f 3666 3520 3422
f 3520 3662 3788
f 3788 4011 3783
f 4011 4008 3893
f 4008 3896 3894
f 3896 3655 3894
f 3655 3525 3520
f 3525 3420 3423
f 3423 3333 3525
f 3333 3149 3336
f 2453 2449 2266
f 2533 2530 2534
f 2266 2058 2259
f 2058 1952 1851
f 1952 1659 1648
f 1659 1218 1648
f 1218 989 856
f 856 731 623
f 731 624 623
f 624 622 623
f 622 730 729
f 729 621 727
f 727 728 726
f 728 857 855
f 857 1217 1107
f 1107 1428 1216
f 1428 1641 1216
f 1641 1744 1947
f 1744 1749 2057
f 1749 2073 2057
f 2073 2080 2188
f 2080 1958 2072
f 1958 1858 2070
f 1858 1951 2070
f 1951 2065 2061
f 2065 2164 2061
f 2164 2168 2163
f 2163 2265 2164
f 2164 2170 2061
f 2170 2173 2070
f 2173 2271 2278
f 2271 2375 2278
f 2455 2451 2617
f 2451 2531 2617
f 2375 2627 2543
f 2627 2714 2717
f 2714 2802 2800
f 2800 2881 2880
f 2881 3057 3056
f 3057 3148 3146
f 3148 3060 3146
f 3060 2974 2967
f 2974 2890 2886
f 2890 2978 2892
f 2892 2980 2723
f 2980 2896 2723
f 2896 2820 2726
f 2820 3083 2903
f 2903 3267 3091
f 3267 3555 3275
f 3555 3677 3933
f 3677 3541 3806
f 3541 3531 3535
f 3531 3518 3519
f 3518 3654 3519
f 3654 3659 3519
f 3519 3665 3535
f 3535 3798 3673
f 3798 3909 3673
f 3909 4022 4145
f 4022 4135 4145
f 4135 4244 4238
f 4244 4540 4535
f 4540 4541 4535
f 4541 4556 4658
f 4658 4652 4653
f 4652 4733 4653
f 4733 4740 4840
f 4840 5003 4948
f 4948 4846 4734
f 4846 4743 4734
f 4743 4658 4653
f 4658 4662 4646
f 4662 4852 4557
f 4852 4959 5045
f 4959 4954 5045
f 4954 4748 4659
f 4659 4461 4453
f 4461 4551 4550
f 4551 4455 4538
f 4455 4552 4445
f 5016 5048 5014
f 5048 5057 5055
f 4708 4707 4604
f 4604 4506 4608
f 4608 4402 4510
f 4402 4305 4308
f 4305 4303 4196
f 4303 4400 4304
f 4400 4302 4304
f 4304 4089 4196
f 4089 3976 4196
f 3976 3971 3975
f 3975 3973 3974
f 3973 3864 3974
f 3864 3619 3621
f 3619 3618 3620
f 3618 3492 3623
f 3492 3396 3494
f 3494 3397 3495
f 3397 3222 3399
f 3222 3129 3224
f 3129 2943 2945
f 2943 2855 2945
f 2855 2856 2945
f 2856 2775 2858
f 2775 2857 2858
f 2857 2686 2777
f 2777 2594 2688
f 2594 2513 2688
f 2513 2427 2515
f 2427 2351 2239
f 2427 2242 2515
f 2242 2430 2515
f 2430 2243 2248
f 2248 2159 2258
f 2159 2254 2258
f 2254 2358 2258
f 2358 2441 2434
f 2441 2527 2612
f 2527 2442 2613
f 2442 2614 2613
f 2614 2609 2793
f 2793 2794 2877
f 2794 2960 2963
f 2960 2871 3137
f 3137 3322 3140
f 3322 3320 3513
f 3320 3511 3513
f 3511 3640 3639
f 3639 3768 3879
f 3768 3878 3993
f 3878 3876 3988
f 3988 3989 4107
f 3989 4209 4107
f 4209 4206 4319
f 4206 4103 4319
f 4103 4317 4208
f 4208 4415 4205
f 4415 4517 4316
f 4517 4719 4516
f 4719 4940 4717
f 4717 4613 4516
f 4613 4513 4408
f 4513 4509 4310
f 4509 4508 4309
f 4508 4606 4609
f 4606 4709 4609
f 4709 4604 4711
f 5055 5056 5047
f 5047 5058 5015
f 5015 5017 4974
f 5017 4975 4974
f 4974 4771 4973
f 4771 4886 4973
f 4886 4887 4972
f 4887 5014 4972
f 4552 4737 4641
f 4737 4854 4947
f 4947 5008 5002
f 5002 4951 4836
f 4951 4738 4836
f 4738 4728 4633
f 4728 4729 4726
f 4729 4727 4726
f 4727 4634 4530
f 4530 4441 4438
f 4438 4341 4245
f 4446 4650 4442
f 4650 4642 4442
f 4642 4447 4442
f 4447 4342 4442
f 4342 4446 4442
f 4245 4136 4131
f 4136 4013 4131
f 4013 4010 4131
f 4010 3895 4123
f 3895 3666 3660
f 3666 3422 3660
f 3422 3520 3417
f 3520 3788 3783
f 3783 4011 3893
f 3893 4008 3894
f 3894 3655 3893
f 3655 3520 3783
f 3520 3525 3333
f 3333 3336 3422
f 3336 3149 3066
f 2266 2259 2452
f 2259 2058 2056
f 2058 1851 2056
f 1851 1952 1648
f 1648 1218 1322
f 1218 856 1322
f 856 623 725
f 623 622 725
f 622 729 724
f 729 727 724
f 727 726 724
f 726 728 855
f 855 857 1107
f 1107 1216 988
f 1216 1641 1534
f 1641 1947 1849
f 1947 1744 2057
f 2057 2073 2272
f 2073 2188 2272
f 2188 2080 2185
f 2080 2072 2278
f 2072 1958 2070
f 2070 1951 2061
f 2164 2061 2162
f 2061 2170 2070
f 2070 2173 2072
f 2173 2278 2072
f 2278 2375 2280
f 2375 2543 2463
f 2543 2627 2721
f 2627 2717 2721
f 2717 2714 2803
f 2714 2800 2803
f 2800 2880 2882
f 2880 2881 3056
f 3056 3057 3146
f 3146 3060 3058
f 3060 2967 3058
f 2967 2974 2886
f 2886 2890 2803
f 2890 2892 2721
f 2892 2723 2721
f 2723 2896 2634
f 2896 2726 2634
f 2726 2820 2903
f 2903 3091 2906
f 3091 3267 3275
f 3275 3555 3691
f 3555 3933 3691
f 3933 3677 3813
f 3677 3806 3813
f 3806 3541 3535
f 3535 3531 3519
f 3535 3673 3806
f 3673 3909 3926
f 3909 4145 3916
f 4145 4135 4128
f 4135 4238 4128
f 4238 4244 4333
f 4244 4535 4333
f 4535 4541 4532
f 4541 4658 4646
f 4653 4733 4734
f 4733 4840 4734
f 4840 4948 4734
f 4734 4743 4653
f 4646 4662 4557
f 4557 4852 4847
f 4852 5045 4847
f 5045 4954 4843
f 4954 4659 4843
f 4659 4453 4654
f 4453 4461 4550
f 4550 4551 4529
f 4551 4538 4529
f 4538 4455 4437
f 4455 4445 4347
f 4445 4552 4641
f 5014 5048 5013
f 5048 5055 5011
f 4604 4608 4711
f 4608 4510 4612
f 4510 4402 4308
f 4308 4305 4094
f 4305 4196 4094
f 4196 4303 4304
f 4196 3976 4093
f 3976 3975 3978
f 3975 3974 3978
f 3974 3864 3621
f 3621 3619 3620
f 3620 3618 3623
f 3623 3492 3494
f 3494 3495 3620
f 3495 3397 3399
f 3399 3222 3224
f 3224 3129 3030
f 3129 2945 3030
f 2945 2856 2947
f 2856 2858 2947
f 2858 2857 2860
f 2857 2777 2860
f 2777 2688 2860
f 2688 2513 2691
f 2513 2515 2600
f 2515 2430 2518
f 2430 2248 2432
f 2248 2258 2357
f 2258 2358 2357
f 2358 2434 2357
f 2434 2441 2525
f 2612 2527 2613
f 2613 2614 2793
f 2793 2877 2874
f 2877 2794 2878
f 2794 2963 2878
f 2963 2960 3143
f 2960 3137 3140
f 3140 3322 3143
f 3322 3513 3644
f 3513 3511 3639
f 3639 3879 3769
f 3879 3768 3993
f 3993 3878 4105
f 3878 3988 4105
f 3988 4107 4106
f 4107 4209 4319
f 4319 4103 4106
f 4103 4208 4105
f 4208 4205 4212
f 4205 4415 4316
f 4316 4517 4314
f 4517 4516 4314
f 4516 4719 4717
f 4516 4613 4408
f 4408 4513 4313
f 4513 4310 4313
f 4310 4509 4309
f 4309 4508 4511
f 4508 4609 4610
f 4609 4709 4711
f 5055 5047 5011
f 5047 5015 4970
f 5015 4974 4970
f 4974 4973 4970
f 4973 4886 4883
f 4886 4972 4881
f 4972 5014 4971
f 4641 4737 4836
f 4737 4947 4836
f 4947 5002 4836
f 4836 4738 4641
f 4738 4633 4641
f 4633 4728 4726
f 4726 4727 4530
f 4530 4438 4633
f 4438 4245 4241
f 4245 4131 4241
f 4131 4010 4234
f 4010 4123 4234
f 4123 3895 4007
f 3895 3660 3782
f 3660 3422 3516
f 3422 3417 3325
f 3417 3520 3333
f 3783 3893 3655
f 3333 3422 3325
f 3422 3336 3332
f 3336 3066 3156
f 3066 3149 2970
f 1851 2058 1852
f 1851 1648 1642
f 1648 1322 1642
f 1322 856 1106
f 856 725 854
f 725 622 724
f 724 726 723
f 726 855 723
f 855 1107 988
f 988 1216 1104
f 1216 1534 1319
f 1534 1641 1740
f 1641 1849 1740
f 1849 1947 2053
f 1947 2057 2165
f 2057 2272 2165
f 2272 2188 2378
f 2188 2185 2285
f 2185 2080 2278
f 2278 2280 2185
f 2280 2375 2463
f 2463 2543 2723
f 2543 2721 2723
f 2721 2717 2890
f 2717 2803 2890
f 2803 2800 2882
f 2882 2880 2964
f 2880 3056 2964
f 3056 3146 3055
f 3146 3058 3055
f 3058 2967 2882
f 2967 2886 2882
f 2886 2803 2882
f 2723 2634 2546
f 2634 2726 2639
f 2726 2903 2731
f 2903 2906 2645
f 2906 3091 2910
f 3091 3275 3177
f 3275 3691 3447
f 3691 3933 3936
f 3933 3813 4050
f 3813 3806 3925
f 3806 3673 3925
f 3673 3926 3925
f 3926 3909 3916
f 3916 4145 4036
f 4145 4128 4023
f 4128 4238 4235
f 4238 4333 4235
f 4333 4535 4532
f 4532 4541 4646
f 4646 4557 4638
f 4557 4847 4654
f 4847 5045 4843
f 4843 4659 4654
f 4654 4453 4557
f 4453 4550 4543
f 4550 4529 4631
f 4529 4538 4630
f 4538 4437 4433
f 4437 4455 4347
f 4347 4445 4241
f 4445 4641 4438
f 5014 5013 5010
f 5013 5048 5011
f 4711 4608 4612
f 4612 4510 4515
f 4510 4308 4406
f 4308 4094 4197
f 4094 4196 4093
f 4093 3976 3978
f 3978 3974 3626
f 3974 3621 3626
f 3621 3620 3495
f 3620 3623 3494
f 3495 3399 3626
f 3399 3224 3401
f 3224 3030 3130
f 3030 2945 2948
f 2945 2947 2948
f 2947 2858 2950
f 2858 2860 2950
f 2860 2688 2862
f 2688 2691 2862
f 2691 2513 2600
f 2600 2515 2603
f 2515 2518 2603
f 2518 2430 2432
f 2432 2248 2357
f 2357 2434 2432
f 2434 2525 2700
f 2612 2613 2704
f 2613 2793 2874
f 2874 2877 3050
f 2877 2878 3053
f 2878 2963 3052
f 2963 3143 3052
f 3143 2960 3140
f 3143 3322 3142
f 3322 3644 3412
f 3644 3513 3769
f 3513 3639 3769
f 3769 3879 3994
f 3879 3993 4111
f 3993 4105 4109
f 4105 3988 4106
f 4106 4107 4319
f 4106 4103 4105
f 4105 4208 4213
f 4208 4212 4213
f 4212 4205 4211
f 4205 4316 4321
f 4316 4314 4418
f 4314 4516 4414
f 4516 4408 4414
f 4408 4313 4413
f 4313 4310 4098
f 4310 4309 4200
f 4309 4511 4407
f 4511 4508 4610
f 4610 4609 4711
f 5011 5047 5012
f 5047 4970 5012
f 4970 4973 4879
f 4973 4883 4770
f 4883 4886 4881
f 4881 4972 4880
f 4972 4971 4880
f 4971 5014 4885
f 4641 4633 4438
f 4633 4726 4530
f 4438 4241 4445
f 4241 4131 4234
f 4234 4123 4232
f 4123 4007 4232
f 4007 3895 3782
f 3782 3660 3516
f 3516 3422 3327
f 3325 3417 3324
f 3417 3333 3329
f 3333 3325 3242
f 3422 3332 3327
f 3332 3336 3253
f 3336 3156 3253
f 3156 3066 2893
f 3066 2970 2893
f 1851 1642 1948
f 1642 1322 1321
f 1322 1106 1321
f 1106 856 854
f 854 725 853
f 725 724 853
f 724 723 853
f 723 855 852
f 855 988 852
f 988 1104 849
f 1104 1216 1319
f 1319 1534 1533
f 1534 1740 1738
f 1740 1849 1741
f 1849 2053 1946
f 2053 1947 2165
f 2165 2272 2276
f 2272 2378 2276
f 2378 2188 2285
f 2285 2185 2284
f 2185 2280 2284
f 2280 2463 2284
f 2463 2723 2546
f 2882 2964 3058
f 2964 3056 3054
f 3056 3055 3054
f 3055 3058 2964
f 2546 2634 2552
f 2634 2639 2552
f 2639 2726 2731
f 2731 2903 2645
f 2645 2906 2736
f 2906 2910 2736
f 2910 3091 3177
f 3177 3275 3447
f 3447 3691 3696
f 3691 3936 4056
f 3936 3933 4050
f 4050 3813 4046
f 3813 3925 4046
f 3925 3926 4046
f 3926 3916 3928
f 4036 4145 4023
f 4023 4128 4129
f 4128 4235 4328
f 4235 4333 4532
f 4532 4646 4533
f 4646 4638 4533
f 4638 4557 4543
f 4654 4847 4843
f 4557 4453 4543
f 4543 4550 4631
f 4631 4529 4525
f 4529 4630 4629
f 4630 4538 4433
f 4433 4437 4234
f 4437 4347 4241
f 5014 5010 4969
f 5010 5013 5009
f 5013 5011 5009
f 4711 4612 4610
f 4612 4515 4512
f 4515 4510 4406
f 4406 4308 4197
f 4197 4094 4097
f 4094 4093 4096
f 4093 3978 4096
f 3978 3626 3757
f 3626 3621 3495
f 3626 3399 3401
f 3401 3224 3309
f 3224 3130 3309
f 3130 3030 3031
f 3030 2948 3031
f 2948 2947 2950
f 2950 2860 2861
f 2860 2862 2861
f 2862 2691 2952
f 2691 2600 2693
f 2600 2603 2693
f 2603 2518 2604
f 2518 2432 2521
f 2432 2434 2608
f 2434 2700 2608
f 2700 2525 2701
f 2612 2704 2703
f 2704 2613 2874
f 2874 3050 3049
f 3050 2877 3053
f 3053 2878 3052
f 3052 3143 3051
f 3143 3142 3051
f 3142 3322 3412
f 3412 3644 3642
f 3644 3769 3642
f 3769 3994 3992
f 3994 3879 4111
f 4111 3993 4110
f 3993 4109 4110
f 4109 4105 4213
f 4213 4212 4215
f 4212 4211 4215
f 4211 4205 4321
f 4321 4316 4418
f 4418 4314 4414
f 4414 4408 4413
f 4413 4313 4204
f 4313 4098 4204
f 4098 4310 4200
f 4200 4309 4198
f 4309 4407 4198
f 4407 4511 4512
f 4511 4610 4512
f 5011 5012 4878
f 5012 4970 4965
f 4970 4879 4965
f 4879 4973 4770
f 4770 4883 4766
f 4883 4881 4878
f 4881 4880 4876
f 4880 4971 4885
f 4885 5014 4969
f 4241 4234 4437
f 4234 4232 4433
f 4232 4007 4121
f 4007 3782 3516
f 3516 3327 3515
f 3325 3324 3242
f 3324 3417 3329
f 3329 3333 3242
f 3327 3332 3150
f 3332 3253 3150
f 3253 3156 3079
f 3156 2893 3079
f 2893 2970 2720
f 1851 1948 2166
f 1948 1642 1640
f 1642 1321 1640
f 1321 1106 1105
f 1106 854 851
f 854 853 851
f 853 723 852
f 852 988 850
f 988 849 850
f 849 1104 985
f 1104 1319 1215
f 1319 1533 1215
f 1533 1534 1738
f 1738 1740 1739
f 1740 1741 1739
f 1741 1849 1946
f 1946 2053 2054
f 2053 2165 2260
f 2165 2276 2260
f 2276 2378 2466
f 2378 2285 2471
f 2285 2284 2384
f 2284 2463 2382
f 2463 2546 2382
f 2964 3054 3055
f 2546 2552 2382
f 2552 2639 2470
f 2639 2731 2558
f 2731 2645 2558
f 2645 2736 2474
f 2736 2910 2650
f 2910 3177 2833
f 3177 3447 3180
f 3447 3696 3701
f 3696 3691 4056
f 4056 3936 4163
f 3936 4050 4163
f 4050 4046 4159
f 4046 3926 4047
f 3926 3928 4047
f 4036 4023 3917
f 4023 4129 4024
f 4129 4128 4233
f 4128 4328 4233
f 4328 4235 4532
f 4532 4533 4328
f 4533 4638 4528
f 4638 4543 4528
f 4543 4631 4528
f 4631 4525 4432
f 4525 4529 4629
f 4629 4630 4526
f 4630 4433 4526
f 4969 5010 4967
f 5010 5009 4967
f 5009 5011 4871
f 4610 4612 4512
f 4512 4515 4410
f 4515 4406 4410
f 4406 4197 4410
f 4197 4097 3981
f 4097 4094 4096
f 4096 3978 3757
f 3757 3626 3497
f 3626 3401 3497
f 3401 3309 3499
f 3309 3130 3226
f 3130 3031 3033
f 3031 2948 2949
f 2948 2950 2949
f 2950 2861 2949
f 2861 2862 2951
f 2862 2952 2951
f 2952 2691 2865
f 2691 2693 2865
f 2693 2603 2604
f 2604 2518 2521
f 2521 2432 2608
f 2608 2700 2786
f 2700 2701 2873
f 2701 2525 2612
f 2612 2703 2701
f 2703 2704 2706
f 2704 2874 2876
f 2874 3049 2962
f 3049 3050 3051
f 3050 3053 3051
f 3053 3052 3051
f 3051 3142 3049
f 3142 3412 3236
f 3412 3642 3411
f 3642 3769 3767
f 3769 3992 3767
f 3992 3994 4216
f 3994 4111 4217
f 4111 4110 4217
f 4110 4109 4215
f 4109 4213 4215
f 4215 4211 4216
f 4211 4321 4320
f 4321 4418 4419
f 4418 4414 4419
f 4414 4413 4417
f 4413 4204 4318
f 4204 4098 3985
f 4098 4200 3983
f 4200 4198 4099
f 4198 4407 4312
f 4407 4512 4410
f 5011 4878 4871
f 4878 5012 4965
f 4965 4879 4873
f 4879 4770 4873
f 4770 4766 4762
f 4766 4883 4878
f 4878 4881 4877
f 4881 4876 4877
f 4876 4880 4768
f 4880 4885 4768
f 4885 4969 4884
f 4433 4232 4526
f 4232 4121 4326
f 4121 4007 3781
f 4007 3516 3781
f 3516 3515 3781
f 3515 3327 3238
f 3242 3324 3329
f 3327 3150 3238
f 3150 3253 3076
f 3253 3079 3076
f 3079 2893 2816
f 2893 2720 2722
f 2720 2970 2887
f 2166 1948 2055
f 1948 1640 2055
f 1640 1321 1535
f 1321 1105 1320
f 1105 1106 851
f 851 853 850
f 853 852 850
f 850 849 619
f 849 985 722
f 985 1104 1215
f 1215 1533 1532
f 1533 1738 1735
f 1738 1739 1736
f 1739 1741 1742
f 1741 1946 1742
f 1946 2054 1850
f 2054 2053 2264
f 2053 2260 2264
f 2260 2276 2372
f 2276 2466 2547
f 2466 2378 2471
f 2471 2285 2384
f 2384 2284 2382
f 2382 2552 2386
f 2552 2470 2386
f 2470 2639 2558
f 2558 2645 2390
f 2645 2474 2390
f 2474 2736 2650
f 2650 2910 2833
f 2833 3177 3180
f 3180 3447 3368
f 3447 3701 3368
f 3701 3696 3944
f 3696 4056 3944
f 4056 4163 4057
f 4163 4050 4159
f 4159 4046 4047
f 3917 4023 4024
f 4024 4129 4130
f 4129 4233 4330
f 4233 4328 4330
f 4328 4533 4528
f 4528 4631 4432
f 4432 4525 4329
f 4525 4629 4725
f 4629 4526 4326
f 4969 4967 4875
f 4967 5009 4962
f 5009 4871 4962
f 4410 4197 4312
f 4197 3981 4312
f 3981 4097 3980
f 4097 4096 3980
f 4096 3757 3869
f 3757 3497 3630
f 3497 3401 3499
f 3499 3309 3402
f 3309 3226 3310
f 3226 3130 3033
f 3033 3031 2949
f 2949 2861 2951
f 2951 2952 3035
f 2952 2865 3038
f 2865 2693 2781
f 2693 2604 2694
f 2604 2521 2607
f 2521 2608 2607
f 2608 2786 2607
f 2786 2700 2873
f 2873 2701 2792
f 2701 2703 2792
f 2703 2706 2705
f 2706 2704 2797
f 2704 2876 2797
f 2876 2874 2875
f 2874 2962 2875
f 2962 3049 3048
f 3049 3142 3236
f 3236 3412 3321
f 3412 3411 3321
f 3411 3642 3638
f 3642 3767 3638
f 3767 3992 3991
f 3992 4216 3991
f 4216 3994 4217
f 4217 4110 4215
f 4215 4216 4217
f 4216 4211 3991
f 4211 4320 4108
f 4320 4321 4419
f 4419 4414 4417
f 4417 4413 4318
f 4318 4204 4102
f 4204 3985 4102
f 3985 4098 3983
f 3983 4200 4099
f 4099 4198 4312
f 4312 4407 4410
f 4871 4878 4877
f 4878 4965 4766
f 4965 4873 4766
f 4873 4770 4762
f 4762 4766 4873
f 4877 4876 4870
f 4876 4768 4764
f 4768 4885 4884
f 4884 4969 4875
f 4526 4232 4326
f 4326 4121 4428
f 4121 3781 4229
f 3781 3515 4004
f 3515 3238 3415
f 3238 3150 3065
f 3150 3076 3065
f 3076 3079 2990
f 3079 2816 2985
f 2816 2893 2631
f 2893 2722 2631
f 2722 2720 2541
f 2720 2887 2807
f 2166 2055 2261
f 2055 1640 1743
f 1640 1535 1639
f 1535 1321 1320
f 1320 1105 987
f 1105 851 521
f 851 850 522
f 850 619 522
f 619 849 722
f 722 985 618
f 985 1215 1214
f 1215 1532 1214
f 1532 1533 1735
f 1735 1738 1736
f 1736 1739 1737
f 1739 1742 1737
f 1742 1946 1850
f 1850 2054 2055
f 2054 2264 2261
f 2264 2260 2372
f 2372 2276 2547
f 2547 2466 2730
f 2466 2471 2643
f 2471 2384 2387
f 2384 2382 2387
f 2382 2386 2387
f 2386 2470 2291
f 2470 2558 2390
f 2390 2474 2200
f 2474 2650 2206
f 2650 2833 2570
f 2833 3180 3101
f 3180 3368 3101
f 3368 3701 3579
f 3701 3944 3827
f 3944 4056 4057
f 4057 4163 4165
f 4163 4159 4165
f 4159 4047 4161
f 3917 4024 3918
f 4024 4130 4025
f 4130 4129 4330
f 4330 4328 4432
f 4328 4528 4432
f 4432 4329 4330
f 4329 4525 4431
f 4525 4725 4628
f 4725 4629 4627
f 4629 4326 4627
f 4875 4967 4869
f 4967 4962 4869
f 4962 4871 4870
f 4312 3981 4099
f 3981 3980 3870
f 3980 4096 3869
f 3869 3757 3759
f 3757 3630 3759
f 3630 3497 3502
f 3497 3499 3501
f 3499 3402 3505
f 3402 3309 3310
f 3310 3226 3132
f 3226 3033 3035
f 3033 2949 2951
f 2951 3035 3033
f 3035 2952 3038
f 3038 2865 3040
f 2865 2781 2867
f 2781 2693 2694
f 2694 2604 2607
f 2607 2786 2694
f 2786 2873 2958
f 2873 2792 2959
f 2792 2703 2705
f 2705 2706 2798
f 2706 2797 2798
f 2797 2876 2875
f 2875 2962 2872
f 2962 3048 2872
f 3048 3049 3236
f 3236 3321 3235
f 3321 3411 3413
f 3411 3638 3641
f 3638 3767 3766
f 3767 3991 3990
f 3991 4211 4108
f 4108 4320 4214
f 4320 4419 4210
f 4419 4417 4210
f 4417 4318 4210
f 4318 4102 4104
f 4102 3985 3875
f 3985 3983 3874
f 3983 4099 4100
f 4871 4877 4870
f 4870 4876 4760
f 4876 4764 4760
f 4764 4768 4763
f 4768 4884 4763
f 4884 4875 4763
f 4326 4428 4627
f 4428 4121 4229
f 4229 3781 4004
f 4004 3515 3891
f 3515 3415 3647
f 3415 3238 3144
f 3238 3065 3144
f 3065 3076 3078
f 3076 2990 3078
f 2990 3079 2985
f 2985 2816 2727
f 2816 2631 2551
f 2631 2722 2541
f 2541 2720 2625
f 2720 2807 2625
f 2166 2261 2374
f 2261 2055 2054
f 2055 1743 1850
f 1743 1640 1639
f 1639 1535 1638
f 1535 1320 1318
f 1320 987 1318
f 987 1105 521
f 521 851 522
f 522 619 437
f 619 722 520
f 722 618 520
f 618 985 847
f 985 1214 847
f 1214 1532 1211
f 1532 1735 1734
f 1735 1736 1734
f 1736 1737 1636
f 1737 1742 1639
f 1742 1850 1743
f 2261 2264 2373
f 2264 2372 2373
f 2372 2547 2548
f 2547 2730 2641
f 2730 2466 2643
f 2643 2471 2559
f 2471 2387 2559
f 2387 2386 2288
f 2386 2291 2288
f 2291 2470 2390
f 2390 2200 2197
f 2200 2474 2206
f 2206 2650 2304
f 2650 2570 2304
f 2570 2833 2834
f 2833 3101 2834
f 3101 3368 3370
f 3368 3579 3370
f 3579 3701 3827
f 3827 3944 3945
f 3944 4057 3945
f 4057 4165 4059
f 4165 4159 4161
f 3918 4024 4025
f 4025 4130 4240
f 4130 4330 4329
f 4329 4431 4239
f 4431 4525 4628
f 4628 4725 4724
f 4725 4627 4724
f 4875 4869 4763
f 4869 4962 4757
f 4962 4870 4757
f 4099 3981 4100
f 3981 3870 4100
f 3870 3980 3871
f 3980 3869 3871
f 3869 3759 3871
f 3759 3630 3760
f 3630 3502 3503
f 3502 3497 3501
f 3501 3499 3505
f 3505 3402 3404
f 3402 3310 3404
f 3310 3132 3228
f 3132 3226 3035
f 3035 3038 3132
f 3038 3040 3133
f 3040 2865 2867
f 2867 2781 2783
f 2781 2694 2783
f 2694 2786 2783
f 2786 2958 2957
f 2958 2873 2959
f 2959 2792 2872
f 2792 2705 2796
f 2705 2798 2797
f 2797 2875 2796
f 2875 2872 2796
f 2872 3048 2959
f 3048 3236 3141
f 3236 3235 3141
f 3235 3321 3319
f 3321 3413 3319
f 3413 3411 3641
f 3641 3638 3637
f 3638 3766 3637
f 3766 3767 3990
f 3990 3991 4108
f 4108 4214 3990
f 4214 4320 4210
f 4210 4318 4104
f 4104 4102 3875
f 3875 3985 3874
f 3874 3983 3984
f 3983 4100 3984
f 4870 4760 4757
f 4760 4764 4869
f 4764 4763 4869
f 4627 4428 4625
f 4428 4229 4426
f 4229 4004 4003
f 4004 3891 3889
f 3891 3515 3647
f 3647 3415 3646
f 3415 3144 3323
f 3144 3065 3064
f 3065 3078 3077
f 3078 2990 2992
f 2990 2985 2901
f 2985 2727 2901
f 2727 2816 2551
f 2551 2631 2464
f 2631 2541 2464
f 2541 2625 2460
f 2625 2807 2715
f 2374 2261 2373
f 1743 1639 1742
f 1639 1638 1737
f 1638 1535 1318
f 1318 987 986
f 987 521 986
f 521 522 386
f 522 437 386
f 437 619 520
f 520 618 519
f 618 847 845
f 847 1214 1211
f 1211 1532 1529
f 1532 1734 1529
f 1734 1736 1636
f 1636 1737 1637
f 2373 2372 2548
f 2548 2547 2641
f 2641 2730 2735
f 2730 2643 2825
f 2643 2559 2734
f 2559 2387 2472
f 2387 2288 2472
f 2288 2291 2197
f 2291 2390 2197
f 2197 2200 1885
f 2200 2206 1791
f 2206 2304 1891
f 2304 2570 2402
f 2570 2834 2658
f 3945 3944 4059
f 3945 4057 4059
f 4059 4165 4269
f 4165 4161 4269
f 3918 4025 3920
f 4025 4240 4140
f 4240 4130 4329
f 4329 4239 4240
f 4239 4431 4327
f 4431 4628 4430
f 4628 4724 4626
f 4724 4627 4625
f 4869 4757 4760
f 4100 3870 3872
f 3870 3871 3760
f 3871 3759 3760
f 3760 3630 3503
f 3503 3502 3403
f 3502 3501 3505
f 3505 3404 3502
f 3404 3310 3403
f 3310 3228 3403
f 3228 3132 3133
f 3132 3038 3133
f 3133 3040 3041
f 3040 2867 3042
f 2867 2783 2956
f 2783 2786 2870
f 2786 2957 2870
f 2957 2958 3045
f 2958 2959 3047
f 2872 2792 2796
f 2796 2705 2797
f 2959 3048 3141
f 3141 3235 3139
f 3235 3319 3234
f 3319 3413 3409
f 3413 3641 3514
f 3641 3637 3514
f 3637 3766 3507
f 3766 3990 3877
f 3990 4214 4104
f 4214 4210 4104
f 4104 3875 3877
f 3875 3874 3764
f 3874 3984 3873
f 3984 4100 3872
f 4625 4428 4524
f 4428 4426 4524
f 4426 4229 4227
f 4229 4003 4227
f 4003 4004 3889
f 3889 3891 3778
f 3891 3647 3778
f 3647 3646 3777
f 3646 3415 3323
f 3323 3144 3240
f 3144 3064 3240
f 3064 3065 3077
f 3077 3078 2991
f 3078 2992 2991
f 2992 2990 3087
f 2990 2901 3087
f 2901 2727 2822
f 2727 2551 2555
f 2551 2464 2468
f 2464 2541 2462
f 2541 2460 2462
f 2460 2625 2624
f 2625 2715 2624
f 2374 2373 2467
f 1737 1638 1637
f 1638 1318 1531
f 1318 986 1427
f 986 521 438
f 521 386 340
f 386 437 384
f 437 520 516
f 520 519 516
f 519 618 845
f 845 847 1211
f 1211 1529 1425
f 1529 1734 1425
f 1734 1636 1530
f 1636 1637 1426
f 2373 2548 2467
f 2548 2641 2557
f 2641 2735 2646
f 2735 2730 2825
f 2825 2643 2734
f 2734 2559 2563
f 2559 2472 2563
f 2472 2288 2197
f 2197 1885 1787
f 1885 2200 1791
f 1791 2206 1891
f 1891 2304 2104
f 2304 2402 2104
f 2402 2570 2658
f 3920 4025 4140
f 4140 4240 4146
f 4240 4239 4146
f 4239 4327 4127
f 4327 4431 4430
f 4430 4628 4429
f 4628 4626 4429
f 4626 4724 4723
f 4724 4625 4723
f 3872 3870 3760
f 3760 3503 3633
f 3503 3403 3312
f 3403 3502 3404
f 3403 3228 3312
f 3228 3133 3229
f 3133 3041 3229
f 3041 3040 3042
f 3042 2867 2956
f 2956 2783 2870
f 2870 2957 2956
f 2957 3045 3043
f 3045 2958 3136
f 2958 3047 3136
f 3047 2959 3139
f 2959 3141 3139
f 3139 3235 3234
f 3234 3319 3233
f 3319 3409 3233
f 3409 3413 3512
f 3413 3514 3512
f 3514 3637 3510
f 3637 3507 3510
f 3507 3766 3765
f 3766 3877 3765
f 3877 3990 4104
f 3877 3875 3765
f 3875 3764 3765
f 3764 3874 3635
f 3874 3873 3634
f 3873 3984 3872
f 4625 4524 4622
f 4524 4426 4623
f 4426 4227 4425
f 4227 4003 4225
f 4003 3889 4001
f 3889 3778 3887
f 3778 3647 3777
f 3777 3646 3645
f 3646 3323 3645
f 3323 3240 3414
f 3240 3064 3247
f 3064 3077 3160
f 3077 2991 3085
f 2991 2992 2907
f 2992 3087 2996
f 3087 2901 2995
f 2901 2822 2995
f 2822 2727 2644
f 2727 2555 2644
f 2555 2551 2385
f 2551 2468 2385
f 2468 2464 2282
f 2464 2462 2281
f 2462 2460 2279
f 2460 2624 2370
f 2624 2715 2623
f 1637 1638 1531
f 1531 1318 1427
f 1427 986 1213
f 986 438 848
f 438 521 340
f 340 386 384
f 384 437 516
f 516 519 720
f 519 845 980
f 845 1211 1103
f 1211 1425 1103
f 1425 1734 1635
f 1734 1530 1635
f 1530 1636 1426
f 1426 1637 1316
f 2467 2548 2557
f 2557 2641 2646
f 2646 2735 2738
f 2735 2825 2829
f 2825 2734 2828
f 2734 2563 2737
f 2563 2472 2296
f 2472 2197 2296
f 2197 1787 1881
f 1787 1885 1568
f 1885 1791 1681
f 1791 1891 1571
f 1891 2104 1894
f 2104 2402 2108
f 2402 2658 2404
f 3920 4140 4039
f 4140 4146 4039
f 4146 4239 4029
f 4239 4127 4029
f 4127 4327 4122
f 4327 4430 4231
f 4430 4429 4230
f 4429 4626 4427
f 4626 4723 4624
f 4723 4625 4622
f 3872 3760 3763
f 3760 3633 3763
f 3633 3503 3405
f 3503 3312 3405
f 3312 3228 3229
f 3229 3041 3231
f 3041 3042 3135
f 3042 2956 3046
f 2956 2957 3046
f 2957 3043 3044
f 3043 3045 3232
f 3045 3136 3232
f 3136 3047 3139
f 3139 3234 3136
f 3234 3233 3136
f 3233 3409 3317
f 3409 3512 3508
f 3512 3514 3510
f 3510 3507 3508
f 3507 3765 3764
f 3764 3635 3507
f 3635 3874 3634
f 3634 3873 3763
f 3873 3872 3763
f 4622 4524 4722
f 4524 4623 4722
f 4623 4426 4425
f 4425 4227 4225
f 4225 4003 4001
f 4001 3889 3887
f 3887 3778 3775
f 3778 3777 3775
f 3777 3645 3776
f 3645 3323 3414
f 3414 3240 3416
f 3240 3247 3416
f 3247 3064 3160
f 3160 3077 3085
f 3085 2991 2994
f 2991 2907 2994
f 2907 2992 2996
f 2996 3087 3092
f 3087 2995 3092
f 2995 2822 2908
f 2822 2644 2733
f 2644 2555 2562
f 2555 2385 2389
f 2385 2468 2282
f 2282 2464 2281
f 2281 2462 2279
f 2279 2460 2277
f 2460 2370 2277
f 2370 2624 2456
f 2624 2623 2535
f 1637 1531 1316
f 1531 1427 1316
f 1427 1213 1212
f 1213 986 984
f 986 848 984
f 848 438 721
f 438 340 436
f 340 384 385
f 384 516 517
f 516 720 517
f 720 519 980
f 980 845 1103
f 1103 1425 1315
f 1425 1635 1315
f 1635 1530 1315
f 1530 1426 1315
f 1426 1316 846
f 2738 2735 2829
f 2829 2825 2828
f 2828 2734 2737
f 2737 2563 2477
f 2563 2296 2477
f 2296 2197 2090
f 2197 1881 2086
f 1881 1787 1676
f 1787 1568 1676
f 1568 1885 1681
f 1681 1791 1571
f 1571 1891 1685
f 1891 1894 1685
f 1894 2104 2108
f 2108 2402 2404
f 4039 4146 3927
f 4146 4029 3927
f 4029 4127 3899
f 4127 4122 3899
f 4122 4327 4231
f 4231 4430 4230
f 4230 4429 4228
f 4429 4427 4228
f 4427 4626 4624
f 4624 4723 4621
f 4723 4622 4621
f 3763 3633 3634
f 3633 3405 3407
f 3405 3312 3314
f 3312 3229 3314
f 3229 3231 3314
f 3231 3041 3135
f 3135 3042 3046
f 3046 2957 3044
f 3044 3043 3135
f 3043 3232 3231
f 3232 3136 3233
f 3233 3317 3315
f 3317 3409 3508
f 3508 3512 3510
f 3508 3507 3635
f 3635 3634 3408
f 4622 4722 4620
f 4722 4623 4944
f 4623 4425 4945
f 4425 4225 4522
f 4225 4001 4224
f 4001 3887 3885
f 3887 3775 3885
f 3775 3777 3774
f 3777 3776 3774
f 3776 3645 3779
f 3645 3414 3779
f 3414 3416 3648
f 3416 3247 3524
f 3247 3160 3345
f 3160 3085 3265
f 3085 2994 3273
f 2994 2907 2998
f 2907 2996 2911
f 2996 3092 2999
f 3092 2995 3093
f 2995 2908 3093
f 2908 2822 2733
f 2733 2644 2562
f 2562 2555 2389
f 2389 2385 2195
f 2385 2282 2085
f 2282 2281 2084
f 2281 2279 2186
f 2279 2277 2182
f 2277 2370 2273
f 2370 2456 2369
f 2456 2624 2535
f 2535 2623 2618
f 1316 1427 1317
f 1427 1212 1317
f 1212 1213 984
f 984 848 721
f 721 438 436
f 436 340 385
f 385 384 518
f 384 517 518
f 517 720 846
f 720 980 846
f 980 1103 1315
f 1315 1426 846
f 846 1316 981
f 2738 2829 2830
f 2829 2828 2916
f 2828 2737 2915
f 2737 2477 2742
f 2477 2296 2204
f 2296 2090 2204
f 2090 2197 1883
f 2197 2086 1883
f 2086 1881 1976
f 1881 1676 1783
f 1676 1568 1465
f 1568 1681 1469
f 1681 1571 1472
f 3927 4029 3678
f 4029 3899 3800
f 3899 4122 3892
f 4122 4231 4006
f 4231 4230 4005
f 4230 4228 4005
f 4228 4427 4325
f 4427 4624 4523
f 4624 4621 4523
f 4621 4622 4620
f 3634 3633 3407
f 3407 3405 3314
f 3314 3231 3232
f 3231 3135 3043
f 3135 3046 3044
f 3232 3233 3315
f 3315 3317 3408
f 3317 3508 3408
f 3508 3635 3408
f 3408 3634 3407
f 4620 4722 4944
f 4944 4623 4945
f 4945 4425 4522
f 4522 4225 4224
f 4224 4001 3885
f 3885 3775 3884
f 3775 3774 3884
f 3774 3776 3773
f 3776 3779 3888
f 3779 3414 3648
f 3648 3416 3651
f 3416 3524 3651
f 3524 3247 3345
f 3345 3160 3265
f 3265 3085 3273
f 3273 2994 2998
f 2998 2907 2911
f 2911 2996 2999
f 2999 3092 3001
f 3092 3093 3095
f 3093 2908 2909
f 2908 2733 2826
f 2733 2562 2648
f 2562 2389 2294
f 2389 2195 2088
f 2195 2385 2085
f 2085 2282 2084
f 2084 2281 2186
f 2186 2279 2182
f 2182 2277 2179
f 2277 2273 2179
f 2273 2370 2369
f 2369 2456 2365
f 2456 2535 2448
f 2535 2618 2532
f 1316 1317 981
f 1317 1212 982
f 1212 984 983
f 984 721 983
f 721 436 982
f 436 385 518
f 518 517 846
f 846 980 1315
f 846 981 518
f 2830 2829 2916
f 2916 2828 2915
f 2915 2737 2742
f 2742 2477 2480
f 2477 2204 2480
f 2204 2090 1887
f 2090 1883 1887
f 1883 2086 1880
f 2086 1976 1880
f 1976 1881 1783
f 1783 1676 1565
f 1676 1465 1565
f 1465 1568 1362
f 1568 1469 1362
f 1469 1681 1472
f 3927 3678 3818
f 3678 4029 3800
f 3800 3899 3661
f 3899 3892 3661
f 3892 4122 4006
f 4006 4231 4005
f 4005 4228 4120
f 4228 4325 4226
f 4325 4427 4523
f 4523 4621 4521
f 4621 4620 4521
f 3407 3314 3315
f 3314 3232 3315
f 3315 3408 3407
f 4620 4944 4721
f 4944 4945 5043
f 4945 4522 4424
f 4522 4224 4424
f 4224 3885 4000
f 3885 3884 3883
f 3884 3774 3772
f 3774 3773 3772
f 3773 3776 3888
f 3888 3779 3890
f 3779 3648 3890
f 3648 3651 3780
f 3651 3524 3661
f 3524 3345 3542
f 3345 3265 3438
f 3265 3273 3443
f 3273 2998 3176
f 2998 2911 2915
f 2911 2999 2916
f 2999 3001 2917
f 3001 3092 3095
f 3095 3093 2909
f 2909 2908 2826
f 2826 2733 2648
f 2648 2562 2475
f 2562 2294 2475
f 2294 2389 2088
f 2088 2195 1980
f 2195 2085 1980
f 2085 2084 1878
f 2084 2186 1969
f 2186 2182 1966
f 2182 2179 1963
f 2179 2273 2174
f 2273 2369 2174
f 2369 2365 2172
f 2365 2456 2448
f 2448 2535 2532
f 2532 2618 2616
f 981 1317 982
f 982 1212 983
f 983 721 982
f 982 436 518
f 518 981 982
f 2916 2829 2911
f 2916 2915 2911
f 2915 2742 2914
f 2742 2480 2655
f 2480 2204 2207
f 2204 1887 1890
f 1887 1883 1680
f 1883 1880 1678
f 1880 1976 1972
f 1976 1783 1779
f 1783 1565 1670
f 1565 1465 1355
f 1465 1362 1355
f 1362 1469 1363
f 1469 1472 1366
f 3818 3678 3684
f 3678 3800 3542
f 3800 3661 3542
f 3661 3892 3651
f 3892 4006 3780
f 4006 4005 3780
f 4005 4120 3780
f 4120 4228 4226
f 4226 4325 4223
f 4325 4523 4324
f 4523 4521 4324
f 4521 4620 4721
f 4721 4944 5042
f 4944 5043 5042
f 5043 4945 5044
f 4945 4424 4943
f 4424 4224 4222
f 4224 4000 4118
f 4000 3885 3883
f 3883 3884 3998
f 3884 3772 3881
f 3772 3773 3771
f 3773 3888 3886
f 3888 3890 4002
f 3890 3648 3780
f 3780 3651 3892
f 3661 3524 3542
f 3542 3345 3438
f 3438 3265 3443
f 3443 3273 3364
f 3273 3176 3364
f 3176 2998 2914
f 2998 2915 2914
f 2916 2999 2917
f 2917 3001 2831
f 3001 3095 2913
f 3095 2909 2912
f 2909 2826 2912
f 2826 2648 2740
f 2648 2475 2565
f 2475 2294 2202
f 2294 2088 2091
f 2088 1980 1882
f 1980 2085 1878
f 1878 2084 1969
f 1969 2186 1966
f 1966 2182 1963
f 1963 2179 2074
f 2179 2174 2074
f 2174 2369 2172
f 2172 2365 2266
f 2365 2448 2446
f 2448 2532 2446
f 2532 2616 2615
f 2914 2742 2919
f 2742 2655 2919
f 2655 2480 2398
f 2480 2207 2398
f 2207 2204 1890
f 1890 1887 1682
f 1887 1680 1682
f 1680 1883 1678
f 1678 1880 1671
f 1880 1972 1877
f 1972 1976 1779
f 1779 1783 1670
f 1670 1565 1456
f 1565 1355 1456
f 1355 1362 1353
f 1362 1363 1357
f 1363 1469 1366
f 1366 1472 1369
f 3818 3684 3692
f 3684 3678 3438
f 3678 3542 3438
f 3780 4120 3890
f 4120 4226 4002
f 4226 4223 4119
f 4223 4325 4324
f 4324 4521 4423
f 4521 4721 4619
f 4721 5042 4834
f 5042 5043 5054
f 5043 5044 5054
f 5044 4945 4943
f 4943 4424 4520
f 4424 4222 4323
f 4222 4224 4118
f 4118 4000 3997
f 4000 3883 3882
f 3883 3998 4114
f 3998 3884 3881
f 3881 3772 3771
f 3771 3773 3886
f 3886 3888 4002
f 4002 3890 4120
f 3438 3443 3563
f 3443 3364 3567
f 3364 3176 3178
f 3176 2914 3097
f 2831 3001 2913
f 2913 3095 2912
f 2912 2826 2740
f 2740 2648 2565
f 2565 2475 2478
f 2475 2202 2478
f 2202 2294 2091
f 2091 2088 1882
f 1882 1980 1780
f 1980 1878 1780
f 1878 1969 1773
f 1969 1966 1874
f 1966 1963 1865
f 1963 2074 1960
f 2074 2174 2172
f 2172 2266 2062
f 2266 2365 2262
f 2365 2446 2363
f 2446 2532 2529
f 2532 2615 2529
f 2914 2919 3097
f 2919 2655 2657
f 2655 2398 2657
f 2398 2207 2102
f 2207 1890 2102
f 1890 1682 1892
f 1682 1680 1471
f 1680 1678 1467
f 1678 1671 1461
f 1671 1880 1877
f 1877 1972 1873
f 1972 1779 1770
f 1779 1670 1557
f 1670 1456 1559
f 1456 1355 1345
f 1355 1353 1345
f 1353 1362 1357
f 1357 1363 1358
f 1363 1366 1364
f 1366 1369 1148
f 3692 3684 3563
f 3684 3438 3563
f 4002 4226 4119
f 4119 4223 4117
f 4223 4324 4221
f 4324 4423 4221
f 4423 4521 4619
f 4619 4721 4616
f 4721 4834 4616
f 4834 5042 5040
f 5042 5054 5040
f 5054 5044 5041
f 5044 4943 5001
f 4943 4520 4720
f 4520 4424 4323
f 4323 4222 4220
f 4222 4118 4116
f 4118 3997 4116
f 3997 4000 3882
f 3882 3883 4114
f 4114 3998 4113
f 3998 3881 4113
f 3881 3771 3770
f 3771 3886 3999
f 3886 4002 4119
f 3563 3443 3567
f 3567 3364 3450
f 3364 3178 3450
f 3178 3176 3097
f 2831 2913 2740
f 2913 2912 2740
f 2740 2565 2566
f 2565 2478 2566
f 2478 2202 2300
f 2202 2091 1886
f 2091 1882 1679
f 1882 1780 1784
f 1780 1878 1669
f 1878 1773 1669
f 1773 1969 1874
f 1874 1966 1766
f 1966 1865 1766
f 1865 1963 1960
f 1960 2074 1956
f 2074 2172 2066
f 2172 2062 2066
f 2062 2266 2059
f 2266 2262 2167
f 2262 2365 2363
f 2363 2446 2445
f 2446 2529 2530
f 2529 2615 2528
f 3097 2919 3098
f 2919 2657 2923
f 2657 2398 2401
f 2398 2102 2401
f 2102 1890 1892
f 1892 1682 1475
f 1682 1471 1475
f 1471 1680 1467
f 1467 1678 1461
f 1461 1671 1666
f 1671 1877 1666
f 1877 1873 1772
f 1873 1972 1770
f 1770 1779 1557
f 1557 1670 1559
f 1559 1456 1451
f 1456 1345 1451
f 1345 1353 1344
f 1353 1357 1344
f 1357 1358 1245
f 1358 1363 1255
f 1363 1364 1255
f 1364 1366 1259
f 1366 1148 1259
f 1148 1369 1156
f 3692 3563 3568
f 4119 4117 3999
f 4117 4223 4221
f 4221 4423 4420
f 4423 4619 4420
f 4619 4616 4420
f 4616 4834 4519
f 4834 5040 4941
f 5040 5054 4941
f 5054 5041 4942
f 5041 5044 5001
f 5001 4943 4720
f 4720 4520 4422
f 4520 4323 4422
f 4323 4220 4422
f 4220 4222 4116
f 4116 3997 4115
f 3997 3882 4115
f 3882 4114 4115
f 4114 4113 4617
f 4113 3881 4112
f 3881 3770 3880
f 3770 3771 3999
f 3999 3886 4119
f 3563 3567 3568
f 3567 3450 3573
f 3450 3178 3280
f 3178 3097 3098
f 2831 2740 2651
f 2740 2566 2651
f 2566 2478 2481
f 2478 2300 2481
f 2300 2202 2095
f 2202 1886 2095
f 1886 2091 1679
f 1679 1882 1784
f 1784 1780 1560
f 1780 1669 1560
f 1669 1773 1665
f 1773 1874 1767
f 1874 1766 1767
f 1766 1865 1860
f 1865 1960 1861
f 1960 1956 1861
f 1956 2074 2066
f 2066 2062 1950
f 2062 2059 1949
f 2059 2266 2167
f 2167 2262 2169
f 2262 2363 2263
f 2363 2445 2447
f 2445 2446 2530
f 2530 2529 2528
f 2528 2615 2530
f 3098 2919 2923
f 2923 2657 2745
f 2657 2401 2745
f 2401 2102 1996
f 2102 1892 1996
f 1892 1475 1686
f 1475 1471 1268
f 1471 1467 1252
f 1467 1461 1352
f 1461 1666 1450
f 1666 1877 1772
f 1772 1873 1763
f 1873 1770 1757
f 1770 1557 1551
f 1557 1559 1451
f 1451 1345 1344
f 1344 1357 1248
f 1357 1245 1248
f 1245 1358 1246
f 1358 1255 1246
f 1255 1364 1141
f 1364 1259 1141
f 1259 1148 1137
f 1148 1156 920
f 3999 4117 3995
f 4117 4221 4218
f 4221 4420 4218
f 4420 4616 4519
f 4519 4834 4617
f 4834 4941 4617
f 4941 5054 4942
f 4942 5041 5001
f 5001 4720 4942
f 4720 4422 4421
f 4422 4220 4421
f 4220 4116 4115
f 4115 4114 4618
f 4114 4617 4618
f 4617 4113 4322
f 4113 4112 4322
f 4112 3881 3880
f 3880 3770 3995
f 3770 3999 3995
f 3568 3567 3573
f 3573 3450 3453
f 3450 3280 3453
f 3280 3178 3098
f 2651 2566 2481
f 2481 2300 2303
f 2300 2095 2097
f 1679 1784 1566
f 1784 1560 1561
f 1560 1669 1555
f 1669 1665 1555
f 1665 1773 1767
f 1767 1766 1758
f 1766 1860 1758
f 1860 1865 1861
f 1861 1956 1854
f 1956 2066 1950
f 1950 2062 1949
f 1949 2059 2060
f 2059 2167 2060
f 2167 2169 2060
f 2169 2262 2263
f 2263 2363 2364
f 2363 2447 2364
f 2447 2445 2530
f 2530 2615 2619
f 3098 2923 3184
f 2923 2745 3005
f 2745 2401 2484
f 2401 1996 2109
f 1996 1892 1686
f 1686 1475 1372
f 1475 1268 1152
f 1268 1471 1144
f 1471 1252 1144
f 1252 1467 1352
f 1352 1461 1348
f 1461 1450 1348
f 1450 1666 1657
f 1666 1772 1762
f 1772 1763 1762
f 1763 1873 1757
f 1757 1770 1551
f 1551 1557 1451
f 1451 1344 1340
f 1344 1248 1343
f 1248 1245 1133
f 1245 1246 1130
f 1246 1255 1135
f 1255 1141 1135
f 1141 1259 1137
f 1137 1148 902
f 1148 920 1036
f 920 1156 1050
f 3995 4117 4218
f 4218 4420 4219
f 4420 4519 4322
f 4519 4617 4322
f 4617 4941 4618
f 4941 4942 4618
f 4942 4720 4421
f 4421 4220 4115
f 4115 4618 4421
f 4322 4112 4420
f 4112 3880 3996
f 3880 3995 3996
f 3453 3450 3701
f 3450 3453 3701
f 3280 3450 3454
f 3178 3280 3365
f 2651 2481 2482
f 2481 2303 2482
f 2303 2300 2097
f 1679 1566 1468
f 1566 1784 1561
f 1561 1560 1236
f 1560 1555 1449
f 1555 1665 1552
f 1665 1767 1660
f 1767 1758 1759
f 1758 1860 1755
f 1860 1861 1755
f 1861 1854 1752
f 1854 1956 1950
f 1950 1949 2060
f 2060 2169 2063
f 2169 2263 2267
f 2263 2364 2267
f 2364 2447 2536
f 2447 2530 2619
f 3098 3184 3456
f 3184 2923 3005
f 2484 2401 2109
f 2109 1996 1797
f 1996 1686 1797
f 1686 1372 1478
f 1372 1475 1152
f 1152 1268 1144
f 1144 1252 1025
f 1252 1352 1244
f 1352 1348 1347
f 1348 1450 1339
f 1450 1657 1441
f 1657 1666 1762
f 1762 1763 1754
f 1763 1757 1754
f 1757 1551 1542
f 1551 1451 1442
f 1451 1340 1442
f 1340 1344 1339
f 1344 1343 1339
f 1343 1248 1348
f 1248 1133 1035
f 1133 1245 1130
f 1130 1246 1131
f 1246 1135 1018
f 1135 1141 1029
f 1141 1137 1029
f 1137 902 1022
f 902 1148 1036
f 1036 920 905
f 920 1050 921
f 3995 4218 4219
f 4219 4420 4112
f 4618 4942 4421
f 4112 3996 4219
f 3996 3995 4219
f 3453 3701 3575
f 3701 3453 3699
f 3454 3450 3576
f 3178 3365 3445
f 3365 3280 3449
f 2303 2097 2100
f 1468 1566 1359
f 1566 1561 1459
f 1561 1236 1243
f 1236 1560 1338
f 1560 1449 1338
f 1449 1555 1446
f 1555 1552 1446
f 1552 1665 1660
f 1660 1767 1759
f 1759 1758 1755
f 1755 1861 1752
f 1752 1854 1750
f 1854 1950 1853
f 1950 2060 2063
f 2063 2169 2067
f 2169 2267 2067
f 2267 2364 2366
f 2364 2536 2366
f 2536 2447 2619
f 3098 3456 3453
f 3456 3184 3287
f 3184 3005 3287
f 2484 2109 2112
f 2109 1797 1896
f 1797 1686 1478
f 1478 1372 1272
f 1372 1152 1272
f 1152 1144 908
f 1144 1025 908
f 1025 1252 1244
f 1244 1352 1347
f 1347 1348 1241
f 1348 1339 1343
f 1339 1450 1441
f 1441 1657 1541
f 1657 1762 1652
f 1762 1754 1652
f 1754 1757 1649
f 1757 1542 1649
f 1542 1551 1442
f 1442 1340 1333
f 1340 1339 1332
f 1348 1248 1241
f 1248 1035 1140
f 1035 1133 1028
f 1133 1130 1017
f 1130 1131 1119
f 1131 1246 1239
f 1246 1018 1239
f 1018 1135 1029
f 1029 1137 1022
f 1022 902 764
f 902 1036 894
f 1036 905 898
f 905 920 778
f 920 921 655
f 921 1050 1157
f 3453 3575 3456
f 3575 3701 3946
f 3701 3699 3942
f 3699 3453 3702
f 3576 3450 3700
f 3178 3445 3366
f 3445 3365 3565
f 3365 3449 3565
f 3449 3280 3282
f 1468 1359 1262
f 1359 1566 1351
f 1566 1459 1351
f 1459 1561 1243
f 1243 1236 1125
f 1236 1338 1233
f 1338 1449 1335
f 1449 1446 1336
f 1446 1552 1334
f 1552 1660 1439
f 1660 1759 1654
f 1759 1755 1654
f 1755 1752 1650
f 1752 1750 1751
f 1750 1854 1746
f 1854 1853 1746
f 1853 1950 1855
f 1950 2063 2067
f 2067 2267 2274
f 2267 2366 2274
f 2366 2536 2539
f 2536 2619 2621
f 3453 3456 3711
f 3456 3287 3461
f 2112 2109 1896
f 1896 1797 1577
f 1797 1478 1577
f 1478 1272 1373
f 1272 1152 1264
f 1152 908 1040
f 908 1025 893
f 1025 1244 1127
f 1244 1347 1127
f 1347 1241 1238
f 1339 1441 1332
f 1441 1541 1436
f 1541 1657 1652
f 1652 1754 1645
f 1754 1649 1645
f 1649 1542 1646
f 1542 1442 1437
f 1442 1333 1437
f 1333 1340 1332
f 1241 1248 1016
f 1248 1140 1016
f 1140 1035 1040
f 1035 1028 909
f 1028 1133 1017
f 1017 1130 1119
f 1119 1131 1120
f 1131 1239 1120
f 1239 1018 1005
f 1018 1029 890
f 1029 1022 890
f 1022 764 760
f 764 902 894
f 894 1036 898
f 898 905 778
f 778 920 655
f 655 921 774
f 921 1157 1043
f 3456 3575 3283
f 3575 3946 3698
f 3946 3701 3942
f 3942 3699 3825
f 3699 3702 3825
f 3702 3453 3711
f 3576 3700 3703
f 3366 3445 3694
f 3445 3565 3690
f 3565 3449 3564
f 3449 3282 3367
f 1262 1359 1143
f 1359 1351 1249
f 1351 1459 1243
f 1243 1125 1019
f 1125 1236 1233
f 1233 1338 1230
f 1338 1335 1230
f 1335 1449 1336
f 1336 1446 1334
f 1334 1552 1439
f 1439 1660 1544
f 1660 1654 1544
f 1654 1755 1650
f 1650 1752 1651
f 1752 1751 1753
f 1751 1750 1746
f 1746 1853 1747
f 1853 1855 1747
f 1855 1950 1857
f 1950 2067 1956
f 2067 2274 2075
f 2274 2366 2461
f 2366 2539 2461
f 2539 2536 2621
f 3711 3456 3582
f 3456 3461 3582
f 1896 1577 1799
f 1577 1478 1373
f 1373 1272 1159
f 1272 1264 1046
f 1264 1152 1040
f 1040 908 1140
f 908 893 1140
f 893 1025 1011
f 1025 1127 1010
f 1127 1347 1238
f 1238 1241 1234
f 1332 1441 1436
f 1436 1541 1538
f 1541 1652 1644
f 1652 1645 1644
f 1645 1649 1646
f 1646 1542 1539
f 1542 1437 1539
f 1437 1333 1327
f 1333 1332 1327
f 1241 1016 1128
f 1016 1140 893
f 1040 1035 909
f 909 1028 772
f 1028 1017 772
f 1017 1119 876
f 1119 1120 997
f 1120 1239 1121
f 1239 1005 1121
f 1005 1018 890
f 1029 890 759
f 890 1022 886
f 1022 760 886
f 760 764 640
f 764 894 641
f 894 898 761
f 898 778 646
f 778 655 646
f 655 774 543
f 774 921 779
f 921 1043 780
f 1043 1157 1270
f 3283 3575 3452
f 3575 3698 3452
f 3698 3946 3940
f 3946 3942 4167
f 3942 3825 4055
f 3825 3702 4058
f 3702 3711 3828
f 3576 3703 3706
f 3366 3694 3826
f 3694 3445 3561
f 3445 3690 3561
f 3690 3565 3564
f 3564 3449 3367
f 3367 3282 3183
f 1262 1143 1037
f 1143 1359 1249
f 1249 1351 1243
f 1243 1019 1249
f 1019 1125 1015
f 1125 1233 1002
f 1233 1230 1000
f 1230 1335 1110
f 1335 1336 1231
f 1336 1334 1228
f 1334 1439 1328
f 1439 1544 1438
f 1544 1654 1540
f 1654 1650 1540
f 1650 1651 1540
f 1651 1752 1753
f 1753 1751 1855
f 1751 1746 1747
f 1747 1855 1751
f 1855 1857 1753
f 1857 1950 1956
f 1956 2067 1960
f 2067 2075 1960
f 2075 2274 2180
f 2274 2461 2180
f 2461 2539 2632
f 2539 2621 2716
f 3711 3582 3583
f 1799 1577 1483
f 1577 1373 1483
f 1373 1159 1057
f 1159 1272 1046
f 1046 1264 1040
f 893 1011 1016
f 1011 1025 1010
f 1010 1127 1128
f 1127 1238 1128
f 1238 1234 1128
f 1234 1241 1128
f 1332 1436 1326
f 1436 1538 1433
f 1538 1541 1644
f 1644 1645 1536
f 1645 1646 1536
f 1646 1539 1537
f 1539 1437 1434
f 1437 1327 1434
f 1327 1332 1326
f 1128 1016 1011
f 1040 909 1046
f 909 772 910
f 772 1017 757
f 1017 876 757
f 876 1119 997
f 997 1120 998
f 1120 1121 1113
f 1121 1005 999
f 1005 890 877
f 759 890 751
f 890 886 751
f 886 760 752
f 760 640 532
f 640 764 641
f 641 894 761
f 761 898 646
f 646 655 542
f 655 543 542
f 543 774 647
f 774 779 647
f 779 921 780
f 780 1043 906
f 1043 1270 1262
f 3283 3452 3279
f 3452 3698 3446
f 3698 3940 3689
f 3940 3946 4167
f 4167 3942 4055
f 4055 3825 3823
f 3825 4058 4268
f 4058 3702 3828
f 3828 3711 3712
f 3706 3703 3704
f 3366 3826 3448
f 3826 3694 3938
f 3694 3561 3938
f 3561 3690 3685
f 3690 3564 3558
f 3564 3367 3361
f 3367 3183 3179
f 1262 1037 1043
f 1037 1143 1030
f 1143 1249 1030
f 1249 1019 1030
f 1019 1015 895
f 1015 1125 874
f 1125 1002 874
f 1002 1233 1000
f 1000 1230 1110
f 1110 1335 1111
f 1335 1231 1111
f 1231 1336 1228
f 1228 1334 1224
f 1334 1328 1221
f 1328 1439 1329
f 1439 1438 1329
f 1438 1544 1435
f 1544 1540 1435
f 1540 1651 1435
f 1651 1753 1756
f 1753 1857 1756
f 1857 1956 1756
f 1956 1960 1760
f 1960 2075 1967
f 2075 2180 1967
f 2180 2461 2187
f 2461 2632 2465
f 2632 2539 2811
f 2539 2716 2811
f 3711 3583 3712
f 1799 1483 1582
f 1483 1373 1168
f 1373 1057 1168
f 1057 1159 1047
f 1159 1046 1047
f 1011 1010 1128
f 1326 1436 1433
f 1433 1538 1536
f 1538 1644 1536
f 1536 1646 1537
f 1537 1539 1431
f 1539 1434 1431
f 1434 1327 1324
f 1327 1326 1323
f 1046 909 919
f 909 910 919
f 910 772 773
f 772 757 773
f 757 876 748
f 876 997 869
f 997 998 862
f 998 1120 1113
f 1113 1121 999
f 999 1005 877
f 877 890 750
f 759 751 629
f 890 759 750
f 751 886 752
f 752 760 753
f 760 532 753
f 532 640 533
f 640 641 636
f 641 761 638
f 761 646 642
f 646 542 642
f 542 543 538
f 543 647 539
f 647 779 648
f 779 780 648
f 780 906 775
f 906 1043 1037
f 3283 3279 3100
f 3279 3452 3446
f 3446 3698 3689
f 3689 3940 3935
f 3940 4167 4053
f 4167 4055 4162
f 4055 3823 4051
f 3823 3825 4268
f 4268 4058 4471
f 4058 3828 4168
f 3828 3712 3829
f 3706 3704 3707
f 3826 3366 3571
f 3826 3938 3939
f 3938 3561 3821
f 3561 3685 3821
f 3685 3690 3820
f 3690 3558 3820
f 3558 3564 3270
f 3564 3361 3270
f 3361 3367 3179
f 3179 3183 3002
f 1037 1030 903
f 1030 1019 895
f 895 1015 889
f 1015 874 875
f 874 1002 871
f 1002 1000 867
f 1000 1110 867
f 1110 1111 991
f 1111 1231 1115
f 1231 1228 1115
f 1228 1224 1115
f 1224 1334 1221
f 1221 1328 1222
f 1328 1329 1222
f 1329 1438 1331
f 1438 1435 1545
f 1435 1651 1545
f 1651 1756 1760
f 1756 1956 1760
f 1760 1960 1764
f 1960 1967 1872
f 1967 2180 2187
f 2187 2461 2465
f 2465 2632 2636
f 2632 2811 2897
f 3712 3583 3584
f 1582 1483 1377
f 1483 1168 1377
f 1168 1057 807
f 1057 1047 925
f 1047 1046 919
f 1326 1433 1323
f 1433 1536 1430
f 1536 1537 1429
f 1537 1431 1429
f 1431 1434 1324
f 1324 1327 1323
f 919 910 914
f 910 773 901
f 773 757 758
f 757 748 758
f 748 876 869
f 869 997 862
f 862 998 863
f 998 1113 999
f 999 877 870
f 877 750 743
f 759 629 630
f 629 751 626
f 750 759 758
f 751 752 626
f 752 753 627
f 753 532 635
f 532 533 537
f 533 640 636
f 636 641 637
f 641 638 637
f 638 761 642
f 642 542 538
f 538 543 534
f 543 539 534
f 539 647 645
f 647 648 645
f 648 780 775
f 775 906 903
f 906 1037 903
f 3100 3279 3099
f 3279 3446 3362
f 3446 3689 3362
f 3689 3935 3560
f 3935 3940 4053
f 4053 4167 4162
f 4162 4055 4051
f 4051 3823 3931
f 3823 4268 4049
f 4268 4471 4469
f 4471 4058 4168
f 4168 3828 3829
f 3829 3712 3580
f 3707 3704 3708
f 3939 3938 4052
f 3938 3821 3932
f 3821 3685 3817
f 3685 3820 3816
f 3820 3558 3815
f 3558 3270 3352
f 3270 3361 3175
f 3361 3179 3175
f 3179 3002 3175
f 3002 3183 2921
f 903 1030 899
f 1030 895 899
f 895 889 765
f 889 1015 875
f 875 874 744
f 874 871 744
f 871 1002 867
f 867 1110 991
f 991 1111 994
f 1111 1115 994
f 1115 1224 1112
f 1224 1221 1222
f 1222 1329 1331
f 1331 1438 1444
f 1438 1545 1550
f 1545 1651 1550
f 1651 1760 1550
f 1760 1764 1550
f 1764 1960 1872
f 1872 1967 2081
f 1967 2187 2081
f 2187 2465 2283
f 2465 2636 2469
f 2636 2632 2897
f 3712 3584 3580
f 1582 1377 1486
f 1377 1168 1169
f 1168 807 1169
f 807 1057 668
f 1057 925 668
f 925 1047 914
f 1047 919 914
f 1323 1433 1430
f 1430 1536 1429
f 1429 1431 1430
f 1431 1324 1430
f 1324 1323 1430
f 914 910 901
f 901 773 758
f 758 748 749
f 748 869 741
f 869 862 741
f 862 863 735
f 863 998 999
f 999 870 863
f 870 877 743
f 743 750 742
f 759 630 635
f 630 629 626
f 750 758 749
f 758 759 901
f 626 752 627
f 627 753 635
f 635 532 537
f 537 533 458
f 533 636 529
f 636 637 632
f 637 638 633
f 638 642 530
f 642 538 530
f 538 534 449
f 534 539 455
f 539 645 456
f 645 648 540
f 648 775 649
f 775 903 650
f 3100 3099 3284
f 3099 3279 3362
f 3362 3689 3560
f 3560 3935 3683
f 3935 4053 4156
f 4053 4162 4156
f 4162 4051 4263
f 4051 3931 4157
f 3931 3823 4049
f 4049 4268 4469
f 4469 4471 4758
f 4471 4168 4473
f 4168 3829 4169
f 3829 3580 3830
f 3708 3704 3705
f 3939 4052 4266
f 4052 3938 3932
f 3932 3821 3817
f 3817 3685 3816
f 3816 3820 3815
f 3815 3558 3682
f 3558 3352 3682
f 3352 3270 3263
f 3270 3175 3090
f 3175 3002 2997
f 3002 2921 2832
f 903 899 768
f 899 895 765
f 765 889 896
f 889 875 1009
f 875 744 868
f 744 871 867
f 867 991 860
f 991 994 861
f 994 1115 995
f 1115 1112 995
f 1112 1224 1222
f 1222 1331 1225
f 1331 1444 1337
f 1444 1438 1550
f 1550 1764 1663
f 1764 1872 1663
f 1872 2081 1875
f 2081 2187 2082
f 2187 2283 2082
f 2283 2465 2286
f 2465 2469 2286
f 2469 2636 2642
f 2636 2897 2642
f 3580 3584 3372
f 1486 1377 1484
f 1377 1169 1170
f 1169 807 679
f 807 668 568
f 668 925 665
f 925 914 782
f 914 901 782
f 749 748 741
f 741 862 742
f 862 735 742
f 735 863 870
f 870 743 735
f 743 742 735
f 742 750 749
f 759 635 644
f 630 626 627
f 901 759 644
f 635 537 644
f 537 458 549
f 458 533 529
f 529 636 631
f 636 632 631
f 632 637 633
f 633 638 526
f 638 530 526
f 530 538 449
f 449 534 450
f 534 455 450
f 455 539 456
f 456 645 531
f 645 540 531
f 540 648 649
f 649 775 650
f 650 903 768
f 3284 3099 3367
f 3099 3362 3367
f 3362 3560 3444
f 3560 3683 3557
f 3683 3935 4045
f 3935 4156 4045
f 4156 4162 4263
f 4263 4051 4157
f 4157 3931 4038
f 3931 4049 4038
f 4049 4469 4354
f 4469 4758 4664
f 4758 4471 4672
f 4471 4473 4672
f 4473 4168 4169
f 4169 3829 3830
f 3830 3580 3457
f 3708 3705 3574
f 4266 4052 4260
f 4052 3932 4043
f 3932 3817 3919
f 3817 3816 3809
f 3816 3815 3924
f 3815 3682 3923
f 3682 3352 3548
f 3352 3263 3259
f 3263 3270 3171
f 3270 3090 3171
f 3090 3175 2997
f 2997 3002 2827
f 3002 2832 2827
f 2832 2921 2743
f 768 899 769
f 899 765 769
f 765 896 776
f 896 889 1009
f 1009 875 1004
f 875 868 1004
f 868 744 860
f 744 867 860
f 860 991 861
f 861 994 995
f 995 1112 996
f 1112 1222 1225
f 1225 1331 1337
f 1337 1444 1453
f 1444 1550 1663
f 1663 1872 1665
f 1872 1875 1665
f 1875 2081 2082
f 2082 2283 2193
f 2283 2286 2193
f 2286 2469 2473
f 2469 2642 2473
f 2642 2897 2902
f 3580 3372 3457
f 1486 1484 1584
f 1484 1377 1170
f 1170 1169 808
f 1169 679 934
f 679 807 487
f 807 568 487
f 568 668 481
f 668 665 558
f 665 925 784
f 925 782 783
f 782 901 652
f 749 741 742
f 901 644 652
f 644 537 652
f 537 549 652
f 549 458 466
f 458 529 452
f 529 631 442
f 631 632 524
f 632 633 525
f 633 526 525
f 526 530 527
f 530 449 448
f 449 450 454
f 450 455 400
f 455 456 398
f 456 531 447
f 531 540 451
f 540 649 541
f 649 650 544
f 650 768 651
f 3284 3367 3451
f 3367 3362 3363
f 3362 3444 3363
f 3444 3560 3557
f 3557 3683 3681
f 3683 4045 3812
f 4045 4156 4149
f 4156 4263 4254
f 4263 4157 4352
f 4157 4038 4255
f 4038 4049 4153
f 4049 4354 4153
f 4354 4469 4567
f 4469 4664 4567
f 4664 4758 4754
f 4758 4672 4752
f 4672 4473 4571
f 4473 4169 4170
f 4169 3830 4170
f 3830 3457 3577
f 3708 3574 3709
f 4266 4260 4463
f 4260 4052 4043
f 4043 3932 3919
f 3919 3817 3809
f 3809 3816 3924
f 3924 3815 3923
f 3923 3682 3808
f 3682 3548 3675
f 3548 3352 3348
f 3352 3259 3348
f 3259 3263 3168
f 3263 3171 3168
f 3171 3090 2989
f 3090 2997 2993
f 2997 2827 2904
f 2827 2832 2649
f 2832 2743 2653
f 768 769 651
f 769 765 776
f 776 896 904
f 896 1009 1027
f 1009 1004 1126
f 1004 868 995
f 868 860 861
f 861 995 868
f 995 996 1116
f 996 1112 1116
f 1112 1225 1117
f 1225 1337 1117
f 1337 1453 1237
f 1453 1444 1663
f 1663 1665 1453
f 1665 1875 1777
f 1875 2082 1970
f 2082 2193 1970
f 2193 2286 2293
f 2286 2473 2293
f 2473 2642 2647
f 2642 2902 2647
f 3457 3372 3188
f 1584 1484 1578
f 1484 1170 1275
f 1170 808 1275
f 808 1169 934
f 934 679 675
f 679 487 675
f 487 568 483
f 568 481 483
f 481 668 558
f 558 665 555
f 665 784 661
f 784 925 783
f 783 782 654
f 782 652 654
f 652 549 654
f 549 466 654
f 466 458 459
f 458 452 459
f 452 529 395
f 529 442 395
f 442 631 524
f 524 632 525
f 525 526 441
f 526 527 441
f 527 530 443
f 530 448 443
f 448 449 454
f 454 450 400
f 400 455 401
f 455 398 401
f 398 456 396
f 456 447 396
f 447 531 451
f 451 540 541
f 541 649 544
f 544 650 651
f 3284 3451 3458
f 3451 3367 3569
f 3367 3363 3569
f 3363 3444 3562
f 3444 3557 3441
f 3557 3681 3552
f 3681 3683 3812
f 3812 4045 4149
f 4149 4156 4254
f 4254 4263 4352
f 4352 4157 4255
f 4255 4038 4151
f 4038 4153 4151
f 4153 4354 4458
f 4354 4567 4458
f 4567 4664 4745
f 4664 4754 4745
f 4754 4758 4752
f 4752 4672 4755
f 4672 4571 4667
f 4571 4473 4360
f 4473 4170 4360
f 4170 3830 3943
f 3830 3577 3943
f 3577 3457 3185
f 4266 4463 4355
f 4463 4260 4451
f 4260 4043 4350
f 4043 3919 4152
f 3919 3809 3915
f 3809 3924 3915
f 3924 3923 4032
f 3923 3808 3914
f 3808 3682 3675
f 3675 3548 3540
f 3548 3348 3540
f 3348 3259 3344
f 3259 3168 3158
f 3168 3171 2984
f 3171 2989 2984
f 2989 3090 2993
f 2993 2997 2904
f 2904 2827 2732
f 2827 2649 2732
f 2649 2832 2653
f 2653 2743 2570
f 651 769 657
f 769 776 657
f 776 904 781
f 904 896 1027
f 1027 1009 1134
f 1009 1126 1134
f 1126 1004 1116
f 1004 995 1116
f 1116 1112 1117
f 1117 1337 1237
f 1237 1453 1563
f 1453 1665 1563
f 1665 1777 1563
f 1777 1875 1970
f 1970 2193 1977
f 2193 2293 2092
f 2293 2473 2393
f 2473 2647 2393
f 2647 2902 2905
f 3457 3188 3185
f 1584 1578 1585
f 1578 1484 1275
f 1275 808 935
f 808 934 486
f 934 675 794
f 675 487 566
f 487 483 566
f 483 481 472
f 481 558 472
f 558 555 469
f 555 665 661
f 661 784 783
f 783 654 661
f 654 466 550
f 466 459 407
f 459 452 453
f 452 395 445
f 395 442 393
f 442 524 440
f 524 525 440
f 525 441 440
f 441 527 443
f 443 448 445
f 448 454 461
f 454 400 461
f 400 401 404
f 401 398 357
f 398 396 357
f 396 447 355
f 447 451 399
f 451 541 457
f 541 544 464
f 544 651 545
f 3458 3451 3460
f 3451 3569 3697
f 3569 3363 3562
f 3562 3444 3441
f 3441 3557 3552
f 3552 3681 3547
f 3681 3812 3805
f 3812 4149 4034
f 4149 4254 4141
f 4254 4352 4248
f 4352 4255 4343
f 4255 4151 4344
f 4151 4153 4256
f 4153 4458 4256
f 4458 4567 4661
f 4567 4745 4661
f 4745 4754 4858
f 4754 4752 4858
f 4752 4755 4863
f 4755 4672 4667
f 4667 4571 4668
f 4571 4360 4166
f 4360 4170 3943
f 3943 3577 3566
f 3577 3185 3278
f 4355 4463 4452
f 4463 4451 4559
f 4451 4260 4350
f 4350 4043 4253
f 4043 4152 4253
f 4152 3919 4035
f 3919 3915 4035
f 3915 3924 4033
f 3924 4032 4033
f 4032 3923 3914
f 3914 3808 3913
f 3808 3675 3913
f 3675 3540 3672
f 3540 3348 3434
f 3348 3344 3434
f 3344 3259 3158
f 3158 3168 2984
f 2984 2989 2898
f 2989 2993 2904
f 2904 2732 2821
f 2732 2649 2561
f 2649 2653 2476
f 2653 2570 2397
f 651 657 656
f 657 776 781
f 781 904 1039
f 904 1027 1138
f 1027 1134 1138
f 1134 1126 1247
f 1126 1116 1117
f 1117 1237 1126
f 1237 1563 1247
f 1563 1777 1781
f 1777 1970 1781
f 1970 1977 1781
f 1977 2193 2092
f 2092 2293 2094
f 2293 2393 2094
f 2393 2647 2741
f 2647 2905 2741
f 3185 3188 2835
f 1585 1578 1690
f 1578 1275 1482
f 1275 935 1162
f 935 808 572
f 808 486 669
f 486 934 570
f 934 794 570
f 794 675 566
f 566 483 477
f 483 472 477
f 472 558 469
f 469 555 550
f 555 661 550
f 661 654 550
f 550 466 469
f 466 407 472
f 407 459 467
f 459 453 460
f 453 452 445
f 445 395 443
f 395 393 443
f 393 442 440
f 440 441 393
f 441 443 393
f 445 448 453
f 448 461 460
f 461 400 404
f 404 401 405
f 401 357 359
f 357 396 355
f 355 447 399
f 399 451 457
f 457 541 464
f 464 544 548
f 544 545 548
f 545 651 656
f 3460 3451 3578
f 3451 3697 3578
f 3697 3569 3693
f 3569 3562 3693
f 3562 3441 3693
f 3441 3552 3358
f 3552 3547 3437
f 3547 3681 3671
f 3681 3805 3671
f 3805 3812 3912
f 3812 4034 3912
f 4034 4149 4141
f 4141 4254 4248
f 4248 4352 4343
f 4343 4255 4344
f 4344 4151 4250
f 4151 4256 4250
f 4256 4458 4345
f 4458 4661 4651
f 4661 4745 4742
f 4745 4858 4851
f 4858 4752 4859
f 4752 4863 4859
f 4863 4755 4749
f 4755 4667 4749
f 4667 4668 4749
f 4668 4571 4569
f 4571 4166 4357
f 4166 4360 3943
f 3943 3566 4166
f 3566 3577 3278
f 3278 3185 2922
f 4355 4452 4453
f 4452 4463 4559
f 4559 4451 4549
f 4451 4350 4443
f 4350 4253 4346
f 4253 4152 4251
f 4152 4035 4143
f 4035 3915 4033
f 4033 4032 4027
f 4032 3914 4026
f 3914 3913 4026
f 3913 3675 3803
f 3675 3672 3803
f 3672 3540 3533
f 3540 3434 3533
f 3434 3344 3339
f 3344 3158 3249
f 3158 2984 3073
f 2984 2898 2895
f 2898 2989 2821
f 2989 2904 2821
f 2821 2732 2640
f 2732 2561 2640
f 2561 2649 2476
f 2476 2653 2397
f 2397 2570 2400
f 656 657 663
f 657 781 663
f 781 1039 911
f 1039 904 1138
f 1138 1134 1250
f 1134 1247 1250
f 1247 1126 1237
f 1247 1563 1462
f 1563 1781 1462
f 1781 1977 1785
f 1977 2092 1785
f 2092 2094 1988
f 2094 2393 2208
f 2393 2741 2479
f 2741 2905 3000
f 3185 2835 2922
f 1690 1578 1579
f 1578 1482 1579
f 1482 1275 1167
f 1275 1162 1167
f 1162 935 1055
f 935 572 1055
f 572 808 571
f 808 669 571
f 669 486 565
f 486 570 363
f 570 794 563
f 794 566 664
f 566 477 664
f 477 472 473
f 472 469 466
f 472 407 467
f 467 459 460
f 460 453 448
f 460 461 546
f 461 404 547
f 404 405 470
f 405 401 403
f 401 359 403
f 359 357 358
f 357 355 358
f 355 399 358
f 399 457 402
f 457 464 463
f 464 548 468
f 548 545 553
f 545 656 553
f 3460 3578 3459
f 3578 3697 3570
f 3697 3693 3695
f 3693 3441 3686
f 3441 3358 3686
f 3358 3552 3437
f 3437 3547 3546
f 3547 3671 3538
f 3671 3805 3793
f 3805 3912 3795
f 3912 4034 4020
f 4034 4141 4142
f 4141 4248 4246
f 4248 4343 4338
f 4343 4344 4338
f 4344 4250 4339
f 4250 4256 4345
f 4345 4458 4548
f 4458 4651 4548
f 4651 4661 4741
f 4661 4742 4741
f 4742 4745 4851
f 4851 4858 4956
f 4858 4859 4957
f 4859 4863 4853
f 4863 4749 4861
f 4749 4668 4750
f 4668 4569 4565
f 4569 4571 4357
f 4357 4166 3822
f 4166 3566 3822
f 3566 3278 3359
f 3278 2922 2918
f 4355 4453 4261
f 4453 4452 4544
f 4452 4559 4542
f 4559 4549 4647
f 4549 4451 4443
f 4443 4350 4346
f 4346 4253 4251
f 4251 4152 4143
f 4143 4035 4033
f 4033 4027 4139
f 4027 4032 4026
f 4026 3913 3903
f 3913 3803 3903
f 3803 3672 3795
f 3672 3533 3668
f 3533 3434 3426
f 3434 3339 3426
f 3339 3344 3436
f 3344 3249 3340
f 3249 3158 3154
f 3158 3073 3154
f 3073 2984 2895
f 2895 2898 2725
f 2898 2821 2725
f 2821 2640 2633
f 2640 2561 2554
f 2561 2476 2392
f 2476 2397 2298
f 2397 2400 2210
f 656 663 662
f 663 781 785
f 781 911 785
f 911 1039 1151
f 1039 1138 1145
f 1138 1250 1145
f 1250 1247 1462
f 1462 1781 1785
f 1785 2092 1988
f 1988 2094 1888
f 2094 2208 1992
f 2208 2393 2479
f 2479 2741 2567
f 2741 3000 2918
f 3000 2905 3172
f 2922 2835 2572
f 1690 1579 1796
f 1579 1482 1687
f 1482 1167 1278
f 1167 1162 1056
f 1162 1055 1051
f 1055 572 673
f 572 571 411
f 571 669 485
f 669 565 560
f 565 486 363
f 363 570 563
f 563 794 787
f 794 664 787
f 664 477 658
f 477 473 658
f 473 472 467
f 467 460 546
f 546 461 547
f 547 404 470
f 470 405 471
f 405 403 465
f 403 359 402
f 359 358 402
f 358 399 402
f 402 457 463
f 463 464 468
f 468 548 474
f 548 553 474
f 553 656 557
f 3459 3578 3455
f 3578 3570 3455
f 3570 3697 3695
f 3695 3693 3686
f 3686 3358 3440
f 3358 3437 3268
f 3437 3546 3354
f 3546 3547 3537
f 3547 3538 3537
f 3538 3671 3793
f 3793 3805 3789
f 3805 3795 3789
f 3795 3912 4020
f 4020 4034 4016
f 4034 4142 4016
f 4142 4141 4137
f 4141 4246 4137
f 4246 4248 4337
f 4248 4338 4337
f 4338 4344 4339
f 4339 4250 4142
f 4250 4345 4335
f 4345 4548 4439
f 4548 4651 4643
f 4651 4741 4644
f 4741 4742 4846
f 4742 4851 4841
f 4851 4956 4953
f 4956 4858 4957
f 4957 4859 4853
f 4853 4863 4860
f 4863 4861 4860
f 4861 4749 4746
f 4749 4750 4746
f 4750 4668 4565
f 4565 4569 4464
f 4569 4357 4464
f 4357 3822 4048
f 3822 3566 3359
f 3359 3278 3000
f 3278 2918 3000
f 2918 2922 2568
f 4261 4453 4454
f 4453 4544 4648
f 4544 4452 4542
f 4542 4559 4647
f 4647 4549 4537
f 4549 4443 4536
f 4443 4346 4440
f 4346 4251 4336
f 4251 4143 4243
f 4143 4033 4139
f 4139 4027 4138
f 4027 4026 4138
f 4026 3903 4017
f 3903 3803 3902
f 3803 3795 3902
f 3795 3672 3668
f 3668 3533 3523
f 3533 3426 3523
f 3426 3339 3334
f 3339 3436 3433
f 3436 3344 3433
f 3344 3340 3433
f 3340 3249 3335
f 3249 3154 3245
f 3154 3073 2976
f 3073 2895 2976
f 2895 2725 2813
f 2725 2821 2633
f 2633 2640 2554
f 2554 2561 2392
f 2392 2476 2298
f 2298 2397 2210
f 2210 2400 2107
f 656 662 557
f 662 663 666
f 663 785 667
f 785 911 923
f 911 1151 923
f 1151 1039 1145
f 1145 1250 1360
f 1250 1462 1360
f 1462 1785 1677
f 1785 1988 1677
f 1988 1888 1789
f 1888 2094 1992
f 1992 2208 2305
f 2208 2479 2305
f 2479 2567 2305
f 2567 2741 2918
f 3000 3172 3359
f 3172 2905 3084
f 2922 2572 2571
f 1690 1796 1895
f 1796 1579 1687
f 1687 1482 1480
f 1482 1278 1480
f 1278 1167 1060
f 1167 1056 1060
f 1056 1162 1051
f 1051 1055 927
f 1055 673 927
f 673 572 411
f 411 571 485
f 485 669 479
f 669 560 479
f 560 565 554
f 565 363 478
f 363 563 475
f 563 787 475
f 787 664 778
f 664 658 778
f 658 473 546
f 473 467 546
f 546 547 778
f 547 470 778
f 470 471 787
f 471 405 465
f 465 403 463
f 403 402 463
f 463 468 465
f 468 474 552
f 474 553 557
f 3459 3455 3371
f 3455 3570 3281
f 3570 3695 3277
f 3695 3686 3688
f 3686 3440 3559
f 3440 3358 3357
f 3358 3268 3272
f 3268 3437 3354
f 3354 3546 3347
f 3546 3537 3347
f 3537 3538 3667
f 3538 3793 3529
f 3793 3789 3784
f 3789 3795 3785
f 3795 4020 4015
f 4020 4016 4015
f 4016 4142 4017
f 4142 4137 4339
f 4137 4246 4242
f 4246 4337 4242
f 4337 4338 4334
f 4338 4339 4334
f 4142 4250 4138
f 4250 4335 4139
f 4335 4345 4439
f 4439 4548 4534
f 4548 4643 4534
f 4643 4651 4644
f 4644 4741 4645
f 4741 4846 4837
f 4846 4742 4841
f 4841 4851 4735
f 4851 4953 4735
f 4953 4956 5007
f 4956 4957 5007
f 4957 4853 4848
f 4853 4860 4955
f 4860 4861 4855
f 4861 4746 4856
f 4746 4750 4857
f 4750 4565 4744
f 4565 4464 4560
f 4464 4357 4356
f 4357 4048 4356
f 4048 3822 3556
f 3822 3359 3556
f 2918 2568 2567
f 2568 2922 2571
f 4261 4454 4351
f 4454 4453 4648
f 4648 4544 4640
f 4544 4542 4640
f 4542 4647 4639
f 4647 4537 4638
f 4537 4549 4536
f 4536 4443 4440
f 4440 4346 4336
f 4336 4251 4243
f 4243 4143 4139
f 4139 4138 4250
f 4138 4026 4017
f 4017 3903 3901
f 3903 3902 3901
f 3902 3795 3790
f 3795 3668 3790
f 3668 3523 3657
f 3523 3426 3517
f 3426 3334 3419
f 3334 3339 3522
f 3339 3433 3522
f 3436 3339 3256
f 3344 3433 3343
f 3433 3340 3334
f 3340 3335 3334
f 3335 3249 3245
f 3245 3154 3153
f 3154 2976 3153
f 2976 2895 2982
f 2895 2813 2977
f 2813 2725 2629
f 2725 2633 2629
f 2633 2554 2550
f 2554 2392 2388
f 2392 2298 2200
f 2298 2210 2096
f 2210 2107 1993
f 557 662 666
f 666 663 667
f 667 785 927
f 785 923 927
f 923 1151 922
f 1151 1145 1269
f 1145 1360 1269
f 1360 1462 1677
f 1677 1988 1789
f 1789 1888 1683
f 1888 1992 1793
f 1992 2305 2103
f 2305 2567 2568
f 3359 3172 3556
f 3172 3084 3356
f 2572 2922 2574
f 1895 1796 1998
f 1796 1687 1998
f 1687 1480 1573
f 1480 1278 1166
f 1278 1060 1166
f 1060 1056 798
f 1056 1051 1048
f 1051 927 923
f 927 673 667
f 673 411 484
f 411 485 408
f 485 479 408
f 479 560 476
f 560 554 552
f 554 565 478
f 478 363 475
f 475 787 659
f 787 778 470
f 778 658 546
f 787 471 659
f 471 465 551
f 465 468 551
f 468 552 551
f 552 474 560
f 474 557 476
f 3371 3455 3285
f 3455 3281 3285
f 3281 3570 3277
f 3277 3695 3360
f 3695 3688 3360
f 3688 3686 3559
f 3559 3440 3357
f 3357 3358 3272
f 3272 3268 3088
f 3268 3354 3169
f 3354 3347 3169
f 3347 3537 3432
f 3537 3667 3528
f 3667 3538 3529
f 3529 3793 3784
f 3784 3789 3785
f 3785 3795 3658
f 3795 4015 3790
f 4015 4016 4009
f 4016 4017 4012
f 4017 4142 4138
f 4339 4137 4334
f 4137 4242 4334
f 4242 4337 4334
f 4139 4335 4243
f 4335 4439 4331
f 4439 4534 4435
f 4534 4643 4635
f 4643 4644 4635
f 4644 4645 4536
f 4645 4741 4637
f 4741 4837 4730
f 4837 4846 4841
f 4841 4735 4731
f 4735 4953 4842
f 4953 5007 4946
f 5007 4957 4949
f 4957 4848 4949
f 4848 4853 4955
f 4955 4860 4855
f 4856 4746 4857
f 4857 4750 4744
f 4744 4565 4655
f 4565 4560 4655
f 4560 4464 4459
f 4464 4356 4459
f 4356 4048 4154
f 4048 3556 3811
f 2568 2571 2307
f 4261 4351 4044
f 4351 4454 4546
f 4454 4648 4545
f 4648 4640 4732
f 4640 4542 4639
f 4639 4647 4638
f 4638 4537 4632
f 4537 4536 4632
f 4536 4440 4436
f 4440 4336 4436
f 4336 4243 4237
f 4017 3901 4012
f 3901 3902 3790
f 3795 3790 3664
f 3790 3668 3657
f 3657 3523 3650
f 3523 3517 3650
f 3517 3426 3419
f 3419 3334 3522
f 3522 3433 3529
f 3256 3339 3251
f 3343 3433 3339
f 3433 3334 3425
f 3334 3335 3331
f 3335 3245 3243
f 3245 3153 3152
f 3153 2976 3070
f 2976 2982 3070
f 2982 2895 2977
f 2977 2813 2805
f 2813 2629 2719
f 2629 2633 2550
f 2550 2554 2388
f 2388 2392 2200
f 2200 2298 2096
f 2096 2210 1993
f 1993 2107 1997
f 557 666 480
f 666 667 561
f 923 922 1048
f 922 1151 1044
f 1151 1269 1044
f 1269 1360 1570
f 1360 1677 1570
f 1677 1789 1570
f 1789 1683 1570
f 1683 1888 1793
f 1793 1992 1994
f 1992 2103 1994
f 2568 2567 2656
f 3556 3172 3356
f 3356 3084 3261
f 2572 2574 2310
f 2574 2922 2924
f 1895 1998 1999
f 1998 1687 1994
f 1687 1573 1994
f 1573 1480 1477
f 1480 1166 1477
f 1166 1060 1052
f 1060 798 930
f 798 1056 1048
f 1048 1051 923
f 667 673 484
f 484 411 408
f 408 479 476
f 476 560 474
f 552 554 551
f 554 478 551
f 478 475 659
f 659 471 551
f 476 557 480
f 3285 3281 3186
f 3281 3277 3181
f 3277 3360 3174
f 3360 3688 3442
f 3688 3559 3442
f 3559 3357 3442
f 3357 3272 3274
f 3272 3088 3173
f 3088 3268 3169
f 3169 3347 3258
f 3347 3432 3258
f 3432 3537 3528
f 3528 3667 3522
f 3667 3529 3522
f 3529 3784 3656
f 3784 3785 3652
f 3785 3658 3653
f 3658 3795 3664
f 3790 4015 3897
f 4015 4009 3897
f 4009 4016 4012
f 4243 4335 4237
f 4335 4331 4237
f 4331 4439 4435
f 4435 4534 4527
f 4534 4635 4527
f 4635 4644 4636
f 4644 4536 4636
f 4536 4645 4632
f 4637 4741 4730
f 4730 4837 4835
f 4837 4841 4838
f 4841 4731 4838
f 4731 4735 4638
f 4735 4842 4736
f 4842 4953 4946
f 4946 5007 5004
f 5007 4949 5005
f 4949 4848 4844
f 4848 4955 4950
f 4655 4565 4553
f 4565 4655 4660
f 4655 4560 4459
f 4459 4356 4460
f 4356 4154 4460
f 4154 4048 4041
f 4048 3811 4041
f 4261 4044 3819
f 4044 4351 4148
f 4351 4546 4444
f 4546 4454 4545
f 4545 4648 4732
f 4732 4640 4839
f 4640 4639 4839
f 4639 4638 4839
f 4638 4632 4731
f 4536 4436 4531
f 4436 4336 4434
f 4336 4237 4332
f 4012 3901 3898
f 3901 3790 3898
f 3664 3790 3897
f 3790 3657 3785
f 3657 3650 3653
f 3650 3517 3649
f 3517 3419 3522
f 3522 3529 3656
f 3529 3433 3344
f 3256 3251 3159
f 3251 3339 3334
f 3433 3425 3248
f 3425 3334 3421
f 3334 3331 3421
f 3331 3335 3243
f 3245 3152 3244
f 3152 3153 3070
f 3070 2982 3072
f 2977 2805 2973
f 2805 2813 2719
f 2719 2629 2713
f 2629 2550 2543
f 2550 2388 2381
f 2388 2200 2196
f 2200 2096 1989
f 2096 1993 1792
f 1993 1997 1794
f 480 666 561
f 561 667 484
f 1048 922 792
f 922 1044 918
f 1044 1269 1267
f 1269 1570 1473
f 1570 1683 1473
f 1683 1793 1474
f 1793 1994 1573
f 1994 2103 1998
f 2656 2567 2652
f 3556 3356 3551

