# https://github.com/mikedh/trimesh
v -0.20117188 0.41992188 0.07617188
v -0.20117188 0.42382812 0.07226562
v -0.20117188 0.42773438 0.07226562
v -0.20117188 0.42773438 0.07617188
v -0.20117188 0.43164062 0.08789062
v -0.20117188 0.43554688 0.08789062
v -0.19726562 0.41992188 0.07617188
v -0.19726562 0.42382812 0.08789062
v -0.19726562 0.42773438 0.08789062
v -0.19726562 0.43164062 0.07617188
v -0.19726562 0.43945312 0.08789062
v -0.19335938 0.41601562 0.06835938
v -0.19335938 0.42382812 0.07617188
v -0.19335938 0.42773438 0.07617188
v -0.19335938 0.42773438 0.08789062
v -0.19335938 0.43164062 0.07617188
v -0.19335938 0.43554688 0.10351562
v -0.19335938 0.43945312 0.10351562
v -0.19335938 0.44335938 0.09179688
v -0.19335938 0.44335938 0.10351562
v -0.18945312 0.42773438 0.07617188
v -0.18945312 0.42773438 0.09179688
v -0.18945312 0.43554688 0.10351562
v -0.18945312 0.44335938 0.09179688
v -0.18945312 0.44726562 0.10742188
v -0.18554688 0.43554688 0.08789062
v -0.18554688 0.43554688 0.10742188
v -0.18554688 0.44335938 0.09179688
v -0.18554688 0.45117188 0.10742188
v -0.18164062 0.43945312 0.10742188
v -0.18164062 0.44335938 0.12695312
v -0.18164062 0.44726562 0.09960938
v -0.18164062 0.44726562 0.12695312
v -0.18164062 0.45507812 0.12695312
v -0.17773438 0.43945312 0.12695312
v -0.17773438 0.44335938 0.10742188
v -0.17773438 0.44726562 0.10742188
v -0.17773438 0.45117188 0.10742188
v -0.17382812 0.44335938 0.12695312
v -0.17382812 0.44726562 0.15039062
v -0.17382812 0.45117188 0.11132812
v -0.17382812 0.45117188 0.15039062
v -0.17382812 0.45898438 0.12695312
v -0.16992188 0.44335938 0.12695312
v -0.16992188 0.44335938 0.14648438
v -0.16992188 0.45507812 0.11914062
v -0.16992188 0.45507812 0.15039062
v -0.16601562 -0.45507812 -0.02929688
v -0.16601562 -0.44726562 -0.02929688
v -0.16601562 0.44335938 0.14648438
v -0.16601562 0.45117188 0.12695312
v -0.16601562 0.45507812 0.12695312
v -0.16601562 0.45898438 0.12695312
v -0.16601562 0.46289062 0.15429688
v -0.16210938 -0.46289062 -0.03710938
v -0.16210938 -0.45507812 -0.04101562
v -0.16210938 -0.45507812 -0.02539062
v -0.16210938 -0.44726562 -0.02148438
v -0.16210938 -0.43945312 -0.04101562
v -0.16210938 0.44335938 0.14648438
v -0.16210938 0.44335938 0.17382812
v -0.16210938 0.44726562 0.17773438
v -0.16210938 0.45898438 0.13085938
v -0.16210938 0.45898438 0.13476562
v -0.15820312 -0.46289062 -0.04492188
v -0.15820312 -0.46289062 -0.02539062
v -0.15820312 -0.45507812 -0.05273438
v -0.15820312 -0.43945312 -0.05273438
v -0.15820312 -0.43554688 -0.03320312
v -0.15820312 -0.43554688 -0.02539062
v -0.15820312 0.44335938 0.17382812
v -0.15820312 0.45507812 0.17773438
v -0.15820312 0.46289062 0.14257812
v -0.15820312 0.46289062 0.15039062
v -0.15429688 -0.46289062 -0.05664062
v -0.15429688 -0.46289062 -0.02148438
v -0.15429688 -0.45507812 -0.01757812
v -0.15429688 -0.44726562 -0.01757812
v -0.15429688 -0.43554688 -0.02148438
v -0.15429688 -0.43164062 -0.04101562
v -0.15429688 -0.22460938 0.01367188
v -0.15429688 -0.21289062 -0.00976562
v -0.15429688 -0.20898438 0.01367188
v -0.15429688 -0.18554688 0.01367188
v -0.15429688 0.43945312 0.16992188
v -0.15429688 0.44726562 0.14648438
v -0.15429688 0.46289062 0.15039062
v -0.15429688 0.46289062 0.17773438
v -0.15039062 -0.46289062 -0.02929688
v -0.15039062 -0.46289062 -0.01757812
v -0.15039062 -0.45507812 -0.06835938
v -0.15039062 -0.45507812 -0.01367188
v -0.15039062 -0.44726562 -0.06835938
v -0.15039062 -0.44726562 -0.01367188
v -0.15039062 -0.43554688 -0.01757812
v -0.15039062 -0.42773438 -0.04882812
v -0.15039062 -0.42773438 -0.03320312
v -0.15039062 -0.24804688 -0.00976562
v -0.15039062 -0.24804688 0.01757812
v -0.15039062 -0.22460938 -0.00976562
v -0.15039062 -0.20898438 0.03710938
v -0.15039062 -0.18554688 -0.01367188
v -0.15039062 -0.18554688 0.03320312
v -0.15039062 -0.16601562 -0.00976562
v -0.15039062 -0.16601562 0.00976562
v -0.15039062 0.45507812 0.14648438
v -0.15039062 0.45898438 0.15039062
v -0.14648438 -0.46289062 -0.06445312
v -0.14648438 -0.46289062 -0.02539062
v -0.14648438 -0.43164062 -0.02539062
v -0.14648438 -0.42382812 -0.04101562
v -0.14648438 -0.28320312 -0.00195312
v -0.14648438 -0.27539062 0.02148438
v -0.14648438 -0.24414062 0.04101562
v -0.14648438 -0.22851562 -0.03710938
v -0.14648438 -0.22070312 0.04101562
v -0.14648438 -0.21289062 -0.03710938
v -0.14648438 -0.18945312 -0.03710938
v -0.14648438 -0.16210938 0.02929688
v -0.14648438 -0.14648438 -0.00976562
v -0.14648438 -0.14648438 0.00976562
v -0.14648438 0.43554688 0.20117188
v -0.14648438 0.43945312 0.20507812
v -0.14648438 0.44335938 0.16992188
v -0.14648438 0.44726562 0.20507812
v -0.14648438 0.46289062 0.15429688
v -0.14648438 0.46679688 0.17773438
v -0.14257812 -0.46289062 -0.02148438
v -0.14257812 -0.45507812 -0.08398438
v -0.14257812 -0.45507812 -0.01757812
v -0.14257812 -0.44726562 -0.08398438
v -0.14257812 -0.44726562 -0.01757812
v -0.14257812 -0.43554688 -0.02148438
v -0.14257812 -0.43164062 -0.06835938
v -0.14257812 -0.29882812 0.00195312
v -0.14257812 -0.29882812 0.02539062
v -0.14257812 -0.27148438 0.04492188
v -0.14257812 -0.24804688 -0.03320312
v -0.14257812 -0.18554688 0.05273438
v -0.14257812 -0.16601562 -0.03710938
v -0.14257812 -0.14648438 -0.03320312
v -0.14257812 -0.14648438 0.02539062
v -0.14257812 0.43164062 0.20117188
v -0.14257812 0.44335938 0.16992188
v -0.14257812 0.45507812 0.20507812
v -0.14257812 0.46289062 0.16210938
v -0.14257812 0.46679688 0.17773438
v -0.13867188 -0.46289062 -0.08007812
v -0.13867188 -0.42382812 -0.03320312
v -0.13867188 -0.41992188 -0.04882812
v -0.13867188 -0.41601562 -0.06835938
v -0.13867188 -0.41210938 -0.05664062
v -0.13867188 -0.31445312 0.01367188
v -0.13867188 -0.29492188 0.04101562
v -0.13867188 -0.27539062 -0.02929688
v -0.13867188 -0.22070312 0.05664062
v -0.13867188 -0.21289062 -0.06445312
v -0.13867188 -0.20898438 0.05664062
v -0.13867188 -0.18945312 -0.06054688
v -0.13867188 -0.16601562 -0.05664062
v -0.13867188 -0.16210938 0.04492188
v -0.13867188 -0.13085938 0.00585938
v -0.13867188 -0.12695312 -0.00976562
v -0.13867188 0.43164062 0.19726562
v -0.13867188 0.46289062 0.16992188
v -0.13476562 -0.46289062 -0.02929688
v -0.13476562 -0.45507812 -0.01757812
v -0.13476562 -0.44726562 -0.02148438
v -0.13476562 -0.43164062 -0.08789062
v -0.13476562 -0.43164062 -0.02148438
v -0.13476562 -0.41992188 -0.03320312
v -0.13476562 -0.31054688 -0.00585938
v -0.13476562 -0.31054688 0.03320312
v -0.13476562 -0.29492188 -0.02148438
v -0.13476562 -0.24414062 0.06054688
v -0.13476562 -0.22851562 -0.06445312
v -0.13476562 -0.14648438 -0.05664062
v -0.13476562 -0.14648438 0.03710938
v -0.13476562 -0.13085938 0.01757812
v -0.13476562 -0.12695312 -0.02929688
v -0.13476562 0.43164062 0.23242188
v -0.13476562 0.43945312 0.23242188
v -0.13476562 0.45117188 0.16992188
v -0.13476562 0.46289062 0.17773438
v -0.13476562 0.46289062 0.20898438
v -0.13085938 -0.46289062 -0.02148438
v -0.13085938 -0.46289062 -0.01367188
v -0.13085938 -0.45507812 -0.01367188
v -0.13085938 -0.45117188 0.22070312
v -0.13085938 -0.44726562 -0.01367188
v -0.13085938 -0.43945312 -0.01757812
v -0.13085938 -0.41601562 -0.08789062
v -0.13085938 -0.40039062 -0.07226562
v -0.13085938 -0.40039062 -0.05664062
v -0.13085938 -0.32617188 0.00195312
v -0.13085938 -0.32226562 -0.01757812
v -0.13085938 -0.30664062 -0.02539062
v -0.13085938 -0.26757812 0.06054688
v -0.13085938 -0.25195312 -0.06054688
v -0.13085938 -0.16210938 0.05273438
v -0.13085938 -0.13085938 0.02929688
v -0.13085938 -0.12695312 -0.04882812
v -0.13085938 -0.11132812 0.00195312
v -0.13085938 -0.10742188 -0.00976562
v -0.13085938 0.41992188 0.22460938
v -0.13085938 0.42382812 0.22851562
v -0.13085938 0.43164062 0.19726562
v -0.13085938 0.44335938 0.23632812
v -0.13085938 0.45898438 0.16992188
v -0.13085938 0.46289062 0.18164062
v -0.12695312 -0.46289062 -0.02539062
v -0.12695312 -0.46289062 -0.00585938
v -0.12695312 -0.46289062 0.22460938
v -0.12695312 -0.45507812 -0.09960938
v -0.12695312 -0.45507812 -0.00195312
v -0.12695312 -0.44726562 -0.09960938
v -0.12695312 -0.44726562 -0.00585938
v -0.12695312 -0.44726562 0.24414062
v -0.12695312 -0.43554688 0.22070312
v -0.12695312 -0.42773438 -0.02148438
v -0.12695312 -0.41210938 -0.04101562
v -0.12695312 -0.40039062 -0.08789062
v -0.12695312 -0.34179688 -0.00976562
v -0.12695312 -0.33789062 -0.03320312
v -0.12695312 -0.33007812 0.02148438
v -0.12695312 -0.32226562 -0.03320312
v -0.12695312 -0.29492188 -0.03320312
v -0.12695312 -0.29492188 0.05664062
v -0.12695312 -0.27539062 -0.04882812
v -0.12695312 -0.21289062 -0.08398438
v -0.12695312 -0.18945312 -0.08007812
v -0.12695312 -0.18554688 0.06054688
v -0.12695312 -0.16601562 -0.07617188
v -0.12695312 -0.14648438 -0.06835938
v -0.12695312 -0.14648438 0.04492188
v -0.12695312 -0.11132812 0.01367188
v -0.12695312 -0.10742188 -0.02929688
v -0.12695312 0.41601562 0.22460938
v -0.12695312 0.46289062 0.20507812
v -0.12304688 -0.46289062 -0.09570312
v -0.12304688 -0.46289062 -0.01367188
v -0.12304688 -0.46289062 0.24414062
v -0.12304688 -0.43554688 -0.00976562
v -0.12304688 -0.43164062 -0.10351562
v -0.12304688 -0.43164062 -0.01367188
v -0.12304688 -0.42773438 0.21679688
v -0.12304688 -0.38867188 -0.07226562
v -0.12304688 -0.38867188 -0.05664062
v -0.12304688 -0.36132812 0.20507812
v -0.12304688 -0.34960938 0.17382812
v -0.12304688 -0.34570312 -0.04492188
v -0.12304688 -0.34179688 0.18945312
v -0.12304688 -0.33398438 -0.04882812
v -0.12304688 -0.33007812 0.16210938
v -0.12304688 -0.32617188 0.17773438
v -0.12304688 -0.31054688 0.04882812
v -0.12304688 -0.30664062 -0.03710938
v -0.12304688 -0.22851562 -0.08398438
v -0.12304688 -0.22070312 0.06835938
v -0.12304688 -0.20898438 0.06445312
v -0.12304688 -0.12695312 -0.06445312
v -0.12304688 -0.11523438 0.02148438
v -0.12304688 0.43554688 0.19726562
v -0.12304688 0.45117188 0.23242188
v -0.12304688 0.46289062 0.18945312
v -0.12304688 0.46289062 0.20507812
v -0.11914062 -0.46679688 0.20507812
v -0.11914062 -0.46289062 -0.00585938
v -0.11914062 -0.45898438 0.24804688
v -0.11914062 -0.45507812 -0.00195312
v -0.11914062 -0.45117188 0.20507812
v -0.11914062 -0.44726562 -0.00195312
v -0.11914062 -0.43945312 0.20507812
v -0.11914062 -0.43164062 0.23632812
v -0.11914062 -0.42382812 0.23242188
v -0.11914062 -0.41601562 -0.10351562
v -0.11914062 -0.40039062 -0.04101562
v -0.11914062 -0.38476562 -0.08789062
v -0.11914062 -0.37695312 -0.06835938
v -0.11914062 -0.37695312 -0.05273438
v -0.11914062 -0.37695312 0.22070312
v -0.11914062 -0.36523438 -0.06835938
v -0.11914062 -0.36523438 0.18554688
v -0.11914062 -0.35742188 -0.05664062
v -0.11914062 -0.35351562 0.22070312
v -0.11914062 -0.34960938 -0.02929688
v -0.11914062 -0.34179688 -0.06054688
v -0.11914062 -0.34179688 0.00585938
v -0.11914062 -0.33398438 0.20898438
v -0.11914062 -0.33007812 0.03320312
v -0.11914062 -0.31835938 -0.04882812
v -0.11914062 -0.31835938 0.19335938
v -0.11914062 -0.31054688 0.15820312
v -0.11914062 -0.31054688 0.17382812
v -0.11914062 -0.29492188 0.17382812
v -0.11914062 -0.24414062 0.06835938
v -0.11914062 -0.12695312 0.03320312
v -0.11914062 -0.10742188 -0.04492188
v -0.11914062 -0.10351562 0.00976562
v -0.11914062 -0.09960938 0.00195312
v -0.11914062 -0.09570312 -0.02539062
v -0.11914062 -0.09570312 -0.00976562
v -0.11914062 0.41210938 0.25195312
v -0.11914062 0.41601562 0.25585938
v -0.11914062 0.41992188 0.22070312
v -0.11914062 0.42382812 0.25976562
v -0.11914062 0.43945312 0.19726562
v -0.11914062 0.45898438 0.19335938
v -0.11523438 -0.46679688 0.22460938
v -0.11523438 -0.46289062 -0.02539062
v -0.11523438 -0.46289062 0.24023438
v -0.11523438 -0.46289062 0.24804688
v -0.11523438 -0.44726562 0.24804688
v -0.11523438 -0.43554688 -0.00976562
v -0.11523438 -0.43164062 0.20117188
v -0.11523438 -0.43164062 0.24804688
v -0.11523438 -0.41992188 0.21289062
v -0.11523438 -0.41601562 0.23242188
v -0.11523438 -0.40820312 0.20898438
v -0.11523438 -0.40429688 0.22851562
v -0.11523438 -0.40039062 -0.10351562
v -0.11523438 -0.39257812 0.20898438
v -0.11523438 -0.39257812 0.22460938
v -0.11523438 -0.38867188 -0.04101562
v -0.11523438 -0.38085938 0.20117188
v -0.11523438 -0.37304688 -0.08398438
v -0.11523438 -0.37304688 0.23242188
v -0.11523438 -0.36914062 -0.04882812
v -0.11523438 -0.36523438 -0.08007812
v -0.11523438 -0.36132812 -0.04101562
v -0.11523438 -0.35742188 0.15429688
v -0.11523438 -0.35351562 -0.07617188
v -0.11523438 -0.35351562 -0.01367188
v -0.11523438 -0.34570312 0.22851562
v -0.11523438 -0.33789062 0.14648438
v -0.11523438 -0.32617188 -0.06445312
v -0.11523438 -0.30664062 0.18554688
v -0.11523438 -0.30273438 0.15820312
v -0.11523438 -0.29101562 0.18554688
v -0.11523438 -0.28320312 0.17382812
v -0.11523438 -0.26757812 0.06835938
v -0.11523438 -0.19335938 -0.09960938
v -0.11523438 -0.16992188 -0.09179688
v -0.11523438 -0.15820312 0.05273438
v -0.11523438 -0.14648438 -0.08398438
v -0.11523438 -0.14257812 0.04492188
v -0.11523438 -0.11132812 0.02148438
v -0.11523438 -0.10742188 -0.06054688
v -0.11523438 0.40820312 0.25195312
v -0.11523438 0.43164062 0.25976562
v -0.11523438 0.44726562 0.19726562
v -0.11523438 0.45507812 0.19726562
v -0.11523438 0.45507812 0.23242188
v -0.11523438 0.45898438 0.20898438
v -0.11132812 -0.46679688 0.20898438
v -0.11132812 -0.46289062 -0.00976562
v -0.11132812 -0.46289062 -0.00195312
v -0.11132812 -0.46289062 0.26367188
v -0.11132812 -0.45898438 0.26367188
v -0.11132812 -0.45507812 -0.00585938
v -0.11132812 -0.45507812 0.00195312
v -0.11132812 -0.44726562 -0.00585938
v -0.11132812 -0.44335938 0.25976562
v -0.11132812 -0.43945312 0.00195312
v -0.11132812 -0.43164062 -0.00976562
v -0.11132812 -0.42382812 0.19726562
v -0.11132812 -0.42382812 0.24414062
v -0.11132812 -0.41601562 0.24414062
v -0.11132812 -0.41210938 -0.02929688
v -0.11132812 -0.41210938 0.19726562
v -0.11132812 -0.40429688 0.24023438
v -0.11132812 -0.39257812 0.24023438
v -0.11132812 -0.38867188 0.18945312
v -0.11132812 -0.38085938 -0.04101562
v -0.11132812 -0.37304688 0.16992188
v -0.11132812 -0.34179688 0.01367188
v -0.11132812 -0.33789062 -0.07617188
v -0.11132812 -0.33007812 0.21679688
v -0.11132812 -0.31835938 0.14257812
v -0.11132812 -0.31445312 0.20507812
v -0.11132812 -0.30664062 0.19726562
v -0.11132812 -0.30273438 -0.04882812
v -0.11132812 -0.29101562 0.06054688
v -0.11132812 -0.28710938 0.15820312
v -0.11132812 -0.28320312 -0.06445312
v -0.11132812 -0.27539062 0.18945312
v -0.11132812 -0.25976562 -0.08007812
v -0.11132812 -0.24414062 -0.09570312
v -0.11132812 -0.21679688 -0.09960938
v -0.11132812 -0.20507812 0.06445312
v -0.11132812 -0.18554688 0.06445312
v -0.11132812 -0.13085938 -0.07617188
v -0.11132812 -0.12304688 0.03320312
v -0.11132812 -0.09960938 0.00976562
v -0.11132812 -0.09179688 -0.04101562
v -0.11132812 0.40429688 0.24804688
v -0.11132812 0.42382812 0.22070312
v -0.11132812 0.43945312 0.25976562
v -0.11132812 0.45507812 0.23242188
v -0.10742188 -0.46679688 0.19726562
v -0.10742188 -0.46289062 -0.10351562
v -0.10742188 -0.46289062 -0.00195312
v -0.10742188 -0.45507812 -0.10742188
v -0.10742188 -0.45117188 0.19726562
v -0.10742188 -0.44726562 -0.11132812
v -0.10742188 -0.44335938 0.27148438
v -0.10742188 -0.43164062 -0.11523438
v -0.10742188 -0.43164062 -0.00195312
v -0.10742188 -0.43164062 0.25976562
v -0.10742188 -0.41992188 -0.01757812
v -0.10742188 -0.40039062 -0.02929688
v -0.10742188 -0.39648438 0.19335938
v -0.10742188 -0.38476562 -0.10351562
v -0.10742188 -0.36914062 -0.03710938
v -0.10742188 -0.36914062 0.24023438
v -0.10742188 -0.36132812 -0.02539062
v -0.10742188 -0.34960938 -0.08789062
v -0.10742188 -0.32617188 0.22460938
v -0.10742188 -0.31445312 -0.06054688
v -0.10742188 -0.31054688 0.20898438
v -0.10742188 -0.30664062 0.05273438
v -0.10742188 -0.30664062 0.14257812
v -0.10742188 -0.29101562 0.19335938
v -0.10742188 -0.27148438 0.20117188
v -0.10742188 -0.26757812 0.18164062
v -0.10742188 -0.26367188 0.19726562
v -0.10742188 -0.26367188 0.20898438
v -0.10742188 -0.25195312 0.18945312
v -0.10742188 -0.24804688 0.20507812
v -0.10742188 -0.24023438 0.19726562
v -0.10742188 -0.23632812 0.21679688
v -0.10742188 -0.22070312 0.20507812
v -0.10742188 -0.21679688 0.06445312
v -0.10742188 -0.21679688 0.22460938
v -0.10742188 -0.20117188 0.21289062
v -0.10742188 -0.20117188 0.22460938
v -0.10742188 -0.10742188 -0.06835938
v -0.10742188 -0.10742188 0.02539062
v -0.10742188 -0.09179688 -0.05273438
v -0.10742188 -0.09179688 -0.00195312
v -0.10742188 -0.08789062 -0.00976562
v -0.10742188 0.45507812 0.21289062
v -0.10351562 -0.46679688 0.20507812
v -0.10351562 -0.46289062 -0.01757812
v -0.10351562 -0.46289062 -0.00976562
v -0.10351562 -0.46289062 0.27539062
v -0.10351562 -0.45507812 0.00585938
v -0.10351562 -0.45507812 0.27539062
v -0.10351562 -0.44335938 0.19335938
v -0.10351562 -0.43945312 0.00585938
v -0.10351562 -0.43554688 0.19726562
v -0.10351562 -0.43164062 0.26757812
v -0.10351562 -0.42382812 -0.00976562
v -0.10351562 -0.42382812 0.25585938
v -0.10351562 -0.41601562 -0.11523438
v -0.10351562 -0.41601562 0.25195312
v -0.10351562 -0.40429688 0.25195312
v -0.10351562 -0.38867188 0.24804688
v -0.10351562 -0.37304688 -0.09960938
v -0.10351562 -0.36132812 -0.09570312
v -0.10351562 -0.35351562 -0.00585938
v -0.10351562 -0.34179688 0.23632812
v -0.10351562 -0.32617188 0.03710938
v -0.10351562 -0.32226562 -0.07617188
v -0.10351562 -0.30273438 0.20117188
v -0.10351562 -0.29101562 0.15039062
v -0.10351562 -0.27148438 0.16601562
v -0.10351562 -0.24804688 0.22070312
v -0.10351562 -0.24023438 0.06445312
v -0.10351562 -0.23242188 -0.10351562
v -0.10351562 -0.23242188 0.22851562
v -0.10351562 -0.21289062 0.23242188
v -0.10351562 -0.20117188 0.19726562
v -0.10351562 -0.18945312 0.20117188
v -0.10351562 -0.18945312 0.21679688
v -0.10351562 -0.18554688 0.22460938
v -0.10351562 -0.16992188 -0.10742188
v -0.10351562 -0.15820312 0.04882812
v -0.10351562 -0.15039062 -0.09960938
v -0.10351562 -0.13867188 0.04101562
v -0.10351562 -0.09570312 0.00976562
v -0.10351562 -0.08398438 -0.02148438
v -0.10351562 0.39648438 0.27539062
v -0.10351562 0.40429688 0.27929688
v -0.10351562 0.41210938 0.27929688
v -0.10351562 0.42773438 0.22070312
v -0.10351562 0.43945312 0.25976562
v -0.10351562 0.44726562 0.21679688
v -0.10351562 0.45117188 0.23242188
v -0.09960938 -0.46289062 -0.00195312
v -0.09960938 -0.46289062 0.25585938
v -0.09960938 -0.46289062 0.27148438
v -0.09960938 -0.43164062 0.00195312
v -0.09960938 -0.42382812 0.26367188
v -0.09960938 -0.41992188 -0.00585938
v -0.09960938 -0.40039062 -0.11523438
v -0.09960938 -0.39648438 0.18164062
v -0.09960938 -0.38867188 -0.02929688
v -0.09960938 -0.38867188 0.17773438
v -0.09960938 -0.38085938 -0.02929688
v -0.09960938 -0.37304688 0.16210938
v -0.09960938 -0.36914062 -0.02929688
v -0.09960938 -0.36523438 0.24804688
v -0.09960938 -0.36132812 -0.01757812
v -0.09960938 -0.36132812 0.14648438
v -0.09960938 -0.34179688 0.13867188
v -0.09960938 -0.33398438 -0.08789062
v -0.09960938 -0.31835938 0.13476562
v -0.09960938 -0.30664062 0.13476562
v -0.09960938 -0.30273438 -0.06054688
v -0.09960938 -0.28710938 -0.07617188
v -0.09960938 -0.28710938 0.19335938
v -0.09960938 -0.27539062 0.15820312
v -0.09960938 -0.27539062 0.20507812
v -0.09960938 -0.26367188 0.21679688
v -0.09960938 -0.25585938 0.17382812
v -0.09960938 -0.24804688 0.22460938
v -0.09960938 -0.24414062 0.18164062
v -0.09960938 -0.22851562 0.23632812
v -0.09960938 -0.22460938 0.18945312
v -0.09960938 -0.21289062 0.24414062
v -0.09960938 -0.20507812 0.05664062
v -0.09960938 -0.20117188 -0.11132812
v -0.09960938 -0.19335938 0.23632812
v -0.09960938 -0.18164062 0.05664062
v -0.09960938 -0.18164062 0.23632812
v -0.09960938 -0.17773438 0.20507812
v -0.09960938 -0.17382812 0.21679688
v -0.09960938 -0.17382812 0.22460938
v -0.09960938 -0.13476562 -0.08789062
v -0.09960938 -0.12304688 0.03320312
v -0.09960938 -0.11132812 -0.08398438
v -0.09960938 -0.09179688 -0.06054688
v -0.09960938 -0.08789062 -0.00195312
v -0.09960938 -0.08007812 -0.03710938
v -0.09960938 0.39257812 0.26757812
v -0.09960938 0.40820312 0.24804688
v -0.09960938 0.41601562 0.28320312
v -0.09960938 0.43554688 0.21679688
v -0.09960938 0.44335938 0.21679688
v -0.09570312 -0.46679688 0.20507812
v -0.09570312 -0.46679688 0.22460938
v -0.09570312 -0.46679688 0.24414062
v -0.09570312 -0.46289062 -0.00585938
v -0.09570312 -0.46289062 0.28320312
v -0.09570312 -0.45507812 0.00195312
v -0.09570312 -0.45117188 0.28320312
v -0.09570312 -0.43945312 0.27539062
v -0.09570312 -0.43164062 0.27148438
v -0.09570312 -0.42382812 0.18945312
v -0.09570312 -0.41601562 0.25976562
v -0.09570312 -0.41210938 -0.01757812
v -0.09570312 -0.41210938 0.18554688
v -0.09570312 -0.40039062 0.25585938
v -0.09570312 -0.38867188 0.25195312
v -0.09570312 -0.38476562 -0.11132812
v -0.09570312 -0.34570312 -0.09960938
v -0.09570312 -0.34179688 0.01757812
v -0.09570312 -0.31054688 -0.06835938
v -0.09570312 -0.31054688 0.21289062
v -0.09570312 -0.29882812 0.20507812
v -0.09570312 -0.29492188 0.14257812
v -0.09570312 -0.29101562 0.05664062
v -0.09570312 -0.28710938 0.20117188
v -0.09570312 -0.27539062 0.20898438
v -0.09570312 -0.26757812 -0.09570312
v -0.09570312 -0.26757812 0.06445312
v -0.09570312 -0.26367188 0.22070312
v -0.09570312 -0.25976562 0.16601562
v -0.09570312 -0.24804688 0.23242188
v -0.09570312 -0.21679688 0.05664062
v -0.09570312 -0.20507812 0.18554688
v -0.09570312 -0.19335938 0.24804688
v -0.09570312 -0.18554688 0.19335938
v -0.09570312 -0.17382812 0.20117188
v -0.09570312 -0.16992188 0.23242188
v -0.09570312 -0.16601562 0.21289062
v -0.09570312 -0.16210938 0.22460938
v -0.09570312 -0.15429688 0.09179688
v -0.09570312 -0.12695312 0.09179688
v -0.09570312 -0.12304688 0.12304688
v -0.09570312 -0.11132812 0.07226562
v -0.09570312 -0.10742188 0.02148438
v -0.09570312 -0.08398438 -0.01367188
v -0.09570312 -0.08007812 -0.04492188
v -0.09570312 0.42382812 0.28320312
v -0.09570312 0.44335938 0.25585938
v -0.09179688 -0.46679688 0.19335938
v -0.09179688 -0.46679688 0.20117188
v -0.09179688 -0.46289062 -0.01757812
v -0.09179688 -0.46289062 -0.00195312
v -0.09179688 -0.45507812 -0.00195312
v -0.09179688 -0.45117188 0.18945312
v -0.09179688 -0.43945312 0.00195312
v -0.09179688 -0.43164062 -0.00195312
v -0.09179688 -0.42382812 -0.00585938
v -0.09179688 -0.42382812 0.26757812
v -0.09179688 -0.40039062 -0.02148438
v -0.09179688 -0.36914062 -0.10742188
v -0.09179688 -0.36132812 -0.01367188
v -0.09179688 -0.35742188 -0.10351562
v -0.09179688 -0.35351562 0.00195312
v -0.09179688 -0.34179688 0.24023438
v -0.09179688 -0.32617188 0.22851562
v -0.09179688 -0.31835938 -0.08398438
v -0.09179688 -0.30664062 0.04492188
v -0.09179688 -0.25195312 -0.10351562
v -0.09179688 -0.24804688 0.16992188
v -0.09179688 -0.22851562 0.17382812
v -0.09179688 -0.22851562 0.24414062
v -0.09179688 -0.22070312 -0.11523438
v -0.09179688 -0.20898438 0.24804688
v -0.09179688 -0.18945312 0.04492188
v -0.09179688 -0.18945312 0.25195312
v -0.09179688 -0.18164062 0.08789062
v -0.09179688 -0.17773438 0.24804688
v -0.09179688 -0.16601562 0.04882812
v -0.09179688 -0.16601562 0.19726562
v -0.09179688 -0.16601562 0.24023438
v -0.09179688 -0.16210938 0.06835938
v -0.09179688 -0.15820312 0.20898438
v -0.09179688 -0.15429688 0.04101562
v -0.09179688 -0.15039062 0.12695312
v -0.09179688 -0.14257812 0.05273438
v -0.09179688 -0.13867188 0.07226562
v -0.09179688 -0.13476562 0.03710938
v -0.09179688 -0.12304688 0.05273438
v -0.09179688 -0.11132812 0.02929688
v -0.09179688 -0.10351562 0.04492188
v -0.09179688 -0.10351562 0.09179688
v -0.09179688 -0.09960938 0.11914062
v -0.09179688 -0.09570312 -0.07226562
v -0.09179688 -0.09179688 0.00976562
v -0.09179688 -0.09179688 0.06835938
v -0.09179688 -0.08007812 -0.05273438
v -0.09179688 -0.08007812 -0.02148438
v -0.09179688 -0.07617188 -0.02929688
v -0.09179688 0.38867188 0.29492188
v -0.09179688 0.39257812 0.26757812
v -0.09179688 0.39257812 0.29882812
v -0.09179688 0.41210938 0.24414062
v -0.09179688 0.44335938 0.23632812
v -0.08789062 -0.46289062 -0.10351562
v -0.08789062 -0.46289062 -0.00976562
v -0.08789062 -0.46289062 0.27148438
v -0.08789062 -0.46289062 0.28320312
v -0.08789062 -0.45507812 -0.11132812
v -0.08789062 -0.45507812 0.00195312
v -0.08789062 -0.45117188 0.28320312
v -0.08789062 -0.44726562 -0.11523438
v -0.08789062 -0.44726562 0.00195312
v -0.08789062 -0.44335938 0.18945312
v -0.08789062 -0.43945312 0.27929688
v -0.08789062 -0.43164062 -0.11914062
v -0.08789062 -0.43164062 0.27539062
v -0.08789062 -0.42382812 0.26757812
v -0.08789062 -0.41992188 -0.00976562
v -0.08789062 -0.41601562 -0.11914062
v -0.08789062 -0.41601562 0.26367188
v -0.08789062 -0.38867188 -0.02539062
v -0.08789062 -0.37695312 -0.02539062
v -0.08789062 -0.36914062 -0.02539062
v -0.08789062 -0.33007812 -0.09570312
v -0.08789062 -0.32226562 0.02929688
v -0.08789062 -0.30273438 0.20898438
v -0.08789062 -0.28710938 -0.08007812
v -0.08789062 -0.27539062 0.15429688
v -0.08789062 -0.27539062 0.21289062
v -0.08789062 -0.26367188 0.22851562
v -0.08789062 -0.24804688 0.24023438
v -0.08789062 -0.24023438 -0.11132812
v -0.08789062 -0.23632812 0.05664062
v -0.08789062 -0.22851562 0.24804688
v -0.08789062 -0.21679688 0.04882812
v -0.08789062 -0.21289062 0.05664062
v -0.08789062 -0.18554688 0.06445312
v -0.08789062 -0.18164062 0.05273438
v -0.08789062 -0.18164062 0.18164062
v -0.08789062 -0.17773438 0.12304688
v -0.08789062 -0.17773438 0.25195312
v -0.08789062 -0.17382812 -0.12304688
v -0.08789062 -0.16992188 0.16601562
v -0.08789062 -0.16601562 0.25195312
v -0.08789062 -0.15820312 0.18945312
v -0.08789062 -0.15820312 0.23632812
v -0.08789062 -0.15820312 0.24414062
v -0.08789062 -0.15429688 -0.11914062
v -0.08789062 -0.15429688 0.22460938
v -0.08789062 -0.15039062 0.20898438
v -0.08789062 -0.15039062 0.23632812
v -0.08789062 -0.14257812 0.15820312
v -0.08789062 -0.13867188 -0.10742188
v -0.08789062 -0.13476562 0.18164062
v -0.08789062 -0.12304688 -0.09960938
v -0.08789062 -0.11132812 0.15039062
v -0.08789062 -0.09960938 0.01757812
v -0.08789062 -0.08789062 0.04101562
v -0.08789062 -0.08789062 0.08789062
v -0.08789062 -0.08398438 -0.00585938
v -0.08789062 -0.08007812 0.11132812
v -0.08789062 -0.07617188 -0.04101562
v -0.08789062 -0.07617188 0.06054688
v -0.08789062 0.38085938 0.29101562
v -0.08789062 0.40039062 0.30273438
v -0.08789062 0.41601562 0.24414062
v -0.08789062 0.42382812 0.28320312
v -0.08789062 0.43554688 0.24023438
v -0.08789062 0.43945312 0.25585938
v -0.08398438 -0.46289062 -0.02148438
v -0.08398438 -0.46289062 -0.00195312
v -0.08398438 -0.45507812 0.00195312
v -0.08398438 -0.44726562 0.00195312
v -0.08398438 -0.43945312 0.27929688
v -0.08398438 -0.43554688 -0.00195312
v -0.08398438 -0.43554688 0.19335938
v -0.08398438 -0.43164062 -0.00585938
v -0.08398438 -0.43164062 0.27539062
v -0.08398438 -0.42382812 0.18945312
v -0.08398438 -0.42382812 0.26757812
v -0.08398438 -0.41210938 0.18554688
v -0.08398438 -0.40039062 -0.11523438
v -0.08398438 -0.39648438 0.17773438
v -0.08398438 -0.38867188 0.16992188
v -0.08398438 -0.38476562 -0.11132812
v -0.08398438 -0.37304688 0.16210938
v -0.08398438 -0.36523438 0.25195312
v -0.08398438 -0.36132812 0.15039062
v -0.08398438 -0.34179688 -0.10351562
v -0.08398438 -0.34179688 0.13867188
v -0.08398438 -0.32226562 0.13476562
v -0.08398438 -0.31445312 0.21679688
v -0.08398438 -0.30664062 0.13476562
v -0.08398438 -0.29882812 -0.06835938
v -0.08398438 -0.29492188 0.14257812
v -0.08398438 -0.29101562 0.20117188
v -0.08398438 -0.27148438 -0.09570312
v -0.08398438 -0.26367188 0.05273438
v -0.08398438 -0.26367188 0.16210938
v -0.08398438 -0.24804688 0.16601562
v -0.08398438 -0.23242188 0.06054688
v -0.08398438 -0.20898438 0.25195312
v -0.08398438 -0.20507812 0.04101562
v -0.08398438 -0.20507812 0.08789062
v -0.08398438 -0.20507812 0.16992188
v -0.08398438 -0.20117188 -0.12695312
v -0.08398438 -0.20117188 0.12304688
v -0.08398438 -0.18945312 0.25585938
v -0.08398438 -0.16210938 0.25195312
v -0.08398438 -0.14648438 0.22460938
v -0.08398438 -0.14257812 0.23632812
v -0.08398438 -0.10742188 0.17382812
v -0.08398438 -0.09179688 0.14257812
v -0.08398438 -0.08398438 -0.06445312
v -0.08398438 -0.08007812 -0.01757812
v -0.08398438 -0.07617188 -0.04882812
v -0.08398438 -0.07226562 0.08007812
v -0.08398438 0.37695312 0.28710938
v -0.08398438 0.39257812 0.26367188
v -0.08398438 0.40820312 0.30273438
v -0.08398438 0.42382812 0.24414062
v -0.08398438 0.42773438 0.24023438
v -0.08398438 0.42773438 0.28320312
v -0.08007812 -0.46289062 -0.00195312
v -0.08007812 -0.46289062 0.25585938
v -0.08007812 -0.46289062 0.28320312
v -0.08007812 -0.45507812 0.28320312
v -0.08007812 -0.43554688 -0.00195312
v -0.08007812 -0.41210938 -0.02148438
v -0.08007812 -0.40039062 0.25976562
v -0.08007812 -0.38867188 0.25585938
v -0.08007812 -0.36914062 -0.11132812
v -0.08007812 -0.35351562 -0.10742188
v -0.08007812 -0.34960938 -0.00195312
v -0.08007812 -0.33789062 0.01367188
v -0.08007812 -0.32617188 0.22851562
v -0.08007812 -0.31054688 -0.07226562
v -0.08007812 -0.28320312 0.15039062
v -0.08007812 -0.27539062 0.21679688
v -0.08007812 -0.26367188 0.23242188
v -0.08007812 -0.25585938 -0.10742188
v -0.08007812 -0.24414062 0.24414062
v -0.08007812 -0.23242188 0.04882812
v -0.08007812 -0.23242188 0.08398438
v -0.08007812 -0.22851562 -0.11914062
v -0.08007812 -0.20117188 0.15039062
v -0.08007812 -0.17382812 0.25976562
v -0.08007812 -0.15820312 0.25976562
v -0.08007812 -0.14648438 0.25195312
v -0.08007812 -0.13085938 0.20898438
v -0.08007812 -0.13085938 0.22460938
v -0.08007812 -0.10351562 -0.09570312
v -0.08007812 -0.08789062 0.16601562
v -0.08007812 -0.08398438 0.00976562
v -0.08007812 -0.07617188 -0.02539062
v -0.08007812 -0.07617188 -0.00195312
v -0.08007812 -0.07617188 0.13476562
v -0.08007812 -0.06835938 0.03320312
v -0.08007812 -0.06835938 0.10351562
v -0.08007812 -0.06054688 0.05273438
v -0.08007812 0.37304688 0.31054688
v -0.08007812 0.38085938 0.31445312
v -0.07617188 -0.46289062 0.27539062
v -0.07617188 -0.45507812 0.00195312
v -0.07617188 -0.45507812 0.27539062
v -0.07617188 -0.44726562 0.00195312
v -0.07617188 -0.43945312 0.27148438
v -0.07617188 -0.43164062 -0.00976562
v -0.07617188 -0.43164062 0.27148438
v -0.07617188 -0.42382812 0.26757812
v -0.07617188 -0.41992188 -0.01367188
v -0.07617188 -0.41601562 0.26367188
v -0.07617188 -0.40039062 -0.02539062
v -0.07617188 -0.38867188 -0.02929688
v -0.07617188 -0.37695312 -0.02929688
v -0.07617188 -0.36914062 -0.02539062
v -0.07617188 -0.35742188 -0.01757812
v -0.07617188 -0.34179688 0.24023438
v -0.07617188 -0.31835938 -0.08398438
v -0.07617188 -0.31445312 0.21679688
v -0.07617188 -0.30273438 0.02929688
v -0.07617188 -0.30273438 0.20898438
v -0.07617188 -0.29101562 0.20117188
v -0.07617188 -0.28320312 0.03710938
v -0.07617188 -0.26757812 0.15820312
v -0.07617188 -0.25585938 0.03710938
v -0.07617188 -0.25585938 0.05664062
v -0.07617188 -0.25585938 0.08398438
v -0.07617188 -0.25195312 0.16210938
v -0.07617188 -0.23242188 0.14648438
v -0.07617188 -0.23242188 0.16210938
v -0.07617188 -0.22851562 0.11914062
v -0.07617188 -0.22460938 0.25195312
v -0.07617188 -0.21679688 -0.13085938
v -0.07617188 -0.20507812 0.25976562
v -0.07617188 -0.18554688 0.25976562
v -0.07617188 -0.16992188 0.26367188
v -0.07617188 -0.15039062 0.25976562
v -0.07617188 -0.13085938 0.24023438
v -0.07617188 -0.10742188 0.20117188
v -0.07617188 -0.09179688 -0.08398438
v -0.07617188 -0.07617188 -0.06054688
v -0.07617188 -0.07226562 -0.04492188
v -0.07617188 -0.07226562 -0.03710938
v -0.07617188 -0.07226562 -0.01367188
v -0.07617188 -0.06835938 -0.02539062
v -0.07617188 -0.05664062 0.02148438
v -0.07617188 -0.05664062 0.07226562
v -0.07617188 0.36914062 0.30273438
v -0.07617188 0.37695312 0.28320312
v -0.07617188 0.38867188 0.31835938
v -0.07617188 0.39648438 0.26367188
v -0.07617188 0.41210938 0.30273438
v -0.07617188 0.43164062 0.26367188
v -0.07226562 -0.46289062 -0.09960938
v -0.07226562 -0.46289062 -0.01367188
v -0.07226562 -0.46289062 -0.00195312
v -0.07226562 -0.45507812 -0.10742188
v -0.07226562 -0.45507812 -0.00195312
v -0.07226562 -0.44726562 -0.11132812
v -0.07226562 -0.44726562 -0.00195312
v -0.07226562 -0.44335938 0.18554688
v -0.07226562 -0.43554688 -0.00585938
v -0.07226562 -0.43554688 0.18554688
v -0.07226562 -0.43164062 -0.11523438
v -0.07226562 -0.41601562 -0.11132812
v -0.07226562 -0.36523438 0.25585938
v -0.07226562 -0.33007812 -0.09570312
v -0.07226562 -0.33007812 0.22851562
v -0.07226562 -0.30664062 0.20507812
v -0.07226562 -0.28320312 -0.07617188
v -0.07226562 -0.24414062 -0.11523438
v -0.07226562 -0.17773438 -0.13867188
v -0.07226562 -0.15820312 -0.13476562
v -0.07226562 -0.15820312 0.26367188
v -0.07226562 -0.15039062 0.26367188
v -0.07226562 -0.14648438 -0.13085938
v -0.07226562 -0.13476562 -0.11914062
v -0.07226562 -0.13085938 0.25195312
v -0.07226562 -0.12304688 0.23242188
v -0.07226562 -0.12304688 0.24023438
v -0.07226562 -0.11523438 0.22460938
v -0.07226562 -0.10351562 0.21679688
v -0.07226562 -0.07226562 -0.05664062
v -0.07226562 -0.06835938 -0.03710938
v -0.07226562 -0.06445312 0.12695312
v -0.07226562 -0.04882812 0.01367188
v -0.07226562 -0.04882812 0.04492188
v -0.07226562 0.36523438 0.29882812
v -0.07226562 0.39648438 0.31835938
v -0.07226562 0.42382812 0.28320312
v -0.06835938 -0.46679688 0.19726562
v -0.06835938 -0.46679688 0.20117188
v -0.06835938 -0.46679688 0.20507812
v -0.06835938 -0.46679688 0.22460938
v -0.06835938 -0.46679688 0.24023438
v -0.06835938 -0.46289062 0.25976562
v -0.06835938 -0.45507812 -0.00976562
v -0.06835938 -0.45507812 0.26757812
v -0.06835938 -0.45117188 0.18945312
v -0.06835938 -0.43945312 -0.01367188
v -0.06835938 -0.43945312 0.26757812
v -0.06835938 -0.43164062 -0.01367188
v -0.06835938 -0.43164062 0.26757812
v -0.06835938 -0.42382812 0.18554688
v -0.06835938 -0.42382812 0.26367188
v -0.06835938 -0.41601562 0.26367188
v -0.06835938 -0.40820312 0.18554688
v -0.06835938 -0.40039062 -0.11132812
v -0.06835938 -0.40039062 0.25976562
v -0.06835938 -0.39648438 0.18164062
v -0.06835938 -0.38867188 0.17382812
v -0.06835938 -0.38867188 0.25976562
v -0.06835938 -0.38476562 -0.10742188
v -0.06835938 -0.37304688 0.16601562
v -0.06835938 -0.36914062 -0.10742188
v -0.06835938 -0.35742188 0.15429688
v -0.06835938 -0.35351562 -0.10351562
v -0.06835938 -0.34570312 -0.00976562
v -0.06835938 -0.34570312 0.24023438
v -0.06835938 -0.34179688 -0.09960938
v -0.06835938 -0.33789062 0.14648438
v -0.06835938 -0.33398438 0.00585938
v -0.06835938 -0.33007812 0.22851562
v -0.06835938 -0.31835938 0.01757812
v -0.06835938 -0.31835938 0.14648438
v -0.06835938 -0.31835938 0.21679688
v -0.06835938 -0.31054688 0.20117188
v -0.06835938 -0.30664062 -0.06835938
v -0.06835938 -0.30273438 0.14648438
v -0.06835938 -0.29492188 -0.06054688
v -0.06835938 -0.29101562 0.20507812
v -0.06835938 -0.28320312 0.05273438
v -0.06835938 -0.28320312 0.08007812
v -0.06835938 -0.27539062 0.22070312
v -0.06835938 -0.26757812 -0.09179688
v -0.06835938 -0.26367188 0.23632812
v -0.06835938 -0.25585938 0.11523438
v -0.06835938 -0.25195312 0.14257812
v -0.06835938 -0.25195312 0.15820312
v -0.06835938 -0.24414062 0.24804688
v -0.06835938 -0.23242188 -0.12304688
v -0.06835938 -0.22460938 0.25976562
v -0.06835938 -0.20507812 0.26367188
v -0.06835938 -0.18554688 0.26367188
v -0.06835938 -0.16992188 0.26757812
v -0.06835938 -0.15820312 0.26757812
v -0.06835938 -0.15039062 0.26757812
v -0.06835938 -0.13867188 0.26757812
v -0.06835938 -0.13476562 0.26367188
v -0.06835938 -0.11523438 -0.11523438
v -0.06835938 -0.11523438 0.24414062
v -0.06835938 -0.09179688 0.19726562
v -0.06835938 -0.08398438 -0.08007812
v -0.06835938 -0.07617188 0.15429688
v -0.06835938 -0.05273438 0.09570312
v -0.06835938 -0.04492188 0.00585938
v -0.06835938 -0.04492188 0.06445312
v -0.06835938 -0.04101562 0.03710938
v -0.06835938 0.22070312 0.31835938
v -0.06835938 0.22460938 0.31835938
v -0.06835938 0.35742188 0.32226562
v -0.06835938 0.36523438 0.32617188
v -0.06835938 0.37304688 0.33007812
v -0.06835938 0.38085938 0.27929688
v -0.06835938 0.40429688 0.25976562
v -0.06835938 0.41210938 0.26367188
v -0.06835938 0.41210938 0.30273438
v -0.06835938 0.42382812 0.26367188
v -0.06445312 -0.46289062 -0.02539062
v -0.06445312 -0.46289062 0.27539062
v -0.06445312 -0.45507812 0.27539062
v -0.06445312 -0.43945312 0.27539062
v -0.06445312 -0.41210938 -0.02929688
v -0.06445312 -0.40039062 -0.03320312
v -0.06445312 -0.38867188 -0.03710938
v -0.06445312 -0.37695312 -0.03710938
v -0.06445312 -0.36523438 -0.03320312
v -0.06445312 -0.35742188 -0.02539062
v -0.06445312 -0.31835938 0.20898438
v -0.06445312 -0.31054688 0.15820312
v -0.06445312 -0.31054688 0.19726562
v -0.06445312 -0.29882812 0.00976562
v -0.06445312 -0.28710938 0.15429688
v -0.06445312 -0.27539062 0.01367188
v -0.06445312 -0.26757812 0.15820312
v -0.06445312 -0.25585938 -0.10351562
v -0.06445312 -0.22460938 -0.13476562
v -0.06445312 -0.20117188 -0.13867188
v -0.06445312 -0.14648438 0.27148438
v -0.06445312 -0.11523438 0.25195312
v -0.06445312 -0.10742188 0.23632812
v -0.06445312 -0.10351562 -0.10742188
v -0.06445312 -0.09570312 0.22460938
v -0.06445312 -0.08007812 -0.07617188
v -0.06445312 -0.06835938 -0.05273438
v -0.06445312 -0.06054688 0.14648438
v -0.06445312 -0.05273438 0.11523438
v -0.06445312 -0.04101562 -0.00976562
v -0.06445312 0.22851562 0.31835938
v -0.06445312 0.23242188 0.31445312
v -0.06445312 0.35351562 0.31445312
v -0.06445312 0.36523438 0.29492188
v -0.06445312 0.40039062 0.31835938
v -0.06445312 0.41601562 0.26367188
v -0.06445312 0.41992188 0.28320312
v -0.06054688 -0.46289062 -0.09179688
v -0.06054688 -0.46289062 0.25585938
v -0.06054688 -0.45507812 -0.01757812
v -0.06054688 -0.45507812 0.28320312
v -0.06054688 -0.43945312 -0.01757812
v -0.06054688 -0.43164062 0.27148438
v -0.06054688 -0.42773438 -0.02539062
v -0.06054688 -0.42382812 0.26757812
v -0.06054688 -0.36914062 -0.09570312
v -0.06054688 -0.36523438 0.25195312
v -0.06054688 -0.35351562 -0.09570312
v -0.06054688 -0.34570312 0.23632812
v -0.06054688 -0.34179688 -0.09179688
v -0.06054688 -0.33398438 0.22070312
v -0.06054688 -0.33007812 -0.08398438
v -0.06054688 -0.33007812 0.15820312
v -0.06054688 -0.32617188 0.16601562
v -0.06054688 -0.32226562 0.19335938
v -0.06054688 -0.31835938 -0.08007812
v -0.06054688 -0.31835938 0.20507812
v -0.06054688 -0.31445312 -0.00585938
v -0.06054688 -0.31054688 0.16210938
v -0.06054688 -0.31054688 0.16992188
v -0.06054688 -0.31054688 0.18554688
v -0.06054688 -0.29882812 -0.04882812
v -0.06054688 -0.29492188 0.15820312
v -0.06054688 -0.29101562 0.20507812
v -0.06054688 -0.27539062 0.11523438
v -0.06054688 -0.27539062 0.15820312
v -0.06054688 -0.24414062 -0.11523438
v -0.06054688 -0.23632812 -0.11914062
v -0.06054688 -0.22460938 -0.13085938
v -0.06054688 -0.21289062 -0.14257812
v -0.06054688 -0.18164062 0.26757812
v -0.06054688 -0.16601562 0.26757812
v -0.06054688 -0.15429688 0.27148438
v -0.06054688 -0.13085938 0.27148438
v -0.06054688 -0.09570312 -0.10351562
v -0.06054688 -0.07617188 0.18164062
v -0.06054688 -0.04101562 -0.02929688
v -0.06054688 -0.04101562 0.08789062
v -0.06054688 -0.03320312 0.02929688
v -0.06054688 -0.03320312 0.05664062
v -0.06054688 0.21289062 0.32617188
v -0.06054688 0.21679688 0.32617188
v -0.06054688 0.34570312 0.33398438
v -0.06054688 0.35351562 0.31054688
v -0.06054688 0.35351562 0.33789062
v -0.06054688 0.38085938 0.33398438
v -0.06054688 0.38476562 0.27929688
v -0.06054688 0.41210938 0.30273438
v -0.05664062 -0.46289062 0.28320312
v -0.05664062 -0.45507812 -0.09960938
v -0.05664062 -0.44726562 -0.10351562
v -0.05664062 -0.43945312 0.27929688
v -0.05664062 -0.43164062 -0.10351562
v -0.05664062 -0.43164062 0.27539062
v -0.05664062 -0.41601562 -0.10351562
v -0.05664062 -0.40039062 -0.09960938
v -0.05664062 -0.38867188 -0.09960938
v -0.05664062 -0.38867188 0.25976562
v -0.05664062 -0.34960938 0.16601562
v -0.05664062 -0.34179688 -0.02539062
v -0.05664062 -0.33789062 0.21289062
v -0.05664062 -0.32617188 -0.01367188
v -0.05664062 -0.32617188 0.17382812
v -0.05664062 -0.31054688 -0.04101562
v -0.05664062 -0.30664062 -0.05664062
v -0.05664062 -0.29882812 -0.03320312
v -0.05664062 -0.29882812 -0.01367188
v -0.05664062 -0.29492188 0.16601562
v -0.05664062 -0.28710938 -0.00585938
v -0.05664062 -0.27539062 0.22460938
v -0.05664062 -0.25976562 0.24023438
v -0.05664062 -0.24023438 0.25195312
v -0.05664062 -0.23632812 -0.11914062
v -0.05664062 -0.22851562 -0.13085938
v -0.05664062 -0.22460938 -0.13867188
v -0.05664062 -0.21679688 -0.13867188
v -0.05664062 -0.21679688 0.25976562
v -0.05664062 -0.21289062 -0.14257812
v -0.05664062 -0.20117188 -0.14648438
v -0.05664062 -0.20117188 0.26367188
v -0.05664062 -0.15039062 0.27148438
v -0.05664062 -0.13867188 0.27539062
v -0.05664062 -0.12304688 0.27929688
v -0.05664062 -0.11523438 0.27539062
v -0.05664062 -0.09960938 0.25195312
v -0.05664062 -0.08789062 -0.09960938
v -0.05664062 -0.08789062 0.23632812
v -0.05664062 -0.07226562 -0.07617188
v -0.05664062 -0.06054688 0.16992188
v -0.05664062 -0.04882812 0.13476562
v -0.05664062 -0.04101562 0.10742188
v -0.05664062 -0.03320312 0.08007812
v -0.05664062 -0.02929688 0.04882812
v -0.05664062 -0.02539062 0.01757812
v -0.05664062 0.21679688 0.32226562
v -0.05664062 0.22460938 0.32617188
v -0.05664062 0.22851562 0.31835938
v -0.05664062 0.22851562 0.32617188
v -0.05664062 0.23242188 0.32226562
v -0.05664062 0.33398438 0.33789062
v -0.05664062 0.34179688 0.32617188
v -0.05664062 0.34179688 0.34570312
v -0.05664062 0.36132812 0.34179688
v -0.05664062 0.36914062 0.29101562
v -0.05664062 0.38867188 0.27929688
v -0.05664062 0.40039062 0.31835938
v -0.05664062 0.41210938 0.28320312
v -0.05273438 -0.46289062 -0.02539062
v -0.05273438 -0.46289062 0.27148438
v -0.05273438 -0.46289062 0.28320312
v -0.05273438 -0.42382812 0.27148438
v -0.05273438 -0.41601562 0.26367188
v -0.05273438 -0.41210938 -0.04101562
v -0.05273438 -0.40039062 -0.04882812
v -0.05273438 -0.40039062 0.25976562
v -0.05273438 -0.38867188 -0.04882812
v -0.05273438 -0.38867188 0.25585938
v -0.05273438 -0.37304688 -0.04882812
v -0.05273438 -0.36914062 0.17773438
v -0.05273438 -0.36523438 -0.04492188
v -0.05273438 -0.36523438 0.24804688
v -0.05273438 -0.35351562 -0.03710938
v -0.05273438 -0.34960938 0.17773438
v -0.05273438 -0.34960938 0.23242188
v -0.05273438 -0.34179688 0.20117188
v -0.05273438 -0.33007812 -0.07226562
v -0.05273438 -0.31835938 -0.06445312
v -0.05273438 -0.31054688 -0.02539062
v -0.05273438 -0.30664062 0.04492188
v -0.05273438 -0.30664062 0.07617188
v -0.05273438 -0.29882812 0.17382812
v -0.05273438 -0.29492188 0.18945312
v -0.05273438 -0.29101562 0.19726562
v -0.05273438 -0.27539062 0.14257812
v -0.05273438 -0.25585938 -0.15039062
v -0.05273438 -0.24414062 -0.10742188
v -0.05273438 -0.24023438 -0.15429688
v -0.05273438 -0.23632812 -0.13085938
v -0.05273438 -0.22851562 -0.15820312
v -0.05273438 -0.21679688 -0.16210938
v -0.05273438 -0.18164062 -0.15429688
v -0.05273438 -0.15820312 -0.14648438
v -0.05273438 -0.15820312 0.27148438
v -0.05273438 -0.14648438 -0.14257812
v -0.05273438 -0.14648438 0.27929688
v -0.05273438 -0.13476562 -0.13867188
v -0.05273438 -0.13476562 0.28320312
v -0.05273438 -0.12304688 -0.13085938
v -0.05273438 -0.08398438 0.21679688
v -0.05273438 -0.04492188 -0.05273438
v -0.05273438 -0.02539062 -0.00976562
v -0.05273438 0.20117188 0.33007812
v -0.05273438 0.20898438 0.33398438
v -0.05273438 0.32617188 0.34570312
v -0.05273438 0.33007812 0.33007812
v -0.05273438 0.33789062 0.31835938
v -0.05273438 0.35351562 0.30664062
v -0.05273438 0.36914062 0.34570312
v -0.05273438 0.38476562 0.33007812
v -0.05273438 0.39648438 0.27929688
v -0.05273438 0.40429688 0.27929688
v -0.05273438 0.40429688 0.30273438
v -0.04882812 -0.46289062 -0.08007812
v -0.04882812 -0.45507812 0.28320312
v -0.04882812 -0.43945312 0.28320312
v -0.04882812 -0.43554688 0.18554688
v -0.04882812 -0.43164062 -0.02148438
v -0.04882812 -0.43164062 0.27539062
v -0.04882812 -0.42382812 0.18554688
v -0.04882812 -0.42382812 0.27148438
v -0.04882812 -0.40820312 0.18554688
v -0.04882812 -0.39257812 0.18945312
v -0.04882812 -0.38867188 -0.08789062
v -0.04882812 -0.38867188 -0.06445312
v -0.04882812 -0.38085938 0.18554688
v -0.04882812 -0.37304688 -0.06445312
v -0.04882812 -0.36914062 -0.08789062
v -0.04882812 -0.36523438 0.18554688
v -0.04882812 -0.36132812 -0.06054688
v -0.04882812 -0.35742188 -0.08398438
v -0.04882812 -0.35742188 -0.07226562
v -0.04882812 -0.35351562 0.22070312
v -0.04882812 -0.34960938 -0.05273438
v -0.04882812 -0.34570312 -0.08007812
v -0.04882812 -0.34570312 -0.06835938
v -0.04882812 -0.34570312 0.18554688
v -0.04882812 -0.33789062 -0.04492188
v -0.04882812 -0.33398438 -0.06054688
v -0.04882812 -0.32226562 -0.03710938
v -0.04882812 -0.31835938 -0.05273438
v -0.04882812 -0.30273438 0.01367188
v -0.04882812 -0.27539062 -0.02929688
v -0.04882812 -0.27148438 -0.04492188
v -0.04882812 -0.26367188 -0.06445312
v -0.04882812 -0.25976562 -0.17382812
v -0.04882812 -0.25195312 -0.12304688
v -0.04882812 -0.25195312 -0.08007812
v -0.04882812 -0.24804688 -0.09179688
v -0.04882812 -0.24414062 -0.17773438
v -0.04882812 -0.23242188 -0.18164062
v -0.04882812 -0.20117188 -0.16601562
v -0.04882812 -0.17382812 0.27148438
v -0.04882812 -0.16992188 -0.15429688
v -0.04882812 -0.16210938 0.28710938
v -0.04882812 -0.15429688 0.28320312
v -0.04882812 -0.15039062 0.29492188
v -0.04882812 -0.11523438 0.29882812
v -0.04882812 -0.11132812 -0.12695312
v -0.04882812 -0.09960938 0.28320312
v -0.04882812 -0.09570312 0.26757812
v -0.04882812 -0.08398438 -0.10351562
v -0.04882812 -0.03320312 0.12304688
v -0.04882812 -0.02929688 -0.03710938
v -0.04882812 -0.02929688 0.09570312
v -0.04882812 -0.02539062 0.06835938
v -0.04882812 -0.02148438 0.04101562
v -0.04882812 -0.01757812 0.01367188
v -0.04882812 0.20898438 0.32617188
v -0.04882812 0.22070312 0.33398438
v -0.04882812 0.23242188 0.33398438
v -0.04882812 0.32226562 0.33789062
v -0.04882812 0.33398438 0.35351562
v -0.04882812 0.34960938 0.34960938
v -0.04882812 0.35351562 0.30273438
v -0.04882812 0.36914062 0.29101562
v -0.04882812 0.39648438 0.31445312
v -0.04492188 -0.46289062 0.19335938
v -0.04492188 -0.45507812 -0.08398438
v -0.04492188 -0.45507812 -0.01367188
v -0.04492188 -0.45507812 0.27929688
v -0.04492188 -0.45117188 0.18945312
v -0.04492188 -0.44726562 -0.01757812
v -0.04492188 -0.44335938 0.18554688
v -0.04492188 -0.42382812 -0.03710938
v -0.04492188 -0.41601562 -0.08789062
v -0.04492188 -0.41601562 0.25976562
v -0.04492188 -0.40429688 0.25585938
v -0.04492188 -0.40039062 -0.08789062
v -0.04492188 -0.40039062 -0.06054688
v -0.04492188 -0.38867188 -0.07617188
v -0.04492188 -0.38085938 0.18945312
v -0.04492188 -0.37304688 -0.07617188
v -0.04492188 -0.36914062 0.24023438
v -0.04492188 -0.36132812 0.19335938
v -0.04492188 -0.35742188 0.20507812
v -0.04492188 -0.30664062 0.10742188
v -0.04492188 -0.29882812 -0.00585938
v -0.04492188 -0.27539062 -0.17382812
v -0.04492188 -0.27539062 0.16601562
v -0.04492188 -0.27539062 0.16992188
v -0.04492188 -0.27148438 -0.14648438
v -0.04492188 -0.27148438 0.17382812
v -0.04492188 -0.26757812 0.22070312
v -0.04492188 -0.25195312 -0.10351562
v -0.04492188 -0.22070312 -0.18164062
v -0.04492188 -0.19335938 0.27148438
v -0.04492188 -0.18164062 -0.16992188
v -0.04492188 -0.12695312 0.30664062
v -0.04492188 -0.10351562 -0.12695312
v -0.04492188 -0.10351562 0.29492188
v -0.04492188 -0.08398438 0.24804688
v -0.04492188 -0.07617188 0.20117188
v -0.04492188 -0.04882812 0.15820312
v -0.04492188 -0.01757812 -0.00976562
v -0.04492188 -0.01757812 0.06054688
v -0.04492188 -0.01367188 0.03320312
v -0.04492188 0.22460938 0.32226562
v -0.04492188 0.23632812 0.33007812
v -0.04492188 0.31445312 0.34570312
v -0.04492188 0.31835938 0.32617188
v -0.04492188 0.31835938 0.35351562
v -0.04492188 0.32226562 0.36132812
v -0.04492188 0.33007812 0.32226562
v -0.04492188 0.33789062 0.35742188
v -0.04492188 0.34179688 0.31445312
v -0.04492188 0.35742188 0.35351562
v -0.04492188 0.37304688 0.34570312
v -0.04492188 0.37695312 0.29101562
v -0.04492188 0.38476562 0.29101562
v -0.04492188 0.38867188 0.33007812
v -0.04492188 0.39648438 0.29882812
v -0.04101562 -0.46289062 -0.02148438
v -0.04101562 -0.46289062 0.20117188
v -0.04101562 -0.46289062 0.20507812
v -0.04101562 -0.46289062 0.26757812
v -0.04101562 -0.46289062 0.27929688
v -0.04101562 -0.44726562 -0.08789062
v -0.04101562 -0.44335938 0.27539062
v -0.04101562 -0.43164062 -0.09179688
v -0.04101562 -0.43164062 0.27148438
v -0.04101562 -0.42382812 0.26757812
v -0.04101562 -0.41210938 -0.05664062
v -0.04101562 -0.40820312 0.18945312
v -0.04101562 -0.40429688 0.24804688
v -0.04101562 -0.40039062 -0.07617188
v -0.04101562 -0.39257812 0.19335938
v -0.04101562 -0.38867188 0.24414062
v -0.04101562 -0.37304688 0.22851562
v -0.04101562 -0.29882812 -0.16992188
v -0.04101562 -0.29882812 0.13867188
v -0.04101562 -0.29492188 -0.02539062
v -0.04101562 -0.27539062 0.18554688
v -0.04101562 -0.27148438 0.20117188
v -0.04101562 -0.26367188 -0.20117188
v -0.04101562 -0.26367188 -0.11523438
v -0.04101562 -0.25195312 -0.20117188
v -0.04101562 -0.25195312 0.24023438
v -0.04101562 -0.23242188 0.25585938
v -0.04101562 -0.21289062 0.26367188
v -0.04101562 -0.20507812 -0.18554688
v -0.04101562 -0.17773438 0.29101562
v -0.04101562 -0.17382812 -0.16992188
v -0.04101562 -0.15820312 0.30273438
v -0.04101562 -0.13476562 0.31835938
v -0.04101562 -0.09960938 -0.12695312
v -0.04101562 -0.09179688 0.29882812
v -0.04101562 -0.07617188 0.23242188
v -0.04101562 -0.06835938 0.18945312
v -0.04101562 -0.05664062 -0.08398438
v -0.04101562 -0.04101562 0.14648438
v -0.04101562 -0.03710938 -0.06445312
v -0.04101562 -0.02929688 0.11523438
v -0.04101562 -0.02539062 0.08789062
v -0.04101562 -0.02148438 -0.03710938
v -0.04101562 -0.00976562 0.00976562
v -0.04101562 0.19335938 0.33789062
v -0.04101562 0.20507812 0.34179688
v -0.04101562 0.30273438 0.35351562
v -0.04101562 0.30664062 0.36132812
v -0.04101562 0.31054688 0.33398438
v -0.04101562 0.33007812 0.31835938
v -0.04101562 0.34179688 0.31054688
v -0.04101562 0.35742188 0.30273438
v -0.04101562 0.39257812 0.29492188
v -0.04101562 0.39257812 0.31445312
v -0.03710938 -0.46289062 -0.06445312
v -0.03710938 -0.46289062 0.22460938
v -0.03710938 -0.46289062 0.24023438
v -0.03710938 -0.46289062 0.25585938
v -0.03710938 -0.45898438 0.26757812
v -0.03710938 -0.44726562 0.25976562
v -0.03710938 -0.44335938 0.26757812
v -0.03710938 -0.43164062 -0.02539062
v -0.03710938 -0.43164062 0.26757812
v -0.03710938 -0.42382812 -0.04882812
v -0.03710938 -0.42382812 0.26367188
v -0.03710938 -0.41992188 0.18945312
v -0.03710938 -0.41601562 -0.07226562
v -0.03710938 -0.37695312 0.19726562
v -0.03710938 -0.37304688 0.21679688
v -0.03710938 -0.29101562 -0.14257812
v -0.03710938 -0.28710938 -0.04492188
v -0.03710938 -0.28320312 -0.19726562
v -0.03710938 -0.23632812 -0.20117188
v -0.03710938 -0.20898438 0.27539062
v -0.03710938 -0.16210938 -0.16992188
v -0.03710938 -0.09960938 0.31054688
v -0.03710938 -0.08789062 0.28710938
v -0.03710938 -0.07617188 -0.11132812
v -0.03710938 -0.05664062 0.17773438
v -0.03710938 -0.02148438 0.10351562
v -0.03710938 -0.01757812 0.08007812
v -0.03710938 -0.01367188 -0.01367188
v -0.03710938 -0.00976562 0.05273438
v -0.03710938 -0.00585938 0.02539062
v -0.03710938 0.20117188 0.33007812
v -0.03710938 0.22070312 0.34179688
v -0.03710938 0.23242188 0.34570312
v -0.03710938 0.31054688 0.36914062
v -0.03710938 0.32226562 0.32226562
v -0.03710938 0.32617188 0.36523438
v -0.03710938 0.34570312 0.36132812
v -0.03710938 0.36523438 0.30273438
v -0.03710938 0.38476562 0.32617188
v -0.03320312 -0.46289062 -0.05273438
v -0.03320312 -0.46289062 -0.02539062
v -0.03320312 -0.45507812 -0.06835938
v -0.03320312 -0.45507812 0.25585938
v -0.03320312 -0.45117188 0.18945312
v -0.03320312 -0.44726562 -0.06835938
v -0.03320312 -0.43945312 0.18945312
v -0.03320312 -0.43554688 0.18945312
v -0.03320312 -0.43554688 0.25585938
v -0.03320312 -0.43164062 -0.07226562
v -0.03320312 -0.43164062 -0.03320312
v -0.03320312 -0.42773438 0.25585938
v -0.03320312 -0.41992188 0.25195312
v -0.03320312 -0.39257812 0.20117188
v -0.03320312 -0.39257812 0.22070312
v -0.03320312 -0.39257812 0.23242188
v -0.03320312 -0.32226562 0.04101562
v -0.03320312 -0.31835938 0.01757812
v -0.03320312 -0.31054688 -0.16601562
v -0.03320312 -0.29882812 -0.19726562
v -0.03320312 -0.29882812 0.16210938
v -0.03320312 -0.27539062 -0.06054688
v -0.03320312 -0.26757812 -0.08007812
v -0.03320312 -0.22460938 0.27539062
v -0.03320312 -0.22070312 -0.20117188
v -0.03320312 -0.20507812 0.28320312
v -0.03320312 -0.18945312 -0.18554688
v -0.03320312 -0.18164062 0.30273438
v -0.03320312 -0.16992188 0.31445312
v -0.03320312 -0.15429688 -0.16601562
v -0.03320312 -0.14648438 0.33398438
v -0.03320312 -0.14257812 -0.15820312
v -0.03320312 -0.10742188 0.32617188
v -0.03320312 -0.09570312 0.33007812
v -0.03320312 -0.08789062 0.31445312
v -0.03320312 -0.08007812 0.25976562
v -0.03320312 -0.08007812 0.29882812
v -0.03320312 -0.07617188 0.28320312
v -0.03320312 -0.07226562 0.22070312
v -0.03320312 -0.05273438 -0.09179688
v -0.03320312 -0.03320312 -0.06835938
v -0.03320312 -0.02929688 0.13476562
v -0.03320312 -0.01367188 0.09570312
v -0.03320312 -0.00976562 0.07226562
v -0.03320312 -0.00585938 0.00195312
v -0.03320312 -0.00585938 0.04492188
v -0.03320312 -0.00195312 0.02148438
v -0.03320312 0.14648438 0.40039062
v -0.03320312 0.15039062 0.36132812
v -0.03320312 0.15039062 0.37695312
v -0.03320312 0.23242188 0.33789062
v -0.03320312 0.29101562 0.36914062
v -0.03320312 0.29882812 0.34179688
v -0.03320312 0.33398438 0.31445312
v -0.03320312 0.34570312 0.31054688
v -0.03320312 0.36132812 0.35351562
v -0.03320312 0.37304688 0.30273438
v -0.03320312 0.37695312 0.34179688
v -0.03320312 0.38085938 0.30664062
v -0.03320312 0.38085938 0.32617188
v -0.03320312 0.38476562 0.31054688
v -0.02929688 -0.46289062 -0.04101562
v -0.02929688 -0.46289062 0.19335938
v -0.02929688 -0.46289062 0.19726562
v -0.02929688 -0.45898438 -0.05273438
v -0.02929688 -0.45507812 -0.02148438
v -0.02929688 -0.43945312 -0.02148438
v -0.02929688 -0.43164062 -0.05664062
v -0.02929688 -0.41210938 0.23632812
v -0.02929688 -0.40820312 0.22070312
v -0.02929688 -0.40429688 0.20117188
v -0.02929688 -0.32617188 0.07226562
v -0.02929688 -0.31445312 -0.19726562
v -0.02929688 -0.31445312 -0.00585938
v -0.02929688 -0.30664062 -0.13867188
v -0.02929688 -0.29492188 0.17382812
v -0.02929688 -0.28710938 -0.22460938
v -0.02929688 -0.28710938 -0.11132812
v -0.02929688 -0.27539062 -0.09960938
v -0.02929688 -0.27148438 -0.22460938
v -0.02929688 -0.27148438 -0.09179688
v -0.02929688 -0.21289062 0.28710938
v -0.02929688 -0.20898438 -0.20117188
v -0.02929688 -0.13476562 -0.15820312
v -0.02929688 -0.12695312 -0.15429688
v -0.02929688 -0.12695312 0.34179688
v -0.02929688 -0.08789062 -0.12695312
v -0.02929688 -0.08007812 0.33398438
v -0.02929688 -0.07226562 0.24414062
v -0.02929688 -0.07226562 0.31445312
v -0.02929688 -0.06835938 0.20117188
v -0.02929688 -0.06445312 0.29882812
v -0.02929688 -0.04882812 0.16601562
v -0.02929688 -0.02148438 0.12304688
v -0.02929688 -0.01757812 -0.04101562
v -0.02929688 -0.00976562 -0.02148438
v -0.02929688 -0.00976562 0.08789062
v -0.02929688 -0.00585938 0.06445312
v -0.02929688 -0.00195312 -0.00195312
v -0.02929688 -0.00195312 0.03710938
v -0.02929688 0.00195312 0.01757812
v -0.02929688 0.12695312 0.37695312
v -0.02929688 0.12695312 0.39648438
v -0.02929688 0.13085938 0.34570312
v -0.02929688 0.13085938 0.36132812
v -0.02929688 0.15429688 0.34570312
v -0.02929688 0.20117188 0.34960938
v -0.02929688 0.22460938 0.33007812
v -0.02929688 0.29101562 0.35742188
v -0.02929688 0.31054688 0.32617188
v -0.02929688 0.31445312 0.37304688
v -0.02929688 0.33007812 0.36914062
v -0.02929688 0.35351562 0.31054688
v -0.02929688 0.37695312 0.33398438
v -0.02539062 -0.46289062 -0.03320312
v -0.02539062 -0.45898438 -0.04101562
v -0.02539062 -0.45898438 0.26367188
v -0.02539062 -0.45117188 -0.05664062
v -0.02539062 -0.44726562 0.26367188
v -0.02539062 -0.43945312 -0.05664062
v -0.02539062 -0.43164062 -0.04492188
v -0.02539062 -0.42773438 0.25976562
v -0.02539062 -0.33007812 -0.19335938
v -0.02539062 -0.32617188 -0.16601562
v -0.02539062 -0.31445312 -0.22460938
v -0.02539062 -0.30664062 -0.02929688
v -0.02539062 -0.30273438 -0.22460938
v -0.02539062 -0.29101562 0.18164062
v -0.02539062 -0.29101562 0.19726562
v -0.02539062 -0.25585938 -0.22460938
v -0.02539062 -0.25585938 0.25585938
v -0.02539062 -0.20117188 0.31054688
v -0.02539062 -0.18164062 0.33007812
v -0.02539062 -0.17773438 -0.18554688
v -0.02539062 -0.11132812 -0.14648438
v -0.02539062 -0.10742188 0.34960938
v -0.02539062 -0.06835938 -0.11132812
v -0.02539062 -0.06835938 0.26367188
v -0.02539062 -0.06054688 0.28320312
v -0.02539062 -0.04492188 -0.09179688
v -0.02539062 -0.04492188 0.31445312
v -0.02539062 -0.04101562 0.15429688
v -0.02539062 -0.02929688 -0.06835938
v -0.02539062 -0.01757812 0.11523438
v -0.02539062 -0.00195312 0.05664062
v -0.02539062 0.00195312 0.03320312
v -0.02539062 0.10351562 0.32617188
v -0.02539062 0.10351562 0.34570312
v -0.02539062 0.13085938 0.32617188
v -0.02539062 0.16992188 0.37304688
v -0.02539062 0.16992188 0.38476562
v -0.02539062 0.18945312 0.34960938
v -0.02539062 0.19726562 0.35742188
v -0.02539062 0.21679688 0.35351562
v -0.02539062 0.22851562 0.35351562
v -0.02539062 0.27929688 0.36132812
v -0.02539062 0.29101562 0.34570312
v -0.02539062 0.29492188 0.37695312
v -0.02539062 0.29882812 0.33398438
v -0.02539062 0.32226562 0.31835938
v -0.02539062 0.33789062 0.31835938
v -0.02539062 0.34960938 0.36132812
v -0.02539062 0.36132812 0.31445312
v -0.02539062 0.36523438 0.34960938
v -0.02539062 0.37695312 0.31835938
v -0.02148438 -0.46289062 0.20507812
v -0.02148438 -0.45507812 -0.04101562
v -0.02148438 -0.45507812 -0.03320312
v -0.02148438 -0.43945312 -0.04492188
v -0.02148438 -0.43945312 -0.03320312
v -0.02148438 -0.43554688 0.25976562
v -0.02148438 -0.41992188 0.20117188
v -0.02148438 -0.41992188 0.21679688
v -0.02148438 -0.33007812 -0.22460938
v -0.02148438 -0.32617188 0.10351562
v -0.02148438 -0.32226562 0.13085938
v -0.02148438 -0.29882812 -0.04492188
v -0.02148438 -0.29101562 -0.06445312
v -0.02148438 -0.28320312 0.21289062
v -0.02148438 -0.24023438 -0.22460938
v -0.02148438 -0.24023438 0.27539062
v -0.02148438 -0.19335938 -0.20117188
v -0.02148438 -0.17382812 -0.18554688
v -0.02148438 -0.16210938 0.34570312
v -0.02148438 -0.09179688 0.35351562
v -0.02148438 -0.06835938 0.23242188
v -0.02148438 -0.06445312 0.24804688
v -0.02148438 -0.06054688 0.18554688
v -0.02148438 -0.05273438 0.33398438
v -0.02148438 -0.04492188 0.29882812
v -0.02148438 -0.01367188 -0.04492188
v -0.02148438 -0.00976562 0.10351562
v -0.02148438 -0.00585938 -0.02539062
v -0.02148438 -0.00585938 0.08007812
v -0.02148438 0.00195312 -0.00585938
v -0.02148438 0.00195312 0.01367188
v -0.02148438 0.00195312 0.05273438
v -0.02148438 0.07617188 0.33007812
v -0.02148438 0.07617188 0.34570312
v -0.02148438 0.12695312 0.41210938
v -0.02148438 0.14257812 0.41601562
v -0.02148438 0.15820312 0.33007812
v -0.02148438 0.16210938 0.40820312
v -0.02148438 0.17773438 0.35351562
v -0.02148438 0.19726562 0.33789062
v -0.02148438 0.25976562 0.36914062
v -0.02148438 0.27148438 0.37695312
v -0.02148438 0.27539062 0.35351562
v -0.02148438 0.29101562 0.33789062
v -0.02148438 0.29882812 0.38085938
v -0.02148438 0.31445312 0.32226562
v -0.02148438 0.31835938 0.37695312
v -0.02148438 0.32617188 0.31835938
v -0.02148438 0.33398438 0.36914062
v -0.02148438 0.34179688 0.31835938
v -0.02148438 0.36523438 0.34570312
v -0.02148438 0.36914062 0.31835938
v -0.02148438 0.37304688 0.33398438
v -0.01757812 -0.46289062 0.22070312
v -0.01757812 -0.46289062 0.23632812
v -0.01757812 -0.46289062 0.25585938
v -0.01757812 -0.42773438 0.20117188
v -0.01757812 -0.41992188 0.23242188
v -0.01757812 -0.41601562 0.25585938
v -0.01757812 -0.34570312 -0.22070312
v -0.01757812 -0.34179688 -0.19335938
v -0.01757812 -0.32226562 -0.25976562
v -0.01757812 -0.31835938 -0.13867188
v -0.01757812 -0.31054688 -0.25976562
v -0.01757812 -0.29882812 -0.25976562
v -0.01757812 -0.29882812 -0.11132812
v -0.01757812 -0.29101562 -0.09570312
v -0.01757812 -0.28710938 -0.08789062
v -0.01757812 -0.28710938 -0.08007812
v -0.01757812 -0.27148438 0.23242188
v -0.01757812 -0.23242188 0.29101562
v -0.01757812 -0.16601562 -0.18554688
v -0.01757812 -0.14257812 0.35742188
v -0.01757812 -0.07617188 -0.12695312
v -0.01757812 -0.06445312 0.21289062
v -0.01757812 -0.06054688 0.26367188
v -0.01757812 -0.06054688 0.35742188
v -0.01757812 -0.05664062 -0.11132812
v -0.01757812 -0.05273438 0.17382812
v -0.01757812 -0.04492188 0.27929688
v -0.01757812 -0.04101562 -0.09179688
v -0.01757812 -0.02929688 0.14257812
v -0.01757812 -0.02148438 0.33398438
v -0.01757812 -0.01757812 0.31445312
v -0.01757812 -0.00585938 0.09570312
v -0.01757812 -0.00195312 0.07226562
v -0.01757812 0.00195312 0.06835938
v -0.01757812 0.00585938 0.02929688
v -0.01757812 0.02539062 0.31054688
v -0.01757812 0.02539062 0.33007812
v -0.01757812 0.04882812 0.31054688
v -0.01757812 0.04882812 0.33007812
v -0.01757812 0.07617188 0.30664062
v -0.01757812 0.10351562 0.30664062
v -0.01757812 0.10351562 0.36132812
v -0.01757812 0.13085938 0.30664062
v -0.01757812 0.13867188 0.42382812
v -0.01757812 0.17773438 0.39257812
v -0.01757812 0.18164062 0.35742188
v -0.01757812 0.18164062 0.37695312
v -0.01757812 0.18945312 0.35351562
v -0.01757812 0.19335938 0.36914062
v -0.01757812 0.22070312 0.33789062
v -0.01757812 0.22070312 0.36132812
v -0.01757812 0.23242188 0.34570312
v -0.01757812 0.24414062 0.38085938
v -0.01757812 0.24804688 0.36914062
v -0.01757812 0.25585938 0.38085938
v -0.01757812 0.26367188 0.35742188
v -0.01757812 0.27539062 0.38476562
v -0.01757812 0.34960938 0.32226562
v -0.01757812 0.34960938 0.35742188
v -0.01757812 0.36523438 0.33007812
v -0.01367188 -0.46289062 0.20117188
v -0.01367188 -0.45898438 0.26367188
v -0.01367188 -0.45117188 0.20117188
v -0.01367188 -0.44726562 0.26757812
v -0.01367188 -0.43945312 0.22070312
v -0.01367188 -0.43554688 0.19726562
v -0.01367188 -0.43554688 0.26367188
v -0.01367188 -0.43164062 0.23242188
v -0.01367188 -0.42773438 0.22070312
v -0.01367188 -0.42382812 0.25976562
v -0.01367188 -0.41992188 0.24023438
v -0.01367188 -0.41601562 0.24804688
v -0.01367188 -0.34960938 -0.25585938
v -0.01367188 -0.33789062 -0.25585938
v -0.01367188 -0.33789062 -0.16210938
v -0.01367188 -0.33007812 0.01367188
v -0.01367188 -0.31445312 0.15429688
v -0.01367188 -0.28710938 -0.25976562
v -0.01367188 -0.22851562 -0.22460938
v -0.01367188 -0.21679688 0.31835938
v -0.01367188 -0.18164062 -0.20117188
v -0.01367188 -0.15820312 -0.18554688
v -0.01367188 -0.12695312 0.36523438
v -0.01367188 -0.10351562 -0.15039062
v -0.01367188 -0.06054688 0.19335938
v -0.01367188 -0.06054688 0.23242188
v -0.01367188 -0.04492188 0.16601562
v -0.01367188 -0.02539062 -0.07226562
v -0.01367188 -0.02539062 0.35351562
v -0.01367188 -0.02148438 0.13085938
v -0.01367188 -0.01757812 0.29492188
v -0.01367188 -0.00976562 -0.04882812
v -0.01367188 -0.00195312 -0.02929688
v -0.01367188 -0.00195312 0.08789062
v -0.01367188 0.00195312 -0.00976562
v -0.01367188 0.00195312 0.31054688
v -0.01367188 0.00195312 0.33007812
v -0.01367188 0.00585938 0.00976562
v -0.01367188 0.00585938 0.04882812
v -0.01367188 0.04882812 0.34960938
v -0.01367188 0.07617188 0.29101562
v -0.01367188 0.07617188 0.36132812
v -0.01367188 0.10351562 0.29101562
v -0.01367188 0.10742188 0.37695312
v -0.01367188 0.10742188 0.39648438
v -0.01367188 0.12695312 0.41992188
v -0.01367188 0.13085938 0.29101562
v -0.01367188 0.15429688 0.42382812
v -0.01367188 0.16210938 0.31054688
v -0.01367188 0.19335938 0.33789062
v -0.01367188 0.19726562 0.38476562
v -0.01367188 0.21289062 0.37304688
v -0.01367188 0.22851562 0.35742188
v -0.01367188 0.22851562 0.37695312
v -0.01367188 0.23242188 0.36523438
v -0.01367188 0.24023438 0.39257812
v -0.01367188 0.24804688 0.39257812
v -0.01367188 0.27929688 0.34179688
v -0.01367188 0.27929688 0.38867188
v -0.01367188 0.30273438 0.33007812
v -0.01367188 0.30273438 0.38476562
v -0.01367188 0.31835938 0.32226562
v -0.01367188 0.31835938 0.37695312
v -0.01367188 0.34960938 0.35351562
v -0.01367188 0.35742188 0.32617188
v -0.01367188 0.36132812 0.34179688
v -0.00976562 -0.46289062 0.25585938
v -0.00976562 -0.43945312 0.23242188
v -0.00976562 -0.36523438 -0.25195312
v -0.00976562 -0.35742188 -0.22070312
v -0.00976562 -0.33398438 0.04101562
v -0.00976562 -0.32617188 -0.00585938
v -0.00976562 -0.31835938 -0.02929688
v -0.00976562 -0.31054688 0.16992188
v -0.00976562 -0.30664062 -0.04882812
v -0.00976562 -0.27148438 -0.25976562
v -0.00976562 -0.21679688 -0.22460938
v -0.00976562 -0.19335938 0.34179688
v -0.00976562 -0.15429688 -0.18164062
v -0.00976562 -0.14257812 -0.17773438
v -0.00976562 -0.10351562 0.37304688
v -0.00976562 -0.07226562 -0.12695312
v -0.00976562 -0.06054688 0.24804688
v -0.00976562 -0.05273438 -0.10742188
v -0.00976562 -0.05273438 0.26367188
v -0.00976562 -0.01757812 0.11914062
v -0.00976562 0.00195312 0.08398438
v -0.00976562 0.00195312 0.29492188
v -0.00976562 0.00195312 0.34960938
v -0.00976562 0.00585938 0.06445312
v -0.00976562 0.00976562 0.02539062
v -0.00976562 0.00976562 0.04492188
v -0.00976562 0.02539062 0.29492188
v -0.00976562 0.02539062 0.34960938
v -0.00976562 0.04882812 0.29101562
v -0.00976562 0.10742188 0.40820312
v -0.00976562 0.16992188 0.40820312
v -0.00976562 0.19335938 0.31445312
v -0.00976562 0.19335938 0.40429688
v -0.00976562 0.20898438 0.39257812
v -0.00976562 0.21679688 0.34179688
v -0.00976562 0.22460938 0.39648438
v -0.00976562 0.24023438 0.35742188
v -0.00976562 0.25195312 0.35742188
v -0.00976562 0.26367188 0.34570312
v -0.00976562 0.29101562 0.33398438
v -0.00976562 0.33398438 0.32226562
v -0.00976562 0.33789062 0.36523438
v -0.00976562 0.34179688 0.32617188
v -0.00976562 0.35742188 0.33789062
v -0.00585938 -0.46289062 0.22070312
v -0.00585938 -0.46289062 0.24023438
v -0.00585938 -0.45117188 0.22070312
v -0.00585938 -0.45117188 0.25585938
v -0.00585938 -0.42382812 0.25195312
v -0.00585938 -0.36523438 -0.28710938
v -0.00585938 -0.35351562 -0.28710938
v -0.00585938 -0.34960938 -0.18945312
v -0.00585938 -0.34179688 -0.28710938
v -0.00585938 -0.33007812 -0.29101562
v -0.00585938 -0.32226562 -0.29101562
v -0.00585938 -0.30664062 0.18554688
v -0.00585938 -0.29882812 -0.08789062
v -0.00585938 -0.29882812 -0.06445312
v -0.00585938 -0.29882812 0.19726562
v -0.00585938 -0.29492188 -0.07617188
v -0.00585938 -0.25195312 0.28320312
v -0.00585938 -0.24414062 0.29492188
v -0.00585938 -0.18164062 -0.20117188
v -0.00585938 -0.17382812 0.35742188
v -0.00585938 -0.09570312 -0.15039062
v -0.00585938 -0.06835938 0.37695312
v -0.00585938 -0.05664062 0.21679688
v -0.00585938 -0.05273438 0.18164062
v -0.00585938 -0.04101562 0.15429688
v -0.00585938 -0.03710938 -0.09179688
v -0.00585938 -0.00976562 0.11132812
v -0.00585938 -0.00585938 0.10742188
v -0.00585938 0.00585938 0.08007812
v -0.00585938 0.04882812 0.36132812
v -0.00585938 0.10351562 0.41601562
v -0.00585938 0.12304688 0.42773438
v -0.00585938 0.13476562 0.43554688
v -0.00585938 0.15039062 0.43164062
v -0.00585938 0.16210938 0.29101562
v -0.00585938 0.21679688 0.31835938
v -0.00585938 0.22070312 0.41210938
v -0.00585938 0.22851562 0.33007812
v -0.00585938 0.22851562 0.34570312
v -0.00585938 0.23632812 0.41210938
v -0.00585938 0.25585938 0.34960938
v -0.00585938 0.25976562 0.39648438
v -0.00585938 0.28710938 0.38867188
v -0.00585938 0.30664062 0.32617188
v -0.00585938 0.30664062 0.38476562
v -0.00585938 0.31835938 0.32617188
v -0.00585938 0.34960938 0.33007812
v -0.00585938 0.34960938 0.34960938
v -0.00195312 -0.45117188 0.24023438
v -0.00195312 -0.43554688 0.25585938
v -0.00195312 -0.42773438 0.24023438
v -0.00195312 -0.38085938 -0.28320312
v -0.00195312 -0.37695312 -0.24804688
v -0.00195312 -0.36523438 -0.21679688
v -0.00195312 -0.33398438 0.06835938
v -0.00195312 -0.32617188 -0.13476562
v -0.00195312 -0.31054688 -0.29492188
v -0.00195312 -0.31054688 -0.10742188
v -0.00195312 -0.30273438 -0.09570312
v -0.00195312 -0.29101562 0.21289062
v -0.00195312 -0.28710938 0.23242188
v -0.00195312 -0.26367188 -0.26367188
v -0.00195312 -0.20507812 -0.22460938
v -0.00195312 -0.17773438 -0.20117188
v -0.00195312 -0.15039062 0.36914062
v -0.00195312 -0.13476562 0.37695312
v -0.00195312 -0.06445312 -0.12695312
v -0.00195312 -0.05664062 0.23242188
v -0.00195312 -0.05273438 0.20117188
v -0.00195312 -0.04882812 -0.10742188
v -0.00195312 -0.04882812 0.17382812
v -0.00195312 -0.03320312 0.14648438
v -0.00195312 -0.02929688 0.36914062
v -0.00195312 -0.02539062 0.13476562
v -0.00195312 -0.02148438 -0.06835938
v -0.00195312 -0.02148438 0.28320312
v -0.00195312 -0.01757812 0.12695312
v -0.00195312 -0.00585938 -0.04882812
v -0.00195312 -0.00195312 0.09960938
v -0.00195312 -0.00195312 0.28320312
v -0.00195312 0.00195312 -0.02929688
v -0.00195312 0.00195312 0.36523438
v -0.00195312 0.00585938 -0.00976562
v -0.00195312 0.00585938 0.06054688
v -0.00195312 0.00976562 0.00585938
v -0.00195312 0.00976562 0.02148438
v -0.00195312 0.01367188 0.04101562
v -0.00195312 0.02539062 0.28320312
v -0.00195312 0.02539062 0.36132812
v -0.00195312 0.07617188 0.27929688
v -0.00195312 0.07617188 0.37304688
v -0.00195312 0.10351562 0.27929688
v -0.00195312 0.13085938 0.27929688
v -0.00195312 0.16601562 0.42773438
v -0.00195312 0.18164062 0.41601562
v -0.00195312 0.19335938 0.29492188
v -0.00195312 0.20507812 0.40820312
v -0.00195312 0.21679688 0.42773438
v -0.00195312 0.22851562 0.31835938
v -0.00195312 0.22851562 0.42773438
v -0.00195312 0.24023438 0.34570312
v -0.00195312 0.24414062 0.41210938
v -0.00195312 0.27929688 0.33789062
v -0.00195312 0.32226562 0.37304688
v -0.00195312 0.33789062 0.36132812
v -0.00195312 0.34570312 0.34179688
v 0.00195312 -0.43554688 0.24414062
v 0.00195312 -0.36132812 -0.32226562
v 0.00195312 -0.34179688 -0.15820312
v 0.00195312 -0.33398438 0.09570312
v 0.00195312 -0.22460938 0.32226562
v 0.00195312 -0.20507812 0.34570312
v 0.00195312 -0.16601562 -0.19726562
v 0.00195312 -0.15429688 -0.18945312
v 0.00195312 -0.12695312 -0.17382812
v 0.00195312 -0.11132812 0.38476562
v 0.00195312 -0.08789062 -0.14648438
v 0.00195312 -0.05664062 0.24414062
v 0.00195312 -0.05273438 0.21679688
v 0.00195312 -0.04101562 0.16210938
v 0.00195312 -0.03710938 0.15039062
v 0.00195312 -0.03320312 -0.09179688
v 0.00195312 -0.03320312 0.26757812
v 0.00195312 -0.00976562 0.11914062
v 0.00195312 -0.00585938 0.11132812
v 0.00195312 0.00195312 0.09179688
v 0.00195312 0.00195312 0.09570312
v 0.00195312 0.00585938 0.07617188
v 0.00195312 0.00976562 0.05664062
v 0.00195312 0.04882812 0.28320312
v 0.00195312 0.09179688 0.40039062
v 0.00195312 0.10351562 0.42382812
v 0.00195312 0.11523438 0.43554688
v 0.00195312 0.13085938 0.44335938
v 0.00195312 0.14648438 0.43945312
v 0.00195312 0.16210938 0.27929688
v 0.00195312 0.19726562 0.42382812
v 0.00195312 0.21679688 0.29882812
v 0.00195312 0.22851562 0.30273438
v 0.00195312 0.23632812 0.33398438
v 0.00195312 0.23632812 0.42773438
v 0.00195312 0.26757812 0.34179688
v 0.00195312 0.26757812 0.39648438
v 0.00195312 0.29492188 0.33398438
v 0.00195312 0.31054688 0.32617188
v 0.00195312 0.32617188 0.33007812
v 0.00195312 0.33398438 0.35742188
v 0.00195312 0.33789062 0.33398438
v 0.00585938 -0.39257812 -0.27929688
v 0.00585938 -0.38476562 -0.31445312
v 0.00585938 -0.37304688 -0.31835938
v 0.00585938 -0.34960938 -0.32226562
v 0.00585938 -0.34179688 -0.32226562
v 0.00585938 -0.33398438 -0.32617188
v 0.00585938 -0.33007812 0.12304688
v 0.00585938 -0.30273438 -0.29492188
v 0.00585938 -0.25976562 0.27929688
v 0.00585938 -0.25585938 -0.25976562
v 0.00585938 -0.18945312 -0.22070312
v 0.00585938 -0.11132812 -0.16992188
v 0.00585938 -0.08398438 -0.16210938
v 0.00585938 -0.07617188 -0.14257812
v 0.00585938 -0.07617188 0.38867188
v 0.00585938 -0.07226562 -0.15429688
v 0.00585938 -0.06835938 -0.16210938
v 0.00585938 -0.05664062 -0.12304688
v 0.00585938 -0.04882812 0.18945312
v 0.00585938 -0.02929688 0.14257812
v 0.00585938 -0.02148438 0.13476562
v 0.00585938 -0.01757812 -0.07226562
v 0.00585938 -0.01367188 0.12695312
v 0.00585938 -0.00585938 0.10742188
v 0.00585938 -0.00195312 -0.04882812
v 0.00585938 -0.00195312 0.09960938
v 0.00585938 0.00585938 -0.02539062
v 0.00585938 0.00585938 0.08789062
v 0.00585938 0.00976562 -0.00976562
v 0.00585938 0.00976562 0.07226562
v 0.00585938 0.01367188 0.00585938
v 0.00585938 0.01367188 0.02148438
v 0.00585938 0.01367188 0.04101562
v 0.00585938 0.01367188 0.05664062
v 0.00585938 0.04882812 0.37304688
v 0.00585938 0.13867188 0.44726562
v 0.00585938 0.16210938 0.43554688
v 0.00585938 0.19335938 0.28320312
v 0.00585938 0.20898438 0.43554688
v 0.00585938 0.22460938 0.43945312
v 0.00585938 0.23242188 0.31835938
v 0.00585938 0.23632812 0.26757812
v 0.00585938 0.24023438 0.25195312
v 0.00585938 0.25195312 0.24414062
v 0.00585938 0.25195312 0.25585938
v 0.00585938 0.25195312 0.41210938
v 0.00585938 0.25976562 0.24023438
v 0.00585938 0.25976562 0.24804688
v 0.00585938 0.25976562 0.34179688
v 0.00585938 0.26367188 0.24414062
v 0.00585938 0.26757812 0.23632812
v 0.00585938 0.26757812 0.24414062
v 0.00585938 0.29101562 0.38867188
v 0.00585938 0.30664062 0.38085938
v 0.00585938 0.32226562 0.36914062
v 0.00585938 0.33007812 0.34960938
v 0.00976562 -0.39648438 -0.31445312
v 0.00976562 -0.38476562 -0.24414062
v 0.00976562 -0.35742188 -0.18554688
v 0.00976562 -0.32226562 -0.02929688
v 0.00976562 -0.32226562 0.15039062
v 0.00976562 -0.31445312 0.16992188
v 0.00976562 -0.31054688 -0.04492188
v 0.00976562 -0.30273438 -0.06445312
v 0.00976562 -0.29882812 -0.07617188
v 0.00976562 -0.29492188 -0.29882812
v 0.00976562 -0.25195312 0.29101562
v 0.00976562 -0.18164062 0.36523438
v 0.00976562 -0.11132812 -0.19335938
v 0.00976562 -0.11132812 -0.18164062
v 0.00976562 -0.10351562 -0.18554688
v 0.00976562 -0.09960938 -0.17773438
v 0.00976562 -0.09570312 -0.16210938
v 0.00976562 -0.08398438 -0.16210938
v 0.00976562 -0.08007812 -0.16601562
v 0.00976562 -0.06445312 -0.16210938
v 0.00976562 -0.06445312 -0.15039062
v 0.00976562 -0.06445312 -0.14257812
v 0.00976562 -0.06445312 -0.13085938
v 0.00976562 -0.06054688 -0.15820312
v 0.00976562 -0.05664062 -0.13085938
v 0.00976562 -0.05273438 -0.11914062
v 0.00976562 -0.05273438 0.23242188
v 0.00976562 -0.04882812 -0.12695312
v 0.00976562 -0.04882812 0.20507812
v 0.00976562 -0.04882812 0.24804688
v 0.00976562 -0.04492188 -0.12695312
v 0.00976562 -0.04492188 -0.11523438
v 0.00976562 -0.04492188 -0.10742188
v 0.00976562 -0.04101562 0.17773438
v 0.00976562 -0.03710938 0.16992188
v 0.00976562 -0.03320312 -0.11132812
v 0.00976562 -0.03320312 0.15820312
v 0.00976562 -0.03320312 0.38085938
v 0.00976562 -0.02929688 -0.08789062
v 0.00976562 -0.02539062 0.15039062
v 0.00976562 -0.02148438 0.14257812
v 0.00976562 -0.01757812 -0.11523438
v 0.00976562 -0.01757812 -0.09960938
v 0.00976562 -0.00976562 -0.10742188
v 0.00976562 -0.00976562 -0.07226562
v 0.00976562 -0.00976562 0.11914062
v 0.00976562 -0.00585938 -0.08398438
v 0.00976562 -0.00585938 0.11523438
v 0.00976562 -0.00585938 0.27539062
v 0.00976562 -0.00195312 -0.09960938
v 0.00976562 0.00195312 -0.04882812
v 0.00976562 0.00195312 0.09960938
v 0.00976562 0.00195312 0.37695312
v 0.00976562 0.00585938 -0.02539062
v 0.00976562 0.00976562 -0.06445312
v 0.00976562 0.00976562 0.08398438
v 0.00976562 0.01367188 -0.01367188
v 0.00976562 0.01367188 0.06835938
v 0.00976562 0.01367188 0.08398438
v 0.00976562 0.01757812 -0.05273438
v 0.00976562 0.01757812 0.00585938
v 0.00976562 0.01757812 0.02148438
v 0.00976562 0.01757812 0.04101562
v 0.00976562 0.01757812 0.05664062
v 0.00976562 0.01757812 0.06835938
v 0.00976562 0.02148438 -0.03320312
v 0.00976562 0.02148438 0.27929688
v 0.00976562 0.02539062 0.05664062
v 0.00976562 0.02539062 0.06835938
v 0.00976562 0.02539062 0.08398438
v 0.00976562 0.02539062 0.37304688
v 0.00976562 0.02929688 -0.05273438
v 0.00976562 0.02929688 0.02148438
v 0.00976562 0.02929688 0.03710938
v 0.00976562 0.03320312 -0.04101562
v 0.00976562 0.03320312 -0.00585938
v 0.00976562 0.03320312 0.00585938
v 0.00976562 0.03710938 0.02148438
v 0.00976562 0.03710938 0.03710938
v 0.00976562 0.03710938 0.06054688
v 0.00976562 0.03710938 0.06835938
v 0.00976562 0.04101562 -0.00585938
v 0.00976562 0.04101562 0.00585938
v 0.00976562 0.07617188 0.27539062
v 0.00976562 0.09179688 0.38867188
v 0.00976562 0.09179688 0.40820312
v 0.00976562 0.09960938 0.43164062
v 0.00976562 0.10351562 0.27148438
v 0.00976562 0.11132812 0.44726562
v 0.00976562 0.12304688 0.45117188
v 0.00976562 0.13085938 0.26367188
v 0.00976562 0.13085938 0.27148438
v 0.00976562 0.13476562 0.24023438
v 0.00976562 0.14648438 0.25976562
v 0.00976562 0.15429688 0.44335938
v 0.00976562 0.17382812 0.23242188
v 0.00976562 0.17382812 0.24414062
v 0.00976562 0.17382812 0.43554688
v 0.00976562 0.19726562 0.23242188
v 0.00976562 0.19726562 0.23632812
v 0.00976562 0.19726562 0.24414062
v 0.00976562 0.19726562 0.25976562
v 0.00976562 0.21679688 0.28710938
v 0.00976562 0.22460938 0.26367188
v 0.00976562 0.22851562 0.29101562
v 0.00976562 0.23242188 0.31054688
v 0.00976562 0.23242188 0.43945312
v 0.00976562 0.24023438 0.33398438
v 0.00976562 0.24414062 0.34179688
v 0.00976562 0.24804688 0.26757812
v 0.00976562 0.25976562 0.23632812
v 0.00976562 0.25976562 0.25976562
v 0.00976562 0.26757812 0.23632812
v 0.00976562 0.26757812 0.25195312
v 0.00976562 0.27148438 0.23632812
v 0.00976562 0.27148438 0.39648438
v 0.00976562 0.28320312 0.33789062
v 0.00976562 0.29882812 0.33398438
v 0.00976562 0.31445312 0.33398438
v 0.00976562 0.32226562 0.33789062
v 0.01367188 -0.37695312 -0.34570312
v 0.01367188 -0.37304688 -0.21289062
v 0.01367188 -0.36914062 -0.34570312
v 0.01367188 -0.36132812 -0.34960938
v 0.01367188 -0.33398438 0.01367188
v 0.01367188 -0.32617188 -0.00976562
v 0.01367188 -0.32226562 -0.32617188
v 0.01367188 -0.31054688 0.18554688
v 0.01367188 -0.30664062 -0.09179688
v 0.01367188 -0.30664062 0.19726562
v 0.01367188 -0.29882812 -0.08398438
v 0.01367188 -0.29882812 0.21289062
v 0.01367188 -0.29101562 0.23242188
v 0.01367188 -0.24414062 -0.25976562
v 0.01367188 -0.22851562 0.32617188
v 0.01367188 -0.18554688 -0.21679688
v 0.01367188 -0.17773438 -0.22460938
v 0.01367188 -0.17382812 -0.20507812
v 0.01367188 -0.16992188 -0.23242188
v 0.01367188 -0.16992188 -0.21289062
v 0.01367188 -0.16210938 -0.22460938
v 0.01367188 -0.15820312 -0.20117188
v 0.01367188 -0.15820312 0.37695312
v 0.01367188 -0.15429688 -0.22070312
v 0.01367188 -0.15429688 -0.21289062
v 0.01367188 -0.15429688 -0.18945312
v 0.01367188 -0.14257812 -0.19335938
v 0.01367188 -0.14257812 0.38085938
v 0.01367188 -0.13867188 -0.18554688
v 0.01367188 -0.13085938 -0.19726562
v 0.01367188 -0.12695312 -0.19335938
v 0.01367188 -0.12304688 -0.19726562
v 0.01367188 -0.11132812 -0.19726562
v 0.01367188 -0.10351562 -0.19335938
v 0.01367188 -0.09960938 -0.18554688
v 0.01367188 -0.09570312 -0.17773438
v 0.01367188 -0.09179688 -0.16210938
v 0.01367188 -0.06054688 -0.14257812
v 0.01367188 -0.05664062 -0.13085938
v 0.01367188 -0.05273438 -0.13476562
v 0.01367188 -0.05273438 -0.13085938
v 0.01367188 -0.04882812 -0.13085938
v 0.01367188 -0.04882812 0.22070312
v 0.01367188 -0.04492188 -0.13085938
v 0.01367188 -0.04492188 -0.11914062
v 0.01367188 -0.04492188 -0.11523438
v 0.01367188 -0.04101562 0.19335938
v 0.01367188 -0.03710938 -0.11914062
v 0.01367188 -0.02929688 0.18554688
v 0.01367188 -0.02929688 0.20117188
v 0.01367188 -0.02539062 0.17773438
v 0.01367188 -0.02539062 0.18945312
v 0.01367188 -0.02148438 0.16992188
v 0.01367188 -0.01757812 -0.12304688
v 0.01367188 -0.01757812 0.16210938
v 0.01367188 -0.01757812 0.18164062
v 0.01367188 -0.01367188 0.13476562
v 0.01367188 -0.01367188 0.13867188
v 0.01367188 -0.01367188 0.15429688
v 0.01367188 -0.01367188 0.17382812
v 0.01367188 -0.00976562 -0.11914062
v 0.01367188 -0.00976562 0.12695312
v 0.01367188 -0.00976562 0.13867188
v 0.01367188 -0.00976562 0.14648438
v 0.01367188 -0.00976562 0.16601562
v 0.01367188 -0.00585938 0.14648438
v 0.01367188 -0.00585938 0.15039062
v 0.01367188 -0.00585938 0.15820312
v 0.01367188 -0.00195312 -0.11523438
v 0.01367188 -0.00195312 -0.08398438
v 0.01367188 -0.00195312 -0.07617188
v 0.01367188 -0.00195312 0.11132812
v 0.01367188 0.00195312 -0.11132812
v 0.01367188 0.00585938 -0.10742188
v 0.01367188 0.00585938 -0.09960938
v 0.01367188 0.00585938 0.09570312
v 0.01367188 0.00976562 -0.07226562
v 0.01367188 0.01367188 0.09179688
v 0.01367188 0.02148438 -0.07226562
v 0.01367188 0.02148438 -0.06835938
v 0.01367188 0.02539062 -0.02148438
v 0.01367188 0.02539062 -0.01367188
v 0.01367188 0.02539062 0.05273438
v 0.01367188 0.02539062 0.09179688
v 0.01367188 0.02929688 -0.02539062
v 0.01367188 0.02929688 -0.01757812
v 0.01367188 0.02929688 0.04882812
v 0.01367188 0.03320312 -0.06445312
v 0.01367188 0.03710938 -0.05664062
v 0.01367188 0.03710938 -0.04882812
v 0.01367188 0.03710938 -0.03710938
v 0.01367188 0.03710938 0.05664062
v 0.01367188 0.03710938 0.08398438
v 0.01367188 0.03710938 0.09179688
v 0.01367188 0.04101562 -0.04882812
v 0.01367188 0.04101562 -0.01757812
v 0.01367188 0.04492188 0.03320312
v 0.01367188 0.04492188 0.06835938
v 0.01367188 0.04492188 0.07226562
v 0.01367188 0.04492188 0.08398438
v 0.01367188 0.04492188 0.09179688
v 0.01367188 0.04882812 -0.01757812
v 0.01367188 0.04882812 -0.00585938
v 0.01367188 0.04882812 0.00585938
v 0.01367188 0.04882812 0.02148438
v 0.01367188 0.04882812 0.27539062
v 0.01367188 0.06835938 0.24804688
v 0.01367188 0.07226562 0.26757812
v 0.01367188 0.08007812 0.25195312
v 0.01367188 0.09179688 0.26757812
v 0.01367188 0.09179688 0.41601562
v 0.01367188 0.09960938 0.43945312
v 0.01367188 0.11132812 0.26367188
v 0.01367188 0.11914062 0.24414062
v 0.01367188 0.13476562 0.23242188
v 0.01367188 0.13476562 0.45507812
v 0.01367188 0.14648438 0.23632812
v 0.01367188 0.14648438 0.24414062
v 0.01367188 0.15039062 0.45117188
v 0.01367188 0.15429688 0.25585938
v 0.01367188 0.15820312 0.27148438
v 0.01367188 0.16210938 0.25585938
v 0.01367188 0.16601562 0.24023438
v 0.01367188 0.16601562 0.25976562
v 0.01367188 0.16992188 0.23242188
v 0.01367188 0.16992188 0.44335938
v 0.01367188 0.17382812 0.22851562
v 0.01367188 0.17773438 0.22460938
v 0.01367188 0.17773438 0.22851562
v 0.01367188 0.18164062 0.22851562
v 0.01367188 0.19335938 0.22460938
v 0.01367188 0.19335938 0.43554688
v 0.01367188 0.19726562 0.27539062
v 0.01367188 0.20898438 0.22460938
v 0.01367188 0.20898438 0.23242188
v 0.01367188 0.21289062 0.24414062
v 0.01367188 0.21289062 0.25195312
v 0.01367188 0.21289062 0.25976562
v 0.01367188 0.21289062 0.27929688
v 0.01367188 0.22070312 0.44726562
v 0.01367188 0.22460938 0.28710938
v 0.01367188 0.23242188 0.29492188
v 0.01367188 0.23632812 0.32226562
v 0.01367188 0.24414062 0.42773438
v 0.01367188 0.25195312 0.24023438
v 0.01367188 0.26367188 0.23632812
v 0.01367188 0.27148438 0.23632812
v 0.01367188 0.27148438 0.24414062
v 0.01367188 0.27148438 0.25195312
v 0.01367188 0.27148438 0.33789062
v 0.01367188 0.29492188 0.38476562
v 0.01367188 0.30664062 0.37304688
v 0.01367188 0.31835938 0.36132812
v 0.01757812 -0.40429688 -0.31054688
v 0.01757812 -0.39648438 -0.34179688
v 0.01757812 -0.39648438 -0.27539062
v 0.01757812 -0.38867188 -0.34179688
v 0.01757812 -0.38867188 -0.24414062
v 0.01757812 -0.35742188 -0.18164062
v 0.01757812 -0.35351562 -0.34960938
v 0.01757812 -0.34570312 -0.15429688
v 0.01757812 -0.33398438 0.03710938
v 0.01757812 -0.33007812 -0.13085938
v 0.01757812 -0.31445312 -0.33007812
v 0.01757812 -0.31445312 -0.10742188
v 0.01757812 -0.28710938 -0.29492188
v 0.01757812 -0.23632812 -0.25195312
v 0.01757812 -0.21679688 -0.23632812
v 0.01757812 -0.20898438 0.34570312
v 0.01757812 -0.20117188 -0.24023438
v 0.01757812 -0.18554688 -0.24414062
v 0.01757812 -0.16601562 -0.23632812
v 0.01757812 -0.15820312 -0.22851562
v 0.01757812 -0.15429688 -0.20117188
v 0.01757812 -0.15039062 -0.21289062
v 0.01757812 -0.15039062 -0.19726562
v 0.01757812 -0.12304688 -0.20117188
v 0.01757812 -0.12304688 0.38867188
v 0.01757812 -0.10742188 -0.20117188
v 0.01757812 -0.10351562 -0.19335938
v 0.01757812 -0.06054688 -0.13085938
v 0.01757812 -0.04882812 0.23242188
v 0.01757812 -0.04101562 0.20898438
v 0.01757812 -0.04101562 0.25976562
v 0.01757812 -0.02148438 0.27148438
v 0.01757812 -0.00585938 0.11914062
v 0.01757812 -0.00585938 0.12304688
v 0.01757812 -0.00585938 0.12695312
v 0.01757812 -0.00585938 0.13476562
v 0.01757812 -0.00195312 0.14257812
v 0.01757812 -0.00195312 0.27539062
v 0.01757812 0.00195312 -0.11914062
v 0.01757812 0.00195312 0.10742188
v 0.01757812 0.00585938 0.10351562
v 0.01757812 0.01367188 0.09960938
v 0.01757812 0.01757812 0.26367188
v 0.01757812 0.02148438 0.27539062
v 0.01757812 0.02539062 0.09960938
v 0.01757812 0.02929688 0.25585938
v 0.01757812 0.03320312 -0.06835938
v 0.01757812 0.03710938 -0.06054688
v 0.01757812 0.03710938 -0.02148438
v 0.01757812 0.03710938 0.09570312
v 0.01757812 0.04101562 0.04492188
v 0.01757812 0.04492188 -0.02148438
v 0.01757812 0.04492188 0.06445312
v 0.01757812 0.04492188 0.09179688
v 0.01757812 0.04882812 -0.01367188
v 0.01757812 0.04882812 0.03710938
v 0.01757812 0.04882812 0.07617188
v 0.01757812 0.04882812 0.08398438
v 0.01757812 0.04882812 0.26367188
v 0.01757812 0.04882812 0.38085938
v 0.01757812 0.05273438 -0.00585938
v 0.01757812 0.05273438 0.00585938
v 0.01757812 0.05273438 0.01757812
v 0.01757812 0.05273438 0.02929688
v 0.01757812 0.05664062 0.25585938
v 0.01757812 0.07226562 0.24414062
v 0.01757812 0.07226562 0.38085938
v 0.01757812 0.08398438 0.25195312
v 0.01757812 0.09179688 0.41992188
v 0.01757812 0.09570312 0.25976562
v 0.01757812 0.10351562 0.45898438
v 0.01757812 0.11523438 0.46289062
v 0.01757812 0.12304688 0.23242188
v 0.01757812 0.13476562 0.23242188
v 0.01757812 0.14257812 0.45898438
v 0.01757812 0.15039062 0.24414062
v 0.01757812 0.16210938 0.24023438
v 0.01757812 0.16210938 0.26757812
v 0.01757812 0.16210938 0.45117188
v 0.01757812 0.16601562 0.22851562
v 0.01757812 0.16992188 0.22460938
v 0.01757812 0.17773438 0.22460938
v 0.01757812 0.17773438 0.44335938
v 0.01757812 0.20898438 0.44335938
v 0.01757812 0.21679688 0.24023438
v 0.01757812 0.21679688 0.25195312
v 0.01757812 0.22851562 0.44726562
v 0.01757812 0.23242188 0.28710938
v 0.01757812 0.23632812 0.24804688
v 0.01757812 0.23632812 0.31445312
v 0.01757812 0.24023438 0.43945312
v 0.01757812 0.24804688 0.34179688
v 0.01757812 0.25585938 0.24414062
v 0.01757812 0.25585938 0.40820312
v 0.01757812 0.25976562 0.33789062
v 0.01757812 0.26367188 0.24023438
v 0.01757812 0.26367188 0.26367188
v 0.01757812 0.26757812 0.24804688
v 0.01757812 0.26757812 0.25195312
v 0.01757812 0.27148438 0.24023438
v 0.01757812 0.27539062 0.38867188
v 0.01757812 0.28710938 0.33789062
v 0.01757812 0.30273438 0.33789062
v 0.01757812 0.30664062 0.34179688
v 0.01757812 0.31445312 0.35351562
v 0.02148438 -0.40820312 -0.33789062
v 0.02148438 -0.37304688 -0.21289062
v 0.02148438 -0.34570312 -0.35351562
v 0.02148438 -0.33398438 0.06445312
v 0.02148438 -0.31445312 -0.33007812
v 0.02148438 -0.30664062 -0.32226562
v 0.02148438 -0.29492188 -0.33007812
v 0.02148438 -0.29492188 -0.29882812
v 0.02148438 -0.29101562 -0.31054688
v 0.02148438 -0.28710938 -0.33398438
v 0.02148438 -0.28710938 -0.32226562
v 0.02148438 -0.22851562 -0.24804688
v 0.02148438 -0.21289062 -0.25195312
v 0.02148438 -0.15429688 -0.22070312
v 0.02148438 -0.15429688 -0.20117188
v 0.02148438 -0.15039062 -0.21289062
v 0.02148438 -0.14648438 -0.19335938
v 0.02148438 -0.13867188 -0.19335938
v 0.02148438 -0.12695312 -0.19726562
v 0.02148438 -0.12304688 -0.20117188
v 0.02148438 -0.10742188 -0.20117188
v 0.02148438 -0.10351562 -0.19335938
v 0.02148438 -0.09960938 -0.18554688
v 0.02148438 -0.09570312 -0.17382812
v 0.02148438 -0.08789062 -0.15820312
v 0.02148438 -0.08398438 -0.16210938
v 0.02148438 -0.08398438 0.39257812
v 0.02148438 -0.07617188 -0.16601562
v 0.02148438 -0.06445312 -0.16210938
v 0.02148438 -0.06054688 -0.13085938
v 0.02148438 -0.05664062 -0.15429688
v 0.02148438 -0.05664062 -0.14257812
v 0.02148438 -0.05664062 -0.13085938
v 0.02148438 -0.05273438 -0.13476562
v 0.02148438 -0.04492188 -0.13085938
v 0.02148438 -0.04492188 -0.11132812
v 0.02148438 -0.04492188 0.22070312
v 0.02148438 -0.04101562 -0.12695312
v 0.02148438 -0.04101562 -0.11914062
v 0.02148438 -0.03320312 0.20117188
v 0.02148438 -0.02148438 0.19335938
v 0.02148438 -0.01367188 0.18554688
v 0.02148438 -0.00976562 -0.11914062
v 0.02148438 -0.00976562 0.17773438
v 0.02148438 -0.00585938 0.11523438
v 0.02148438 -0.00585938 0.16992188
v 0.02148438 -0.00195312 -0.08398438
v 0.02148438 -0.00195312 -0.07617188
v 0.02148438 -0.00195312 0.10742188
v 0.02148438 -0.00195312 0.15429688
v 0.02148438 -0.00195312 0.16210938
v 0.02148438 -0.00195312 0.38476562
v 0.02148438 0.00195312 0.15039062
v 0.02148438 0.00585938 -0.10742188
v 0.02148438 0.00585938 -0.09570312
v 0.02148438 0.00976562 -0.07617188
v 0.02148438 0.01757812 0.09960938
v 0.02148438 0.02148438 -0.07617188
v 0.02148438 0.02148438 0.24023438
v 0.02148438 0.02539062 -0.02148438
v 0.02148438 0.02539062 0.05273438
v 0.02148438 0.02539062 0.38085938
v 0.02148438 0.02929688 -0.02539062
v 0.02148438 0.02929688 -0.01757812
v 0.02148438 0.02929688 0.04882812
v 0.02148438 0.02929688 0.09960938
v 0.02148438 0.02929688 0.24804688
v 0.02148438 0.03320312 -0.06835938
v 0.02148438 0.03320312 0.24414062
v 0.02148438 0.03710938 -0.06054688
v 0.02148438 0.03710938 0.04882812
v 0.02148438 0.03710938 0.05664062
v 0.02148438 0.03710938 0.09570312
v 0.02148438 0.04101562 -0.04882812
v 0.02148438 0.04101562 -0.03710938
v 0.02148438 0.04492188 0.04492188
v 0.02148438 0.04492188 0.06445312
v 0.02148438 0.04492188 0.09179688
v 0.02148438 0.04492188 0.25976562
v 0.02148438 0.04882812 0.07617188
v 0.02148438 0.04882812 0.08398438
v 0.02148438 0.05273438 -0.01367188
v 0.02148438 0.05273438 0.03710938
v 0.02148438 0.05664062 -0.00585938
v 0.02148438 0.05664062 0.00585938
v 0.02148438 0.05664062 0.01757812
v 0.02148438 0.05664062 0.02929688
v 0.02148438 0.05664062 0.25585938
v 0.02148438 0.06835938 0.24804688
v 0.02148438 0.08398438 0.25195312
v 0.02148438 0.10351562 0.26757812
v 0.02148438 0.11132812 0.25976562
v 0.02148438 0.11523438 0.24414062
v 0.02148438 0.11914062 0.23242188
v 0.02148438 0.12304688 0.23632812
v 0.02148438 0.12304688 0.46679688
v 0.02148438 0.14648438 0.23632812
v 0.02148438 0.15039062 0.25585938
v 0.02148438 0.15820312 0.25585938
v 0.02148438 0.15820312 0.26757812
v 0.02148438 0.15820312 0.45507812
v 0.02148438 0.16601562 0.24023438
v 0.02148438 0.16992188 0.23242188
v 0.02148438 0.17382812 0.22851562
v 0.02148438 0.17382812 0.44726562
v 0.02148438 0.17773438 0.22460938
v 0.02148438 0.17773438 0.22851562
v 0.02148438 0.19335938 0.22070312
v 0.02148438 0.20898438 0.22070312
v 0.02148438 0.21289062 0.26367188
v 0.02148438 0.21679688 0.23632812
v 0.02148438 0.22070312 0.26367188
v 0.02148438 0.22460938 0.45117188
v 0.02148438 0.24414062 0.25195312
v 0.02148438 0.24414062 0.33398438
v 0.02148438 0.24804688 0.41992188
v 0.02148438 0.25195312 0.27539062
v 0.02148438 0.25976562 0.24804688
v 0.02148438 0.25976562 0.25976562
v 0.02148438 0.27539062 0.34179688
v 0.02148438 0.29101562 0.34179688
v 0.02148438 0.29492188 0.37695312
v 0.02148438 0.30273438 0.36523438
v 0.02539062 -0.41601562 -0.33398438
v 0.02539062 -0.40820312 -0.30664062
v 0.02539062 -0.40039062 -0.27539062
v 0.02539062 -0.39648438 -0.36523438
v 0.02539062 -0.38867188 -0.36914062
v 0.02539062 -0.38085938 -0.36914062
v 0.02539062 -0.37304688 -0.36914062
v 0.02539062 -0.33398438 0.09179688
v 0.02539062 -0.27929688 -0.31835938
v 0.02539062 -0.27929688 -0.29101562
v 0.02539062 -0.26757812 0.27148438
v 0.02539062 -0.25585938 0.28710938
v 0.02539062 -0.23632812 -0.25585938
v 0.02539062 -0.23242188 -0.24804688
v 0.02539062 -0.21679688 -0.25585938
v 0.02539062 -0.20117188 -0.25195312
v 0.02539062 -0.19726562 -0.25585938
v 0.02539062 -0.18554688 0.36523438
v 0.02539062 -0.18164062 -0.24414062
v 0.02539062 -0.16601562 -0.23242188
v 0.02539062 -0.16210938 0.37695312
v 0.02539062 -0.15820312 -0.22851562
v 0.02539062 -0.15820312 -0.20117188
v 0.02539062 -0.15429688 -0.22070312
v 0.02539062 -0.15429688 -0.20117188
v 0.02539062 -0.15429688 -0.19335938
v 0.02539062 -0.15039062 -0.21289062
v 0.02539062 -0.15039062 -0.19335938
v 0.02539062 -0.14648438 0.38476562
v 0.02539062 -0.14257812 -0.18945312
v 0.02539062 -0.12695312 -0.19335938
v 0.02539062 -0.12304688 -0.19726562
v 0.02539062 -0.11523438 -0.18945312
v 0.02539062 -0.11132812 -0.19726562
v 0.02539062 -0.10742188 -0.19335938
v 0.02539062 -0.10351562 -0.18554688
v 0.02539062 -0.09960938 -0.17382812
v 0.02539062 -0.09179688 -0.15820312
v 0.02539062 -0.08398438 -0.15820312
v 0.02539062 -0.08007812 -0.16210938
v 0.02539062 -0.06054688 -0.15429688
v 0.02539062 -0.06054688 -0.14257812
v 0.02539062 -0.06054688 -0.13085938
v 0.02539062 -0.05664062 -0.13085938
v 0.02539062 -0.05273438 -0.13085938
v 0.02539062 -0.05273438 -0.12304688
v 0.02539062 -0.04882812 0.21679688
v 0.02539062 -0.04882812 0.22851562
v 0.02539062 -0.04492188 -0.13085938
v 0.02539062 -0.04492188 0.19335938
v 0.02539062 -0.04492188 0.20507812
v 0.02539062 -0.04492188 0.24414062
v 0.02539062 -0.04101562 -0.12695312
v 0.02539062 -0.04101562 -0.11914062
v 0.02539062 -0.04101562 -0.10742188
v 0.02539062 -0.04101562 0.20898438
v 0.02539062 -0.04101562 0.38867188
v 0.02539062 -0.03710938 0.17773438
v 0.02539062 -0.03710938 0.19726562
v 0.02539062 -0.03320312 -0.11914062
v 0.02539062 -0.03320312 0.18554688
v 0.02539062 -0.02929688 0.18945312
v 0.02539062 -0.02539062 0.16601562
v 0.02539062 -0.02539062 0.17382812
v 0.02539062 -0.02539062 0.18164062
v 0.02539062 -0.01757812 -0.11914062
v 0.02539062 -0.01757812 0.16992188
v 0.02539062 -0.01757812 0.17773438
v 0.02539062 -0.01757812 0.18164062
v 0.02539062 -0.01367188 0.15820312
v 0.02539062 -0.01367188 0.16210938
v 0.02539062 -0.00976562 -0.11523438
v 0.02539062 -0.00976562 0.12304688
v 0.02539062 -0.00976562 0.12695312
v 0.02539062 -0.00976562 0.13085938
v 0.02539062 -0.00976562 0.13867188
v 0.02539062 -0.00976562 0.14257812
v 0.02539062 -0.00976562 0.15039062
v 0.02539062 -0.00585938 -0.08398438
v 0.02539062 -0.00585938 0.11132812
v 0.02539062 -0.00585938 0.11523438
v 0.02539062 -0.00585938 0.12304688
v 0.02539062 -0.00585938 0.13476562
v 0.02539062 -0.00195312 -0.10742188
v 0.02539062 -0.00195312 -0.07617188
v 0.02539062 -0.00195312 0.10351562
v 0.02539062 -0.00195312 0.10742188
v 0.02539062 -0.00195312 0.13867188
v 0.02539062 0.00195312 -0.11523438
v 0.02539062 0.00195312 -0.09570312
v 0.02539062 0.00195312 0.10351562
v 0.02539062 0.00195312 0.14648438
v 0.02539062 0.00585938 -0.10742188
v 0.02539062 0.00585938 0.09179688
v 0.02539062 0.00976562 -0.07226562
v 0.02539062 0.00976562 0.10351562
v 0.02539062 0.01367188 0.08007812
v 0.02539062 0.01367188 0.09179688
v 0.02539062 0.01367188 0.24804688
v 0.02539062 0.01757812 0.06835938
v 0.02539062 0.01757812 0.27148438
v 0.02539062 0.02148438 -0.07226562
v 0.02539062 0.02148438 -0.02148438
v 0.02539062 0.02148438 0.03710938
v 0.02539062 0.02148438 0.09179688
v 0.02539062 0.02148438 0.26367188
v 0.02539062 0.02539062 -0.06445312
v 0.02539062 0.02539062 -0.02539062
v 0.02539062 0.02539062 -0.01757812
v 0.02539062 0.02539062 -0.00976562
v 0.02539062 0.02539062 0.00585938
v 0.02539062 0.02539062 0.05273438
v 0.02539062 0.02539062 0.06835938
v 0.02539062 0.02539062 0.08007812
v 0.02539062 0.02929688 0.02148438
v 0.02539062 0.02929688 0.03710938
v 0.02539062 0.02929688 0.04882812
v 0.02539062 0.02929688 0.09179688
v 0.02539062 0.02929688 0.24414062
v 0.02539062 0.03320312 -0.06835938
v 0.02539062 0.03320312 -0.06054688
v 0.02539062 0.03320312 -0.03710938
v 0.02539062 0.03320312 -0.00585938
v 0.02539062 0.03320312 0.24023438
v 0.02539062 0.03710938 -0.04882812
v 0.02539062 0.03710938 -0.02148438
v 0.02539062 0.03710938 -0.01757812
v 0.02539062 0.03710938 0.00585938
v 0.02539062 0.03710938 0.01757812
v 0.02539062 0.03710938 0.03710938
v 0.02539062 0.03710938 0.04882812
v 0.02539062 0.03710938 0.05664062
v 0.02539062 0.03710938 0.06835938
v 0.02539062 0.03710938 0.08007812
v 0.02539062 0.04101562 -0.00585938
v 0.02539062 0.04101562 0.02929688
v 0.02539062 0.04101562 0.04882812
v 0.02539062 0.04101562 0.08789062
v 0.02539062 0.04492188 -0.02148438
v 0.02539062 0.04492188 -0.01757812
v 0.02539062 0.04492188 0.00585938
v 0.02539062 0.04492188 0.01757812
v 0.02539062 0.04492188 0.06445312
v 0.02539062 0.04492188 0.07226562
v 0.02539062 0.04492188 0.08007812
v 0.02539062 0.04882812 -0.01367188
v 0.02539062 0.04882812 -0.00585938
v 0.02539062 0.04882812 0.00585938
v 0.02539062 0.04882812 0.01757812
v 0.02539062 0.04882812 0.02929688
v 0.02539062 0.04882812 0.03710938
v 0.02539062 0.04882812 0.04492188
v 0.02539062 0.04882812 0.25585938
v 0.02539062 0.05273438 -0.01367188
v 0.02539062 0.05273438 -0.00585938
v 0.02539062 0.05273438 0.00585938
v 0.02539062 0.05273438 0.01757812
v 0.02539062 0.05273438 0.02929688
v 0.02539062 0.05273438 0.03710938
v 0.02539062 0.05664062 0.00585938
v 0.02539062 0.05664062 0.01757812
v 0.02539062 0.05664062 0.25585938
v 0.02539062 0.06054688 0.25976562
v 0.02539062 0.07226562 0.25195312
v 0.02539062 0.08789062 0.40039062
v 0.02539062 0.09179688 0.26367188
v 0.02539062 0.09179688 0.42773438
v 0.02539062 0.09179688 0.45507812
v 0.02539062 0.11132812 0.26367188
v 0.02539062 0.11914062 0.24804688
v 0.02539062 0.13476562 0.47070312
v 0.02539062 0.13867188 0.23632812
v 0.02539062 0.14648438 0.24023438
v 0.02539062 0.14648438 0.24804688
v 0.02539062 0.15039062 0.46289062
v 0.02539062 0.15820312 0.46679688
v 0.02539062 0.16210938 0.25585938
v 0.02539062 0.16210938 0.26757812
v 0.02539062 0.16210938 0.45898438
v 0.02539062 0.16992188 0.45507812
v 0.02539062 0.17382812 0.23242188
v 0.02539062 0.17382812 0.24023438
v 0.02539062 0.18164062 0.44335938
v 0.02539062 0.18945312 0.22460938
v 0.02539062 0.19335938 0.22851562
v 0.02539062 0.19335938 0.23242188
v 0.02539062 0.19335938 0.44335938
v 0.02539062 0.20117188 0.22460938
v 0.02539062 0.20507812 0.22851562
v 0.02539062 0.21289062 0.23242188
v 0.02539062 0.21289062 0.24023438
v 0.02539062 0.21289062 0.26367188
v 0.02539062 0.21289062 0.27539062
v 0.02539062 0.21679688 0.25195312
v 0.02539062 0.21679688 0.45117188
v 0.02539062 0.22851562 0.26367188
v 0.02539062 0.22851562 0.45507812
v 0.02539062 0.23242188 0.28710938
v 0.02539062 0.23242188 0.44726562
v 0.02539062 0.23632812 0.30273438
v 0.02539062 0.23632812 0.31835938
v 0.02539062 0.24023438 0.32617188
v 0.02539062 0.24023438 0.43164062
v 0.02539062 0.24414062 0.41992188
v 0.02539062 0.24804688 0.27148438
v 0.02539062 0.24804688 0.41210938
v 0.02539062 0.25195312 0.25585938
v 0.02539062 0.25195312 0.34179688
v 0.02539062 0.25195312 0.40039062
v 0.02539062 0.25585938 0.25976562
v 0.02539062 0.26367188 0.34179688
v 0.02539062 0.26367188 0.39648438
v 0.02539062 0.26757812 0.34570312
v 0.02539062 0.26757812 0.38476562
v 0.02539062 0.27929688 0.34570312
v 0.02539062 0.27929688 0.37304688
v 0.02539062 0.27929688 0.38085938
v 0.02539062 0.28320312 0.34960938
v 0.02539062 0.28710938 0.36132812
v 0.02539062 0.29101562 0.36914062
v 0.02539062 0.29492188 0.34570312
v 0.02539062 0.29882812 0.35742188
v 0.02929688 -0.40820312 -0.36523438
v 0.02929688 -0.38867188 -0.24023438
v 0.02929688 -0.36523438 -0.37304688
v 0.02929688 -0.34179688 -0.15039062
v 0.02929688 -0.33789062 -0.35351562
v 0.02929688 -0.33398438 0.12304688
v 0.02929688 -0.32617188 -0.12304688
v 0.02929688 -0.31054688 -0.10351562
v 0.02929688 -0.31054688 -0.04882812
v 0.02929688 -0.30664062 -0.33789062
v 0.02929688 -0.30273438 -0.09179688
v 0.02929688 -0.30273438 -0.06445312
v 0.02929688 -0.29882812 -0.33789062
v 0.02929688 -0.29882812 -0.08007812
v 0.02929688 -0.29492188 -0.07226562
v 0.02929688 -0.28710938 -0.29882812
v 0.02929688 -0.28320312 -0.33007812
v 0.02929688 -0.28320312 -0.31445312
v 0.02929688 -0.27539062 -0.28710938
v 0.02929688 -0.22851562 -0.24804688
v 0.02929688 -0.21289062 -0.25195312
v 0.02929688 -0.20117188 -0.25195312
v 0.02929688 -0.19726562 -0.24414062
v 0.02929688 -0.18554688 -0.24414062
v 0.02929688 -0.17382812 -0.22851562
v 0.02929688 -0.16992188 -0.23242188
v 0.02929688 -0.16992188 -0.20507812
v 0.02929688 -0.16601562 -0.22070312
v 0.02929688 -0.16210938 -0.22460938
v 0.02929688 -0.15820312 -0.21289062
v 0.02929688 -0.15429688 -0.22070312
v 0.02929688 -0.12695312 -0.18164062
v 0.02929688 -0.12695312 0.38867188
v 0.02929688 -0.12304688 -0.18554688
v 0.02929688 -0.10742188 -0.16992188
v 0.02929688 -0.10351562 -0.18164062
v 0.02929688 -0.10351562 -0.16601562
v 0.02929688 -0.08398438 -0.15429688
v 0.02929688 -0.08007812 -0.15429688
v 0.02929688 -0.07617188 -0.13867188
v 0.02929688 -0.07226562 -0.15820312
v 0.02929688 -0.06835938 -0.14648438
v 0.02929688 -0.06835938 -0.13476562
v 0.02929688 -0.06835938 -0.12695312
v 0.02929688 -0.06445312 -0.15429688
v 0.02929688 -0.06445312 -0.14257812
v 0.02929688 -0.05664062 -0.11523438
v 0.02929688 -0.05273438 0.20117188
v 0.02929688 -0.05273438 0.22851562
v 0.02929688 -0.04882812 -0.12695312
v 0.02929688 -0.04882812 -0.11914062
v 0.02929688 -0.04882812 -0.09960938
v 0.02929688 -0.04882812 0.24414062
v 0.02929688 -0.04492188 -0.12695312
v 0.02929688 -0.04492188 -0.11914062
v 0.02929688 -0.04492188 -0.11132812
v 0.02929688 -0.04492188 0.18164062
v 0.02929688 -0.04101562 0.25976562
v 0.02929688 -0.03710938 -0.10351562
v 0.02929688 -0.03710938 0.16992188
v 0.02929688 -0.03320312 -0.11132812
v 0.02929688 -0.03320312 0.26757812
v 0.02929688 -0.02929688 -0.09179688
v 0.02929688 -0.02539062 0.15820312
v 0.02929688 -0.02148438 0.14257812
v 0.02929688 -0.02148438 0.15039062
v 0.02929688 -0.01757812 -0.11523438
v 0.02929688 -0.01757812 -0.08007812
v 0.02929688 -0.01757812 0.13476562
v 0.02929688 -0.01367188 -0.09570312
v 0.02929688 -0.01367188 -0.08789062
v 0.02929688 -0.01367188 0.12695312
v 0.02929688 -0.00976562 -0.10742188
v 0.02929688 -0.00976562 -0.09960938
v 0.02929688 -0.00976562 -0.06835938
v 0.02929688 -0.00976562 0.12304688
v 0.02929688 -0.00976562 0.27539062
v 0.02929688 -0.00585938 -0.09570312
v 0.02929688 -0.00585938 0.11132812
v 0.02929688 -0.00585938 0.11523438
v 0.02929688 -0.00195312 -0.10351562
v 0.02929688 -0.00195312 -0.05664062
v 0.02929688 -0.00195312 0.10351562
v 0.02929688 0.00195312 -0.06445312
v 0.02929688 0.00195312 0.09179688
v 0.02929688 0.00585938 -0.04882812
v 0.02929688 0.00976562 -0.06445312
v 0.02929688 0.00976562 -0.03320312
v 0.02929688 0.00976562 -0.02148438
v 0.02929688 0.00976562 0.08007812
v 0.02929688 0.01367188 -0.04882812
v 0.02929688 0.01757812 -0.03710938
v 0.02929688 0.01757812 -0.00976562
v 0.02929688 0.01757812 0.00585938
v 0.02929688 0.01757812 0.06054688
v 0.02929688 0.01757812 0.24804688
v 0.02929688 0.02148438 0.02148438
v 0.02929688 0.02148438 0.24023438
v 0.02929688 0.02539062 -0.04882812
v 0.02929688 0.02929688 -0.04101562
v 0.02929688 0.03710938 0.24414062
v 0.02929688 0.04882812 0.25976562
v 0.02929688 0.05664062 0.26757812
v 0.02929688 0.07226562 0.38867188
v 0.02929688 0.07617188 0.26757812
v 0.02929688 0.08398438 0.39648438
v 0.02929688 0.08789062 0.40820312
v 0.02929688 0.09179688 0.43554688
v 0.02929688 0.09570312 0.47460938
v 0.02929688 0.10351562 0.26757812
v 0.02929688 0.10351562 0.47851562
v 0.02929688 0.11523438 0.48242188
v 0.02929688 0.13476562 0.24414062
v 0.02929688 0.14257812 0.47070312
v 0.02929688 0.15429688 0.26757812
v 0.02929688 0.15820312 0.26757812
v 0.02929688 0.17382812 0.25195312
v 0.02929688 0.17382812 0.45898438
v 0.02929688 0.17773438 0.26367188
v 0.02929688 0.17773438 0.45117188
v 0.02929688 0.18554688 0.27148438
v 0.02929688 0.19726562 0.24414062
v 0.02929688 0.19726562 0.26367188
v 0.02929688 0.20117188 0.25585938
v 0.02929688 0.20898438 0.27539062
v 0.02929688 0.20898438 0.44726562
v 0.02929688 0.22070312 0.45507812
v 0.02929688 0.23242188 0.27148438
v 0.02929688 0.23632812 0.44335938
v 0.02929688 0.24023438 0.26757812
v 0.02929688 0.24023438 0.42773438
v 0.02929688 0.24414062 0.33789062
v 0.02929688 0.24414062 0.40429688
v 0.02929688 0.25585938 0.39257812
v 0.02929688 0.27148438 0.35351562
v 0.02929688 0.27539062 0.36132812
v 0.03320312 -0.41992188 -0.33007812
v 0.03320312 -0.41601562 -0.36132812
v 0.03320312 -0.41210938 -0.30273438
v 0.03320312 -0.40039062 -0.27148438
v 0.03320312 -0.36523438 -0.20898438
v 0.03320312 -0.36132812 -0.37304688
v 0.03320312 -0.35351562 -0.17773438
v 0.03320312 -0.32617188 -0.34570312
v 0.03320312 -0.32617188 -0.00976562
v 0.03320312 -0.32617188 0.14648438
v 0.03320312 -0.32226562 -0.33789062
v 0.03320312 -0.31835938 -0.02929688
v 0.03320312 -0.31835938 0.16601562
v 0.03320312 -0.31054688 0.18164062
v 0.03320312 -0.30664062 0.19335938
v 0.03320312 -0.29882812 0.20898438
v 0.03320312 -0.29492188 -0.33789062
v 0.03320312 -0.29101562 0.22460938
v 0.03320312 -0.28710938 -0.29492188
v 0.03320312 -0.28320312 -0.32617188
v 0.03320312 -0.28320312 -0.31054688
v 0.03320312 -0.27929688 -0.31835938
v 0.03320312 -0.23242188 0.32226562
v 0.03320312 -0.21289062 -0.24023438
v 0.03320312 -0.17773438 -0.22070312
v 0.03320312 -0.16210938 -0.19726562
v 0.03320312 -0.13476562 -0.18164062
v 0.03320312 -0.11914062 -0.17382812
v 0.03320312 -0.09570312 -0.15820312
v 0.03320312 -0.08789062 0.39257812
v 0.03320312 -0.08007812 -0.14257812
v 0.03320312 -0.07617188 -0.13476562
v 0.03320312 -0.06054688 -0.11914062
v 0.03320312 -0.05664062 0.20898438
v 0.03320312 -0.05273438 0.18945312
v 0.03320312 -0.04492188 0.17382812
v 0.03320312 -0.04101562 0.38867188
v 0.03320312 -0.03710938 -0.09179688
v 0.03320312 -0.03710938 0.16210938
v 0.03320312 -0.02929688 -0.08789062
v 0.03320312 -0.02929688 0.15039062
v 0.03320312 -0.02148438 -0.10351562
v 0.03320312 -0.02148438 -0.08007812
v 0.03320312 -0.01757812 0.13085938
v 0.03320312 -0.01367188 -0.06835938
v 0.03320312 -0.00976562 0.11914062
v 0.03320312 -0.00585938 -0.05664062
v 0.03320312 -0.00585938 0.11132812
v 0.03320312 -0.00195312 -0.04882812
v 0.03320312 -0.00195312 0.10351562
v 0.03320312 -0.00195312 0.38476562
v 0.03320312 0.00195312 0.09179688
v 0.03320312 0.00585938 -0.04101562
v 0.03320312 0.00585938 -0.02929688
v 0.03320312 0.00585938 0.08398438
v 0.03320312 0.01367188 0.06054688
v 0.03320312 0.01367188 0.07226562
v 0.03320312 0.01367188 0.24804688
v 0.03320312 0.01757812 0.03710938
v 0.03320312 0.01757812 0.04882812
v 0.03320312 0.01757812 0.26367188
v 0.03320312 0.02148438 0.24023438
v 0.03320312 0.02539062 0.38085938
v 0.03320312 0.02929688 0.24414062
v 0.03320312 0.02929688 0.25976562
v 0.03320312 0.03320312 0.25195312
v 0.03320312 0.04882812 0.38476562
v 0.03320312 0.08398438 0.47070312
v 0.03320312 0.08789062 0.41210938
v 0.03320312 0.12304688 0.48242188
v 0.03320312 0.13085938 0.26367188
v 0.03320312 0.14648438 0.26367188
v 0.03320312 0.15039062 0.47460938
v 0.03320312 0.16992188 0.46289062
v 0.03320312 0.18554688 0.27539062
v 0.03320312 0.21679688 0.27929688
v 0.03320312 0.22851562 0.28320312
v 0.03320312 0.22851562 0.28710938
v 0.03320312 0.23632812 0.30664062
v 0.03320312 0.23632812 0.43945312
v 0.03320312 0.24023438 0.33007812
v 0.03320312 0.24023438 0.41601562
v 0.03320312 0.24023438 0.41992188
v 0.03320312 0.25195312 0.34570312
v 0.03320312 0.25195312 0.37304688
v 0.03320312 0.25976562 0.35742188
v 0.03320312 0.26367188 0.36132812
v 0.03320312 0.26757812 0.37304688
v 0.03710938 -0.41992188 -0.35742188
v 0.03710938 -0.40039062 -0.39257812
v 0.03710938 -0.39257812 -0.39257812
v 0.03710938 -0.38476562 -0.39257812
v 0.03710938 -0.38476562 -0.24023438
v 0.03710938 -0.37695312 -0.39257812
v 0.03710938 -0.35351562 -0.37304688
v 0.03710938 -0.33007812 0.00976562
v 0.03710938 -0.31835938 -0.33789062
v 0.03710938 -0.30273438 -0.33789062
v 0.03710938 -0.29492188 -0.33398438
v 0.03710938 -0.29101562 -0.32617188
v 0.03710938 -0.28710938 -0.31054688
v 0.03710938 -0.28320312 -0.31835938
v 0.03710938 -0.23632812 -0.25585938
v 0.03710938 -0.21289062 0.34179688
v 0.03710938 -0.20898438 -0.23632812
v 0.03710938 -0.06835938 -0.12695312
v 0.03710938 -0.06054688 0.22070312
v 0.03710938 -0.05664062 -0.11523438
v 0.03710938 -0.05273438 0.24804688
v 0.03710938 -0.04882812 -0.10742188
v 0.03710938 -0.04101562 -0.09960938
v 0.03710938 -0.04101562 0.26367188
v 0.03710938 -0.02929688 0.27148438
v 0.03710938 -0.02539062 0.14257812
v 0.03710938 -0.02148438 0.13476562
v 0.03710938 -0.01757812 0.12695312
v 0.03710938 -0.01367188 0.12304688
v 0.03710938 -0.00976562 -0.06445312
v 0.03710938 -0.00585938 0.11132812
v 0.03710938 -0.00195312 -0.04882812
v 0.03710938 -0.00195312 0.10351562
v 0.03710938 -0.00195312 0.27929688
v 0.03710938 0.00195312 0.09570312
v 0.03710938 0.00585938 0.08398438
v 0.03710938 0.00976562 -0.01757812
v 0.03710938 0.00976562 -0.00585938
v 0.03710938 0.00976562 0.07226562
v 0.03710938 0.01367188 0.00976562
v 0.03710938 0.01757812 0.02539062
v 0.03710938 0.08789062 0.41992188
v 0.03710938 0.08789062 0.45117188
v 0.03710938 0.09570312 0.48632812
v 0.03710938 0.10742188 0.49023438
v 0.03710938 0.13085938 0.26757812
v 0.03710938 0.13085938 0.48242188
v 0.03710938 0.15820312 0.26757812
v 0.03710938 0.16601562 0.47070312
v 0.03710938 0.19335938 0.45117188
v 0.03710938 0.20898438 0.27929688
v 0.03710938 0.21679688 0.28320312
v 0.03710938 0.23242188 0.29101562
v 0.03710938 0.23632812 0.29492188
v 0.03710938 0.23632812 0.32226562
v 0.03710938 0.23632812 0.40429688
v 0.03710938 0.23632812 0.41210938
v 0.03710938 0.24023438 0.42382812
v 0.03710938 0.24023438 0.43164062
v 0.03710938 0.24414062 0.34179688
v 0.03710938 0.24414062 0.39257812
v 0.03710938 0.24804688 0.35351562
v 0.03710938 0.25195312 0.36523438
v 0.04101562 -0.45507812 0.21289062
v 0.04101562 -0.44726562 0.21289062
v 0.04101562 -0.41992188 -0.32617188
v 0.04101562 -0.41210938 -0.29882812
v 0.04101562 -0.40820312 -0.38867188
v 0.04101562 -0.37304688 -0.39257812
v 0.04101562 -0.33398438 0.03320312
v 0.04101562 -0.32617188 -0.34960938
v 0.04101562 -0.30273438 -0.33398438
v 0.04101562 -0.30273438 -0.33007812
v 0.04101562 -0.29882812 -0.31835938
v 0.04101562 -0.29492188 -0.33007812
v 0.04101562 -0.29101562 -0.29492188
v 0.04101562 -0.27929688 -0.28710938
v 0.04101562 -0.26757812 0.26367188
v 0.04101562 -0.25585938 0.27929688
v 0.04101562 -0.19335938 -0.21679688
v 0.04101562 -0.18554688 0.36132812
v 0.04101562 -0.16601562 0.37304688
v 0.04101562 -0.12304688 -0.16992188
v 0.04101562 -0.10351562 -0.15820312
v 0.04101562 -0.09179688 -0.14648438
v 0.04101562 -0.08007812 -0.13867188
v 0.04101562 -0.04101562 -0.09960938
v 0.04101562 -0.03710938 0.16210938
v 0.04101562 -0.03320312 -0.09179688
v 0.04101562 -0.02929688 0.15039062
v 0.04101562 -0.02539062 0.13867188
v 0.04101562 -0.02148438 -0.08007812
v 0.04101562 -0.02148438 0.13476562
v 0.04101562 -0.01757812 -0.07617188
v 0.04101562 -0.01367188 -0.06835938
v 0.04101562 -0.00976562 0.11523438
v 0.04101562 -0.00585938 -0.06054688
v 0.04101562 -0.00585938 0.10742188
v 0.04101562 -0.00195312 0.09570312
v 0.04101562 0.00195312 -0.04492188
v 0.04101562 0.00585938 -0.02539062
v 0.04101562 0.00976562 -0.00976562
v 0.04101562 0.00976562 0.07617188
v 0.04101562 0.01367188 0.03710938
v 0.04101562 0.01367188 0.05273438
v 0.04101562 0.01367188 0.06445312
v 0.04101562 0.02148438 0.27539062
v 0.04101562 0.04882812 0.27148438
v 0.04101562 0.07617188 0.27148438
v 0.04101562 0.08789062 0.48632812
v 0.04101562 0.11523438 0.49023438
v 0.04101562 0.14257812 0.48632812
v 0.04101562 0.16210938 0.48242188
v 0.04101562 0.18554688 0.45898438
v 0.04101562 0.18945312 0.27929688
v 0.04101562 0.20898438 0.45117188
v 0.04101562 0.22851562 0.28710938
v 0.04101562 0.22851562 0.44726562
v 0.04101562 0.23632812 0.31054688
v 0.04101562 0.24023438 0.39257812
v 0.04101562 0.24414062 0.37304688
v 0.04492188 -0.46289062 0.20507812
v 0.04492188 -0.46289062 0.21289062
v 0.04492188 -0.45507812 0.20117188
v 0.04492188 -0.45507812 0.22070312
v 0.04492188 -0.44726562 0.20507812
v 0.04492188 -0.44726562 0.22070312
v 0.04492188 -0.43554688 0.21289062
v 0.04492188 -0.43554688 0.22070312
v 0.04492188 -0.42382812 -0.35351562
v 0.04492188 -0.41601562 -0.38867188
v 0.04492188 -0.40039062 -0.27148438
v 0.04492188 -0.36523438 -0.39257812
v 0.04492188 -0.35742188 -0.20507812
v 0.04492188 -0.34570312 -0.37304688
v 0.04492188 -0.34179688 -0.17382812
v 0.04492188 -0.33398438 0.06445312
v 0.04492188 -0.33007812 -0.14648438
v 0.04492188 -0.31835938 -0.33789062
v 0.04492188 -0.31445312 -0.11914062
v 0.04492188 -0.30664062 -0.31445312
v 0.04492188 -0.30273438 -0.09960938
v 0.04492188 -0.30273438 -0.04492188
v 0.04492188 -0.29492188 -0.08789062
v 0.04492188 -0.29492188 -0.06445312
v 0.04492188 -0.29101562 -0.08007812
v 0.04492188 -0.28710938 -0.07226562
v 0.04492188 -0.23242188 0.31445312
v 0.04492188 -0.21289062 -0.23242188
v 0.04492188 -0.15039062 0.38085938
v 0.04492188 -0.14648438 -0.18164062
v 0.04492188 -0.12695312 0.38867188
v 0.04492188 -0.06054688 -0.11914062
v 0.04492188 -0.05664062 0.20117188
v 0.04492188 -0.05273438 -0.10742188
v 0.04492188 -0.05273438 0.18945312
v 0.04492188 -0.04492188 0.17773438
v 0.04492188 -0.03320312 -0.09179688
v 0.04492188 -0.03320312 0.15429688
v 0.04492188 -0.02539062 -0.08398438
v 0.04492188 -0.02539062 0.14648438
v 0.04492188 -0.02148438 0.13867188
v 0.04492188 -0.01757812 -0.07617188
v 0.04492188 -0.01367188 -0.06445312
v 0.04492188 -0.01367188 0.12695312
v 0.04492188 -0.00976562 0.11914062
v 0.04492188 -0.00585938 0.11132812
v 0.04492188 -0.00195312 -0.04492188
v 0.04492188 -0.00195312 0.09960938
v 0.04492188 -0.00195312 0.38476562
v 0.04492188 0.00195312 -0.02929688
v 0.04492188 0.00195312 0.08789062
v 0.04492188 0.00585938 0.07617188
v 0.04492188 0.00976562 0.06445312
v 0.04492188 0.01367188 0.00585938
v 0.04492188 0.01367188 0.02148438
v 0.04492188 0.01367188 0.05273438
v 0.04492188 0.02539062 0.38085938
v 0.04492188 0.04882812 0.38476562
v 0.04492188 0.07226562 0.38867188
v 0.04492188 0.08398438 0.39648438
v 0.04492188 0.08398438 0.40039062
v 0.04492188 0.08398438 0.42773438
v 0.04492188 0.09179688 0.49414062
v 0.04492188 0.09960938 0.49414062
v 0.04492188 0.10742188 0.27148438
v 0.04492188 0.12695312 0.49023438
v 0.04492188 0.15039062 0.49023438
v 0.04492188 0.16601562 0.27148438
v 0.04492188 0.17773438 0.46679688
v 0.04492188 0.22460938 0.28710938
v 0.04492188 0.23242188 0.29882812
v 0.04492188 0.23632812 0.30273438
v 0.04492188 0.23632812 0.37695312
v 0.04492188 0.23632812 0.39257812
v 0.04492188 0.23632812 0.40039062
v 0.04492188 0.23632812 0.40820312
v 0.04492188 0.23632812 0.42773438
v 0.04492188 0.23632812 0.44335938
v 0.04492188 0.24414062 0.33398438
v 0.04492188 0.24414062 0.34960938
v 0.04492188 0.24414062 0.36523438
v 0.04882812 -0.46289062 0.22070312
v 0.04882812 -0.45507812 0.22851562
v 0.04882812 -0.44726562 0.22851562
v 0.04882812 -0.43554688 0.20507812
v 0.04882812 -0.43554688 0.22460938
v 0.04882812 -0.42382812 -0.32226562
v 0.04882812 -0.41992188 -0.38476562
v 0.04882812 -0.41210938 -0.29492188
v 0.04882812 -0.39648438 -0.41210938
v 0.04882812 -0.38867188 -0.41210938
v 0.04882812 -0.38085938 -0.40820312
v 0.04882812 -0.37695312 -0.23632812
v 0.04882812 -0.35742188 -0.38867188
v 0.04882812 -0.34179688 -0.36914062
v 0.04882812 -0.33007812 0.09179688
v 0.04882812 -0.32617188 -0.34179688
v 0.04882812 -0.31835938 -0.33398438
v 0.04882812 -0.31054688 -0.02929688
v 0.04882812 -0.30664062 -0.31445312
v 0.04882812 -0.23632812 -0.25195312
v 0.04882812 -0.21289062 0.33789062
v 0.04882812 -0.08789062 0.39257812
v 0.04882812 -0.07617188 -0.13085938
v 0.04882812 -0.06054688 0.21289062
v 0.04882812 -0.05664062 0.25195312
v 0.04882812 -0.04492188 -0.09960938
v 0.04882812 -0.04101562 0.27148438
v 0.04882812 -0.04101562 0.38867188
v 0.04882812 -0.03710938 0.16210938
v 0.04882812 -0.02148438 -0.07226562
v 0.04882812 -0.02148438 0.27539062
v 0.04882812 -0.01757812 0.13085938
v 0.04882812 -0.00976562 0.12304688
v 0.04882812 -0.00585938 -0.05273438
v 0.04882812 -0.00585938 0.11523438
v 0.04882812 -0.00195312 0.10351562
v 0.04882812 -0.00195312 0.27929688
v 0.04882812 0.00195312 0.09179688
v 0.04882812 0.00585938 -0.01367188
v 0.04882812 0.00976562 0.06445312
v 0.04882812 0.01367188 0.02148438
v 0.04882812 0.01367188 0.03710938
v 0.04882812 0.02539062 0.27539062
v 0.04882812 0.08007812 0.46679688
v 0.04882812 0.08007812 0.48632812
v 0.04882812 0.08398438 0.40820312
v 0.04882812 0.08398438 0.49414062
v 0.04882812 0.08789062 0.49804688
v 0.04882812 0.10742188 0.49804688
v 0.04882812 0.13476562 0.26757812
v 0.04882812 0.13476562 0.49414062
v 0.04882812 0.17382812 0.47460938
v 0.04882812 0.21679688 0.28710938
v 0.04882812 0.21679688 0.45117188
v 0.04882812 0.22851562 0.29492188
v 0.04882812 0.22851562 0.39257812
v 0.04882812 0.23242188 0.38085938
v 0.04882812 0.23632812 0.41992188
v 0.04882812 0.24023438 0.32617188
v 0.04882812 0.24023438 0.43554688
v 0.04882812 0.24414062 0.35351562
v 0.05273438 -0.46289062 0.22851562
v 0.05273438 -0.45898438 0.19726562
v 0.05273438 -0.45507812 0.19335938
v 0.05273438 -0.43945312 0.19335938
v 0.05273438 -0.43164062 0.20117188
v 0.05273438 -0.43164062 0.20898438
v 0.05273438 -0.43164062 0.22070312
v 0.05273438 -0.42773438 -0.34960938
v 0.05273438 -0.42382812 -0.38085938
v 0.05273438 -0.40820312 -0.41210938
v 0.05273438 -0.40039062 -0.41210938
v 0.05273438 -0.39257812 -0.26757812
v 0.05273438 -0.37304688 -0.40820312
v 0.05273438 -0.36914062 -0.40429688
v 0.05273438 -0.35351562 -0.38476562
v 0.05273438 -0.33789062 -0.36132812
v 0.05273438 -0.32617188 0.11914062
v 0.05273438 -0.31835938 -0.00976562
v 0.05273438 -0.29101562 0.20507812
v 0.05273438 -0.28710938 0.22070312
v 0.05273438 -0.17382812 -0.19335938
v 0.05273438 -0.11132812 -0.15429688
v 0.05273438 -0.09960938 -0.14648438
v 0.05273438 -0.08398438 -0.13867188
v 0.05273438 -0.05273438 -0.11132812
v 0.05273438 -0.05273438 0.18554688
v 0.05273438 -0.04492188 0.17382812
v 0.05273438 -0.02929688 -0.08007812
v 0.05273438 -0.02929688 0.15039062
v 0.05273438 -0.02539062 0.14257812
v 0.05273438 -0.02148438 0.13476562
v 0.05273438 -0.01367188 -0.06054688
v 0.05273438 -0.01367188 0.13085938
v 0.05273438 -0.00976562 0.11914062
v 0.05273438 -0.00195312 -0.03320312
v 0.05273438 -0.00195312 0.10742188
v 0.05273438 0.00195312 0.09179688
v 0.05273438 0.00585938 0.08007812
v 0.05273438 0.00976562 0.00585938
v 0.05273438 0.00976562 0.03710938
v 0.05273438 0.00976562 0.05273438
v 0.05273438 0.00976562 0.06445312
v 0.05273438 0.04882812 0.27539062
v 0.05273438 0.08007812 0.44335938
v 0.05273438 0.08398438 0.41601562
v 0.05273438 0.09179688 0.49804688
v 0.05273438 0.11914062 0.49804688
v 0.05273438 0.13867188 0.49414062
v 0.05273438 0.16601562 0.48632812
v 0.05273438 0.20117188 0.45507812
v 0.05273438 0.20898438 0.28320312
v 0.05273438 0.22070312 0.44726562
v 0.05273438 0.22460938 0.43945312
v 0.05273438 0.23242188 0.40039062
v 0.05273438 0.23242188 0.43554688
v 0.05273438 0.24023438 0.31445312
v 0.05273438 0.24023438 0.36914062
v 0.05273438 0.24023438 0.41210938
v 0.05273438 0.24023438 0.43164062
v 0.05273438 0.24414062 0.34179688
v 0.05273438 0.24414062 0.42382812
v 0.05664062 -0.46289062 0.19726562
v 0.05664062 -0.46289062 0.23242188
v 0.05664062 -0.46289062 0.25976562
v 0.05664062 -0.45507812 0.23242188
v 0.05664062 -0.45507812 0.25976562
v 0.05664062 -0.44726562 0.23242188
v 0.05664062 -0.44726562 0.25976562
v 0.05664062 -0.43164062 0.22851562
v 0.05664062 -0.42773438 -0.37695312
v 0.05664062 -0.42773438 -0.34570312
v 0.05664062 -0.41992188 -0.31835938
v 0.05664062 -0.41992188 0.20507812
v 0.05664062 -0.41992188 0.22070312
v 0.05664062 -0.41601562 -0.41210938
v 0.05664062 -0.40429688 -0.29492188
v 0.05664062 -0.36132812 -0.40039062
v 0.05664062 -0.34179688 -0.20117188
v 0.05664062 -0.33007812 -0.17382812
v 0.05664062 -0.32226562 -0.33007812
v 0.05664062 -0.32226562 0.00976562
v 0.05664062 -0.31835938 0.14648438
v 0.05664062 -0.31445312 -0.14648438
v 0.05664062 -0.31054688 0.16601562
v 0.05664062 -0.30664062 -0.31054688
v 0.05664062 -0.30664062 0.17773438
v 0.05664062 -0.30273438 -0.11914062
v 0.05664062 -0.30273438 0.19335938
v 0.05664062 -0.29101562 -0.09960938
v 0.05664062 -0.28320312 -0.28320312
v 0.05664062 -0.28320312 -0.08789062
v 0.05664062 -0.28320312 -0.06445312
v 0.05664062 -0.27539062 -0.08007812
v 0.05664062 -0.27148438 -0.07226562
v 0.05664062 -0.25976562 0.25976562
v 0.05664062 -0.25195312 0.27539062
v 0.05664062 -0.24804688 -0.24414062
v 0.05664062 -0.20898438 -0.21289062
v 0.05664062 -0.18554688 0.35742188
v 0.05664062 -0.16210938 0.36914062
v 0.05664062 -0.14648438 0.37695312
v 0.05664062 -0.06835938 -0.11914062
v 0.05664062 -0.06054688 0.23632812
v 0.05664062 -0.05664062 0.19335938
v 0.05664062 -0.03710938 -0.09179688
v 0.05664062 -0.03710938 0.16210938
v 0.05664062 -0.03320312 0.15429688
v 0.05664062 -0.02539062 -0.06835938
v 0.05664062 -0.00585938 -0.04101562
v 0.05664062 -0.00195312 0.37695312
v 0.05664062 0.00195312 -0.01757812
v 0.05664062 0.00585938 0.08007812
v 0.05664062 0.00976562 0.02148438
v 0.05664062 0.00976562 0.05273438
v 0.05664062 0.02539062 0.37304688
v 0.05664062 0.04882812 0.37695312
v 0.05664062 0.07226562 0.48242188
v 0.05664062 0.07617188 0.27148438
v 0.05664062 0.07617188 0.49023438
v 0.05664062 0.08398438 0.42382812
v 0.05664062 0.08398438 0.49804688
v 0.05664062 0.08789062 0.49804688
v 0.05664062 0.10351562 0.49804688
v 0.05664062 0.12695312 0.49414062
v 0.05664062 0.15429688 0.49414062
v 0.05664062 0.18945312 0.27929688
v 0.05664062 0.18945312 0.45898438
v 0.05664062 0.22460938 0.29492188
v 0.05664062 0.22851562 0.38476562
v 0.05664062 0.23242188 0.42382812
v 0.05664062 0.23632812 0.31054688
v 0.05664062 0.24023438 0.33398438
v 0.05664062 0.24414062 0.34570312
v 0.05664062 0.24414062 0.35742188
v 0.05664062 0.24414062 0.40039062
v 0.05664062 0.24414062 0.40429688
v 0.05664062 0.24414062 0.42382812
v 0.05664062 0.24804688 0.41601562
v 0.06054688 -0.46289062 0.24804688
v 0.06054688 -0.45507812 -0.03320312
v 0.06054688 -0.45507812 0.23632812
v 0.06054688 -0.45507812 0.24804688
v 0.06054688 -0.45507812 0.27148438
v 0.06054688 -0.44726562 0.24414062
v 0.06054688 -0.44335938 -0.03320312
v 0.06054688 -0.41992188 -0.40820312
v 0.06054688 -0.38867188 -0.43164062
v 0.06054688 -0.38085938 -0.42773438
v 0.06054688 -0.38085938 -0.26367188
v 0.06054688 -0.37695312 -0.42382812
v 0.06054688 -0.36132812 -0.23242188
v 0.06054688 -0.35742188 -0.39648438
v 0.06054688 -0.35351562 -0.38085938
v 0.06054688 -0.33789062 -0.35351562
v 0.06054688 -0.32226562 -0.32226562
v 0.06054688 -0.29101562 -0.04492188
v 0.06054688 -0.28710938 -0.27539062
v 0.06054688 -0.22851562 0.31054688
v 0.06054688 -0.14257812 -0.16601562
v 0.06054688 -0.12695312 0.38476562
v 0.06054688 -0.08398438 0.38867188
v 0.06054688 -0.08007812 -0.12695312
v 0.06054688 -0.06054688 0.20898438
v 0.06054688 -0.04882812 -0.09960938
v 0.06054688 -0.04492188 0.16992188
v 0.06054688 -0.04101562 0.38085938
v 0.06054688 -0.03320312 -0.07617188
v 0.06054688 -0.02929688 0.14257812
v 0.06054688 -0.02539062 0.13867188
v 0.06054688 -0.02148438 0.13476562
v 0.06054688 -0.01367188 0.12304688
v 0.06054688 -0.00585938 0.10742188
v 0.06054688 -0.00195312 0.09570312
v 0.06054688 0.00585938 0.00195312
v 0.06054688 0.00585938 0.01757812
v 0.06054688 0.00585938 0.06445312
v 0.06054688 0.00976562 0.03710938
v 0.06054688 0.07226562 0.38085938
v 0.06054688 0.07617188 0.46289062
v 0.06054688 0.08007812 0.49414062
v 0.06054688 0.08398438 0.39257812
v 0.06054688 0.10742188 0.27148438
v 0.06054688 0.11132812 0.49804688
v 0.06054688 0.14257812 0.49804688
v 0.06054688 0.16601562 0.27539062
v 0.06054688 0.18164062 0.46679688
v 0.06054688 0.21679688 0.29492188
v 0.06054688 0.22851562 0.30273438
v 0.06054688 0.23242188 0.30664062
v 0.06054688 0.23242188 0.40820312
v 0.06054688 0.23632812 0.36914062
v 0.06054688 0.23632812 0.40039062
v 0.06054688 0.24023438 0.32226562
v 0.06054688 0.24414062 0.39648438
v 0.06054688 0.24414062 0.40820312
v 0.06445312 -0.46289062 0.23632812
v 0.06445312 -0.46289062 0.27148438
v 0.06445312 -0.45898438 -0.03710938
v 0.06445312 -0.45117188 -0.05273438
v 0.06445312 -0.45117188 0.18554688
v 0.06445312 -0.44726562 0.23632812
v 0.06445312 -0.44726562 0.27148438
v 0.06445312 -0.43945312 -0.05273438
v 0.06445312 -0.43945312 0.18554688
v 0.06445312 -0.43554688 0.25585938
v 0.06445312 -0.43164062 -0.37304688
v 0.06445312 -0.43164062 -0.03710938
v 0.06445312 -0.43164062 0.24414062
v 0.06445312 -0.42773438 0.18945312
v 0.06445312 -0.42773438 0.23632812
v 0.06445312 -0.42382812 -0.40820312
v 0.06445312 -0.42382812 -0.34179688
v 0.06445312 -0.41601562 -0.31445312
v 0.06445312 -0.41210938 0.20117188
v 0.06445312 -0.41210938 0.21679688
v 0.06445312 -0.40039062 -0.43554688
v 0.06445312 -0.39648438 -0.29101562
v 0.06445312 -0.39257812 -0.43164062
v 0.06445312 -0.36914062 -0.41601562
v 0.06445312 -0.36523438 -0.40820312
v 0.06445312 -0.34960938 -0.23242188
v 0.06445312 -0.32226562 0.03320312
v 0.06445312 -0.31054688 -0.29882812
v 0.06445312 -0.29882812 -0.27148438
v 0.06445312 -0.29882812 -0.03320312
v 0.06445312 -0.26757812 -0.09179688
v 0.06445312 -0.25976562 -0.08398438
v 0.06445312 -0.25585938 -0.24023438
v 0.06445312 -0.20898438 0.33007812
v 0.06445312 -0.09179688 -0.13476562
v 0.06445312 -0.06445312 0.23632812
v 0.06445312 -0.05664062 0.18945312
v 0.06445312 -0.04882812 0.17773438
v 0.06445312 -0.04492188 0.27148438
v 0.06445312 -0.03710938 0.15820312
v 0.06445312 -0.03320312 0.15039062
v 0.06445312 -0.02148438 0.28320312
v 0.06445312 -0.01367188 -0.04492188
v 0.06445312 -0.00585938 0.09960938
v 0.06445312 -0.00195312 -0.02148438
v 0.06445312 -0.00195312 0.28320312
v 0.06445312 0.00195312 0.08398438
v 0.06445312 0.00585938 0.05273438
v 0.06445312 0.02539062 0.28320312
v 0.06445312 0.02539062 0.36523438
v 0.06445312 0.07226562 0.49023438
v 0.06445312 0.08007812 0.43945312
v 0.06445312 0.08007812 0.49804688
v 0.06445312 0.08398438 0.40039062
v 0.06445312 0.08398438 0.40429688
v 0.06445312 0.08398438 0.49804688
v 0.06445312 0.09570312 0.49804688
v 0.06445312 0.11914062 0.49804688
v 0.06445312 0.13085938 0.49804688
v 0.06445312 0.13476562 0.26757812
v 0.06445312 0.17382812 0.47460938
v 0.06445312 0.20898438 0.29101562
v 0.06445312 0.20898438 0.44726562
v 0.06445312 0.21679688 0.44335938
v 0.06445312 0.22070312 0.43164062
v 0.06445312 0.22460938 0.30273438
v 0.06445312 0.22851562 0.40039062
v 0.06445312 0.23632812 0.31835938
v 0.06445312 0.24023438 0.36132812
v 0.06445312 0.24414062 0.33789062
v 0.06445312 0.24804688 0.34960938
v 0.06445312 0.38867188 -0.08007812
v 0.06835938 -0.46289062 0.19335938
v 0.06835938 -0.45898438 -0.05273438
v 0.06835938 -0.45898438 0.18945312
v 0.06835938 -0.45507812 -0.02148438
v 0.06835938 -0.44726562 -0.07226562
v 0.06835938 -0.44726562 -0.02148438
v 0.06835938 -0.43554688 -0.07617188
v 0.06835938 -0.43164062 0.26367188
v 0.06835938 -0.42773438 -0.40429688
v 0.06835938 -0.42773438 -0.05664062
v 0.06835938 -0.41210938 0.23242188
v 0.06835938 -0.40820312 -0.31445312
v 0.06835938 -0.40429688 -0.43554688
v 0.06835938 -0.40039062 0.20117188
v 0.06835938 -0.40039062 0.21679688
v 0.06835938 -0.36914062 -0.26367188
v 0.06835938 -0.36132812 -0.40429688
v 0.06835938 -0.35351562 -0.38867188
v 0.06835938 -0.34960938 -0.37304688
v 0.06835938 -0.34179688 -0.34570312
v 0.06835938 -0.33007812 -0.23242188
v 0.06835938 -0.32617188 -0.31445312
v 0.06835938 -0.32617188 -0.20117188
v 0.06835938 -0.32226562 0.06445312
v 0.06835938 -0.31835938 -0.29101562
v 0.06835938 -0.31054688 -0.26757812
v 0.06835938 -0.31054688 -0.17382812
v 0.06835938 -0.30273438 -0.01367188
v 0.06835938 -0.29492188 -0.14648438
v 0.06835938 -0.29492188 0.17773438
v 0.06835938 -0.29101562 0.18945312
v 0.06835938 -0.28710938 -0.12304688
v 0.06835938 -0.28320312 0.20117188
v 0.06835938 -0.27539062 -0.24023438
v 0.06835938 -0.27148438 -0.10351562
v 0.06835938 -0.27148438 -0.04882812
v 0.06835938 -0.27148438 0.21679688
v 0.06835938 -0.26367188 -0.06445312
v 0.06835938 -0.25585938 -0.07617188
v 0.06835938 -0.24804688 0.25195312
v 0.06835938 -0.24023438 0.26757812
v 0.06835938 -0.21679688 -0.20898438
v 0.06835938 -0.21679688 0.29882812
v 0.06835938 -0.18164062 0.34570312
v 0.06835938 -0.16992188 -0.17773438
v 0.06835938 -0.15820312 0.36132812
v 0.06835938 -0.14257812 0.36914062
v 0.06835938 -0.12304688 0.37695312
v 0.06835938 -0.10351562 -0.14257812
v 0.06835938 -0.08007812 0.38085938
v 0.06835938 -0.06445312 0.20507812
v 0.06835938 -0.06054688 -0.10742188
v 0.06835938 -0.04882812 0.17382812
v 0.06835938 -0.04101562 -0.08398438
v 0.06835938 -0.04101562 0.16210938
v 0.06835938 -0.03710938 0.27929688
v 0.06835938 -0.03320312 0.14648438
v 0.06835938 -0.03320312 0.37304688
v 0.06835938 -0.02929688 0.14257812
v 0.06835938 -0.02539062 0.13476562
v 0.06835938 -0.02148438 -0.05273438
v 0.06835938 -0.01757812 0.12695312
v 0.06835938 -0.01367188 0.11132812
v 0.06835938 -0.00195312 0.36914062
v 0.06835938 0.00195312 -0.00195312
v 0.06835938 0.00195312 0.06835938
v 0.06835938 0.00585938 0.03710938
v 0.06835938 0.04882812 0.27929688
v 0.06835938 0.04882812 0.36914062
v 0.06835938 0.06835938 0.47851562
v 0.06835938 0.07617188 0.27539062
v 0.06835938 0.07617188 0.49414062
v 0.06835938 0.07617188 0.49804688
v 0.06835938 0.08007812 0.49414062
v 0.06835938 0.08398438 0.40820312
v 0.06835938 0.08398438 0.49414062
v 0.06835938 0.09179688 0.49804688
v 0.06835938 0.10742188 0.49804688
v 0.06835938 0.15820312 0.49414062
v 0.06835938 0.16601562 0.48632812
v 0.06835938 0.18945312 0.28320312
v 0.06835938 0.19335938 0.45898438
v 0.06835938 0.22460938 0.30273438
v 0.06835938 0.22460938 0.41601562
v 0.06835938 0.22851562 0.31054688
v 0.06835938 0.23242188 0.31445312
v 0.06835938 0.23242188 0.37695312
v 0.06835938 0.24023438 0.33007812
v 0.06835938 0.39648438 -0.07226562
v 0.06835938 0.40039062 -0.07617188
v 0.06835938 0.40039062 -0.07226562
v 0.07226562 -0.46289062 -0.04101562
v 0.07226562 -0.46289062 -0.02148438
v 0.07226562 -0.46289062 0.27539062
v 0.07226562 -0.45507812 0.27539062
v 0.07226562 -0.44726562 0.27148438
v 0.07226562 -0.43554688 -0.02539062
v 0.07226562 -0.43554688 0.26757812
v 0.07226562 -0.43164062 -0.36914062
v 0.07226562 -0.43164062 0.25195312
v 0.07226562 -0.42773438 -0.07617188
v 0.07226562 -0.41992188 -0.33789062
v 0.07226562 -0.41601562 -0.06054688
v 0.07226562 -0.41601562 -0.04492188
v 0.07226562 -0.41210938 -0.43554688
v 0.07226562 -0.41210938 0.18945312
v 0.07226562 -0.40039062 0.23242188
v 0.07226562 -0.38867188 0.20117188
v 0.07226562 -0.38476562 -0.29101562
v 0.07226562 -0.38476562 0.21679688
v 0.07226562 -0.35742188 -0.39648438
v 0.07226562 -0.35351562 -0.26367188
v 0.07226562 -0.33398438 -0.28710938
v 0.07226562 -0.33007812 -0.30664062
v 0.07226562 -0.32617188 -0.26757812
v 0.07226562 -0.31835938 0.08789062
v 0.07226562 -0.31445312 -0.23632812
v 0.07226562 -0.31445312 0.11914062
v 0.07226562 -0.31054688 -0.20117188
v 0.07226562 -0.30664062 0.14648438
v 0.07226562 -0.29882812 0.16601562
v 0.07226562 -0.29492188 -0.24023438
v 0.07226562 -0.28320312 -0.03320312
v 0.07226562 -0.26367188 0.21289062
v 0.07226562 -0.25585938 -0.09570312
v 0.07226562 -0.25195312 -0.08789062
v 0.07226562 -0.19335938 0.31835938
v 0.07226562 -0.07226562 -0.11132812
v 0.07226562 -0.06835938 0.22851562
v 0.07226562 -0.06054688 0.18945312
v 0.07226562 -0.05273438 0.18164062
v 0.07226562 -0.03710938 0.15039062
v 0.07226562 -0.03320312 0.14257812
v 0.07226562 -0.02929688 0.13476562
v 0.07226562 -0.02539062 0.12695312
v 0.07226562 -0.01757812 0.11523438
v 0.07226562 -0.00976562 -0.02539062
v 0.07226562 -0.00976562 0.09960938
v 0.07226562 -0.00585938 0.08398438
v 0.07226562 0.00195312 0.01757812
v 0.07226562 0.00195312 0.05273438
v 0.07226562 0.06835938 0.48632812
v 0.07226562 0.07226562 0.37304688
v 0.07226562 0.07617188 0.45507812
v 0.07226562 0.07617188 0.49414062
v 0.07226562 0.08398438 0.41601562
v 0.07226562 0.10742188 0.27539062
v 0.07226562 0.11523438 0.49804688
v 0.07226562 0.13085938 0.49804688
v 0.07226562 0.14257812 0.49804688
v 0.07226562 0.16601562 0.27929688
v 0.07226562 0.20898438 0.29882812
v 0.07226562 0.21679688 0.30273438
v 0.07226562 0.22460938 0.39648438
v 0.07226562 0.24023438 0.32617188
v 0.07226562 0.24804688 0.35351562
v 0.07226562 0.25195312 0.34179688
v 0.07226562 0.25585938 0.33007812
v 0.07226562 0.39257812 -0.08007812
v 0.07226562 0.39257812 -0.07226562
v 0.07226562 0.39648438 -0.08007812
v 0.07226562 0.39648438 -0.07226562
v 0.07226562 0.40039062 -0.07617188
v 0.07226562 0.40429688 -0.06445312
v 0.07226562 0.40820312 -0.06835938
v 0.07617188 -0.45898438 -0.06835938
v 0.07617188 -0.43164062 -0.40039062
v 0.07617188 -0.41992188 0.24804688
v 0.07617188 -0.41601562 -0.43554688
v 0.07617188 -0.41601562 -0.33398438
v 0.07617188 -0.41601562 -0.08007812
v 0.07617188 -0.40820312 -0.06835938
v 0.07617188 -0.40820312 -0.05273438
v 0.07617188 -0.40039062 0.18945312
v 0.07617188 -0.39648438 -0.31445312
v 0.07617188 -0.38476562 0.23242188
v 0.07617188 -0.37304688 -0.29101562
v 0.07617188 -0.36914062 0.19726562
v 0.07617188 -0.36914062 0.21289062
v 0.07617188 -0.36523438 0.22851562
v 0.07617188 -0.36132812 -0.29101562
v 0.07617188 -0.35351562 -0.38085938
v 0.07617188 -0.35351562 -0.36523438
v 0.07617188 -0.34960938 -0.33007812
v 0.07617188 -0.34960938 -0.29101562
v 0.07617188 -0.34570312 -0.30664062
v 0.07617188 -0.34179688 -0.33789062
v 0.07617188 -0.33789062 -0.26757812
v 0.07617188 -0.30273438 0.00976562
v 0.07617188 -0.25976562 -0.12695312
v 0.07617188 -0.25585938 -0.10742188
v 0.07617188 -0.25195312 -0.08007812
v 0.07617188 -0.25195312 -0.06835938
v 0.07617188 -0.24414062 0.24414062
v 0.07617188 -0.23632812 -0.20507812
v 0.07617188 -0.19726562 -0.18164062
v 0.07617188 -0.17382812 0.33007812
v 0.07617188 -0.15429688 -0.15820312
v 0.07617188 -0.15039062 0.34570312
v 0.07617188 -0.13476562 0.35351562
v 0.07617188 -0.13085938 -0.15039062
v 0.07617188 -0.08398438 -0.11914062
v 0.07617188 -0.06835938 0.20507812
v 0.07617188 -0.05273438 -0.08789062
v 0.07617188 -0.04882812 0.16992188
v 0.07617188 -0.04492188 0.16601562
v 0.07617188 -0.04101562 0.15820312
v 0.07617188 -0.03710938 0.29101562
v 0.07617188 -0.03320312 -0.06054688
v 0.07617188 -0.03320312 0.13867188
v 0.07617188 -0.03320312 0.14648438
v 0.07617188 -0.02539062 0.11523438
v 0.07617188 -0.02148438 0.29492188
v 0.07617188 -0.01757812 -0.02929688
v 0.07617188 -0.01757812 0.10351562
v 0.07617188 -0.00976562 0.08789062
v 0.07617188 -0.00585938 -0.00585938
v 0.07617188 -0.00585938 0.07226562
v 0.07617188 -0.00195312 0.03710938
v 0.07617188 -0.00195312 0.29101562
v 0.07617188 -0.00195312 0.35351562
v 0.07617188 0.02539062 0.35351562
v 0.07617188 0.06835938 0.47460938
v 0.07617188 0.07226562 0.49414062
v 0.07617188 0.07617188 0.49414062
v 0.07617188 0.08007812 0.49414062
v 0.07617188 0.08398438 0.49414062
v 0.07617188 0.08789062 0.38085938
v 0.07617188 0.08789062 0.38867188
v 0.07617188 0.08789062 0.49804688
v 0.07617188 0.10351562 0.49804688
v 0.07617188 0.13476562 0.27539062
v 0.07617188 0.17773438 0.47460938
v 0.07617188 0.18554688 0.46679688
v 0.07617188 0.21289062 0.44335938
v 0.07617188 0.21679688 0.30273438
v 0.07617188 0.21679688 0.43164062
v 0.07617188 0.22070312 0.41601562
v 0.07617188 0.22460938 0.40429688
v 0.07617188 0.22851562 0.30664062
v 0.07617188 0.22851562 0.31054688
v 0.07617188 0.22851562 0.38867188
v 0.07617188 0.23632812 0.32226562
v 0.07617188 0.24023438 0.36523438
v 0.07617188 0.25195312 0.32226562
v 0.07617188 0.25976562 0.34960938
v 0.07617188 0.27148438 0.33398438
v 0.07617188 0.39257812 -0.08007812
v 0.07617188 0.39257812 -0.07617188
v 0.07617188 0.39257812 -0.07226562
v 0.07617188 0.40039062 -0.06445312
v 0.07617188 0.40820312 -0.06835938
v 0.07617188 0.41210938 -0.05664062
v 0.08007812 -0.46289062 -0.06835938
v 0.08007812 -0.46289062 -0.05273438
v 0.08007812 -0.46289062 -0.03320312
v 0.08007812 -0.45507812 -0.01367188
v 0.08007812 -0.44726562 -0.09179688
v 0.08007812 -0.44335938 -0.01367188
v 0.08007812 -0.43554688 -0.09570312
v 0.08007812 -0.43164062 -0.39648438
v 0.08007812 -0.43164062 0.26367188
v 0.08007812 -0.42773438 -0.36523438
v 0.08007812 -0.41992188 -0.43164062
v 0.08007812 -0.41992188 -0.03320312
v 0.08007812 -0.41210938 0.24414062
v 0.08007812 -0.40820312 -0.08398438
v 0.08007812 -0.38867188 0.18945312
v 0.08007812 -0.38476562 -0.45117188
v 0.08007812 -0.38476562 -0.31445312
v 0.08007812 -0.38085938 -0.44726562
v 0.08007812 -0.37695312 -0.31445312
v 0.08007812 -0.37304688 -0.44335938
v 0.08007812 -0.36914062 -0.43554688
v 0.08007812 -0.36523438 -0.31445312
v 0.08007812 -0.36132812 -0.32617188
v 0.08007812 -0.35351562 -0.38867188
v 0.08007812 -0.35351562 -0.37304688
v 0.08007812 -0.35351562 -0.35742188
v 0.08007812 -0.34960938 0.20507812
v 0.08007812 -0.34960938 0.21679688
v 0.08007812 -0.28710938 -0.20507812
v 0.08007812 -0.28710938 -0.17773438
v 0.08007812 -0.28710938 -0.01367188
v 0.08007812 -0.27148438 0.21679688
v 0.08007812 -0.26757812 -0.15039062
v 0.08007812 -0.26757812 0.18945312
v 0.08007812 -0.26367188 -0.06054688
v 0.08007812 -0.26367188 -0.04492188
v 0.08007812 -0.25976562 -0.20507812
v 0.08007812 -0.25585938 -0.04882812
v 0.08007812 -0.24804688 -0.09960938
v 0.08007812 -0.23632812 -0.39648438
v 0.08007812 -0.22851562 0.25976562
v 0.08007812 -0.19335938 0.28710938
v 0.08007812 -0.17773438 0.29882812
v 0.08007812 -0.12304688 0.33789062
v 0.08007812 -0.11132812 0.36132812
v 0.08007812 -0.07617188 0.36523438
v 0.08007812 -0.06445312 -0.09570312
v 0.08007812 -0.05273438 0.18164062
v 0.08007812 -0.05273438 0.27148438
v 0.08007812 -0.04492188 0.16210938
v 0.08007812 -0.04101562 0.15429688
v 0.08007812 -0.03710938 0.14257812
v 0.08007812 -0.03710938 0.15039062
v 0.08007812 -0.03320312 0.35742188
v 0.08007812 -0.02929688 0.11914062
v 0.08007812 -0.02929688 0.13085938
v 0.08007812 -0.02148438 0.10351562
v 0.08007812 -0.01367188 0.08789062
v 0.08007812 -0.00976562 0.06835938
v 0.08007812 -0.00585938 0.01367188
v 0.08007812 -0.00585938 0.05273438
v 0.08007812 0.02539062 0.29101562
v 0.08007812 0.04882812 0.28710938
v 0.08007812 0.04882812 0.35742188
v 0.08007812 0.06445312 0.48632812
v 0.08007812 0.07617188 0.49414062
v 0.08007812 0.08007812 0.43164062
v 0.08007812 0.08007812 0.49414062
v 0.08007812 0.08398438 0.49414062
v 0.08007812 0.08789062 0.39257812
v 0.08007812 0.08789062 0.49804688
v 0.08007812 0.14257812 0.49804688
v 0.08007812 0.15820312 0.49414062
v 0.08007812 0.16601562 0.29101562
v 0.08007812 0.16992188 0.48242188
v 0.08007812 0.18554688 0.29492188
v 0.08007812 0.20898438 0.30273438
v 0.08007812 0.20898438 0.44726562
v 0.08007812 0.22460938 0.40039062
v 0.08007812 0.23242188 0.31445312
v 0.08007812 0.24804688 0.36132812
v 0.08007812 0.27148438 0.32226562
v 0.08007812 0.27929688 0.34179688
v 0.08007812 0.40039062 -0.06835938
v 0.08007812 0.40039062 -0.06445312
v 0.08007812 0.40429688 -0.07226562
v 0.08007812 0.40820312 -0.07226562
v 0.08007812 0.40820312 -0.05664062
v 0.08007812 0.41601562 -0.06054688
v 0.08007812 0.41601562 -0.04492188
v 0.08398438 -0.46289062 -0.07617188
v 0.08398438 -0.46289062 0.18554688
v 0.08398438 -0.46289062 0.26367188
v 0.08398438 -0.46289062 0.26757812
v 0.08398438 -0.45898438 -0.08398438
v 0.08398438 -0.45898438 -0.01757812
v 0.08398438 -0.45507812 0.18164062
v 0.08398438 -0.45507812 0.26757812
v 0.08398438 -0.44726562 0.17773438
v 0.08398438 -0.44726562 0.26367188
v 0.08398438 -0.43945312 0.26367188
v 0.08398438 -0.43554688 -0.01757812
v 0.08398438 -0.43554688 0.17773438
v 0.08398438 -0.43164062 -0.38867188
v 0.08398438 -0.42382812 -0.43164062
v 0.08398438 -0.42382812 -0.42773438
v 0.08398438 -0.42382812 -0.36132812
v 0.08398438 -0.42382812 -0.09570312
v 0.08398438 -0.41992188 -0.02539062
v 0.08398438 -0.41992188 0.18164062
v 0.08398438 -0.41601562 -0.09570312
v 0.08398438 -0.41210938 -0.04101562
v 0.08398438 -0.40820312 -0.09570312
v 0.08398438 -0.40820312 0.18164062
v 0.08398438 -0.40429688 -0.33398438
v 0.08398438 -0.40039062 0.24414062
v 0.08398438 -0.39648438 -0.45507812
v 0.08398438 -0.39648438 -0.33398438
v 0.08398438 -0.39257812 -0.45507812
v 0.08398438 -0.39257812 -0.08398438
v 0.08398438 -0.39257812 -0.07226562
v 0.08398438 -0.39257812 -0.06054688
v 0.08398438 -0.38476562 0.24414062
v 0.08398438 -0.37695312 -0.33398438
v 0.08398438 -0.36523438 -0.42773438
v 0.08398438 -0.36523438 0.23632812
v 0.08398438 -0.36132812 -0.41992188
v 0.08398438 -0.36132812 -0.34960938
v 0.08398438 -0.35742188 -0.41210938
v 0.08398438 -0.35742188 -0.38476562
v 0.08398438 -0.35742188 -0.36914062
v 0.08398438 -0.35742188 -0.08007812
v 0.08398438 -0.35351562 0.18945312
v 0.08398438 -0.34960938 -0.07617188
v 0.08398438 -0.34179688 -0.06835938
v 0.08398438 -0.30664062 -0.04492188
v 0.08398438 -0.30273438 0.02929688
v 0.08398438 -0.29101562 -0.03710938
v 0.08398438 -0.28710938 -0.05273438
v 0.08398438 -0.28710938 0.19726562
v 0.08398438 -0.28710938 0.20898438
v 0.08398438 -0.27539062 0.15429688
v 0.08398438 -0.27148438 -0.03320312
v 0.08398438 -0.27148438 0.17382812
v 0.08398438 -0.27148438 0.17773438
v 0.08398438 -0.26757812 -0.07226562
v 0.08398438 -0.26367188 -0.18164062
v 0.08398438 -0.25976562 -0.03320312
v 0.08398438 -0.25585938 -0.08789062
v 0.08398438 -0.24023438 -0.12695312
v 0.08398438 -0.23632812 -0.18164062
v 0.08398438 -0.23242188 -0.41210938
v 0.08398438 -0.23242188 0.25585938
v 0.08398438 -0.22851562 -0.41210938
v 0.08398438 -0.22851562 -0.40820312
v 0.08398438 -0.22460938 -0.40820312
v 0.08398438 -0.21679688 -0.18164062
v 0.08398438 -0.20898438 0.26757812
v 0.08398438 -0.17382812 -0.16210938
v 0.08398438 -0.15820312 0.31445312
v 0.08398438 -0.14257812 -0.14257812
v 0.08398438 -0.13867188 0.32617188
v 0.08398438 -0.12304688 -0.14257812
v 0.08398438 -0.09960938 0.34570312
v 0.08398438 -0.09570312 -0.12304688
v 0.08398438 -0.07617188 -0.09960938
v 0.08398438 -0.07617188 0.22070312
v 0.08398438 -0.07226562 0.25585938
v 0.08398438 -0.06835938 0.34960938
v 0.08398438 -0.06445312 0.19335938
v 0.08398438 -0.04882812 -0.06835938
v 0.08398438 -0.04882812 0.16992188
v 0.08398438 -0.04492188 0.15429688
v 0.08398438 -0.04101562 0.14648438
v 0.08398438 -0.04101562 0.30273438
v 0.08398438 -0.03710938 0.13867188
v 0.08398438 -0.03320312 0.12304688
v 0.08398438 -0.03320312 0.13476562
v 0.08398438 -0.02929688 -0.04101562
v 0.08398438 -0.02539062 0.10742188
v 0.08398438 -0.02148438 0.30664062
v 0.08398438 -0.01757812 0.08789062
v 0.08398438 -0.01367188 -0.00976562
v 0.08398438 -0.01367188 0.06835938
v 0.08398438 -0.00976562 0.04882812
v 0.08398438 -0.00585938 0.03320312
v 0.08398438 -0.00195312 0.30664062
v 0.08398438 -0.00195312 0.31445312
v 0.08398438 -0.00195312 0.34179688
v 0.08398438 0.02539062 0.30273438
v 0.08398438 0.02539062 0.33789062
v 0.08398438 0.06445312 0.48242188
v 0.08398438 0.06835938 0.47070312
v 0.08398438 0.06835938 0.49023438
v 0.08398438 0.07226562 0.49414062
v 0.08398438 0.07617188 0.28710938
v 0.08398438 0.07617188 0.36132812
v 0.08398438 0.07617188 0.45117188
v 0.08398438 0.07617188 0.49023438
v 0.08398438 0.07617188 0.49414062
v 0.08398438 0.08007812 0.49023438
v 0.08398438 0.08398438 0.41210938
v 0.08398438 0.08789062 0.40039062
v 0.08398438 0.09179688 0.36914062
v 0.08398438 0.10351562 0.49804688
v 0.08398438 0.10742188 0.28320312
v 0.08398438 0.11523438 0.49804688
v 0.08398438 0.13085938 0.49804688
v 0.08398438 0.13867188 0.28320312
v 0.08398438 0.18554688 0.45898438
v 0.08398438 0.19335938 0.30273438
v 0.08398438 0.19726562 0.45507812
v 0.08398438 0.21289062 0.29492188
v 0.08398438 0.22070312 0.29882812
v 0.08398438 0.22070312 0.41601562
v 0.08398438 0.22070312 0.42773438
v 0.08398438 0.23242188 0.29882812
v 0.08398438 0.23632812 0.37695312
v 0.08398438 0.24804688 0.31445312
v 0.08398438 0.26367188 0.31445312
v 0.08398438 0.26367188 0.35742188
v 0.08398438 0.28710938 0.31054688
v 0.08398438 0.29101562 0.32226562
v 0.08398438 0.40039062 -0.07226562
v 0.08398438 0.40820312 -0.05664062
v 0.08398438 0.41210938 -0.04492188
v 0.08398438 0.41601562 -0.06054688
v 0.08398438 0.41992188 -0.04492188
v 0.08398438 0.41992188 -0.02929688
v 0.08398438 0.42382812 -0.02929688
v 0.08789062 -0.46289062 0.26367188
v 0.08789062 -0.46289062 0.26757812
v 0.08789062 -0.46289062 0.27539062
v 0.08789062 -0.45507812 0.26757812
v 0.08789062 -0.45507812 0.27539062
v 0.08789062 -0.45117188 -0.10742188
v 0.08789062 -0.44726562 0.26757812
v 0.08789062 -0.44726562 0.27539062
v 0.08789062 -0.43945312 -0.10742188
v 0.08789062 -0.43164062 -0.38476562
v 0.08789062 -0.42773438 -0.42382812
v 0.08789062 -0.42773438 0.25976562
v 0.08789062 -0.41992188 -0.35742188
v 0.08789062 -0.40429688 -0.45507812
v 0.08789062 -0.39648438 0.18164062
v 0.08789062 -0.38867188 -0.33398438
v 0.08789062 -0.38085938 -0.06835938
v 0.08789062 -0.37695312 -0.08007812
v 0.08789062 -0.36914062 -0.34570312
v 0.08789062 -0.36914062 -0.08398438
v 0.08789062 -0.36914062 0.18164062
v 0.08789062 -0.36523438 -0.36132812
v 0.08789062 -0.36132812 -0.08398438
v 0.08789062 -0.35742188 -0.40820312
v 0.08789062 -0.34960938 -0.09179688
v 0.08789062 -0.34570312 0.22851562
v 0.08789062 -0.34179688 -0.08789062
v 0.08789062 -0.33789062 0.17773438
v 0.08789062 -0.33398438 -0.08398438
v 0.08789062 -0.33398438 -0.06054688
v 0.08789062 -0.33398438 0.19335938
v 0.08789062 -0.33007812 -0.07617188
v 0.08789062 -0.33007812 0.20507812
v 0.08789062 -0.32617188 -0.04882812
v 0.08789062 -0.32226562 -0.06445312
v 0.08789062 -0.31054688 -0.03320312
v 0.08789062 -0.30664062 0.06054688
v 0.08789062 -0.30664062 0.18945312
v 0.08789062 -0.30664062 0.20117188
v 0.08789062 -0.30273438 0.19335938
v 0.08789062 -0.30273438 0.20507812
v 0.08789062 -0.29101562 0.11914062
v 0.08789062 -0.29101562 0.18554688
v 0.08789062 -0.28320312 0.00585938
v 0.08789062 -0.26367188 -0.01757812
v 0.08789062 -0.25976562 0.23632812
v 0.08789062 -0.24023438 -0.11523438
v 0.08789062 -0.23632812 -0.15429688
v 0.08789062 -0.23242188 -0.41210938
v 0.08789062 -0.23242188 -0.40820312
v 0.08789062 -0.22851562 -0.40820312
v 0.08789062 -0.22460938 -0.40820312
v 0.08789062 -0.22070312 -0.42382812
v 0.08789062 -0.21679688 -0.42382812
v 0.08789062 -0.19726562 -0.16210938
v 0.08789062 -0.17773438 0.27539062
v 0.08789062 -0.16210938 0.28710938
v 0.08789062 -0.14257812 0.29882812
v 0.08789062 -0.12695312 0.30664062
v 0.08789062 -0.10742188 0.31835938
v 0.08789062 -0.08789062 0.33007812
v 0.08789062 -0.08398438 -0.09960938
v 0.08789062 -0.08007812 0.24414062
v 0.08789062 -0.07226562 0.20117188
v 0.08789062 -0.06054688 -0.07617188
v 0.08789062 -0.06054688 0.29101562
v 0.08789062 -0.06054688 0.33398438
v 0.08789062 -0.05664062 0.17773438
v 0.08789062 -0.05273438 0.31835938
v 0.08789062 -0.04882812 0.15820312
v 0.08789062 -0.04101562 0.14257812
v 0.08789062 -0.03710938 0.12695312
v 0.08789062 -0.03320312 0.34570312
v 0.08789062 -0.02929688 0.33007812
v 0.08789062 -0.02539062 -0.01757812
v 0.08789062 -0.02539062 0.09179688
v 0.08789062 -0.02539062 0.31835938
v 0.08789062 -0.02148438 0.06835938
v 0.08789062 -0.01367188 0.00976562
v 0.08789062 -0.01367188 0.02929688
v 0.08789062 -0.00195312 0.33007812
v 0.08789062 0.02539062 0.31054688
v 0.08789062 0.04882812 0.29882812
v 0.08789062 0.04882812 0.33789062
v 0.08789062 0.06835938 0.49023438
v 0.08789062 0.07226562 0.49023438
v 0.08789062 0.08007812 0.29492188
v 0.08789062 0.08007812 0.42773438
v 0.08789062 0.08007812 0.48632812
v 0.08789062 0.08007812 0.49023438
v 0.08789062 0.08398438 0.49023438
v 0.08789062 0.09179688 0.37304688
v 0.08789062 0.17773438 0.47070312
v 0.08789062 0.21289062 0.43554688
v 0.08789062 0.23242188 0.30664062
v 0.08789062 0.24804688 0.36914062
v 0.08789062 0.27929688 0.30273438
v 0.08789062 0.27929688 0.34960938
v 0.08789062 0.29492188 0.33007812
v 0.08789062 0.30664062 0.29492188
v 0.08789062 0.31054688 0.30273438
v 0.08789062 0.40429688 -0.05664062
v 0.08789062 0.40820312 -0.06054688
v 0.08789062 0.40820312 -0.05664062
v 0.08789062 0.41210938 -0.06054688
v 0.08789062 0.41210938 -0.04492188
v 0.08789062 0.41601562 -0.02929688
v 0.08789062 0.41992188 -0.04492188
v 0.08789062 0.42382812 -0.02929688
v 0.08789062 0.42773438 -0.00976562
v 0.09179688 -0.46289062 -0.06054688
v 0.09179688 -0.46289062 -0.05273438
v 0.09179688 -0.46289062 0.23242188
v 0.09179688 -0.43554688 0.27148438
v 0.09179688 -0.43164062 -0.10742188
v 0.09179688 -0.43164062 0.26367188
v 0.09179688 -0.41210938 -0.35351562
v 0.09179688 -0.41210938 -0.03320312
v 0.09179688 -0.41210938 0.25195312
v 0.09179688 -0.40820312 -0.45507812
v 0.09179688 -0.40429688 -0.35351562
v 0.09179688 -0.40039062 0.25195312
v 0.09179688 -0.39648438 -0.09179688
v 0.09179688 -0.39648438 -0.04882812
v 0.09179688 -0.38476562 0.17773438
v 0.09179688 -0.38085938 -0.34960938
v 0.09179688 -0.37695312 -0.08789062
v 0.09179688 -0.37304688 -0.06835938
v 0.09179688 -0.36914062 -0.45898438
v 0.09179688 -0.36914062 -0.07226562
v 0.09179688 -0.36523438 -0.45117188
v 0.09179688 -0.36523438 -0.09179688
v 0.09179688 -0.36523438 -0.06835938
v 0.09179688 -0.36132812 -0.44335938
v 0.09179688 -0.36132812 -0.38085938
v 0.09179688 -0.35742188 -0.43554688
v 0.09179688 -0.35742188 -0.40039062
v 0.09179688 -0.35742188 -0.09179688
v 0.09179688 -0.35742188 -0.06445312
v 0.09179688 -0.35351562 0.17382812
v 0.09179688 -0.34960938 -0.05664062
v 0.09179688 -0.34179688 -0.04101562
v 0.09179688 -0.33007812 0.21289062
v 0.09179688 -0.31835938 0.18554688
v 0.09179688 -0.31445312 0.19726562
v 0.09179688 -0.30664062 -0.06054688
v 0.09179688 -0.30273438 0.18164062
v 0.09179688 -0.30273438 0.20898438
v 0.09179688 -0.29882812 0.08789062
v 0.09179688 -0.29882812 0.21289062
v 0.09179688 -0.29492188 -0.01757812
v 0.09179688 -0.29101562 0.17773438
v 0.09179688 -0.28710938 -0.06054688
v 0.09179688 -0.27539062 -0.00976562
v 0.09179688 -0.24023438 0.25195312
v 0.09179688 -0.22460938 -0.42382812
v 0.09179688 -0.22460938 -0.12304688
v 0.09179688 -0.22070312 -0.13867188
v 0.09179688 -0.21679688 -0.42773438
v 0.09179688 -0.21679688 -0.42382812
v 0.09179688 -0.21679688 -0.16210938
v 0.09179688 -0.16210938 -0.14648438
v 0.09179688 -0.12304688 -0.13085938
v 0.09179688 -0.11132812 0.28710938
v 0.09179688 -0.09179688 0.26367188
v 0.09179688 -0.09179688 0.29882812
v 0.09179688 -0.08007812 0.21679688
v 0.09179688 -0.08007812 0.27539062
v 0.09179688 -0.07617188 0.31054688
v 0.09179688 -0.06835938 -0.08007812
v 0.09179688 -0.05664062 0.16601562
v 0.09179688 -0.04492188 -0.04882812
v 0.09179688 -0.04492188 0.14257812
v 0.09179688 -0.02929688 0.10742188
v 0.09179688 -0.02539062 0.00195312
v 0.09179688 -0.01757812 0.04882812
v 0.09179688 0.02539062 0.32226562
v 0.09179688 0.04882812 0.30664062
v 0.09179688 0.04882812 0.31835938
v 0.09179688 0.06445312 0.47851562
v 0.09179688 0.06835938 0.46679688
v 0.09179688 0.06835938 0.48632812
v 0.09179688 0.07617188 0.34179688
v 0.09179688 0.07617188 0.44726562
v 0.09179688 0.07617188 0.48632812
v 0.09179688 0.07617188 0.49023438
v 0.09179688 0.08007812 0.48632812
v 0.09179688 0.08789062 0.49414062
v 0.09179688 0.09179688 0.38085938
v 0.09179688 0.10351562 0.49804688
v 0.09179688 0.11523438 0.49804688
v 0.09179688 0.13085938 0.49804688
v 0.09179688 0.14257812 0.49804688
v 0.09179688 0.15820312 0.49023438
v 0.09179688 0.16992188 0.30273438
v 0.09179688 0.16992188 0.47851562
v 0.09179688 0.17773438 0.30664062
v 0.09179688 0.18554688 0.30664062
v 0.09179688 0.19726562 0.29492188
v 0.09179688 0.20898438 0.44335938
v 0.09179688 0.22460938 0.41210938
v 0.09179688 0.22851562 0.31445312
v 0.09179688 0.22851562 0.39648438
v 0.09179688 0.24023438 0.31445312
v 0.09179688 0.25976562 0.30664062
v 0.09179688 0.26367188 0.36132812
v 0.09179688 0.29882812 0.28710938
v 0.09179688 0.29882812 0.33398438
v 0.09179688 0.31445312 0.31054688
v 0.09179688 0.31835938 0.27929688
v 0.09179688 0.41210938 -0.06054688
v 0.09179688 0.41210938 -0.04492188
v 0.09179688 0.41601562 -0.02929688
v 0.09179688 0.41992188 -0.04882812
v 0.09179688 0.41992188 -0.01367188
v 0.09179688 0.42382812 -0.00976562
v 0.09179688 0.42773438 -0.03320312
v 0.09179688 0.42773438 -0.00976562
v 0.09179688 0.43164062 -0.01367188
v 0.09570312 -0.46289062 -0.07617188
v 0.09570312 -0.46289062 -0.04492188
v 0.09570312 -0.46289062 -0.02929688
v 0.09570312 -0.46289062 0.27929688
v 0.09570312 -0.45898438 -0.09570312
v 0.09570312 -0.45507812 0.27929688
v 0.09570312 -0.44726562 0.27929688
v 0.09570312 -0.43554688 0.27539062
v 0.09570312 -0.42773438 -0.41601562
v 0.09570312 -0.42773438 -0.38085938
v 0.09570312 -0.42382812 -0.10742188
v 0.09570312 -0.41601562 -0.10351562
v 0.09570312 -0.41210938 -0.45507812
v 0.09570312 -0.39257812 -0.34960938
v 0.09570312 -0.38476562 -0.05664062
v 0.09570312 -0.38476562 0.24804688
v 0.09570312 -0.37695312 -0.46679688
v 0.09570312 -0.37304688 -0.46289062
v 0.09570312 -0.37304688 -0.36132812
v 0.09570312 -0.36523438 -0.37695312
v 0.09570312 -0.36132812 0.24414062
v 0.09570312 -0.35742188 -0.42773438
v 0.09570312 -0.35742188 -0.42382812
v 0.09570312 -0.33007812 -0.09179688
v 0.09570312 -0.33007812 -0.02539062
v 0.09570312 -0.33007812 0.16601562
v 0.09570312 -0.32226562 -0.08398438
v 0.09570312 -0.31835938 0.16992188
v 0.09570312 -0.31445312 -0.07617188
v 0.09570312 -0.31445312 -0.00976562
v 0.09570312 -0.31445312 0.20507812
v 0.09570312 -0.31054688 0.17773438
v 0.09570312 -0.29101562 0.21679688
v 0.09570312 -0.27539062 0.02929688
v 0.09570312 -0.27148438 0.22460938
v 0.09570312 -0.26367188 0.00585938
v 0.09570312 -0.25585938 -0.10351562
v 0.09570312 -0.22460938 -0.41992188
v 0.09570312 -0.22070312 -0.43945312
v 0.09570312 -0.22070312 -0.41992188
v 0.09570312 -0.21679688 -0.43945312
v 0.09570312 -0.21679688 -0.42382812
v 0.09570312 -0.21679688 -0.41992188
v 0.09570312 -0.21679688 0.25976562
v 0.09570312 -0.21289062 -0.44335938
v 0.09570312 -0.18164062 -0.14257812
v 0.09570312 -0.16601562 0.26757812
v 0.09570312 -0.13867188 -0.13476562
v 0.09570312 -0.13085938 0.27929688
v 0.09570312 -0.08789062 0.22851562
v 0.09570312 -0.07617188 -0.07617188
v 0.09570312 -0.06835938 0.18554688
v 0.09570312 -0.06445312 -0.06054688
v 0.09570312 -0.05664062 -0.05664062
v 0.09570312 -0.05273438 0.15039062
v 0.09570312 -0.04101562 -0.02929688
v 0.09570312 -0.04101562 0.12695312
v 0.09570312 -0.03710938 0.11132812
v 0.09570312 -0.03320312 0.08789062
v 0.09570312 -0.02929688 0.06445312
v 0.09570312 -0.02539062 0.02148438
v 0.09570312 -0.02539062 0.04492188
v 0.09570312 0.07226562 0.49023438
v 0.09570312 0.07617188 0.48632812
v 0.09570312 0.07617188 0.49023438
v 0.09570312 0.08007812 0.31054688
v 0.09570312 0.08398438 0.48632812
v 0.09570312 0.08789062 0.40429688
v 0.09570312 0.08789062 0.49023438
v 0.09570312 0.09179688 0.39257812
v 0.09570312 0.11132812 0.29882812
v 0.09570312 0.13867188 0.29882812
v 0.09570312 0.17773438 0.31445312
v 0.09570312 0.19726562 0.30273438
v 0.09570312 0.20117188 0.45117188
v 0.09570312 0.21289062 0.28320312
v 0.09570312 0.21289062 0.31445312
v 0.09570312 0.22070312 0.42382812
v 0.09570312 0.22460938 0.28710938
v 0.09570312 0.24023438 0.37695312
v 0.09570312 0.27539062 0.29492188
v 0.09570312 0.28320312 0.35351562
v 0.09570312 0.31445312 0.27539062
v 0.09570312 0.31835938 0.31445312
v 0.09570312 0.32617188 0.29101562
v 0.09570312 0.33398438 0.26367188
v 0.09570312 0.34179688 0.27148438
v 0.09570312 0.41601562 -0.04492188
v 0.09570312 0.41601562 -0.02929688
v 0.09570312 0.41601562 -0.01367188
v 0.09570312 0.41992188 -0.01367188
v 0.09570312 0.42382812 -0.03320312
v 0.09570312 0.42382812 0.00976562
v 0.09570312 0.42773438 0.00976562
v 0.09570312 0.43164062 -0.01367188
v 0.09570312 0.43164062 0.00976562
v 0.09570312 0.43164062 0.03320312
v 0.09570312 0.43554688 0.00976562
v 0.09960938 -0.46289062 -0.08398438
v 0.09960938 -0.46289062 0.18945312
v 0.09960938 -0.46289062 0.27539062
v 0.09960938 -0.45507812 0.18164062
v 0.09960938 -0.45507812 0.27539062
v 0.09960938 -0.45117188 -0.00976562
v 0.09960938 -0.44726562 0.17773438
v 0.09960938 -0.44726562 0.27539062
v 0.09960938 -0.43945312 -0.00976562
v 0.09960938 -0.43554688 0.27148438
v 0.09960938 -0.43164062 -0.01367188
v 0.09960938 -0.43164062 0.17773438
v 0.09960938 -0.43164062 0.26757812
v 0.09960938 -0.42773438 -0.41210938
v 0.09960938 -0.42382812 -0.37695312
v 0.09960938 -0.41992188 0.17773438
v 0.09960938 -0.41992188 0.26367188
v 0.09960938 -0.41601562 -0.45507812
v 0.09960938 -0.41210938 0.25585938
v 0.09960938 -0.40820312 0.17773438
v 0.09960938 -0.40429688 -0.09960938
v 0.09960938 -0.40039062 -0.04101562
v 0.09960938 -0.39648438 0.17773438
v 0.09960938 -0.38476562 -0.47070312
v 0.09960938 -0.38476562 -0.36523438
v 0.09960938 -0.38085938 -0.09570312
v 0.09960938 -0.37695312 -0.06054688
v 0.09960938 -0.37304688 -0.06054688
v 0.09960938 -0.36914062 -0.05664062
v 0.09960938 -0.36132812 -0.39648438
v 0.09960938 -0.36132812 -0.05273438
v 0.09960938 -0.36132812 0.16601562
v 0.09960938 -0.34570312 0.16210938
v 0.09960938 -0.34179688 -0.09960938
v 0.09960938 -0.34179688 0.23242188
v 0.09960938 -0.33398438 -0.09570312
v 0.09960938 -0.30273438 0.21289062
v 0.09960938 -0.29882812 0.00585938
v 0.09960938 -0.27148438 -0.08789062
v 0.09960938 -0.27148438 0.11914062
v 0.09960938 -0.25976562 0.14257812
v 0.09960938 -0.25195312 0.24023438
v 0.09960938 -0.22070312 -0.43554688
v 0.09960938 -0.20898438 -0.44335938
v 0.09960938 -0.20507812 -0.13867188
v 0.09960938 -0.15429688 -0.13476562
v 0.09960938 -0.14648438 0.27148438
v 0.09960938 -0.11132812 0.25585938
v 0.09960938 -0.10351562 -0.11132812
v 0.09960938 -0.08007812 0.19726562
v 0.09960938 -0.07226562 -0.05664062
v 0.09960938 -0.06835938 0.16992188
v 0.09960938 -0.05273438 -0.03710938
v 0.09960938 -0.03710938 -0.00585938
v 0.09960938 0.06445312 0.46289062
v 0.09960938 0.06835938 0.47460938
v 0.09960938 0.06835938 0.48242188
v 0.09960938 0.07226562 0.44335938
v 0.09960938 0.07226562 0.48632812
v 0.09960938 0.08007812 0.32226562
v 0.09960938 0.08007812 0.42382812
v 0.09960938 0.08007812 0.48242188
v 0.09960938 0.08789062 0.48632812
v 0.09960938 0.09960938 0.49414062
v 0.09960938 0.10351562 0.35351562
v 0.09960938 0.11132812 0.49414062
v 0.09960938 0.16992188 0.31445312
v 0.09960938 0.18945312 0.45898438
v 0.09960938 0.19335938 0.28320312
v 0.09960938 0.20117188 0.31054688
v 0.09960938 0.20117188 0.31835938
v 0.09960938 0.21679688 0.43164062
v 0.09960938 0.22851562 0.40820312
v 0.09960938 0.23242188 0.29101562
v 0.09960938 0.25195312 0.30273438
v 0.09960938 0.25195312 0.36914062
v 0.09960938 0.29101562 0.28320312
v 0.09960938 0.30273438 0.33789062
v 0.09960938 0.32226562 0.31835938
v 0.09960938 0.33007812 0.25976562
v 0.09960938 0.33398438 0.29882812
v 0.09960938 0.34179688 0.24414062
v 0.09960938 0.34960938 0.24804688
v 0.09960938 0.34960938 0.27539062
v 0.09960938 0.35742188 0.22460938
v 0.09960938 0.35742188 0.25195312
v 0.09960938 0.36523438 0.22851562
v 0.09960938 0.37304688 0.20507812
v 0.09960938 0.37304688 0.23242188
v 0.09960938 0.38085938 0.20898438
v 0.09960938 0.38867188 0.18554688
v 0.09960938 0.39257812 0.18945312
v 0.09960938 0.39648438 0.16210938
v 0.09960938 0.40039062 0.16601562
v 0.09960938 0.40820312 0.13867188
v 0.09960938 0.41601562 -0.01367188
v 0.09960938 0.41601562 0.14257812
v 0.09960938 0.41992188 -0.02929688
v 0.09960938 0.41992188 0.00585938
v 0.09960938 0.42382812 -0.03320312
v 0.09960938 0.42382812 0.02929688
v 0.09960938 0.42382812 0.08007812
v 0.09960938 0.42773438 0.02929688
v 0.09960938 0.42773438 0.05664062
v 0.09960938 0.43164062 -0.01367188
v 0.09960938 0.43164062 0.05664062
v 0.09960938 0.43164062 0.08398438
v 0.09960938 0.43554688 0.00585938
v 0.09960938 0.43554688 0.03320312
v 0.09960938 0.43554688 0.05664062
v 0.10351562 -0.46289062 -0.03710938
v 0.10351562 -0.46289062 0.27148438
v 0.10351562 -0.45898438 -0.01367188
v 0.10351562 -0.45507812 -0.11132812
v 0.10351562 -0.42773438 -0.40820312
v 0.10351562 -0.41992188 -0.01757812
v 0.10351562 -0.41601562 -0.45117188
v 0.10351562 -0.41601562 -0.37304688
v 0.10351562 -0.40820312 -0.36914062
v 0.10351562 -0.40039062 0.25585938
v 0.10351562 -0.39648438 -0.36523438
v 0.10351562 -0.38867188 -0.47070312
v 0.10351562 -0.38476562 0.25195312
v 0.10351562 -0.38085938 0.17382812
v 0.10351562 -0.37304688 -0.37695312
v 0.10351562 -0.37304688 0.16992188
v 0.10351562 -0.36132812 -0.09960938
v 0.10351562 -0.35742188 -0.46289062
v 0.10351562 -0.35742188 -0.45507812
v 0.10351562 -0.35742188 -0.41601562
v 0.10351562 -0.35351562 -0.44726562
v 0.10351562 -0.35351562 -0.43945312
v 0.10351562 -0.35351562 -0.04101562
v 0.10351562 -0.34960938 -0.09960938
v 0.10351562 -0.34570312 -0.02929688
v 0.10351562 -0.33398438 -0.00976562
v 0.10351562 -0.32617188 0.22070312
v 0.10351562 -0.31054688 0.20898438
v 0.10351562 -0.30664062 0.16210938
v 0.10351562 -0.30273438 -0.06445312
v 0.10351562 -0.29882812 0.16210938
v 0.10351562 -0.29101562 -0.07226562
v 0.10351562 -0.27539062 0.01757812
v 0.10351562 -0.27539062 0.06054688
v 0.10351562 -0.27539062 0.16210938
v 0.10351562 -0.27148438 0.22851562
v 0.10351562 -0.23242188 0.25195312
v 0.10351562 -0.22070312 -0.43164062
v 0.10351562 -0.21679688 -0.12695312
v 0.10351562 -0.20898438 -0.44726562
v 0.10351562 -0.20507812 -0.44335938
v 0.10351562 -0.17773438 0.26367188
v 0.10351562 -0.16601562 -0.13476562
v 0.10351562 -0.13476562 0.25585938
v 0.10351562 -0.11914062 -0.11914062
v 0.10351562 -0.10351562 0.22070312
v 0.10351562 -0.09179688 0.20898438
v 0.10351562 -0.08789062 -0.09179688
v 0.10351562 -0.07226562 -0.03710938
v 0.10351562 -0.07226562 0.15429688
v 0.10351562 -0.06445312 -0.04101562
v 0.10351562 -0.05273438 -0.01757812
v 0.10351562 -0.05273438 0.13085938
v 0.10351562 -0.04882812 0.11132812
v 0.10351562 -0.04101562 0.06445312
v 0.10351562 -0.04101562 0.08789062
v 0.10351562 -0.03710938 0.01367188
v 0.10351562 -0.03710938 0.03710938
v 0.10351562 0.07226562 0.48242188
v 0.10351562 0.07617188 0.48242188
v 0.10351562 0.07617188 0.48632812
v 0.10351562 0.08007812 0.48242188
v 0.10351562 0.09960938 0.36523438
v 0.10351562 0.12695312 0.49804688
v 0.10351562 0.14257812 0.49414062
v 0.10351562 0.15429688 0.48632812
v 0.10351562 0.16601562 0.47851562
v 0.10351562 0.17773438 0.42382812
v 0.10351562 0.17773438 0.46679688
v 0.10351562 0.18554688 0.31835938
v 0.10351562 0.21289062 0.43945312
v 0.10351562 0.22460938 0.31835938
v 0.10351562 0.22460938 0.41992188
v 0.10351562 0.28320312 0.35742188
v 0.10351562 0.30273438 0.34179688
v 0.10351562 0.30664062 0.27148438
v 0.10351562 0.33789062 0.24023438
v 0.10351562 0.33789062 0.29882812
v 0.10351562 0.34960938 0.22460938
v 0.10351562 0.35351562 0.27929688
v 0.10351562 0.36523438 0.20117188
v 0.10351562 0.36523438 0.25585938
v 0.10351562 0.38085938 0.18164062
v 0.10351562 0.38476562 0.21289062
v 0.10351562 0.38867188 0.15820312
v 0.10351562 0.40039062 0.19335938
v 0.10351562 0.40429688 0.13476562
v 0.10351562 0.40820312 0.16601562
v 0.10351562 0.41601562 0.10742188
v 0.10351562 0.41992188 -0.01367188
v 0.10351562 0.41992188 0.00585938
v 0.10351562 0.41992188 0.02929688
v 0.10351562 0.41992188 0.08007812
v 0.10351562 0.41992188 0.14257812
v 0.10351562 0.42382812 -0.01367188
v 0.10351562 0.42382812 0.05273438
v 0.10351562 0.42382812 0.11132812
v 0.10351562 0.42773438 -0.01367188
v 0.10351562 0.42773438 0.11132812
v 0.10351562 0.43164062 -0.01367188
v 0.10351562 0.43554688 0.00585938
v 0.10351562 0.43554688 0.08398438
v 0.10351562 0.43945312 0.02929688
v 0.10351562 0.43945312 0.05664062
v 0.10742188 -0.46289062 0.18945312
v 0.10742188 -0.45898438 -0.10351562
v 0.10742188 -0.45507812 0.27148438
v 0.10742188 -0.44726562 -0.11523438
v 0.10742188 -0.44726562 0.18164062
v 0.10742188 -0.44726562 0.26757812
v 0.10742188 -0.43554688 -0.11132812
v 0.10742188 -0.43164062 0.17773438
v 0.10742188 -0.43164062 0.26757812
v 0.10742188 -0.42382812 -0.40039062
v 0.10742188 -0.42382812 0.17773438
v 0.10742188 -0.41992188 -0.44726562
v 0.10742188 -0.41210938 -0.02539062
v 0.10742188 -0.41210938 0.17773438
v 0.10742188 -0.39257812 -0.47460938
v 0.10742188 -0.38867188 -0.09960938
v 0.10742188 -0.38867188 -0.04882812
v 0.10742188 -0.38476562 -0.37695312
v 0.10742188 -0.38085938 -0.05273438
v 0.10742188 -0.37695312 -0.05273438
v 0.10742188 -0.37304688 -0.05273438
v 0.10742188 -0.36914062 -0.10351562
v 0.10742188 -0.36523438 -0.47460938
v 0.10742188 -0.36523438 -0.39257812
v 0.10742188 -0.36132812 -0.47070312
v 0.10742188 -0.36132812 -0.41210938
v 0.10742188 -0.36132812 0.24804688
v 0.10742188 -0.35351562 -0.43554688
v 0.10742188 -0.34179688 0.23632812
v 0.10742188 -0.32617188 0.14648438
v 0.10742188 -0.32617188 0.22460938
v 0.10742188 -0.31835938 0.00976562
v 0.10742188 -0.31445312 0.15429688
v 0.10742188 -0.31054688 -0.07617188
v 0.10742188 -0.29882812 0.21679688
v 0.10742188 -0.28710938 0.15820312
v 0.10742188 -0.28710938 0.22070312
v 0.10742188 -0.27148438 0.08789062
v 0.10742188 -0.26367188 0.15820312
v 0.10742188 -0.25585938 0.02929688
v 0.10742188 -0.24414062 0.14648438
v 0.10742188 -0.22851562 -0.11914062
v 0.10742188 -0.22070312 -0.45507812
v 0.10742188 -0.22070312 -0.45117188
v 0.10742188 -0.22070312 -0.43164062
v 0.10742188 -0.21679688 -0.45898438
v 0.10742188 -0.21679688 -0.43164062
v 0.10742188 -0.20507812 -0.44335938
v 0.10742188 -0.15039062 0.25195312
v 0.10742188 -0.13867188 -0.12304688
v 0.10742188 -0.12304688 0.23242188
v 0.10742188 -0.08398438 0.18164062
v 0.10742188 -0.08007812 -0.07226562
v 0.10742188 -0.07226562 -0.05664062
v 0.10742188 -0.06445312 -0.02539062
v 0.10742188 -0.04882812 0.00195312
v 0.10742188 0.06445312 0.45898438
v 0.10742188 0.06835938 0.47070312
v 0.10742188 0.07226562 0.47851562
v 0.10742188 0.07226562 0.48242188
v 0.10742188 0.07617188 0.47851562
v 0.10742188 0.07617188 0.48242188
v 0.10742188 0.08789062 0.48242188
v 0.10742188 0.09570312 0.38476562
v 0.10742188 0.09960938 0.37304688
v 0.10742188 0.09960938 0.48632812
v 0.10742188 0.11132812 0.32226562
v 0.10742188 0.11132812 0.49023438
v 0.10742188 0.11523438 0.31054688
v 0.10742188 0.12304688 0.49023438
v 0.10742188 0.13867188 0.31054688
v 0.10742188 0.16601562 0.43554688
v 0.10742188 0.16992188 0.42773438
v 0.10742188 0.17382812 0.41601562
v 0.10742188 0.17773438 0.43164062
v 0.10742188 0.18164062 0.41992188
v 0.10742188 0.18554688 0.42382812
v 0.10742188 0.18945312 0.29101562
v 0.10742188 0.20117188 0.44726562
v 0.10742188 0.22070312 0.42773438
v 0.10742188 0.22460938 0.29882812
v 0.10742188 0.22851562 0.39648438
v 0.10742188 0.23242188 0.29882812
v 0.10742188 0.23632812 0.38476562
v 0.10742188 0.25195312 0.36914062
v 0.10742188 0.27148438 0.29101562
v 0.10742188 0.27929688 0.36132812
v 0.10742188 0.32226562 0.25585938
v 0.10742188 0.32617188 0.31835938
v 0.10742188 0.36914062 0.25976562
v 0.10742188 0.37304688 0.17773438
v 0.10742188 0.37695312 0.23632812
v 0.10742188 0.39257812 0.21679688
v 0.10742188 0.40039062 0.13085938
v 0.10742188 0.41210938 0.10351562
v 0.10742188 0.41210938 0.16992188
v 0.10742188 0.41601562 0.08007812
v 0.10742188 0.41992188 0.00585938
v 0.10742188 0.41992188 0.02929688
v 0.10742188 0.41992188 0.05273438
v 0.10742188 0.42382812 0.14648438
v 0.10742188 0.43164062 0.11523438
v 0.10742188 0.43554688 0.00585938
v 0.10742188 0.43945312 0.02929688
v 0.10742188 0.43945312 0.05664062
v 0.10742188 0.43945312 0.08398438
v 0.11132812 -0.46289062 -0.08007812
v 0.11132812 -0.46289062 -0.06835938
v 0.11132812 -0.46289062 -0.06054688
v 0.11132812 -0.46289062 -0.05273438
v 0.11132812 -0.46289062 -0.02539062
v 0.11132812 -0.46289062 0.26757812
v 0.11132812 -0.45507812 0.18554688
v 0.11132812 -0.45507812 0.27148438
v 0.11132812 -0.42773438 -0.11132812
v 0.11132812 -0.41992188 -0.44335938
v 0.11132812 -0.41992188 -0.39648438
v 0.11132812 -0.41992188 -0.10742188
v 0.11132812 -0.41210938 -0.10351562
v 0.11132812 -0.40429688 -0.03320312
v 0.11132812 -0.40039062 -0.47460938
v 0.11132812 -0.40039062 0.17773438
v 0.11132812 -0.39257812 -0.38085938
v 0.11132812 -0.38867188 0.17382812
v 0.11132812 -0.37695312 0.16601562
v 0.11132812 -0.37304688 -0.39257812
v 0.11132812 -0.36914062 -0.47851562
v 0.11132812 -0.36523438 -0.04492188
v 0.11132812 -0.36132812 0.15820312
v 0.11132812 -0.35742188 -0.03320312
v 0.11132812 -0.35351562 -0.42773438
v 0.11132812 -0.34960938 -0.10742188
v 0.11132812 -0.34960938 -0.01757812
v 0.11132812 -0.34960938 0.15039062
v 0.11132812 -0.34179688 -0.10351562
v 0.11132812 -0.33789062 0.14648438
v 0.11132812 -0.33398438 -0.09960938
v 0.11132812 -0.32226562 -0.09179688
v 0.11132812 -0.31445312 -0.08398438
v 0.11132812 -0.31054688 0.20898438
v 0.11132812 -0.30273438 0.02539062
v 0.11132812 -0.30273438 0.15039062
v 0.11132812 -0.25195312 0.06054688
v 0.11132812 -0.24804688 0.08789062
v 0.11132812 -0.24804688 0.11914062
v 0.11132812 -0.24804688 0.15820312
v 0.11132812 -0.24804688 0.24023438
v 0.11132812 -0.22070312 -0.44726562
v 0.11132812 -0.21289062 -0.46289062
v 0.11132812 -0.21289062 -0.43554688
v 0.11132812 -0.20898438 -0.43945312
v 0.11132812 -0.20507812 -0.43945312
v 0.11132812 -0.20117188 0.25585938
v 0.11132812 -0.17773438 -0.13476562
v 0.11132812 -0.14257812 -0.12304688
v 0.11132812 -0.13085938 0.21289062
v 0.11132812 -0.12304688 -0.11523438
v 0.11132812 -0.11132812 0.19726562
v 0.11132812 -0.09570312 0.18554688
v 0.11132812 -0.07617188 -0.02148438
v 0.11132812 -0.07226562 -0.04101562
v 0.11132812 -0.06835938 0.13476562
v 0.11132812 -0.06445312 -0.00195312
v 0.11132812 -0.06445312 0.11132812
v 0.11132812 -0.05664062 0.08398438
v 0.11132812 -0.05273438 0.05664062
v 0.11132812 -0.04882812 0.02929688
v 0.11132812 0.07226562 0.43945312
v 0.11132812 0.07617188 0.47851562
v 0.11132812 0.08007812 0.47851562
v 0.11132812 0.08398438 0.41992188
v 0.11132812 0.08398438 0.47851562
v 0.11132812 0.09179688 0.40039062
v 0.11132812 0.09570312 0.48242188
v 0.11132812 0.10742188 0.48242188
v 0.11132812 0.12695312 0.32226562
v 0.11132812 0.13867188 0.49023438
v 0.11132812 0.15429688 0.48242188
v 0.11132812 0.16601562 0.41601562
v 0.11132812 0.16601562 0.44335938
v 0.11132812 0.16992188 0.47460938
v 0.11132812 0.17382812 0.40820312
v 0.11132812 0.17382812 0.46289062
v 0.11132812 0.17773438 0.33007812
v 0.11132812 0.17773438 0.43945312
v 0.11132812 0.18164062 0.41210938
v 0.11132812 0.18164062 0.46679688
v 0.11132812 0.18554688 0.43164062
v 0.11132812 0.18945312 0.41992188
v 0.11132812 0.18945312 0.45507812
v 0.11132812 0.19335938 0.27148438
v 0.11132812 0.21289062 0.27148438
v 0.11132812 0.21289062 0.30273438
v 0.11132812 0.21289062 0.43554688
v 0.11132812 0.22070312 0.32617188
v 0.11132812 0.22460938 0.27539062
v 0.11132812 0.22460938 0.40820312
v 0.11132812 0.23242188 0.27929688
v 0.11132812 0.23632812 0.31835938
v 0.11132812 0.28710938 0.28320312
v 0.11132812 0.29492188 0.34960938
v 0.11132812 0.34179688 0.30273438
v 0.11132812 0.34570312 0.22070312
v 0.11132812 0.35742188 0.28320312
v 0.11132812 0.36132812 0.20117188
v 0.11132812 0.38476562 0.15820312
v 0.11132812 0.38476562 0.24023438
v 0.11132812 0.40820312 0.10351562
v 0.11132812 0.40820312 0.19335938
v 0.11132812 0.41210938 0.08007812
v 0.11132812 0.41601562 0.02929688
v 0.11132812 0.41601562 0.05273438
v 0.11132812 0.41992188 0.00585938
v 0.11132812 0.41992188 0.17382812
v 0.11132812 0.42773438 0.00585938
v 0.11132812 0.43164062 0.00585938
v 0.11132812 0.43554688 0.11523438
v 0.11132812 0.43945312 0.02929688
v 0.11132812 0.43945312 0.08398438
v 0.11132812 0.44335938 0.05664062
v 0.11523438 -0.46289062 -0.09179688
v 0.11523438 -0.46289062 -0.04882812
v 0.11523438 -0.46289062 -0.02929688
v 0.11523438 -0.46289062 0.27148438
v 0.11523438 -0.45507812 0.27539062
v 0.11523438 -0.44726562 0.27148438
v 0.11523438 -0.43945312 0.26757812
v 0.11523438 -0.43554688 0.18164062
v 0.11523438 -0.42773438 0.18164062
v 0.11523438 -0.42773438 0.26367188
v 0.11523438 -0.41992188 -0.43945312
v 0.11523438 -0.41601562 0.17773438
v 0.11523438 -0.41210938 -0.39257812
v 0.11523438 -0.41210938 0.25585938
v 0.11523438 -0.40820312 0.17773438
v 0.11523438 -0.40429688 -0.47070312
v 0.11523438 -0.40429688 -0.38476562
v 0.11523438 -0.40039062 0.25585938
v 0.11523438 -0.39648438 -0.09960938
v 0.11523438 -0.39648438 0.17382812
v 0.11523438 -0.38867188 -0.04492188
v 0.11523438 -0.38476562 0.25195312
v 0.11523438 -0.38085938 -0.04882812
v 0.11523438 -0.37695312 -0.04882812
v 0.11523438 -0.37304688 -0.48242188
v 0.11523438 -0.36132812 -0.40820312
v 0.11523438 -0.36132812 0.24804688
v 0.11523438 -0.34960938 -0.47851562
v 0.11523438 -0.34570312 -0.47070312
v 0.11523438 -0.34570312 -0.46289062
v 0.11523438 -0.34570312 -0.45898438
v 0.11523438 -0.34570312 -0.45117188
v 0.11523438 -0.34179688 0.24023438
v 0.11523438 -0.33789062 0.00195312
v 0.11523438 -0.31054688 0.14648438
v 0.11523438 -0.29882812 0.21679688
v 0.11523438 -0.28710938 0.22460938
v 0.11523438 -0.28320312 0.03320312
v 0.11523438 -0.27148438 0.15820312
v 0.11523438 -0.26757812 0.23242188
v 0.11523438 -0.25976562 0.04101562
v 0.11523438 -0.23242188 0.03710938
v 0.11523438 -0.23242188 0.15820312
v 0.11523438 -0.22460938 0.15039062
v 0.11523438 -0.22070312 -0.44335938
v 0.11523438 -0.20898438 -0.46289062
v 0.11523438 -0.16601562 0.25195312
v 0.11523438 -0.14257812 0.19335938
v 0.11523438 -0.14257812 0.23242188
v 0.11523438 -0.10351562 -0.09570312
v 0.11523438 -0.09179688 -0.08007812
v 0.11523438 -0.08789062 0.13476562
v 0.11523438 -0.08789062 0.16210938
v 0.11523438 -0.08007812 -0.06445312
v 0.11523438 -0.07617188 -0.05273438
v 0.11523438 -0.06835938 0.02539062
v 0.11523438 0.07226562 0.46289062
v 0.11523438 0.07226562 0.47070312
v 0.11523438 0.07617188 0.47460938
v 0.11523438 0.09570312 0.47851562
v 0.11523438 0.11523438 0.34179688
v 0.11523438 0.12304688 0.48632812
v 0.11523438 0.13476562 0.31445312
v 0.11523438 0.13867188 0.48242188
v 0.11523438 0.14648438 0.31835938
v 0.11523438 0.16210938 0.42382812
v 0.11523438 0.16210938 0.45507812
v 0.11523438 0.16601562 0.32617188
v 0.11523438 0.16601562 0.40820312
v 0.11523438 0.16601562 0.47070312
v 0.11523438 0.16601562 0.47460938
v 0.11523438 0.17773438 0.44726562
v 0.11523438 0.17773438 0.46289062
v 0.11523438 0.18554688 0.33007812
v 0.11523438 0.18554688 0.40820312
v 0.11523438 0.18554688 0.43945312
v 0.11523438 0.20117188 0.29882812
v 0.11523438 0.20117188 0.33789062
v 0.11523438 0.22851562 0.39257812
v 0.11523438 0.23242188 0.27929688
v 0.11523438 0.24414062 0.36914062
v 0.11523438 0.25195312 0.30664062
v 0.11523438 0.27539062 0.36132812
v 0.11523438 0.30273438 0.26757812
v 0.11523438 0.31054688 0.33398438
v 0.11523438 0.31835938 0.25585938
v 0.11523438 0.33007812 0.31835938
v 0.11523438 0.33398438 0.24023438
v 0.11523438 0.37304688 0.17773438
v 0.11523438 0.37304688 0.26367188
v 0.11523438 0.39648438 0.13085938
v 0.11523438 0.39648438 0.21679688
v 0.11523438 0.40429688 0.10351562
v 0.11523438 0.40820312 0.19726562
v 0.11523438 0.41210938 0.08007812
v 0.11523438 0.41601562 0.05273438
v 0.11523438 0.41992188 0.02929688
v 0.11523438 0.42773438 0.14648438
v 0.11523438 0.43554688 0.02929688
v 0.11523438 0.43945312 0.05664062
v 0.11523438 0.43945312 0.11523438
v 0.11523438 0.44335938 0.08398438
v 0.11914062 -0.46289062 0.21289062
v 0.11914062 -0.45898438 -0.00976562
v 0.11914062 -0.44726562 -0.00585938
v 0.11914062 -0.44726562 0.18554688
v 0.11914062 -0.43554688 -0.00976562
v 0.11914062 -0.43164062 0.26757812
v 0.11914062 -0.42773438 -0.01367188
v 0.11914062 -0.41992188 -0.43164062
v 0.11914062 -0.41992188 -0.01757812
v 0.11914062 -0.40820312 -0.47070312
v 0.11914062 -0.38476562 -0.39648438
v 0.11914062 -0.38476562 0.16992188
v 0.11914062 -0.37695312 -0.48632812
v 0.11914062 -0.37695312 -0.10351562
v 0.11914062 -0.37304688 -0.04492188
v 0.11914062 -0.37304688 0.16601562
v 0.11914062 -0.36523438 -0.04101562
v 0.11914062 -0.35351562 -0.42382812
v 0.11914062 -0.34960938 -0.48242188
v 0.11914062 -0.34570312 -0.44726562
v 0.11914062 -0.33398438 0.13476562
v 0.11914062 -0.32226562 0.02148438
v 0.11914062 -0.32226562 0.13867188
v 0.11914062 -0.32226562 0.22460938
v 0.11914062 -0.31054688 0.21289062
v 0.11914062 -0.30273438 -0.06054688
v 0.11914062 -0.28320312 0.15429688
v 0.11914062 -0.26367188 0.16210938
v 0.11914062 -0.25195312 -0.10351562
v 0.11914062 -0.22851562 -0.46289062
v 0.11914062 -0.22851562 -0.45898438
v 0.11914062 -0.22851562 0.05664062
v 0.11914062 -0.22460938 -0.47460938
v 0.11914062 -0.22460938 -0.47070312
v 0.11914062 -0.22460938 -0.46679688
v 0.11914062 -0.22070312 -0.47460938
v 0.11914062 -0.22070312 -0.44335938
v 0.11914062 -0.22070312 0.11914062
v 0.11914062 -0.22070312 0.24804688
v 0.11914062 -0.20898438 -0.46289062
v 0.11914062 -0.20898438 -0.45898438
v 0.11914062 -0.20898438 0.16210938
v 0.11914062 -0.20117188 0.15039062
v 0.11914062 -0.17773438 0.16992188
v 0.11914062 -0.15820312 0.18164062
v 0.11914062 -0.14648438 0.16210938
v 0.11914062 -0.14257812 0.21289062
v 0.11914062 -0.12304688 0.17382812
v 0.11914062 -0.10351562 0.16601562
v 0.11914062 -0.08007812 -0.01757812
v 0.11914062 -0.08007812 -0.00195312
v 0.11914062 -0.08007812 0.10742188
v 0.11914062 -0.07617188 0.08007812
v 0.11914062 -0.07226562 -0.04101562
v 0.11914062 -0.07226562 0.05273438
v 0.11914062 0.06835938 0.45507812
v 0.11914062 0.07226562 0.46289062
v 0.11914062 0.08398438 0.47070312
v 0.11914062 0.08398438 0.47460938
v 0.11914062 0.09179688 0.47460938
v 0.11914062 0.10351562 0.47851562
v 0.11914062 0.11132812 0.35742188
v 0.11914062 0.11132812 0.36914062
v 0.11914062 0.11914062 0.47851562
v 0.11914062 0.15429688 0.47460938
v 0.11914062 0.15429688 0.47851562
v 0.11914062 0.15820312 0.43164062
v 0.11914062 0.15820312 0.46289062
v 0.11914062 0.16210938 0.41210938
v 0.11914062 0.17382812 0.34179688
v 0.11914062 0.17773438 0.40039062
v 0.11914062 0.18554688 0.27539062
v 0.11914062 0.18945312 0.45117188
v 0.11914062 0.19726562 0.41210938
v 0.11914062 0.20507812 0.43945312
v 0.11914062 0.21289062 0.26367188
v 0.11914062 0.22070312 0.34179688
v 0.11914062 0.22070312 0.41992188
v 0.11914062 0.22460938 0.26757812
v 0.11914062 0.23242188 0.28710938
v 0.11914062 0.24023438 0.32617188
v 0.11914062 0.26757812 0.29492188
v 0.11914062 0.29101562 0.34960938
v 0.11914062 0.34179688 0.30273438
v 0.11914062 0.35742188 0.20117188
v 0.11914062 0.38085938 0.15429688
v 0.11914062 0.38476562 0.24414062
v 0.11914062 0.39648438 0.13085938
v 0.11914062 0.41601562 0.05273438
v 0.11914062 0.41992188 0.17382812
v 0.11914062 0.42382812 0.02929688
v 0.11914062 0.42773438 0.02929688
v 0.11914062 0.43164062 0.14648438
v 0.11914062 0.43945312 0.05664062
v 0.12304688 -0.46289062 -0.06835938
v 0.12304688 -0.46289062 -0.06445312
v 0.12304688 -0.46289062 -0.05664062
v 0.12304688 -0.46289062 -0.03710938
v 0.12304688 -0.46289062 -0.01757812
v 0.12304688 -0.46289062 0.27539062
v 0.12304688 -0.45507812 0.27929688
v 0.12304688 -0.44726562 0.27539062
v 0.12304688 -0.42382812 0.17773438
v 0.12304688 -0.41992188 -0.42773438
v 0.12304688 -0.41601562 -0.41992188
v 0.12304688 -0.41601562 -0.02929688
v 0.12304688 -0.41601562 0.17773438
v 0.12304688 -0.40820312 -0.46679688
v 0.12304688 -0.40820312 0.17773438
v 0.12304688 -0.40429688 -0.03710938
v 0.12304688 -0.39648438 0.17382812
v 0.12304688 -0.38867188 -0.04492188
v 0.12304688 -0.38085938 -0.48632812
v 0.12304688 -0.36914062 -0.40820312
v 0.12304688 -0.36132812 -0.02929688
v 0.12304688 -0.35742188 -0.41992188
v 0.12304688 -0.35742188 0.15429688
v 0.12304688 -0.35351562 -0.48632812
v 0.12304688 -0.35351562 -0.10742188
v 0.12304688 -0.34570312 -0.43945312
v 0.12304688 -0.34570312 0.14257812
v 0.12304688 -0.33398438 -0.47070312
v 0.12304688 -0.33398438 -0.46679688
v 0.12304688 -0.30664062 -0.06835938
v 0.12304688 -0.30664062 0.03710938
v 0.12304688 -0.29492188 -0.07226562
v 0.12304688 -0.29492188 0.14648438
v 0.12304688 -0.27148438 -0.08789062
v 0.12304688 -0.24804688 0.16601562
v 0.12304688 -0.24023438 0.24023438
v 0.12304688 -0.23242188 0.04882812
v 0.12304688 -0.22851562 -0.45898438
v 0.12304688 -0.22460938 0.08398438
v 0.12304688 -0.22070312 -0.47460938
v 0.12304688 -0.21679688 -0.44335938
v 0.12304688 -0.20898438 -0.45898438
v 0.12304688 -0.20507812 0.04492188
v 0.12304688 -0.20117188 0.05664062
v 0.12304688 -0.18164062 0.24414062
v 0.12304688 -0.16992188 0.15429688
v 0.12304688 -0.15820312 -0.11914062
v 0.12304688 -0.15820312 0.23242188
v 0.12304688 -0.15429688 0.19726562
v 0.12304688 -0.12695312 -0.11132812
v 0.12304688 -0.09960938 0.13867188
v 0.12304688 -0.09179688 -0.00195312
v 0.12304688 -0.09179688 0.04882812
v 0.12304688 -0.08789062 0.02148438
v 0.12304688 0.07226562 0.46679688
v 0.12304688 0.07617188 0.43554688
v 0.12304688 0.07617188 0.45507812
v 0.12304688 0.07617188 0.46679688
v 0.12304688 0.08398438 0.47070312
v 0.12304688 0.08789062 0.41601562
v 0.12304688 0.09570312 0.47070312
v 0.12304688 0.09960938 0.39648438
v 0.12304688 0.10351562 0.38085938
v 0.12304688 0.10351562 0.47460938
v 0.12304688 0.13476562 0.47851562
v 0.12304688 0.15039062 0.46679688
v 0.12304688 0.15820312 0.44335938
v 0.12304688 0.16210938 0.33789062
v 0.12304688 0.16210938 0.40039062
v 0.12304688 0.17382812 0.40039062
v 0.12304688 0.17773438 0.38867188
v 0.12304688 0.18164062 0.34570312
v 0.12304688 0.18554688 0.39257812
v 0.12304688 0.19335938 0.39648438
v 0.12304688 0.19726562 0.26367188
v 0.12304688 0.19726562 0.42382812
v 0.12304688 0.21289062 0.28710938
v 0.12304688 0.21679688 0.42773438
v 0.12304688 0.22460938 0.26367188
v 0.12304688 0.22460938 0.29101562
v 0.12304688 0.22460938 0.40039062
v 0.12304688 0.23242188 0.27148438
v 0.12304688 0.24023438 0.37304688
v 0.12304688 0.25585938 0.31835938
v 0.12304688 0.26757812 0.36132812
v 0.12304688 0.28710938 0.28320312
v 0.12304688 0.30273438 0.27148438
v 0.12304688 0.31054688 0.33398438
v 0.12304688 0.31835938 0.25585938
v 0.12304688 0.33007812 0.24023438
v 0.12304688 0.34570312 0.22070312
v 0.12304688 0.35742188 0.28320312
v 0.12304688 0.36914062 0.17773438
v 0.12304688 0.38476562 0.15429688
v 0.12304688 0.39648438 0.22070312
v 0.12304688 0.40429688 0.10351562
v 0.12304688 0.41210938 0.07617188
v 0.12304688 0.41992188 0.05273438
v 0.12304688 0.43554688 0.05664062
v 0.12304688 0.43945312 0.08398438
v 0.12304688 0.43945312 0.11523438
v 0.12695312 -0.46289062 -0.08007812
v 0.12695312 -0.46289062 -0.04882812
v 0.12695312 -0.44726562 0.18554688
v 0.12695312 -0.43554688 0.18164062
v 0.12695312 -0.43554688 0.27539062
v 0.12695312 -0.41992188 0.25976562
v 0.12695312 -0.41210938 -0.46289062
v 0.12695312 -0.41210938 -0.41601562
v 0.12695312 -0.41210938 0.25195312
v 0.12695312 -0.40820312 -0.40820312
v 0.12695312 -0.40039062 -0.40429688
v 0.12695312 -0.40039062 -0.09960938
v 0.12695312 -0.40039062 0.24804688
v 0.12695312 -0.39257812 -0.40039062
v 0.12695312 -0.38476562 -0.48632812
v 0.12695312 -0.38476562 0.16992188
v 0.12695312 -0.38085938 -0.04882812
v 0.12695312 -0.37695312 -0.04882812
v 0.12695312 -0.36914062 0.16210938
v 0.12695312 -0.35742188 -0.49023438
v 0.12695312 -0.35351562 -0.00976562
v 0.12695312 -0.34570312 -0.43554688
v 0.12695312 -0.33789062 -0.10742188
v 0.12695312 -0.33398438 -0.48242188
v 0.12695312 -0.33398438 -0.47851562
v 0.12695312 -0.33398438 -0.45898438
v 0.12695312 -0.33007812 -0.10351562
v 0.12695312 -0.31835938 -0.09570312
v 0.12695312 -0.31054688 -0.08398438
v 0.12695312 -0.30664062 0.14257812
v 0.12695312 -0.28710938 0.04882812
v 0.12695312 -0.28320312 0.22070312
v 0.12695312 -0.26367188 0.23242188
v 0.12695312 -0.25976562 0.05664062
v 0.12695312 -0.24023438 -0.47070312
v 0.12695312 -0.23632812 -0.48242188
v 0.12695312 -0.23632812 -0.47851562
v 0.12695312 -0.23632812 -0.47460938
v 0.12695312 -0.23242188 -0.48242188
v 0.12695312 -0.22851562 -0.45507812
v 0.12695312 -0.22851562 0.06445312
v 0.12695312 -0.22851562 0.16601562
v 0.12695312 -0.22070312 -0.47851562
v 0.12695312 -0.21289062 -0.45117188
v 0.12695312 -0.21289062 -0.44726562
v 0.12695312 -0.20898438 -0.45507812
v 0.12695312 -0.20117188 0.06054688
v 0.12695312 -0.20117188 0.06445312
v 0.12695312 -0.20117188 0.16992188
v 0.12695312 -0.18945312 0.11914062
v 0.12695312 -0.17773438 0.05664062
v 0.12695312 -0.17773438 0.17773438
v 0.12695312 -0.17382812 0.06054688
v 0.12695312 -0.16992188 0.06445312
v 0.12695312 -0.16992188 0.12304688
v 0.12695312 -0.16601562 0.18554688
v 0.12695312 -0.16210938 0.19726562
v 0.12695312 -0.15820312 0.21289062
v 0.12695312 -0.14648438 0.05273438
v 0.12695312 -0.14257812 0.13085938
v 0.12695312 -0.12695312 0.04101562
v 0.12695312 -0.12304688 0.13867188
v 0.12695312 -0.11523438 -0.09960938
v 0.12695312 -0.09960938 0.01757812
v 0.12695312 -0.09570312 0.10742188
v 0.12695312 -0.09179688 0.07617188
v 0.12695312 -0.08398438 -0.06054688
v 0.12695312 -0.07617188 -0.05273438
v 0.12695312 -0.07617188 -0.04101562
v 0.12695312 -0.07617188 -0.02148438
v 0.12695312 0.08007812 0.45507812
v 0.12695312 0.09179688 0.46289062
v 0.12695312 0.10351562 0.46679688
v 0.12695312 0.11132812 0.46679688
v 0.12695312 0.11914062 0.47070312
v 0.12695312 0.13085938 0.46289062
v 0.12695312 0.13867188 0.47070312
v 0.12695312 0.15039062 0.45117188
v 0.12695312 0.15820312 0.41992188
v 0.12695312 0.16992188 0.38476562
v 0.12695312 0.17382812 0.35742188
v 0.12695312 0.17382812 0.36914062
v 0.12695312 0.17773438 0.37304688
v 0.12695312 0.18164062 0.36132812
v 0.12695312 0.18945312 0.38085938
v 0.12695312 0.19335938 0.26757812
v 0.12695312 0.19726562 0.28710938
v 0.12695312 0.20117188 0.35351562
v 0.12695312 0.20507812 0.40429688
v 0.12695312 0.20507812 0.42773438
v 0.12695312 0.21679688 0.36132812
v 0.12695312 0.22070312 0.25976562
v 0.12695312 0.22070312 0.41210938
v 0.12695312 0.23242188 0.26757812
v 0.12695312 0.23242188 0.27929688
v 0.12695312 0.24023438 0.34179688
v 0.12695312 0.25976562 0.35742188
v 0.12695312 0.27148438 0.30273438
v 0.12695312 0.28710938 0.34570312
v 0.12695312 0.32617188 0.31835938
v 0.12695312 0.34570312 0.22070312
v 0.12695312 0.35742188 0.20117188
v 0.12695312 0.36914062 0.26367188
v 0.12695312 0.39648438 0.13085938
v 0.12695312 0.40820312 0.10351562
v 0.12695312 0.40820312 0.19726562
v 0.12695312 0.41601562 0.08007812
v 0.12695312 0.41992188 0.16992188
v 0.12695312 0.42773438 0.05273438
v 0.12695312 0.43554688 0.08398438
v 0.13085938 -0.46289062 -0.08789062
v 0.13085938 -0.46289062 -0.02929688
v 0.13085938 -0.46289062 0.27539062
v 0.13085938 -0.45898438 -0.09570312
v 0.13085938 -0.45507812 -0.10742188
v 0.13085938 -0.45507812 0.27929688
v 0.13085938 -0.44726562 0.27929688
v 0.13085938 -0.43554688 0.27539062
v 0.13085938 -0.43164062 0.26757812
v 0.13085938 -0.41601562 -0.09960938
v 0.13085938 -0.41210938 -0.45898438
v 0.13085938 -0.40820312 0.17773438
v 0.13085938 -0.38867188 -0.48632812
v 0.13085938 -0.38085938 -0.41210938
v 0.13085938 -0.38085938 0.24804688
v 0.13085938 -0.37304688 -0.04492188
v 0.13085938 -0.36523438 -0.03710938
v 0.13085938 -0.36132812 0.24414062
v 0.13085938 -0.35742188 -0.49414062
v 0.13085938 -0.35742188 0.15039062
v 0.13085938 -0.34179688 0.00976562
v 0.13085938 -0.34179688 0.23632812
v 0.13085938 -0.33398438 -0.48632812
v 0.13085938 -0.33398438 -0.45507812
v 0.13085938 -0.33007812 0.13476562
v 0.13085938 -0.32226562 0.22070312
v 0.13085938 -0.31835938 0.13867188
v 0.13085938 -0.31054688 0.20507812
v 0.13085938 -0.29882812 0.21289062
v 0.13085938 -0.29492188 0.15039062
v 0.13085938 -0.28320312 0.15820312
v 0.13085938 -0.27148438 0.16210938
v 0.13085938 -0.25976562 0.16601562
v 0.13085938 -0.24414062 0.16992188
v 0.13085938 -0.24023438 -0.46679688
v 0.13085938 -0.23242188 -0.48632812
v 0.13085938 -0.22851562 -0.45507812
v 0.13085938 -0.21679688 -0.47851562
v 0.13085938 -0.21679688 -0.47460938
v 0.13085938 -0.21289062 0.23632812
v 0.13085938 -0.19335938 0.08007812
v 0.13085938 -0.17773438 0.22460938
v 0.13085938 -0.16992188 0.09179688
v 0.13085938 -0.16992188 0.18945312
v 0.13085938 -0.14257812 0.09570312
v 0.13085938 -0.13867188 -0.10351562
v 0.13085938 -0.13867188 0.06445312
v 0.13085938 -0.12304688 0.04101562
v 0.13085938 -0.11523438 0.04492188
v 0.13085938 -0.11523438 0.10351562
v 0.13085938 -0.11132812 0.07226562
v 0.13085938 -0.10742188 -0.08789062
v 0.13085938 -0.10351562 0.01757812
v 0.13085938 -0.09179688 -0.07226562
v 0.13085938 -0.09179688 0.00195312
v 0.13085938 -0.08007812 -0.04882812
v 0.13085938 -0.07617188 -0.02148438
v 0.13085938 0.08398438 0.43554688
v 0.13085938 0.08398438 0.45898438
v 0.13085938 0.12304688 0.45898438
v 0.13085938 0.13085938 0.32617188
v 0.13085938 0.13476562 0.32226562
v 0.13085938 0.14257812 0.45898438
v 0.13085938 0.14648438 0.32617188
v 0.13085938 0.15429688 0.42773438
v 0.13085938 0.15820312 0.40039062
v 0.13085938 0.16210938 0.34960938
v 0.13085938 0.16210938 0.36523438
v 0.13085938 0.19335938 0.36914062
v 0.13085938 0.20117188 0.38867188
v 0.13085938 0.20898438 0.41601562
v 0.13085938 0.21289062 0.25976562
v 0.13085938 0.21289062 0.27539062
v 0.13085938 0.21289062 0.41601562
v 0.13085938 0.21679688 0.25976562
v 0.13085938 0.22460938 0.25585938
v 0.13085938 0.22460938 0.27929688
v 0.13085938 0.23242188 0.25585938
v 0.13085938 0.23242188 0.26367188
v 0.13085938 0.23242188 0.27148438
v 0.13085938 0.23242188 0.38476562
v 0.13085938 0.24023438 0.36132812
v 0.13085938 0.25976562 0.33007812
v 0.13085938 0.27539062 0.34179688
v 0.13085938 0.29101562 0.28710938
v 0.13085938 0.30273438 0.33007812
v 0.13085938 0.30664062 0.27539062
v 0.13085938 0.32226562 0.25976562
v 0.13085938 0.33398438 0.24023438
v 0.13085938 0.33789062 0.30273438
v 0.13085938 0.35351562 0.28320312
v 0.13085938 0.36132812 0.20117188
v 0.13085938 0.37304688 0.17773438
v 0.13085938 0.38085938 0.24414062
v 0.13085938 0.38476562 0.15820312
v 0.13085938 0.41992188 0.08007812
v 0.13085938 0.42773438 0.08007812
v 0.13085938 0.42773438 0.14648438
v 0.13085938 0.43554688 0.11523438
v 0.13476562 -0.46289062 -0.06835938
v 0.13476562 -0.46289062 -0.06445312
v 0.13476562 -0.46289062 -0.05664062
v 0.13476562 -0.46289062 -0.04882812
v 0.13476562 -0.46289062 -0.04101562
v 0.13476562 -0.44726562 -0.11132812
v 0.13476562 -0.43945312 0.18164062
v 0.13476562 -0.43554688 -0.10742188
v 0.13476562 -0.43554688 0.27148438
v 0.13476562 -0.43164062 0.17773438
v 0.13476562 -0.42773438 -0.10742188
v 0.13476562 -0.42382812 -0.10351562
v 0.13476562 -0.41992188 0.17773438
v 0.13476562 -0.41210938 -0.45507812
v 0.13476562 -0.41210938 -0.45117188
v 0.13476562 -0.40429688 -0.04101562
v 0.13476562 -0.40039062 0.17773438
v 0.13476562 -0.38867188 -0.48632812
v 0.13476562 -0.38867188 -0.04882812
v 0.13476562 -0.38085938 -0.05273438
v 0.13476562 -0.37695312 -0.10351562
v 0.13476562 -0.36523438 -0.42382812
v 0.13476562 -0.36132812 -0.49414062
v 0.13476562 -0.36132812 -0.02539062
v 0.13476562 -0.34960938 -0.43554688
v 0.13476562 -0.34179688 0.13867188
v 0.13476562 -0.33398438 -0.49023438
v 0.13476562 -0.33398438 -0.45117188
v 0.13476562 -0.32617188 0.03320312
v 0.13476562 -0.31835938 -0.48242188
v 0.13476562 -0.31835938 -0.47851562
v 0.13476562 -0.31835938 -0.47460938
v 0.13476562 -0.31835938 -0.47070312
v 0.13476562 -0.30664062 -0.06445312
v 0.13476562 -0.30664062 0.14648438
v 0.13476562 -0.30273438 -0.05273438
v 0.13476562 -0.25195312 -0.47851562
v 0.13476562 -0.24804688 -0.49023438
v 0.13476562 -0.24804688 -0.48632812
v 0.13476562 -0.24804688 -0.48242188
v 0.13476562 -0.24023438 -0.46289062
v 0.13476562 -0.23632812 0.23242188
v 0.13476562 -0.23242188 -0.48632812
v 0.13476562 -0.22460938 -0.45507812
v 0.13476562 -0.22460938 0.16992188
v 0.13476562 -0.21679688 -0.47460938
v 0.13476562 -0.20117188 0.17773438
v 0.13476562 -0.18164062 0.18164062
v 0.13476562 -0.17773438 0.19335938
v 0.13476562 -0.17773438 0.20898438
v 0.13476562 -0.16992188 0.06445312
v 0.13476562 -0.16992188 0.19726562
v 0.13476562 -0.14648438 0.05273438
v 0.13476562 -0.08789062 -0.00195312
v 0.13476562 -0.08398438 -0.05664062
v 0.13476562 -0.08007812 -0.04492188
v 0.13476562 0.09179688 0.43945312
v 0.13476562 0.09570312 0.41601562
v 0.13476562 0.09960938 0.44335938
v 0.13476562 0.10742188 0.39648438
v 0.13476562 0.10742188 0.44726562
v 0.13476562 0.11523438 0.38476562
v 0.13476562 0.11523438 0.45117188
v 0.13476562 0.11914062 0.37304688
v 0.13476562 0.12304688 0.36132812
v 0.13476562 0.12695312 0.34570312
v 0.13476562 0.13867188 0.44726562
v 0.13476562 0.15039062 0.34179688
v 0.13476562 0.15039062 0.43945312
v 0.13476562 0.15429688 0.41601562
v 0.13476562 0.16210938 0.38085938
v 0.13476562 0.20117188 0.27539062
v 0.13476562 0.20898438 0.26367188
v 0.13476562 0.20898438 0.37695312
v 0.13476562 0.21679688 0.25976562
v 0.13476562 0.21679688 0.26757812
v 0.13476562 0.21679688 0.40429688
v 0.13476562 0.22070312 0.37695312
v 0.13476562 0.22070312 0.40820312
v 0.13476562 0.22460938 0.27148438
v 0.13476562 0.22460938 0.40039062
v 0.13476562 0.23242188 0.25195312
v 0.13476562 0.23242188 0.26757812
v 0.13476562 0.26367188 0.34179688
v 0.13476562 0.27929688 0.31445312
v 0.13476562 0.28710938 0.32226562
v 0.13476562 0.29492188 0.29492188
v 0.13476562 0.29492188 0.32617188
v 0.13476562 0.31054688 0.27929688
v 0.13476562 0.31835938 0.31445312
v 0.13476562 0.33398438 0.29882812
v 0.13476562 0.34960938 0.22460938
v 0.13476562 0.36523438 0.26367188
v 0.13476562 0.37304688 0.18164062
v 0.13476562 0.39257812 0.22070312
v 0.13476562 0.40039062 0.13085938
v 0.13476562 0.40429688 0.19335938
v 0.13476562 0.41210938 0.10351562
v 0.13476562 0.41210938 0.16992188
v 0.13476562 0.41992188 0.10742188
v 0.13476562 0.42382812 0.14257812
v 0.13476562 0.42773438 0.11132812
v 0.13867188 -0.46289062 -0.07617188
v 0.13867188 -0.46289062 0.26757812
v 0.13867188 -0.45507812 0.18945312
v 0.13867188 -0.45507812 0.27539062
v 0.13867188 -0.44726562 0.27539062
v 0.13867188 -0.43164062 0.26367188
v 0.13867188 -0.41210938 -0.03320312
v 0.13867188 -0.41210938 0.24414062
v 0.13867188 -0.40820312 -0.44726562
v 0.13867188 -0.40820312 -0.43945312
v 0.13867188 -0.40039062 -0.09179688
v 0.13867188 -0.40039062 0.24023438
v 0.13867188 -0.39257812 -0.48242188
v 0.13867188 -0.39257812 -0.47851562
v 0.13867188 -0.38867188 -0.41601562
v 0.13867188 -0.38476562 0.16992188
v 0.13867188 -0.37695312 -0.05273438
v 0.13867188 -0.37304688 -0.04882812
v 0.13867188 -0.37304688 0.16601562
v 0.13867188 -0.36523438 -0.49414062
v 0.13867188 -0.35351562 -0.10742188
v 0.13867188 -0.35351562 -0.00976562
v 0.13867188 -0.33789062 -0.49804688
v 0.13867188 -0.33789062 -0.49414062
v 0.13867188 -0.33398438 -0.44726562
v 0.13867188 -0.31835938 -0.49414062
v 0.13867188 -0.31835938 -0.49023438
v 0.13867188 -0.31835938 -0.48632812
v 0.13867188 -0.31835938 -0.46289062
v 0.13867188 -0.31835938 0.13867188
v 0.13867188 -0.30664062 0.04882812
v 0.13867188 -0.29492188 0.20117188
v 0.13867188 -0.29101562 0.06054688
v 0.13867188 -0.27539062 0.16601562
v 0.13867188 -0.27539062 0.21289062
v 0.13867188 -0.26757812 0.16992188
v 0.13867188 -0.26367188 0.06445312
v 0.13867188 -0.25976562 0.16992188
v 0.13867188 -0.25976562 0.22460938
v 0.13867188 -0.25195312 -0.47460938
v 0.13867188 -0.25195312 -0.47070312
v 0.13867188 -0.24414062 -0.49023438
v 0.13867188 -0.24414062 0.17382812
v 0.13867188 -0.23632812 -0.46289062
v 0.13867188 -0.23242188 0.06835938
v 0.13867188 -0.22851562 -0.48632812
v 0.13867188 -0.22851562 -0.09960938
v 0.13867188 -0.22460938 0.17773438
v 0.13867188 -0.22070312 -0.45898438
v 0.13867188 -0.21679688 -0.47070312
v 0.13867188 -0.21289062 -0.10351562
v 0.13867188 -0.20898438 0.22070312
v 0.13867188 -0.20507812 0.18164062
v 0.13867188 -0.20117188 0.06835938
v 0.13867188 -0.18554688 0.18554688
v 0.13867188 -0.18554688 0.19726562
v 0.13867188 -0.12304688 -0.09179688
v 0.13867188 -0.11523438 0.03710938
v 0.13867188 -0.09960938 0.01757812
v 0.13867188 -0.09570312 -0.06835938
v 0.13867188 -0.08789062 -0.00195312
v 0.13867188 -0.08007812 -0.02539062
v 0.13867188 0.10351562 0.41992188
v 0.13867188 0.11523438 0.42773438
v 0.13867188 0.11914062 0.40039062
v 0.13867188 0.12304688 0.43164062
v 0.13867188 0.13085938 0.43945312
v 0.13867188 0.13476562 0.33789062
v 0.13867188 0.13867188 0.33398438
v 0.13867188 0.13867188 0.41601562
v 0.13867188 0.14648438 0.42773438
v 0.13867188 0.15039062 0.40429688
v 0.13867188 0.20898438 0.26757812
v 0.13867188 0.21289062 0.39257812
v 0.13867188 0.21679688 0.26367188
v 0.13867188 0.21679688 0.38476562
v 0.13867188 0.21679688 0.40039062
v 0.13867188 0.22460938 0.25585938
v 0.13867188 0.22460938 0.26367188
v 0.13867188 0.22460938 0.39648438
v 0.13867188 0.23242188 0.25585938
v 0.13867188 0.23242188 0.26367188
v 0.13867188 0.23242188 0.38476562
v 0.13867188 0.30273438 0.30664062
v 0.13867188 0.31054688 0.31054688
v 0.13867188 0.31835938 0.28710938
v 0.13867188 0.32617188 0.26367188
v 0.13867188 0.32617188 0.29101562
v 0.13867188 0.33007812 0.26757812
v 0.13867188 0.33398438 0.24414062
v 0.13867188 0.33789062 0.27148438
v 0.13867188 0.34179688 0.24804688
v 0.13867188 0.34570312 0.27929688
v 0.13867188 0.35351562 0.22851562
v 0.13867188 0.36523438 0.20507812
v 0.13867188 0.37695312 0.24023438
v 0.13867188 0.38085938 0.18554688
v 0.13867188 0.38867188 0.15820312
v 0.13867188 0.38867188 0.21679688
v 0.13867188 0.39648438 0.19335938
v 0.13867188 0.40429688 0.16601562
v 0.13867188 0.40820312 0.13476562
v 0.13867188 0.41601562 0.13867188
v 0.14257812 -0.46289062 -0.06835938
v 0.14257812 -0.46289062 -0.06054688
v 0.14257812 -0.46289062 -0.05273438
v 0.14257812 -0.46289062 -0.04101562
v 0.14257812 -0.46289062 -0.02929688
v 0.14257812 -0.46289062 -0.02148438
v 0.14257812 -0.46289062 0.19726562
v 0.14257812 -0.46289062 0.25976562
v 0.14257812 -0.45507812 0.26367188
v 0.14257812 -0.44726562 0.26367188
v 0.14257812 -0.42773438 0.25585938
v 0.14257812 -0.41992188 -0.01757812
v 0.14257812 -0.41601562 -0.09179688
v 0.14257812 -0.41601562 -0.02539062
v 0.14257812 -0.41210938 0.18554688
v 0.14257812 -0.40429688 -0.43554688
v 0.14257812 -0.40039062 -0.08398438
v 0.14257812 -0.40039062 -0.04882812
v 0.14257812 -0.40039062 0.18164062
v 0.14257812 -0.39648438 -0.42773438
v 0.14257812 -0.39257812 -0.47460938
v 0.14257812 -0.39257812 -0.41992188
v 0.14257812 -0.38867188 -0.05664062
v 0.14257812 -0.38085938 -0.09960938
v 0.14257812 -0.38085938 0.24023438
v 0.14257812 -0.37304688 -0.42773438
v 0.14257812 -0.36914062 -0.49414062
v 0.14257812 -0.36523438 -0.04101562
v 0.14257812 -0.36132812 0.23632812
v 0.14257812 -0.35742188 -0.02929688
v 0.14257812 -0.35742188 0.15429688
v 0.14257812 -0.35351562 -0.43554688
v 0.14257812 -0.34179688 -0.10742188
v 0.14257812 -0.34179688 0.01367188
v 0.14257812 -0.34179688 0.14257812
v 0.14257812 -0.34179688 0.22460938
v 0.14257812 -0.33007812 0.13867188
v 0.14257812 -0.32226562 0.21289062
v 0.14257812 -0.31835938 -0.49414062
v 0.14257812 -0.31835938 -0.45898438
v 0.14257812 -0.31445312 -0.08007812
v 0.14257812 -0.30664062 0.19726562
v 0.14257812 -0.30273438 -0.47460938
v 0.14257812 -0.29882812 -0.49414062
v 0.14257812 -0.29882812 -0.49023438
v 0.14257812 -0.29882812 -0.48632812
v 0.14257812 -0.29882812 -0.48242188
v 0.14257812 -0.29882812 -0.47851562
v 0.14257812 -0.29492188 -0.06445312
v 0.14257812 -0.29101562 0.15820312
v 0.14257812 -0.27539062 0.17382812
v 0.14257812 -0.26757812 0.17773438
v 0.14257812 -0.26367188 -0.49023438
v 0.14257812 -0.26367188 -0.48632812
v 0.14257812 -0.26367188 -0.48242188
v 0.14257812 -0.25976562 -0.49414062
v 0.14257812 -0.25976562 0.17773438
v 0.14257812 -0.25195312 -0.47070312
v 0.14257812 -0.24804688 -0.09179688
v 0.14257812 -0.24414062 -0.49414062
v 0.14257812 -0.24414062 0.18164062
v 0.14257812 -0.23632812 -0.46289062
v 0.14257812 -0.23242188 0.21679688
v 0.14257812 -0.22851562 -0.48632812
v 0.14257812 -0.22460938 0.18554688
v 0.14257812 -0.22460938 0.19726562
v 0.14257812 -0.22070312 -0.46289062
v 0.14257812 -0.22070312 -0.45898438
v 0.14257812 -0.21679688 -0.46679688
v 0.14257812 -0.20507812 0.18945312
v 0.14257812 -0.20507812 0.20117188
v 0.14257812 -0.18945312 -0.10742188
v 0.14257812 -0.14257812 0.05273438
v 0.14257812 -0.11132812 -0.08007812
v 0.14257812 -0.09960938 0.01367188
v 0.14257812 -0.08789062 -0.04882812
v 0.14257812 -0.08398438 -0.02929688
v 0.14257812 0.12695312 0.38867188
v 0.14257812 0.12695312 0.40820312
v 0.14257812 0.13476562 0.34960938
v 0.14257812 0.13476562 0.38085938
v 0.14257812 0.13867188 0.39648438
v 0.14257812 0.15429688 0.39257812
v 0.14257812 0.15820312 0.35742188
v 0.14257812 0.15820312 0.37304688
v 0.14257812 0.34960938 0.25195312
v 0.14257812 0.35742188 0.25976562
v 0.14257812 0.36132812 0.23242188
v 0.14257812 0.36914062 0.20898438
v 0.14257812 0.36914062 0.23632812
v 0.14257812 0.38085938 0.21289062
v 0.14257812 0.38867188 0.18945312
v 0.14257812 0.39648438 0.16210938
v 0.14648438 -0.46289062 -0.08398438
v 0.14648438 -0.46289062 0.25195312
v 0.14648438 -0.45507812 -0.01367188
v 0.14648438 -0.45507812 0.25585938
v 0.14648438 -0.45117188 0.18554688
v 0.14648438 -0.43945312 -0.01367188
v 0.14648438 -0.43945312 0.18164062
v 0.14648438 -0.43945312 0.25585938
v 0.14648438 -0.42773438 -0.01367188
v 0.14648438 -0.42773438 0.18164062
v 0.14648438 -0.41210938 0.23242188
v 0.14648438 -0.40820312 -0.04101562
v 0.14648438 -0.40039062 -0.07226562
v 0.14648438 -0.40039062 -0.06054688
v 0.14648438 -0.39648438 0.23242188
v 0.14648438 -0.39257812 -0.47070312
v 0.14648438 -0.38867188 -0.06835938
v 0.14648438 -0.38867188 0.17773438
v 0.14648438 -0.38476562 -0.08007812
v 0.14648438 -0.38085938 -0.09179688
v 0.14648438 -0.38085938 -0.06054688
v 0.14648438 -0.37695312 -0.06054688
v 0.14648438 -0.36914062 -0.49414062
v 0.14648438 -0.35742188 -0.10351562
v 0.14648438 -0.34960938 -0.01367188
v 0.14648438 -0.33789062 -0.49804688
v 0.14648438 -0.33398438 -0.44726562
v 0.14648438 -0.33007812 -0.09960938
v 0.14648438 -0.32617188 0.03320312
v 0.14648438 -0.32226562 -0.09570312
v 0.14648438 -0.31835938 -0.49804688
v 0.14648438 -0.31054688 0.04882812
v 0.14648438 -0.30273438 -0.47070312
v 0.14648438 -0.30273438 0.15039062
v 0.14648438 -0.29492188 -0.49804688
v 0.14648438 -0.29492188 -0.49414062
v 0.14648438 -0.29101562 0.16992188
v 0.14648438 -0.29101562 0.17773438
v 0.14648438 -0.29101562 0.18945312
v 0.14648438 -0.28320312 -0.47851562
v 0.14648438 -0.27929688 -0.49414062
v 0.14648438 -0.27929688 -0.49023438
v 0.14648438 -0.27929688 -0.48632812
v 0.14648438 -0.27929688 -0.48242188
v 0.14648438 -0.27539062 0.18945312
v 0.14648438 -0.27148438 0.20507812
v 0.14648438 -0.26757812 -0.47460938
v 0.14648438 -0.26757812 0.18945312
v 0.14648438 -0.26367188 -0.47851562
v 0.14648438 -0.25976562 -0.49804688
v 0.14648438 -0.25976562 -0.49414062
v 0.14648438 -0.25585938 0.20898438
v 0.14648438 -0.25195312 -0.46679688
v 0.14648438 -0.24804688 0.19335938
v 0.14648438 -0.24414062 -0.49414062
v 0.14648438 -0.23632812 -0.46289062
v 0.14648438 -0.22851562 -0.48632812
v 0.14648438 -0.22851562 -0.48242188
v 0.14648438 -0.16601562 -0.09960938
v 0.14648438 -0.16601562 0.06445312
v 0.14648438 -0.11523438 0.03710938
v 0.14648438 -0.08789062 -0.00585938
v 0.14648438 0.13476562 0.36914062
v 0.14648438 0.14648438 0.35351562
v 0.14648438 0.14648438 0.38476562
v 0.15039062 -0.46289062 -0.07226562
v 0.15039062 -0.46289062 -0.06054688
v 0.15039062 -0.45898438 -0.09179688
v 0.15039062 -0.45898438 0.18945312
v 0.15039062 -0.42382812 -0.09179688
v 0.15039062 -0.41601562 -0.08007812
v 0.15039062 -0.41601562 0.19335938
v 0.15039062 -0.40820312 0.21679688
v 0.15039062 -0.40429688 0.19335938
v 0.15039062 -0.39257812 -0.46679688
v 0.15039062 -0.38867188 0.18945312
v 0.15039062 -0.38085938 0.22851562
v 0.15039062 -0.37695312 -0.43164062
v 0.15039062 -0.37695312 -0.07226562
v 0.15039062 -0.37304688 0.16992188
v 0.15039062 -0.36914062 -0.49414062
v 0.15039062 -0.36914062 -0.05664062
v 0.15039062 -0.36132812 -0.04882812
v 0.15039062 -0.35742188 -0.03710938
v 0.15039062 -0.35742188 0.15820312
v 0.15039062 -0.34570312 -0.09960938
v 0.15039062 -0.34179688 -0.49804688
v 0.15039062 -0.34179688 0.15039062
v 0.15039062 -0.33007812 0.14257812
v 0.15039062 -0.32226562 0.20117188
v 0.15039062 -0.31835938 -0.49804688
v 0.15039062 -0.31835938 -0.45898438
v 0.15039062 -0.31835938 0.14648438
v 0.15039062 -0.31445312 -0.05664062
v 0.15039062 -0.30664062 -0.04101562
v 0.15039062 -0.30664062 0.18164062
v 0.15039062 -0.30273438 -0.46679688
v 0.15039062 -0.30273438 0.15820312
v 0.15039062 -0.30273438 0.16992188
v 0.15039062 -0.29492188 -0.49804688
v 0.15039062 -0.29101562 0.06445312
v 0.15039062 -0.28320312 -0.47460938
v 0.15039062 -0.27539062 -0.49804688
v 0.15039062 -0.27148438 -0.07617188
v 0.15039062 -0.26757812 -0.47460938
v 0.15039062 -0.26367188 0.06835938
v 0.15039062 -0.25976562 -0.49804688
v 0.15039062 -0.25195312 -0.46679688
v 0.15039062 -0.24414062 -0.49414062
v 0.15039062 -0.23242188 -0.46679688
v 0.15039062 -0.23242188 0.06835938
v 0.15039062 -0.22851562 -0.48242188
v 0.15039062 -0.22851562 -0.47851562
v 0.15039062 -0.20117188 0.06835938
v 0.15039062 -0.14648438 -0.08398438
v 0.15039062 -0.09960938 -0.05664062
v 0.15039062 -0.09960938 0.00976562
v 0.15039062 -0.09179688 -0.03710938
v 0.15039062 -0.09179688 -0.01367188
v 0.15039062 0.14648438 0.36914062
v 0.15429688 -0.46289062 -0.06445312
v 0.15429688 -0.46289062 -0.05273438
v 0.15429688 -0.46289062 -0.04492188
v 0.15429688 -0.46289062 -0.03320312
v 0.15429688 -0.46289062 0.20117188
v 0.15429688 -0.46289062 0.24023438
v 0.15429688 -0.45507812 0.24414062
v 0.15429688 -0.43945312 0.24023438
v 0.15429688 -0.43164062 0.19335938
v 0.15429688 -0.42773438 -0.09570312
v 0.15429688 -0.42382812 0.23242188
v 0.15429688 -0.41210938 -0.03320312
v 0.15429688 -0.40820312 -0.05273438
v 0.15429688 -0.40429688 0.20507812
v 0.15429688 -0.39648438 0.21679688
v 0.15429688 -0.39257812 -0.45898438
v 0.15429688 -0.39257812 -0.45507812
v 0.15429688 -0.39257812 0.20117188
v 0.15429688 -0.38867188 -0.45117188
v 0.15429688 -0.38476562 -0.44335938
v 0.15429688 -0.38085938 -0.43554688
v 0.15429688 -0.37304688 -0.49023438
v 0.15429688 -0.37304688 -0.08398438
v 0.15429688 -0.37304688 -0.06835938
v 0.15429688 -0.37304688 0.18164062
v 0.15429688 -0.36523438 -0.09570312
v 0.15429688 -0.36523438 -0.06445312
v 0.15429688 -0.36132812 0.22460938
v 0.15429688 -0.35742188 -0.43945312
v 0.15429688 -0.35742188 -0.06054688
v 0.15429688 -0.34960938 -0.04492188
v 0.15429688 -0.34960938 -0.01757812
v 0.15429688 -0.34179688 -0.49804688
v 0.15429688 -0.34179688 0.00976562
v 0.15429688 -0.34179688 0.21289062
v 0.15429688 -0.33789062 -0.44726562
v 0.15429688 -0.33789062 -0.09570312
v 0.15429688 -0.33007812 -0.08789062
v 0.15429688 -0.32617188 0.15429688
v 0.15429688 -0.32226562 -0.07617188
v 0.15429688 -0.32226562 0.18554688
v 0.15429688 -0.31835938 -0.45507812
v 0.15429688 -0.31835938 0.17382812
v 0.15429688 -0.31445312 0.15429688
v 0.15429688 -0.31445312 0.16601562
v 0.15429688 -0.30273438 -0.46679688
v 0.15429688 -0.29492188 -0.49804688
v 0.15429688 -0.28320312 -0.47460938
v 0.15429688 -0.27539062 -0.49804688
v 0.15429688 -0.26757812 -0.47070312
v 0.15429688 -0.25976562 -0.49804688
v 0.15429688 -0.24804688 -0.46679688
v 0.15429688 -0.24023438 -0.49414062
v 0.15429688 -0.23242188 -0.47070312
v 0.15429688 -0.22851562 -0.47460938
v 0.15429688 -0.22851562 -0.47070312
v 0.15429688 -0.13867188 0.04882812
v 0.15429688 -0.13085938 -0.07617188
v 0.15429688 -0.11523438 -0.06445312
v 0.15429688 -0.11523438 0.02929688
v 0.15820312 -0.46289062 -0.05664062
v 0.15820312 -0.46289062 -0.04492188
v 0.15820312 -0.45898438 -0.09960938
v 0.15820312 -0.45898438 0.19726562
v 0.15820312 -0.45507812 0.19335938
v 0.15820312 -0.43945312 0.19335938
v 0.15820312 -0.43554688 -0.09570312
v 0.15820312 -0.41601562 0.20898438
v 0.15820312 -0.41601562 0.22070312
v 0.15820312 -0.41210938 -0.06445312
v 0.15820312 -0.37695312 0.21289062
v 0.15820312 -0.37304688 -0.48632812
v 0.15820312 -0.37304688 0.19726562
v 0.15820312 -0.36523438 -0.08398438
v 0.15820312 -0.36132812 -0.44335938
v 0.15820312 -0.35742188 -0.09179688
v 0.15820312 -0.35742188 0.16992188
v 0.15820312 -0.35742188 0.18945312
v 0.15820312 -0.35742188 0.20507812
v 0.15820312 -0.34570312 -0.49804688
v 0.15820312 -0.34179688 -0.49804688
v 0.15820312 -0.34179688 0.16210938
v 0.15820312 -0.34179688 0.17773438
v 0.15820312 -0.34179688 0.19726562
v 0.15820312 -0.32617188 0.02929688
v 0.15820312 -0.32617188 0.16992188
v 0.15820312 -0.31835938 -0.49804688
v 0.15820312 -0.29492188 -0.49804688
v 0.15820312 -0.28320312 -0.47070312
v 0.15820312 -0.27539062 -0.49804688
v 0.15820312 -0.26757812 -0.47070312
v 0.15820312 -0.25976562 -0.49804688
v 0.15820312 -0.25585938 -0.06835938
v 0.15820312 -0.24804688 -0.47070312
v 0.15820312 -0.24023438 -0.49023438
v 0.15820312 -0.24023438 -0.48632812
v 0.15820312 -0.16601562 0.06054688
v 0.15820312 -0.10351562 -0.04101562
v 0.15820312 -0.10351562 0.00585938
v 0.15820312 -0.09960938 -0.01757812
v 0.16210938 -0.46289062 -0.07617188
v 0.16210938 -0.46289062 -0.06445312
v 0.16210938 -0.46289062 -0.05273438
v 0.16210938 -0.45898438 -0.02929688
v 0.16210938 -0.44726562 -0.09960938
v 0.16210938 -0.41992188 -0.02929688
v 0.16210938 -0.37304688 -0.48242188
v 0.16210938 -0.37304688 -0.47851562
v 0.16210938 -0.36523438 -0.44726562
v 0.16210938 -0.35742188 -0.08007812
v 0.16210938 -0.34570312 -0.49414062
v 0.16210938 -0.34570312 -0.08789062
v 0.16210938 -0.34570312 -0.07226562
v 0.16210938 -0.34179688 -0.45117188
v 0.16210938 -0.34179688 -0.05664062
v 0.16210938 -0.34179688 -0.02929688
v 0.16210938 -0.33789062 -0.08007812
v 0.16210938 -0.33789062 0.00195312
v 0.16210938 -0.33398438 -0.04101562
v 0.16210938 -0.33007812 -0.06835938
v 0.16210938 -0.32226562 -0.45898438
v 0.16210938 -0.32226562 -0.04882812
v 0.16210938 -0.31835938 -0.49804688
v 0.16210938 -0.31445312 -0.03320312
v 0.16210938 -0.30664062 0.04492188
v 0.16210938 -0.30273438 -0.46679688
v 0.16210938 -0.29492188 -0.49804688
v 0.16210938 -0.29492188 -0.04492188
v 0.16210938 -0.28320312 -0.46679688
v 0.16210938 -0.27539062 -0.49804688
v 0.16210938 -0.26757812 -0.47070312
v 0.16210938 -0.25976562 -0.49804688
v 0.16210938 -0.24804688 -0.47070312
v 0.16210938 -0.24414062 -0.48242188
v 0.16210938 -0.24414062 -0.47460938
v 0.16210938 -0.24023438 -0.48242188
v 0.16210938 -0.24023438 -0.07226562
v 0.16210938 -0.22851562 0.06054688
v 0.16210938 -0.22460938 -0.07226562
v 0.16210938 -0.20117188 0.06445312
v 0.16210938 -0.13867188 0.04492188
v 0.16601562 -0.46289062 -0.04101562
v 0.16601562 -0.46289062 0.20898438
v 0.16601562 -0.46289062 0.23242188
v 0.16601562 -0.43164062 0.21289062
v 0.16601562 -0.43164062 0.23242188
v 0.16601562 -0.42773438 -0.02539062
v 0.16601562 -0.41992188 -0.07617188
v 0.16601562 -0.41210938 -0.04492188
v 0.16601562 -0.37304688 -0.47070312
v 0.16601562 -0.37304688 -0.46679688
v 0.16601562 -0.36914062 -0.46289062
v 0.16601562 -0.36914062 -0.45507812
v 0.16601562 -0.34570312 -0.49414062
v 0.16601562 -0.34179688 -0.45507812
v 0.16601562 -0.33398438 -0.00976562
v 0.16601562 -0.32226562 -0.45898438
v 0.16601562 -0.32226562 -0.02148438
v 0.16601562 -0.32226562 0.02148438
v 0.16601562 -0.31835938 -0.49804688
v 0.16601562 -0.30273438 -0.46289062
v 0.16601562 -0.29492188 -0.49804688
v 0.16601562 -0.28710938 0.05664062
v 0.16601562 -0.28320312 -0.47070312
v 0.16601562 -0.27539062 -0.49804688
v 0.16601562 -0.26367188 -0.47070312
v 0.16601562 -0.26367188 0.06054688
v 0.16601562 -0.25976562 -0.49804688
v 0.16601562 -0.24414062 -0.47851562
v 0.16601562 -0.20117188 -0.07617188
v 0.16601562 -0.12304688 0.02148438
v 0.16601562 -0.11914062 -0.04882812
v 0.16601562 -0.11132812 -0.02539062
v 0.16601562 -0.11132812 -0.00195312
v 0.16992188 -0.46289062 -0.07226562
v 0.16992188 -0.46289062 -0.04882812
v 0.16992188 -0.46289062 0.22070312
v 0.16992188 -0.45898438 -0.02539062
v 0.16992188 -0.45507812 0.20898438
v 0.16992188 -0.45507812 0.23242188
v 0.16992188 -0.43945312 0.20898438
v 0.16992188 -0.43945312 0.23242188
v 0.16992188 -0.43164062 0.22070312
v 0.16992188 -0.41601562 -0.05664062
v 0.16992188 -0.34570312 -0.49023438
v 0.16992188 -0.34570312 -0.45898438
v 0.16992188 -0.32226562 -0.46289062
v 0.16992188 -0.31835938 -0.49804688
v 0.16992188 -0.30664062 -0.02539062
v 0.16992188 -0.30664062 0.03710938
v 0.16992188 -0.30273438 -0.46679688
v 0.16992188 -0.29492188 -0.49804688
v 0.16992188 -0.28320312 -0.47070312
v 0.16992188 -0.27539062 -0.49804688
v 0.16992188 -0.27539062 -0.04492188
v 0.16992188 -0.26367188 -0.47851562
v 0.16992188 -0.26367188 -0.47460938
v 0.16992188 -0.25976562 -0.49414062
v 0.16992188 -0.25976562 -0.49023438
v 0.16992188 -0.25976562 -0.47851562
v 0.16992188 -0.17773438 -0.07226562
v 0.16992188 -0.16601562 0.05273438
v 0.16992188 -0.13476562 -0.05273438
v 0.16992188 -0.11914062 -0.00976562
v 0.17382812 -0.46289062 -0.05664062
v 0.17382812 -0.46289062 -0.03710938
v 0.17382812 -0.45507812 0.22070312
v 0.17382812 -0.44335938 -0.02539062
v 0.17382812 -0.43945312 0.22070312
v 0.17382812 -0.42773438 -0.07226562
v 0.17382812 -0.41992188 -0.03710938
v 0.17382812 -0.34570312 -0.48632812
v 0.17382812 -0.34570312 -0.47851562
v 0.17382812 -0.34570312 -0.47460938
v 0.17382812 -0.34570312 -0.47070312
v 0.17382812 -0.34570312 -0.46679688
v 0.17382812 -0.31835938 -0.49804688
v 0.17382812 -0.31835938 0.00976562
v 0.17382812 -0.31054688 -0.00585938
v 0.17382812 -0.30273438 -0.46679688
v 0.17382812 -0.29492188 -0.49804688
v 0.17382812 -0.28320312 -0.47460938
v 0.17382812 -0.28320312 0.04492188
v 0.17382812 -0.27539062 -0.49804688
v 0.17382812 -0.25976562 -0.48632812
v 0.17382812 -0.25976562 -0.48242188
v 0.17382812 -0.25976562 0.05273438
v 0.17382812 -0.25585938 -0.04492188
v 0.17382812 -0.22851562 0.05273438
v 0.17382812 -0.20117188 0.05664062
v 0.17382812 -0.15429688 -0.06054688
v 0.17382812 -0.14257812 0.03320312
v 0.17382812 -0.12695312 0.00585938
v 0.17773438 -0.46289062 -0.06835938
v 0.17773438 -0.32226562 -0.47070312
v 0.17773438 -0.32226562 -0.46679688
v 0.17773438 -0.31835938 -0.49414062
v 0.17773438 -0.31835938 -0.49023438
v 0.17773438 -0.30273438 0.02539062
v 0.17773438 -0.29882812 -0.47460938
v 0.17773438 -0.29882812 -0.47070312
v 0.17773438 -0.29492188 -0.49804688
v 0.17773438 -0.29492188 -0.49414062
v 0.17773438 -0.29101562 -0.01757812
v 0.17773438 -0.27929688 -0.48632812
v 0.17773438 -0.27929688 -0.48242188
v 0.17773438 -0.27929688 -0.47851562
v 0.17773438 -0.27539062 -0.49414062
v 0.17773438 -0.27539062 -0.49023438
v 0.17773438 -0.23632812 -0.04492188
v 0.17773438 -0.16601562 0.04101562
v 0.17773438 -0.13085938 -0.00976562
v 0.17773438 -0.12695312 -0.02929688
v 0.18164062 -0.46289062 -0.03710938
v 0.18164062 -0.46289062 -0.02539062
v 0.18164062 -0.43554688 -0.06835938
v 0.18164062 -0.42382812 -0.05273438
v 0.18164062 -0.31835938 -0.48632812
v 0.18164062 -0.31835938 -0.48242188
v 0.18164062 -0.31835938 -0.47851562
v 0.18164062 -0.29882812 -0.49023438
v 0.18164062 -0.29882812 -0.48632812
v 0.18164062 -0.29882812 -0.47851562
v 0.18164062 -0.29492188 0.00585938
v 0.18164062 -0.28320312 0.03320312
v 0.18164062 -0.26757812 -0.01367188
v 0.18164062 -0.25585938 0.03710938
v 0.18164062 -0.22851562 0.04101562
v 0.18164062 -0.20898438 -0.04492188
v 0.18164062 -0.19335938 0.04492188
v 0.18164062 -0.14648438 0.01757812
v 0.18164062 -0.14257812 -0.03320312
v 0.18554688 -0.46289062 -0.05273438
v 0.18554688 -0.45507812 -0.02539062
v 0.18554688 -0.44726562 -0.06835938
v 0.18554688 -0.42382812 -0.02929688
v 0.18554688 -0.27539062 0.01367188
v 0.18554688 -0.25195312 0.01757812
v 0.18554688 -0.24414062 -0.00976562
v 0.18554688 -0.22460938 0.02148438
v 0.18554688 -0.18554688 -0.04101562
v 0.18554688 -0.16992188 0.02148438
v 0.18554688 -0.16601562 -0.00585938
v 0.18554688 -0.16210938 -0.03710938
v 0.18554688 -0.14648438 -0.00585938
v 0.18945312 -0.46289062 -0.05664062
v 0.18945312 -0.46289062 -0.02539062
v 0.18945312 -0.21679688 -0.00976562
v 0.18945312 -0.19335938 -0.00976562
v 0.18945312 -0.19335938 0.02148438
v 0.19335938 -0.46289062 -0.04101562
v 0.19335938 -0.45507812 -0.06054688
v 0.19335938 -0.43554688 -0.02929688
v 0.19335938 -0.42773438 -0.04492188
v 0.19726562 -0.45117188 -0.02539062
v 0.19726562 -0.43945312 -0.04492188
v 0.20117188 -0.45117188 -0.04492188
f 267 309 213
f 267 213 271
f 213 309 311
f 309 267 355
f 267 271 400
f 271 213 189
f 213 311 242
f 311 309 543
f 309 355 542
f 355 267 400
f 400 271 404
f 271 189 273
f 189 213 242
f 242 311 312
f 311 543 491
f 543 309 542
f 542 355 541
f 355 400 443
f 400 404 588
f 404 271 449
f 271 273 449
f 273 189 219
f 189 242 218
f 242 312 269
f 312 311 491
f 491 543 895
f 543 542 894
f 542 541 894
f 541 355 443
f 443 400 589
f 400 588 589
f 588 404 593
f 404 449 593
f 449 273 451
f 273 219 315
f 219 189 218
f 218 242 269
f 269 312 359
f 312 491 358
f 491 895 764
f 895 543 894
f 894 541 893
f 541 443 589
f 589 588 892
f 588 593 891
f 593 449 652
f 449 451 652
f 451 273 315
f 315 219 246
f 219 218 274
f 218 269 313
f 269 359 313
f 359 312 358
f 358 491 492
f 491 764 645
f 764 895 1007
f 895 894 1345
f 894 893 1292
f 893 541 589
f 589 892 893
f 892 588 891
f 891 593 899
f 593 652 861
f 652 451 715
f 451 315 550
f 315 246 366
f 246 219 274
f 274 218 313
f 313 359 363
f 359 358 446
f 358 492 446
f 492 491 645
f 645 764 802
f 764 1007 896
f 1007 895 1346
f 895 1345 1346
f 1345 894 1292
f 1292 893 1291
f 893 892 1291
f 892 891 1291
f 891 899 1239
f 899 593 861
f 861 652 863
f 652 715 863
f 715 451 550
f 550 315 366
f 366 246 317
f 246 274 275
f 274 313 316
f 313 363 316
f 363 359 448
f 359 446 448
f 446 492 545
f 492 645 646
f 645 802 765
f 802 764 896
f 896 1007 970
f 1007 1346 1347
f 1346 1345 1601
f 1345 1292 1548
f 1292 1291 1548
f 1291 891 1235
f 891 1239 1235
f 1239 899 1241
f 899 861 1241
f 861 863 1174
f 863 715 904
f 715 550 718
f 550 366 553
f 366 317 370
f 317 246 275
f 275 274 316
f 316 363 409
f 363 448 406
f 448 446 545
f 545 492 646
f 646 645 765
f 765 802 766
f 802 896 804
f 896 970 971
f 970 1007 1117
f 1007 1347 1117
f 1347 1346 1602
f 1346 1601 1602
f 1601 1345 1548
f 1548 1291 1446
f 1291 1235 1446
f 1235 1239 1445
f 1239 1241 1387
f 1241 861 1174
f 1174 863 1177
f 863 904 1177
f 904 715 718
f 718 550 720
f 550 553 720
f 553 366 370
f 370 317 319
f 317 275 318
f 275 316 367
f 316 409 367
f 409 363 406
f 406 448 547
f 448 545 547
f 545 646 649
f 646 765 766
f 766 802 804
f 804 896 898
f 896 971 898
f 971 970 1009
f 970 1117 1057
f 1117 1347 1293
f 1347 1602 1603
f 1602 1601 1772
f 1601 1548 1771
f 1548 1446 1445
f 1446 1235 1445
f 1445 1239 1387
f 1387 1241 1389
f 1241 1174 1389
f 1174 1177 1390
f 1177 904 1179
f 904 718 720
f 720 553 722
f 553 370 497
f 370 319 412
f 319 317 318
f 318 275 367
f 367 409 454
f 409 406 452
f 406 547 548
f 547 545 649
f 649 646 766
f 766 804 713
f 804 898 806
f 898 971 901
f 971 1009 972
f 1009 970 1057
f 1057 1117 1118
f 1117 1293 1118
f 1293 1347 1386
f 1347 1603 1499
f 1603 1602 1727
f 1602 1772 1727
f 1772 1601 1771
f 1771 1548 1661
f 1548 1445 1661
f 1445 1387 1661
f 1387 1389 1666
f 1389 1174 1390
f 1390 1177 1355
f 1177 1179 1301
f 1179 904 907
f 904 720 907
f 720 722 907
f 722 553 497
f 497 370 412
f 412 319 322
f 319 318 320
f 318 367 368
f 367 454 368
f 454 409 452
f 452 406 548
f 548 547 653
f 547 649 653
f 649 766 653
f 766 713 653
f 713 804 806
f 806 898 901
f 901 971 972
f 972 1009 1060
f 1009 1057 1172
f 1057 1118 1172
f 1118 1293 1294
f 1293 1386 1348
f 1386 1347 1499
f 1499 1603 1662
f 1603 1727 1662
f 1727 1772 1774
f 1772 1771 1819
f 1771 1661 1773
f 1661 1387 1663
f 1387 1666 1663
f 1666 1389 1604
f 1389 1390 1604
f 1390 1355 1554
f 1355 1177 1301
f 1301 1179 1304
f 1179 907 1180
f 907 722 910
f 722 497 499
f 497 412 499
f 412 322 373
f 322 319 320
f 320 318 368
f 368 454 456
f 454 452 494
f 452 548 549
f 548 653 655
f 653 713 655
f 713 806 717
f 806 901 808
f 901 972 903
f 972 1060 1011
f 1060 1009 1173
f 1009 1172 1173
f 1172 1118 1294
f 1294 1293 1348
f 1348 1386 1350
f 1386 1499 1349
f 1499 1662 1501
f 1662 1727 1664
f 1727 1774 1664
f 1774 1772 1819
f 1819 1771 1773
f 1773 1661 1663
f 1663 1666 1665
f 1666 1604 1669
f 1604 1390 1554
f 1554 1355 1453
f 1355 1301 1453
f 1301 1304 1396
f 1304 1179 1180
f 1180 907 910
f 910 722 911
f 722 499 723
f 499 412 373
f 373 322 325
f 322 320 323
f 320 368 371
f 368 456 371
f 456 454 494
f 494 452 549
f 549 548 655
f 655 713 717
f 717 806 808
f 808 901 903
f 903 972 1011
f 1011 1060 1062
f 1060 1173 1176
f 1173 1172 1238
f 1172 1294 1238
f 1294 1348 1238
f 1348 1350 1296
f 1350 1386 1349
f 1349 1499 1501
f 1501 1662 1664
f 1664 1774 1667
f 1774 1819 1820
f 1819 1773 1728
f 1773 1663 1665
f 1665 1666 1669
f 1669 1604 1555
f 1604 1554 1555
f 1554 1453 1452
f 1453 1301 1396
f 1396 1304 1357
f 1304 1180 1249
f 1180 910 1183
f 910 911 1183
f 911 722 723
f 723 499 725
f 499 373 501
f 373 325 375
f 325 322 323
f 323 320 371
f 371 456 457
f 456 494 551
f 494 549 597
f 549 655 597
f 655 717 656
f 717 808 719
f 808 903 809
f 903 1011 905
f 1011 1062 1013
f 1062 1060 1176
f 1176 1173 1296
f 1173 1238 1296
f 1238 1348 1296
f 1296 1350 1298
f 1350 1349 1352
f 1349 1501 1391
f 1501 1664 1553
f 1664 1667 1553
f 1667 1774 1820
f 1820 1819 1877
f 1819 1728 1877
f 1728 1773 1665
f 1665 1669 1668
f 1669 1555 1605
f 1555 1554 1452
f 1452 1453 1397
f 1453 1396 1397
f 1396 1357 1358
f 1357 1304 1249
f 1249 1180 1183
f 1183 911 1127
f 911 723 914
f 723 725 914
f 725 499 501
f 501 373 375
f 375 325 283
f 325 323 281
f 323 371 372
f 371 457 372
f 457 456 551
f 551 494 597
f 597 655 656
f 656 717 719
f 719 808 809
f 809 903 905
f 905 1011 1013
f 1013 1062 1119
f 1062 1176 1178
f 1176 1296 1298
f 1298 1350 1352
f 1352 1349 1391
f 1391 1501 1553
f 1553 1667 1504
f 1667 1820 1670
f 1820 1877 1821
f 1877 1728 1821
f 1728 1665 1668
f 1668 1669 1605
f 1605 1555 1451
f 1555 1452 1451
f 1452 1397 1398
f 1397 1396 1358
f 1358 1357 1252
f 1357 1249 1252
f 1249 1183 1186
f 1183 1127 1186
f 1127 911 914
f 914 725 916
f 725 501 505
f 501 375 505
f 375 283 331
f 283 325 281
f 281 323 372
f 372 457 458
f 457 551 554
f 551 597 659
f 597 656 659
f 656 719 659
f 719 809 659
f 809 905 811
f 905 1013 906
f 1013 1119 1120
f 1119 1062 1178
f 1178 1176 1298
f 1298 1352 1299
f 1352 1391 1354
f 1391 1553 1394
f 1553 1504 1394
f 1504 1667 1670
f 1670 1820 1775
f 1820 1821 1775
f 1821 1728 1668
f 1668 1605 1671
f 1605 1451 1671
f 1451 1452 1398
f 1398 1397 1306
f 1397 1358 1306
f 1358 1252 1253
f 1252 1249 1186
f 1186 1127 1131
f 1127 914 1067
f 914 916 1067
f 916 725 727
f 725 505 727
f 505 375 331
f 331 283 250
f 283 281 249
f 281 372 327
f 372 458 327
f 458 457 554
f 554 551 769
f 551 659 769
f 659 809 811
f 811 905 906
f 906 1013 1120
f 1120 1119 1178
f 1178 1298 1299
f 1299 1352 1354
f 1354 1391 1394
f 1394 1504 1395
f 1504 1670 1395
f 1670 1775 1672
f 1775 1821 1671
f 1821 1668 1671
f 1671 1451 1672
f 1451 1398 1305
f 1398 1306 1251
f 1306 1358 1190
f 1358 1253 1190
f 1253 1252 1194
f 1252 1186 1194
f 1186 1131 1194
f 1131 1127 1067
f 1067 916 1021
f 916 727 921
f 727 505 729
f 505 331 506
f 331 250 335
f 250 283 249
f 249 281 327
f 327 458 415
f 458 554 555
f 554 769 555
f 769 659 811
f 811 906 769
f 906 1120 909
f 1120 1178 1299
f 1299 1354 1120
f 1354 1394 1244
f 1394 1395 1244
f 1395 1670 1606
f 1670 1672 1606
f 1672 1775 1671
f 1672 1451 1606
f 1451 1305 1302
f 1305 1398 1251
f 1251 1306 1132
f 1306 1190 1132
f 1190 1253 1069
f 1253 1194 1133
f 1194 1131 1071
f 1131 1067 1022
f 1067 1021 1022
f 1021 916 921
f 921 727 729
f 729 505 506
f 506 331 335
f 335 250 254
f 250 249 252
f 249 327 285
f 327 415 285
f 415 458 555
f 555 769 770
f 769 906 909
f 909 1120 1123
f 1120 1354 1244
f 1244 1395 1245
f 1395 1606 1451
f 1451 1302 1395
f 1302 1305 1125
f 1305 1251 1129
f 1251 1132 1017
f 1132 1190 1019
f 1190 1069 1019
f 1069 1253 1133
f 1133 1194 1071
f 1071 1131 1022
f 1022 1021 1027
f 1021 921 980
f 921 729 925
f 729 506 730
f 506 335 508
f 335 254 379
f 254 250 252
f 252 249 285
f 285 415 334
f 415 555 503
f 555 770 503
f 770 769 909
f 909 1123 912
f 1123 1120 1244
f 1244 1245 1123
f 1245 1395 1302
f 1302 1125 1245
f 1125 1305 1129
f 1129 1251 1017
f 1017 1132 923
f 1132 1019 923
f 1019 1069 979
f 1069 1133 1025
f 1133 1071 1023
f 1071 1022 1028
f 1022 1027 1028
f 1027 1021 980
f 980 921 925
f 925 729 730
f 730 506 508
f 508 335 379
f 379 254 293
f 254 252 255
f 252 285 289
f 285 334 289
f 334 415 503
f 503 770 726
f 770 909 912
f 912 1123 1066
f 1123 1245 1066
f 1245 1125 1066
f 1125 1129 1015
f 1129 1017 919
f 1017 923 868
f 923 1019 926
f 1019 979 926
f 979 1069 1025
f 1025 1133 1023
f 1023 1071 1028
f 1028 1027 1139
f 1027 980 1076
f 980 925 1031
f 925 730 929
f 730 508 732
f 508 379 509
f 379 293 422
f 293 254 255
f 255 252 289
f 289 334 378
f 334 503 462
f 503 726 462
f 726 770 912
f 912 1066 866
f 1066 1125 1015
f 1015 1129 919
f 919 1017 868
f 868 923 819
f 923 926 819
f 926 979 869
f 979 1025 927
f 1025 1023 981
f 1023 1028 1029
f 1028 1139 1029
f 1139 1027 1076
f 1076 980 1031
f 1031 925 929
f 929 730 732
f 732 508 509
f 509 379 422
f 422 293 338
f 293 255 294
f 255 289 292
f 289 378 292
f 378 334 462
f 462 726 603
f 726 912 866
f 866 1066 1015
f 1015 919 817
f 919 868 775
f 868 819 731
f 819 926 821
f 926 869 821
f 869 979 927
f 927 1025 981
f 981 1023 1029
f 1029 1139 1140
f 1139 1076 1310
f 1076 1031 1260
f 1031 929 1258
f 929 732 983
f 732 509 734
f 509 422 562
f 422 338 466
f 338 293 294
f 294 255 292
f 292 378 380
f 378 462 418
f 462 603 418
f 603 726 866
f 866 1015 817
f 817 919 775
f 775 868 731
f 731 819 665
f 819 821 665
f 821 869 822
f 869 927 931
f 927 981 1032
f 981 1029 1140
f 1140 1139 1310
f 1310 1076 1260
f 1260 1031 1258
f 1258 929 983
f 983 732 734
f 734 509 562
f 562 422 466
f 466 338 384
f 338 294 295
f 294 292 337
f 292 380 337
f 380 378 418
f 418 603 604
f 603 866 817
f 817 775 604
f 775 731 560
f 731 665 561
f 665 821 735
f 821 822 735
f 822 869 931
f 931 927 1032
f 1032 981 1141
f 981 1140 1141
f 1140 1310 1311
f 1310 1260 1510
f 1260 1258 1458
f 1258 983 1257
f 983 734 1034
f 734 562 777
f 562 466 667
f 466 384 513
f 384 338 295
f 295 294 337
f 337 380 381
f 380 418 420
f 418 604 420
f 604 603 817
f 604 775 560
f 560 731 561
f 561 665 564
f 665 735 564
f 735 822 778
f 822 931 778
f 931 1032 934
f 1032 1141 1078
f 1141 1140 1311
f 1311 1310 1561
f 1310 1510 1511
f 1510 1260 1458
f 1458 1258 1403
f 1258 1257 1403
f 1257 983 1034
f 1034 734 777
f 777 562 667
f 667 466 513
f 513 384 467
f 384 295 340
f 295 337 339
f 337 381 339
f 381 380 420
f 420 604 560
f 560 561 465
f 561 564 512
f 564 735 565
f 735 778 668
f 778 931 934
f 934 1032 1078
f 1078 1141 1261
f 1141 1311 1261
f 1311 1561 1617
f 1561 1310 1511
f 1511 1510 1782
f 1510 1458 1734
f 1458 1403 1677
f 1403 1257 1308
f 1257 1034 1142
f 1034 777 985
f 777 667 824
f 667 513 738
f 513 467 569
f 467 384 340
f 340 295 339
f 339 381 423
f 381 420 465
f 420 560 465
f 465 561 512
f 512 564 514
f 564 565 514
f 565 735 668
f 668 778 669
f 778 934 779
f 934 1078 936
f 1078 1261 1079
f 1261 1311 1617
f 1617 1561 1830
f 1561 1511 1785
f 1511 1782 1785
f 1782 1510 1734
f 1734 1458 1677
f 1677 1403 1558
f 1403 1308 1558
f 1308 1257 1142
f 1142 1034 985
f 985 777 824
f 824 667 738
f 738 513 569
f 569 467 516
f 467 340 425
f 340 339 386
f 339 423 386
f 423 381 465
f 465 512 423
f 512 514 423
f 514 565 515
f 565 668 568
f 668 669 568
f 669 778 779
f 779 934 936
f 936 1078 1079
f 1079 1261 1315
f 1261 1617 1513
f 1617 1830 1831
f 1830 1561 1785
f 1785 1782 2102
f 1782 1734 1980
f 1734 1677 1979
f 1677 1558 1925
f 1558 1308 1557
f 1308 1142 1254
f 1142 985 938
f 985 824 939
f 824 738 828
f 738 569 739
f 569 516 608
f 516 467 425
f 425 340 386
f 386 423 424
f 423 514 424
f 514 515 424
f 515 565 568
f 568 669 570
f 669 779 670
f 779 936 781
f 936 1079 940
f 1079 1315 1080
f 1315 1261 1513
f 1513 1617 1787
f 1617 1831 1787
f 1831 1830 2106
f 1830 1785 2104
f 1785 2102 2104
f 2102 1782 1980
f 1980 1734 1979
f 1979 1677 1925
f 1925 1558 1880
f 1558 1557 1880
f 1557 1308 1254
f 1254 1142 1033
f 1142 938 937
f 938 985 939
f 939 824 828
f 828 738 739
f 739 569 608
f 608 516 518
f 516 425 428
f 425 386 426
f 386 424 426
f 424 515 427
f 515 568 517
f 568 570 517
f 570 669 670
f 670 779 781
f 781 936 940
f 940 1079 1080
f 1080 1315 1316
f 1315 1513 1316
f 1513 1787 1563
f 1787 1831 1927
f 1831 2106 2107
f 2106 1830 2104
f 2104 2102 2847
f 2102 1980 2846
f 1980 1979 2843
f 1979 1925 2703
f 1925 1880 2483
f 1880 1557 1454
f 1557 1254 1138
f 1254 1033 933
f 1033 1142 937
f 937 938 831
f 938 939 829
f 939 828 830
f 828 739 830
f 739 608 609
f 608 518 609
f 518 516 428
f 428 425 426
f 426 424 427
f 427 515 517
f 517 570 519
f 570 670 610
f 670 781 673
f 781 940 832
f 940 1080 942
f 1080 1316 1085
f 1316 1513 1563
f 1563 1787 1618
f 1787 1927 1788
f 1927 1831 2107
f 2107 2106 2849
f 2106 2104 2848
f 2104 2847 2848
f 2847 2102 2846
f 2846 1980 2843
f 2843 1979 2703
f 2703 1925 2483
f 2483 1880 1825
f 1880 1454 1825
f 1454 1557 1138
f 1138 1254 933
f 933 1033 827
f 1033 937 827
f 937 831 783
f 831 938 829
f 829 939 830
f 830 739 609
f 609 518 520
f 518 428 430
f 428 426 429
f 426 427 429
f 427 517 468
f 517 519 468
f 519 570 610
f 610 670 673
f 673 781 832
f 832 940 942
f 942 1080 1085
f 1085 1316 1317
f 1316 1563 1406
f 1563 1618 1406
f 1618 1787 1788
f 1788 1927 1985
f 1927 2107 2486
f 2107 2849 2851
f 2849 2106 2848
f 2848 2847 3270
f 2847 2846 3268
f 2846 2843 3266
f 2843 2703 3201
f 2703 2483 3138
f 2483 1825 2356
f 1825 1454 1399
f 1454 1138 1137
f 1138 933 932
f 933 827 826
f 827 937 783
f 783 831 743
f 831 829 746
f 829 830 785
f 830 609 744
f 609 520 572
f 520 518 430
f 430 428 429
f 429 427 468
f 468 519 471
f 519 610 521
f 610 673 612
f 673 832 741
f 832 942 834
f 942 1085 943
f 1085 1317 1088
f 1317 1316 1363
f 1316 1406 1363
f 1406 1618 1464
f 1618 1788 1680
f 1788 1985 1881
f 1985 1927 2486
f 2486 2107 2851
f 2851 2849 3203
f 2849 2848 3272
f 2848 3270 3272
f 3270 2847 3268
f 3268 2846 3266
f 3266 2843 3201
f 3201 2703 3138
f 3138 2483 2356
f 2356 1825 1731
f 1825 1399 1731
f 1399 1454 1137
f 1137 1138 932
f 932 933 826
f 826 827 740
f 827 783 740
f 783 743 675
f 743 831 746
f 746 829 785
f 785 830 744
f 744 609 572
f 572 520 473
f 520 430 432
f 430 429 431
f 429 468 431
f 468 471 431
f 471 519 521
f 521 610 612
f 612 673 741
f 741 832 834
f 834 942 943
f 943 1085 1088
f 1088 1317 1264
f 1317 1363 1264
f 1363 1406 1408
f 1406 1464 1408
f 1464 1618 1514
f 1618 1680 1514
f 1680 1788 1881
f 1881 1985 2109
f 1985 2486 2487
f 2486 2851 2999
f 2851 3203 3204
f 3203 2849 3272
f 3272 3270 3481
f 3270 3268 3572
f 3268 3266 3571
f 3266 3201 3569
f 3201 3138 3567
f 3138 2356 3058
f 2356 1731 2256
f 1731 1399 1400
f 1399 1137 1199
f 1137 932 984
f 932 826 825
f 826 740 782
f 740 783 675
f 675 743 676
f 743 746 615
f 746 785 679
f 785 744 682
f 744 572 678
f 572 473 574
f 473 520 432
f 432 430 431
f 431 471 434
f 471 521 472
f 521 612 573
f 612 741 614
f 741 834 747
f 834 943 835
f 943 1088 944
f 1088 1264 1039
f 1264 1363 1408
f 1408 1464 1410
f 1464 1514 1410
f 1514 1680 1515
f 1680 1881 1738
f 1881 2109 1882
f 2109 1985 2487
f 2487 2486 2999
f 2999 2851 3204
f 3204 3203 3484
f 3203 3272 3482
f 3272 3481 3482
f 3481 3270 3572
f 3572 3268 3571
f 3571 3266 3569
f 3569 3201 3567
f 3567 3138 3058
f 3058 2356 2256
f 2256 1731 1676
f 1731 1400 1676
f 1400 1399 1199
f 1199 1137 984
f 984 932 825
f 825 826 782
f 782 740 675
f 675 676 613
f 676 743 615
f 615 746 679
f 679 785 682
f 682 744 678
f 678 572 574
f 574 473 474
f 473 432 435
f 432 431 434
f 434 471 472
f 472 521 573
f 573 612 614
f 614 741 747
f 747 834 835
f 835 943 944
f 944 1088 1039
f 1039 1264 1210
f 1264 1408 1319
f 1408 1410 1319
f 1410 1514 1411
f 1514 1515 1411
f 1515 1680 1738
f 1738 1881 1882
f 1882 2109 2263
f 2109 2487 2856
f 2487 2999 3000
f 2999 3204 3279
f 3204 3484 3488
f 3484 3203 3482
f 3482 3481 3849
f 3481 3572 3848
f 3572 3571 3846
f 3571 3569 3976
f 3569 3567 4083
f 3567 3058 3475
f 3058 2256 2991
f 2256 1676 2099
f 1676 1400 1456
f 1400 1199 1255
f 1199 984 1077
f 984 825 737
f 825 782 672
f 782 675 674
f 675 613 742
f 613 676 617
f 676 615 620
f 615 679 579
f 679 682 623
f 682 678 684
f 678 574 618
f 574 474 575
f 474 473 435
f 435 432 434
f 434 472 436
f 472 573 524
f 573 614 616
f 614 747 680
f 747 835 786
f 835 944 836
f 944 1039 945
f 1039 1210 1040
f 1210 1264 1319
f 1319 1410 1321
f 1410 1411 1321
f 1411 1515 1413
f 1515 1738 1566
f 1738 1882 1790
f 1882 2263 1986
f 2263 2109 2856
f 2856 2487 3000
f 3000 2999 3279
f 3279 3204 3488
f 3488 3484 3738
f 3484 3482 3738
f 3482 3849 3738
f 3849 3481 3848
f 3848 3572 3846
f 3846 3571 3976
f 3976 3569 4083
f 4083 3567 3475
f 3475 3058 2991
f 2991 2256 2099
f 2099 1676 1732
f 1676 1456 1732
f 1456 1400 1255
f 1255 1199 1077
f 1077 984 1075
f 984 737 823
f 737 825 672
f 672 782 674
f 674 675 742
f 742 613 677
f 613 617 677
f 617 676 620
f 620 615 579
f 579 679 623
f 623 682 691
f 682 684 693
f 684 678 618
f 618 574 575
f 575 474 527
f 474 435 475
f 435 434 436
f 436 472 524
f 524 573 616
f 616 614 680
f 680 747 786
f 786 835 836
f 836 944 945
f 945 1039 1040
f 1040 1210 1151
f 1210 1319 1212
f 1319 1321 1212
f 1321 1411 1322
f 1411 1413 1322
f 1413 1515 1566
f 1566 1738 1790
f 1790 1882 1986
f 1986 2263 2493
f 2263 2856 2937
f 2856 3000 3069
f 3000 3279 3280
f 3279 3488 3491
f 3488 3738 3575
f 3738 3849 3844
f 3849 3848 3977
f 3848 3846 4086
f 3846 3976 4291
f 3976 4083 4503
f 4083 3475 3971
f 3475 2991 3406
f 2991 2099 2929
f 2099 1732 2100
f 1732 1456 1508
f 1456 1255 1309
f 1255 1077 1200
f 1077 1075 1074
f 1075 984 982
f 984 823 982
f 823 737 567
f 737 672 469
f 672 674 571
f 674 742 571
f 742 677 525
f 677 617 622
f 617 620 624
f 620 579 625
f 579 623 580
f 623 691 581
f 691 682 693
f 693 684 789
f 684 618 689
f 618 575 621
f 575 527 577
f 527 474 475
f 475 435 436
f 436 524 476
f 524 616 526
f 616 680 683
f 680 786 683
f 786 836 787
f 836 945 874
f 945 1040 946
f 1040 1151 1041
f 1151 1210 1212
f 1212 1321 1214
f 1321 1322 1214
f 1322 1413 1415
f 1413 1566 1468
f 1566 1790 1620
f 1790 1986 1835
f 1986 2493 2117
f 2493 2263 2937
f 2937 2856 3069
f 3069 3000 3280
f 3280 3279 3491
f 3491 3488 3575
f 3575 3738 3736
f 3738 3844 3845
f 3844 3849 3977
f 3977 3848 4086
f 4086 3846 4396
f 3846 4291 4292
f 4291 3976 4503
f 4503 4083 3971
f 3971 3475 3406
f 3406 2991 2929
f 2929 2099 2100
f 2100 1732 1733
f 1732 1508 1733
f 1508 1456 1309
f 1309 1255 1200
f 1200 1077 1074
f 1074 1075 1072
f 1075 982 1136
f 982 823 820
f 823 567 563
f 567 737 469
f 469 672 571
f 571 742 522
f 742 525 522
f 525 677 478
f 677 622 478
f 622 617 624
f 624 620 625
f 625 579 580
f 580 623 581
f 581 691 695
f 691 693 751
f 693 789 839
f 789 684 689
f 689 618 621
f 621 575 577
f 577 527 528
f 527 475 528
f 475 436 476
f 476 524 526
f 526 616 619
f 616 683 748
f 683 786 787
f 787 836 874
f 874 945 946
f 946 1040 1041
f 1041 1151 1089
f 1151 1212 1213
f 1212 1214 1213
f 1214 1322 1266
f 1322 1415 1266
f 1415 1413 1468
f 1468 1566 1620
f 1620 1790 1835
f 1835 1986 2117
f 2117 2493 2496
f 2493 2937 3002
f 2937 3069 3144
f 3069 3280 3342
f 3280 3491 3492
f 3491 3575 3645
f 3575 3736 3980
f 3736 3738 3845
f 3845 3844 4084
f 3844 3977 3975
f 3977 4086 3974
f 4086 4396 4392
f 4396 3846 4504
f 3846 4292 4504
f 4292 4291 4506
f 4291 4503 4609
f 4503 3971 4395
f 3971 3406 3841
f 3406 2929 3265
f 2929 2100 2842
f 2100 1733 1978
f 1733 1508 1559
f 1508 1309 1360
f 1309 1200 1201
f 1200 1074 1030
f 1074 1072 1073
f 1072 1075 1136
f 1136 982 1026
f 982 820 1026
f 820 823 563
f 563 567 341
f 567 469 296
f 469 571 433
f 571 522 433
f 522 525 391
f 525 478 344
f 478 622 480
f 622 624 626
f 624 625 627
f 625 580 582
f 580 581 630
f 581 695 631
f 695 691 751
f 751 693 839
f 839 789 882
f 789 689 790
f 689 621 749
f 621 577 688
f 577 528 578
f 528 475 476
f 476 526 529
f 526 619 576
f 619 616 748
f 748 683 787
f 787 874 837
f 874 946 875
f 946 1041 947
f 1041 1089 989
f 1089 1151 1213
f 1213 1214 1153
f 1214 1266 1155
f 1266 1415 1365
f 1415 1468 1518
f 1468 1620 1518
f 1620 1835 1683
f 1835 2117 1836
f 2117 2496 2122
f 2496 2493 3002
f 3002 2937 3144
f 3144 3069 3342
f 3342 3280 3492
f 3492 3491 3645
f 3645 3575 3980
f 3980 3736 4188
f 3736 3845 4188
f 3845 4084 4186
f 4084 3844 3975
f 3975 3977 3974
f 3974 4086 4081
f 4086 4392 4081
f 4392 4396 4501
f 4396 4504 4724
f 4504 4292 4611
f 4292 4506 4611
f 4506 4291 4610
f 4291 4609 4610
f 4609 4503 4395
f 4395 3971 3841
f 3841 3406 3265
f 3265 2929 2842
f 2842 2100 1978
f 1978 1733 1735
f 1733 1559 1735
f 1559 1508 1360
f 1360 1309 1201
f 1201 1200 1030
f 1030 1074 1073
f 1073 1072 1135
f 1072 1136 1198
f 1136 1026 1197
f 1026 820 924
f 820 563 606
f 563 341 383
f 341 567 296
f 296 469 259
f 469 433 259
f 433 522 390
f 522 391 390
f 391 525 344
f 344 478 346
f 478 480 346
f 480 622 626
f 626 624 627
f 627 625 582
f 582 580 630
f 630 581 631
f 631 695 752
f 695 751 792
f 751 839 952
f 839 882 952
f 882 789 881
f 789 790 879
f 790 689 749
f 749 621 688
f 688 577 578
f 578 528 529
f 528 476 529
f 529 526 576
f 576 619 685
f 619 748 686
f 748 787 837
f 837 874 875
f 875 946 947
f 947 1041 989
f 989 1089 1090
f 1089 1213 1153
f 1153 1214 1155
f 1155 1266 1215
f 1266 1365 1215
f 1365 1415 1416
f 1415 1518 1416
f 1518 1620 1683
f 1683 1835 1836
f 1836 2117 2122
f 2122 2496 2504
f 2496 3002 3003
f 3002 3144 3283
f 3144 3342 3413
f 3342 3492 3494
f 3492 3645 3745
f 3645 3980 4293
f 3980 4188 4397
f 4188 3845 4186
f 4186 4084 4288
f 4084 3975 4082
f 3975 3974 3973
f 3974 4081 3972
f 4081 4392 4185
f 4392 4501 4390
f 4501 4396 4724
f 4724 4504 4815
f 4504 4611 4815
f 4611 4506 4728
f 4506 4610 4729
f 4610 4609 4920
f 4609 4395 4608
f 4395 3841 4187
f 3841 3265 3640
f 3265 2842 3202
f 2842 1978 2845
f 1978 1735 1981
f 1735 1559 1560
f 1559 1360 1404
f 1360 1201 1202
f 1201 1030 930
f 1030 1073 928
f 1073 1135 1024
f 1135 1072 1198
f 1198 1136 1197
f 1197 1026 1070
f 1026 924 1070
f 924 820 606
f 606 563 383
f 383 341 198
f 341 296 175
f 296 259 156
f 259 433 260
f 433 390 260
f 390 391 232
f 391 344 200
f 344 346 235
f 346 480 393
f 480 626 531
f 626 627 628
f 627 582 629
f 582 630 634
f 630 631 698
f 631 752 700
f 752 695 792
f 792 751 952
f 952 882 993
f 882 881 993
f 881 789 879
f 879 790 880
f 790 749 838
f 749 688 750
f 688 578 690
f 578 529 685
f 529 576 685
f 685 619 686
f 686 748 837
f 837 875 948
f 875 947 989
f 989 1090 948
f 1090 1089 1153
f 1153 1155 1090
f 1155 1215 1091
f 1215 1365 1268
f 1365 1416 1417
f 1416 1518 1567
f 1518 1683 1567
f 1683 1836 1741
f 1836 2122 1886
f 2122 2504 2272
f 2504 2496 3003
f 3003 3002 3283
f 3283 3144 3413
f 3413 3342 3494
f 3494 3492 3745
f 3745 3645 3857
f 3645 4293 4089
f 4293 3980 4397
f 4397 4188 4502
f 4188 4186 4502
f 4186 4288 4500
f 4288 4084 4082
f 4082 3975 3973
f 3973 3974 3972
f 3972 4081 4185
f 4185 4392 4390
f 4390 4501 4607
f 4501 4724 4814
f 4724 4815 5124
f 4815 4611 4916
f 4611 4728 4916
f 4728 4506 4729
f 4729 4610 4825
f 4610 4920 4825
f 4920 4609 4608
f 4608 4395 4187
f 4187 3841 3640
f 3640 3265 3202
f 3202 2842 2845
f 2845 1978 1981
f 1981 1735 1784
f 1735 1560 1784
f 1560 1559 1404
f 1404 1360 1202
f 1202 1201 930
f 930 1030 928
f 928 1073 1024
f 1024 1135 1020
f 1135 1198 1134
f 1198 1197 1196
f 1197 1070 1195
f 1070 924 922
f 924 606 664
f 606 383 421
f 383 198 228
f 198 341 175
f 175 296 156
f 156 259 158
f 259 260 158
f 260 390 232
f 232 391 200
f 200 344 235
f 235 346 297
f 346 393 297
f 393 480 531
f 531 626 628
f 628 627 629
f 629 582 634
f 634 630 698
f 698 631 700
f 700 752 796
f 752 792 796
f 792 952 954
f 952 993 1095
f 993 881 991
f 881 879 951
f 879 880 951
f 880 790 838
f 838 749 750
f 750 688 690
f 690 578 685
f 685 686 690
f 686 837 788
f 837 948 949
f 948 875 989
f 948 1090 1042
f 1090 1155 1042
f 1155 1091 1042
f 1091 1215 1268
f 1268 1365 1324
f 1365 1417 1324
f 1417 1416 1470
f 1416 1567 1470
f 1567 1683 1741
f 1741 1836 1886
f 1886 2122 2272
f 2272 2504 2730
f 2504 3003 3071
f 3003 3283 3284
f 3283 3413 3495
f 3413 3494 3578
f 3494 3745 3746
f 3745 3857 4197
f 3857 3645 4089
f 4089 4293 4612
f 4293 4397 4725
f 4397 4502 4722
f 4502 4186 4500
f 4500 4288 4605
f 4288 4082 4389
f 4082 3973 4184
f 3973 3972 4079
f 3972 4185 4078
f 4185 4390 4181
f 4390 4607 4498
f 4607 4501 4814
f 4814 4724 5124
f 5124 4815 5125
f 4815 4916 5125
f 4916 4728 5024
f 4728 4729 4829
f 4729 4825 4830
f 4825 4920 5032
f 4920 4608 4819
f 4608 4187 4505
f 4187 3640 3978
f 3640 3202 3479
f 3202 2845 3141
f 2845 1981 2706
f 1981 1784 1982
f 1784 1560 1616
f 1560 1404 1405
f 1404 1202 1205
f 1202 930 870
f 930 928 776
f 928 1024 818
f 1024 1020 867
f 1020 1135 1134
f 1134 1198 1196
f 1196 1197 1195
f 1195 1070 1068
f 1070 922 1068
f 922 924 664
f 664 606 421
f 421 383 228
f 228 198 137
f 198 175 114
f 175 156 116
f 156 158 101
f 158 260 139
f 260 232 139
f 232 200 161
f 200 235 178
f 235 297 201
f 297 393 347
f 393 531 438
f 531 628 583
f 628 629 696
f 629 634 697
f 634 698 702
f 698 700 756
f 700 796 798
f 796 792 954
f 954 952 1044
f 952 1095 1157
f 1095 993 1093
f 993 991 1093
f 991 881 951
f 951 880 990
f 880 838 878
f 838 750 878
f 750 690 788
f 690 686 788
f 788 837 949
f 949 948 1042
f 1042 1091 1092
f 1091 1268 1217
f 1268 1324 1366
f 1324 1417 1419
f 1417 1470 1472
f 1470 1567 1624
f 1567 1741 1624
f 1741 1886 1792
f 1886 2272 1933
f 2272 2730 2379
f 2730 2504 3071
f 3071 3003 3284
f 3284 3283 3495
f 3495 3413 3578
f 3578 3494 3746
f 3746 3745 3862
f 3745 4197 3862
f 4197 3857 4398
f 3857 4089 4398
f 4089 4612 4398
f 4612 4293 4725
f 4725 4397 4722
f 4722 4502 4721
f 4502 4500 4721
f 4500 4605 4812
f 4605 4288 4389
f 4389 4082 4184
f 4184 3973 4079
f 4079 3972 4078
f 4078 4185 4181
f 4181 4390 4498
f 4498 4607 4720
f 4607 4814 4914
f 4814 5124 5123
f 5124 5125 5329
f 5125 4916 5126
f 4916 5024 5126
f 5024 4728 4829
f 4829 4729 4830
f 4830 4825 5032
f 5032 4920 5133
f 4920 4819 5133
f 4819 4608 4505
f 4505 4187 3978
f 3978 3640 3479
f 3479 3202 3141
f 3141 2845 2706
f 2706 1981 1982
f 1982 1784 1786
f 1784 1616 1786
f 1616 1560 1405
f 1405 1404 1205
f 1205 1202 870
f 870 930 733
f 930 776 733
f 776 928 818
f 818 1024 867
f 867 1020 920
f 1020 1134 1018
f 1134 1196 1192
f 1196 1195 1193
f 1195 1068 1191
f 1068 922 918
f 922 664 774
f 664 421 463
f 421 228 256
f 228 137 154
f 137 198 114
f 114 175 116
f 116 156 101
f 101 158 103
f 158 139 103
f 139 232 161
f 161 200 178
f 178 235 201
f 201 297 262
f 297 347 262
f 347 393 438
f 438 531 583
f 583 628 696
f 696 629 697
f 697 634 702
f 702 698 756
f 756 700 798
f 798 796 885
f 796 954 885
f 954 1044 996
f 1044 952 1157
f 1157 1095 1269
f 1095 1093 1218
f 1093 991 990
f 991 951 990
f 990 880 878
f 878 750 788
f 788 949 878
f 949 1042 1092
f 1092 1091 1217
f 1217 1268 1366
f 1366 1324 1419
f 1419 1417 1472
f 1472 1470 1571
f 1470 1624 1571
f 1624 1741 1792
f 1792 1886 1933
f 1933 2272 2379
f 2379 2730 2863
f 2730 3071 3073
f 3071 3284 3285
f 3284 3495 3497
f 3495 3578 3648
f 3578 3746 3747
f 3746 3862 3990
f 3862 4197 4618
f 4197 4398 4826
f 4398 4612 4917
f 4612 4725 5015
f 4725 4722 5014
f 4722 4721 5121
f 4721 4500 4812
f 4812 4605 4811
f 4605 4389 4496
f 4389 4184 4388
f 4184 4079 4077
f 4079 4078 3967
f 4078 4181 3965
f 4181 4498 4179
f 4498 4720 4495
f 4720 4607 4914
f 4914 4814 5123
f 5123 5124 5329
f 5329 5125 5331
f 5125 5126 5331
f 5126 5024 5236
f 5024 4829 5031
f 4829 4830 4831
f 4830 5032 4927
f 5032 5133 5037
f 5133 4819 5029
f 4819 4505 4727
f 4505 3978 4189
f 3978 3479 3735
f 3479 3141 3409
f 3141 2706 3064
f 2706 1982 2709
f 1982 1786 1983
f 1786 1616 1615
f 1616 1405 1463
f 1405 1205 1206
f 1205 870 935
f 870 733 666
f 733 776 559
f 776 818 605
f 818 867 663
f 867 920 728
f 920 1020 1018
f 1018 1134 1192
f 1192 1196 1193
f 1193 1195 1191
f 1191 1068 1130
f 1068 918 1130
f 918 922 774
f 774 664 463
f 463 421 256
f 256 228 154
f 154 137 113
f 137 114 99
f 114 116 81
f 116 101 83
f 101 103 84
f 103 139 119
f 139 161 119
f 161 178 142
f 178 201 179
f 201 262 236
f 262 347 299
f 347 438 394
f 438 583 481
f 583 696 633
f 696 697 793
f 697 702 797
f 702 756 799
f 756 798 847
f 798 885 955
f 885 954 996
f 996 1044 1097
f 1044 1157 1270
f 1157 1269 1325
f 1269 1095 1218
f 1218 1093 1092
f 1093 990 1092
f 990 878 1092
f 878 949 1092
f 1092 1217 1218
f 1217 1366 1218
f 1366 1419 1420
f 1419 1472 1474
f 1472 1571 1523
f 1571 1624 1689
f 1624 1792 1689
f 1792 1933 1843
f 1933 2379 2012
f 2379 2863 2532
f 2863 2730 3073
f 3073 3071 3285
f 3285 3284 3497
f 3497 3495 3648
f 3648 3578 3747
f 3747 3746 3990
f 3990 3862 4403
f 3862 4618 4403
f 4618 4197 4826
f 4826 4398 4917
f 4917 4612 5015
f 5015 4725 5014
f 5014 4722 5121
f 5121 4721 5120
f 4721 4812 5120
f 4812 4811 5118
f 4811 4605 4496
f 4496 4389 4388
f 4388 4184 4077
f 4077 4079 3967
f 3967 4078 3965
f 3965 4181 3962
f 4181 4179 3962
f 4179 4498 4495
f 4495 4720 4810
f 4720 4914 5012
f 4914 5123 5122
f 5123 5329 5327
f 5329 5331 5448
f 5331 5126 5336
f 5126 5236 5336
f 5236 5024 5031
f 5031 4829 4831
f 4831 4830 4927
f 4927 5032 5037
f 5037 5133 5135
f 5133 5029 5135
f 5029 4819 4727
f 4727 4505 4726
f 4505 4189 4394
f 4189 3978 3735
f 3735 3479 3409
f 3409 3141 3064
f 3064 2706 2709
f 2709 1982 1983
f 1983 1786 1783
f 1786 1615 1783
f 1615 1616 1463
f 1463 1405 1206
f 1206 1205 935
f 935 870 666
f 666 733 510
f 733 559 510
f 559 776 605
f 605 818 663
f 663 867 728
f 728 920 772
f 920 1018 917
f 1018 1192 1016
f 1192 1193 1188
f 1193 1191 1189
f 1191 1130 1187
f 1130 918 978
f 918 774 773
f 774 463 558
f 463 256 290
f 256 154 173
f 154 113 136
f 113 137 99
f 99 114 81
f 81 116 83
f 83 101 84
f 84 103 105
f 103 119 105
f 119 161 142
f 142 178 179
f 179 201 236
f 236 262 299
f 299 347 394
f 394 438 481
f 481 583 633
f 633 696 793
f 793 697 797
f 797 702 799
f 799 756 847
f 847 798 955
f 955 885 997
f 885 996 997
f 996 1097 1098
f 1097 1044 1270
f 1270 1157 1325
f 1325 1269 1418
f 1269 1218 1366
f 1366 1420 1418
f 1420 1419 1474
f 1474 1472 1523
f 1523 1571 1630
f 1571 1689 1630
f 1689 1792 1843
f 1843 1933 2012
f 2012 2379 2532
f 2532 2863 2870
f 2863 3073 3145
f 3073 3285 3344
f 3285 3497 3498
f 3497 3648 3650
f 3648 3747 3864
f 3747 3990 3991
f 3990 4403 4200
f 4403 4618 4926
f 4618 4826 5132
f 4826 4917 5233
f 4917 5015 5332
f 5015 5014 5328
f 5014 5121 5325
f 5121 5120 5438
f 5120 4812 5118
f 5118 4811 5114
f 4811 4496 4718
f 4496 4388 4494
f 4388 4077 4286
f 4077 3967 3960
f 3967 3965 3732
f 3965 3962 3731
f 3962 4179 3837
f 4179 4495 4284
f 4495 4810 4601
f 4810 4720 5012
f 5012 4914 5122
f 5122 5123 5327
f 5327 5329 5448
f 5448 5331 5453
f 5331 5336 5453
f 5336 5236 5341
f 5236 5031 5238
f 5031 4831 5034
f 4831 4927 4832
f 4927 5037 4833
f 5037 5135 5042
f 5135 5029 5036
f 5029 4727 4924
f 4727 4726 4918
f 4726 4505 4723
f 4505 4394 4723
f 4394 4189 4088
f 4189 3735 3979
f 3735 3409 3574
f 3409 3064 3340
f 3064 2709 3066
f 2709 1983 2712
f 1983 1783 2105
f 1783 1615 1614
f 1615 1463 1461
f 1463 1206 1262
f 1206 935 986
f 935 666 736
f 666 510 511
f 510 559 419
f 559 605 464
f 605 663 507
f 663 728 557
f 728 772 601
f 772 920 917
f 917 1018 1016
f 1016 1192 1188
f 1188 1193 1189
f 1189 1191 1187
f 1187 1130 1128
f 1130 978 1128
f 978 918 773
f 773 774 558
f 558 463 290
f 290 256 173
f 173 154 136
f 136 113 112
f 113 99 98
f 99 81 100
f 81 83 82
f 83 84 102
f 84 105 104
f 105 119 121
f 119 142 121
f 142 179 162
f 179 236 203
f 236 299 300
f 299 394 440
f 394 481 440
f 481 633 534
f 633 793 699
f 793 797 846
f 797 799 846
f 799 847 887
f 847 955 957
f 955 997 1046
f 997 996 1098
f 1098 1097 1271
f 1097 1270 1326
f 1270 1325 1421
f 1325 1418 1471
f 1418 1269 1366
f 1418 1420 1520
f 1420 1474 1521
f 1474 1523 1572
f 1523 1630 1631
f 1630 1689 1749
f 1689 1843 1749
f 1843 2012 1852
f 2012 2532 2027
f 2532 2870 2404
f 2870 2863 3145
f 3145 3073 3344
f 3344 3285 3498
f 3498 3497 3650
f 3650 3648 3864
f 3864 3747 3991
f 3991 3990 4200
f 4200 4403 4732
f 4403 4926 4732
f 4926 4618 5132
f 5132 4826 5233
f 5233 4917 5332
f 5332 5015 5328
f 5328 5014 5325
f 5325 5121 5438
f 5438 5120 5434
f 5120 5118 5434
f 5118 5114 5432
f 5114 4811 4718
f 4718 4496 4494
f 4494 4388 4286
f 4286 4077 3960
f 3960 3967 3732
f 3732 3965 3731
f 3731 3962 3837
f 3837 4179 4074
f 4179 4284 4074
f 4284 4495 4601
f 4601 4810 4808
f 4810 5012 5119
f 5012 5122 5226
f 5122 5327 5446
f 5327 5448 5447
f 5448 5453 5537
f 5453 5336 5457
f 5336 5341 5457
f 5341 5236 5238
f 5238 5031 5034
f 5034 4831 4832
f 4832 4927 4833
f 4833 5037 5042
f 5042 5135 5137
f 5135 5036 5137
f 5036 5029 4924
f 4924 4727 4918
f 4918 4726 5016
f 4726 4723 5013
f 4723 4394 4606
f 4394 4088 4289
f 4088 4189 3979
f 3979 3735 3574
f 3574 3409 3340
f 3340 3064 3066
f 3066 2709 2712
f 2712 1983 2105
f 2105 1783 1829
f 1783 1614 1829
f 1614 1615 1461
f 1461 1463 1262
f 1262 1206 1144
f 1206 986 1144
f 986 935 736
f 736 666 511
f 511 510 382
f 510 419 382
f 419 559 464
f 464 605 507
f 507 663 557
f 557 728 601
f 601 772 599
f 772 917 771
f 917 1016 915
f 1016 1188 1014
f 1188 1189 1185
f 1189 1187 1250
f 1187 1128 1184
f 1128 978 977
f 978 773 816
f 773 558 602
f 558 290 376
f 290 173 225
f 173 136 153
f 136 112 135
f 112 113 98
f 98 99 100
f 100 81 82
f 82 83 102
f 102 84 104
f 104 105 120
f 105 121 120
f 121 142 162
f 162 179 203
f 203 236 300
f 300 299 440
f 440 481 534
f 534 633 699
f 699 793 795
f 793 846 795
f 846 799 887
f 887 847 957
f 957 955 1046
f 1046 997 1099
f 997 1098 1099
f 1098 1271 1220
f 1271 1097 1326
f 1326 1270 1421
f 1421 1325 1471
f 1471 1418 1520
f 1520 1420 1521
f 1521 1474 1572
f 1572 1523 1631
f 1631 1630 1697
f 1630 1749 1697
f 1749 1843 1852
f 1852 2012 2027
f 2027 2532 2404
f 2404 2870 2884
f 2870 3145 3151
f 3145 3344 3345
f 3344 3498 3499
f 3498 3650 3651
f 3650 3864 3866
f 3864 3991 3992
f 3991 4200 4298
f 4200 4732 4514
f 4732 4926 5134
f 4926 5132 5345
f 5132 5233 5459
f 5233 5332 5541
f 5332 5328 5535
f 5328 5325 5528
f 5325 5438 5585
f 5438 5434 5579
f 5434 5118 5432
f 5432 5114 5425
f 5114 4718 5110
f 4718 4494 4712
f 4494 4286 4492
f 4286 3960 4174
f 3960 3732 3830
f 3732 3731 3631
f 3731 3837 3630
f 3837 4074 3629
f 4074 4284 3955
f 4284 4601 4283
f 4601 4808 4599
f 4808 4810 5119
f 5119 5012 5226
f 5226 5122 5446
f 5446 5327 5447
f 5447 5448 5537
f 5537 5453 5457
f 5457 5341 5461
f 5341 5238 5346
f 5238 5034 5239
f 5034 4832 5038
f 4832 4833 4733
f 4833 5042 4835
f 5042 5137 5044
f 5137 5036 5139
f 5036 4924 5033
f 4924 4918 4925
f 4918 5016 5023
f 5016 4726 5013
f 5013 4723 4912
f 4723 4606 4912
f 4606 4394 4289
f 4289 4088 4085
f 4088 3979 3847
f 3979 3574 3852
f 3574 3340 3487
f 3340 3066 3276
f 3066 2712 3068
f 2712 2105 2711
f 2105 1829 2103
f 1829 1614 1613
f 1614 1461 1460
f 1461 1262 1313
f 1262 1144 1313
f 1144 986 1035
f 986 736 780
f 736 511 566
f 511 382 385
f 382 419 291
f 419 464 336
f 464 507 377
f 507 557 417
f 557 601 460
f 601 599 459
f 599 772 771
f 771 917 915
f 915 1016 1014
f 1014 1188 1185
f 1185 1189 1250
f 1250 1187 1184
f 1184 1128 1126
f 1128 977 1126
f 977 978 816
f 816 773 602
f 602 558 376
f 376 290 225
f 225 173 153
f 153 136 135
f 135 112 155
f 112 98 138
f 98 100 115
f 100 82 117
f 82 102 118
f 102 104 140
f 104 120 141
f 120 121 163
f 121 162 163
f 162 203 204
f 203 300 302
f 300 440 441
f 440 534 584
f 534 699 584
f 699 795 754
f 795 846 886
f 846 887 886
f 887 957 958
f 957 1046 1048
f 1046 1099 1100
f 1099 1098 1220
f 1220 1271 1328
f 1271 1326 1368
f 1326 1421 1473
f 1421 1471 1568
f 1471 1520 1569
f 1520 1521 1623
f 1521 1572 1627
f 1572 1631 1691
f 1631 1697 1696
f 1697 1749 1754
f 1749 1852 1754
f 1852 2027 1859
f 2027 2404 2045
f 2404 2884 2414
f 2884 2870 3151
f 3151 3145 3345
f 3345 3344 3499
f 3499 3498 3651
f 3651 3650 3866
f 3866 3864 3992
f 3992 3991 4298
f 4298 4200 4514
f 4514 4732 4929
f 4732 5134 4929
f 5134 4926 5345
f 5345 5132 5459
f 5459 5233 5541
f 5541 5332 5535
f 5535 5328 5528
f 5528 5325 5585
f 5585 5438 5579
f 5579 5434 5644
f 5434 5432 5644
f 5432 5425 5637
f 5425 5114 5110
f 5110 4718 4712
f 4712 4494 4492
f 4492 4286 4174
f 4174 3960 3830
f 3830 3732 3631
f 3631 3731 3630
f 3630 3837 3629
f 3629 4074 3955
f 3955 4284 4283
f 4283 4601 4599
f 4599 4808 4908
f 4808 5119 5117
f 5119 5226 5323
f 5226 5446 5523
f 5446 5447 5526
f 5447 5537 5534
f 5537 5457 5543
f 5457 5461 5543
f 5461 5341 5346
f 5346 5238 5239
f 5239 5034 5038
f 5038 4832 4733
f 4733 4833 4835
f 4835 5042 5044
f 5044 5137 5142
f 5137 5139 5142
f 5139 5036 5033
f 5033 4924 4925
f 4925 4918 5023
f 5023 5016 5330
f 5016 5013 5326
f 5013 4912 5324
f 4912 4606 4809
f 4606 4289 4497
f 4289 4085 4183
f 4085 4088 3847
f 3847 3979 3852
f 3852 3574 3487
f 3487 3340 3276
f 3276 3066 3068
f 3068 2712 2711
f 2711 2105 2103
f 2103 1829 1828
f 1829 1613 1828
f 1613 1614 1460
f 1460 1461 1313
f 1313 1144 1204
f 1144 1035 1081
f 1035 986 780
f 780 736 566
f 566 511 385
f 385 382 227
f 382 291 257
f 291 419 336
f 336 464 377
f 377 507 417
f 417 557 460
f 460 601 459
f 459 599 413
f 599 771 556
f 771 915 724
f 915 1014 913
f 1014 1185 1065
f 1185 1250 1181
f 1250 1184 1248
f 1184 1126 1182
f 1126 977 976
f 977 816 815
f 816 602 600
f 602 376 461
f 376 225 288
f 225 153 195
f 153 135 172
f 135 155 174
f 155 112 138
f 138 98 115
f 115 100 117
f 117 82 118
f 118 102 140
f 140 104 141
f 141 120 180
f 120 163 180
f 163 162 204
f 204 203 302
f 302 300 441
f 441 440 584
f 584 699 754
f 754 795 844
f 795 886 844
f 886 887 958
f 958 957 1048
f 1048 1046 1100
f 1100 1099 1222
f 1099 1220 1222
f 1220 1328 1330
f 1328 1271 1368
f 1368 1326 1473
f 1473 1421 1568
f 1568 1471 1569
f 1569 1520 1623
f 1623 1521 1627
f 1627 1572 1691
f 1691 1631 1696
f 1696 1697 1637
f 1697 1754 1637
f 1754 1852 1859
f 1859 2027 2045
f 2045 2404 2414
f 2414 2884 2896
f 2884 3151 3091
f 3151 3345 3350
f 3345 3499 3501
f 3499 3651 3749
f 3651 3866 3748
f 3866 3992 3993
f 3992 4298 4202
f 4298 4514 4405
f 4514 4929 4734
f 4929 5134 5241
f 5134 5345 5467
f 5345 5459 5462
f 5459 5541 5543
f 5541 5535 5537
f 5535 5528 5527
f 5528 5585 5588
f 5585 5579 5650
f 5579 5644 5693
f 5644 5432 5637
f 5637 5425 5566
f 5425 5110 5421
f 5110 4712 5107
f 4712 4492 4707
f 4492 4174 4374
f 4174 3830 4169
f 3830 3631 3827
f 3631 3630 3627
f 3630 3629 3561
f 3629 3955 3559
f 3955 4283 3719
f 4283 4599 4377
f 4599 4908 4594
f 4908 4808 5117
f 5117 5119 5323
f 5323 5226 5523
f 5523 5446 5526
f 5526 5447 5534
f 5534 5537 5535
f 5537 5543 5541
f 5543 5461 5462
f 5461 5346 5466
f 5346 5239 5348
f 5239 5038 5136
f 5038 4733 4930
f 4733 4835 4623
f 4835 5044 4836
f 5044 5142 4932
f 5142 5139 5143
f 5139 5033 5041
f 5033 4925 5035
f 4925 5023 5030
f 5023 5330 5338
f 5330 5016 5326
f 5326 5013 5324
f 5324 4912 5220
f 4912 4809 5220
f 4809 4606 4497
f 4497 4289 4183
f 4183 4085 3970
f 4085 3847 3842
f 3847 3852 3740
f 3852 3487 3742
f 3487 3276 3489
f 3276 3068 3278
f 3068 2711 3067
f 2711 2103 2708
f 2103 1828 2259
f 1828 1613 1610
f 1613 1460 1457
f 1460 1313 1359
f 1313 1204 1259
f 1204 1144 1081
f 1081 1035 1036
f 1035 780 871
f 780 566 607
f 566 385 387
f 385 227 229
f 227 382 257
f 257 291 226
f 291 336 253
f 336 377 287
f 377 417 332
f 417 460 329
f 460 459 326
f 459 413 278
f 413 599 556
f 556 771 724
f 724 915 913
f 913 1014 1065
f 1065 1185 1181
f 1181 1250 1248
f 1248 1184 1182
f 1182 1126 1124
f 1126 976 1124
f 976 977 815
f 815 816 600
f 600 602 461
f 461 376 288
f 288 225 195
f 195 153 172
f 172 135 174
f 174 155 229
f 155 138 199
f 138 115 176
f 115 117 157
f 117 118 159
f 118 140 160
f 140 141 177
f 141 180 202
f 180 163 237
f 163 204 237
f 204 302 301
f 302 441 482
f 441 584 636
f 584 754 636
f 754 844 794
f 844 886 956
f 886 958 956
f 958 1048 1047
f 1048 1100 1101
f 1100 1222 1223
f 1222 1220 1330
f 1330 1328 1424
f 1328 1368 1475
f 1368 1473 1570
f 1473 1568 1622
f 1568 1569 1686
f 1569 1623 1743
f 1623 1627 1745
f 1627 1691 1846
f 1691 1696 1748
f 1696 1637 1636
f 1637 1754 1700
f 1754 1859 1700
f 1859 2045 1800
f 2045 2414 1953
f 2414 2896 2307
f 2896 2884 3091
f 3091 3151 3350
f 3350 3345 3501
f 3501 3499 3749
f 3749 3651 3748
f 3748 3866 3993
f 3993 3992 4202
f 4202 4298 4405
f 4405 4514 4734
f 4734 4929 5040
f 4929 5241 5040
f 5241 5134 5467
f 5467 5345 5462
f 5462 5459 5543
f 5535 5527 5534
f 5527 5528 5588
f 5588 5585 5654
f 5585 5650 5652
f 5650 5579 5693
f 5693 5644 5688
f 5644 5637 5688
f 5637 5566 5680
f 5566 5425 5421
f 5421 5110 5107
f 5107 4712 4707
f 4707 4492 4374
f 4374 4174 4169
f 4169 3830 3827
f 3827 3631 3627
f 3627 3630 3561
f 3561 3629 3559
f 3559 3955 3719
f 3719 4283 4059
f 4283 4377 4059
f 4377 4599 4594
f 4594 4908 4904
f 4908 5117 5217
f 5117 5323 5433
f 5323 5523 5582
f 5523 5526 5587
f 5526 5534 5527
f 5462 5461 5466
f 5466 5346 5348
f 5348 5239 5136
f 5136 5038 4930
f 4930 4733 4621
f 4733 4623 4621
f 4623 4835 4624
f 4835 4836 4624
f 4836 5044 4932
f 4932 5142 5047
f 5142 5143 5047
f 5143 5139 5141
f 5139 5041 5141
f 5041 5033 5035
f 5035 4925 5030
f 5030 5023 5338
f 5338 5330 5595
f 5330 5326 5590
f 5326 5324 5521
f 5324 5220 5518
f 5220 4809 5113
f 4809 4497 4719
f 4497 4183 4387
f 4183 3970 4178
f 3970 4085 3842
f 3842 3847 3740
f 3740 3852 3742
f 3742 3487 3489
f 3489 3276 3278
f 3278 3068 3067
f 3067 2711 2708
f 2708 2103 2259
f 2259 1828 1826
f 1828 1610 1826
f 1610 1613 1457
f 1457 1460 1359
f 1359 1313 1259
f 1259 1204 1143
f 1204 1081 1146
f 1081 1036 1082
f 1036 1035 871
f 871 780 607
f 607 566 387
f 387 385 229
f 229 227 174
f 227 257 197
f 257 226 197
f 226 291 253
f 253 336 287
f 287 377 332
f 332 417 329
f 329 460 326
f 326 459 278
f 278 413 222
f 413 556 321
f 556 724 496
f 724 913 721
f 913 1065 908
f 1065 1181 1064
f 1181 1248 1246
f 1248 1182 1303
f 1182 1124 1247
f 1124 976 975
f 976 815 814
f 815 600 662
f 600 461 504
f 461 288 333
f 288 195 223
f 195 172 196
f 172 174 197
f 229 155 199
f 199 138 176
f 176 115 157
f 157 117 159
f 159 118 160
f 160 140 177
f 177 141 202
f 202 180 298
f 180 237 298
f 237 204 301
f 301 302 482
f 482 441 636
f 636 754 794
f 794 844 845
f 844 956 845
f 956 958 1047
f 1047 1048 1101
f 1101 1100 1223
f 1223 1222 1331
f 1222 1330 1331
f 1330 1424 1369
f 1424 1328 1475
f 1475 1368 1570
f 1570 1473 1622
f 1622 1568 1686
f 1686 1569 1743
f 1743 1623 1745
f 1745 1627 1846
f 1846 1691 1748
f 1748 1696 1636
f 1636 1637 1639
f 1637 1700 1639
f 1700 1859 1800
f 1800 2045 1953
f 1953 2414 2307
f 2307 2896 2900
f 2896 3091 3099
f 3091 3350 3294
f 3350 3501 3509
f 3501 3749 3750
f 3749 3748 3868
f 3748 3993 3994
f 3993 4202 4098
f 4202 4405 4299
f 4405 4734 4516
f 4734 5040 4834
f 5040 5241 5243
f 5241 5467 5349
f 5467 5462 5466
f 5527 5588 5587
f 5588 5654 5653
f 5654 5585 5652
f 5652 5650 5695
f 5650 5693 5692
f 5693 5688 5687
f 5688 5637 5680
f 5680 5566 5624
f 5566 5421 5504
f 5421 5107 5305
f 5107 4707 4995
f 4707 4374 4703
f 4374 4169 4371
f 4169 3827 4056
f 3827 3627 3820
f 3627 3561 3558
f 3561 3559 3466
f 3559 3719 3465
f 3719 4059 3625
f 4059 4377 3949
f 4377 4594 4375
f 4594 4904 4590
f 4904 4908 5217
f 5217 5117 5433
f 5433 5323 5582
f 5582 5523 5587
f 5587 5526 5527
f 5466 5348 5349
f 5348 5136 5240
f 5136 4930 5039
f 4930 4621 4834
f 4621 4623 4407
f 4623 4624 4408
f 4624 4836 4517
f 4836 4932 4738
f 4932 5047 4737
f 5047 5143 5048
f 5143 5141 5048
f 5141 5041 5043
f 5041 5035 5242
f 5035 5030 5347
f 5030 5338 5347
f 5338 5595 5600
f 5595 5330 5590
f 5590 5326 5521
f 5521 5324 5518
f 5518 5220 5430
f 5220 5113 5430
f 5113 4809 4719
f 4719 4497 4387
f 4387 4183 4178
f 4178 3970 3968
f 3970 3842 3840
f 3842 3740 3843
f 3740 3742 3739
f 3742 3489 3644
f 3489 3278 3490
f 3278 3067 3277
f 3067 2708 3065
f 2708 2259 2705
f 2259 1826 2257
f 1826 1610 1675
f 1610 1457 1506
f 1457 1359 1401
f 1359 1259 1307
f 1259 1143 1256
f 1143 1204 1146
f 1146 1081 1082
f 1082 1036 1037
f 1036 871 941
f 871 607 671
f 607 387 388
f 387 229 199
f 174 227 197
f 197 226 196
f 226 253 224
f 253 287 251
f 287 332 284
f 332 329 282
f 329 326 279
f 326 278 247
f 278 222 193
f 222 413 321
f 321 556 496
f 496 724 721
f 721 913 908
f 908 1065 1064
f 1064 1181 1246
f 1246 1248 1303
f 1303 1182 1247
f 1247 1124 1122
f 1124 975 1122
f 975 976 814
f 814 815 662
f 662 600 504
f 504 461 333
f 333 288 223
f 223 195 196
f 196 172 197
f 199 176 258
f 176 157 230
f 157 159 231
f 159 160 233
f 160 177 234
f 177 202 261
f 202 298 348
f 298 237 395
f 237 301 395
f 301 482 535
f 482 636 637
f 636 794 637
f 794 845 843
f 845 956 998
f 956 1047 998
f 1047 1101 1102
f 1101 1223 1224
f 1223 1331 1273
f 1331 1330 1369
f 1369 1424 1476
f 1424 1475 1524
f 1475 1570 1626
f 1570 1622 1685
f 1622 1686 1793
f 1686 1743 1838
f 1743 1745 1888
f 1745 1846 1893
f 1846 1748 1850
f 1748 1636 1753
f 1636 1639 1638
f 1639 1700 1581
f 1700 1800 1581
f 1800 1953 1702
f 1953 2307 1861
f 2307 2900 2314
f 2900 2896 3099
f 3099 3091 3294
f 3294 3350 3509
f 3509 3501 3750
f 3750 3749 3868
f 3868 3748 3994
f 3994 3993 4098
f 4098 4202 4299
f 4299 4405 4516
f 4516 4734 4834
f 4834 5040 5039
f 5040 5243 5039
f 5243 5241 5349
f 5349 5467 5466
f 5587 5588 5653
f 5653 5654 5648
f 5654 5652 5695
f 5695 5650 5692
f 5692 5693 5687
f 5687 5688 5682
f 5688 5680 5682
f 5680 5624 5627
f 5624 5566 5504
f 5504 5421 5305
f 5305 5107 4995
f 4995 4707 4703
f 4703 4374 4371
f 4371 4169 4056
f 4056 3827 3820
f 3820 3627 3558
f 3558 3561 3466
f 3466 3559 3465
f 3465 3719 3625
f 3625 4059 3949
f 3949 4377 4375
f 4375 4594 4590
f 4590 4904 4803
f 4904 5217 5112
f 5217 5433 5431
f 5433 5582 5578
f 5582 5587 5653
f 5349 5348 5240
f 5240 5136 5039
f 5039 4930 4834
f 4834 4621 4516
f 4621 4407 4516
f 4407 4623 4408
f 4408 4624 4301
f 4624 4517 4301
f 4517 4836 4738
f 4738 4932 4737
f 4737 5047 4839
f 5047 5048 4839
f 5048 5141 4934
f 5141 5043 5046
f 5043 5041 5244
f 5041 5242 5244
f 5242 5035 5347
f 5347 5338 5600
f 5600 5595 5776
f 5595 5590 5772
f 5590 5521 5734
f 5521 5518 5694
f 5518 5430 5643
f 5430 5113 5315
f 5113 4719 5003
f 4719 4387 4598
f 4387 4178 4386
f 4178 3968 4076
f 3968 3970 3840
f 3840 3842 3843
f 3843 3740 3739
f 3739 3742 3644
f 3644 3489 3490
f 3490 3278 3277
f 3277 3067 3065
f 3065 2708 2705
f 2705 2259 2257
f 2257 1826 1879
f 1826 1675 1879
f 1675 1610 1506
f 1506 1457 1401
f 1401 1359 1307
f 1307 1259 1256
f 1256 1143 1203
f 1143 1146 1145
f 1146 1082 1083
f 1082 1037 1083
f 1037 1036 941
f 941 871 671
f 671 607 388
f 388 387 199
f 196 226 224
f 224 253 251
f 251 287 284
f 284 332 282
f 282 329 279
f 279 326 247
f 247 278 193
f 193 222 151
f 222 321 192
f 321 496 276
f 496 721 455
f 721 908 658
f 908 1064 865
f 1064 1246 1063
f 1246 1303 1243
f 1303 1247 1356
f 1247 1122 1300
f 1122 975 974
f 975 814 813
f 814 662 661
f 662 504 502
f 504 333 416
f 333 223 286
f 223 196 224
f 199 258 388
f 258 176 230
f 230 157 231
f 231 159 233
f 233 160 234
f 234 177 261
f 261 202 348
f 348 298 439
f 298 395 439
f 395 301 535
f 535 482 637
f 637 794 843
f 843 845 884
f 845 998 884
f 998 1047 1102
f 1102 1101 1224
f 1224 1223 1273
f 1273 1331 1370
f 1331 1369 1370
f 1369 1476 1425
f 1476 1424 1524
f 1524 1475 1626
f 1626 1570 1685
f 1685 1622 1793
f 1793 1686 1838
f 1838 1743 1888
f 1888 1745 1893
f 1893 1846 1850
f 1850 1748 1753
f 1753 1636 1638
f 1638 1639 1580
f 1639 1581 1580
f 1581 1800 1702
f 1702 1953 1861
f 1861 2307 2314
f 2314 2900 2801
f 2900 3099 3100
f 3099 3294 3299
f 3294 3509 3515
f 3509 3750 3758
f 3750 3868 3873
f 3868 3994 3995
f 3994 4098 4100
f 4098 4299 4099
f 4299 4516 4407
f 5039 5243 5240
f 5243 5349 5240
f 5653 5648 5578
f 5648 5654 5695
f 5695 5692 5691
f 5692 5687 5686
f 5687 5682 5634
f 5682 5680 5627
f 5627 5624 5623
f 5624 5504 5562
f 5504 5305 5500
f 5305 4995 5301
f 4995 4703 4991
f 4703 4371 4699
f 4371 4056 4270
f 4056 3820 4053
f 3820 3558 3717
f 3558 3466 3462
f 3466 3465 3399
f 3465 3625 3398
f 3625 3949 3557
f 3949 4375 3818
f 4375 4590 4274
f 4590 4803 4589
f 4803 4904 5112
f 5112 5217 5431
f 5431 5433 5578
f 5578 5582 5653
f 4407 4408 4203
f 4408 4301 4101
f 4301 4517 4205
f 4517 4738 4303
f 4738 4737 4411
f 4737 4839 4627
f 4839 5048 4840
f 5048 4934 4840
f 4934 5141 5046
f 5046 5043 5145
f 5043 5244 5140
f 5244 5242 5549
f 5242 5347 5603
f 5347 5600 5603
f 5600 5776 5747
f 5776 5595 5772
f 5772 5590 5734
f 5734 5521 5694
f 5694 5518 5643
f 5643 5430 5514
f 5430 5315 5514
f 5315 5113 5003
f 5003 4719 4598
f 4598 4387 4386
f 4386 4178 4076
f 4076 3968 3964
f 3968 3840 3969
f 3840 3843 4080
f 3843 3739 4087
f 3739 3644 3850
f 3644 3490 3643
f 3490 3277 3411
f 3277 3065 3275
f 3065 2705 3063
f 2705 2257 2704
f 2257 1879 2255
f 1879 1675 1778
f 1675 1506 1608
f 1506 1401 1505
f 1401 1307 1455
f 1307 1256 1402
f 1256 1203 1361
f 1203 1143 1145
f 1145 1146 1083
f 1083 1037 1084
f 1037 941 987
f 941 671 784
f 671 388 470
f 224 251 286
f 251 284 330
f 284 282 328
f 282 279 280
f 279 247 248
f 247 193 194
f 193 151 152
f 151 222 192
f 192 321 276
f 276 496 455
f 455 721 658
f 658 908 865
f 865 1064 1063
f 1063 1246 1243
f 1243 1303 1356
f 1356 1247 1300
f 1300 1122 1121
f 1122 974 1121
f 974 975 813
f 813 814 661
f 661 662 502
f 502 504 416
f 416 333 286
f 286 223 224
f 388 258 470
f 258 230 389
f 230 231 342
f 231 233 343
f 233 234 345
f 234 261 392
f 261 348 437
f 348 439 533
f 439 395 585
f 395 535 585
f 535 637 701
f 637 843 701
f 843 884 842
f 884 998 1045
f 998 1102 1159
f 1102 1224 1225
f 1224 1273 1274
f 1273 1370 1372
f 1370 1369 1425
f 1425 1476 1526
f 1476 1524 1629
f 1524 1626 1687
f 1626 1685 1794
f 1685 1793 1839
f 1793 1838 1889
f 1838 1888 2001
f 1888 1893 2004
f 1893 1850 2023
f 1850 1753 1858
f 1753 1638 1755
f 1638 1580 1640
f 1580 1581 1530
f 1581 1702 1530
f 1702 1861 1642
f 1861 2314 1704
f 2314 2801 2059
f 2801 2900 3100
f 3100 3099 3299
f 3299 3294 3515
f 3515 3509 3758
f 3758 3750 3873
f 3873 3868 3995
f 3995 3994 4100
f 4100 4098 4099
f 4099 4299 4203
f 4299 4407 4203
f 5578 5648 5577
f 5648 5695 5691
f 5691 5692 5686
f 5686 5687 5634
f 5634 5682 5565
f 5682 5627 5565
f 5627 5623 5563
f 5623 5624 5562
f 5562 5504 5500
f 5500 5305 5301
f 5301 4995 4991
f 4991 4703 4699
f 4699 4371 4270
f 4270 4056 4053
f 4053 3820 3717
f 3717 3558 3462
f 3462 3466 3399
f 3399 3465 3398
f 3398 3625 3557
f 3557 3949 3818
f 3818 4375 4274
f 4274 4590 4589
f 4589 4803 4799
f 4803 5112 5001
f 5112 5431 5427
f 5431 5578 5577
f 4203 4408 4101
f 4101 4301 3998
f 4301 4205 3998
f 4205 4517 4303
f 4303 4738 4411
f 4411 4737 4627
f 4627 4839 4629
f 4839 4840 4629
f 4840 4934 4842
f 4934 5046 4935
f 5046 5145 4933
f 5145 5043 5140
f 5140 5244 5469
f 5244 5549 5469
f 5549 5242 5603
f 5603 5600 5747
f 5747 5776 5836
f 5776 5772 5832
f 5772 5734 5799
f 5734 5694 5768
f 5694 5643 5727
f 5643 5514 5641
f 5514 5315 5426
f 5315 5003 5215
f 5003 4598 4902
f 4598 4386 4595
f 4386 4076 4384
f 4076 3964 4075
f 3964 3968 3969
f 3969 3840 4080
f 4080 3843 4087
f 4087 3739 3850
f 3850 3644 3643
f 3643 3490 3411
f 3411 3277 3275
f 3275 3065 3063
f 3063 2705 2704
f 2704 2257 2255
f 2255 1879 1977
f 1879 1778 1977
f 1778 1675 1608
f 1608 1506 1505
f 1505 1401 1455
f 1455 1307 1402
f 1402 1256 1361
f 1361 1203 1312
f 1203 1145 1207
f 1145 1083 1147
f 1083 1084 1086
f 1084 1037 987
f 987 941 784
f 784 671 470
f 286 251 330
f 330 284 328
f 328 282 280
f 280 279 248
f 248 247 194
f 194 193 152
f 152 151 96
f 151 192 134
f 192 276 169
f 276 455 244
f 455 658 407
f 658 865 654
f 865 1063 864
f 1063 1243 1061
f 1243 1356 1297
f 1356 1300 1450
f 1300 1121 1353
f 1121 974 973
f 974 813 812
f 813 661 660
f 661 502 500
f 502 416 414
f 416 286 330
f 470 258 389
f 389 230 342
f 342 231 343
f 343 233 345
f 345 234 392
f 392 261 437
f 437 348 533
f 533 439 635
f 439 585 635
f 585 535 701
f 701 843 842
f 842 884 995
f 884 1045 995
f 1045 998 1159
f 1159 1102 1225
f 1225 1224 1274
f 1274 1273 1372
f 1372 1370 1426
f 1370 1425 1426
f 1425 1526 1479
f 1526 1476 1629
f 1629 1524 1687
f 1687 1626 1794
f 1794 1685 1839
f 1839 1793 1889
f 1889 1838 2001
f 2001 1888 2004
f 2004 1893 2278
f 1893 2023 2278
f 2023 1850 1858
f 1858 1753 1755
f 1755 1638 1640
f 1640 1580 1529
f 1580 1530 1529
f 1530 1702 1642
f 1642 1861 1704
f 1704 2314 2059
f 2059 2801 2803
f 2801 3100 3101
f 3100 3299 3300
f 3299 3515 3429
f 3515 3758 3672
f 3758 3873 4007
f 3873 3995 4001
f 3995 4100 4103
f 4100 4099 4102
f 4099 4203 3997
f 5577 5648 5691
f 5691 5686 5574
f 5686 5634 5569
f 5634 5565 5507
f 5565 5627 5563
f 5563 5623 5561
f 5623 5562 5677
f 5562 5500 5678
f 5500 5301 5620
f 5301 4991 5407
f 4991 4699 4988
f 4699 4270 4695
f 4270 4053 4268
f 4053 3717 3946
f 3717 3462 3619
f 3462 3399 3394
f 3399 3398 3258
f 3398 3557 3257
f 3557 3818 3393
f 3818 4274 3814
f 4274 4589 4271
f 4589 4799 4587
f 4799 4803 5001
f 5001 5112 5427
f 5427 5431 5577
f 4203 4101 3997
f 4101 3998 3871
f 3998 4205 3874
f 4205 4303 4002
f 4303 4411 4105
f 4411 4627 4208
f 4627 4629 4414
f 4629 4840 4630
f 4840 4842 4630
f 4842 4934 4935
f 4935 5046 4933
f 4933 5145 5147
f 5145 5140 5351
f 5140 5469 5351
f 5469 5549 5706
f 5549 5603 5749
f 5603 5747 5749
f 5747 5836 5838
f 5836 5776 5832
f 5832 5772 5799
f 5799 5734 5768
f 5768 5694 5727
f 5727 5643 5641
f 5641 5514 5573
f 5514 5426 5573
f 5426 5315 5215
f 5215 5003 4902
f 4902 4598 4595
f 4595 4386 4384
f 4384 4076 4075
f 4075 3964 3839
f 3964 3969 3966
f 3969 4080 4182
f 4080 4087 4391
f 4087 3850 4393
f 3850 3643 3853
f 3643 3411 3577
f 3411 3275 3410
f 3275 3063 3273
f 3063 2704 3061
f 2704 2255 2701
f 2255 1977 2253
f 1977 1778 1824
f 1778 1608 1730
f 1608 1505 1607
f 1505 1455 1556
f 1455 1402 1507
f 1402 1361 1509
f 1361 1312 1459
f 1312 1203 1207
f 1207 1145 1147
f 1147 1083 1086
f 1086 1084 1087
f 1084 987 1038
f 987 784 833
f 784 470 611
f 330 328 414
f 328 280 374
f 280 248 324
f 248 194 277
f 194 152 221
f 152 96 150
f 96 151 134
f 134 192 169
f 169 276 244
f 244 455 407
f 407 658 654
f 654 865 864
f 864 1063 1061
f 1061 1243 1297
f 1297 1356 1392
f 1356 1450 1502
f 1450 1300 1353
f 1353 1121 1242
f 1121 973 1242
f 973 974 812
f 812 813 660
f 660 661 500
f 500 502 414
f 414 416 330
f 470 389 611
f 389 342 523
f 342 343 477
f 343 345 479
f 345 392 530
f 392 437 532
f 437 533 632
f 533 635 753
f 635 585 755
f 585 701 755
f 701 842 755
f 842 995 883
f 995 1045 1158
f 1045 1159 1221
f 1159 1225 1272
f 1225 1274 1333
f 1274 1372 1373
f 1372 1426 1428
f 1426 1425 1479
f 1479 1526 1574
f 1526 1629 1690
f 1629 1687 1795
f 1687 1794 1841
f 1794 1839 1937
f 1839 1889 2003
f 1889 2001 2137
f 2001 2004 2276
f 2004 2278 2276
f 2278 2023 2279
f 2023 1858 2041
f 1858 1755 1900
f 1755 1640 1701
f 1640 1529 1641
f 1529 1530 1486
f 1530 1642 1486
f 1642 1704 1487
f 1704 2059 1705
f 2059 2803 1901
f 2803 2801 3101
f 3101 3100 3300
f 3300 3299 3429
f 3429 3515 3672
f 3672 3758 4007
f 4007 3873 4001
f 4001 3995 4103
f 4103 4100 4102
f 4102 4099 3997
f 5577 5691 5574
f 5574 5686 5569
f 5569 5634 5507
f 5507 5565 5415
f 5565 5563 5415
f 5563 5561 5411
f 5561 5623 5677
f 5677 5562 5678
f 5678 5500 5620
f 5620 5301 5407
f 5407 4991 4988
f 4988 4699 4695
f 4695 4270 4268
f 4268 4053 3946
f 3946 3717 3619
f 3619 3462 3394
f 3394 3399 3258
f 3258 3398 3257
f 3257 3557 3393
f 3393 3818 3814
f 3814 4274 4271
f 4271 4589 4587
f 4587 4799 4705
f 4799 5001 4998
f 5001 5427 5312
f 5427 5577 5574
f 3997 4101 3871
f 3871 3998 3654
f 3998 3874 3654
f 3874 4205 4002
f 4002 4303 4105
f 4105 4411 4208
f 4208 4627 4414
f 4414 4629 4415
f 4629 4630 4415
f 4630 4842 4631
f 4842 4935 4741
f 4935 4933 4838
f 4933 5147 4837
f 5147 5145 5352
f 5145 5351 5352
f 5351 5469 5666
f 5469 5706 5666
f 5706 5549 5749
f 5749 5747 5838
f 5838 5836 5876
f 5836 5832 5874
f 5832 5799 5848
f 5799 5768 5827
f 5768 5727 5765
f 5727 5641 5725
f 5641 5573 5640
f 5573 5426 5572
f 5426 5215 5424
f 5215 4902 5109
f 4902 4595 4804
f 4595 4384 4593
f 4384 4075 4282
f 4075 3839 4073
f 3839 3964 3966
f 3966 3969 4182
f 4182 4080 4391
f 4391 4087 4393
f 4393 3850 4290
f 3850 3853 4290
f 3853 3643 3577
f 3577 3411 3410
f 3410 3275 3273
f 3273 3063 3061
f 3061 2704 2701
f 2701 2255 2253
f 2253 1977 2096
f 1977 1824 2096
f 1824 1778 1730
f 1730 1608 1607
f 1607 1505 1556
f 1556 1455 1507
f 1507 1402 1509
f 1509 1361 1459
f 1459 1312 1462
f 1312 1207 1314
f 1207 1147 1208
f 1147 1086 1148
f 1086 1087 1148
f 1087 1084 1038
f 1038 987 833
f 833 784 611
f 414 328 374
f 374 280 324
f 324 248 277
f 277 194 221
f 221 152 171
f 152 150 171
f 150 96 111
f 96 134 68
f 134 169 93
f 169 244 131
f 244 407 216
f 407 654 405
f 654 864 650
f 864 1061 859
f 1061 1297 1059
f 1297 1392 1295
f 1392 1356 1502
f 1502 1450 1551
f 1450 1353 1503
f 1353 1242 1393
f 1242 973 1012
f 973 812 768
f 812 660 598
f 660 500 498
f 500 414 374
f 611 389 523
f 523 342 477
f 477 343 479
f 479 345 530
f 530 392 532
f 532 437 632
f 632 533 753
f 753 635 841
f 635 755 841
f 755 842 883
f 883 995 1096
f 995 1158 1096
f 1158 1045 1221
f 1221 1159 1272
f 1272 1225 1333
f 1333 1274 1373
f 1373 1372 1428
f 1428 1426 1480
f 1426 1479 1480
f 1479 1574 1576
f 1574 1526 1690
f 1690 1629 1795
f 1795 1687 1841
f 1841 1794 1937
f 1937 1839 2003
f 2003 1889 2137
f 2137 2001 2276
f 2276 2278 2527
f 2278 2279 2759
f 2279 2023 2285
f 2023 2041 2285
f 2041 1858 1900
f 1900 1755 1701
f 1701 1640 1641
f 1641 1529 1531
f 1529 1486 1531
f 1486 1642 1487
f 1487 1704 1484
f 1704 1705 1485
f 1705 2059 1901
f 1901 2803 2640
f 2803 3101 3102
f 3101 3300 3362
f 3300 3429 3520
f 3429 3672 3673
f 3672 4007 3893
f 4007 4001 4008
f 4001 4103 4003
f 4103 4102 4000
f 4102 3997 3872
f 5574 5569 5312
f 5569 5507 5309
f 5507 5415 5208
f 5415 5563 5411
f 5411 5561 5499
f 5561 5677 5754
f 5677 5678 5792
f 5678 5620 5755
f 5620 5407 5617
f 5407 4988 5299
f 4988 4695 5101
f 4695 4268 4474
f 4268 3946 4264
f 3946 3619 3713
f 3619 3394 3551
f 3394 3258 3253
f 3258 3257 3191
f 3257 3393 3190
f 3393 3814 3388
f 3814 4271 3807
f 4271 4587 4267
f 4587 4705 4479
f 4705 4799 4998
f 4998 5001 5312
f 5312 5427 5574
f 3997 3871 3872
f 3871 3654 3580
f 3654 3874 3581
f 3874 4002 3752
f 4002 4105 3876
f 4105 4208 4004
f 4208 4414 4107
f 4414 4415 4210
f 4415 4630 4417
f 4630 4631 4417
f 4631 4842 4741
f 4741 4935 4838
f 4838 4933 4837
f 4837 5147 5245
f 5147 5352 5245
f 5352 5351 5550
f 5351 5666 5550
f 5666 5706 5811
f 5706 5749 5839
f 5749 5838 5839
f 5838 5876 5877
f 5876 5836 5874
f 5874 5832 5848
f 5848 5799 5827
f 5827 5768 5765
f 5765 5727 5725
f 5725 5641 5640
f 5640 5573 5639
f 5573 5572 5639
f 5572 5426 5424
f 5424 5215 5109
f 5109 4902 4804
f 4804 4595 4593
f 4593 4384 4282
f 4282 4075 4073
f 4073 3839 3838
f 3839 3966 3963
f 3966 4182 4180
f 4182 4391 4499
f 4391 4393 4813
f 4393 4290 4913
f 4290 3853 4190
f 3853 3577 3743
f 3577 3410 3576
f 3410 3273 3486
f 3273 3061 3271
f 3061 2701 3059
f 2701 2253 2840
f 2253 2096 2354
f 2096 1824 1976
f 1824 1730 1823
f 1730 1607 1729
f 1607 1556 1673
f 1556 1507 1674
f 1507 1509 1609
f 1509 1459 1611
f 1459 1462 1612
f 1462 1312 1314
f 1314 1207 1208
f 1208 1147 1148
f 1148 1087 1209
f 1087 1038 988
f 1038 833 988
f 833 611 745
f 374 324 498
f 324 277 411
f 277 221 369
f 221 171 220
f 171 150 111
f 111 96 80
f 96 68 59
f 68 134 93
f 93 169 131
f 131 244 216
f 216 407 405
f 405 654 650
f 650 864 859
f 859 1061 1059
f 1059 1297 1295
f 1295 1392 1388
f 1392 1502 1500
f 1502 1551 1549
f 1551 1450 1503
f 1503 1353 1393
f 1393 1242 1351
f 1242 1012 1351
f 1012 973 768
f 768 812 598
f 598 660 498
f 498 500 374
f 611 523 745
f 523 477 681
f 477 479 687
f 479 530 692
f 530 532 694
f 532 632 791
f 632 753 840
f 753 841 953
f 841 755 883
f 883 1096 994
f 1096 1158 1327
f 1158 1221 1329
f 1221 1272 1332
f 1272 1333 1371
f 1333 1373 1427
f 1373 1428 1429
f 1428 1480 1482
f 1480 1479 1576
f 1576 1574 1632
f 1574 1690 1746
f 1690 1795 1842
f 1795 1841 1890
f 1841 1937 2008
f 1937 2003 2141
f 2003 2137 2277
f 2137 2276 2389
f 2276 2527 2389
f 2527 2278 2755
f 2278 2759 2755
f 2759 2279 2774
f 2279 2285 2774
f 2285 2041 2291
f 2041 1900 2200
f 1900 1701 1860
f 1701 1641 1703
f 1641 1531 1643
f 1531 1486 1488
f 1486 1487 1488
f 1487 1484 1431
f 1484 1704 1485
f 1485 1705 1582
f 1705 1901 1756
f 1901 2640 2060
f 2640 2803 3102
f 3102 3101 3362
f 3362 3300 3520
f 3520 3429 3673
f 3673 3672 3893
f 3893 4007 4008
f 4008 4001 4003
f 4003 4103 4000
f 4000 4102 3872
f 5312 5569 5309
f 5309 5507 5208
f 5208 5415 5104
f 5415 5411 5104
f 5411 5499 5204
f 5499 5561 5618
f 5561 5754 5618
f 5754 5677 5792
f 5792 5678 5755
f 5755 5620 5617
f 5617 5407 5497
f 5407 5299 5406
f 5299 4988 5101
f 5101 4695 4793
f 4695 4474 4471
f 4474 4268 4264
f 4264 3946 4050
f 3946 3713 3804
f 3713 3619 3551
f 3551 3394 3392
f 3394 3253 3251
f 3253 3258 3191
f 3191 3257 3190
f 3190 3393 3189
f 3393 3388 3189
f 3388 3814 3807
f 3807 4271 4267
f 4267 4587 4479
f 4479 4705 4700
f 4705 4998 4898
f 4998 5312 5309
f 3872 3871 3580
f 3580 3654 3502
f 3654 3581 3502
f 3581 3874 3752
f 3752 4002 3876
f 3876 4105 4004
f 4004 4208 4107
f 4107 4414 4210
f 4210 4415 4211
f 4415 4417 4211
f 4417 4631 4416
f 4631 4741 4632
f 4741 4838 4628
f 4838 4837 4625
f 4837 5245 5052
f 5245 5352 5471
f 5352 5550 5471
f 5550 5666 5750
f 5666 5811 5750
f 5811 5706 5839
f 5839 5838 5877
f 5877 5876 5887
f 5876 5874 5886
f 5874 5848 5873
f 5848 5827 5828
f 5827 5765 5767
f 5765 5725 5728
f 5725 5640 5724
f 5640 5639 5722
f 5639 5572 5636
f 5572 5424 5571
f 5424 5109 5311
f 5109 4804 5108
f 4804 4593 4802
f 4593 4282 4486
f 4282 4073 4280
f 4073 3838 4067
f 3838 3839 3963
f 3963 3966 4180
f 4180 4182 4499
f 4499 4391 4813
f 4813 4393 4913
f 4913 4290 4915
f 4290 4190 4915
f 4190 3853 3743
f 3743 3577 3576
f 3576 3410 3486
f 3486 3273 3271
f 3271 3061 3059
f 3059 2701 2840
f 2840 2253 2354
f 2354 2096 2252
f 2096 1976 2252
f 1976 1824 1823
f 1823 1730 1729
f 1729 1607 1673
f 1673 1556 1674
f 1674 1507 1609
f 1609 1509 1611
f 1611 1459 1612
f 1612 1462 1678
f 1462 1314 1512
f 1314 1208 1362
f 1208 1148 1263
f 1148 1209 1263
f 1209 1087 1149
f 1087 988 1149
f 988 833 745
f 498 324 411
f 411 277 369
f 369 221 220
f 220 171 170
f 171 111 149
f 111 80 97
f 80 96 59
f 59 68 56
f 68 93 67
f 93 131 91
f 131 216 129
f 216 405 214
f 405 650 403
f 650 859 647
f 859 1059 857
f 1059 1295 1058
f 1295 1388 1236
f 1388 1392 1500
f 1500 1502 1549
f 1549 1551 1552
f 1551 1503 1393
f 1393 1351 1552
f 1351 1012 1175
f 1012 768 810
f 768 598 552
f 598 498 411
f 745 523 681
f 681 477 687
f 687 479 692
f 692 530 694
f 694 532 791
f 791 632 840
f 840 753 953
f 953 841 994
f 841 883 994
f 994 1096 1219
f 1096 1327 1219
f 1327 1158 1329
f 1329 1221 1332
f 1332 1272 1371
f 1371 1333 1427
f 1427 1373 1429
f 1429 1428 1482
f 1482 1480 1527
f 1480 1576 1527
f 1576 1632 1633
f 1632 1574 1746
f 1746 1690 1842
f 1842 1795 1890
f 1890 1841 2008
f 2008 1937 2141
f 2141 2003 2277
f 2277 2137 2389
f 2389 2527 2523
f 2527 2755 2750
f 2755 2759 2946
f 2759 2774 2946
f 2774 2285 2576
f 2285 2291 2576
f 2291 2041 2200
f 2200 1900 1860
f 1860 1701 1703
f 1703 1641 1643
f 1643 1531 1584
f 1531 1488 1584
f 1488 1487 1431
f 1431 1484 1432
f 1484 1485 1430
f 1485 1582 1583
f 1582 1705 1756
f 1756 1901 2060
f 2060 2640 2804
f 2640 3102 3103
f 3102 3362 3365
f 3362 3520 3594
f 3520 3673 3768
f 3673 3893 3895
f 3893 4008 4015
f 4008 4003 4011
f 4003 4000 3879
f 4000 3872 3753
f 5309 5208 4898
f 5208 5104 4896
f 5104 5411 5204
f 5204 5499 5201
f 5499 5618 5496
f 5618 5754 5790
f 5754 5792 5818
f 5792 5755 5791
f 5755 5617 5791
f 5617 5497 5616
f 5497 5407 5406
f 5406 5299 5298
f 5299 5101 5200
f 5101 4793 5100
f 4793 4695 4692
f 4695 4471 4692
f 4471 4474 4259
f 4474 4264 4261
f 4264 4050 4161
f 4050 3946 3805
f 3946 3804 3805
f 3804 3713 3547
f 3713 3551 3549
f 3551 3392 3459
f 3392 3394 3385
f 3394 3251 3385
f 3251 3253 3126
f 3253 3191 3128
f 3191 3190 3050
f 3190 3189 3049
f 3189 3388 3188
f 3388 3807 3384
f 3807 4267 3803
f 4267 4479 4263
f 4479 4700 4476
f 4700 4705 4898
f 4898 4998 5309
f 3872 3580 3753
f 3580 3502 3415
f 3502 3581 3416
f 3581 3752 3582
f 3752 3876 3656
f 3876 4004 3754
f 4004 4107 3877
f 4107 4210 4005
f 4210 4211 4006
f 4211 4417 4212
f 4417 4416 4212
f 4416 4631 4632
f 4632 4741 4628
f 4628 4838 4625
f 4625 4837 4410
f 4837 5052 4410
f 5052 5245 5354
f 5245 5471 5354
f 5471 5550 5669
f 5550 5750 5669
f 5750 5811 5860
f 5811 5839 5879
f 5839 5877 5879
f 5877 5887 5889
f 5887 5876 5886
f 5886 5874 5873
f 5873 5848 5828
f 5828 5827 5767
f 5767 5765 5728
f 5728 5725 5724
f 5724 5640 5722
f 5722 5639 5719
f 5639 5636 5719
f 5636 5572 5571
f 5571 5424 5311
f 5311 5109 5108
f 5108 4804 4802
f 4802 4593 4486
f 4486 4282 4280
f 4280 4073 4067
f 4067 3838 3836
f 3838 3963 3961
f 3963 4180 4177
f 4180 4499 4604
f 4499 4813 4911
f 4813 4913 5227
f 4913 4915 5445
f 4915 4190 4816
f 4190 3743 3981
f 3743 3576 3642
f 3576 3486 3642
f 3486 3271 3483
f 3271 3059 3267
f 3059 2840 3057
f 2840 2354 2838
f 2354 2252 2699
f 2252 1976 2250
f 1976 1823 1919
f 1823 1729 1822
f 1729 1673 1776
f 1673 1674 1777
f 1674 1609 1779
f 1609 1611 1780
f 1611 1612 1781
f 1612 1678 1827
f 1678 1462 1512
f 1512 1314 1362
f 1362 1208 1263
f 1263 1209 1318
f 1209 1149 1265
f 1149 988 872
f 988 745 872
f 411 369 552
f 369 220 410
f 220 170 168
f 170 171 149
f 149 111 97
f 97 80 69
f 80 59 49
f 59 56 48
f 56 68 67
f 67 93 91
f 91 131 129
f 129 216 214
f 214 405 403
f 403 650 647
f 647 859 857
f 857 1059 1058
f 1058 1295 1236
f 1236 1388 1385
f 1388 1500 1447
f 1500 1549 1498
f 1549 1552 1550
f 1552 1551 1393
f 1552 1351 1449
f 1351 1175 1449
f 1175 1012 1010
f 1012 810 902
f 810 768 552
f 552 598 411
f 745 681 872
f 681 687 873
f 687 692 876
f 692 694 877
f 694 791 950
f 791 840 992
f 840 953 1043
f 953 994 1094
f 994 1219 1094
f 1219 1327 1367
f 1327 1329 1422
f 1329 1332 1423
f 1332 1371 1477
f 1371 1427 1478
f 1427 1429 1481
f 1429 1482 1483
f 1482 1527 1528
f 1527 1576 1633
f 1633 1632 1694
f 1632 1746 1797
f 1746 1842 1844
f 1842 1890 1891
f 1890 2008 2009
f 2008 2141 2143
f 2141 2277 2144
f 2277 2389 2531
f 2389 2523 2531
f 2523 2527 2750
f 2750 2755 2945
f 2755 2946 2945
f 2946 2774 2955
f 2774 2576 2955
f 2576 2291 2290
f 2291 2200 2306
f 2200 1860 2058
f 1860 1703 1862
f 1703 1643 1707
f 1643 1584 1709
f 1584 1488 1586
f 1488 1431 1586
f 1431 1432 1532
f 1432 1484 1430
f 1430 1485 1583
f 1583 1582 1644
f 1582 1756 1706
f 1756 2060 1801
f 2060 2804 2205
f 2804 2640 3103
f 3103 3102 3365
f 3365 3362 3594
f 3594 3520 3768
f 3768 3673 3895
f 3895 3893 4015
f 4015 4008 4011
f 4011 4003 3879
f 3879 4000 3753
f 4898 5208 4896
f 4896 5104 4894
f 5104 5204 4894
f 5204 5201 4890
f 5201 5499 5496
f 5496 5618 5675
f 5618 5790 5675
f 5790 5754 5818
f 5818 5792 5791
f 5791 5617 5616
f 5616 5497 5493
f 5497 5406 5405
f 5406 5298 5297
f 5298 5299 5200
f 5200 5101 5100
f 5100 4793 4987
f 4793 4692 4691
f 4692 4471 4468
f 4471 4259 4256
f 4259 4474 4261
f 4261 4264 4161
f 4161 4050 4048
f 4050 3805 3941
f 3804 3946 3805
f 3804 3547 3546
f 3547 3713 3549
f 3549 3551 3459
f 3459 3392 3389
f 3392 3385 3328
f 3385 3251 3249
f 3251 3126 3125
f 3126 3253 3128
f 3128 3191 3050
f 3050 3190 3049
f 3049 3189 3127
f 3189 3188 3127
f 3188 3388 3384
f 3384 3807 3803
f 3803 4267 4263
f 4263 4479 4476
f 4476 4700 4697
f 4700 4898 4896
f 3753 3580 3415
f 3415 3502 3347
f 3502 3416 3347
f 3416 3581 3582
f 3582 3752 3656
f 3656 3876 3754
f 3754 4004 3877
f 3877 4107 4005
f 4005 4210 4006
f 4006 4211 4108
f 4211 4212 4108
f 4212 4416 4213
f 4416 4632 4419
f 4632 4628 4521
f 4628 4625 4520
f 4625 4410 4520
f 4410 5052 4626
f 5052 5354 5149
f 5354 5471 5606
f 5471 5669 5606
f 5669 5750 5841
f 5750 5860 5841
f 5860 5811 5879
f 5879 5877 5889
f 5889 5887 5888
f 5887 5886 5875
f 5886 5873 5853
f 5873 5828 5798
f 5828 5767 5733
f 5767 5728 5731
f 5728 5724 5729
f 5724 5722 5726
f 5722 5719 5721
f 5719 5636 5683
f 5636 5571 5633
f 5571 5311 5511
f 5311 5108 5310
f 5108 4802 5000
f 4802 4486 4709
f 4486 4280 4485
f 4280 4067 4279
f 4067 3836 4064
f 3836 3838 3961
f 3961 3963 4177
f 4177 4180 4604
f 4604 4499 4911
f 4911 4813 5227
f 5227 4913 5445
f 5445 4915 5593
f 4915 4816 5593
f 4816 4190 3981
f 3981 3743 3642
f 3642 3486 3483
f 3483 3271 3267
f 3267 3059 3057
f 3057 2840 2838
f 2838 2354 2699
f 2699 2252 2478
f 2252 2250 2478
f 2250 1976 1919
f 1919 1823 1822
f 1822 1729 1776
f 1776 1673 1777
f 1777 1674 1779
f 1779 1609 1780
f 1780 1611 1781
f 1781 1612 1827
f 1827 1678 1926
f 1678 1512 1736
f 1512 1362 1562
f 1362 1263 1407
f 1263 1318 1407
f 1318 1209 1265
f 1265 1149 1211
f 1149 872 1211
f 552 369 410
f 410 220 365
f 220 168 191
f 168 170 132
f 170 149 133
f 149 97 110
f 97 69 70
f 69 80 49
f 49 59 48
f 48 56 65
f 56 67 75
f 67 91 75
f 91 129 108
f 129 214 148
f 214 403 240
f 403 647 401
f 647 857 643
f 857 1058 854
f 1058 1236 1006
f 1236 1385 1171
f 1385 1388 1447
f 1447 1500 1498
f 1498 1549 1550
f 1550 1552 1449
f 1449 1175 1240
f 1175 1010 1240
f 1010 1012 900
f 1012 902 900
f 902 810 807
f 810 552 657
f 872 681 873
f 873 687 876
f 876 692 877
f 877 694 950
f 950 791 992
f 992 840 1043
f 1043 953 1094
f 1094 1219 1323
f 1219 1367 1323
f 1367 1327 1422
f 1422 1329 1423
f 1423 1332 1477
f 1477 1371 1478
f 1478 1427 1481
f 1481 1429 1483
f 1483 1482 1528
f 1528 1527 1579
f 1527 1633 1579
f 1633 1694 1634
f 1694 1632 1797
f 1797 1746 1844
f 1844 1842 1891
f 1891 1890 2009
f 2009 2008 2143
f 2143 2141 2144
f 2144 2277 2531
f 2531 2523 2522
f 2523 2750 2746
f 2750 2945 2942
f 2945 2946 3154
f 2946 2955 3160
f 2955 2576 3028
f 2576 2290 2581
f 2290 2291 2293
f 2291 2306 2293
f 2306 2200 2058
f 2058 1860 1862
f 1862 1703 1707
f 1707 1643 1709
f 1709 1584 1710
f 1584 1586 1710
f 1586 1431 1532
f 1532 1432 1533
f 1432 1430 1533
f 1430 1583 1585
f 1583 1644 1708
f 1644 1582 1706
f 1706 1756 1801
f 1801 2060 2205
f 2205 2804 2902
f 2804 3103 3169
f 3103 3365 3433
f 3365 3594 3679
f 3594 3768 3901
f 3768 3895 4018
f 3895 4015 4111
f 4015 4011 3892
f 4011 3879 3885
f 3879 3753 3659
f 4896 4894 4697
f 4894 5204 4890
f 4890 5201 4986
f 5201 5496 5198
f 5496 5675 5494
f 5675 5790 5788
f 5790 5818 5816
f 5818 5791 5789
f 5791 5616 5789
f 5616 5493 5615
f 5493 5497 5405
f 5405 5406 5297
f 5297 5298 5098
f 5298 5200 5099
f 5200 5100 5099
f 5100 4987 4889
f 4987 4793 4691
f 4691 4692 4579
f 4692 4468 4579
f 4468 4471 4256
f 4256 4259 4159
f 4259 4261 4160
f 4261 4161 4160
f 4161 4048 3942
f 4048 4050 3941
f 3941 3805 3802
f 3804 3805 3802
f 3804 3546 3802
f 3546 3547 3327
f 3547 3549 3386
f 3549 3459 3386
f 3459 3389 3252
f 3389 3392 3328
f 3328 3385 3325
f 3385 3249 3325
f 3249 3251 3125
f 3125 3126 3046
f 3126 3128 3048
f 3128 3050 3048
f 3050 3049 2986
f 3049 3127 3047
f 3127 3188 3047
f 3188 3384 3187
f 3384 3803 3454
f 3803 4263 3801
f 4263 4476 4258
f 4476 4697 4473
f 4697 4700 4896
f 3753 3415 3418
f 3415 3347 3287
f 3347 3416 3288
f 3416 3582 3417
f 3582 3656 3504
f 3656 3754 3657
f 3754 3877 3755
f 3877 4005 3878
f 4005 4006 3880
f 4006 4108 3881
f 4108 4212 4010
f 4212 4213 4010
f 4213 4416 4419
f 4419 4632 4521
f 4521 4628 4520
f 4520 4410 4412
f 4410 4626 4302
f 4626 5052 5149
f 5149 5354 5551
f 5354 5606 5551
f 5606 5669 5780
f 5669 5841 5780
f 5841 5860 5891
f 5860 5879 5899
f 5879 5889 5899
f 5889 5888 5897
f 5888 5887 5875
f 5875 5886 5853
f 5853 5873 5798
f 5798 5828 5733
f 5733 5767 5731
f 5731 5728 5729
f 5729 5724 5726
f 5726 5722 5721
f 5721 5719 5685
f 5719 5683 5685
f 5683 5636 5633
f 5633 5571 5511
f 5511 5311 5310
f 5310 5108 5000
f 5000 4802 4709
f 4709 4486 4485
f 4485 4280 4279
f 4279 4067 4064
f 4064 3836 3957
f 3836 3961 3959
f 3961 4177 4287
f 4177 4604 4603
f 4604 4911 5011
f 4911 5227 5225
f 5227 5445 5584
f 5445 5593 5737
f 5593 4816 5455
f 4816 3981 4507
f 3981 3642 3641
f 3642 3483 3641
f 3483 3267 3480
f 3267 3057 3263
f 3057 2838 3055
f 2838 2699 2926
f 2699 2478 2837
f 2478 2250 2477
f 2250 1919 2248
f 1919 1822 1975
f 1822 1776 1920
f 1776 1777 1921
f 1777 1779 1878
f 1779 1780 1922
f 1780 1781 1923
f 1781 1827 1924
f 1827 1926 2101
f 1926 1678 1736
f 1736 1512 1562
f 1562 1362 1407
f 1407 1318 1465
f 1318 1265 1409
f 1265 1211 1320
f 1211 872 873
f 552 410 495
f 410 365 408
f 365 220 245
f 220 191 245
f 191 168 167
f 168 132 130
f 132 170 133
f 133 149 110
f 110 97 70
f 70 69 49
f 49 48 58
f 48 65 55
f 65 56 75
f 75 91 108
f 108 129 148
f 148 214 240
f 240 403 401
f 401 647 643
f 643 857 854
f 854 1058 1006
f 1006 1236 1171
f 1171 1385 1344
f 1385 1447 1383
f 1447 1498 1444
f 1498 1550 1497
f 1550 1449 1448
f 1449 1240 1448
f 1240 1010 1008
f 1010 900 897
f 900 902 860
f 902 807 862
f 807 810 657
f 657 552 495
f 873 876 1150
f 876 877 1152
f 877 950 1154
f 950 992 1156
f 992 1043 1216
f 1043 1094 1267
f 1094 1323 1267
f 1323 1367 1469
f 1367 1422 1519
f 1422 1423 1522
f 1423 1477 1525
f 1477 1478 1573
f 1478 1481 1575
f 1481 1483 1577
f 1483 1528 1578
f 1528 1579 1635
f 1579 1633 1634
f 1634 1694 1747
f 1694 1797 1798
f 1797 1844 1847
f 1844 1891 1938
f 1891 2009 2011
f 2009 2143 2145
f 2143 2144 2146
f 2144 2531 2392
f 2531 2522 2526
f 2522 2523 2746
f 2746 2750 2942
f 2942 2945 3150
f 2945 3154 3150
f 3154 2946 3160
f 3160 2955 3166
f 2955 3028 3166
f 3028 2576 2581
f 2581 2290 2574
f 2290 2293 2411
f 2293 2306 2419
f 2306 2058 2202
f 2058 1862 2062
f 1862 1707 1863
f 1707 1709 1805
f 1709 1710 1758
f 1710 1586 1646
f 1586 1532 1646
f 1532 1533 1647
f 1533 1430 1585
f 1585 1583 1708
f 1708 1644 1804
f 1644 1706 1803
f 1706 1801 1802
f 1801 2205 1902
f 2205 2902 2316
f 2902 2804 3169
f 3169 3103 3433
f 3433 3365 3679
f 3679 3594 3901
f 3901 3768 4018
f 4018 3895 4111
f 4111 4015 3892
f 3892 4011 3885
f 3885 3879 3659
f 3659 3753 3418
f 4697 4894 4694
f 4894 4890 4694
f 4890 4986 4693
f 4986 5201 5198
f 5198 5496 5494
f 5494 5675 5674
f 5675 5788 5674
f 5788 5790 5816
f 5816 5818 5789
f 5789 5616 5615
f 5615 5493 5491
f 5493 5405 5404
f 5405 5297 5295
f 5297 5098 5095
f 5098 5298 5099
f 5099 5100 4889
f 4889 4987 4691
f 4691 4579 4690
f 4579 4468 4363
f 4468 4256 4254
f 4256 4159 4157
f 4159 4259 4160
f 4160 4161 3942
f 3942 4048 3941
f 3941 3802 3938
f 3802 3546 3545
f 3546 3327 3381
f 3327 3547 3386
f 3386 3459 3252
f 3252 3389 3328
f 3328 3325 3326
f 3325 3249 3247
f 3249 3125 3185
f 3125 3046 3124
f 3046 3126 3048
f 3048 3050 2986
f 2986 3049 3047
f 3047 3188 3187
f 3187 3384 3454
f 3454 3803 3801
f 3801 4263 4258
f 4258 4476 4473
f 4473 4697 4694
f 3418 3415 3287
f 3287 3347 3147
f 3347 3288 3147
f 3288 3416 3417
f 3417 3582 3504
f 3504 3656 3657
f 3657 3754 3755
f 3755 3877 3878
f 3878 4005 3880
f 3880 4006 3881
f 3881 4108 3884
f 4108 4010 3884
f 4010 4213 4012
f 4213 4419 4215
f 4419 4521 4418
f 4521 4520 4413
f 4520 4412 4413
f 4412 4410 4302
f 4302 4626 4519
f 4626 5149 4841
f 5149 5551 5355
f 5551 5606 5708
f 5606 5780 5708
f 5780 5841 5880
f 5841 5891 5880
f 5891 5860 5899
f 5899 5889 5897
f 5897 5888 5859
f 5888 5875 5837
f 5875 5853 5804
f 5853 5798 5737
f 5798 5733 5584
f 5733 5731 5583
f 5731 5729 5649
f 5729 5726 5647
f 5726 5721 5646
f 5721 5685 5575
f 5685 5683 5635
f 5683 5633 5632
f 5633 5511 5568
f 5511 5310 5510
f 5310 5000 5211
f 5000 4709 4999
f 4709 4485 4708
f 4485 4279 4484
f 4279 4064 4278
f 4064 3957 4062
f 3957 3836 3959
f 3959 3961 4287
f 4287 4177 4603
f 4603 4604 5011
f 5011 4911 5225
f 5225 5227 5584
f 5584 5445 5737
f 5737 5593 5804
f 5593 5455 5702
f 5455 4816 4507
f 4507 3981 4400
f 3981 3641 3854
f 3641 3483 3480
f 3480 3267 3263
f 3263 3057 3055
f 3055 2838 2926
f 2926 2699 2837
f 2837 2478 2836
f 2478 2477 2836
f 2477 2250 2248
f 2248 1919 1975
f 1975 1822 1920
f 1920 1776 1921
f 1921 1777 1878
f 1878 1779 1922
f 1922 1780 1923
f 1923 1781 1924
f 1924 1827 2101
f 2101 1926 2258
f 1926 1736 1984
f 1736 1562 1832
f 1562 1407 1679
f 1407 1465 1679
f 1465 1318 1409
f 1409 1265 1320
f 1320 1211 1150
f 1211 873 1150
f 495 410 453
f 410 408 453
f 408 365 362
f 365 245 314
f 245 191 190
f 191 167 190
f 167 168 130
f 130 132 92
f 132 133 94
f 133 110 95
f 110 70 79
f 70 49 58
f 58 48 57
f 48 55 57
f 55 65 66
f 65 75 89
f 75 108 109
f 108 148 166
f 148 240 211
f 240 401 310
f 401 643 444
f 643 854 444
f 854 1006 590
f 1006 1171 709
f 1171 1344 969
f 1344 1385 1383
f 1383 1447 1444
f 1444 1498 1497
f 1497 1550 1448
f 1448 1240 1237
f 1240 1008 1237
f 1008 1010 897
f 897 900 858
f 900 860 858
f 860 902 862
f 862 807 767
f 807 657 716
f 657 495 596
f 1150 876 1152
f 1152 877 1154
f 1154 950 1156
f 1156 992 1216
f 1216 1043 1267
f 1267 1323 1517
f 1323 1469 1517
f 1469 1367 1519
f 1519 1422 1522
f 1522 1423 1525
f 1525 1477 1573
f 1573 1478 1575
f 1575 1481 1577
f 1577 1483 1578
f 1578 1528 1635
f 1635 1579 1699
f 1579 1634 1699
f 1634 1747 1750
f 1747 1694 1798
f 1798 1797 1847
f 1847 1844 1938
f 1938 1891 2011
f 2011 2009 2145
f 2145 2143 2146
f 2146 2144 2392
f 2392 2531 2526
f 2526 2522 2525
f 2522 2746 2745
f 2746 2942 2867
f 2942 3150 3148
f 3150 3154 3421
f 3154 3160 3425
f 3160 3166 3428
f 3166 3028 3227
f 3028 2581 2894
f 2581 2574 2793
f 2574 2290 2411
f 2411 2293 2419
f 2419 2306 2421
f 2306 2202 2312
f 2202 2058 2062
f 2062 1862 1863
f 1863 1707 1805
f 1805 1709 1758
f 1758 1710 1761
f 1710 1646 1648
f 1646 1532 1647
f 1647 1533 1645
f 1533 1585 1645
f 1585 1708 1757
f 1708 1804 1864
f 1804 1644 1803
f 1803 1706 1802
f 1802 1801 1902
f 1902 2205 2316
f 2316 2902 2963
f 2902 3169 3229
f 3169 3433 3434
f 3433 3679 3680
f 3679 3901 3908
f 3901 4018 4117
f 4018 4111 4113
f 4111 3892 4016
f 3892 3885 3891
f 3885 3659 3664
f 3659 3418 3507
f 4694 4890 4693
f 4693 4986 4791
f 4986 5198 4985
f 5198 5494 5296
f 5494 5674 5558
f 5674 5788 5752
f 5788 5816 5786
f 5816 5789 5753
f 5789 5615 5753
f 5615 5491 4047
f 5491 5493 5404
f 5404 5405 5295
f 5295 5297 5095
f 5095 5098 4887
f 5098 5099 4888
f 5099 4889 4888
f 4889 4691 4690
f 4690 4579 4577
f 4579 4363 4577
f 4363 4468 4254
f 4254 4256 4157
f 4157 4159 3937
f 4159 4160 3939
f 4160 3942 3939
f 3942 3941 3938
f 3938 3802 3797
f 3802 3545 3798
f 3545 3546 3381
f 3381 3327 3248
f 3327 3386 3250
f 3386 3252 3250
f 3252 3328 3326
f 3326 3325 3380
f 3325 3247 3380
f 3247 3249 3185
f 3185 3125 3124
f 3124 3046 3044
f 3046 3048 2985
f 3048 2986 2985
f 2986 3047 3045
f 3047 3187 3045
f 3187 3454 3186
f 3454 3801 3452
f 3801 4258 3796
f 4258 4473 4255
f 4473 4694 4470
f 3418 3287 3150
f 3287 3147 3148
f 3147 3288 3075
f 3288 3417 3210
f 3417 3504 3349
f 3504 3657 3506
f 3657 3755 3658
f 3755 3878 3757
f 3878 3880 3756
f 3880 3881 3882
f 3881 3884 3759
f 3884 4010 3886
f 4010 4012 3886
f 4012 4213 4215
f 4215 4419 4418
f 4418 4521 4413
f 4413 4412 4304
f 4412 4302 4206
f 4302 4519 4204
f 4519 4626 4841
f 4841 5149 5355
f 5355 5551 5608
f 5551 5708 5608
f 5708 5780 5842
f 5780 5880 5842
f 5880 5891 5892
f 5891 5899 5898
f 5899 5897 5898
f 5897 5859 5878
f 5859 5888 5837
f 5837 5875 5804
f 5804 5853 5737
f 5737 5798 5584
f 5584 5733 5583
f 5583 5731 5649
f 5649 5729 5647
f 5647 5726 5646
f 5646 5721 5575
f 5575 5685 5513
f 5685 5635 5513
f 5635 5683 5632
f 5632 5633 5568
f 5568 5511 5510
f 5510 5310 5211
f 5211 5000 4999
f 4999 4709 4708
f 4708 4485 4484
f 4484 4279 4278
f 4278 4064 4062
f 4062 3957 3954
f 3957 3959 4072
f 3959 4287 4285
f 4287 4603 4602
f 4603 5011 5010
f 5011 5225 5437
f 5225 5584 5583
f 5804 5593 5702
f 5702 5455 5746
f 5455 4507 5340
f 4507 4400 5340
f 4400 3981 4091
f 3981 3854 4091
f 3854 3641 3737
f 3641 3480 3737
f 3480 3263 3478
f 3263 3055 3262
f 3055 2926 3135
f 2926 2837 3053
f 2837 2836 2988
f 2836 2477 2834
f 2477 2248 2476
f 2248 1975 2353
f 1975 1920 2249
f 1920 1921 2251
f 1921 1878 2095
f 1878 1922 2097
f 1922 1923 2098
f 1923 1924 2254
f 1924 2101 2355
f 2101 2258 2702
f 2258 1926 1984
f 1984 1736 1832
f 1832 1562 1679
f 1679 1465 1737
f 1465 1409 1564
f 1409 1320 1516
f 1320 1150 1364
f 495 453 408
f 408 362 364
f 362 365 272
f 365 314 272
f 314 245 243
f 245 190 243
f 190 167 188
f 167 130 128
f 130 92 90
f 92 132 94
f 94 133 95
f 95 110 79
f 79 70 58
f 58 57 78
f 57 55 66
f 66 65 89
f 89 75 109
f 109 108 166
f 166 148 211
f 211 240 310
f 310 401 444
f 444 854 590
f 590 1006 709
f 709 1171 969
f 969 1344 1116
f 1344 1383 1116
f 1383 1444 1290
f 1444 1497 1384
f 1497 1448 1384
f 1448 1237 1384
f 1237 1008 1116
f 1008 897 855
f 897 858 856
f 858 860 803
f 860 862 805
f 862 767 805
f 767 807 716
f 716 657 596
f 596 495 493
f 1150 1152 1364
f 1152 1154 1412
f 1154 1156 1414
f 1156 1216 1466
f 1216 1267 1467
f 1267 1517 1467
f 1517 1469 1684
f 1469 1519 1621
f 1519 1522 1625
f 1522 1525 1628
f 1525 1573 1688
f 1573 1575 1692
f 1575 1577 1693
f 1577 1578 1695
f 1578 1635 1698
f 1635 1699 1751
f 1699 1634 1750
f 1750 1747 1799
f 1747 1798 1849
f 1798 1847 1894
f 1847 1938 1939
f 1938 2011 2014
f 2011 2145 2147
f 2145 2146 2150
f 2146 2392 2393
f 2392 2526 2534
f 2526 2525 2536
f 2525 2522 2745
f 2745 2746 2867
f 2867 2942 2940
f 2942 3148 2940
f 3148 3150 3287
f 3150 3421 3507
f 3421 3154 3425
f 3425 3160 3428
f 3428 3166 3519
f 3166 3227 3519
f 3227 3028 3029
f 3028 2894 3029
f 2894 2581 2793
f 2793 2574 2411
f 2411 2419 2795
f 2419 2421 2599
f 2421 2306 2431
f 2306 2312 2440
f 2312 2202 2201
f 2202 2062 2204
f 2062 1863 2066
f 1863 1805 1906
f 1805 1758 1866
f 1758 1761 1806
f 1761 1710 1650
f 1710 1648 1587
f 1648 1646 1649
f 1646 1647 1649
f 1647 1645 1711
f 1645 1585 1757
f 1757 1708 1864
f 1864 1804 1955
f 1804 1803 1905
f 1803 1802 1904
f 1802 1902 1903
f 1902 2316 2061
f 2316 2963 2642
f 2963 2902 3229
f 3229 3169 3434
f 3434 3433 3680
f 3680 3679 3908
f 3908 3901 4117
f 4117 4018 4113
f 4113 4111 4016
f 4016 3892 3891
f 3891 3885 3664
f 3664 3659 3507
f 3507 3418 3150
f 4694 4693 4470
f 4693 4791 4578
f 4791 4986 4985
f 4985 5198 5296
f 5296 5494 5558
f 5558 5674 5673
f 5674 5752 5673
f 5752 5788 5786
f 5786 5816 5753
f 5753 5615 4788
f 5615 4047 4788
f 4047 5491 4577
f 5491 5404 4689
f 5404 5295 4887
f 5295 5095 4887
f 4887 5098 4888
f 4888 4889 4690
f 4690 4577 4689
f 4577 4363 3935
f 4363 4254 3936
f 4254 4157 3937
f 3937 4159 3939
f 3939 3942 3938
f 3938 3797 3936
f 3797 3802 3798
f 3798 3545 3381
f 3381 3248 3798
f 3248 3327 3250
f 3250 3252 3326
f 3326 3380 3323
f 3380 3247 4047
f 3247 3185 3043
f 3185 3124 3044
f 3044 3046 2985
f 2985 2986 3045
f 3045 3187 3186
f 3186 3454 3452
f 3452 3801 3796
f 3796 4258 4255
f 4255 4473 4470
f 3148 3147 2940
f 3147 3075 2940
f 3075 3288 3210
f 3210 3417 3349
f 3349 3504 3506
f 3506 3657 3658
f 3658 3755 3757
f 3757 3878 3756
f 3756 3880 3882
f 3882 3881 3759
f 3759 3884 3761
f 3884 3886 3761
f 3886 4012 3888
f 4012 4215 4110
f 4215 4418 4214
f 4418 4413 4305
f 4413 4304 4305
f 4304 4412 4206
f 4206 4302 4204
f 4204 4519 4518
f 4519 4841 4740
f 4841 5355 5051
f 5355 5608 5473
f 5608 5708 5783
f 5708 5842 5783
f 5842 5880 5894
f 5880 5892 5894
f 5892 5891 5898
f 5898 5897 5878
f 5878 5859 5748
f 5859 5837 5746
f 5837 5804 5702
f 5583 5649 5437
f 5649 5647 5519
f 5647 5646 5517
f 5646 5575 5429
f 5575 5513 5314
f 5513 5635 5420
f 5635 5632 5509
f 5632 5568 5508
f 5568 5510 5506
f 5510 5211 5419
f 5211 4999 5210
f 4999 4708 4899
f 4708 4484 4706
f 4484 4278 4482
f 4278 4062 4168
f 4062 3954 3951
f 3954 3957 4072
f 4072 3959 4285
f 4285 4287 4602
f 4602 4603 5010
f 5010 5011 5437
f 5437 5225 5583
f 5702 5746 5837
f 5746 5455 5340
f 5340 4400 5344
f 4400 4091 4296
f 4091 3854 3982
f 3854 3737 3982
f 3737 3480 3478
f 3478 3263 3262
f 3262 3055 3135
f 3135 2926 3053
f 3053 2837 2988
f 2988 2836 2987
f 2836 2834 2987
f 2834 2477 2476
f 2476 2248 2353
f 2353 1975 2249
f 2249 1920 2251
f 2251 1921 2095
f 2095 1878 2097
f 2097 1922 2098
f 2098 1923 2254
f 2254 1924 2355
f 2355 2101 2702
f 2702 2258 2841
f 2258 1984 2357
f 1984 1832 2260
f 1832 1679 1928
f 1679 1737 1928
f 1737 1465 1564
f 1564 1409 1516
f 1516 1320 1364
f 495 408 493
f 408 364 493
f 364 362 360
f 362 272 270
f 272 314 217
f 314 243 217
f 243 190 217
f 190 188 217
f 188 167 186
f 167 128 166
f 128 130 90
f 90 92 76
f 92 94 77
f 94 95 78
f 95 79 78
f 79 58 78
f 78 57 77
f 57 66 77
f 66 89 76
f 89 109 76
f 109 166 128
f 166 211 186
f 211 310 241
f 310 444 356
f 444 590 544
f 590 709 644
f 709 969 855
f 969 1116 1008
f 1116 1383 1290
f 1290 1444 1384
f 1384 1237 1290
f 1237 1116 1290
f 1008 855 969
f 855 897 856
f 856 858 763
f 858 803 763
f 803 860 805
f 805 767 712
f 767 716 714
f 716 596 595
f 596 493 595
f 1364 1152 1412
f 1412 1154 1414
f 1414 1156 1466
f 1466 1216 1467
f 1467 1517 1740
f 1517 1684 1740
f 1684 1469 1621
f 1621 1519 1625
f 1625 1522 1628
f 1628 1525 1688
f 1688 1573 1692
f 1692 1575 1693
f 1693 1577 1695
f 1695 1578 1698
f 1698 1635 1751
f 1751 1699 1752
f 1699 1750 1752
f 1750 1799 1854
f 1799 1747 1849
f 1849 1798 1894
f 1894 1847 1939
f 1939 1938 2014
f 2014 2011 2147
f 2147 2145 2150
f 2150 2146 2393
f 2393 2392 2534
f 2534 2526 2536
f 2536 2525 2533
f 2525 2745 2754
f 2745 2867 2868
f 2867 2940 3075
f 3507 3421 3664
f 3421 3425 3671
f 3425 3428 3766
f 3428 3519 3767
f 3519 3227 3522
f 3227 3029 3302
f 3029 2894 2898
f 2894 2793 2891
f 2793 2411 2795
f 2795 2419 2594
f 2419 2599 2594
f 2599 2421 2431
f 2431 2306 2440
f 2440 2312 2201
f 2201 2202 2204
f 2204 2062 2443
f 2062 2066 2207
f 2066 1863 1906
f 1906 1805 1866
f 1866 1758 1806
f 1806 1761 1808
f 1761 1650 1652
f 1650 1710 1587
f 1587 1648 1534
f 1648 1649 1535
f 1649 1647 1711
f 1711 1645 1759
f 1645 1757 1759
f 1757 1864 1865
f 1864 1955 2072
f 1955 1804 1905
f 1905 1803 1904
f 1904 1802 1903
f 1903 1902 2061
f 2061 2316 2642
f 2642 2963 3104
f 2963 3229 3304
f 3229 3434 3526
f 3434 3680 3774
f 3680 3908 4026
f 3908 4117 4316
f 4117 4113 4311
f 4113 4016 4112
f 4016 3891 3894
f 3891 3664 3671
f 4470 4693 4578
f 4578 4791 4985
f 4985 5296 4578
f 5296 5558 5614
f 5558 5673 5614
f 5673 5752 5614
f 5752 5786 5614
f 5786 5753 5403
f 5753 4788 5403
f 4788 4047 4466
f 4047 4577 3935
f 4577 5491 4689
f 4689 5404 4887
f 4887 4888 4689
f 4888 4690 4689
f 3935 4363 3936
f 3936 4254 3937
f 3937 3939 3936
f 3939 3938 3936
f 3936 3797 3935
f 3797 3798 3248
f 3248 3250 3323
f 3250 3326 3323
f 3323 3380 3797
f 3380 4047 3935
f 4047 3247 3452
f 3247 3043 3246
f 3043 3185 3044
f 3044 2985 3043
f 2985 3045 3043
f 3045 3186 3043
f 3186 3452 3246
f 3452 3796 4047
f 3796 4255 4253
f 4255 4470 4253
f 3075 3210 3077
f 3210 3349 3211
f 3349 3506 3290
f 3506 3658 3419
f 3658 3757 3583
f 3757 3756 3662
f 3756 3882 3661
f 3882 3759 3760
f 3759 3761 3663
f 3761 3886 3762
f 3886 3888 3762
f 3888 4012 4110
f 4110 4215 4214
f 4214 4418 4305
f 4305 4304 4209
f 4304 4206 4207
f 4206 4204 4104
f 4204 4518 3996
f 4518 4519 4740
f 4740 4841 5051
f 5051 5355 5473
f 5473 5608 5709
f 5608 5783 5709
f 5783 5842 5861
f 5842 5894 5861
f 5894 5892 5893
f 5892 5898 5890
f 5898 5878 5890
f 5878 5748 5779
f 5748 5859 5746
f 5437 5649 5519
f 5519 5647 5517
f 5517 5646 5429
f 5429 5575 5314
f 5314 5513 5212
f 5513 5420 5212
f 5420 5635 5509
f 5509 5632 5508
f 5508 5568 5506
f 5506 5510 5419
f 5419 5211 5210
f 5210 4999 4899
f 4899 4708 4706
f 4706 4484 4482
f 4482 4278 4168
f 4168 4062 3951
f 3951 3954 3952
f 3954 4072 4066
f 4072 4285 4385
f 4285 4602 4600
f 4602 5010 5009
f 5010 5437 5519
f 5746 5340 5748
f 5340 5344 5748
f 5344 4400 4296
f 4296 4091 4092
f 4091 3982 4092
f 3982 3737 3734
f 3737 3478 3734
f 3478 3262 3474
f 3262 3135 3335
f 3135 3053 3196
f 3053 2988 3131
f 2988 2987 3129
f 2987 2834 3051
f 2834 2476 2922
f 2476 2353 2835
f 2353 2249 2698
f 2249 2251 2479
f 2251 2095 2480
f 2095 2097 2481
f 2097 2098 2482
f 2098 2254 2700
f 2254 2355 2839
f 2355 2702 2928
f 2702 2841 3056
f 2841 2258 2357
f 2357 1984 2260
f 2260 1832 1928
f 1928 1737 2108
f 1737 1564 1833
f 1564 1516 1681
f 1516 1364 1565
f 493 364 450
f 364 360 361
f 360 362 270
f 270 272 215
f 272 217 215
f 217 188 215
f 188 186 187
f 186 167 166
f 128 90 109
f 90 76 109
f 76 92 77
f 77 94 78
f 77 66 76
f 186 211 241
f 241 310 356
f 356 444 445
f 444 544 445
f 544 590 644
f 644 709 710
f 709 855 763
f 855 856 763
f 763 803 710
f 803 805 711
f 805 712 711
f 712 767 714
f 714 716 595
f 595 493 450
f 1364 1412 1565
f 1412 1414 1619
f 1414 1466 1682
f 1466 1467 1739
f 1467 1740 1739
f 1740 1684 1885
f 1684 1621 1791
f 1621 1625 1742
f 1625 1628 1744
f 1628 1688 1796
f 1688 1692 1845
f 1692 1693 1848
f 1693 1695 1851
f 1695 1698 1853
f 1698 1751 1855
f 1751 1752 1856
f 1752 1750 1854
f 1854 1799 1898
f 1799 1849 1897
f 1849 1894 1895
f 1894 1939 1941
f 1939 2014 2015
f 2014 2147 2149
f 2147 2150 2154
f 2150 2393 2394
f 2393 2534 2537
f 2534 2536 2540
f 2536 2533 2539
f 2533 2525 2754
f 2754 2745 2868
f 2868 2867 3077
f 2867 3075 3077
f 3664 3421 3671
f 3671 3425 3766
f 3766 3428 3767
f 3767 3519 3900
f 3519 3522 3900
f 3522 3227 3302
f 3302 3029 3030
f 3029 2898 2899
f 2898 2894 2891
f 2891 2793 2895
f 2793 2795 2895
f 2795 2594 2897
f 2594 2599 2897
f 2599 2431 2628
f 2431 2440 2628
f 2440 2201 2313
f 2201 2204 2203
f 2204 2443 2317
f 2443 2062 2444
f 2062 2207 2444
f 2207 2066 2065
f 2066 1906 2215
f 1906 1866 1956
f 1866 1806 1908
f 1806 1808 1869
f 1808 1761 1809
f 1761 1652 1809
f 1652 1650 1433
f 1650 1587 1490
f 1587 1534 1374
f 1534 1648 1535
f 1535 1649 1651
f 1649 1711 1712
f 1711 1759 1760
f 1759 1757 1865
f 1865 1864 2072
f 2072 1955 2220
f 1955 1905 2069
f 1905 1904 1954
f 1904 1903 2064
f 1903 2061 2063
f 2061 2642 2206
f 2642 3104 2805
f 3104 2963 3304
f 3304 3229 3526
f 3526 3434 3774
f 3774 3680 4026
f 4026 3908 4316
f 4316 4117 4311
f 4311 4113 4112
f 4112 4016 3894
f 3894 3891 3671
f 4470 4578 4253
f 4578 5296 5403
f 5296 5614 5403
f 5614 5786 5403
f 5403 4788 4466
f 4466 4047 4253
f 3935 3797 3380
f 3797 3248 3323
f 3452 3247 3246
f 3246 3043 3186
f 4047 3796 4253
f 3077 3210 3211
f 3211 3349 3290
f 3290 3506 3419
f 3419 3658 3583
f 3583 3757 3662
f 3662 3756 3661
f 3661 3882 3760
f 3760 3759 3663
f 3663 3761 3666
f 3761 3762 3666
f 3762 3888 3763
f 3888 4110 3889
f 4110 4214 4014
f 4214 4305 4109
f 4305 4209 4109
f 4209 4304 4207
f 4207 4206 4104
f 4104 4204 3996
f 3996 4518 4409
f 4518 4740 4739
f 4740 5051 5050
f 5051 5473 5247
f 5473 5709 5607
f 5709 5783 5813
f 5783 5861 5813
f 5861 5894 5881
f 5894 5893 5881
f 5893 5892 5890
f 5890 5878 5779
f 5779 5748 5344
f 5519 5517 5009
f 5517 5429 5005
f 5429 5314 4906
f 5314 5212 4801
f 5212 5420 4994
f 5420 5509 5304
f 5509 5508 5413
f 5508 5506 5502
f 5506 5419 5503
f 5419 5210 5414
f 5210 4899 5207
f 4899 4706 4897
f 4706 4482 4585
f 4482 4168 4273
f 4168 3951 4058
f 3951 3952 3826
f 3952 3954 4066
f 4066 4072 4385
f 4385 4285 4600
f 4600 4602 5009
f 5009 5010 5519
f 5344 4296 5468
f 4296 4092 4095
f 4092 3982 4095
f 3982 3734 3851
f 3734 3478 3474
f 3474 3262 3335
f 3335 3135 3196
f 3196 3053 3131
f 3131 2988 3129
f 3129 2987 3192
f 2987 3051 3192
f 3051 2834 2922
f 2922 2476 2835
f 2835 2353 2698
f 2698 2249 2479
f 2479 2251 2480
f 2480 2095 2481
f 2481 2097 2482
f 2482 2098 2700
f 2700 2254 2839
f 2839 2355 2928
f 2928 2702 3056
f 3056 2841 3137
f 2841 2357 2844
f 2357 2260 2358
f 2260 1928 2485
f 1928 2108 2485
f 2108 1737 1833
f 1833 1564 1681
f 1681 1516 1565
f 450 364 361
f 361 360 356
f 360 270 268
f 270 215 212
f 215 188 187
f 187 186 241
f 241 356 212
f 356 445 357
f 445 544 402
f 544 644 591
f 644 710 591
f 710 709 763
f 710 803 711
f 711 712 648
f 712 714 651
f 714 595 594
f 595 450 594
f 1565 1412 1619
f 1619 1414 1682
f 1682 1466 1739
f 1739 1740 1884
f 1740 1885 1884
f 1885 1684 1791
f 1791 1621 1742
f 1742 1625 1744
f 1744 1628 1796
f 1796 1688 1845
f 1845 1692 1848
f 1848 1693 1851
f 1851 1695 1853
f 1853 1698 1855
f 1855 1751 1856
f 1856 1752 1857
f 1752 1854 1857
f 1854 1898 1899
f 1898 1799 1897
f 1897 1849 1895
f 1895 1894 1941
f 1941 1939 2015
f 2015 2014 2149
f 2149 2147 2154
f 2154 2150 2394
f 2394 2393 2537
f 2537 2534 2540
f 2540 2536 2539
f 2539 2533 2538
f 2533 2754 2757
f 2754 2868 2869
f 2868 3077 3078
f 3671 3766 3894
f 3766 3767 4017
f 3767 3900 4021
f 3900 3522 3910
f 3522 3302 3598
f 3302 3030 3366
f 3030 3029 2800
f 3029 2899 2800
f 2899 2898 2895
f 2898 2891 2895
f 2895 2795 2897
f 2897 2599 2798
f 2599 2628 2798
f 2628 2440 2637
f 2440 2313 2637
f 2313 2201 2203
f 2203 2204 2317
f 2317 2443 2807
f 2443 2444 2644
f 2444 2207 2445
f 2207 2065 2208
f 2065 2066 2215
f 2215 1906 1956
f 1956 1866 1908
f 1908 1806 1869
f 1869 1808 1959
f 1808 1809 1910
f 1809 1652 1537
f 1652 1433 1376
f 1433 1650 1490
f 1490 1587 1374
f 1374 1534 1334
f 1534 1535 1489
f 1535 1651 1489
f 1651 1649 1712
f 1712 1711 1760
f 1760 1759 1867
f 1759 1865 1867
f 1865 2072 1907
f 2072 2220 2330
f 2220 1955 2069
f 2069 1905 1954
f 1954 1904 2064
f 2064 1903 2063
f 2063 2061 2206
f 2206 2642 2805
f 2805 3104 3228
f 3104 3304 3431
f 3304 3526 3597
f 3526 3774 3907
f 3774 4026 4123
f 4026 4316 4424
f 4316 4311 4532
f 4311 4112 4219
f 4112 3894 4017
f 4253 4578 4466
f 4578 5403 4466
f 3077 3211 3078
f 3211 3290 3152
f 3290 3419 3291
f 3419 3583 3420
f 3583 3662 3508
f 3662 3661 3584
f 3661 3760 3585
f 3760 3663 3586
f 3663 3666 3587
f 3666 3762 3667
f 3762 3763 3667
f 3763 3888 3889
f 3889 4110 4014
f 4014 4214 4109
f 4109 4209 4009
f 4209 4207 4106
f 4207 4104 3999
f 4104 3996 3870
f 3996 4409 3869
f 4409 4518 4739
f 4739 4740 5050
f 5050 5051 5247
f 5247 5473 5607
f 5607 5709 5782
f 5709 5813 5782
f 5813 5861 5862
f 5861 5881 5862
f 5881 5893 5840
f 5893 5890 5810
f 5890 5779 5810
f 5779 5344 5468
f 5009 5517 5005
f 5005 5429 4906
f 4906 5314 4801
f 4801 5212 4704
f 5212 4994 4704
f 4994 5420 5304
f 5304 5509 5413
f 5413 5508 5502
f 5502 5506 5503
f 5503 5419 5414
f 5414 5210 5207
f 5207 4899 4897
f 4897 4706 4585
f 4585 4482 4273
f 4273 4168 4058
f 4058 3951 3826
f 3826 3952 3825
f 3952 4066 4061
f 4066 4385 4378
f 4385 4600 4597
f 4600 5009 5005
f 5468 4296 4619
f 4296 4095 4199
f 4095 3982 3851
f 3851 3734 3570
f 3734 3474 3570
f 3474 3335 3405
f 3335 3196 3333
f 3196 3131 3260
f 3131 3129 3256
f 3129 3192 3255
f 3192 3051 3254
f 3051 2922 3193
f 2922 2835 3130
f 2835 2698 3052
f 2698 2479 2989
f 2479 2480 2923
f 2480 2481 2924
f 2481 2482 2925
f 2482 2700 2927
f 2700 2839 2990
f 2839 2928 3054
f 2928 3056 3136
f 3056 3137 3199
f 3137 2841 2992
f 2841 2844 2930
f 2844 2357 2358
f 2358 2260 2360
f 2260 2485 2360
f 2485 2108 2716
f 2108 1833 2261
f 1833 1681 1929
f 1681 1565 1789
f 450 361 447
f 361 356 357
f 356 360 268
f 268 270 212
f 212 215 187
f 187 241 212
f 212 356 268
f 357 445 402
f 402 544 490
f 544 591 648
f 591 710 711
f 711 648 591
f 648 712 651
f 651 714 594
f 594 450 447
f 1565 1619 1789
f 1619 1682 1834
f 1682 1739 1883
f 1739 1884 1883
f 1884 1885 2120
f 1885 1791 1930
f 1791 1742 1887
f 1742 1744 1837
f 1744 1796 1840
f 1796 1845 1892
f 1845 1848 1940
f 1848 1851 1943
f 1851 1853 1945
f 1853 1855 1947
f 1855 1856 1949
f 1856 1857 1950
f 1857 1854 1899
f 1899 1898 1948
f 1898 1897 1896
f 1897 1895 1942
f 1895 1941 2020
f 1941 2015 2151
f 2015 2149 2153
f 2149 2154 2159
f 2154 2394 2396
f 2394 2537 2544
f 2537 2540 2543
f 2540 2539 2542
f 2539 2538 2546
f 2538 2533 2757
f 2757 2754 2869
f 2869 2868 3078
f 3894 3766 4017
f 4017 3767 4021
f 4021 3900 4224
f 3900 3910 4224
f 3910 3522 3598
f 3598 3302 3366
f 3366 3030 3107
f 3030 2800 2802
f 2800 2899 2798
f 2899 2895 2897
f 2897 2798 2899
f 2798 2628 2799
f 2628 2637 2638
f 2637 2313 2441
f 2313 2203 2315
f 2203 2317 2315
f 2317 2807 2641
f 2807 2443 2644
f 2644 2444 2645
f 2444 2445 2645
f 2445 2207 2208
f 2208 2065 2067
f 2065 2215 2068
f 2215 1956 2227
f 1956 1908 2077
f 1908 1869 1909
f 1869 1959 2080
f 1959 1808 1910
f 1910 1809 1871
f 1809 1537 1713
f 1537 1652 1376
f 1376 1433 1228
f 1433 1490 1276
f 1490 1374 1275
f 1374 1334 1226
f 1334 1534 1489
f 1489 1651 1536
f 1651 1712 1715
f 1712 1760 1714
f 1760 1867 1762
f 1867 1865 1907
f 1907 2072 2226
f 2072 2330 2226
f 2330 2220 2457
f 2220 2069 2326
f 2069 1954 2213
f 1954 2064 2210
f 2064 2063 2319
f 2063 2206 2318
f 2206 2805 2643
f 2805 3228 2964
f 3228 3104 3431
f 3431 3304 3597
f 3597 3526 3907
f 3907 3774 4123
f 4123 4026 4424
f 4424 4316 4746
f 4316 4532 4746
f 4532 4311 4219
f 4219 4112 4017
f 3078 3211 3152
f 3152 3290 3291
f 3291 3419 3420
f 3420 3583 3508
f 3508 3662 3584
f 3584 3661 3585
f 3585 3760 3586
f 3586 3663 3587
f 3587 3666 3589
f 3666 3667 3589
f 3667 3763 3669
f 3763 3889 3765
f 3889 4014 3890
f 4014 4109 4013
f 4109 4009 4013
f 4009 4209 4106
f 4106 4207 3999
f 3999 4104 3870
f 3870 3996 3869
f 3869 4409 4300
f 4409 4739 4736
f 4739 5050 5049
f 5050 5247 5148
f 5247 5607 5472
f 5607 5782 5707
f 5782 5813 5862
f 5862 5881 5812
f 5881 5840 5812
f 5840 5893 5810
f 5810 5779 5468
f 5005 4906 4597
f 4906 4801 4487
f 4801 4704 4481
f 4704 4994 4584
f 4994 5304 5102
f 5304 5413 5409
f 5413 5502 5560
f 5502 5503 5679
f 5503 5414 5622
f 5414 5207 5501
f 5207 4897 5300
f 4897 4585 4893
f 4585 4273 4478
f 4273 4058 4052
f 4058 3826 3816
f 3826 3825 3624
f 3825 3952 4061
f 4061 4066 4378
f 4378 4385 4597
f 4597 4600 5005
f 5468 4619 5548
f 4619 4296 4404
f 4296 4199 4404
f 4199 4095 3989
f 4095 3851 3855
f 3851 3570 3733
f 3570 3474 3405
f 3405 3335 3333
f 3333 3196 3260
f 3260 3131 3256
f 3256 3129 3255
f 3255 3192 3390
f 3192 3254 3390
f 3254 3051 3193
f 3193 2922 3130
f 3130 2835 3052
f 3052 2698 2989
f 2989 2479 2923
f 2923 2480 2924
f 2924 2481 2925
f 2925 2482 2927
f 2927 2700 2990
f 2990 2839 3054
f 3054 2928 3136
f 3136 3056 3199
f 3199 3137 3337
f 3137 2992 3200
f 2992 2841 2930
f 2930 2844 2931
f 2844 2358 2707
f 2358 2360 2359
f 2360 2485 2713
f 2485 2716 2713
f 2716 2108 2261
f 2261 1833 1929
f 1929 1681 1789
f 447 361 357
f 357 402 447
f 402 490 546
f 490 544 592
f 544 648 592
f 648 651 592
f 651 594 592
f 594 447 546
f 1789 1619 1834
f 1834 1682 1883
f 1883 1884 2120
f 2120 1885 2123
f 1885 1930 2123
f 1930 1791 1887
f 1887 1742 1837
f 1837 1744 1840
f 1840 1796 1892
f 1892 1845 1940
f 1940 1848 1943
f 1943 1851 1945
f 1945 1853 1947
f 1947 1855 1949
f 1949 1856 1950
f 1950 1857 1951
f 1857 1899 1951
f 1899 1948 1952
f 1948 1898 1896
f 1896 1897 1942
f 1942 1895 2020
f 2020 1941 2151
f 2151 2015 2153
f 2153 2149 2159
f 2159 2154 2396
f 2396 2394 2544
f 2544 2537 2543
f 2543 2540 2542
f 2542 2539 2546
f 2546 2538 2545
f 2538 2757 2761
f 2757 2869 2872
f 2869 3078 3009
f 4017 4021 4219
f 4021 4224 4534
f 4224 3910 4225
f 3910 3598 3913
f 3598 3366 3683
f 3366 3107 3439
f 3107 3030 2802
f 2802 2800 2638
f 2800 2798 2799
f 2799 2628 2638
f 2638 2637 2639
f 2637 2441 2639
f 2441 2313 2315
f 2315 2317 2641
f 2641 2807 2802
f 2807 2644 2904
f 2644 2645 2810
f 2645 2445 2447
f 2445 2208 2446
f 2208 2067 2320
f 2067 2065 2068
f 2068 2215 2325
f 2215 2227 2218
f 2227 1956 2077
f 2077 1908 1909
f 1909 1869 2080
f 2080 1959 2337
f 1959 1910 2237
f 1910 1871 2082
f 1871 1809 1713
f 1713 1537 1536
f 1537 1376 1375
f 1376 1228 1227
f 1228 1433 1276
f 1276 1490 1275
f 1275 1374 1226
f 1226 1334 1160
f 1334 1489 1335
f 1489 1536 1335
f 1536 1651 1713
f 1651 1715 1763
f 1715 1712 1714
f 1714 1760 1762
f 1762 1867 1807
f 1867 1907 1807
f 1907 2226 1868
f 2226 2330 2658
f 2330 2457 2658
f 2457 2220 2326
f 2326 2069 2213
f 2213 1954 2210
f 2210 2064 2319
f 2319 2063 2318
f 2318 2206 2643
f 2643 2805 2964
f 2964 3228 3363
f 3228 3431 3595
f 3431 3597 3771
f 3597 3907 3906
f 3907 4123 4223
f 4123 4424 4530
f 4424 4746 4849
f 4746 4532 4641
f 4532 4219 4534
f 3078 3152 3009
f 3152 3291 3080
f 3291 3420 3213
f 3420 3508 3352
f 3508 3584 3510
f 3584 3585 3510
f 3585 3586 3511
f 3586 3587 3513
f 3587 3589 3514
f 3589 3667 3590
f 3667 3669 3590
f 3669 3763 3765
f 3765 3889 3890
f 3890 4014 4013
f 4013 4009 3887
f 4009 4106 3883
f 4106 3999 3875
f 3999 3870 3751
f 3870 3869 3653
f 3869 4300 4097
f 4300 4409 4736
f 4736 4739 5049
f 5049 5050 5148
f 5148 5247 5472
f 5472 5607 5707
f 5707 5782 5781
f 5782 5862 5781
f 5862 5812 5781
f 5812 5840 5604
f 5840 5810 5548
f 5810 5468 5548
f 4597 4906 4487
f 4487 4801 4481
f 4481 4704 4272
f 4704 4584 4272
f 4584 4994 5102
f 5102 5304 5409
f 5409 5413 5560
f 5560 5502 5679
f 5679 5503 5622
f 5622 5414 5501
f 5501 5207 5300
f 5300 4897 4893
f 4893 4585 4478
f 4478 4273 4052
f 4052 4058 3816
f 3816 3826 3624
f 3624 3825 3623
f 3825 4061 3824
f 4061 4378 4277
f 4378 4597 4487
f 5548 4619 4928
f 4619 4404 4620
f 4404 4199 4297
f 4199 3989 4096
f 3989 4095 3855
f 3855 3851 3733
f 3733 3570 3472
f 3570 3405 3472
f 3405 3333 3467
f 3333 3260 3401
f 3260 3256 3397
f 3256 3255 3396
f 3255 3390 3550
f 3390 3254 3618
f 3254 3193 3460
f 3193 3130 3395
f 3130 3052 3330
f 3052 2989 3259
f 2989 2923 3194
f 2923 2924 3195
f 2924 2925 3132
f 2925 2927 3133
f 2927 2990 3134
f 2990 3054 3197
f 3054 3136 3198
f 3136 3199 3261
f 3199 3337 3336
f 3337 3137 3200
f 3200 2992 3139
f 2992 2930 3139
f 2930 2931 3060
f 2931 2844 2707
f 2707 2358 2359
f 2359 2360 2361
f 2360 2713 2361
f 2713 2716 2852
f 2716 2261 2488
f 2261 1929 2262
f 1929 1789 2110
f 447 402 546
f 546 490 592
f 592 594 546
f 1789 1834 2110
f 1834 1883 2112
f 1883 2120 2112
f 2120 2123 2121
f 2123 1930 1988
f 1930 1887 1991
f 1887 1837 1932
f 1837 1840 1936
f 1840 1892 2007
f 1892 1940 2013
f 1940 1943 2019
f 1943 1945 2025
f 1945 1947 2028
f 1947 1949 2031
f 1949 1950 2035
f 1950 1951 2036
f 1951 1899 1952
f 1952 1948 2032
f 1948 1896 1946
f 1896 1942 1944
f 1942 2020 2022
f 2020 2151 2156
f 2151 2153 2158
f 2153 2159 2162
f 2159 2396 2398
f 2396 2544 2543
f 2543 2542 2398
f 2542 2546 2403
f 2546 2545 2402
f 2545 2538 2761
f 2761 2757 2872
f 2872 2869 3009
f 4219 4021 4534
f 4534 4224 4536
f 4224 4225 4536
f 4225 3910 3913
f 3913 3598 3683
f 3683 3366 3439
f 3439 3107 3173
f 3107 2802 2807
f 2802 2638 2639
f 2638 2800 2799
f 2639 2441 2442
f 2441 2315 2442
f 2315 2641 2442
f 2641 2802 2639
f 2807 2904 2967
f 2904 2644 2810
f 2810 2645 2647
f 2645 2447 2647
f 2447 2445 2446
f 2446 2208 2320
f 2320 2067 2209
f 2067 2068 2212
f 2068 2325 2214
f 2325 2215 2216
f 2215 2218 2216
f 2218 2227 2076
f 2227 2077 2233
f 2077 1909 2079
f 1909 2080 2236
f 2080 2337 2675
f 2337 1959 2237
f 2237 1910 2082
f 2082 1871 2083
f 1871 1713 1763
f 1536 1537 1375
f 1375 1376 1227
f 1227 1228 1104
f 1228 1276 1106
f 1276 1275 1107
f 1275 1226 1105
f 1226 1160 1103
f 1160 1334 1335
f 1335 1536 1375
f 1713 1651 1763
f 1763 1715 1764
f 1715 1714 1654
f 1714 1762 1653
f 1762 1807 1716
f 1807 1907 1868
f 1868 2226 1957
f 2226 2658 2662
f 2658 2457 2817
f 2457 2326 2655
f 2326 2213 2453
f 2213 2210 2322
f 2210 2319 2448
f 2319 2318 2808
f 2318 2643 2806
f 2643 2964 2901
f 2964 3363 3167
f 3363 3228 3595
f 3595 3431 3771
f 3771 3597 3906
f 3906 3907 4223
f 4223 4123 4530
f 4530 4424 4849
f 4849 4746 5256
f 4746 4641 5257
f 4641 4532 4534
f 3009 3152 3080
f 3080 3291 3213
f 3213 3420 3352
f 3352 3508 3510
f 3510 3585 3511
f 3511 3586 3513
f 3513 3587 3514
f 3514 3589 3423
f 3589 3590 3423
f 3590 3669 3517
f 3669 3765 3592
f 3765 3890 3670
f 3890 4013 3764
f 4013 3887 3764
f 3887 4009 3883
f 3883 4106 3875
f 3875 3999 3751
f 3751 3870 3653
f 3653 3869 3500
f 3869 4097 3867
f 4097 4300 4406
f 4300 4736 4735
f 4736 5049 5146
f 5049 5148 5246
f 5148 5472 5246
f 5472 5707 5605
f 5707 5781 5668
f 5781 5812 5667
f 5812 5604 5667
f 5604 5840 5548
f 4487 4481 4277
f 4481 4272 4057
f 4272 4584 4165
f 4584 5102 4583
f 5102 5409 5203
f 5409 5560 5559
f 5560 5679 5757
f 5679 5622 5793
f 5622 5501 5758
f 5501 5300 5621
f 5300 4893 5410
f 4893 4478 4796
f 4478 4052 4367
f 4052 3816 3813
f 3816 3624 3716
f 3624 3623 3555
f 3623 3825 3824
f 3824 4061 4277
f 4277 4378 4487
f 5548 4928 5604
f 4928 4619 4620
f 4620 4404 4515
f 4404 4297 4515
f 4297 4199 4096
f 4096 3989 3863
f 3989 3855 3861
f 3855 3733 3741
f 3733 3472 3568
f 3472 3405 3467
f 3467 3333 3401
f 3401 3260 3397
f 3397 3256 3396
f 3396 3255 3550
f 3550 3390 3712
f 3390 3618 3712
f 3618 3254 3460
f 3460 3193 3395
f 3395 3130 3330
f 3330 3052 3259
f 3259 2989 3194
f 3194 2923 3195
f 3195 2924 3132
f 3132 2925 3133
f 3133 2927 3134
f 3134 2990 3197
f 3197 3054 3198
f 3198 3136 3261
f 3261 3199 3336
f 3336 3337 3469
f 3337 3200 3470
f 3200 3139 3338
f 3139 2930 3060
f 3060 2931 2993
f 2931 2707 2850
f 2707 2359 2710
f 2359 2361 2362
f 2361 2713 2715
f 2713 2852 2715
f 2852 2716 2997
f 2716 2488 2998
f 2488 2261 2364
f 2261 2262 2364
f 2262 1929 2110
f 2110 1834 2112
f 2112 2120 2114
f 2120 2121 2270
f 2121 2123 2124
f 2123 1988 2125
f 1988 1930 1991
f 1991 1887 1932
f 1932 1837 1936
f 1936 1840 2007
f 2007 1892 2013
f 2013 1940 2019
f 2019 1943 2025
f 2025 1945 2028
f 2028 1947 2031
f 2031 1949 2035
f 2035 1950 2036
f 2036 1951 2037
f 1951 1952 2037
f 1952 2032 2038
f 2032 1948 1946
f 1946 1896 1944
f 1944 1942 2022
f 2022 2020 2156
f 2156 2151 2158
f 2158 2153 2162
f 2162 2159 2398
f 2398 2396 2543
f 2398 2542 2403
f 2403 2546 2402
f 2402 2545 2405
f 2545 2761 2553
f 2761 2872 2763
f 2872 3009 2874
f 4534 4536 4748
f 4536 4225 4318
f 4225 3913 4129
f 3913 3683 3778
f 3683 3439 3602
f 3439 3173 3369
f 3173 3107 2807
f 2639 2442 2641
f 2807 2967 3173
f 2967 2904 2905
f 2904 2810 2649
f 2810 2647 2648
f 2647 2447 2446
f 2446 2320 2321
f 2320 2209 2321
f 2209 2067 2212
f 2212 2068 2214
f 2214 2325 2452
f 2325 2216 2451
f 2216 2218 2217
f 2218 2076 2071
f 2076 2227 2233
f 2233 2077 2079
f 2079 1909 2236
f 2236 2080 2675
f 2675 2337 2912
f 2337 2237 2676
f 2237 2082 2677
f 2082 2083 2467
f 2083 1871 1811
f 1871 1763 1811
f 1375 1227 1161
f 1227 1104 1050
f 1104 1228 1106
f 1106 1276 1107
f 1107 1275 1105
f 1105 1226 1103
f 1103 1160 1049
f 1160 1335 1161
f 1335 1375 1161
f 1763 1764 1811
f 1764 1715 1654
f 1654 1714 1653
f 1653 1762 1716
f 1716 1807 1810
f 1807 1868 1810
f 1868 1957 1870
f 1957 2226 2662
f 2662 2658 2817
f 2817 2457 2655
f 2655 2326 2453
f 2453 2213 2322
f 2322 2210 2448
f 2448 2319 2808
f 2808 2318 2806
f 2806 2643 2901
f 2901 2964 3167
f 3167 3363 3521
f 3363 3595 3674
f 3595 3771 3902
f 3771 3906 4022
f 3906 4223 4221
f 4223 4530 4529
f 4530 4849 4850
f 4849 5256 5255
f 5256 4746 5257
f 5257 4641 5153
f 4641 4534 4748
f 3009 3080 3011
f 3080 3213 3082
f 3213 3352 3214
f 3352 3510 3353
f 3510 3511 3353
f 3511 3513 3354
f 3513 3514 3355
f 3514 3423 3356
f 3423 3590 3426
f 3590 3517 3426
f 3517 3669 3592
f 3592 3765 3670
f 3670 3890 3764
f 3764 3887 3668
f 3887 3883 3665
f 3883 3875 3660
f 3875 3751 3655
f 3751 3653 3579
f 3653 3500 3414
f 3500 3869 3652
f 3869 3867 3652
f 3867 4097 3865
f 4097 4406 4201
f 4406 4300 4735
f 4735 4736 5146
f 5146 5049 5246
f 5246 5472 5605
f 5605 5707 5668
f 5668 5781 5667
f 5667 5604 5138
f 4277 4481 4057
f 4057 4272 3817
f 4272 4165 3817
f 4165 4584 4583
f 4583 5102 5203
f 5203 5409 5559
f 5559 5560 5757
f 5757 5679 5793
f 5793 5622 5758
f 5758 5501 5621
f 5621 5300 5410
f 5410 4893 4796
f 4796 4478 4367
f 4367 4052 3813
f 3813 3816 3716
f 3716 3624 3555
f 3555 3623 3554
f 3623 3824 3718
f 3824 4277 4057
f 5604 4928 5138
f 4928 4620 4931
f 4620 4515 4622
f 4515 4297 4201
f 4297 4096 4201
f 4096 3863 3649
f 3863 3989 3861
f 3861 3855 3741
f 3741 3733 3568
f 3568 3472 3563
f 3472 3467 3563
f 3467 3401 3560
f 3401 3397 3463
f 3397 3396 3553
f 3396 3550 3714
f 3550 3712 3808
f 3712 3618 3945
f 3618 3460 3810
f 3460 3395 3809
f 3395 3330 3715
f 3330 3259 3620
f 3259 3194 3556
f 3194 3195 3464
f 3195 3132 3400
f 3132 3133 3402
f 3133 3134 3331
f 3134 3197 3332
f 3197 3198 3334
f 3198 3261 3403
f 3261 3336 3404
f 3336 3469 3468
f 3469 3337 3470
f 3470 3200 3338
f 3338 3139 3264
f 3139 3060 3264
f 3060 2993 3140
f 2993 2931 2850
f 2850 2707 2710
f 2710 2359 2362
f 2362 2361 2363
f 2361 2715 2363
f 2715 2852 2854
f 2852 2997 2934
f 2997 2716 2998
f 2998 2488 2936
f 2488 2364 2489
f 2364 2262 2365
f 2262 2110 2264
f 2110 2112 2111
f 2112 2114 2111
f 2114 2120 2116
f 2120 2270 2116
f 2270 2121 2370
f 2121 2124 2371
f 2124 2123 2125
f 2125 1988 1987
f 1988 1991 1990
f 1991 1932 1931
f 1932 1936 1997
f 1936 2007 2006
f 2007 2013 2010
f 2013 2019 2017
f 2019 2025 2029
f 2025 2028 2034
f 2028 2031 2176
f 2031 2035 2050
f 2035 2036 2051
f 2036 2037 2047
f 2037 1952 2038
f 2038 2032 2039
f 2032 1946 2030
f 1946 1944 2026
f 1944 2022 2166
f 2022 2156 2281
f 2158 2151 2152
f 2158 2162 2161
f 2162 2398 2403
f 2403 2402 2161
f 2402 2405 2160
f 2405 2545 2553
f 2553 2761 2763
f 2763 2872 2874
f 2874 3009 3011
f 4748 4536 4750
f 4536 4318 4750
f 4318 4225 4129
f 4129 3913 3778
f 3778 3683 3602
f 3602 3439 3369
f 3369 3173 3110
f 3173 2967 3110
f 2967 2905 2969
f 2905 2904 2649
f 2649 2810 2648
f 2648 2647 2321
f 2647 2446 2321
f 2321 2209 2449
f 2209 2212 2211
f 2212 2214 2323
f 2214 2452 2450
f 2452 2325 2451
f 2451 2216 2324
f 2216 2217 2324
f 2217 2218 2071
f 2071 2076 2075
f 2076 2233 2232
f 2233 2079 2235
f 2079 2236 2335
f 2236 2675 2673
f 2675 2912 2975
f 2912 2337 2676
f 2676 2237 2677
f 2677 2082 2467
f 2467 2083 2339
f 2083 1811 1967
f 1161 1227 1050
f 1050 1104 959
f 1104 1106 960
f 1106 1107 999
f 1107 1105 1000
f 1105 1103 999
f 1103 1049 960
f 1049 1160 1161
f 1811 1764 1765
f 1764 1654 1656
f 1654 1653 1588
f 1653 1716 1655
f 1716 1810 1717
f 1810 1868 1870
f 1870 1957 1958
f 1957 2662 2331
f 2662 2817 2971
f 2817 2655 2815
f 2655 2453 2654
f 2453 2322 2650
f 2322 2448 2646
f 2448 2808 2809
f 2808 2806 2965
f 2806 2901 3031
f 2901 3167 3168
f 3167 3521 3301
f 3521 3363 3674
f 3674 3595 3902
f 3902 3771 4022
f 4022 3906 4221
f 4221 4223 4529
f 4529 4530 4850
f 4850 4849 5255
f 5255 5256 5477
f 5256 5257 5552
f 5257 5153 5476
f 5153 4641 4748
f 3011 3080 3082
f 3082 3213 3214
f 3214 3352 3353
f 3353 3511 3354
f 3354 3513 3355
f 3355 3514 3356
f 3356 3423 3357
f 3423 3426 3357
f 3426 3517 3360
f 3517 3592 3427
f 3592 3670 3518
f 3670 3764 3591
f 3764 3668 3591
f 3668 3887 3665
f 3665 3883 3660
f 3660 3875 3655
f 3655 3751 3579
f 3579 3653 3414
f 3414 3500 3206
f 3500 3652 3343
f 3652 3867 3649
f 3867 3865 3649
f 3865 4097 4201
f 4201 4406 4515
f 4406 4735 4622
f 4735 5146 5144
f 5146 5246 5353
f 5246 5605 5353
f 5605 5668 5470
f 5668 5667 5350
f 5667 5138 5350
f 4057 3817 3718
f 3817 4165 3815
f 4165 4583 4164
f 4583 5203 4580
f 5203 5559 5202
f 5559 5757 5619
f 5757 5793 5819
f 5793 5758 5866
f 5758 5621 5820
f 5621 5410 5715
f 5410 4796 5408
f 4796 4367 4794
f 4367 3813 4262
f 3813 3716 3806
f 3716 3555 3548
f 3555 3554 3391
f 3554 3623 3718
f 3718 3824 4057
f 5138 4928 4931
f 4931 4620 4622
f 4622 4515 4406
f 4201 4096 3865
f 4096 3649 3865
f 3649 3863 3647
f 3863 3861 3647
f 3861 3741 3646
f 3741 3568 3573
f 3568 3563 3639
f 3563 3467 3560
f 3560 3401 3463
f 3463 3397 3553
f 3553 3396 3714
f 3714 3550 3808
f 3808 3712 4162
f 3712 3945 4162
f 3945 3618 3810
f 3810 3460 3809
f 3809 3395 3715
f 3715 3330 3620
f 3620 3259 3556
f 3556 3194 3464
f 3464 3195 3400
f 3400 3132 3402
f 3402 3133 3331
f 3331 3134 3332
f 3332 3197 3334
f 3334 3198 3403
f 3403 3261 3404
f 3404 3336 3468
f 3468 3469 3562
f 3469 3470 3633
f 3470 3338 3634
f 3338 3264 3471
f 3264 3060 3140
f 3140 2993 2994
f 2993 2850 2932
f 2850 2710 2714
f 2710 2362 2714
f 2362 2363 2484
f 2363 2715 2484
f 2715 2854 2484
f 2854 2852 2934
f 2934 2997 2995
f 2997 2998 3062
f 2998 2936 3274
f 2936 2488 2717
f 2488 2489 2717
f 2489 2364 2490
f 2364 2365 2490
f 2365 2262 2264
f 2264 2110 2111
f 2111 2114 2113
f 2114 2116 2115
f 2116 2270 2268
f 2270 2370 2369
f 2370 2121 2371
f 2371 2124 2372
f 2124 2125 2271
f 2125 1987 2126
f 1987 1988 1990
f 1990 1991 2131
f 1991 1931 1992
f 1931 1932 1934
f 1932 1997 1934
f 1997 1936 2000
f 1936 2006 2000
f 2006 2007 2139
f 2007 2010 2140
f 2010 2013 2017
f 2017 2019 2021
f 2019 2029 2171
f 2029 2025 2034
f 2034 2028 2040
f 2028 2176 2180
f 2176 2031 2050
f 2050 2035 2051
f 2051 2036 2047
f 2047 2037 2048
f 2037 2038 2048
f 2038 2039 2042
f 2039 2032 2030
f 2030 1946 2026
f 2026 1944 2166
f 2166 2022 2281
f 2281 2156 2157
f 2158 2152 2160
f 2158 2161 2152
f 2161 2162 2403
f 2161 2402 2160
f 2160 2405 2284
f 2405 2553 2567
f 2553 2763 2552
f 2763 2874 2762
f 2874 3011 2947
f 4748 4750 5154
f 4750 4318 4753
f 4318 4129 4226
f 4129 3778 4131
f 3778 3602 3780
f 3602 3369 3532
f 3369 3110 3310
f 3110 2967 2969
f 2969 2905 2812
f 2905 2649 2812
f 2649 2648 2323
f 2648 2321 2449
f 2449 2209 2211
f 2211 2212 2323
f 2323 2214 2450
f 2450 2452 2812
f 2452 2451 2652
f 2451 2324 2454
f 2324 2217 2327
f 2217 2071 2219
f 2071 2075 2070
f 2075 2076 2232
f 2232 2233 2668
f 2233 2235 2078
f 2235 2079 2335
f 2335 2236 2673
f 2673 2675 2975
f 2975 2912 3114
f 2912 2676 3040
f 2676 2677 2976
f 2677 2467 2914
f 2467 2339 2829
f 2339 2083 1967
f 1967 1811 1765
f 1161 1050 1049
f 1050 959 1049
f 959 1104 960
f 960 1106 999
f 999 1107 1000
f 1000 1105 999
f 999 1103 960
f 960 1049 959
f 1765 1764 1656
f 1656 1654 1588
f 1588 1653 1655
f 1655 1716 1717
f 1717 1810 1872
f 1810 1870 1872
f 1870 1958 1911
f 1958 1957 2331
f 2331 2662 2971
f 2971 2817 2815
f 2815 2655 2654
f 2654 2453 2650
f 2650 2322 2646
f 2646 2448 2809
f 2809 2808 2965
f 2965 2806 3031
f 3031 2901 3168
f 3168 3167 3301
f 3301 3521 3430
f 3521 3674 3593
f 3674 3902 3897
f 3902 4022 4118
f 4022 4221 4312
f 4221 4529 4638
f 4529 4850 4944
f 4850 5255 5253
f 5255 5477 5474
f 5477 5256 5552
f 5552 5257 5476
f 5476 5153 5361
f 5153 4748 5154
f 3011 3082 3012
f 3082 3214 3083
f 3214 3353 3215
f 3353 3354 3215
f 3354 3355 3217
f 3355 3356 3218
f 3356 3357 3220
f 3357 3426 3296
f 3426 3360 3296
f 3360 3517 3427
f 3427 3592 3518
f 3518 3670 3591
f 3591 3668 3516
f 3668 3665 3588
f 3665 3660 3512
f 3660 3655 3505
f 3655 3579 3503
f 3579 3414 3346
f 3414 3206 3207
f 3206 3500 3343
f 3343 3652 3496
f 3652 3649 3496
f 4622 4735 5144
f 5144 5146 5353
f 5353 5605 5470
f 5470 5668 5350
f 5350 5138 5045
f 3718 3817 3622
f 3817 3815 3622
f 3815 4165 4164
f 4164 4583 4580
f 4580 5203 5202
f 5202 5559 5619
f 5619 5757 5819
f 5819 5793 5866
f 5866 5758 5820
f 5820 5621 5715
f 5715 5410 5408
f 5408 4796 4794
f 4794 4367 4262
f 4262 3813 3806
f 3806 3716 3548
f 3548 3555 3391
f 3391 3554 3461
f 3554 3718 3622
f 5138 4931 5045
f 4931 4622 5045
f 3649 3647 3496
f 3647 3861 3646
f 3646 3741 3573
f 3573 3568 3639
f 3639 3563 3628
f 3563 3560 3628
f 3560 3463 3626
f 3463 3553 3621
f 3553 3714 3811
f 3714 3808 3944
f 3808 4162 4265
f 4162 3945 4696
f 3945 3810 4581
f 3810 3809 4477
f 3809 3715 4368
f 3715 3620 4269
f 3620 3556 4166
f 3556 3464 4054
f 3464 3400 3948
f 3400 3402 3821
f 3402 3331 3823
f 3331 3332 3720
f 3332 3334 3722
f 3334 3403 3724
f 3403 3404 3725
f 3404 3468 3829
f 3468 3562 3831
f 3562 3469 3633
f 3633 3470 3634
f 3634 3338 3471
f 3471 3264 3339
f 3264 3140 3062
f 3140 2994 2995
f 2994 2993 2932
f 2932 2850 2714
f 2714 2362 2484
f 2484 2854 2855
f 2854 2934 2935
f 2934 2995 2933
f 2995 2997 3062
f 3062 2998 3142
f 2998 3274 3269
f 3274 2936 3143
f 2936 2717 2857
f 2717 2489 2718
f 2489 2490 2718
f 2490 2365 2492
f 2365 2264 2491
f 2264 2111 2265
f 2111 2113 2265
f 2113 2114 2115
f 2115 2116 2119
f 2116 2268 2119
f 2268 2270 2369
f 2369 2370 2505
f 2370 2371 2506
f 2371 2372 2507
f 2372 2124 2271
f 2271 2125 2126
f 2126 1987 2127
f 1987 1990 1989
f 1990 2131 2130
f 2131 1991 1992
f 1992 1931 1993
f 1931 1934 1993
f 1934 1997 1996
f 1997 2000 1999
f 2000 2006 2005
f 2006 2139 2138
f 2139 2007 2140
f 2140 2010 2142
f 2010 2017 2016
f 2017 2021 2018
f 2021 2019 2165
f 2019 2171 2165
f 2171 2029 2173
f 2029 2034 2174
f 2034 2040 2046
f 2040 2028 2175
f 2028 2180 2175
f 2180 2176 2190
f 2176 2050 2190
f 2050 2051 2056
f 2051 2047 2057
f 2047 2048 2052
f 2048 2038 2177
f 2038 2042 2177
f 2042 2039 2043
f 2039 2030 2033
f 2030 2026 2170
f 2026 2166 2287
f 2166 2281 2280
f 2281 2157 2283
f 2158 2160 2284
f 2160 2152 2161
f 2284 2405 2567
f 2567 2553 2552
f 2552 2763 2762
f 2762 2874 2947
f 2947 3011 3012
f 5154 4750 5156
f 4750 4753 5156
f 4753 4318 4649
f 4318 4226 4649
f 4226 4129 4131
f 4131 3778 3780
f 3780 3602 3532
f 3532 3369 3310
f 3310 3110 3036
f 3110 2969 3036
f 2969 2812 2813
f 2812 2649 2450
f 2649 2323 2450
f 2323 2648 2449
f 2449 2211 2323
f 2812 2452 2653
f 2452 2652 2653
f 2652 2451 2454
f 2454 2324 2455
f 2324 2327 2455
f 2327 2217 2219
f 2219 2071 2070
f 2070 2075 2074
f 2075 2232 2231
f 2232 2668 2462
f 2668 2233 2464
f 2233 2078 2464
f 2078 2235 1960
f 2235 2335 1960
f 2335 2673 2084
f 2673 2975 2974
f 2975 3114 3113
f 3114 2912 3040
f 3040 2676 2976
f 2976 2677 2914
f 2914 2467 2829
f 2829 2339 2683
f 2339 1967 2342
f 1967 1765 1912
f 1765 1656 1718
f 1656 1588 1590
f 1588 1655 1538
f 1655 1717 1589
f 1717 1872 1812
f 1872 1870 1911
f 1911 1958 2081
f 1958 2331 2234
f 2331 2971 2823
f 2971 2815 3035
f 2815 2654 2907
f 2654 2650 2651
f 2650 2646 2811
f 2646 2809 2903
f 2809 2965 2966
f 2965 3031 3105
f 3031 3168 3170
f 3168 3301 3303
f 3301 3430 3303
f 3430 3521 3593
f 3593 3674 3769
f 3674 3897 3896
f 3897 3902 4118
f 4118 4022 4312
f 4312 4221 4638
f 4638 4529 4944
f 4944 4850 5253
f 5253 5255 5474
f 5474 5477 5478
f 5477 5552 5554
f 5552 5476 5553
f 5476 5361 5362
f 5361 5153 5154
f 3012 3082 3083
f 3083 3214 3215
f 3215 3354 3217
f 3217 3355 3218
f 3218 3356 3220
f 3220 3357 3221
f 3357 3296 3221
f 3296 3360 3226
f 3360 3427 3298
f 3427 3518 3361
f 3518 3591 3359
f 3591 3516 3359
f 3516 3668 3588
f 3588 3665 3512
f 3512 3660 3505
f 3505 3655 3503
f 3503 3579 3346
f 3346 3414 3207
f 3207 3206 3004
f 3206 3343 3072
f 3343 3496 3205
f 4622 5144 5045
f 5144 5353 5470
f 5470 5350 5045
f 3622 3815 3552
f 3815 4164 3812
f 4164 4580 4049
f 4580 5202 4472
f 5202 5619 5199
f 5619 5819 5676
f 5819 5866 5865
f 5866 5820 5903
f 5820 5715 5885
f 5715 5408 5756
f 5408 4794 5498
f 4794 4262 4792
f 4262 3806 4260
f 3806 3548 3710
f 3548 3391 3457
f 3391 3461 3329
f 3461 3554 3622
f 3496 3647 3493
f 3647 3646 3493
f 3646 3573 3485
f 3573 3639 3566
f 3639 3628 3632
f 3628 3560 3626
f 3626 3463 3621
f 3621 3553 3811
f 3811 3714 3944
f 3944 3808 4265
f 4265 4162 4795
f 4162 4696 4795
f 4696 3945 4581
f 4581 3810 4477
f 4477 3809 4368
f 4368 3715 4269
f 4269 3620 4166
f 4166 3556 4054
f 4054 3464 3948
f 3948 3400 3821
f 3821 3402 3823
f 3823 3331 3720
f 3720 3332 3722
f 3722 3334 3724
f 3724 3403 3725
f 3725 3404 3829
f 3829 3468 3831
f 3831 3562 3833
f 3562 3633 3728
f 3633 3634 3729
f 3634 3471 3730
f 3471 3339 3638
f 3339 3264 3142
f 3264 3062 3142
f 3062 3140 2995
f 2995 2994 2933
f 2994 2932 2996
f 2932 2714 2853
f 2714 2484 2853
f 2484 2855 2853
f 2855 2854 2935
f 2935 2934 2933
f 3142 2998 3269
f 3269 3274 3407
f 3274 3143 3341
f 3143 2936 2938
f 2936 2857 2938
f 2857 2717 2720
f 2717 2718 2720
f 2718 2490 2719
f 2490 2492 2719
f 2492 2365 2491
f 2491 2264 2265
f 2265 2113 2266
f 2113 2115 2266
f 2115 2119 2267
f 2119 2268 2269
f 2268 2369 2367
f 2369 2505 2503
f 2505 2370 2506
f 2506 2371 2507
f 2507 2372 2509
f 2372 2271 2273
f 2271 2126 2127
f 2127 1987 1989
f 1989 1990 2130
f 2130 2131 2377
f 2131 1992 2378
f 1992 1993 2380
f 1993 1934 1935
f 1934 1996 1935
f 1996 1997 2275
f 1997 1999 2133
f 1999 2000 2002
f 2000 2005 2002
f 2005 2006 2138
f 2138 2139 2390
f 2139 2140 2391
f 2140 2142 2388
f 2142 2010 2016
f 2016 2017 2018
f 2018 2021 2024
f 2021 2165 2164
f 2165 2171 2408
f 2171 2173 2410
f 2173 2029 2174
f 2174 2034 2046
f 2046 2040 2049
f 2040 2175 2179
f 2175 2180 2416
f 2180 2190 2296
f 2190 2050 2056
f 2056 2051 2057
f 2057 2047 2052
f 2052 2048 2053
f 2048 2177 2053
f 2177 2042 2054
f 2042 2043 2054
f 2043 2039 2033
f 2033 2030 2170
f 2170 2026 2287
f 2287 2166 2280
f 2283 2157 2284
f 2158 2284 2157
f 2284 2567 2283
f 2567 2552 2563
f 2552 2762 2551
f 2762 2947 2766
f 2947 3012 2948
f 5154 5156 5362
f 5156 4753 4949
f 4753 4649 4949
f 4649 4226 4759
f 4226 4131 4431
f 4131 3780 4132
f 3780 3532 3603
f 3532 3310 3441
f 3310 3036 3235
f 3036 2969 2908
f 2969 2813 2908
f 2813 2812 2653
f 2653 2652 2814
f 2652 2454 2657
f 2454 2455 2656
f 2455 2327 2456
f 2327 2219 2328
f 2219 2070 2221
f 2070 2074 2223
f 2074 2075 2231
f 2231 2232 2462
f 2462 2668 2822
f 2668 2464 2671
f 2464 2078 2336
f 2078 1960 1961
f 1960 2335 2084
f 2084 2673 2469
f 2673 2974 2911
f 2974 2975 3113
f 3113 3114 3373
f 3114 3040 3315
f 3040 2976 3240
f 2976 2914 3182
f 2914 2829 3121
f 2829 2683 2981
f 2683 2339 2342
f 2342 1967 1912
f 1912 1765 1718
f 1718 1656 1590
f 1590 1588 1538
f 1538 1655 1589
f 1589 1717 1657
f 1717 1812 1657
f 1812 1872 1964
f 1872 1911 2238
f 1911 2081 2338
f 2081 1958 2234
f 2234 2331 2823
f 2823 2971 3234
f 2971 3035 3234
f 3035 2815 2907
f 2907 2654 2651
f 2651 2650 2811
f 2811 2646 2903
f 2903 2809 2966
f 2966 2965 3106
f 2965 3105 3106
f 3105 3031 3170
f 3170 3168 3303
f 3303 3430 3364
f 3430 3593 3523
f 3593 3769 3675
f 3769 3674 3896
f 3896 3897 4114
f 3897 4118 4115
f 4118 4312 4309
f 4312 4638 4636
f 4638 4944 4943
f 4944 5253 5251
f 5253 5474 5358
f 5474 5478 5475
f 5478 5477 5554
f 5554 5552 5609
f 5552 5553 5609
f 5553 5476 5362
f 5362 5361 5154
f 3012 3083 3014
f 3083 3215 3155
f 3215 3217 3155
f 3217 3218 3156
f 3218 3220 3158
f 3220 3221 3159
f 3221 3296 3222
f 3296 3226 3222
f 3226 3360 3298
f 3298 3427 3361
f 3361 3518 3359
f 3359 3516 3358
f 3516 3588 3424
f 3588 3512 3422
f 3512 3505 3351
f 3505 3503 3348
f 3503 3346 3286
f 3346 3207 3208
f 3207 3004 3005
f 3004 3206 3072
f 3072 3343 3205
f 3205 3496 3282
f 5045 5144 5470
f 3622 3552 3461
f 3552 3815 3812
f 3812 4164 4049
f 4049 4580 4472
f 4472 5202 5199
f 5199 5619 5676
f 5676 5819 5865
f 5865 5866 5903
f 5903 5820 5885
f 5885 5715 5756
f 5756 5408 5498
f 5498 4794 4792
f 4792 4262 4260
f 4260 3806 3710
f 3710 3548 3457
f 3457 3391 3329
f 3329 3461 3387
f 3496 3493 3282
f 3493 3646 3485
f 3485 3573 3566
f 3566 3639 3632
f 3632 3628 3721
f 3628 3626 3721
f 3626 3621 3819
f 3621 3811 3947
f 3811 3944 4163
f 3944 4265 4366
f 4265 4795 4891
f 4795 4696 5206
f 4696 4581 5205
f 4581 4477 5103
f 4477 4368 4989
f 4368 4269 4895
f 4269 4166 4797
f 4166 4054 4701
f 4054 3948 4586
f 3948 3821 4480
f 3821 3823 4373
f 3823 3720 4275
f 3720 3722 4170
f 3722 3724 4171
f 3724 3725 4063
f 3725 3829 4065
f 3829 3831 4068
f 3831 3833 4070
f 3833 3562 3728
f 3728 3633 3729
f 3729 3634 3730
f 3730 3471 3638
f 3638 3339 3473
f 3339 3142 3269
f 2933 2994 2996
f 2996 2932 2853
f 2853 2855 2933
f 2855 2935 2933
f 3269 3407 3473
f 3407 3274 3341
f 3341 3143 3281
f 3143 2938 3070
f 2938 2857 2858
f 2857 2720 2722
f 2720 2718 2721
f 2718 2719 2721
f 2719 2492 2721
f 2492 2491 2494
f 2491 2265 2494
f 2265 2266 2495
f 2266 2115 2267
f 2267 2119 2118
f 2119 2269 2118
f 2269 2268 2367
f 2367 2369 2503
f 2503 2505 2501
f 2505 2506 2731
f 2506 2507 2508
f 2507 2509 2510
f 2509 2372 2373
f 2372 2273 2373
f 2273 2271 2127
f 2127 1989 2128
f 1989 2130 2129
f 2130 2377 2376
f 2377 2131 2378
f 2378 1992 2380
f 2380 1993 1994
f 1993 1935 1994
f 1935 1996 1995
f 1996 2275 2132
f 2275 1997 2133
f 2133 1999 2134
f 1999 2002 2135
f 2002 2005 2138
f 2138 2390 2136
f 2390 2139 2391
f 2391 2140 2388
f 2388 2142 2535
f 2142 2016 2148
f 2016 2018 2155
f 2018 2024 2163
f 2024 2021 2164
f 2164 2165 2400
f 2165 2408 2400
f 2408 2171 2410
f 2410 2173 2420
f 2173 2174 2294
f 2174 2046 2182
f 2046 2049 2183
f 2049 2040 2179
f 2179 2175 2412
f 2175 2416 2412
f 2416 2180 2601
f 2180 2296 2601
f 2296 2190 2299
f 2190 2056 2196
f 2056 2057 2197
f 2057 2052 2198
f 2052 2053 2199
f 2053 2177 2181
f 2177 2054 2186
f 2054 2043 2055
f 2043 2033 2044
f 2033 2170 2172
f 2170 2287 2288
f 2287 2280 2397
f 2283 2567 2563
f 2563 2552 2551
f 2551 2762 2766
f 2766 2947 2948
f 2948 3012 3014
f 5362 5156 5259
f 5156 4949 5259
f 4949 4649 4857
f 4649 4759 4953
f 4759 4226 4431
f 4431 4131 4132
f 4132 3780 3915
f 3780 3603 3915
f 3603 3532 3441
f 3441 3310 3235
f 3235 3036 2972
f 3036 2908 2972
f 2908 2813 2818
f 2813 2653 2816
f 2653 2814 2816
f 2814 2652 2657
f 2657 2454 2656
f 2656 2455 2459
f 2455 2456 2459
f 2456 2327 2328
f 2328 2219 2221
f 2221 2070 2223
f 2223 2074 2073
f 2074 2231 2230
f 2231 2462 2333
f 2462 2822 2667
f 2822 2668 2671
f 2671 2464 2466
f 2464 2336 2466
f 2336 2078 1961
f 1961 1960 1963
f 1960 2084 1963
f 2084 2469 2086
f 2469 2673 2911
f 2911 2974 3038
f 2974 3113 3178
f 3113 3373 3372
f 3373 3114 3315
f 3315 3040 3240
f 3240 2976 3182
f 3182 2914 3121
f 3121 2829 2981
f 2981 2683 2917
f 2683 2342 2686
f 2342 1912 2244
f 1912 1718 1873
f 1718 1590 1591
f 1590 1538 1539
f 1538 1589 1491
f 1589 1657 1434
f 1657 1812 1719
f 1812 1964 1913
f 1964 1872 2238
f 2238 1911 2338
f 2338 2081 2674
f 2081 2234 2334
f 2234 2823 2670
f 2823 3234 3037
f 3234 3035 3311
f 3035 2907 3111
f 2907 2651 2970
f 2651 2811 2906
f 2811 2903 2968
f 2903 2966 3032
f 2966 3106 3032
f 3106 3105 3230
f 3105 3170 3171
f 3170 3303 3305
f 3303 3364 3305
f 3364 3430 3523
f 3523 3593 3675
f 3675 3769 3898
f 3769 3896 4019
f 3896 4114 4116
f 4114 3897 4115
f 4115 4118 4309
f 4309 4312 4636
f 4636 4638 4943
f 4943 4944 5251
f 5251 5253 5358
f 5358 5474 5475
f 5475 5478 5365
f 5478 5554 5479
f 5554 5609 5481
f 5609 5553 5480
f 5553 5362 5259
f 3014 3083 3155
f 3155 3217 3156
f 3156 3218 3158
f 3158 3220 3159
f 3159 3221 3161
f 3221 3222 3161
f 3222 3226 3163
f 3226 3298 3225
f 3298 3361 3224
f 3361 3359 3297
f 3359 3358 3297
f 3358 3516 3424
f 3424 3588 3422
f 3422 3512 3351
f 3351 3505 3348
f 3348 3503 3286
f 3286 3346 3208
f 3208 3207 3005
f 3005 3004 2860
f 3004 3072 2859
f 3072 3205 3001
f 3205 3282 3070
f 3461 3552 3387
f 3552 3812 3458
f 3812 4049 3711
f 4049 4472 3943
f 4472 5199 4469
f 5199 5676 5197
f 5676 5865 5714
f 5865 5903 5884
f 5903 5885 5905
f 5885 5756 5902
f 5756 5498 5817
f 5498 4792 5495
f 4792 4260 4790
f 4260 3710 4257
f 3710 3457 3708
f 3457 3329 3455
f 3329 3387 3324
f 3282 3493 3412
f 3493 3485 3412
f 3485 3566 3477
f 3566 3632 3636
f 3632 3721 3723
f 3721 3626 3819
f 3819 3621 3947
f 3947 3811 4163
f 4163 3944 4366
f 4366 4265 4891
f 4891 4795 5302
f 4795 5206 5302
f 5206 4696 5205
f 5205 4581 5103
f 5103 4477 4989
f 4989 4368 4895
f 4895 4269 4797
f 4797 4166 4701
f 4701 4054 4586
f 4586 3948 4480
f 4480 3821 4373
f 4373 3823 4275
f 4275 3720 4170
f 4170 3722 4171
f 4171 3724 4063
f 4063 3725 4065
f 4065 3829 4068
f 4068 3831 4070
f 4070 3833 4175
f 3833 3728 3958
f 3728 3729 3834
f 3729 3730 3835
f 3730 3638 3832
f 3638 3473 3635
f 3473 3339 3269
f 2933 2996 2853
f 3473 3407 3565
f 3407 3341 3476
f 3341 3281 3408
f 3281 3143 3070
f 3070 2938 3001
f 2938 2858 3001
f 2858 2857 2722
f 2722 2720 2723
f 2720 2721 2723
f 2721 2492 2494
f 2494 2265 2495
f 2495 2266 2497
f 2266 2267 2497
f 2267 2118 2366
f 2118 2269 2366
f 2269 2367 2368
f 2367 2503 2500
f 2503 2501 2500
f 2501 2505 2860
f 2505 2731 2729
f 2731 2506 2508
f 2508 2507 2510
f 2510 2509 2374
f 2509 2373 2374
f 2373 2273 2274
f 2273 2127 2128
f 2128 1989 2129
f 2129 2130 2376
f 2376 2377 2513
f 2377 2378 2514
f 2378 2380 2515
f 2380 1994 2381
f 1994 1935 1998
f 1935 1995 1998
f 1995 1996 1998
f 1996 2132 1998
f 2132 2275 2382
f 2275 2133 2385
f 2133 2134 2386
f 2134 1999 2135
f 2135 2002 2136
f 2002 2138 2136
f 2136 2390 2387
f 2390 2391 2528
f 2391 2388 2529
f 2388 2535 2530
f 2535 2142 2148
f 2148 2016 2155
f 2155 2018 2163
f 2163 2024 2167
f 2024 2164 2169
f 2164 2400 2399
f 2400 2408 2570
f 2408 2410 2577
f 2410 2420 2595
f 2420 2173 2294
f 2294 2174 2182
f 2182 2046 2183
f 2183 2049 2184
f 2049 2179 2185
f 2179 2412 2415
f 2412 2416 2584
f 2416 2601 2602
f 2601 2296 2614
f 2296 2299 2614
f 2299 2190 2196
f 2196 2056 2197
f 2197 2057 2198
f 2198 2052 2199
f 2199 2053 2191
f 2053 2181 2191
f 2181 2177 2413
f 2177 2186 2424
f 2186 2054 2192
f 2054 2055 2192
f 2055 2043 2044
f 2044 2033 2172
f 2172 2170 2288
f 2288 2287 2397
f 2397 2280 2549
f 2283 2563 2282
f 2563 2551 2558
f 2551 2766 2550
f 2766 2948 2877
f 2948 3014 2949
f 5259 4949 5159
f 4949 4857 5159
f 4857 4649 4953
f 4953 4759 5070
f 4759 4431 4763
f 4431 4132 4322
f 4132 3915 4227
f 3915 3603 3781
f 3603 3441 3604
f 3441 3235 3371
f 3235 2972 3176
f 2972 2908 2822
f 2908 2818 2822
f 2818 2813 2816
f 2816 2814 2821
f 2814 2657 2819
f 2657 2656 2661
f 2656 2459 2660
f 2459 2456 2458
f 2456 2328 2458
f 2328 2221 2329
f 2221 2223 2222
f 2223 2073 2224
f 2073 2074 2230
f 2230 2231 2333
f 2333 2462 2667
f 2667 2822 2820
f 2822 2671 2909
f 2671 2466 2825
f 2466 2336 2340
f 2336 1961 2239
f 1961 1963 1962
f 1963 2084 2086
f 2086 2469 2344
f 2469 2911 2680
f 2911 3038 2910
f 3038 2974 3178
f 3178 3113 3372
f 3372 3373 3536
f 3373 3315 3537
f 3315 3240 3447
f 3240 3182 3377
f 3182 3121 3316
f 3121 2981 3244
f 2981 2917 3122
f 2917 2683 2686
f 2686 2342 2244
f 2244 1912 1873
f 1873 1718 1591
f 1591 1590 1539
f 1539 1538 1491
f 1491 1589 1434
f 1434 1657 1540
f 1657 1719 1540
f 1719 1812 1913
f 1913 1964 2341
f 1964 2238 2468
f 2238 2338 2678
f 2338 2674 2826
f 2674 2081 2334
f 2334 2234 2670
f 2670 2823 3037
f 3037 3234 3442
f 3234 3311 3442
f 3311 3035 3111
f 3111 2907 2970
f 2970 2651 2906
f 2906 2811 2968
f 2968 2903 3032
f 3032 3106 3172
f 3106 3230 3172
f 3230 3105 3171
f 3171 3170 3305
f 3305 3364 3435
f 3364 3523 3432
f 3523 3675 3524
f 3675 3898 3676
f 3898 3769 4019
f 4019 3896 4116
f 4116 4114 4308
f 4114 4115 4307
f 4115 4309 4306
f 4309 4636 4633
f 4636 4943 4941
f 4943 5251 5249
f 5251 5358 5356
f 5358 5475 5357
f 5475 5365 5363
f 5365 5478 5479
f 5479 5554 5481
f 5481 5609 5480
f 5480 5553 5259
f 3014 3155 3086
f 3155 3156 3086
f 3156 3158 3087
f 3158 3159 3088
f 3159 3161 3090
f 3161 3222 3094
f 3222 3163 3094
f 3163 3226 3225
f 3225 3298 3224
f 3224 3361 3297
f 3297 3358 3223
f 3358 3424 3295
f 3424 3422 3293
f 3422 3351 3292
f 3351 3348 3289
f 3348 3286 3209
f 3286 3208 3146
f 3208 3005 3006
f 3005 2860 2861
f 2860 3004 2859
f 2859 3072 3001
f 3001 3205 3070
f 3070 3282 3281
f 3387 3552 3458
f 3458 3812 3711
f 3711 4049 3943
f 3943 4472 4469
f 4469 5199 5197
f 5197 5676 5714
f 5714 5865 5884
f 5884 5903 5905
f 5905 5885 5902
f 5902 5756 5817
f 5817 5498 5495
f 5495 4792 4790
f 4790 4260 4257
f 4257 3710 3708
f 3708 3457 3455
f 3455 3329 3324
f 3324 3387 3383
f 3282 3412 3281
f 3412 3485 3477
f 3477 3566 3636
f 3636 3632 3723
f 3723 3721 3822
f 3721 3819 3822
f 3819 3947 4051
f 3947 4163 4266
f 4163 4366 4475
f 4366 4891 4892
f 4891 5302 5303
f 5302 5206 5625
f 5206 5205 5564
f 5205 5103 5505
f 5103 4989 5417
f 4989 4895 5307
f 4895 4797 5306
f 4797 4701 5209
f 4701 4586 5105
f 4586 4480 4997
f 4480 4373 4900
f 4373 4275 4800
f 4275 4170 4710
f 4170 4171 4592
f 4171 4063 4488
f 4063 4065 4490
f 4065 4068 4379
f 4068 4070 4380
f 4070 4175 4382
f 4175 3833 3958
f 3958 3728 3834
f 3834 3729 3835
f 3835 3730 3832
f 3832 3638 3635
f 3635 3473 3565
f 3565 3407 3476
f 3476 3341 3408
f 3408 3281 3412
f 3001 2858 2724
f 2858 2722 2725
f 2722 2723 2726
f 2723 2721 2494
f 2494 2495 2723
f 2495 2497 2726
f 2497 2267 2366
f 2366 2269 2368
f 2368 2367 2500
f 2500 2501 2498
f 2501 2860 2859
f 2860 2505 2861
f 2505 2729 2861
f 2729 2731 2732
f 2731 2508 2733
f 2508 2510 2511
f 2510 2374 2375
f 2374 2373 2274
f 2274 2273 2128
f 2128 2129 2274
f 2129 2376 2375
f 2376 2513 2512
f 2513 2377 2514
f 2514 2378 2515
f 2515 2380 2381
f 2381 1994 2383
f 1994 1998 2383
f 1998 2132 2383
f 2132 2382 2384
f 2382 2275 2385
f 2385 2133 2386
f 2386 2134 2387
f 2134 2135 2136
f 2136 2387 2134
f 2387 2390 2528
f 2528 2391 2529
f 2529 2388 2530
f 2530 2535 2758
f 2535 2148 2541
f 2148 2155 2541
f 2155 2163 2286
f 2163 2167 2168
f 2167 2024 2168
f 2024 2169 2168
f 2169 2164 2399
f 2399 2400 2560
f 2400 2570 2560
f 2570 2408 2577
f 2577 2410 2595
f 2595 2420 2422
f 2420 2294 2295
f 2294 2182 2183
f 2183 2184 2295
f 2184 2049 2189
f 2049 2185 2189
f 2185 2179 2415
f 2415 2412 2578
f 2412 2584 2578
f 2584 2416 2602
f 2602 2601 2614
f 2614 2299 2629
f 2299 2196 2434
f 2196 2197 2302
f 2197 2198 2308
f 2198 2199 2309
f 2199 2191 2310
f 2191 2181 2298
f 2181 2413 2417
f 2413 2177 2424
f 2424 2186 2429
f 2186 2192 2300
f 2192 2055 2193
f 2055 2044 2187
f 2044 2172 2178
f 2172 2288 2289
f 2288 2397 2401
f 2397 2549 2557
f 2549 2280 2558
f 2282 2563 2558
f 2558 2551 2550
f 2550 2766 2877
f 2877 2948 2949
f 2949 3014 3086
f 5259 5159 5480
f 5159 4857 5063
f 4857 4953 5066
f 4953 5070 5161
f 5070 4759 4763
f 4763 4431 4322
f 4322 4132 4227
f 4227 3915 4133
f 3915 3781 4133
f 3781 3603 3604
f 3604 3441 3371
f 3371 3235 3176
f 3176 2972 2973
f 2972 2822 2973
f 2822 2818 2820
f 2818 2816 2820
f 2816 2821 2820
f 2821 2814 2819
f 2819 2657 2661
f 2661 2656 2660
f 2660 2459 2458
f 2458 2328 2329
f 2329 2221 2222
f 2222 2223 2224
f 2224 2073 2222
f 2073 2230 2229
f 2230 2333 2332
f 2333 2667 2669
f 2667 2820 2821
f 2822 2909 2973
f 2909 2671 2825
f 2825 2466 2682
f 2466 2340 2682
f 2340 2336 2239
f 2239 1961 1962
f 1962 1963 1966
f 1963 2086 1966
f 2086 2344 2088
f 2344 2469 2680
f 2680 2911 2910
f 2910 3038 3112
f 3038 3178 3312
f 3178 3372 3445
f 3372 3536 3692
f 3536 3373 3537
f 3537 3315 3447
f 3447 3240 3377
f 3377 3182 3316
f 3316 3121 3244
f 3244 2981 3122
f 3122 2917 2983
f 2917 2686 2688
f 2686 2244 2472
f 2244 1873 2091
f 1873 1591 1766
f 1591 1539 1541
f 1539 1491 1435
f 1491 1434 1336
f 1434 1540 1337
f 1540 1719 1592
f 1719 1913 1813
f 1913 2341 2090
f 2341 1964 2468
f 2468 2238 2678
f 2678 2338 2826
f 2826 2674 3039
f 2674 2334 2672
f 2334 2670 2465
f 2670 3037 2824
f 3037 3442 3177
f 3442 3311 3533
f 3311 3111 3370
f 3111 2970 3175
f 2970 2906 3034
f 2906 2968 3033
f 2968 3032 3108
f 3032 3172 3108
f 3172 3230 3307
f 3230 3171 3306
f 3171 3305 3306
f 3305 3435 3306
f 3435 3364 3432
f 3432 3523 3524
f 3524 3675 3676
f 3676 3898 3899
f 3898 4019 3899
f 4019 4116 4020
f 4116 4308 4216
f 4308 4114 4307
f 4307 4115 4306
f 4306 4309 4633
f 4633 4636 4941
f 4941 4943 5249
f 5249 5251 5356
f 5356 5358 5357
f 5357 5475 5363
f 5363 5365 5261
f 5365 5479 5158
f 5479 5481 5262
f 5481 5480 5160
f 3086 3156 3087
f 3087 3158 3088
f 3088 3159 3090
f 3090 3161 3093
f 3161 3094 3093
f 3094 3163 3095
f 3163 3225 3098
f 3225 3224 3165
f 3224 3297 3164
f 3297 3223 3164
f 3223 3358 3295
f 3295 3424 3293
f 3293 3422 3292
f 3292 3351 3289
f 3289 3348 3209
f 3209 3286 3146
f 3146 3208 3006
f 3006 3005 2861
f 2859 3001 2724
f 3387 3458 3383
f 3458 3711 3456
f 3711 3943 3709
f 3943 4469 3940
f 4469 5197 4365
f 5197 5714 5097
f 5714 5884 5672
f 5884 5905 5901
f 5905 5902 5906
f 5902 5817 5904
f 5817 5495 5787
f 5495 4790 5492
f 4790 4257 4789
f 4257 3708 4364
f 3708 3455 3800
f 3455 3324 3544
f 3324 3383 3382
f 3412 3477 3408
f 3477 3636 3564
f 3636 3723 3726
f 3723 3822 3950
f 3822 3819 4051
f 4051 3947 4266
f 4266 4163 4475
f 4475 4366 4892
f 4892 4891 5303
f 5303 5302 5626
f 5302 5625 5626
f 5625 5206 5564
f 5564 5205 5505
f 5505 5103 5417
f 5417 4989 5307
f 5307 4895 5306
f 5306 4797 5209
f 5209 4701 5105
f 5105 4586 4997
f 4997 4480 4900
f 4900 4373 4800
f 4800 4275 4710
f 4710 4170 4592
f 4592 4171 4488
f 4488 4063 4490
f 4490 4065 4379
f 4379 4068 4380
f 4380 4070 4382
f 4382 4175 4383
f 4175 3958 4176
f 3958 3834 4071
f 3834 3835 4069
f 3835 3832 3956
f 3832 3635 3953
f 3635 3565 3727
f 3565 3476 3637
f 3476 3408 3564
f 2724 2858 2725
f 2725 2722 2726
f 2726 2723 2495
f 2726 2497 2728
f 2497 2366 2499
f 2366 2368 2499
f 2368 2500 2502
f 2500 2498 2502
f 2498 2501 2859
f 2861 2729 2862
f 2729 2732 2734
f 2732 2731 2733
f 2733 2508 2511
f 2511 2510 2375
f 2375 2374 2129
f 2374 2274 2129
f 2375 2376 2512
f 2512 2513 2734
f 2513 2514 2736
f 2514 2515 2738
f 2515 2381 2738
f 2381 2383 2516
f 2383 2132 2384
f 2384 2382 2518
f 2382 2385 2519
f 2385 2386 2520
f 2386 2387 2524
f 2387 2528 2524
f 2528 2529 2751
f 2529 2530 2752
f 2530 2758 2749
f 2758 2535 2541
f 2541 2155 2395
f 2155 2286 2395
f 2286 2163 2168
f 2168 2169 2406
f 2169 2399 2407
f 2399 2560 2554
f 2560 2570 2784
f 2570 2577 2582
f 2577 2595 2596
f 2595 2422 2596
f 2422 2420 2295
f 2295 2294 2183
f 2295 2184 2189
f 2189 2185 2426
f 2185 2415 2427
f 2415 2578 2583
f 2578 2584 2598
f 2584 2602 2610
f 2602 2614 2615
f 2614 2629 2621
f 2629 2299 2434
f 2434 2196 2302
f 2302 2197 2308
f 2308 2198 2309
f 2309 2199 2310
f 2310 2191 2311
f 2191 2298 2311
f 2298 2181 2417
f 2417 2413 2587
f 2413 2424 2607
f 2424 2429 2618
f 2429 2186 2300
f 2300 2192 2193
f 2193 2055 2187
f 2187 2044 2178
f 2178 2172 2289
f 2289 2288 2571
f 2288 2401 2571
f 2401 2397 2557
f 2557 2549 2550
f 2549 2558 2550
f 2558 2280 2282
f 2550 2877 2769
f 2877 2949 2950
f 2949 3086 3087
f 5480 5159 5160
f 5159 5063 5160
f 5063 4857 5066
f 5066 4953 5161
f 5161 5070 5265
f 5070 4763 5073
f 4763 4322 4864
f 4322 4227 4321
f 4227 4133 4543
f 4133 3781 3917
f 3781 3604 3687
f 3604 3371 3534
f 3371 3176 3312
f 3176 2973 3112
f 2821 2819 2666
f 2819 2661 2665
f 2661 2660 2664
f 2660 2458 2659
f 2458 2329 2659
f 2329 2222 2460
f 2222 2073 2225
f 2073 2229 2228
f 2229 2230 2228
f 2230 2332 2228
f 2332 2333 2669
f 2669 2667 2821
f 2973 2909 2910
f 2909 2825 2827
f 2825 2682 2685
f 2682 2340 2470
f 2340 2239 2240
f 2239 1962 2085
f 1962 1966 1965
f 1966 2086 2088
f 2088 2344 2243
f 2344 2680 2471
f 2680 2910 2827
f 2910 3112 2973
f 3112 3038 3312
f 3312 3178 3445
f 3445 3372 3692
f 3692 3536 3694
f 3536 3537 3694
f 3537 3447 3694
f 3447 3377 3606
f 3377 3316 3539
f 3316 3244 3449
f 3244 3122 3317
f 3122 2983 3184
f 2983 2917 2919
f 2917 2688 2919
f 2688 2686 2472
f 2472 2244 2091
f 2091 1873 1766
f 1766 1591 1541
f 1541 1539 1435
f 1435 1491 1336
f 1336 1434 1337
f 1337 1540 1377
f 1540 1592 1377
f 1592 1719 1813
f 1813 1913 2090
f 2090 2341 2687
f 2341 2468 2681
f 2468 2678 2679
f 2678 2826 2828
f 2826 3039 2913
f 3039 2674 2672
f 2672 2334 2465
f 2465 2670 2672
f 2670 2824 2672
f 2824 3037 3177
f 3177 3442 3443
f 3442 3533 3782
f 3533 3311 3370
f 3370 3111 3175
f 3175 2970 3034
f 3034 2906 3033
f 3033 2968 3108
f 3108 3172 3231
f 3172 3307 3231
f 3307 3230 3306
f 3306 3435 3436
f 3435 3432 3525
f 3432 3524 3525
f 3524 3676 3596
f 3676 3899 3770
f 3899 4019 4020
f 4020 4116 4216
f 4216 4308 4310
f 4308 4307 4524
f 4307 4306 4523
f 4306 4633 4522
f 4633 4941 4937
f 4941 5249 5150
f 5249 5356 5248
f 5356 5357 5250
f 5357 5363 5359
f 5363 5261 5364
f 5261 5365 5158
f 5158 5479 5262
f 5262 5481 5160
f 3087 3088 3017
f 3088 3090 3019
f 3090 3093 3020
f 3093 3094 3024
f 3094 3095 3024
f 3095 3163 3098
f 3098 3225 3165
f 3165 3224 3164
f 3164 3223 3096
f 3223 3295 3162
f 3295 3293 3219
f 3293 3292 3216
f 3292 3289 3212
f 3289 3209 3149
f 3209 3146 3074
f 3146 3006 3007
f 3006 2861 2862
f 2859 2724 2498
f 3383 3458 3456
f 3456 3711 3709
f 3709 3943 3940
f 3940 4469 4365
f 4365 5197 5097
f 5097 5714 5672
f 5672 5884 5843
f 5884 5901 5895
f 5901 5905 5906
f 5906 5902 5904
f 5904 5817 5883
f 5817 5787 5883
f 5787 5495 5492
f 5492 4790 4789
f 4789 4257 4364
f 4364 3708 3800
f 3800 3455 3544
f 3544 3324 3382
f 3382 3383 3453
f 3408 3477 3564
f 3564 3636 3726
f 3726 3723 3950
f 3950 3822 4055
f 3822 4051 4055
f 4051 4266 4369
f 4266 4475 4582
f 4475 4892 4990
f 4892 5303 5412
f 5303 5626 5628
f 5626 5625 5760
f 5625 5564 5759
f 5564 5505 5717
f 5505 5417 5716
f 5417 5307 5681
f 5307 5306 5631
f 5306 5209 5570
f 5209 5105 5512
f 5105 4997 5423
f 4997 4900 5313
f 4900 4800 5214
f 4800 4710 5111
f 4710 4592 5002
f 4592 4488 4905
f 4488 4490 4806
f 4490 4379 4713
f 4379 4380 4714
f 4380 4382 4715
f 4382 4383 4716
f 4383 4175 4176
f 4176 3958 4071
f 4071 3834 4069
f 4069 3835 3956
f 3956 3832 3953
f 3953 3635 3727
f 3727 3565 3637
f 3637 3476 3564
f 2724 2725 2727
f 2725 2726 2728
f 2728 2497 2499
f 2499 2368 2502
f 2502 2498 2727
f 2862 2729 2734
f 2734 2732 2512
f 2732 2733 2511
f 2511 2375 2512
f 2734 2513 2735
f 2513 2736 2735
f 2736 2514 2738
f 2738 2381 2516
f 2516 2383 2384
f 2384 2518 2517
f 2518 2382 2519
f 2519 2385 2520
f 2520 2386 2524
f 2524 2528 2751
f 2751 2529 2752
f 2752 2530 2753
f 2530 2749 2753
f 2749 2758 2756
f 2758 2541 2764
f 2541 2395 2764
f 2395 2286 2564
f 2286 2168 2406
f 2406 2169 2407
f 2407 2399 2554
f 2554 2560 2765
f 2560 2784 2781
f 2784 2570 2582
f 2582 2577 2596
f 2596 2422 2426
f 2422 2295 2189
f 2189 2426 2422
f 2426 2185 2427
f 2427 2415 2583
f 2583 2578 2785
f 2578 2598 2585
f 2598 2584 2610
f 2610 2602 2622
f 2602 2615 2622
f 2615 2614 2621
f 2621 2629 2630
f 2629 2434 2436
f 2434 2302 2308
f 2308 2309 2436
f 2309 2310 2437
f 2310 2311 2438
f 2311 2298 2303
f 2298 2417 2423
f 2417 2587 2592
f 2587 2413 2607
f 2607 2424 2618
f 2618 2429 2432
f 2429 2300 2304
f 2300 2193 2304
f 2193 2187 2194
f 2187 2178 2188
f 2178 2289 2292
f 2289 2571 2409
f 2571 2401 2562
f 2401 2557 2556
f 2557 2550 2548
f 2550 2769 2548
f 2769 2877 2950
f 2950 2949 3017
f 2949 3087 3017
f 5160 5063 5064
f 5063 5066 5065
f 5066 5161 5067
f 5161 5265 5162
f 5265 5070 5073
f 5073 4763 4864
f 4864 4322 4660
f 4322 4321 4230
f 4321 4227 4762
f 4227 4543 4762
f 4543 4133 4320
f 4133 3917 4320
f 3917 3781 3687
f 3687 3604 3534
f 3534 3371 3312
f 3312 3176 3112
f 2821 2666 2669
f 2666 2819 2665
f 2665 2661 2664
f 2664 2660 2659
f 2659 2329 2460
f 2460 2222 2225
f 2225 2073 2228
f 2228 2332 2461
f 2332 2669 2463
f 2910 2909 2827
f 2827 2825 2685
f 2685 2682 2345
f 2682 2470 2345
f 2470 2340 2240
f 2240 2239 2085
f 2085 1962 1965
f 1965 1966 1968
f 1966 2088 1968
f 2088 2243 1970
f 2243 2344 2471
f 2471 2680 2827
f 3312 3445 3534
f 3445 3692 3691
f 3692 3694 3784
f 3694 3447 3606
f 3606 3377 3539
f 3539 3316 3449
f 3449 3244 3317
f 3317 3122 3184
f 3184 2983 3123
f 2983 2919 2984
f 2919 2688 2832
f 2688 2472 2690
f 2472 2091 2349
f 2091 1766 1914
f 1766 1541 1720
f 1541 1435 1492
f 1435 1336 1338
f 1336 1337 1277
f 1337 1377 1279
f 1377 1592 1493
f 1592 1813 1721
f 1813 2090 1971
f 2090 2687 2348
f 2687 2341 2684
f 2341 2681 2684
f 2681 2468 2679
f 2679 2678 2828
f 2828 2826 2913
f 2913 3039 3120
f 3039 2672 2824
f 2824 3177 3039
f 3177 3443 3236
f 3443 3442 3782
f 3782 3533 3916
f 3533 3370 3685
f 3370 3175 3440
f 3175 3034 3233
f 3034 3033 3109
f 3033 3108 3174
f 3108 3231 3174
f 3231 3307 3367
f 3307 3306 3436
f 3436 3435 3528
f 3435 3525 3527
f 3525 3524 3596
f 3596 3676 3677
f 3676 3770 3677
f 3770 3899 3904
f 3899 4020 3904
f 4020 4216 4120
f 4216 4310 4218
f 4310 4308 4524
f 4524 4307 4523
f 4523 4306 4522
f 4522 4633 4937
f 4937 4941 5150
f 5150 5249 5248
f 5248 5356 5250
f 5250 5357 5359
f 5359 5363 5364
f 5364 5261 5157
f 5261 5158 5061
f 5158 5262 5062
f 5262 5160 5064
f 3017 3088 3019
f 3019 3090 3020
f 3020 3093 2957
f 3093 3024 2957
f 3024 3095 3027
f 3095 3098 3026
f 3098 3165 3025
f 3165 3164 3097
f 3164 3096 3097
f 3096 3223 3162
f 3162 3295 3219
f 3219 3293 3216
f 3216 3292 3212
f 3212 3289 3149
f 3149 3209 3074
f 3074 3146 3007
f 3007 3006 2862
f 2498 2724 2727
f 3383 3456 3453
f 3456 3709 3617
f 3709 3940 3799
f 3940 4365 4158
f 4365 5097 4467
f 5097 5672 5096
f 5672 5843 5557
f 5843 5884 5895
f 5895 5901 5906
f 5906 5904 5900
f 5904 5883 5896
f 5883 5787 5864
f 5787 5492 5713
f 5492 4789 5402
f 4789 4364 4886
f 4364 3800 4576
f 3800 3544 4156
f 3544 3382 3707
f 3382 3453 3543
f 3564 3726 3637
f 3726 3950 3828
f 3950 4055 4167
f 4055 4051 4369
f 4369 4266 4582
f 4582 4475 4990
f 4990 4892 5412
f 5412 5303 5628
f 5628 5626 5761
f 5626 5760 5761
f 5760 5625 5759
f 5759 5564 5717
f 5717 5505 5716
f 5716 5417 5681
f 5681 5307 5631
f 5631 5306 5570
f 5570 5209 5512
f 5512 5105 5423
f 5423 4997 5313
f 5313 4900 5214
f 5214 4800 5111
f 5111 4710 5002
f 5002 4592 4905
f 4905 4488 4806
f 4806 4490 4713
f 4713 4379 4714
f 4714 4380 4715
f 4715 4382 4716
f 4716 4383 4717
f 4383 4176 4493
f 4176 4071 4381
f 4071 4069 4281
f 4069 3956 4173
f 3956 3953 4172
f 3953 3727 4060
f 3727 3637 3828
f 2727 2725 2728
f 2728 2499 2502
f 2502 2727 2728
f 2862 2734 2735
f 2512 2732 2511
f 2735 2736 2739
f 2736 2738 2742
f 2738 2516 2742
f 2516 2384 2517
f 2517 2518 2740
f 2518 2519 2521
f 2519 2520 2747
f 2520 2524 2751
f 2751 2752 2747
f 2752 2753 2748
f 2753 2749 2744
f 2749 2756 2760
f 2756 2758 2764
f 2764 2395 2547
f 2395 2564 2547
f 2564 2286 2406
f 2406 2407 2568
f 2407 2554 2565
f 2554 2765 2768
f 2765 2560 2772
f 2560 2781 2772
f 2781 2784 2788
f 2784 2582 2796
f 2582 2596 2600
f 2596 2426 2600
f 2426 2427 2600
f 2427 2583 2597
f 2583 2785 2789
f 2785 2578 2786
f 2578 2585 2786
f 2585 2598 2603
f 2598 2610 2616
f 2610 2622 2623
f 2622 2615 2630
f 2615 2621 2630
f 2630 2629 2436
f 2436 2434 2308
f 2436 2309 2437
f 2437 2310 2438
f 2438 2311 2439
f 2311 2303 2439
f 2303 2298 2423
f 2423 2417 2592
f 2592 2587 2579
f 2587 2607 2608
f 2607 2618 2619
f 2618 2432 2619
f 2432 2429 2304
f 2304 2193 2194
f 2194 2187 2188
f 2188 2178 2292
f 2292 2289 2409
f 2409 2571 2573
f 2571 2562 2566
f 2562 2401 2556
f 2556 2557 2548
f 2548 2769 2773
f 2769 2950 2879
f 2950 3017 2952
f 5064 5063 5065
f 5065 5066 5067
f 5067 5161 5162
f 5162 5265 5367
f 5265 5073 5369
f 5073 4864 5174
f 4864 4660 5078
f 4660 4322 4230
f 4230 4321 4658
f 4321 4762 4658
f 4762 4543 5069
f 4543 4320 4859
f 4320 3917 4229
f 3917 3687 3918
f 3687 3534 3691
f 2669 2666 2463
f 2666 2665 2463
f 2665 2664 2461
f 2664 2659 2663
f 2659 2460 2663
f 2460 2225 2461
f 2225 2228 2461
f 2461 2332 2463
f 2827 2685 2471
f 2685 2345 2346
f 2345 2470 2347
f 2470 2240 2343
f 2240 2085 2241
f 2085 1965 2087
f 1965 1968 1969
f 1968 2088 1970
f 1970 2243 2242
f 2243 2471 2346
f 3534 3445 3691
f 3691 3692 3784
f 3784 3694 4138
f 3694 3606 3923
f 3606 3539 3696
f 3539 3449 3609
f 3449 3317 3608
f 3317 3184 3450
f 3184 3123 3318
f 3123 2983 2984
f 2984 2919 2920
f 2919 2832 2920
f 2832 2688 2690
f 2690 2472 2349
f 2349 2091 1914
f 1914 1766 1720
f 1720 1541 1492
f 1492 1435 1338
f 1338 1336 1277
f 1277 1337 1279
f 1279 1377 1280
f 1377 1493 1280
f 1493 1592 1721
f 1721 1813 1971
f 1971 2090 2348
f 2348 2687 2689
f 2687 2684 2831
f 2684 2681 2830
f 2681 2679 2915
f 2679 2828 2916
f 2828 2913 2979
f 2913 3120 2980
f 3120 3039 3239
f 3039 3177 3236
f 3236 3443 3237
f 3443 3782 3686
f 3782 3916 4134
f 3916 3533 3685
f 3685 3370 3440
f 3440 3175 3233
f 3233 3034 3109
f 3109 3033 3174
f 3174 3231 3308
f 3231 3367 3308
f 3367 3307 3436
f 3436 3528 3529
f 3528 3435 3527
f 3527 3525 3677
f 3525 3596 3677
f 3677 3770 3772
f 3770 3904 3903
f 3904 4020 4120
f 4120 4216 4218
f 4218 4310 4422
f 4524 4308 4420
f 4524 4523 4743
f 4523 4522 4742
f 4522 4937 4843
f 4937 5150 4938
f 5150 5248 5053
f 5248 5250 5151
f 5250 5359 5252
f 5359 5364 5360
f 5364 5157 5260
f 5157 5261 5061
f 5061 5158 4856
f 5158 5062 4950
f 5062 5262 5064
f 3017 3019 2952
f 3019 3020 2954
f 3020 2957 2956
f 2957 3024 2960
f 3024 3027 2960
f 3027 3095 3026
f 3026 3098 3025
f 3025 3165 3097
f 3097 3096 2961
f 3096 3162 3023
f 3162 3219 3092
f 3219 3216 3157
f 3216 3212 3153
f 3212 3149 3079
f 3149 3074 3076
f 3074 3007 2939
f 3007 2862 2864
f 3453 3456 3617
f 3617 3709 3799
f 3799 3940 4158
f 4158 4365 4467
f 4467 5097 5096
f 5096 5672 5557
f 5557 5843 5784
f 5843 5895 5900
f 5895 5906 5900
f 5900 5904 5896
f 5896 5883 5864
f 5864 5787 5815
f 5787 5713 5751
f 5713 5492 5402
f 5402 4789 4886
f 4886 4364 4576
f 4576 3800 4156
f 4156 3544 3707
f 3707 3382 3543
f 3543 3453 3706
f 3637 3726 3828
f 3828 3950 4167
f 4167 4055 4370
f 4055 4369 4370
f 4369 4582 4698
f 4582 4990 4992
f 4990 5412 5416
f 5412 5628 5629
f 5628 5761 5762
f 5761 5760 5824
f 5760 5759 5823
f 5759 5717 5822
f 5717 5716 5821
f 5716 5681 5794
f 5681 5631 5763
f 5631 5570 5720
f 5570 5512 5689
f 5512 5423 5690
f 5423 5313 5642
f 5313 5214 5576
f 5214 5111 5515
f 5111 5002 5316
f 5002 4905 5317
f 4905 4806 5218
f 4806 4713 5115
f 4713 4714 5006
f 4714 4715 5007
f 4715 4716 4909
f 4716 4717 4910
f 4717 4383 4493
f 4493 4176 4381
f 4381 4071 4281
f 4281 4069 4173
f 4173 3956 4172
f 4172 3953 4060
f 4060 3727 3828
f 2862 2735 2737
f 2735 2739 2737
f 2739 2736 2742
f 2742 2516 2517
f 2517 2740 2743
f 2740 2518 2865
f 2518 2521 2744
f 2521 2519 2747
f 2747 2520 2751
f 2747 2752 2748
f 2748 2753 2521
f 2753 2744 2521
f 2744 2749 2866
f 2749 2760 2871
f 2760 2756 2767
f 2756 2764 2875
f 2764 2547 2875
f 2547 2564 2559
f 2564 2406 2568
f 2568 2407 2565
f 2565 2554 2768
f 2768 2765 2871
f 2765 2772 2876
f 2772 2781 2779
f 2781 2788 2783
f 2788 2784 2796
f 2796 2582 2600
f 2600 2427 2597
f 2597 2583 2789
f 2789 2785 2783
f 2785 2786 2886
f 2786 2585 2790
f 2585 2603 2586
f 2603 2598 2616
f 2616 2610 2623
f 2623 2622 2631
f 2622 2630 2631
f 2630 2436 2437
f 2437 2438 2635
f 2438 2439 2636
f 2439 2303 2435
f 2303 2423 2428
f 2423 2592 2606
f 2592 2579 2591
f 2579 2587 2892
f 2587 2608 2588
f 2608 2607 2619
f 2619 2432 2433
f 2432 2304 2305
f 2304 2194 2305
f 2194 2188 2195
f 2188 2292 2297
f 2292 2409 2418
f 2409 2573 2580
f 2573 2571 2569
f 2571 2566 2569
f 2566 2562 2555
f 2562 2556 2555
f 2556 2548 2773
f 2773 2769 2879
f 2879 2950 2952
f 5064 5065 4952
f 5065 5067 4954
f 5067 5162 4955
f 5162 5367 5071
f 5367 5265 5369
f 5369 5073 5269
f 5073 5174 5269
f 5174 4864 5078
f 5078 4660 4868
f 4660 4230 4433
f 4230 4658 4546
f 4658 4762 4958
f 4762 5069 4958
f 5069 4543 4859
f 4859 4320 4656
f 4320 4229 4656
f 4229 3917 3918
f 3918 3687 3691
f 2463 2665 2461
f 2461 2664 2663
f 2663 2460 2461
f 2471 2685 2346
f 2346 2345 2242
f 2345 2347 2242
f 2347 2470 2343
f 2343 2240 2241
f 2241 2085 2087
f 2087 1965 1969
f 1969 1968 1970
f 1970 2242 1969
f 2242 2243 2346
f 3691 3784 3921
f 3784 4138 4136
f 4138 3694 3923
f 3923 3606 3696
f 3696 3539 3609
f 3609 3449 3608
f 3608 3317 3450
f 3450 3184 3318
f 3318 3123 3241
f 3123 2984 3042
f 2984 2920 2918
f 2920 2832 2833
f 2832 2690 2693
f 2690 2349 2473
f 2349 1914 2092
f 1914 1720 1814
f 1720 1492 1593
f 1492 1338 1378
f 1338 1277 1278
f 1277 1279 1229
f 1279 1280 1162
f 1280 1493 1379
f 1493 1721 1594
f 1721 1971 1815
f 1971 2348 2245
f 2348 2689 2692
f 2689 2687 2831
f 2831 2684 2982
f 2684 2830 2982
f 2830 2681 2915
f 2915 2679 2916
f 2916 2828 2979
f 2979 2913 2980
f 2980 3120 3183
f 3120 3239 3243
f 3239 3039 3237
f 3039 3236 3237
f 3237 3443 3444
f 3443 3686 3688
f 3686 3782 4134
f 4134 3916 4228
f 3916 3685 3914
f 3685 3440 3684
f 3440 3233 3531
f 3233 3109 3309
f 3109 3174 3232
f 3174 3308 3232
f 3308 3367 3437
f 3367 3436 3529
f 3529 3528 3682
f 3528 3527 3681
f 3527 3677 3678
f 3677 3772 3678
f 3772 3770 3903
f 3903 3904 4024
f 3904 4120 4024
f 4120 4218 4119
f 4218 4422 4217
f 4422 4310 4527
f 4524 4420 4525
f 4743 4523 4742
f 4742 4522 4843
f 4843 4937 4938
f 4938 5150 5053
f 5053 5248 5151
f 5151 5250 5252
f 5252 5359 5360
f 5360 5364 5260
f 5260 5157 4948
f 5157 5061 4854
f 5061 4856 4751
f 4856 5158 4950
f 4950 5062 4952
f 5062 5064 4952
f 2952 3019 2954
f 2954 3020 2956
f 2956 2957 2888
f 2957 2960 2888
f 2960 3027 2889
f 3027 3026 2893
f 3026 3025 2892
f 3025 3097 2962
f 3097 2961 2962
f 2961 3096 3023
f 3023 3162 3092
f 3092 3219 3157
f 3157 3216 3153
f 3153 3212 3079
f 3079 3149 3076
f 3076 3074 2939
f 2939 3007 2864
f 2864 2862 2737
f 3453 3617 3706
f 3617 3799 3705
f 3799 4158 3795
f 4158 4467 4252
f 4467 5096 4686
f 5096 5557 5093
f 5557 5784 5490
f 5784 5843 5882
f 5843 5900 5882
f 5900 5896 5882
f 5896 5864 5863
f 5864 5815 5863
f 5815 5787 5751
f 5751 5713 5671
f 5713 5402 5613
f 5402 4886 5401
f 4886 4576 5094
f 4576 4156 4688
f 4156 3707 4362
f 3707 3543 4155
f 3543 3706 4046
f 3828 4167 4060
f 4167 4370 4372
f 4370 4369 4698
f 4698 4582 4992
f 4992 4990 5416
f 5416 5412 5629
f 5629 5628 5762
f 5762 5761 5825
f 5761 5824 5825
f 5824 5760 5823
f 5823 5759 5822
f 5822 5717 5821
f 5821 5716 5794
f 5794 5681 5763
f 5763 5631 5720
f 5720 5570 5689
f 5689 5512 5690
f 5690 5423 5642
f 5642 5313 5576
f 5576 5214 5515
f 5515 5111 5316
f 5316 5002 5317
f 5317 4905 5218
f 5218 4806 5115
f 5115 4713 5006
f 5006 4714 5007
f 5007 4715 4909
f 4909 4716 4910
f 4910 4717 5008
f 4717 4493 4807
f 4493 4381 4596
f 4381 4281 4491
f 4281 4173 4489
f 4173 4172 4376
f 4172 4060 4276
f 2737 2739 2743
f 2739 2742 2743
f 2742 2517 2743
f 2743 2740 2737
f 2740 2865 2864
f 2865 2518 2741
f 2518 2744 2741
f 2521 2747 2748
f 2744 2866 2741
f 2866 2749 2943
f 2749 2871 2943
f 2871 2760 2768
f 2760 2767 2775
f 2767 2756 2875
f 2875 2547 2770
f 2547 2559 2770
f 2559 2564 2568
f 2568 2565 2778
f 2565 2768 2775
f 2871 2765 2876
f 2876 2772 2878
f 2772 2779 2878
f 2779 2781 2783
f 2783 2788 2789
f 2788 2796 2797
f 2796 2600 2597
f 2597 2789 2797
f 2783 2785 2882
f 2785 2886 2882
f 2886 2786 2887
f 2786 2790 2887
f 2790 2585 2586
f 2586 2603 2604
f 2603 2616 2617
f 2616 2623 2624
f 2623 2631 2632
f 2631 2630 2635
f 2630 2437 2635
f 2635 2438 2636
f 2636 2439 2633
f 2439 2435 2633
f 2435 2303 2428
f 2428 2423 2606
f 2606 2592 2591
f 2591 2579 2794
f 2579 2892 2962
f 2892 2587 2893
f 2587 2588 2792
f 2588 2608 2609
f 2608 2619 2620
f 2619 2433 2620
f 2433 2432 2305
f 2305 2194 2195
f 2195 2188 2297
f 2297 2292 2418
f 2418 2409 2580
f 2580 2573 2572
f 2573 2569 2787
f 2569 2566 2782
f 2566 2555 2561
f 2555 2556 2776
f 2556 2773 2777
f 2773 2879 2777
f 2879 2952 2881
f 4952 5065 4954
f 4954 5067 4955
f 4955 5162 5071
f 5071 5367 5268
f 5367 5369 5370
f 5369 5269 5373
f 5269 5174 5376
f 5174 5078 5275
f 5078 4868 5175
f 4868 4660 4433
f 4433 4230 4136
f 4230 4546 4136
f 4546 4658 4961
f 4658 4958 4961
f 4958 5069 5165
f 5069 4859 5263
f 4859 4656 5068
f 4656 4229 4657
f 4229 3918 4232
f 3918 3691 3921
f 2242 2347 2089
f 2347 2343 2241
f 2241 2087 2089
f 2087 1969 2089
f 1969 2242 2089
f 3921 3784 4029
f 3784 4136 4029
f 4136 4138 4664
f 4138 3923 4326
f 3923 3696 4139
f 3696 3609 3924
f 3609 3608 3786
f 3608 3450 3607
f 3450 3318 3448
f 3318 3241 3375
f 3241 3123 3042
f 3042 2984 2918
f 2918 2920 2921
f 2920 2833 2921
f 2833 2832 2693
f 2693 2690 2473
f 2473 2349 2092
f 2092 1914 1814
f 1814 1720 1593
f 1593 1492 1378
f 1378 1338 1278
f 1278 1277 1229
f 1229 1279 1162
f 1162 1280 1230
f 1280 1379 1230
f 1379 1493 1594
f 1594 1721 1815
f 1815 1971 2245
f 2245 2348 2692
f 2692 2689 2691
f 2689 2831 2921
f 2831 2982 2918
f 2982 2830 3041
f 2830 2915 2977
f 2915 2916 2978
f 2916 2979 2978
f 2979 2980 2978
f 2980 3183 3119
f 3183 3120 3243
f 3243 3239 3314
f 3239 3237 3314
f 3237 3444 3314
f 3444 3443 3688
f 3688 3686 3920
f 3686 4134 4028
f 4134 4228 4544
f 4228 3916 3914
f 3914 3685 3684
f 3684 3440 3531
f 3531 3233 3309
f 3309 3109 3232
f 3232 3308 3438
f 3308 3437 3438
f 3437 3367 3529
f 3529 3682 3599
f 3682 3528 3681
f 3681 3527 3678
f 3678 3772 3773
f 3772 3903 3905
f 3903 4024 4023
f 4024 4120 4119
f 4119 4218 4217
f 4217 4422 4421
f 4422 4527 4421
f 4527 4310 4420
f 4524 4525 4634
f 4525 4420 4527
f 4743 4742 4844
f 4742 4843 4938
f 4938 5053 4844
f 5053 5151 4936
f 5151 5252 5054
f 5252 5360 5254
f 5360 5260 5258
f 5260 4948 5060
f 4948 5157 4854
f 4854 5061 4751
f 4751 4856 4644
f 4856 4950 4754
f 4950 4952 4951
f 2952 2954 2881
f 2954 2956 2883
f 2956 2888 2885
f 2888 2960 2890
f 2960 2889 2890
f 2889 3027 2893
f 2893 3026 2892
f 2892 3025 2962
f 2962 2961 2794
f 2961 3023 2959
f 3023 3092 3022
f 3092 3157 3089
f 3157 3153 3085
f 3153 3079 3081
f 3079 3076 3008
f 3076 2939 2941
f 2939 2864 2865
f 2864 2737 2740
f 3706 3617 3705
f 3705 3799 3795
f 3795 4158 4252
f 4252 4467 4686
f 4686 5096 5093
f 5093 5557 5490
f 5490 5784 5710
f 5784 5882 5814
f 5882 5896 5863
f 5863 5815 5785
f 5815 5751 5712
f 5751 5671 5670
f 5671 5713 5613
f 5613 5402 5401
f 5401 4886 5094
f 5094 4576 4688
f 4688 4156 4362
f 4362 3707 4155
f 4155 3543 4046
f 4046 3706 4045
f 4060 4167 4372
f 4372 4370 4702
f 4370 4698 4702
f 4698 4992 4993
f 4992 5416 5418
f 5416 5629 5630
f 5629 5762 5718
f 5762 5825 5795
f 5825 5824 5844
f 5824 5823 5869
f 5823 5822 5868
f 5822 5821 5867
f 5821 5794 5847
f 5794 5763 5846
f 5763 5720 5826
f 5720 5689 5797
f 5689 5690 5769
f 5690 5642 5732
f 5642 5576 5696
f 5576 5515 5696
f 5515 5316 5580
f 5316 5317 5520
f 5317 5218 5435
f 5218 5115 5319
f 5115 5006 5320
f 5006 5007 5321
f 5007 4909 5221
f 4909 4910 5222
f 4910 5008 5223
f 5008 4717 4807
f 4807 4493 4596
f 4596 4381 4491
f 4491 4281 4489
f 4489 4173 4376
f 4376 4172 4276
f 4276 4060 4372
f 2865 2741 2866
f 2866 2943 2941
f 2943 2871 2944
f 2768 2760 2775
f 2775 2767 2778
f 2767 2875 2771
f 2875 2770 2771
f 2770 2559 2771
f 2559 2568 2778
f 2778 2565 2775
f 2871 2876 2873
f 2876 2878 3015
f 2878 2779 2880
f 2779 2783 2880
f 2789 2788 2797
f 2797 2796 2597
f 2783 2882 2880
f 2882 2886 2953
f 2886 2887 3021
f 2887 2790 2958
f 2790 2586 2791
f 2586 2604 2590
f 2604 2603 2617
f 2617 2616 2624
f 2624 2623 2632
f 2632 2631 2636
f 2631 2635 2636
f 2636 2633 2632
f 2633 2435 2634
f 2435 2428 2627
f 2428 2606 2612
f 2606 2591 2605
f 2591 2794 2590
f 2794 2579 2962
f 2893 2587 2889
f 2587 2792 2889
f 2792 2588 2575
f 2588 2609 2589
f 2609 2608 2620
f 2620 2433 2430
f 2433 2305 2301
f 2305 2195 2301
f 2195 2297 2301
f 2297 2418 2425
f 2418 2580 2593
f 2580 2572 2589
f 2572 2573 2787
f 2787 2569 2888
f 2569 2782 2888
f 2782 2566 2561
f 2561 2555 2780
f 2555 2776 2780
f 2776 2556 2777
f 2777 2879 2881
f 4952 4954 4858
f 4954 4955 4760
f 4955 5071 4861
f 5071 5268 5163
f 5268 5367 5370
f 5370 5369 5373
f 5373 5269 5376
f 5376 5174 5272
f 5174 5275 5176
f 5275 5078 5175
f 5175 4868 4965
f 4868 4433 4664
f 4433 4136 4664
f 4136 4546 4548
f 4546 4961 4867
f 4961 4958 5169
f 4958 5165 5169
f 5165 5069 5263
f 5263 4859 5068
f 5068 4656 4956
f 4656 4657 4956
f 4657 4229 4232
f 4232 3918 3921
f 2089 2347 2241
f 3921 4029 4325
f 4029 4136 4548
f 4664 4138 4767
f 4138 4326 4767
f 4326 3923 4139
f 4139 3696 3924
f 3924 3609 3786
f 3786 3608 3698
f 3608 3607 3697
f 3607 3450 3448
f 3448 3318 3375
f 3375 3241 3180
f 3241 3042 3115
f 3042 2918 2982
f 2918 2921 2831
f 2921 2833 2691
f 2833 2693 2694
f 2693 2473 2696
f 2473 2092 2350
f 2092 1814 1915
f 1814 1593 1722
f 1593 1378 1542
f 1378 1278 1339
f 1278 1229 1281
f 1229 1162 1163
f 1162 1230 1108
f 1230 1379 1282
f 1379 1594 1494
f 1594 1815 1723
f 1815 2245 1972
f 2245 2692 2474
f 2692 2691 2695
f 2691 2689 2921
f 2982 3041 3115
f 3041 2830 2977
f 2977 2915 2978
f 2978 2980 3119
f 3119 3183 3245
f 3183 3243 3245
f 3243 3314 3321
f 3314 3444 3535
f 3444 3688 3689
f 3688 3920 3919
f 3920 3686 4028
f 4028 4134 4432
f 4134 4544 4432
f 4544 4228 4319
f 4228 3914 4319
f 3914 3684 4027
f 3684 3531 3779
f 3531 3309 3530
f 3309 3232 3368
f 3232 3438 3368
f 3438 3437 3600
f 3437 3529 3599
f 3599 3682 3911
f 3682 3681 3909
f 3681 3678 3775
f 3678 3773 3775
f 3773 3772 3905
f 3905 3903 4023
f 4023 4024 4121
f 4024 4119 4121
f 4119 4217 4313
f 4217 4421 4313
f 4421 4527 4526
f 4524 4634 4744
f 4634 4525 4527
f 4844 4742 4938
f 4844 5053 4936
f 4936 5151 4939
f 5151 5054 4939
f 5054 5252 5254
f 5254 5360 5258
f 5258 5260 5060
f 5060 4948 4752
f 4948 4854 4645
f 4854 4751 4537
f 4751 4644 4538
f 4644 4856 4754
f 4754 4950 4951
f 4951 4952 4858
f 2881 2954 2883
f 2883 2956 2885
f 2885 2888 2782
f 2888 2890 2787
f 2890 2889 2792
f 2794 2961 2791
f 2961 2959 2791
f 2959 3023 3022
f 3022 3092 3089
f 3089 3157 3085
f 3085 3153 3081
f 3081 3079 3008
f 3008 3076 2941
f 2941 2939 2865
f 3706 3705 4045
f 3705 3795 4154
f 3795 4252 4154
f 4252 4686 4572
f 4686 5093 4983
f 5093 5490 5294
f 5490 5710 5555
f 5710 5784 5814
f 5814 5882 5863
f 5863 5785 5814
f 5785 5815 5712
f 5712 5751 5670
f 5670 5671 5612
f 5671 5613 5612
f 5613 5401 5612
f 5401 5094 5400
f 5094 4688 5196
f 4688 4362 4885
f 4362 4155 4687
f 4155 4046 4575
f 4046 4045 4574
f 4372 4702 4588
f 4702 4698 4993
f 4993 4992 5418
f 5418 5416 5630
f 5630 5629 5718
f 5718 5762 5795
f 5795 5825 5845
f 5825 5844 5845
f 5844 5824 5869
f 5869 5823 5868
f 5868 5822 5867
f 5867 5821 5847
f 5847 5794 5846
f 5846 5763 5826
f 5826 5720 5797
f 5797 5689 5769
f 5769 5690 5732
f 5732 5642 5696
f 5696 5515 5580
f 5580 5316 5520
f 5520 5317 5435
f 5435 5218 5319
f 5319 5115 5320
f 5320 5006 5321
f 5321 5007 5221
f 5221 4909 5222
f 5222 4910 5223
f 5223 5008 5224
f 5008 4807 5116
f 4807 4596 4907
f 4596 4491 4805
f 4491 4489 4711
f 4489 4376 4591
f 4376 4276 4483
f 4276 4372 4588
f 2865 2866 2941
f 2941 2943 3008
f 2943 2944 3010
f 2944 2871 2873
f 2778 2767 2771
f 2771 2559 2778
f 2873 2876 3015
f 3015 2878 2951
f 2878 2880 2951
f 2880 2882 2953
f 2953 2886 3021
f 3021 2887 3022
f 2887 2958 3022
f 2958 2790 2791
f 2791 2586 2590
f 2590 2604 2605
f 2604 2617 2611
f 2617 2624 2625
f 2624 2632 2633
f 2633 2634 2626
f 2634 2435 2627
f 2627 2428 2612
f 2612 2606 2605
f 2605 2591 2590
f 2590 2794 2791
f 2792 2575 2890
f 2575 2588 2589
f 2589 2609 2593
f 2609 2620 2613
f 2620 2430 2613
f 2430 2433 2301
f 2301 2297 2425
f 2425 2418 2593
f 2593 2580 2589
f 2589 2572 2575
f 2572 2787 2890
f 2782 2561 2885
f 2561 2780 2885
f 2780 2776 2883
f 2776 2777 2881
f 4858 4954 4760
f 4760 4955 4861
f 4861 5071 5163
f 5163 5268 5270
f 5268 5370 5373
f 5373 5376 5270
f 5376 5272 5270
f 5272 5174 5173
f 5174 5176 5079
f 5176 5275 5279
f 5275 5175 5277
f 5175 4965 5276
f 4965 4868 4664
f 4548 4546 4867
f 4867 4961 5077
f 4961 5169 5077
f 5169 5165 5271
f 5165 5263 5267
f 5263 5068 5366
f 5068 4956 5264
f 4956 4657 4863
f 4657 4232 4661
f 4232 3921 4325
f 4325 4029 4548
f 4664 4767 4965
f 4767 4326 4869
f 4326 4139 4551
f 4139 3924 4234
f 3924 3786 4031
f 3786 3698 3926
f 3698 3608 3697
f 3697 3607 3785
f 3607 3448 3695
f 3448 3375 3538
f 3375 3180 3313
f 3180 3241 3115
f 3115 3042 2982
f 2691 2833 2694
f 2694 2693 2696
f 2696 2473 2350
f 2350 2092 1915
f 1915 1814 1722
f 1722 1593 1542
f 1542 1378 1339
f 1339 1278 1281
f 1281 1229 1163
f 1163 1162 1108
f 1108 1230 1110
f 1230 1282 1110
f 1282 1379 1494
f 1494 1594 1723
f 1723 1815 1972
f 1972 2245 2474
f 2474 2692 2695
f 2695 2691 2694
f 3115 3041 3116
f 3041 2977 3117
f 2977 2978 3117
f 2978 3119 3118
f 3119 3245 3181
f 3245 3243 3321
f 3321 3314 3374
f 3314 3535 3374
f 3535 3444 3689
f 3689 3688 3919
f 3919 3920 4135
f 3920 4028 4231
f 4028 4432 4323
f 4432 4544 4862
f 4544 4319 4655
f 4319 3914 4027
f 4027 3684 3779
f 3779 3531 3530
f 3530 3309 3368
f 3368 3438 3601
f 3438 3600 3601
f 3600 3437 3599
f 3599 3911 3912
f 3911 3682 3909
f 3909 3681 3775
f 3775 3773 4122
f 3773 3905 4025
f 3905 4023 4025
f 4023 4121 4220
f 4121 4119 4313
f 4313 4421 4423
f 4421 4526 4635
f 4526 4527 4634
f 4744 4634 4635
f 4844 4936 4743
f 4936 4939 4743
f 4939 5054 4940
f 5054 5254 5055
f 5254 5258 5152
f 5258 5060 5155
f 5060 4752 4855
f 4752 4948 4645
f 4645 4854 4537
f 4537 4751 4538
f 4538 4644 4429
f 4644 4754 4539
f 4754 4951 4647
f 4951 4858 4647
f 2881 2883 2776
f 2883 2885 2780
f 2791 2959 2958
f 2959 3022 2958
f 3022 3089 3021
f 3089 3085 3018
f 3085 3081 3084
f 3081 3008 3010
f 4045 3705 4154
f 4154 4252 4572
f 4572 4686 4983
f 4983 5093 5294
f 5294 5490 5555
f 5555 5710 5711
f 5710 5814 5785
f 5785 5712 5711
f 5712 5670 5610
f 5670 5612 5611
f 5612 5401 5400
f 5400 5094 5196
f 5196 4688 4885
f 4885 4362 4687
f 4687 4155 4575
f 4575 4046 4574
f 4574 4045 4573
f 4588 4702 4996
f 4702 4993 4996
f 4993 5418 5308
f 5418 5630 5567
f 5630 5718 5684
f 5718 5795 5764
f 5795 5845 5796
f 5845 5844 5850
f 5844 5869 5849
f 5869 5868 5872
f 5868 5867 5871
f 5867 5847 5870
f 5847 5846 5852
f 5846 5826 5851
f 5826 5797 5830
f 5797 5769 5801
f 5769 5732 5771
f 5732 5696 5736
f 5696 5580 5697
f 5580 5520 5656
f 5520 5435 5589
f 5435 5319 5524
f 5319 5320 5525
f 5320 5321 5440
f 5321 5221 5441
f 5221 5222 5442
f 5222 5223 5443
f 5223 5224 5444
f 5224 5008 5116
f 5116 4807 4907
f 4907 4596 4805
f 4805 4491 4711
f 4711 4489 4591
f 4591 4376 4483
f 4483 4276 4588
f 3008 2943 3010
f 3010 2944 2873
f 2873 3015 3013
f 3015 2951 3016
f 2951 2880 2953
f 2953 3021 3018
f 2605 2604 2611
f 2611 2617 2625
f 2625 2624 2633
f 2633 2626 2625
f 2626 2634 2627
f 2627 2612 2626
f 2612 2605 2611
f 2890 2575 2572
f 2593 2609 2613
f 2613 2430 2425
f 2430 2301 2425
f 2425 2593 2613
f 4858 4760 4651
f 4760 4861 4654
f 4861 5163 4957
f 5163 5270 5166
f 5270 5268 5373
f 5270 5272 5166
f 5272 5173 5075
f 5173 5174 5079
f 5079 5176 5081
f 5176 5279 5178
f 5279 5275 5277
f 5277 5175 5276
f 5276 4965 5080
f 4548 4867 4663
f 4867 5077 4963
f 5077 5169 5172
f 5169 5271 5172
f 5271 5165 5267
f 5267 5263 5366
f 5366 5068 5264
f 5264 4956 5164
f 4956 4863 5164
f 4863 4657 4661
f 4661 4232 4325
f 4325 4548 4663
f 4965 4767 5080
f 4767 4869 5080
f 4869 4326 4551
f 4551 4139 4234
f 4234 3924 4031
f 4031 3786 3926
f 3926 3698 3927
f 3698 3697 3787
f 3697 3785 3925
f 3785 3607 3695
f 3695 3448 3538
f 3538 3375 3313
f 3313 3180 3179
f 3180 3115 3116
f 2694 2696 2697
f 2696 2350 2351
f 2350 1915 2093
f 1915 1722 1816
f 1722 1542 1595
f 1542 1339 1436
f 1339 1281 1283
f 1281 1163 1164
f 1163 1108 1109
f 1108 1110 1051
f 1110 1282 1231
f 1282 1494 1380
f 1494 1723 1596
f 1723 1972 1874
f 1972 2474 2246
f 2474 2695 2475
f 2695 2694 2697
f 3116 3041 3117
f 3117 2978 3118
f 3118 3119 3181
f 3181 3245 3322
f 3245 3321 3322
f 3321 3374 3379
f 3374 3535 3376
f 3535 3689 3446
f 3689 3919 3690
f 3919 4135 3783
f 4135 3920 4231
f 4231 4028 4323
f 4323 4432 4659
f 4432 4862 4659
f 4862 4544 4655
f 4655 4319 4430
f 4319 4027 4430
f 4027 3779 4130
f 3779 3530 3777
f 3530 3368 3601
f 3601 3600 3776
f 3600 3599 3912
f 3912 3911 4126
f 3911 3909 4125
f 3909 3775 4124
f 3775 4122 4124
f 4122 3773 4025
f 4025 4023 4220
f 4220 4121 4313
f 4313 4423 4528
f 4423 4421 4635
f 4635 4526 4744
f 4526 4634 4744
f 4744 4635 4846
f 4634 4744 4743
f 4743 4939 4744
f 4939 4940 4744
f 4940 5054 5055
f 5055 5254 5152
f 5152 5258 5155
f 5155 5060 4855
f 4855 4752 4648
f 4752 4645 4757
f 4645 4537 4650
f 4537 4538 4540
f 4538 4429 4540
f 4429 4644 4539
f 4539 4754 4647
f 4647 4858 4651
f 3021 3089 3018
f 3018 3085 3084
f 3084 3081 3010
f 4045 4154 4573
f 4154 4572 4573
f 4572 4983 4882
f 4983 5294 5192
f 5294 5555 5397
f 5555 5711 5610
f 5711 5710 5785
f 5711 5712 5610
f 5610 5670 5611
f 5611 5612 5400
f 5400 5196 5399
f 5196 4885 5195
f 4885 4687 4984
f 4687 4575 4884
f 4575 4574 4884
f 4574 4573 4883
f 4588 4996 4798
f 4996 4993 5308
f 5308 5418 5567
f 5567 5630 5684
f 5684 5718 5764
f 5764 5795 5796
f 5796 5845 5829
f 5845 5850 5829
f 5850 5844 5849
f 5849 5869 5872
f 5872 5868 5871
f 5871 5867 5870
f 5870 5847 5852
f 5852 5846 5851
f 5851 5826 5830
f 5830 5797 5801
f 5801 5769 5771
f 5771 5732 5736
f 5736 5696 5697
f 5697 5580 5656
f 5656 5520 5589
f 5589 5435 5524
f 5524 5319 5525
f 5525 5320 5440
f 5440 5321 5441
f 5441 5221 5442
f 5442 5222 5443
f 5443 5223 5444
f 5444 5224 5439
f 5224 5116 5322
f 5116 4907 5219
f 4907 4805 5004
f 4805 4711 4903
f 4711 4591 4901
f 4591 4483 4798
f 4483 4588 4798
f 3010 2873 3013
f 3013 3015 3016
f 3016 2951 3018
f 2951 2953 3018
f 2611 2625 2626
f 2626 2612 2611
f 4651 4760 4654
f 4654 4861 4957
f 4957 5163 5166
f 5166 5272 5075
f 5075 5173 4962
f 5173 5079 4964
f 5079 5081 4966
f 5081 5176 5178
f 5178 5279 5281
f 5279 5277 5378
f 5277 5276 5377
f 5276 5080 5278
f 4867 4963 4765
f 4963 5077 5076
f 5077 5172 5076
f 5172 5271 5274
f 5271 5267 5375
f 5267 5366 5372
f 5366 5264 5368
f 5264 5164 5266
f 5164 4863 5074
f 4863 4661 4866
f 4661 4325 4663
f 5080 4869 5177
f 4869 4551 4967
f 4551 4234 4665
f 4234 4031 4328
f 4031 3926 4141
f 3926 3927 4034
f 3927 3698 3787
f 3787 3697 3925
f 3925 3785 4030
f 3785 3695 3922
f 3695 3538 3922
f 3538 3313 3693
f 3313 3179 3446
f 3179 3180 3116
f 2697 2696 2351
f 2351 2350 2093
f 2093 1915 1816
f 1816 1722 1595
f 1595 1542 1436
f 1436 1339 1283
f 1283 1281 1164
f 1164 1163 1109
f 1109 1108 1051
f 1051 1110 1053
f 1110 1231 1053
f 1231 1282 1380
f 1380 1494 1596
f 1596 1723 1874
f 1874 1972 2246
f 2246 2474 2475
f 2475 2695 2697
f 3116 3117 3179
f 3117 3118 3179
f 3118 3181 3238
f 3181 3322 3242
f 3322 3321 3379
f 3379 3374 3378
f 3374 3376 3378
f 3376 3535 3446
f 3446 3689 3690
f 3690 3919 3783
f 3783 4135 4137
f 4135 4231 4324
f 4231 4323 4434
f 4323 4659 4545
f 4659 4862 4959
f 4862 4655 4860
f 4655 4430 4652
f 4430 4027 4130
f 4130 3779 3777
f 3777 3530 3601
f 3601 3776 3777
f 3776 3600 3912
f 3912 4126 4127
f 4126 3911 4125
f 4125 3909 4124
f 4124 4122 4315
f 4122 4025 4222
f 4025 4220 4222
f 4220 4313 4314
f 4313 4528 4314
f 4528 4423 4637
f 4423 4635 4637
f 4635 4744 4846
f 4744 4526 4743
f 4744 4846 4940
f 4846 4635 4845
f 4940 5055 4942
f 5055 5152 5056
f 5152 5155 5058
f 5155 4855 4947
f 4855 4648 4755
f 4648 4752 4757
f 4757 4645 4650
f 4650 4537 4540
f 4540 4429 4653
f 4429 4539 4542
f 4539 4647 4541
f 4647 4651 4541
f 3018 3084 3016
f 3084 3010 3013
f 4573 4572 4882
f 4882 4983 5192
f 5192 5294 5397
f 5397 5555 5610
f 5610 5611 5556
f 5611 5400 5399
f 5399 5196 5195
f 5195 4885 4984
f 4984 4687 4884
f 4884 4574 4883
f 4883 4573 4882
f 4798 4996 5106
f 4996 5308 5106
f 5308 5567 5422
f 5567 5684 5638
f 5684 5764 5723
f 5764 5796 5766
f 5796 5829 5800
f 5829 5850 5802
f 5850 5849 5831
f 5849 5872 5856
f 5872 5871 5855
f 5871 5870 5854
f 5870 5852 5858
f 5852 5851 5857
f 5851 5830 5833
f 5830 5801 5803
f 5801 5771 5774
f 5771 5736 5739
f 5736 5697 5739
f 5697 5656 5699
f 5656 5589 5658
f 5589 5524 5592
f 5524 5525 5592
f 5525 5440 5530
f 5440 5441 5530
f 5441 5442 5531
f 5442 5443 5532
f 5443 5444 5532
f 5444 5439 5533
f 5439 5224 5322
f 5322 5116 5219
f 5219 4907 5004
f 5004 4805 4903
f 4903 4711 4901
f 4901 4591 4798
f 3013 3016 3084
f 4651 4654 4542
f 4654 4957 4653
f 4957 5166 5072
f 5166 5075 5072
f 5075 4962 4959
f 4962 5173 4964
f 4964 5079 4966
f 4966 5081 4870
f 5081 5178 4969
f 5178 5281 5082
f 5281 5279 5378
f 5378 5277 5377
f 5377 5276 5278
f 5278 5080 5177
f 4765 4963 4866
f 4963 5076 4960
f 5076 5172 5171
f 5172 5274 5171
f 5274 5271 5375
f 5375 5267 5372
f 5372 5366 5368
f 5368 5264 5266
f 5266 5164 5167
f 5164 5074 5167
f 5074 4863 4866
f 4866 4661 4765
f 5177 4869 4967
f 4967 4551 4665
f 4665 4234 4328
f 4328 4031 4141
f 4141 3926 4034
f 4034 3927 4035
f 3927 3787 4033
f 3787 3925 4032
f 3925 4030 4140
f 4030 3785 3922
f 3922 3538 3693
f 3693 3313 3605
f 3313 3446 3690
f 3446 3179 3238
f 2697 2351 2352
f 2351 2093 2094
f 2093 1816 1916
f 1816 1595 1767
f 1595 1436 1543
f 1436 1283 1340
f 1283 1164 1165
f 1164 1109 1052
f 1109 1051 1001
f 1051 1053 961
f 1053 1231 1111
f 1231 1380 1284
f 1380 1596 1544
f 1596 1874 1768
f 1874 2246 1973
f 2246 2475 2247
f 2475 2697 2352
f 3179 3118 3238
f 3238 3181 3242
f 3242 3322 3320
f 3322 3379 3320
f 3379 3378 3320
f 3378 3376 3319
f 3376 3446 3238
f 3690 3783 3605
f 3783 4137 3693
f 4137 4135 4324
f 4324 4231 4434
f 4434 4323 4545
f 4545 4659 4865
f 4659 4959 4865
f 4959 4862 5072
f 4862 4860 4761
f 4860 4655 4652
f 4652 4430 4428
f 4430 4130 4428
f 4130 3777 4128
f 3777 3776 4128
f 3776 3912 4127
f 4127 4126 4426
f 4126 4125 4425
f 4125 4124 4317
f 4124 4315 4317
f 4315 4122 4222
f 4222 4220 4314
f 4314 4528 4639
f 4528 4637 4745
f 4637 4635 4846
f 4940 4846 4942
f 4846 4845 4847
f 4942 5055 5056
f 5056 5152 5058
f 5058 5155 4947
f 4947 4855 4755
f 4755 4648 4758
f 4648 4757 4860
f 4757 4650 4860
f 4650 4540 4761
f 4540 4653 4761
f 4653 4429 4542
f 4542 4539 4541
f 4541 4651 4542
f 4882 5192 5193
f 5192 5397 5398
f 5397 5610 5556
f 5556 5611 5399
f 5399 5195 5398
f 5195 4984 5194
f 4984 4884 5194
f 4884 4883 5194
f 4883 4882 5193
f 4798 5106 4901
f 5106 5308 5422
f 5422 5567 5638
f 5638 5684 5723
f 5723 5764 5766
f 5766 5796 5800
f 5800 5829 5773
f 5829 5802 5773
f 5802 5850 5831
f 5831 5849 5856
f 5856 5872 5855
f 5855 5871 5854
f 5854 5870 5858
f 5858 5852 5857
f 5857 5851 5833
f 5833 5830 5803
f 5803 5801 5774
f 5774 5771 5739
f 5739 5697 5699
f 5699 5656 5658
f 5658 5589 5592
f 5592 5525 5530
f 5530 5441 5531
f 5531 5442 5532
f 5532 5444 5533
f 5533 5439 5529
f 5439 5322 5522
f 5322 5219 5436
f 5219 5004 5318
f 5004 4903 5216
f 4903 4901 5213
f 4542 4654 4653
f 4653 4957 5072
f 5072 5075 4959
f 4959 4962 4865
f 4962 4964 4764
f 4964 4966 4766
f 4966 4870 4768
f 4870 5081 4969
f 4969 5178 5082
f 5082 5281 5182
f 5281 5378 5282
f 5378 5377 5381
f 5377 5278 5379
f 5278 5177 5280
f 4866 4963 4960
f 4960 5076 5170
f 5076 5171 5170
f 5171 5274 5375
f 5375 5372 5374
f 5372 5368 5371
f 5368 5266 5371
f 5266 5167 5168
f 5167 5074 5168
f 5074 4866 4960
f 5177 4967 5179
f 4967 4665 4968
f 4665 4328 4769
f 4328 4141 4437
f 4141 4034 4236
f 4034 4035 4144
f 4035 3927 4033
f 4033 3787 4032
f 4032 3925 4140
f 4140 4030 4327
f 4030 3922 4233
f 3922 3693 4137
f 3693 3605 3783
f 3605 3313 3690
f 2352 2351 2094
f 2094 2093 1916
f 1916 1816 1767
f 1767 1595 1543
f 1543 1436 1340
f 1340 1283 1165
f 1165 1164 1052
f 1052 1109 1001
f 1001 1051 961
f 961 1053 962
f 1053 1111 962
f 1111 1231 1284
f 1284 1380 1544
f 1544 1596 1768
f 1768 1874 1973
f 1973 2246 2247
f 2247 2475 2352
f 3238 3242 3319
f 3242 3320 3319
f 3320 3378 3319
f 3319 3376 3238
f 4137 4324 4547
f 4324 4434 4547
f 4434 4545 4662
f 4545 4865 4662
f 5072 4862 4761
f 4761 4860 4650
f 4860 4652 4758
f 4652 4428 4646
f 4428 4130 4128
f 4128 3776 4127
f 4127 4426 4427
f 4426 4126 4425
f 4425 4125 4317
f 4317 4315 4533
f 4315 4222 4531
f 4222 4314 4531
f 4314 4639 4531
f 4639 4528 4745
f 4745 4637 4847
f 4637 4846 4847
f 4942 4846 4847
f 4847 4845 4942
f 4942 5056 4945
f 5056 5058 5057
f 5058 4947 5059
f 4947 4755 4852
f 4755 4758 4756
f 4758 4648 4860
f 4761 4653 5072
f 5193 5192 5398
f 5398 5397 5556
f 5556 5399 5398
f 5398 5195 5194
f 5194 4883 5193
f 4901 5106 5213
f 5106 5422 5213
f 5422 5638 5428
f 5638 5723 5645
f 5723 5766 5730
f 5766 5800 5770
f 5800 5773 5770
f 5773 5802 5740
f 5802 5831 5775
f 5831 5856 5806
f 5856 5855 5805
f 5855 5854 5809
f 5854 5858 5835
f 5858 5857 5834
f 5857 5833 5808
f 5833 5803 5807
f 5803 5774 5777
f 5774 5739 5741
f 5739 5699 5701
f 5699 5658 5660
f 5658 5592 5596
f 5592 5530 5540
f 5530 5531 5449
f 5531 5532 5449
f 5532 5533 5450
f 5533 5529 5451
f 5529 5439 5522
f 5522 5322 5436
f 5436 5219 5318
f 5318 5004 5216
f 5216 4903 5213
f 4865 4962 4764
f 4764 4964 4766
f 4766 4966 4768
f 4768 4870 4666
f 4870 4969 4770
f 4969 5082 4772
f 5082 5182 4871
f 5182 5281 5282
f 5282 5378 5381
f 5381 5377 5379
f 5379 5278 5280
f 5280 5177 5179
f 4960 5170 5168
f 5170 5171 5273
f 5171 5375 5374
f 5374 5372 5371
f 5371 5266 5168
f 5168 5074 4960
f 5179 4967 4968
f 4968 4665 4769
f 4769 4328 4437
f 4437 4141 4236
f 4236 4034 4144
f 4144 4035 4238
f 4035 4033 4143
f 4033 4032 4142
f 4032 4140 4235
f 4140 4327 4435
f 4327 4030 4233
f 4233 3922 4137
f 2352 2094 1974
f 2094 1916 1918
f 1916 1767 1769
f 1767 1543 1597
f 1543 1340 1437
f 1340 1165 1232
f 1165 1052 1002
f 1052 1001 888
f 1001 961 848
f 961 962 800
f 962 1111 963
f 1111 1284 1166
f 1284 1544 1438
f 1544 1768 1659
f 1768 1973 1875
f 1973 2247 1917
f 2247 2352 1974
f 4137 4547 4233
f 4547 4434 4662
f 4662 4865 4764
f 4758 4652 4646
f 4646 4428 4427
f 4428 4128 4427
f 4128 4127 4427
f 4427 4426 4643
f 4426 4425 4642
f 4425 4317 4535
f 4317 4533 4535
f 4533 4315 4531
f 4531 4639 4640
f 4639 4745 4848
f 4745 4847 4945
f 4847 4942 4945
f 4945 5056 5057
f 5057 5058 5059
f 5059 4947 4852
f 4852 4755 4756
f 4756 4758 4646
f 5193 5398 5194
f 5213 5422 5428
f 5428 5638 5645
f 5645 5723 5730
f 5730 5766 5770
f 5770 5773 5738
f 5773 5740 5700
f 5740 5802 5775
f 5775 5831 5806
f 5806 5856 5805
f 5805 5855 5809
f 5809 5854 5835
f 5835 5858 5834
f 5834 5857 5808
f 5808 5833 5807
f 5807 5803 5777
f 5777 5774 5741
f 5741 5739 5701
f 5701 5699 5660
f 5660 5658 5596
f 5596 5592 5539
f 5592 5540 5539
f 5540 5530 5452
f 5530 5449 5452
f 5449 5532 5450
f 5450 5533 5451
f 5451 5529 5538
f 5529 5522 5591
f 5522 5436 5586
f 5436 5318 5581
f 5318 5216 5516
f 5216 5213 5428
f 4764 4766 4549
f 4766 4768 4550
f 4768 4666 4552
f 4666 4870 4770
f 4770 4969 4772
f 4772 5082 4871
f 4871 5182 4973
f 5182 5282 5183
f 5282 5381 5386
f 5381 5379 5384
f 5379 5280 5382
f 5280 5179 5380
f 5168 5170 5273
f 5273 5171 5374
f 5374 5371 5273
f 5371 5168 5273
f 5179 4968 5180
f 4968 4769 4970
f 4769 4437 4771
f 4437 4236 4553
f 4236 4144 4331
f 4144 4238 4239
f 4238 4035 4143
f 4143 4033 4142
f 4142 4032 4235
f 4235 4140 4435
f 4435 4327 4552
f 4327 4233 4550
f 1974 2094 1918
f 1918 1916 1769
f 1769 1767 1597
f 1597 1543 1437
f 1437 1340 1232
f 1232 1165 1002
f 1002 1052 888
f 888 1001 848
f 848 961 800
f 800 962 801
f 962 963 801
f 963 1111 1166
f 1166 1284 1438
f 1438 1544 1659
f 1659 1768 1875
f 1875 1973 1917
f 1917 2247 1974
f 4233 4547 4549
f 4547 4662 4549
f 4662 4764 4549
f 4646 4427 4643
f 4643 4426 4642
f 4642 4425 4535
f 4535 4533 4747
f 4533 4531 4640
f 4640 4639 4848
f 4848 4745 4945
f 4945 5057 4848
f 5057 5059 4851
f 5059 4852 4946
f 4852 4756 4853
f 4756 4646 4643
f 5428 5645 5516
f 5645 5730 5651
f 5730 5770 5735
f 5770 5738 5735
f 5738 5773 5700
f 5700 5740 5597
f 5740 5775 5661
f 5775 5806 5703
f 5806 5805 5742
f 5805 5809 5744
f 5809 5835 5744
f 5835 5834 5778
f 5834 5808 5743
f 5808 5807 5745
f 5807 5777 5705
f 5777 5741 5704
f 5741 5701 5598
f 5701 5660 5598
f 5660 5596 5544
f 5596 5539 5456
f 5539 5540 5456
f 5540 5452 5335
f 5452 5449 5229
f 5449 5450 5230
f 5450 5451 5231
f 5451 5538 5228
f 5538 5529 5591
f 5591 5522 5586
f 5586 5436 5581
f 5581 5318 5516
f 5516 5216 5428
f 4549 4766 4550
f 4550 4768 4552
f 4552 4666 4435
f 4666 4770 4436
f 4770 4772 4554
f 4772 4871 4667
f 4871 4973 4669
f 4973 5182 5183
f 5183 5282 5386
f 5386 5381 5384
f 5384 5379 5382
f 5382 5280 5380
f 5380 5179 5180
f 5180 4968 4970
f 4970 4769 4771
f 4771 4437 4553
f 4553 4236 4331
f 4331 4144 4239
f 4239 4238 4240
f 4238 4143 4332
f 4143 4142 4237
f 4142 4235 4329
f 4235 4435 4436
f 4552 4327 4550
f 4550 4233 4549
f 1974 1918 1876
f 1918 1769 1817
f 1769 1597 1658
f 1597 1437 1495
f 1437 1232 1341
f 1232 1002 1112
f 1002 888 849
f 888 848 757
f 848 800 703
f 800 801 638
f 801 963 850
f 963 1166 1054
f 1166 1438 1285
f 1438 1659 1546
f 1659 1875 1724
f 1875 1917 1818
f 1917 1974 1876
f 4643 4642 4853
f 4642 4535 4749
f 4535 4747 4749
f 4747 4533 4640
f 4640 4848 4851
f 4848 5057 4851
f 4851 5059 4946
f 4946 4852 4853
f 4853 4756 4643
f 5516 5645 5651
f 5651 5730 5735
f 5735 5738 5698
f 5738 5700 5659
f 5700 5597 5542
f 5597 5740 5661
f 5661 5775 5703
f 5703 5806 5742
f 5742 5805 5744
f 5744 5835 5778
f 5778 5834 5743
f 5743 5808 5745
f 5745 5807 5705
f 5705 5777 5704
f 5704 5741 5662
f 5741 5598 5662
f 5598 5660 5544
f 5544 5596 5456
f 5456 5540 5335
f 5335 5452 5229
f 5229 5449 5230
f 5230 5450 5231
f 5231 5451 5228
f 5228 5538 5333
f 5538 5591 5536
f 5591 5586 5657
f 5586 5581 5655
f 5581 5516 5651
f 4435 4666 4436
f 4436 4770 4554
f 4554 4772 4667
f 4667 4871 4669
f 4669 4973 4775
f 4973 5183 5085
f 5183 5386 5284
f 5386 5384 5483
f 5384 5382 5482
f 5382 5380 5385
f 5380 5180 5383
f 5180 4970 5181
f 4970 4771 4971
f 4771 4553 4773
f 4553 4331 4438
f 4331 4239 4333
f 4239 4240 4334
f 4240 4238 4332
f 4332 4143 4237
f 4237 4142 4329
f 4329 4235 4436
f 1876 1918 1817
f 1817 1769 1658
f 1658 1597 1495
f 1495 1437 1341
f 1341 1232 1112
f 1112 1002 849
f 849 888 757
f 757 848 703
f 703 800 638
f 638 801 640
f 801 850 640
f 850 963 1054
f 1054 1166 1285
f 1285 1438 1546
f 1546 1659 1724
f 1724 1875 1818
f 1818 1917 1876
f 4853 4642 4749
f 4749 4747 4946
f 4747 4640 4851
f 4851 4946 4747
f 4946 4853 4749
f 5651 5735 5655
f 5735 5698 5655
f 5698 5738 5659
f 5659 5700 5542
f 5542 5597 5337
f 5597 5661 5458
f 5661 5703 5545
f 5703 5742 5545
f 5742 5744 5599
f 5744 5778 5663
f 5778 5743 5665
f 5743 5745 5664
f 5745 5705 5602
f 5705 5704 5601
f 5704 5662 5547
f 5662 5598 5546
f 5598 5544 5339
f 5544 5456 5339
f 5456 5335 5128
f 5335 5229 5128
f 5229 5230 5021
f 5230 5231 5019
f 5231 5228 5019
f 5228 5333 5020
f 5333 5538 5536
f 5536 5591 5657
f 5657 5586 5655
f 5655 5581 5651
f 4436 4554 4329
f 4554 4667 4330
f 4667 4669 4439
f 4669 4775 4441
f 4775 4973 5085
f 5085 5183 5284
f 5284 5386 5483
f 5483 5384 5482
f 5482 5382 5385
f 5385 5380 5383
f 5383 5180 5181
f 5181 4970 4971
f 4971 4771 4773
f 4773 4553 4438
f 4438 4331 4333
f 4333 4239 4334
f 4334 4240 4337
f 4240 4332 4335
f 4332 4237 4330
f 4237 4329 4330
f 1876 1817 1770
f 1817 1658 1725
f 1658 1495 1545
f 1495 1341 1381
f 1341 1112 1233
f 1112 849 964
f 849 757 639
f 757 703 536
f 703 638 483
f 638 640 484
f 640 850 704
f 850 1054 889
f 1054 1285 1167
f 1285 1546 1440
f 1546 1724 1598
f 1724 1818 1726
f 1818 1876 1770
f 5655 5698 5657
f 5698 5659 5594
f 5659 5542 5454
f 5542 5337 5232
f 5337 5597 5458
f 5458 5661 5545
f 5545 5742 5599
f 5599 5744 5663
f 5663 5778 5665
f 5665 5743 5664
f 5664 5745 5602
f 5602 5705 5601
f 5601 5704 5547
f 5547 5662 5546
f 5546 5598 5460
f 5598 5339 5460
f 5339 5456 5234
f 5456 5128 5234
f 5128 5229 5021
f 5021 5230 5018
f 5230 5019 5018
f 5019 5228 5020
f 5020 5333 5017
f 5333 5536 5334
f 5536 5657 5594
f 4329 4554 4330
f 4330 4667 4439
f 4439 4669 4441
f 4441 4775 4555
f 4775 5085 4874
f 5085 5284 5186
f 5284 5483 5389
f 5483 5482 5486
f 5482 5385 5484
f 5385 5383 5387
f 5383 5181 5283
f 5181 4971 5083
f 4971 4773 4972
f 4773 4438 4668
f 4438 4333 4440
f 4333 4334 4336
f 4334 4337 4338
f 4337 4240 4335
f 4335 4332 4439
f 4332 4330 4439
f 1770 1817 1725
f 1725 1658 1545
f 1545 1495 1381
f 1381 1341 1233
f 1233 1112 964
f 964 849 639
f 639 757 536
f 536 703 483
f 483 638 484
f 484 640 485
f 640 704 485
f 704 850 889
f 889 1054 1167
f 1167 1285 1440
f 1440 1546 1598
f 1598 1724 1726
f 1726 1818 1770
f 5657 5698 5594
f 5594 5659 5454
f 5454 5542 5232
f 5232 5337 5022
f 5337 5458 5022
f 5458 5545 5129
f 5545 5599 5235
f 5599 5663 5342
f 5663 5665 5463
f 5665 5664 5463
f 5664 5602 5465
f 5602 5601 5343
f 5601 5547 5343
f 5547 5546 5237
f 5546 5460 5237
f 5460 5339 5131
f 5339 5234 5025
f 5234 5128 4921
f 5128 5021 4823
f 5021 5018 4820
f 5018 5019 4821
f 5019 5020 4822
f 5020 5017 4817
f 5017 5333 5334
f 5334 5536 5594
f 4439 4441 4335
f 4441 4555 4443
f 4555 4775 4874
f 4874 5085 5186
f 5186 5284 5389
f 5389 5483 5486
f 5486 5482 5484
f 5484 5385 5387
f 5387 5383 5283
f 5283 5181 5083
f 5083 4971 4972
f 4972 4773 4668
f 4668 4438 4440
f 4440 4333 4336
f 4336 4334 4338
f 4338 4337 4340
f 4337 4335 4443
f 1770 1725 1660
f 1725 1545 1599
f 1545 1381 1439
f 1381 1233 1286
f 1233 964 1055
f 964 639 758
f 639 536 396
f 536 483 349
f 483 484 303
f 484 485 304
f 485 704 538
f 704 889 759
f 889 1167 1003
f 1167 1440 1288
f 1440 1598 1496
f 1598 1726 1600
f 1726 1770 1660
f 5594 5454 5334
f 5454 5232 5127
f 5232 5022 4919
f 5022 5458 5129
f 5129 5545 5235
f 5235 5599 5342
f 5342 5663 5464
f 5663 5463 5464
f 5463 5664 5465
f 5465 5602 5343
f 5343 5547 5237
f 5237 5460 5131
f 5131 5339 5130
f 5339 5025 5130
f 5025 5234 4921
f 4921 5128 4823
f 4823 5021 4820
f 4820 5018 4821
f 4821 5019 4822
f 4822 5020 4817
f 4817 5017 4818
f 5017 5334 5127
f 4335 4441 4443
f 4443 4555 4557
f 4555 4874 4672
f 4874 5186 4976
f 5186 5389 5286
f 5389 5486 5392
f 5486 5484 5487
f 5484 5387 5485
f 5387 5283 5388
f 5283 5083 5184
f 5083 4972 5084
f 4972 4668 4872
f 4668 4440 4670
f 4440 4336 4442
f 4336 4338 4339
f 4338 4340 4341
f 4340 4337 4443
f 1660 1725 1599
f 1599 1545 1439
f 1439 1381 1286
f 1286 1233 1055
f 1055 964 758
f 758 639 396
f 396 536 349
f 349 483 303
f 303 484 304
f 304 485 306
f 485 538 306
f 538 704 759
f 759 889 1003
f 1003 1167 1288
f 1288 1440 1496
f 1496 1598 1600
f 1600 1726 1660
f 5334 5454 5127
f 5127 5232 4919
f 4919 5022 4613
f 5022 5129 4730
f 5129 5235 4824
f 5235 5342 4922
f 5342 5464 4922
f 5464 5463 5027
f 5463 5465 5026
f 5465 5343 5028
f 5343 5237 4923
f 5237 5131 4828
f 5131 5130 4827
f 5130 5025 4731
f 5025 4921 4731
f 4921 4823 4614
f 4823 4820 4614
f 4820 4821 4511
f 4821 4822 4511
f 4822 4817 4508
f 4817 4818 4509
f 4818 5017 5127
f 4443 4557 4340
f 4557 4555 4672
f 4672 4874 4976
f 4976 5186 5286
f 5286 5389 5392
f 5392 5486 5487
f 5487 5484 5485
f 5485 5387 5388
f 5388 5283 5184
f 5184 5083 5084
f 5084 4972 4872
f 4872 4668 4670
f 4670 4440 4442
f 4442 4336 4339
f 4339 4338 4341
f 4341 4340 4445
f 1660 1599 1547
f 1599 1439 1441
f 1439 1286 1287
f 1286 1055 1113
f 1055 758 851
f 758 396 537
f 396 349 238
f 349 303 205
f 303 304 206
f 304 306 181
f 306 538 350
f 538 759 586
f 759 1003 852
f 1003 1288 1114
f 1288 1496 1382
f 1496 1600 1442
f 1600 1660 1547
f 5127 4919 4818
f 4919 4613 4509
f 4613 5022 4730
f 4730 5129 4824
f 4824 5235 4922
f 4922 5464 5027
f 5027 5463 5026
f 5026 5465 5028
f 5028 5343 4923
f 4923 5237 4828
f 4828 5131 4827
f 4827 5130 4731
f 4731 4921 4614
f 4614 4820 4511
f 4511 4822 4508
f 4508 4817 4509
f 4509 4818 4919
f 4340 4557 4445
f 4557 4672 4558
f 4672 4976 4777
f 4976 5286 5088
f 5286 5392 5288
f 5392 5487 5393
f 5487 5485 5488
f 5485 5388 5390
f 5388 5184 5285
f 5184 5084 5185
f 5084 4872 4974
f 4872 4670 4774
f 4670 4442 4556
f 4442 4339 4444
f 4339 4341 4342
f 4341 4445 4343
f 1547 1599 1441
f 1441 1439 1287
f 1287 1286 1113
f 1113 1055 851
f 851 758 537
f 537 396 238
f 238 349 205
f 205 303 206
f 206 304 181
f 181 306 182
f 306 350 182
f 350 538 586
f 586 759 852
f 852 1003 1114
f 1114 1288 1382
f 1382 1496 1442
f 1442 1600 1547
f 4509 4613 4294
f 4613 4730 4294
f 4730 4824 4399
f 4824 4922 4510
f 4922 5027 4512
f 5027 5026 4615
f 5026 5028 4615
f 5028 4923 4617
f 4923 4828 4513
f 4828 4827 4513
f 4827 4731 4402
f 4731 4614 4401
f 4614 4511 4295
f 4511 4508 4194
f 4508 4509 4192
f 4445 4557 4558
f 4558 4672 4777
f 4777 4976 5088
f 5088 5286 5288
f 5288 5392 5393
f 5393 5487 5488
f 5488 5485 5390
f 5390 5388 5285
f 5285 5184 5185
f 5185 5084 4974
f 4974 4872 4774
f 4774 4670 4556
f 4556 4442 4444
f 4444 4339 4342
f 4342 4341 4343
f 4343 4445 4447
f 1547 1441 1443
f 1441 1287 1342
f 1287 1113 1168
f 1113 851 965
f 851 537 641
f 537 238 305
f 238 205 164
f 205 206 143
f 206 181 122
f 181 182 123
f 182 350 208
f 350 586 398
f 586 852 706
f 852 1114 967
f 1114 1382 1234
f 1382 1442 1343
f 1442 1547 1443
f 4509 4294 4192
f 4294 4730 4399
f 4399 4824 4510
f 4510 4922 4512
f 4512 5027 4615
f 4615 5028 4616
f 5028 4617 4616
f 4617 4923 4513
f 4513 4827 4402
f 4402 4731 4401
f 4401 4614 4295
f 4295 4511 4198
f 4511 4194 4198
f 4194 4508 4192
f 4445 4558 4447
f 4558 4777 4674
f 4777 5088 4779
f 5088 5288 5090
f 5288 5393 5290
f 5393 5488 5394
f 5488 5390 5489
f 5390 5285 5391
f 5285 5185 5187
f 5185 4974 4975
f 4974 4774 4873
f 4774 4556 4671
f 4556 4444 4446
f 4444 4342 4344
f 4342 4343 4345
f 4343 4447 4449
f 1443 1441 1342
f 1342 1287 1168
f 1168 1113 965
f 965 851 641
f 641 537 305
f 305 238 164
f 164 205 143
f 143 206 122
f 122 181 123
f 123 182 125
f 182 208 125
f 208 350 398
f 398 586 706
f 706 852 967
f 967 1114 1234
f 1234 1382 1343
f 1343 1442 1443
f 4192 4294 4090
f 4294 4399 4090
f 4399 4510 4191
f 4510 4512 4191
f 4512 4615 4193
f 4615 4616 4196
f 4616 4617 4195
f 4617 4513 4195
f 4513 4402 4094
f 4402 4401 4094
f 4401 4295 4093
f 4295 4198 3988
f 4198 4194 3987
f 4194 4192 3987
f 4447 4558 4674
f 4674 4777 4779
f 4779 5088 5090
f 5090 5288 5290
f 5290 5393 5394
f 5394 5488 5489
f 5489 5390 5391
f 5391 5285 5187
f 5187 5185 4975
f 4975 4974 4873
f 4873 4774 4671
f 4671 4556 4446
f 4446 4444 4344
f 4344 4342 4345
f 4345 4343 4449
f 4449 4447 4561
f 1443 1342 1289
f 1342 1168 1169
f 1168 965 966
f 965 641 705
f 641 305 397
f 305 164 207
f 164 143 85
f 143 122 71
f 122 123 61
f 123 125 62
f 125 208 145
f 208 398 264
f 398 706 487
f 706 967 762
f 967 1234 1056
f 1234 1343 1170
f 1343 1443 1289
f 4192 4090 3987
f 4090 4399 4191
f 4191 4512 4193
f 4193 4615 4196
f 4196 4616 4195
f 4195 4513 4094
f 4094 4401 4093
f 4093 4295 3988
f 3988 4198 3987
f 4447 4674 4561
f 4674 4779 4679
f 4779 5090 4877
f 5090 5290 5190
f 5290 5394 5292
f 5394 5489 5396
f 5489 5391 5395
f 5391 5187 5287
f 5187 4975 5086
f 4975 4873 4875
f 4873 4671 4776
f 4671 4446 4559
f 4446 4344 4448
f 4344 4345 4346
f 4345 4449 4348
f 4449 4561 4455
f 1289 1342 1169
f 1169 1168 966
f 966 965 705
f 705 641 397
f 397 305 207
f 207 164 85
f 85 143 71
f 71 122 61
f 61 123 62
f 62 125 72
f 125 145 72
f 145 208 264
f 264 398 487
f 487 706 762
f 762 967 1056
f 1056 1234 1170
f 1170 1343 1289
f 3987 4090 3856
f 4090 4191 3984
f 4191 4193 3984
f 4193 4196 3985
f 4196 4195 3985
f 4195 4094 3986
f 4094 4093 3859
f 4093 3988 3859
f 3988 3987 3859
f 4561 4674 4679
f 4679 4779 4877
f 4877 5090 5190
f 5190 5290 5292
f 5292 5394 5396
f 5396 5489 5395
f 5395 5391 5287
f 5287 5187 5086
f 5086 4975 4875
f 4875 4873 4776
f 4776 4671 4559
f 4559 4446 4448
f 4448 4344 4346
f 4346 4345 4348
f 4348 4449 4455
f 4455 4561 4566
f 1289 1169 1115
f 1169 966 1004
f 966 705 760
f 705 397 486
f 397 207 263
f 207 85 124
f 85 71 50
f 71 61 45
f 61 62 40
f 62 72 42
f 72 145 88
f 145 264 185
f 264 487 353
f 487 762 587
f 762 1056 890
f 1056 1170 1005
f 1170 1289 1115
f 3987 3856 3858
f 3856 4090 3983
f 4090 3984 3983
f 3984 4193 3985
f 3985 4195 3986
f 3986 4094 3860
f 4094 3859 3860
f 3859 3987 3858
f 4561 4679 4566
f 4679 4877 4783
f 4877 5190 4880
f 5190 5292 5191
f 5292 5396 5293
f 5396 5395 5291
f 5395 5287 5289
f 5287 5086 5087
f 5086 4875 4977
f 4875 4776 4778
f 4776 4559 4673
f 4559 4448 4560
f 4448 4346 4450
f 4346 4348 4458
f 4348 4455 4460
f 4455 4566 4567
f 1115 1169 1004
f 1004 966 760
f 760 705 486
f 486 397 263
f 263 207 124
f 124 85 50
f 50 71 45
f 45 61 40
f 40 62 42
f 42 72 47
f 72 88 47
f 88 145 185
f 185 264 353
f 353 487 587
f 587 762 890
f 890 1056 1005
f 1005 1170 1115
f 3858 3856 3744
f 3856 3983 3744
f 3983 3984 3744
f 3984 3985 3744
f 3985 3986 3744
f 3986 3860 3744
f 3860 3859 3744
f 3859 3858 3744
f 4566 4679 4783
f 4783 4877 4880
f 4880 5190 5191
f 5191 5292 5293
f 5293 5396 5291
f 5291 5395 5289
f 5289 5287 5087
f 5087 5086 4977
f 4977 4875 4778
f 4778 4776 4673
f 4673 4559 4560
f 4560 4448 4450
f 4450 4346 4458
f 4458 4348 4460
f 4460 4455 4567
f 4567 4566 4682
f 1115 1004 968
f 1004 760 761
f 760 486 539
f 486 263 307
f 263 124 144
f 124 50 60
f 50 45 35
f 45 40 31
f 40 42 31
f 42 47 33
f 47 88 54
f 88 185 127
f 185 353 239
f 353 587 399
f 587 890 708
f 890 1005 853
f 1005 1115 968
f 4566 4783 4682
f 4783 4880 4786
f 4880 5191 4982
f 5191 5293 5092
f 5293 5291 5189
f 5291 5289 5188
f 5289 5087 5089
f 5087 4977 4978
f 4977 4778 4780
f 4778 4673 4675
f 4673 4560 4562
f 4560 4450 4454
f 4450 4458 4353
f 4458 4460 4358
f 4460 4567 4463
f 4567 4682 4571
f 968 1004 761
f 761 760 539
f 539 486 307
f 307 263 144
f 144 124 60
f 60 50 35
f 35 45 31
f 31 42 33
f 33 47 34
f 47 54 34
f 54 88 127
f 127 185 239
f 239 353 399
f 399 587 708
f 708 890 853
f 853 1005 968
f 4682 4783 4786
f 4786 4880 4982
f 4982 5191 5092
f 5092 5293 5189
f 5189 5291 5188
f 5188 5289 5089
f 5089 5087 4978
f 4978 4977 4780
f 4780 4778 4675
f 4675 4673 4562
f 4562 4560 4454
f 4454 4450 4353
f 4353 4458 4358
f 4358 4460 4463
f 4463 4567 4571
f 4571 4682 4684
f 968 761 707
f 761 539 540
f 539 307 351
f 307 144 183
f 144 60 86
f 60 35 39
f 35 31 23
f 31 33 18
f 33 34 20
f 34 54 43
f 54 127 74
f 127 239 147
f 239 399 266
f 399 708 489
f 708 853 642
f 853 968 707
f 4682 4786 4684
f 4786 4982 4787
f 4982 5092 4981
f 5092 5189 4980
f 5189 5188 5091
f 5188 5089 4979
f 5089 4978 4876
f 4978 4780 4781
f 4780 4675 4677
f 4675 4562 4565
f 4562 4454 4457
f 4454 4353 4355
f 4353 4358 4357
f 4358 4463 4361
f 4463 4571 4465
f 4571 4684 4570
f 707 761 540
f 540 539 351
f 351 307 183
f 183 144 86
f 86 60 39
f 39 35 23
f 23 31 17
f 31 18 17
f 18 33 20
f 20 34 25
f 34 43 25
f 43 54 74
f 74 127 147
f 147 239 266
f 266 399 489
f 489 708 642
f 642 853 707
f 4684 4786 4787
f 4787 4982 4981
f 4981 5092 4980
f 4980 5189 5091
f 5091 5188 4979
f 4979 5089 4876
f 4876 4978 4781
f 4781 4780 4677
f 4677 4675 4565
f 4565 4562 4457
f 4457 4454 4355
f 4355 4353 4357
f 4357 4358 4361
f 4361 4463 4465
f 4465 4571 4570
f 4570 4684 4685
f 707 540 488
f 540 351 352
f 351 183 209
f 183 86 106
f 86 39 44
f 39 23 27
f 23 17 8
f 17 18 9
f 18 20 5
f 20 25 6
f 25 43 29
f 43 74 53
f 74 147 87
f 147 266 184
f 266 489 354
f 489 642 442
f 642 707 488
f 4684 4787 4685
f 4787 4981 4785
f 4981 4980 4881
f 4980 5091 4879
f 5091 4979 4878
f 4979 4876 4782
f 4876 4781 4676
f 4781 4677 4564
f 4677 4565 4453
f 4565 4457 4352
f 4457 4355 4354
f 4355 4357 4250
f 4357 4361 4360
f 4361 4465 4360
f 4465 4570 4464
f 4570 4685 4569
f 488 540 352
f 352 351 209
f 209 183 106
f 106 86 44
f 44 39 27
f 27 23 8
f 8 17 9
f 9 18 5
f 5 20 6
f 6 25 11
f 25 29 11
f 29 43 53
f 53 74 87
f 87 147 184
f 184 266 354
f 354 489 442
f 442 642 488
f 4685 4787 4785
f 4785 4981 4881
f 4881 4980 4879
f 4879 5091 4878
f 4878 4979 4782
f 4782 4876 4676
f 4676 4781 4564
f 4564 4677 4453
f 4453 4565 4352
f 4352 4457 4354
f 4354 4355 4250
f 4250 4357 4360
f 4360 4465 4464
f 4464 4570 4569
f 4569 4685 4683
f 488 352 308
f 352 209 165
f 209 106 107
f 106 44 51
f 44 27 30
f 27 8 15
f 8 9 1
f 9 5 1
f 5 6 2
f 6 11 3
f 11 29 19
f 29 53 38
f 53 87 63
f 87 184 126
f 184 354 210
f 354 442 265
f 442 488 308
f 4685 4785 4683
f 4785 4881 4683
f 4881 4879 4784
f 4879 4878 4680
f 4878 4782 4678
f 4782 4676 4563
f 4676 4564 4452
f 4564 4453 4350
f 4453 4352 4350
f 4352 4354 4246
f 4354 4250 4247
f 4250 4360 4249
f 4360 4464 4251
f 4464 4569 4359
f 4569 4683 4462
f 308 352 165
f 165 209 107
f 107 106 51
f 51 44 30
f 30 27 15
f 15 8 1
f 1 5 2
f 2 6 3
f 3 11 4
f 11 19 4
f 19 29 38
f 38 53 63
f 63 87 126
f 126 184 210
f 210 354 265
f 265 442 308
f 4683 4881 4784
f 4784 4879 4680
f 4680 4878 4678
f 4678 4782 4563
f 4563 4676 4452
f 4452 4564 4350
f 4350 4352 4246
f 4246 4354 4247
f 4247 4250 4249
f 4249 4360 4251
f 4251 4464 4359
f 4359 4569 4462
f 4462 4683 4568
f 308 165 265
f 165 107 73
f 107 51 52
f 51 30 36
f 30 15 22
f 15 1 7
f 1 2 12
f 2 3 12
f 3 4 12
f 4 19 10
f 19 38 24
f 38 63 41
f 63 126 64
f 126 210 146
f 210 265 146
f 4683 4784 4568
f 4784 4680 4681
f 4680 4678 4456
f 4678 4563 4451
f 4563 4452 4347
f 4452 4350 4243
f 4350 4246 4149
f 4246 4247 4150
f 4247 4249 4044
f 4249 4251 4152
f 4251 4359 4153
f 4359 4462 4248
f 4462 4568 4356
f 265 165 146
f 165 73 146
f 73 107 52
f 52 51 36
f 36 30 22
f 22 15 7
f 7 1 12
f 12 4 10
f 10 19 24
f 24 38 41
f 41 63 64
f 64 126 146
f 4568 4784 4681
f 4681 4680 4456
f 4456 4678 4451
f 4451 4563 4347
f 4347 4452 4243
f 4243 4350 4244
f 4350 4149 4244
f 4149 4246 4150
f 4150 4247 4044
f 4044 4249 4152
f 4152 4251 4153
f 4153 4359 4248
f 4248 4462 4356
f 4356 4568 4461
f 146 73 64
f 73 52 46
f 52 36 37
f 36 22 26
f 22 7 13
f 7 12 13
f 12 10 16
f 10 24 16
f 24 41 28
f 41 64 46
f 4568 4681 4461
f 4681 4456 4459
f 4456 4451 4349
f 4451 4347 4242
f 4347 4243 4242
f 4243 4244 4147
f 4244 4149 4041
f 4149 4150 4041
f 4150 4044 3933
f 4044 4152 3934
f 4152 4153 4043
f 4153 4248 4043
f 4248 4356 4151
f 4356 4461 4245
f 64 73 46
f 46 52 37
f 37 36 26
f 26 22 13
f 13 12 21
f 12 16 14
f 16 24 28
f 28 41 32
f 41 46 32
f 4461 4681 4459
f 4459 4456 4349
f 4349 4451 4242
f 4242 4243 4147
f 4147 4244 4041
f 4041 4150 3933
f 3933 4044 3934
f 3934 4152 4043
f 4043 4248 4151
f 4151 4356 4245
f 4245 4461 4459
f 46 37 32
f 37 26 32
f 26 13 21
f 21 12 14
f 14 16 26
f 16 28 26
f 28 32 26
f 4459 4349 4351
f 4349 4242 4241
f 4242 4147 4146
f 4147 4041 4040
f 4041 3933 3930
f 3933 3934 3794
f 3934 4043 3794
f 4043 4151 3932
f 4151 4245 4042
f 4245 4459 4351
f 26 21 14
f 4351 4349 4241
f 4241 4242 4146
f 4146 4147 4040
f 4040 4041 3930
f 3930 3933 3794
f 3794 4043 3932
f 3932 4151 4042
f 4042 4245 4148
f 4245 4351 4148
f 4351 4241 4148
f 4241 4146 4037
f 4146 4040 4036
f 4040 3930 3929
f 3930 3794 3792
f 3794 3932 3704
f 3932 4042 3793
f 4042 4148 3931
f 4148 4241 4039
f 4241 4037 4145
f 4037 4146 4038
f 4146 4036 4038
f 4036 4040 3929
f 3929 3930 3792
f 3792 3794 3704
f 3704 3932 3793
f 3793 4042 3931
f 3931 4148 4039
f 4039 4241 4145
f 4145 4037 3928
f 4037 4038 3928
f 4038 4036 3788
f 4036 3929 3789
f 3929 3792 3702
f 3792 3704 3702
f 3704 3793 3616
f 3793 3931 3703
f 3931 4039 3791
f 4039 4145 3790
f 4145 3928 3790
f 3928 4038 3788
f 3788 4036 3789
f 3789 3929 3702
f 3702 3704 3615
f 3704 3616 3615
f 3616 3793 3703
f 3703 3931 3791
f 3791 4039 3790
f 3790 3928 3610
f 3928 3788 3700
f 3788 3789 3701
f 3789 3702 3611
f 3702 3615 3540
f 3615 3616 3542
f 3616 3703 3541
f 3703 3791 3614
f 3791 3790 3612
f 3790 3610 3612
f 3610 3928 3699
f 3928 3700 3699
f 3700 3788 3701
f 3701 3789 3611
f 3611 3702 3613
f 3702 3540 3613
f 3540 3615 3542
f 3542 3616 3541
f 3541 3703 3614
f 3614 3791 3612
f 3612 3610 3451
f 3610 3699 3451
f 3699 3700 3451
f 3700 3701 3451
f 3701 3611 3451
f 3611 3613 3451
f 3613 3540 3451
f 3540 3542 3451
f 3542 3541 3451
f 3541 3614 3451
f 3614 3612 3451

