# https://github.com/mikedh/trimesh
v -0.40039062 -0.12695312 -0.08398438
v -0.40039062 -0.11523438 -0.04882812
v -0.39648438 -0.15820312 -0.03320312
v -0.39648438 -0.11132812 -0.02929688
v -0.39257812 -0.16210938 -0.05664062
v -0.39257812 -0.14648438 -0.01757812
v -0.39257812 -0.11132812 -0.02929688
v -0.39257812 -0.09179688 -0.08398438
v -0.38867188 -0.22070312 -0.03320312
v -0.38867188 -0.13867188 -0.11132812
v -0.38867188 -0.09179688 -0.08398438
v -0.38867188 -0.09179688 -0.04492188
v -0.38476562 -0.22851562 -0.01757812
v -0.38476562 -0.22460938 -0.03710938
v -0.38476562 -0.22070312 -0.01757812
v -0.38476562 -0.21679688 -0.01757812
v -0.38476562 -0.16601562 -0.07617188
v -0.38476562 -0.06445312 -0.05664062
v -0.38085938 -0.21289062 0.00195312
v -0.38085938 -0.20898438 -0.04882812
v -0.38085938 -0.13476562 -0.11523438
v -0.38085938 -0.10351562 -0.00585938
v -0.38085938 -0.08007812 -0.02148438
v -0.38085938 -0.05273438 -0.11132812
v -0.37695312 -0.23632812 -0.03710938
v -0.37695312 -0.23632812 -0.01367188
v -0.37695312 -0.23632812 0.00585938
v -0.37695312 -0.22070312 0.00585938
v -0.37695312 -0.21289062 0.00195312
v -0.37695312 -0.13867188 0.00585938
v -0.37695312 -0.10351562 -0.00976562
v -0.37695312 -0.05273438 -0.03710938
v -0.37695312 -0.02929688 -0.11914062
v -0.37304688 -0.14648438 -0.13085938
v -0.37304688 -0.11914062 -0.11523438
v -0.37304688 -0.06445312 -0.13476562
v -0.37304688 -0.04882812 -0.10742188
v -0.37304688 -0.04101562 -0.07617188
v -0.36914062 -0.26367188 -0.01757812
v -0.36914062 -0.24414062 -0.03710938
v -0.36914062 -0.11523438 -0.11132812
v -0.36914062 -0.02929688 -0.06445312
v -0.36914062 0.00195312 -0.11914062
v -0.36523438 -0.25976562 0.00195312
v -0.36523438 -0.22851562 0.02148438
v -0.36523438 -0.20117188 0.02539062
v -0.36523438 -0.09960938 0.00585938
v -0.36523438 -0.04101562 -0.14648438
v -0.36132812 -0.28710938 -0.01757812
v -0.36132812 -0.28710938 0.00195312
v -0.36132812 -0.24023438 0.02148438
v -0.36132812 -0.21289062 0.02539062
v -0.36132812 -0.20898438 -0.06054688
v -0.36132812 -0.20507812 0.02539062
v -0.36132812 -0.07617188 -0.00585938
v -0.36132812 -0.00976562 -0.10351562
v -0.35742188 -0.27148438 -0.03710938
v -0.35742188 -0.24023438 -0.04882812
v -0.35742188 -0.23632812 -0.04882812
v -0.35742188 -0.13085938 0.01757812
v -0.35742188 -0.09570312 0.00585938
v -0.35742188 -0.06835938 -0.12695312
v -0.35742188 -0.04882812 -0.02539062
v -0.35742188 -0.02929688 -0.08007812
v -0.35742188 0.03710938 -0.11132812
v -0.35351562 -0.31054688 -0.00976562
v -0.35351562 -0.30664062 0.00976562
v -0.35351562 -0.28320312 0.01757812
v -0.35351562 -0.19726562 0.04101562
v -0.35351562 -0.16992188 -0.10351562
v -0.35351562 -0.03320312 -0.09960938
v -0.35351562 -0.02929688 -0.05273438
v -0.35351562 -0.01757812 -0.08789062
v -0.35351562 -0.00585938 -0.15039062
v -0.35351562 0.02148438 -0.08007812
v -0.34960938 -0.31835938 0.00195312
v -0.34960938 -0.29882812 -0.02539062
v -0.34960938 -0.26757812 0.03320312
v -0.34960938 -0.20117188 0.03710938
v -0.34960938 -0.08007812 -0.15820312
v -0.34960938 0.00195312 -0.07226562
v -0.34960938 0.05273438 -0.07617188
v -0.34570312 -0.31835938 0.01757812
v -0.34570312 -0.22460938 0.04101562
v -0.34570312 -0.20507812 0.03710938
v -0.34570312 -0.13476562 -0.13085938
v -0.34570312 -0.13085938 -0.12695312
v -0.34570312 -0.02539062 -0.06835938
v -0.34570312 0.07226562 -0.09179688
v -0.34179688 -0.31835938 -0.01367188
v -0.34179688 -0.09960938 -0.14257812
v -0.34179688 -0.00585938 -0.06445312
v -0.34179688 0.03320312 -0.05664062
v -0.33789062 -0.30273438 -0.02539062
v -0.33789062 -0.29492188 0.04101562
v -0.33789062 -0.28710938 -0.04101562
v -0.33789062 -0.24023438 -0.05273438
v -0.33789062 -0.23242188 -0.05273438
v -0.33789062 -0.21289062 -0.07226562
v -0.33789062 -0.15039062 -0.14257812
v -0.33789062 0.02539062 -0.14648438
v -0.33789062 0.05664062 -0.05273438
v -0.33789062 0.06445312 -0.11914062
v -0.33789062 0.07617188 -0.06054688
v -0.33398438 -0.32226562 0.00585938
v -0.33398438 -0.27148438 -0.04492188
v -0.33398438 -0.25585938 0.04882812
v -0.33398438 -0.05273438 -0.16992188
v -0.33398438 0.08398438 -0.04882812
v -0.33007812 -0.31835938 0.02148438
v -0.33007812 -0.31054688 -0.01367188
v -0.33007812 -0.30664062 0.04492188
v -0.33007812 -0.18945312 0.05273438
v -0.33007812 -0.18554688 0.05664062
v -0.33007812 -0.09179688 0.01757812
v -0.33007812 0.01367188 -0.04882812
v -0.33007812 0.05273438 -0.03320312
v -0.33007812 0.08007812 -0.03710938
v -0.33007812 0.11132812 -0.07226562
v -0.33007812 0.11523438 -0.05273438
v -0.32617188 -0.31835938 -0.00585938
v -0.32617188 -0.31445312 0.00976562
v -0.32617188 -0.21289062 0.05273438
v -0.32617188 -0.19726562 0.04492188
v -0.32617188 -0.12304688 0.02929688
v -0.32617188 -0.12304688 0.03320312
v -0.32617188 -0.06835938 0.00976562
v -0.32617188 -0.04492188 -0.00976562
v -0.32617188 -0.02929688 -0.04882812
v -0.32617188 0.08789062 -0.10351562
v -0.32617188 0.09570312 -0.06835938
v -0.32617188 0.09960938 -0.04101562
v -0.32617188 0.10351562 -0.08789062
v -0.32617188 0.10351562 -0.05664062
v -0.32617188 0.11523438 -0.03320312
v -0.32226562 -0.29882812 -0.02539062
v -0.32226562 0.02929688 -0.02929688
v -0.32226562 0.09179688 -0.02929688
v -0.32226562 0.12695312 -0.10351562
v -0.32226562 0.13867188 -0.08789062
v -0.32226562 0.14648438 -0.07226562
v -0.32226562 0.15429688 -0.05664062
v -0.31835938 -0.31054688 0.04101562
v -0.31835938 -0.29492188 -0.03710938
v -0.31835938 -0.28320312 0.06445312
v -0.31835938 -0.24804688 -0.04492188
v -0.31835938 -0.24414062 0.06445312
v -0.31835938 -0.00976562 -0.03320312
v -0.31835938 0.05273438 -0.14257812
v -0.31835938 0.06835938 -0.02148438
v -0.31835938 0.10742188 -0.01757812
v -0.31835938 0.11132812 -0.10742188
v -0.31835938 0.15429688 -0.04101562
v -0.31445312 -0.30664062 -0.01367188
v -0.31445312 -0.30664062 0.02929688
v -0.31445312 -0.29882812 0.06445312
v -0.31445312 -0.27929688 -0.04492188
v -0.31445312 -0.10742188 -0.15039062
v -0.31445312 -0.01757812 -0.17382812
v -0.31445312 0.08398438 -0.12304688
v -0.31445312 0.09960938 -0.11523438
v -0.31445312 0.15039062 -0.02539062
v -0.31054688 -0.22851562 -0.04492188
v -0.31054688 -0.13867188 -0.13476562
v -0.31054688 -0.08789062 -0.15039062
v -0.31054688 -0.03320312 -0.03320312
v -0.31054688 0.01367188 -0.01367188
v -0.31054688 0.05273438 -0.00976562
v -0.31054688 0.08007812 -0.02148438
v -0.31054688 0.09960938 -0.00976562
v -0.31054688 0.13085938 0.00195312
v -0.31054688 0.14257812 -0.00976562
v -0.30664062 -0.30664062 -0.00585938
v -0.30664062 -0.20898438 -0.06054688
v -0.30664062 -0.14257812 -0.13867188
v -0.30664062 -0.04882812 -0.00976562
v -0.30664062 0.09179688 -0.00585938
v -0.30273438 -0.30664062 0.05273438
v -0.30273438 -0.19726562 0.04492188
v -0.30273438 -0.18164062 -0.09960938
v -0.30273438 -0.02539062 -0.02539062
v -0.30273438 -0.00976562 -0.00976562
v -0.30273438 0.03320312 -0.00195312
v -0.30273438 0.07617188 -0.13476562
v -0.30273438 0.11914062 0.00976562
v -0.30273438 0.12695312 -0.13085938
v -0.30273438 0.14648438 -0.12304688
v -0.30273438 0.16601562 -0.10351562
v -0.30273438 0.17773438 -0.08398438
v -0.30273438 0.18554688 -0.06054688
v -0.30273438 0.18554688 -0.03710938
v -0.29882812 -0.31054688 -0.02929688
v -0.29882812 -0.30273438 0.00585938
v -0.29882812 -0.26757812 0.08398438
v -0.29882812 -0.25585938 -0.04101562
v -0.29882812 -0.23242188 -0.03320312
v -0.29882812 -0.22070312 -0.01757812
v -0.29882812 -0.18945312 0.04882812
v -0.29882812 -0.18945312 0.05273438
v -0.29882812 -0.06445312 0.00585938
v -0.29882812 -0.05664062 -0.15039062
v -0.29882812 0.01367188 -0.16992188
v -0.29882812 0.06445312 -0.00976562
v -0.29882812 0.08789062 0.00195312
v -0.29882812 0.10742188 0.00976562
v -0.29882812 0.17382812 -0.00195312
v -0.29882812 0.18164062 -0.01757812
v -0.29492188 -0.29882812 -0.03710938
v -0.29492188 -0.28710938 0.07617188
v -0.29492188 -0.22460938 -0.01367188
v -0.29492188 -0.12304688 0.02929688
v -0.29492188 -0.09179688 0.00976562
v -0.29492188 -0.03710938 -0.02929688
v -0.29492188 0.00976562 0.00976562
v -0.29492188 0.07617188 -0.13476562
v -0.29492188 0.09960938 0.01367188
v -0.29492188 0.10351562 -0.13476562
v -0.29492188 0.15820312 0.01367188
v -0.29101562 -0.31445312 -0.01757812
v -0.29101562 -0.31054688 0.03710938
v -0.29101562 -0.28320312 -0.03710938
v -0.29101562 -0.23632812 0.06835938
v -0.29101562 -0.20117188 -0.03320312
v -0.29101562 0.04492188 0.00585938
v -0.29101562 0.07226562 -0.00585938
v -0.29101562 0.08398438 0.00585938
v -0.29101562 0.14257812 0.02539062
v -0.28710938 -0.29882812 0.06445312
v -0.28710938 -0.21289062 0.04882812
v -0.28710938 -0.20898438 0.00195312
v -0.28710938 -0.20507812 0.01367188
v -0.28710938 -0.20117188 0.02929688
v -0.28710938 -0.18554688 -0.08007812
v -0.28710938 0.04101562 -0.16210938
v -0.28710938 0.09570312 0.01367188
v -0.28710938 0.12695312 0.02929688
v -0.28320312 -0.31054688 -0.02929688
v -0.28320312 -0.31054688 -0.00195312
v -0.28320312 -0.30664062 0.01757812
v -0.28320312 -0.20117188 0.01367188
v -0.28320312 -0.05273438 -0.01367188
v -0.28320312 -0.02929688 -0.15820312
v -0.28320312 -0.02539062 -0.00976562
v -0.28320312 0.11132812 0.02929688
v -0.27929688 -0.29492188 -0.02929688
v -0.27929688 -0.24023438 -0.02539062
v -0.27929688 -0.20898438 0.00585938
v -0.27929688 -0.20117188 0.02929688
v -0.27929688 -0.19726562 -0.00195312
v -0.27929688 -0.19335938 -0.04492188
v -0.27929688 -0.19335938 0.02539062
v -0.27929688 -0.14648438 -0.11132812
v -0.27929688 -0.11132812 -0.13085938
v -0.27929688 0.02148438 0.00976562
v -0.27929688 0.05664062 0.00585938
v -0.27929688 0.07617188 0.00195312
v -0.27929688 0.09179688 0.01757812
v -0.27929688 0.10351562 0.03320312
v -0.27929688 0.16601562 -0.13867188
v -0.27929688 0.18945312 -0.11914062
v -0.27929688 0.20507812 -0.09179688
v -0.27929688 0.20898438 -0.00976562
v -0.27929688 0.21289062 -0.06054688
v -0.27929688 0.21679688 -0.03710938
v -0.27539062 -0.30273438 -0.01367188
v -0.27539062 -0.30273438 0.04882812
v -0.27539062 -0.29492188 0.00976562
v -0.27539062 -0.26367188 -0.02929688
v -0.27539062 -0.22851562 -0.00585938
v -0.27539062 -0.18945312 -0.04882812
v -0.27539062 -0.18945312 0.02929688
v -0.27539062 -0.08789062 -0.12304688
v -0.27539062 -0.04101562 -0.04101562
v -0.27539062 -0.03320312 -0.02148438
v -0.27539062 -0.00585938 0.00585938
v -0.27539062 0.06445312 -0.15429688
v -0.27539062 0.08398438 0.01367188
v -0.27539062 0.08789062 0.02148438
v -0.27539062 0.09570312 0.02929688
v -0.27539062 0.11523438 0.04101562
v -0.27539062 0.13476562 -0.14648438
v -0.27539062 0.19726562 0.00976562
v -0.27148438 -0.28710938 0.00195312
v -0.27148438 -0.27929688 -0.01757812
v -0.27148438 -0.27539062 0.08007812
v -0.27148438 -0.20507812 0.01367188
v -0.27148438 -0.19335938 -0.00976562
v -0.27148438 -0.14648438 -0.11132812
v -0.27148438 -0.09570312 -0.01367188
v -0.27148438 -0.06835938 -0.01367188
v -0.27148438 -0.06054688 -0.12304688
v -0.27148438 -0.03320312 -0.11914062
v -0.27148438 0.03710938 0.00976562
v -0.27148438 0.06835938 0.00585938
v -0.27148438 0.09179688 0.02929688
v -0.27148438 0.13867188 0.04101562
v -0.27148438 0.15820312 0.03710938
v -0.27148438 0.17773438 0.02539062
v -0.26757812 -0.30273438 0.02539062
v -0.26757812 -0.28320312 0.06445312
v -0.26757812 -0.27148438 0.00195312
v -0.26757812 -0.25585938 0.07226562
v -0.26757812 -0.24804688 -0.00585938
v -0.26757812 -0.21679688 0.04101562
v -0.26757812 -0.20898438 0.00585938
v -0.26757812 -0.13085938 0.00195312
v -0.26757812 -0.12695312 0.00195312
v -0.26757812 -0.04101562 -0.08007812
v -0.26757812 0.00195312 -0.15429688
v -0.26757812 0.06835938 -0.13867188
v -0.26757812 0.09960938 0.03710938
v -0.26757812 0.10351562 -0.14648438
v -0.26757812 0.10742188 0.03710938
v -0.26367188 -0.29101562 0.00976562
v -0.26367188 -0.28710938 0.05273438
v -0.26367188 -0.25976562 -0.00585938
v -0.26367188 -0.22851562 0.05273438
v -0.26367188 -0.20898438 0.02929688
v -0.26367188 -0.08398438 -0.08789062
v -0.26367188 -0.07617188 -0.04882812
v -0.26367188 -0.05664062 -0.08789062
v -0.26367188 -0.05664062 -0.04492188
v -0.26367188 0.00976562 0.00976562
v -0.26367188 0.05273438 0.00976562
v -0.26367188 0.07617188 0.00976562
v -0.26367188 0.08398438 0.01367188
v -0.26367188 0.08789062 0.01757812
v -0.26367188 0.08789062 0.02929688
v -0.26367188 0.09570312 0.03320312
v -0.26367188 0.12304688 0.04492188
v -0.25976562 -0.29101562 0.02148438
v -0.25976562 -0.29101562 0.03710938
v -0.25976562 -0.14257812 -0.07226562
v -0.25976562 -0.13476562 -0.03320312
v -0.25976562 -0.01367188 0.00585938
v -0.25976562 0.14257812 -0.15429688
v -0.25585938 -0.24023438 0.06054688
v -0.25585938 -0.23632812 -0.00585938
v -0.25585938 -0.22070312 -0.00195312
v -0.25585938 -0.14257812 -0.07226562
v -0.25585938 -0.13476562 -0.03320312
v -0.25585938 -0.10742188 -0.09179688
v -0.25585938 -0.02148438 -0.00195312
v -0.25585938 -0.00585938 -0.11914062
v -0.25585938 0.02929688 -0.14648438
v -0.25585938 0.06835938 0.00976562
v -0.25585938 0.08789062 0.01367188
v -0.25585938 0.09179688 0.01757812
v -0.25585938 0.10742188 0.04101562
v -0.25585938 0.14257812 0.04492188
v -0.25585938 0.17382812 -0.14257812
v -0.25195312 -0.29492188 0.01757812
v -0.25195312 -0.28320312 0.00195312
v -0.25195312 -0.25976562 -0.00585938
v -0.25195312 -0.21679688 0.00976562
v -0.25195312 -0.09960938 -0.04882812
v -0.25195312 0.03320312 0.00976562
v -0.25195312 0.09179688 0.02929688
v -0.25195312 0.09570312 0.03710938
v -0.25195312 0.10351562 -0.15039062
v -0.25195312 0.10351562 0.03710938
v -0.25195312 0.16601562 0.04101562
v -0.24804688 -0.29492188 0.02929688
v -0.24804688 -0.27539062 0.00195312
v -0.24804688 -0.02539062 -0.01757812
v -0.24804688 -0.02148438 -0.04101562
v -0.24804688 -0.01367188 -0.07617188
v -0.24804688 0.04492188 0.00976562
v -0.24804688 0.05273438 -0.14257812
v -0.24804688 0.08007812 0.01367188
v -0.24804688 0.12695312 0.04492188
v -0.24804688 0.18945312 0.02929688
v -0.24804688 0.20117188 -0.12304688
v -0.24804688 0.22070312 -0.09960938
v -0.24804688 0.22851562 -0.06835938
v -0.24804688 0.23242188 -0.04101562
v -0.24414062 -0.29492188 0.04101562
v -0.24414062 -0.28320312 0.00585938
v -0.24414062 -0.27929688 0.06054688
v -0.24414062 -0.22851562 0.03320312
v -0.24414062 0.00585938 0.00976562
v -0.24414062 0.02539062 -0.11523438
v -0.24414062 0.09570312 0.02148438
v -0.24414062 0.09960938 0.02539062
v -0.24414062 0.20898438 0.01367188
v -0.24414062 0.22460938 -0.00976562
v -0.24023438 -0.29101562 0.01757812
v -0.24023438 -0.28710938 0.05273438
v -0.24023438 -0.26757812 0.06054688
v -0.24023438 -0.24414062 -0.00195312
v -0.24023438 -0.24023438 0.04101562
v -0.24023438 -0.22460938 0.01757812
v -0.24023438 0.06445312 0.00976562
v -0.24023438 0.10351562 0.03320312
v -0.24023438 0.10742188 0.03710938
v -0.24023438 0.14648438 0.04882812
v -0.23632812 -0.28710938 0.00976562
v -0.23632812 -0.25585938 0.04882812
v -0.23632812 -0.00195312 0.00195312
v -0.23632812 0.00976562 -0.07226562
v -0.23632812 0.02539062 0.00976562
v -0.23632812 0.04101562 0.00976562
v -0.23632812 0.04882812 -0.11523438
v -0.23632812 0.05664062 -0.11914062
v -0.23632812 0.10351562 -0.15039062
v -0.23632812 0.11132812 0.04492188
v -0.23242188 -0.29492188 0.01757812
v -0.23242188 -0.29492188 0.02929688
v -0.23242188 -0.26367188 -0.00195312
v -0.23242188 -0.25195312 0.00195312
v -0.23242188 -0.22851562 0.00585938
v -0.23242188 -0.00195312 -0.03710938
v -0.23242188 0.05273438 -0.09570312
v -0.23242188 0.14648438 -0.15429688
v -0.22851562 -0.43945312 -0.10351562
v -0.22851562 -0.43945312 -0.07617188
v -0.22851562 -0.38867188 -0.09179688
v -0.22851562 -0.38867188 -0.06445312
v -0.22851562 -0.28710938 0.00976562
v -0.22851562 -0.28710938 0.04101562
v -0.22851562 -0.27929688 0.00195312
v -0.22851562 -0.27929688 0.04492188
v -0.22851562 -0.24414062 0.00585938
v -0.22851562 -0.24023438 0.01757812
v -0.22851562 -0.00195312 -0.01757812
v -0.22851562 0.02539062 -0.00195312
v -0.22851562 0.02929688 -0.06835938
v -0.22851562 0.03710938 0.00195312
v -0.22851562 0.05273438 -0.09570312
v -0.22851562 0.05664062 -0.11132812
v -0.22851562 0.06054688 0.00976562
v -0.22851562 0.10351562 -0.14648438
v -0.22851562 0.12695312 0.04492188
v -0.22851562 0.16992188 0.04101562
v -0.22460938 -0.49804688 -0.09960938
v -0.22460938 -0.33789062 -0.07617188
v -0.22460938 -0.33789062 -0.04492188
v -0.22460938 -0.29101562 0.02929688
v -0.22460938 -0.26757812 0.04101562
v -0.22460938 -0.25585938 0.03320312
v -0.22460938 -0.24414062 0.02148438
v -0.22460938 0.03320312 -0.00585938
v -0.22460938 0.03710938 -0.06835938
v -0.22460938 0.05664062 0.00585938
v -0.22460938 0.08398438 0.01757812
v -0.22460938 0.10351562 0.02539062
v -0.22460938 0.10742188 0.02539062
v -0.22460938 0.17773438 -0.14648438
v -0.22460938 0.19335938 0.02929688
v -0.22070312 -0.49804688 -0.07617188
v -0.22070312 -0.49414062 -0.11914062
v -0.22070312 -0.43554688 -0.12304688
v -0.22070312 -0.43554688 -0.04882812
v -0.22070312 -0.38867188 -0.02929688
v -0.22070312 -0.38476562 -0.11523438
v -0.22070312 -0.28320312 0.03710938
v -0.22070312 -0.27929688 0.01757812
v -0.22070312 -0.26757812 0.00585938
v -0.22070312 -0.25585938 0.01367188
v -0.22070312 0.02148438 -0.03710938
v -0.22070312 0.02148438 -0.01757812
v -0.22070312 0.03320312 -0.01757812
v -0.22070312 0.10742188 -0.14648438
v -0.22070312 0.14257812 -0.15039062
v -0.22070312 0.15039062 0.04492188
v -0.21679688 -0.49414062 -0.13867188
v -0.21679688 -0.33789062 -0.01367188
v -0.21679688 -0.33398438 -0.09960938
v -0.21679688 -0.28320312 -0.06054688
v -0.21679688 -0.26757812 0.02539062
v -0.21679688 0.02539062 -0.06445312
v -0.21679688 0.03320312 -0.03710938
v -0.21679688 0.03710938 -0.02148438
v -0.21679688 0.04882812 -0.00585938
v -0.21679688 0.05273438 -0.00195312
v -0.21679688 0.05664062 -0.12695312
v -0.21679688 0.08007812 0.02148438
v -0.21679688 0.11523438 0.03320312
v -0.21679688 0.21289062 0.01367188
v -0.21289062 -0.28320312 -0.03710938
v -0.21289062 0.02539062 -0.09179688
v -0.21289062 0.02539062 -0.03710938
v -0.21289062 0.04882812 -0.00585938
v -0.21289062 0.11914062 0.02929688
v -0.21289062 0.13085938 0.03320312
v -0.21289062 0.13867188 -0.14648438
v -0.21289062 0.16992188 0.03320312
v -0.21289062 0.17382812 -0.14257812
v -0.21289062 0.20507812 -0.12695312
v -0.20898438 -0.43164062 -0.14257812
v -0.20898438 -0.28320312 -0.08398438
v -0.20898438 -0.16210938 -0.07226562
v -0.20898438 -0.16210938 -0.05273438
v -0.20898438 -0.11523438 -0.07226562
v -0.20898438 -0.11523438 -0.04882812
v -0.20898438 -0.10351562 -0.07226562
v -0.20898438 -0.10351562 -0.04882812
v -0.20898438 -0.09570312 -0.07226562
v -0.20898438 -0.09570312 -0.05273438
v -0.20898438 -0.08398438 -0.07226562
v -0.20898438 0.02929688 -0.10742188
v -0.20898438 0.05664062 0.01367188
v -0.20898438 0.06445312 0.01757812
v -0.20898438 0.07226562 0.02148438
v -0.20898438 0.07617188 0.02148438
v -0.20898438 0.11523438 0.02929688
v -0.20898438 0.15039062 0.03320312
v -0.20898438 0.18945312 0.02148438
v -0.20898438 0.22070312 -0.10351562
v -0.20507812 0.02929688 -0.02148438
v -0.20507812 0.13085938 0.02929688
v -0.20507812 0.17382812 -0.13867188
v -0.20507812 0.19726562 -0.12304688
v -0.20507812 0.22460938 -0.01367188
v -0.20507812 0.23242188 -0.07226562
v -0.20507812 0.23242188 -0.04101562
v -0.20117188 -0.49804688 -0.05664062
v -0.20117188 -0.49023438 -0.15039062
v -0.20117188 -0.43164062 -0.01757812
v -0.20117188 -0.38867188 0.00195312
v -0.20117188 -0.38085938 -0.13085938
v -0.20117188 -0.28710938 -0.00585938
v -0.20117188 -0.16601562 -0.07226562
v -0.20117188 -0.16601562 -0.05273438
v -0.20117188 -0.16210938 -0.09960938
v -0.20117188 -0.16210938 -0.03320312
v -0.20117188 -0.11523438 -0.10351562
v -0.20117188 -0.11523438 -0.02929688
v -0.20117188 -0.10351562 -0.09960938
v -0.20117188 -0.10351562 -0.02929688
v -0.20117188 -0.09570312 -0.09960938
v -0.20117188 -0.09570312 -0.03320312
v -0.20117188 -0.08398438 -0.05273438
v -0.20117188 -0.08398438 -0.03320312
v -0.20117188 0.00585938 -0.08789062
v -0.20117188 0.00585938 -0.06445312
v -0.20117188 0.02929688 -0.11914062
v -0.20117188 0.09570312 0.03320312
v -0.20117188 0.11132812 0.03320312
v -0.20117188 0.13085938 0.02539062
v -0.20117188 0.14648438 0.02539062
v -0.20117188 0.16601562 0.02148438
v -0.20117188 0.20117188 -0.12695312
v -0.20117188 0.21679688 -0.10351562
v -0.19726562 -0.33007812 -0.11523438
v -0.19726562 -0.22070312 -0.05664062
v -0.19726562 -0.22070312 -0.02929688
v -0.19726562 -0.16601562 -0.09960938
v -0.19726562 -0.08789062 -0.09960938
v -0.19726562 0.21679688 -0.01757812
v -0.19726562 0.22460938 -0.07226562
v -0.19726562 0.22460938 -0.04101562
v -0.19335938 -0.34179688 0.01757812
v -0.19335938 -0.15429688 -0.01367188
v -0.19335938 -0.11523438 -0.01367188
v -0.19335938 -0.10351562 -0.01367188
v -0.19335938 0.00585938 -0.03710938
v -0.19335938 0.00976562 -0.10742188
v -0.19335938 0.03710938 -0.00195312
v -0.19335938 0.06054688 -0.14648438
v -0.19335938 0.07617188 0.03320312
v -0.19335938 0.11132812 -0.16210938
v -0.19335938 0.13867188 0.02929688
v -0.19335938 0.15039062 0.02148438
v -0.19335938 0.19335938 0.00976562
v -0.19335938 0.20898438 0.00195312
v -0.19335938 0.22070312 -0.10742188
v -0.18945312 -0.48242188 -0.16210938
v -0.18945312 -0.42773438 -0.15039062
v -0.18945312 -0.16601562 -0.01757812
v -0.18945312 -0.16210938 -0.01367188
v -0.18945312 -0.09570312 -0.01757812
v -0.18945312 -0.08789062 -0.01757812
v -0.18945312 0.16210938 0.02539062
v -0.18945312 0.17382812 0.01367188
v -0.18945312 0.20117188 -0.00195312
v -0.18945312 0.22851562 -0.07226562
v -0.18554688 -0.49804688 -0.04101562
v -0.18554688 -0.42382812 -0.15820312
v -0.18554688 -0.37695312 -0.13867188
v -0.18554688 -0.29101562 0.02929688
v -0.18554688 -0.27929688 -0.10351562
v -0.18554688 -0.22460938 -0.00585938
v -0.18554688 -0.22070312 -0.07617188
v -0.18554688 -0.08398438 -0.02929688
v -0.18554688 -0.01367188 -0.06445312
v -0.18554688 -0.00976562 -0.08789062
v -0.18554688 0.00976562 -0.02148438
v -0.18554688 0.01367188 -0.11914062
v -0.18554688 0.04101562 0.01367188
v -0.18554688 0.06445312 0.03320312
v -0.18554688 0.13476562 0.03320312
v -0.18554688 0.14648438 -0.16210938
v -0.18554688 0.18164062 0.01367188
v -0.18554688 0.23242188 -0.04492188
v -0.18164062 -0.47851562 -0.16601562
v -0.18164062 -0.37304688 -0.14257812
v -0.18164062 -0.08007812 -0.06835938
v -0.18164062 -0.01757812 -0.06445312
v -0.18164062 -0.00976562 -0.03710938
v -0.18164062 0.12304688 0.04101562
v -0.18164062 0.15429688 0.02929688
v -0.18164062 0.22070312 -0.01757812
v -0.17773438 -0.42773438 0.00195312
v -0.17773438 -0.38476562 0.02148438
v -0.17773438 -0.32617188 -0.13085938
v -0.17773438 -0.19335938 -0.04882812
v -0.17773438 -0.19335938 -0.02929688
v -0.17773438 -0.16992188 -0.08398438
v -0.17773438 -0.16992188 -0.04882812
v -0.17773438 -0.16992188 -0.03320312
v -0.17773438 -0.16601562 -0.01367188
v -0.17773438 -0.16210938 -0.01367188
v -0.17773438 -0.15429688 -0.00976562
v -0.17773438 -0.11523438 -0.00976562
v -0.17773438 -0.10742188 -0.01367188
v -0.17773438 -0.09960938 -0.01367188
v -0.17773438 -0.09179688 -0.01367188
v -0.17773438 -0.02539062 -0.09179688
v -0.17773438 -0.02539062 -0.06445312
v -0.17773438 -0.02148438 -0.03710938
v -0.17773438 -0.01367188 -0.08789062
v -0.17773438 -0.01367188 -0.03710938
v -0.17773438 -0.00976562 -0.10351562
v -0.17773438 0.02148438 -0.00195312
v -0.17773438 0.04101562 -0.14648438
v -0.17773438 0.10742188 0.04492188
v -0.17773438 0.18164062 -0.15429688
v -0.17382812 0.20117188 0.00195312
v -0.16992188 -0.48632812 -0.16601562
v -0.16992188 -0.34570312 0.03320312
v -0.16992188 -0.32617188 -0.13085938
v -0.16992188 -0.27539062 -0.11523438
v -0.16992188 -0.21679688 -0.09179688
v -0.16992188 -0.19726562 -0.00585938
v -0.16992188 -0.19335938 -0.06835938
v -0.16992188 -0.02539062 -0.10351562
v -0.16992188 -0.00976562 -0.11523438
v -0.16992188 -0.00976562 -0.10351562
v -0.16992188 -0.00585938 -0.02148438
v -0.16992188 0.08789062 0.04492188
v -0.16992188 0.20898438 -0.13867188
v -0.16601562 -0.23632812 0.02929688
v -0.16601562 -0.17382812 -0.02929688
v -0.16601562 -0.16992188 -0.04492188
v -0.16601562 -0.16601562 -0.04882812
v -0.16601562 -0.16601562 -0.03320312
v -0.16601562 -0.15429688 -0.00976562
v -0.16601562 -0.11523438 -0.00976562
v -0.16601562 -0.10742188 -0.00976562
v -0.16601562 -0.09960938 -0.01367188
v -0.16601562 -0.09570312 -0.01367188
v -0.16601562 -0.08789062 -0.01367188
v -0.16601562 -0.04492188 -0.09179688
v -0.16601562 -0.04101562 -0.06835938
v -0.16601562 -0.03320312 -0.04101562
v -0.16601562 -0.02539062 -0.11523438
v -0.16601562 -0.01757812 -0.02148438
v -0.16601562 -0.00976562 -0.11523438
v -0.16601562 -0.00976562 -0.02148438
v -0.16601562 0.04492188 0.03320312
v -0.16601562 0.18164062 0.01757812
v -0.16601562 0.23242188 -0.12304688
v -0.16210938 -0.49804688 -0.03320312
v -0.16210938 -0.48632812 -0.16992188
v -0.16210938 -0.29882812 0.04101562
v -0.16210938 -0.17773438 -0.06445312
v -0.16210938 -0.16601562 -0.10351562
v -0.16210938 -0.16601562 -0.06445312
v -0.16210938 -0.16601562 -0.02148438
v -0.16210938 -0.16210938 -0.01367188
v -0.16210938 -0.15820312 -0.10742188
v -0.16210938 -0.10351562 -0.13085938
v -0.16210938 -0.08789062 -0.01757812
v -0.16210938 -0.08398438 -0.07226562
v -0.16210938 -0.08007812 -0.04882812
v -0.16210938 -0.04492188 -0.10351562
v -0.16210938 -0.02929688 -0.02148438
v -0.16210938 0.02539062 0.01367188
v -0.16210938 0.16601562 0.02539062
v -0.16210938 0.24414062 -0.08789062
v -0.15820312 -0.42382812 0.00976562
v -0.15820312 -0.27539062 -0.11523438
v -0.15820312 -0.18945312 -0.08398438
v -0.15820312 -0.17773438 -0.00585938
v -0.15820312 -0.16601562 -0.00976562
v -0.15820312 -0.16210938 -0.07617188
v -0.15820312 -0.15429688 0.02929688
v -0.15820312 -0.15039062 -0.13085938
v -0.15820312 -0.14257812 -0.13085938
v -0.15820312 -0.13867188 -0.13867188
v -0.15820312 -0.11914062 -0.13867188
v -0.15820312 -0.11914062 -0.13085938
v -0.15820312 -0.11523438 -0.11523438
v -0.15820312 -0.11523438 0.02929688
v -0.15820312 -0.10742188 -0.11523438
v -0.15820312 -0.10742188 0.02929688
v -0.15820312 -0.10351562 -0.13867188
v -0.15820312 -0.10351562 -0.12304688
v -0.15820312 -0.09960938 -0.11132812
v -0.15820312 -0.09570312 0.02929688
v -0.15820312 -0.09179688 -0.10742188
v -0.15820312 -0.09179688 -0.04882812
v -0.15820312 -0.07226562 -0.06835938
v -0.15820312 -0.06835938 -0.06835938
v -0.15820312 -0.06054688 -0.06835938
v -0.15820312 -0.05664062 -0.09570312
v -0.15820312 -0.05273438 -0.06835938
v -0.15820312 -0.04492188 -0.11523438
v -0.15820312 -0.04492188 -0.04492188
v -0.15820312 -0.00976562 0.00195312
v -0.15820312 0.00195312 -0.00195312
v -0.15820312 0.00585938 -0.00195312
v -0.15820312 0.02148438 -0.14648438
v -0.15820312 0.06445312 0.04882812
v -0.15820312 0.15039062 0.03320312
v -0.15820312 0.24804688 -0.05664062
v -0.15429688 -0.38085938 0.02539062
v -0.15429688 -0.21289062 -0.09960938
v -0.15429688 -0.20507812 0.02929688
v -0.15429688 -0.18164062 -0.07617188
v -0.15429688 -0.16601562 -0.09570312
v -0.15429688 -0.16601562 0.00195312
v -0.15429688 -0.16601562 0.00976562
v -0.15429688 -0.16601562 0.02148438
v -0.15429688 -0.16601562 0.02929688
v -0.15429688 -0.15820312 -0.09179688
v -0.15429688 -0.15820312 0.00976562
v -0.15429688 -0.15820312 0.02148438
v -0.15429688 -0.15429688 0.00195312
v -0.15429688 -0.15039062 -0.12695312
v -0.15429688 -0.14648438 -0.13867188
v -0.15429688 -0.14257812 -0.12695312
v -0.15429688 -0.11914062 -0.12304688
v -0.15429688 -0.11914062 0.00195312
v -0.15429688 -0.11523438 0.00976562
v -0.15429688 -0.11523438 0.02148438
v -0.15429688 -0.11523438 0.04101562
v -0.15429688 -0.10742188 0.02148438
v -0.15429688 -0.10742188 0.04101562
v -0.15429688 -0.10351562 0.00976562
v -0.15429688 -0.09960938 -0.12695312
v -0.15429688 -0.09960938 0.02148438
v -0.15429688 -0.09570312 0.00976562
v -0.15429688 -0.09570312 0.04101562
v -0.15429688 -0.09179688 -0.07226562
v -0.15429688 -0.08789062 0.00976562
v -0.15429688 -0.08789062 0.02148438
v -0.15429688 -0.08789062 0.02929688
v -0.15429688 -0.08789062 0.04101562
v -0.15429688 -0.08398438 0.00976562
v -0.15429688 -0.08398438 0.02148438
v -0.15429688 -0.08398438 0.02929688
v -0.15429688 -0.08398438 0.03710938
v -0.15429688 -0.08007812 -0.06835938
v -0.15429688 -0.08007812 -0.04882812
v -0.15429688 -0.07617188 -0.02929688
v -0.15429688 -0.06835938 -0.09960938
v -0.15429688 -0.06835938 -0.04492188
v -0.15429688 -0.06835938 -0.02929688
v -0.15429688 -0.06445312 -0.09960938
v -0.15429688 -0.06445312 -0.02929688
v -0.15429688 -0.06054688 -0.04492188
v -0.15429688 -0.05664062 -0.10351562
v -0.15429688 -0.05273438 -0.04492188
v -0.15429688 -0.05273438 -0.02929688
v -0.15429688 -0.04492188 -0.02929688
v -0.15429688 -0.04101562 -0.02539062
v -0.15429688 -0.02539062 0.00195312
v -0.15429688 0.00976562 0.01367188
v -0.15429688 0.01367188 0.01367188
v -0.15429688 0.06835938 -0.16601562
v -0.15429688 0.11523438 -0.17773438
v -0.15429688 0.13867188 0.04101562
v -0.15429688 0.47070312 -0.04882812
v -0.15039062 0.46289062 -0.05273438
v -0.15039062 0.47460938 -0.04492188
v -0.14648438 -0.48632812 -0.16210938
v -0.14648438 -0.41601562 -0.15820312
v -0.14648438 -0.37304688 -0.15039062
v -0.14648438 -0.34570312 0.03710938
v -0.14648438 -0.24023438 0.04882812
v -0.14648438 -0.21289062 -0.09960938
v -0.14648438 -0.18945312 -0.08789062
v -0.14648438 -0.16601562 0.02539062
v -0.14648438 -0.16210938 0.04101562
v -0.14648438 -0.15429688 -0.10742188
v -0.14648438 -0.15429688 0.04101562
v -0.14648438 -0.15039062 -0.13476562
v -0.14648438 -0.14648438 -0.10742188
v -0.14648438 -0.14257812 -0.11523438
v -0.14648438 -0.14257812 -0.10351562
v -0.14648438 -0.11914062 -0.11132812
v -0.14648438 -0.11523438 -0.10742188
v -0.14648438 -0.11523438 0.04882812
v -0.14648438 -0.11132812 0.00195312
v -0.14648438 -0.10742188 -0.10351562
v -0.14648438 -0.10351562 -0.11132812
v -0.14648438 -0.10351562 0.04882812
v -0.14648438 -0.09960938 -0.13085938
v -0.14648438 -0.09570312 0.04882812
v -0.14648438 -0.08789062 0.04882812
v -0.14648438 -0.08398438 0.02929688
v -0.14648438 -0.08398438 0.04882812
v -0.14648438 -0.07617188 -0.09960938
v -0.14648438 -0.06445312 -0.11523438
v -0.14648438 -0.06445312 -0.10351562
v -0.14648438 -0.06054688 -0.11523438
v -0.14648438 -0.06054688 0.00195312
v -0.14648438 -0.05273438 0.00195312
v -0.14648438 -0.04101562 0.00195312
v -0.14648438 -0.03320312 -0.00195312
v -0.14648438 -0.00585938 0.01757812
v -0.14648438 0.12304688 0.04882812
v -0.14648438 0.15039062 -0.17773438
v -0.14648438 0.23632812 -0.02148438
v -0.14648438 0.46289062 -0.04101562
v -0.14648438 0.46679688 -0.03320312
v -0.14257812 -0.16601562 0.01757812
v -0.14257812 -0.16210938 0.04882812
v -0.14257812 -0.15820312 -0.12695312
v -0.14257812 -0.15429688 0.04882812
v -0.14257812 -0.15039062 -0.11523438
v -0.14257812 -0.14648438 -0.15039062
v -0.14257812 -0.13867188 -0.15039062
v -0.14257812 -0.11523438 -0.15039062
v -0.14257812 -0.11523438 0.05664062
v -0.14257812 -0.10351562 -0.15039062
v -0.14257812 -0.10351562 0.05664062
v -0.14257812 -0.09960938 -0.11523438
v -0.14257812 -0.09960938 -0.09960938
v -0.14257812 -0.09960938 0.00195312
v -0.14257812 -0.09570312 -0.09960938
v -0.14257812 -0.09570312 0.00195312
v -0.14257812 -0.09570312 0.05664062
v -0.14257812 -0.08789062 0.00195312
v -0.14257812 -0.08789062 0.05664062
v -0.14257812 -0.08398438 -0.09960938
v -0.14257812 -0.08398438 0.05664062
v -0.14257812 -0.07617188 0.00195312
v -0.14257812 -0.07226562 -0.11914062
v -0.14257812 -0.06835938 -0.10742188
v -0.14257812 -0.06835938 0.00195312
v -0.14257812 -0.02148438 0.01757812
v -0.14257812 0.03320312 0.03320312
v -0.14257812 0.04882812 0.04492188
v -0.14257812 0.09570312 0.05664062
v -0.14257812 0.45507812 -0.04492188
v -0.14257812 0.46289062 -0.03320312
v -0.14257812 0.47070312 -0.05664062
v -0.13867188 -0.49804688 -0.03320312
v -0.13867188 -0.48242188 -0.16601562
v -0.13867188 -0.32226562 -0.13867188
v -0.13867188 -0.30273438 0.04492188
v -0.13867188 -0.20507812 0.04492188
v -0.13867188 -0.19335938 -0.11523438
v -0.13867188 -0.17773438 0.02539062
v -0.13867188 -0.16601562 -0.11914062
v -0.13867188 -0.16601562 0.03710938
v -0.13867188 -0.16210938 0.05273438
v -0.13867188 -0.15429688 0.05273438
v -0.13867188 -0.15039062 -0.15039062
v -0.13867188 -0.09960938 -0.13867188
v -0.13867188 -0.09570312 -0.11914062
v -0.13867188 -0.08789062 -0.11523438
v -0.13867188 -0.08398438 0.04101562
v -0.13867188 -0.08007812 -0.12304688
v -0.13867188 -0.08007812 -0.11132812
v -0.13867188 -0.05664062 0.01367188
v -0.13867188 -0.04882812 0.01367188
v -0.13867188 -0.03710938 0.01367188
v -0.13867188 -0.02929688 0.00976562
v -0.13867188 -0.00585938 -0.13867188
v -0.13867188 -0.00195312 -0.14257812
v -0.13867188 0.02148438 0.02929688
v -0.13867188 0.02539062 0.02929688
v -0.13867188 0.18945312 0.01757812
v -0.13867188 0.44335938 -0.04492188
v -0.13867188 0.44726562 -0.04101562
v -0.13867188 0.45898438 -0.05664062
v -0.13867188 0.47070312 -0.02929688
v -0.13867188 0.47460938 -0.05664062
v -0.13476562 -0.49414062 -0.15039062
v -0.13476562 -0.41601562 0.00585938
v -0.13476562 -0.27539062 -0.12695312
v -0.13476562 -0.15820312 -0.11914062
v -0.13476562 -0.14648438 -0.15429688
v -0.13476562 -0.14257812 -0.15039062
v -0.13476562 -0.11523438 -0.15429688
v -0.13476562 -0.11523438 0.06054688
v -0.13476562 -0.10351562 -0.15039062
v -0.13476562 -0.10351562 0.06054688
v -0.13476562 -0.09570312 -0.12304688
v -0.13476562 -0.09570312 0.06054688
v -0.13476562 -0.08789062 -0.12304688
v -0.13476562 -0.08789062 0.01367188
v -0.13476562 -0.08789062 0.06054688
v -0.13476562 -0.08398438 0.06054688
v -0.13476562 -0.07617188 0.01367188
v -0.13476562 -0.06835938 0.01367188
v -0.13476562 -0.01757812 -0.13476562
v -0.13476562 -0.01757812 0.02929688
v -0.13476562 -0.00195312 0.02929688
v -0.13476562 0.17382812 0.02539062
v -0.13476562 0.18554688 -0.16992188
v -0.13476562 0.43945312 -0.03320312
v -0.13476562 0.45507812 -0.03320312
v -0.13476562 0.46679688 -0.05664062
v -0.13476562 0.46679688 -0.02148438
v -0.13476562 0.47460938 -0.05664062
v -0.13476562 0.47851562 -0.04101562
v -0.13085938 -0.21679688 -0.11132812
v -0.13085938 -0.16601562 0.02929688
v -0.13085938 -0.16210938 0.05273438
v -0.13085938 -0.15820312 -0.14648438
v -0.13085938 -0.15429688 0.05664062
v -0.13085938 -0.11523438 0.06445312
v -0.13085938 -0.10351562 0.06445312
v -0.13085938 -0.09960938 -0.14648438
v -0.13085938 -0.09570312 0.06445312
v -0.13085938 -0.08789062 0.02148438
v -0.13085938 -0.08789062 0.06445312
v -0.13085938 -0.08398438 0.06445312
v -0.13085938 -0.07617188 0.02148438
v -0.13085938 -0.06835938 0.02148438
v -0.13085938 -0.05664062 0.02148438
v -0.13085938 -0.04492188 0.02148438
v -0.13085938 -0.03320312 0.02148438
v -0.13085938 -0.02539062 0.01757812
v -0.13085938 0.04882812 -0.16992188
v -0.13085938 0.15820312 0.03710938
v -0.13085938 0.20898438 0.00976562
v -0.13085938 0.21679688 -0.15820312
v -0.13085938 0.43554688 -0.02929688
v -0.13085938 0.43554688 -0.02148438
v -0.13085938 0.44726562 -0.02929688
v -0.13085938 0.46289062 -0.01757812
v -0.13085938 0.47460938 -0.02539062
v -0.12695312 -0.49804688 -0.13867188
v -0.12695312 -0.49804688 -0.02929688
v -0.12695312 -0.49414062 -0.15429688
v -0.12695312 -0.37695312 0.02539062
v -0.12695312 -0.34570312 0.03710938
v -0.12695312 -0.32226562 -0.14648438
v -0.12695312 -0.24414062 0.05664062
v -0.12695312 -0.17773438 0.04101562
v -0.12695312 -0.16210938 0.04882812
v -0.12695312 -0.15429688 0.06054688
v -0.12695312 -0.15039062 -0.15039062
v -0.12695312 -0.14257812 -0.15429688
v -0.12695312 -0.11523438 -0.15039062
v -0.12695312 -0.10351562 -0.15039062
v -0.12695312 -0.08398438 0.04882812
v -0.12695312 -0.06445312 -0.13476562
v -0.12695312 -0.06054688 -0.13476562
v -0.12695312 -0.04492188 -0.13476562
v -0.12695312 0.06835938 0.05664062
v -0.12695312 0.14648438 0.04101562
v -0.12695312 0.43164062 -0.02148438
v -0.12695312 0.44335938 -0.04492188
v -0.12695312 0.44335938 -0.01757812
v -0.12695312 0.45507812 -0.05273438
v -0.12695312 0.46679688 -0.01757812
v -0.12695312 0.47851562 -0.04492188
v -0.12304688 -0.49804688 -0.11914062
v -0.12304688 -0.21289062 0.05664062
v -0.12304688 -0.16601562 0.04101562
v -0.12304688 -0.15820312 0.06054688
v -0.12304688 -0.15429688 -0.13476562
v -0.12304688 -0.09570312 0.06835938
v -0.12304688 -0.08789062 0.06835938
v -0.12304688 -0.08398438 0.06835938
v -0.12304688 -0.07226562 -0.13867188
v -0.12304688 -0.01367188 0.03710938
v -0.12304688 0.00195312 0.03710938
v -0.12304688 0.02929688 0.03710938
v -0.12304688 0.03320312 0.04101562
v -0.12304688 0.03710938 0.04101562
v -0.12304688 0.13085938 0.04882812
v -0.12304688 0.36523438 -0.04882812
v -0.12304688 0.38085938 -0.04882812
v -0.12304688 0.43554688 -0.01367188
v -0.12304688 0.44726562 -0.01367188
v -0.12304688 0.45507812 -0.01757812
v -0.12304688 0.46289062 -0.04882812
v -0.12304688 0.46289062 -0.01757812
v -0.12304688 0.47070312 -0.04492188
v -0.12304688 0.47460938 -0.02539062
v -0.11914062 -0.49804688 -0.14257812
v -0.11914062 -0.49804688 -0.04101562
v -0.11914062 -0.41992188 -0.15820312
v -0.11914062 -0.41601562 0.00195312
v -0.11914062 -0.37695312 -0.15429688
v -0.11914062 -0.30664062 0.04492188
v -0.11914062 -0.28320312 -0.13476562
v -0.11914062 -0.15820312 0.04882812
v -0.11914062 -0.15820312 0.06445312
v -0.11914062 -0.15039062 0.06445312
v -0.11914062 -0.11523438 -0.15039062
v -0.11914062 -0.11523438 0.06835938
v -0.11914062 -0.10351562 0.06835938
v -0.11914062 -0.09960938 -0.13867188
v -0.11914062 -0.09570312 -0.13867188
v -0.11914062 -0.08789062 -0.13867188
v -0.11914062 -0.08789062 0.03320312
v -0.11914062 -0.08007812 -0.13867188
v -0.11914062 -0.07226562 0.02929688
v -0.11914062 -0.06445312 0.02929688
v -0.11914062 -0.05273438 0.02929688
v -0.11914062 -0.04101562 0.02929688
v -0.11914062 -0.02929688 0.02929688
v -0.11914062 -0.02148438 0.02539062
v -0.11914062 0.24023438 -0.14257812
v -0.11914062 0.36523438 -0.05273438
v -0.11914062 0.37304688 -0.05273438
v -0.11914062 0.38085938 -0.04492188
v -0.11914062 0.39257812 -0.04101562
v -0.11914062 0.43164062 -0.02539062
v -0.11914062 0.43164062 -0.00976562
v -0.11914062 0.43554688 -0.03710938
v -0.11914062 0.44335938 -0.00976562
v -0.11914062 0.44726562 -0.00585938
v -0.11914062 0.45507812 -0.04882812
v -0.11914062 0.45507812 -0.00976562
v -0.11914062 0.46289062 -0.01757812
v -0.11914062 0.46679688 -0.04492188
v -0.11914062 0.47070312 -0.03710938
v -0.11523438 -0.49804688 -0.09960938
v -0.11523438 -0.37304688 0.02148438
v -0.11523438 -0.18164062 0.05273438
v -0.11523438 -0.16601562 -0.14257812
v -0.11523438 -0.14648438 -0.13867188
v -0.11523438 -0.13867188 -0.14257812
v -0.11523438 -0.10742188 -0.14257812
v -0.11523438 -0.10351562 -0.13867188
v -0.11523438 -0.10351562 0.05664062
v -0.11523438 -0.09570312 0.05664062
v -0.11523438 -0.08789062 0.04101562
v -0.11523438 -0.08789062 0.05664062
v -0.11523438 -0.08398438 0.05664062
v -0.11523438 0.03320312 -0.16992188
v -0.11523438 0.04101562 -0.17773438
v -0.11523438 0.05664062 0.05273438
v -0.11523438 0.10351562 0.05664062
v -0.11523438 0.34570312 -0.04492188
v -0.11523438 0.36523438 -0.04101562
v -0.11523438 0.38085938 -0.04101562
v -0.11523438 0.38867188 -0.04882812
v -0.11523438 0.44335938 -0.03320312
v -0.11523438 0.44335938 -0.00585938
v -0.11523438 0.44335938 -0.00195312
v -0.11523438 0.46289062 -0.04101562
v -0.11132812 -0.49804688 -0.12304688
v -0.11132812 -0.49804688 -0.05664062
v -0.11132812 -0.49804688 -0.03710938
v -0.11132812 -0.37695312 -0.15429688
v -0.11132812 -0.23632812 -0.11914062
v -0.11132812 -0.20898438 -0.14257812
v -0.11132812 -0.16601562 0.04101562
v -0.11132812 -0.15820312 0.05273438
v -0.11132812 -0.15039062 0.05273438
v -0.11132812 -0.14648438 0.04882812
v -0.11132812 -0.13085938 -0.14257812
v -0.11132812 -0.11523438 0.04492188
v -0.11132812 -0.11523438 0.05273438
v -0.11132812 -0.11523438 0.05664062
v -0.11132812 -0.10351562 0.04492188
v -0.11132812 -0.10351562 0.05273438
v -0.11132812 -0.09960938 0.04492188
v -0.11132812 -0.09960938 0.05273438
v -0.11132812 -0.08789062 0.04492188
v -0.11132812 -0.08789062 0.05273438
v -0.11132812 -0.08398438 0.05273438
v -0.11132812 -0.07226562 0.03710938
v -0.11132812 -0.07226562 0.04101562
v -0.11132812 -0.06445312 0.03710938
v -0.11132812 -0.05273438 0.03710938
v -0.11132812 -0.04101562 0.03320312
v -0.11132812 -0.04101562 0.03710938
v -0.11132812 -0.02539062 0.03320312
v -0.11132812 -0.02539062 0.03710938
v -0.11132812 -0.01757812 0.03320312
v -0.11132812 -0.01757812 0.03710938
v -0.11132812 -0.00976562 0.03710938
v -0.11132812 0.05273438 -0.17773438
v -0.11132812 0.34570312 -0.04882812
v -0.11132812 0.34960938 -0.04101562
v -0.11132812 0.37695312 -0.05664062
v -0.11132812 0.38085938 -0.03710938
v -0.11132812 0.38476562 -0.05664062
v -0.11132812 0.38867188 -0.05273438
v -0.11132812 0.38867188 -0.03710938
v -0.11132812 0.38867188 -0.02929688
v -0.11132812 0.39257812 -0.04492188
v -0.11132812 0.39257812 -0.03710938
v -0.11132812 0.39648438 -0.08398438
v -0.11132812 0.41601562 -0.06054688
v -0.11132812 0.42773438 -0.00976562
v -0.11132812 0.43945312 -0.02929688
v -0.11132812 0.43945312 -0.00585938
v -0.11132812 0.44726562 -0.00585938
v -0.11132812 0.45117188 -0.02929688
v -0.11132812 0.46289062 -0.02148438
v -0.10742188 -0.00585938 0.04101562
v -0.10742188 0.00585938 0.03710938
v -0.10742188 0.08007812 -0.18945312
v -0.10742188 0.11914062 -0.19726562
v -0.10742188 0.25976562 -0.11914062
v -0.10742188 0.26757812 -0.06445312
v -0.10742188 0.33789062 -0.04492188
v -0.10742188 0.34179688 -0.04101562
v -0.10742188 0.35742188 -0.05664062
v -0.10742188 0.36132812 -0.08789062
v -0.10742188 0.36523438 -0.03320312
v -0.10742188 0.37695312 -0.02539062
v -0.10742188 0.37695312 -0.00976562
v -0.10742188 0.39648438 -0.00976562
v -0.10742188 0.41601562 -0.08789062
v -0.10742188 0.41601562 -0.02539062
v -0.10742188 0.44335938 -0.02148438
v -0.10351562 -0.49804688 -0.07617188
v -0.10351562 -0.42382812 -0.15039062
v -0.10351562 -0.34179688 0.02929688
v -0.10351562 -0.25585938 0.05273438
v -0.10351562 -0.15429688 0.05273438
v -0.10351562 -0.15429688 0.06054688
v -0.10351562 -0.15039062 0.06054688
v -0.10351562 0.00195312 -0.15820312
v -0.10351562 0.00585938 -0.16210938
v -0.10351562 0.04492188 0.05273438
v -0.10351562 0.07617188 0.06054688
v -0.10351562 0.15429688 -0.19335938
v -0.10351562 0.19726562 0.01757812
v -0.10351562 0.24804688 -0.02539062
v -0.10351562 0.33789062 -0.08789062
v -0.10351562 0.33789062 -0.05664062
v -0.10351562 0.34960938 -0.02929688
v -0.10351562 0.35742188 -0.02929688
v -0.10351562 0.35742188 -0.00585938
v -0.10351562 0.37304688 0.00585938
v -0.10351562 0.39648438 0.00585938
v -0.10351562 0.42382812 -0.02148438
v -0.10351562 0.43164062 -0.01757812
v -0.10351562 0.43164062 -0.01367188
v -0.10351562 0.43554688 -0.02148438
v -0.10351562 0.43945312 -0.08398438
v -0.10351562 0.43945312 -0.05664062
v -0.10351562 0.43945312 -0.02929688
v -0.10351562 0.43945312 -0.02148438
v -0.10351562 0.44335938 -0.01757812
v -0.10351562 0.44726562 -0.01367188
v -0.09960938 -0.49804688 -0.09960938
v -0.09960938 -0.41210938 -0.00195312
v -0.09960938 -0.22070312 0.05273438
v -0.09960938 0.00585938 -0.16210938
v -0.09960938 0.00585938 0.04492188
v -0.09960938 0.03710938 0.04101562
v -0.09960938 0.04101562 0.04882812
v -0.09960938 0.18164062 0.02929688
v -0.09960938 0.31835938 -0.05664062
v -0.09960938 0.33398438 -0.02148438
v -0.09960938 0.33789062 -0.04492188
v -0.09960938 0.33789062 -0.03710938
v -0.09960938 0.33789062 -0.03320312
v -0.09960938 0.33789062 -0.01367188
v -0.09960938 0.33789062 0.00195312
v -0.09960938 0.35351562 0.00585938
v -0.09960938 0.35351562 0.01757812
v -0.09960938 0.37304688 0.01367188
v -0.09960938 0.39257812 0.01757812
v -0.09960938 0.39648438 -0.11132812
v -0.09960938 0.41992188 0.00585938
v -0.09960938 0.42382812 -0.00585938
v -0.09960938 0.43164062 -0.00976562
v -0.09960938 0.43554688 -0.00976562
v -0.09960938 0.43554688 -0.00585938
v -0.09960938 0.43945312 -0.00585938
v -0.09960938 0.44335938 -0.01757812
v -0.09960938 0.44335938 -0.00976562
v -0.09960938 0.44726562 -0.02148438
v -0.09960938 0.45898438 -0.05273438
v -0.09570312 -0.49804688 -0.07617188
v -0.09570312 -0.49804688 -0.05664062
v -0.09570312 -0.32617188 -0.13867188
v -0.09570312 -0.24023438 -0.13085938
v -0.09570312 -0.18554688 0.06054688
v -0.09570312 -0.17773438 0.04101562
v -0.09570312 -0.16210938 -0.15429688
v -0.09570312 -0.13085938 -0.15039062
v -0.09570312 -0.11523438 0.05273438
v -0.09570312 -0.10742188 0.05273438
v -0.09570312 -0.09960938 0.04882812
v -0.09570312 -0.08789062 0.04882812
v -0.09570312 -0.07226562 0.04882812
v -0.09570312 -0.06054688 0.04882812
v -0.09570312 -0.04882812 0.04492188
v -0.09570312 -0.03710938 0.04492188
v -0.09570312 -0.01367188 -0.15429688
v -0.09570312 0.03710938 -0.17773438
v -0.09570312 0.06835938 -0.18945312
v -0.09570312 0.16601562 0.03710938
v -0.09570312 0.18554688 -0.18554688
v -0.09570312 0.30273438 -0.06445312
v -0.09570312 0.30273438 -0.04492188
v -0.09570312 0.30664062 -0.06054688
v -0.09570312 0.30664062 -0.04492188
v -0.09570312 0.32226562 -0.08789062
v -0.09570312 0.32226562 -0.04492188
v -0.09570312 0.33789062 0.00976562
v -0.09570312 0.34960938 0.02148438
v -0.09570312 0.36132812 -0.11132812
v -0.09570312 0.36523438 0.02539062
v -0.09570312 0.36914062 0.02148438
v -0.09570312 0.38085938 0.02929688
v -0.09570312 0.38476562 0.02148438
v -0.09570312 0.38476562 0.02929688
v -0.09570312 0.40820312 0.02929688
v -0.09570312 0.41210938 0.02148438
v -0.09570312 0.41601562 -0.11132812
v -0.09570312 0.43554688 0.00585938
v -0.09570312 0.43945312 -0.10742188
v -0.09570312 0.44726562 -0.00585938
v -0.09570312 0.46289062 -0.02929688
v -0.09179688 -0.30273438 0.03710938
v -0.09179688 -0.28710938 -0.12695312
v -0.09179688 -0.21289062 -0.15039062
v -0.09179688 -0.15820312 0.05273438
v -0.09179688 -0.15039062 0.05273438
v -0.09179688 -0.14648438 0.05273438
v -0.09179688 -0.10742188 -0.15039062
v -0.09179688 -0.10351562 -0.15039062
v -0.09179688 -0.09179688 -0.15039062
v -0.09179688 -0.01757812 0.04492188
v -0.09179688 -0.00976562 -0.15820312
v -0.09179688 -0.00976562 0.04492188
v -0.09179688 0.04882812 -0.18164062
v -0.09179688 0.05664062 -0.18554688
v -0.09179688 0.06054688 0.05664062
v -0.09179688 0.15039062 0.04492188
v -0.09179688 0.21679688 -0.16992188
v -0.09179688 0.30664062 -0.00976562
v -0.09179688 0.31835938 -0.00976562
v -0.09179688 0.32226562 -0.02929688
v -0.09179688 0.32226562 0.00976562
v -0.09179688 0.32617188 0.01367188
v -0.09179688 0.33398438 0.01757812
v -0.09179688 0.33789062 0.02148438
v -0.09179688 0.34179688 -0.11132812
v -0.09179688 0.34960938 0.02539062
v -0.09179688 0.36523438 0.02929688
v -0.09179688 0.39257812 0.03320312
v -0.09179688 0.40039062 0.03320312
v -0.09179688 0.41210938 0.03320312
v -0.09179688 0.42773438 0.02539062
v -0.09179688 0.42773438 0.02929688
v -0.09179688 0.43554688 0.02148438
v -0.09179688 0.44726562 0.00976562
v -0.09179688 0.45898438 -0.08007812
v -0.09179688 0.46289062 -0.00585938
v -0.08789062 -0.42773438 -0.13476562
v -0.08789062 -0.38476562 -0.14257812
v -0.08789062 -0.15820312 0.06054688
v -0.08789062 -0.15039062 0.06054688
v -0.08789062 -0.08398438 -0.15039062
v -0.08789062 -0.07617188 -0.15039062
v -0.08789062 -0.06054688 -0.15039062
v -0.08789062 -0.05273438 -0.15039062
v -0.08789062 -0.03710938 -0.15429688
v -0.08789062 -0.00195312 0.04882812
v -0.08789062 0.00976562 -0.16992188
v -0.08789062 0.03710938 0.04492188
v -0.08789062 0.04101562 0.05273438
v -0.08789062 0.04882812 0.05664062
v -0.08789062 0.13867188 0.05273438
v -0.08789062 0.27148438 -0.10742188
v -0.08789062 0.29101562 -0.02148438
v -0.08789062 0.29492188 -0.01757812
v -0.08789062 0.30664062 -0.02539062
v -0.08789062 0.30664062 0.00585938
v -0.08789062 0.31054688 -0.08789062
v -0.08789062 0.33398438 0.02539062
v -0.08789062 0.33789062 0.02539062
v -0.08789062 0.34570312 0.02539062
v -0.08789062 0.36523438 0.02929688
v -0.08789062 0.38085938 0.03320312
v -0.08789062 0.39257812 0.03320312
v -0.08789062 0.40820312 0.03710938
v -0.08789062 0.43164062 0.03320312
v -0.08789062 0.43554688 0.03320312
v -0.08789062 0.43945312 0.02539062
v -0.08789062 0.44335938 0.02148438
v -0.08398438 -0.43164062 -0.11914062
v -0.08398438 -0.41992188 -0.02148438
v -0.08398438 -0.36914062 0.01367188
v -0.08398438 -0.26757812 -0.11523438
v -0.08398438 -0.26367188 0.04101562
v -0.08398438 -0.24804688 -0.13867188
v -0.08398438 -0.24414062 -0.11523438
v -0.08398438 -0.18554688 0.04882812
v -0.08398438 -0.06835938 -0.15039062
v -0.08398438 -0.06054688 -0.15039062
v -0.08398438 -0.04882812 -0.15039062
v -0.08398438 -0.03320312 -0.15429688
v -0.08398438 0.01757812 -0.17382812
v -0.08398438 0.08398438 -0.20117188
v -0.08398438 0.11132812 0.06445312
v -0.08398438 0.24414062 -0.15429688
v -0.08398438 0.27929688 -0.00585938
v -0.08398438 0.28320312 -0.00585938
v -0.08398438 0.29101562 -0.00585938
v -0.08398438 0.30664062 -0.08789062
v -0.08398438 0.31835938 0.01757812
v -0.08398438 0.32226562 -0.10742188
v -0.08398438 0.32617188 0.02148438
v -0.08398438 0.33789062 0.03320312
v -0.08398438 0.34570312 0.03320312
v -0.08398438 0.34960938 0.02539062
v -0.08398438 0.39648438 -0.12695312
v -0.08398438 0.40039062 0.03710938
v -0.08398438 0.41601562 -0.12695312
v -0.08398438 0.43554688 0.03710938
v -0.08398438 0.44726562 0.02929688
v -0.08398438 0.44726562 0.03320312
v -0.08398438 0.45117188 0.01757812
v -0.08398438 0.45117188 0.02539062
v -0.08398438 0.45898438 -0.09960938
v -0.08398438 0.45898438 0.00976562
v -0.08007812 0.28710938 0.00195312
v -0.08007812 0.29101562 0.01367188
v -0.08007812 0.30273438 0.01367188
v -0.08007812 0.31054688 0.01757812
v -0.08007812 0.31445312 0.02148438
v -0.08007812 0.32226562 0.02148438
v -0.08007812 0.32226562 0.02929688
v -0.08007812 0.33398438 0.02929688
v -0.08007812 0.34960938 0.02929688
v -0.08007812 0.36132812 -0.12304688
v -0.08007812 0.36523438 0.02539062
v -0.08007812 0.39257812 0.04492188
v -0.08007812 0.41601562 0.04492188
v -0.08007812 0.43945312 -0.12304688
v -0.08007812 0.43945312 0.04101562
v -0.08007812 0.44335938 0.03710938
v -0.08007812 0.45898438 0.01757812
v -0.08007812 0.48632812 -0.02929688
v -0.07617188 -0.24804688 -0.10742188
v -0.07617188 -0.22460938 0.04882812
v -0.07617188 -0.21679688 -0.15820312
v -0.07617188 -0.16210938 -0.15820312
v -0.07617188 -0.13085938 -0.15820312
v -0.07617188 -0.10351562 0.05273438
v -0.07617188 -0.08789062 0.05273438
v -0.07617188 -0.07226562 0.05273438
v -0.07617188 -0.06054688 0.05273438
v -0.07617188 -0.04492188 0.05273438
v -0.07617188 -0.02929688 0.05273438
v -0.07617188 -0.00585938 -0.16601562
v -0.07617188 0.01367188 0.04882812
v -0.07617188 0.31835938 0.02929688
v -0.07617188 0.34570312 0.04101562
v -0.07617188 0.35742188 0.02929688
v -0.07617188 0.38085938 0.03320312
v -0.07617188 0.39257812 0.03320312
v -0.07617188 0.40429688 0.04882812
v -0.07617188 0.44726562 0.04101562
v -0.07617188 0.45117188 0.03710938
v -0.07617188 0.45507812 0.02929688
v -0.07617188 0.48242188 -0.05273438
v -0.07226562 -0.43164062 -0.09570312
v -0.07226562 -0.38867188 -0.12695312
v -0.07226562 -0.33398438 -0.13476562
v -0.07226562 -0.25195312 -0.12304688
v -0.07226562 -0.19335938 0.05273438
v -0.07226562 -0.16210938 0.05273438
v -0.07226562 -0.16210938 0.06054688
v -0.07226562 -0.15039062 0.05273438
v -0.07226562 -0.15039062 0.06054688
v -0.07226562 -0.14648438 0.05273438
v -0.07226562 -0.11914062 0.05273438
v -0.07226562 -0.11132812 -0.15820312
v -0.07226562 -0.11132812 0.05273438
v -0.07226562 -0.10351562 -0.15429688
v -0.07226562 -0.02929688 -0.16210938
v -0.07226562 -0.00195312 -0.16992188
v -0.07226562 0.09179688 -0.20507812
v -0.07226562 0.25976562 -0.13476562
v -0.07226562 0.27929688 0.01757812
v -0.07226562 0.28710938 0.02539062
v -0.07226562 0.29882812 0.02539062
v -0.07226562 0.30664062 -0.09960938
v -0.07226562 0.31054688 -0.10351562
v -0.07226562 0.33789062 0.04101562
v -0.07226562 0.34179688 -0.12304688
v -0.07226562 0.34179688 0.04101562
v -0.07226562 0.34960938 0.03710938
v -0.07226562 0.36914062 0.03320312
v -0.07226562 0.39257812 0.05273438
v -0.07226562 0.41992188 0.05273438
v -0.07226562 0.45898438 -0.11523438
v -0.07226562 0.47460938 0.01757812
v -0.07226562 0.47851562 -0.08007812
v -0.07226562 0.47851562 -0.00585938
v -0.07226562 0.47851562 0.00976562
v -0.06835938 -0.43164062 -0.07226562
v -0.06835938 -0.42773438 -0.04492188
v -0.06835938 -0.37695312 -0.00585938
v -0.06835938 -0.32226562 0.02539062
v -0.06835938 -0.29492188 -0.11914062
v -0.06835938 -0.08789062 -0.15820312
v -0.06835938 -0.08007812 -0.15820312
v -0.06835938 -0.07226562 -0.15820312
v -0.06835938 -0.06835938 -0.15820312
v -0.06835938 -0.06054688 -0.15820312
v -0.06835938 -0.04882812 -0.15820312
v -0.06835938 -0.00976562 0.04882812
v -0.06835938 -0.00585938 0.05273438
v -0.06835938 0.03710938 0.05273438
v -0.06835938 0.04101562 0.05664062
v -0.06835938 0.04882812 0.06054688
v -0.06835938 0.06445312 0.06445312
v -0.06835938 0.07226562 -0.19726562
v -0.06835938 0.08398438 0.06445312
v -0.06835938 0.12304688 -0.20898438
v -0.06835938 0.22070312 0.00195312
v -0.06835938 0.27148438 0.00195312
v -0.06835938 0.27929688 0.02148438
v -0.06835938 0.31445312 0.03710938
v -0.06835938 0.32226562 0.03710938
v -0.06835938 0.35742188 0.03710938
v -0.06835938 0.36523438 0.04101562
v -0.06835938 0.38085938 0.04101562
v -0.06835938 0.39257812 0.04101562
v -0.06835938 0.40429688 0.05664062
v -0.06445312 -0.39257812 -0.11132812
v -0.06445312 -0.27148438 -0.10742188
v -0.06445312 -0.26367188 -0.10351562
v -0.06445312 -0.26367188 0.03710938
v -0.06445312 -0.25195312 -0.14648438
v -0.06445312 -0.04101562 -0.16210938
v -0.06445312 -0.02539062 -0.16601562
v -0.06445312 0.08789062 -0.20117188
v -0.06445312 0.15429688 -0.20507812
v -0.06445312 0.20117188 0.01757812
v -0.06445312 0.27148438 -0.12304688
v -0.06445312 0.27929688 0.00585938
v -0.06445312 0.31835938 0.04101562
v -0.06445312 0.32226562 -0.11914062
v -0.06445312 0.33789062 0.04492188
v -0.06445312 0.34179688 0.04882812
v -0.06445312 0.34960938 0.04882812
v -0.06445312 0.35351562 0.04492188
v -0.06054688 -0.39257812 -0.08398438
v -0.06054688 -0.39257812 -0.06054688
v -0.06054688 -0.33398438 -0.12304688
v -0.06054688 -0.29492188 0.02539062
v -0.06054688 -0.25976562 -0.13085938
v -0.06054688 -0.25976562 -0.11132812
v -0.06054688 -0.22460938 0.03710938
v -0.06054688 -0.20507812 0.04882812
v -0.06054688 -0.18554688 0.04882812
v -0.06054688 -0.16210938 0.05273438
v -0.06054688 -0.15039062 0.05664062
v -0.06054688 -0.14648438 0.05664062
v -0.06054688 -0.13085938 -0.16210938
v -0.06054688 -0.11914062 0.05664062
v -0.06054688 -0.11914062 0.06054688
v -0.06054688 -0.11132812 0.05664062
v -0.06054688 -0.10742188 -0.16210938
v -0.06054688 -0.10351562 -0.15820312
v -0.06054688 -0.10351562 0.05664062
v -0.06054688 -0.09179688 0.05273438
v -0.06054688 -0.08789062 -0.15820312
v -0.06054688 -0.08007812 -0.15820312
v -0.06054688 -0.07226562 -0.15820312
v -0.06054688 -0.07226562 0.05273438
v -0.06054688 -0.06835938 -0.15820312
v -0.06054688 -0.05664062 -0.15820312
v -0.06054688 -0.05664062 0.05273438
v -0.06054688 -0.03710938 0.05664062
v -0.06054688 -0.02148438 0.05664062
v -0.06054688 0.00195312 0.05664062
v -0.06054688 0.04882812 -0.18945312
v -0.06054688 0.05664062 -0.19726562
v -0.06054688 0.17382812 0.04101562
v -0.06054688 0.18554688 -0.19335938
v -0.06054688 0.18554688 0.02929688
v -0.06054688 0.27148438 0.04101562
v -0.06054688 0.29492188 0.04101562
v -0.06054688 0.32617188 0.04492188
v -0.06054688 0.35742188 0.03710938
v -0.06054688 0.37695312 0.04492188
v -0.06054688 0.38867188 0.05664062
v -0.06054688 0.42382812 0.05273438
v -0.06054688 0.45117188 0.04492188
v -0.06054688 0.45507812 0.04101562
v -0.06054688 0.46679688 0.02929688
v -0.06054688 0.47851562 -0.09960938
v -0.05664062 0.15820312 0.04492188
v -0.05664062 0.21679688 -0.18164062
v -0.05664062 0.31054688 -0.11132812
v -0.05664062 0.31054688 -0.10351562
v -0.05664062 0.31835938 0.04492188
v -0.05664062 0.35351562 0.05273438
v -0.05664062 0.35742188 0.04882812
v -0.05664062 0.39648438 -0.14257812
v -0.05664062 0.41601562 -0.13867188
v -0.05664062 0.45507812 -0.11914062
v -0.05273438 -0.38476562 -0.04101562
v -0.05273438 -0.32617188 0.00585938
v -0.05273438 -0.29882812 -0.10742188
v -0.05273438 -0.27539062 -0.09570312
v -0.05273438 -0.27539062 -0.08398438
v -0.05273438 -0.26757812 -0.09570312
v -0.05273438 -0.26757812 0.01367188
v -0.05273438 -0.24804688 0.02148438
v -0.05273438 -0.21679688 -0.16601562
v -0.05273438 -0.16601562 -0.16601562
v -0.05273438 -0.15820312 0.06054688
v -0.05273438 -0.15039062 0.06054688
v -0.05273438 0.01757812 0.05664062
v -0.05273438 0.02148438 -0.18164062
v -0.05273438 0.03710938 -0.18554688
v -0.05273438 0.09960938 -0.20898438
v -0.05273438 0.14257812 0.05273438
v -0.05273438 0.32226562 0.04882812
v -0.05273438 0.34179688 -0.13476562
v -0.05273438 0.34179688 0.04882812
v -0.05273438 0.34570312 0.05273438
v -0.05273438 0.36132812 -0.13867188
v -0.05273438 0.36132812 0.04101562
v -0.05273438 0.36914062 0.04101562
v -0.05273438 0.38867188 0.04492188
v -0.05273438 0.40429688 0.06054688
v -0.05273438 0.43945312 -0.13476562
v -0.05273438 0.49804688 -0.05273438
v -0.04882812 -0.00585938 0.05273438
v -0.04882812 -0.00195312 -0.17773438
v -0.04882812 0.07617188 -0.20117188
v -0.04882812 0.08789062 -0.20507812
v -0.04882812 0.11523438 0.06445312
v -0.04882812 0.24414062 -0.16601562
v -0.04882812 0.32226562 -0.12695312
v -0.04882812 0.33007812 0.04882812
v -0.04882812 0.38085938 0.05273438
v -0.04882812 0.39257812 0.06054688
v -0.04882812 0.42773438 0.05664062
v -0.04882812 0.45117188 0.04882812
v -0.04882812 0.45898438 0.04492188
v -0.04882812 0.48632812 0.01757812
v -0.04882812 0.49414062 -0.07617188
v -0.04882812 0.49414062 -0.00585938
v -0.04882812 0.49804688 -0.02929688
v -0.04492188 -0.33398438 -0.10351562
v -0.04492188 -0.29882812 -0.09179688
v -0.04492188 -0.29882812 0.00976562
v -0.04492188 -0.26757812 -0.08398438
v -0.04492188 -0.26367188 -0.09960938
v -0.04492188 -0.25585938 -0.15039062
v -0.04492188 -0.02539062 -0.17382812
v -0.04492188 -0.00195312 0.05664062
v -0.04492188 0.03710938 -0.18945312
v -0.04492188 0.04101562 0.06054688
v -0.04492188 0.04492188 0.06445312
v -0.04492188 0.04882812 -0.19335938
v -0.04492188 0.05664062 -0.19726562
v -0.04492188 0.06835938 -0.20117188
v -0.04492188 0.27148438 0.04101562
v -0.04492188 0.27148438 0.04492188
v -0.04492188 0.29492188 0.04882812
v -0.04492188 0.31054688 -0.11132812
v -0.04492188 0.35742188 0.05273438
v -0.04492188 0.37695312 0.05273438
v -0.04492188 0.47070312 0.03320312
v -0.04101562 -0.33398438 -0.04882812
v -0.04101562 -0.27929688 -0.07226562
v -0.04101562 -0.27929688 -0.00976562
v -0.04101562 -0.27148438 -0.01757812
v -0.04101562 -0.26757812 -0.06445312
v -0.04101562 -0.26757812 0.00195312
v -0.04101562 -0.26367188 -0.08398438
v -0.04101562 -0.25976562 -0.13476562
v -0.04101562 -0.04101562 -0.16992188
v -0.04101562 0.02148438 -0.18554688
v -0.04101562 0.04882812 0.06445312
v -0.04101562 0.06445312 0.06835938
v -0.04101562 0.08789062 0.06835938
v -0.04101562 0.30664062 -0.10742188
v -0.04101562 0.31835938 0.05273438
v -0.04101562 0.32617188 0.05273438
v -0.04101562 0.34960938 0.05273438
v -0.04101562 0.40429688 0.06054688
v -0.04101562 0.45507812 -0.12695312
v -0.03710938 -0.33398438 -0.07617188
v -0.03710938 -0.33007812 -0.02539062
v -0.03710938 -0.29882812 -0.07226562
v -0.03710938 -0.29882812 -0.04882812
v -0.03710938 -0.27929688 -0.04882812
v -0.03710938 -0.27148438 -0.04882812
v -0.03710938 -0.26367188 -0.06835938
v -0.03710938 -0.24804688 0.03710938
v -0.03710938 -0.21679688 -0.16601562
v -0.03710938 -0.16210938 -0.16601562
v -0.03710938 -0.15820312 0.05664062
v -0.03710938 -0.15039062 0.05664062
v -0.03710938 -0.14648438 0.05664062
v -0.03710938 -0.13085938 -0.16601562
v -0.03710938 -0.11914062 0.05664062
v -0.03710938 -0.11914062 0.06054688
v -0.03710938 -0.11132812 0.05664062
v -0.03710938 -0.10742188 -0.16601562
v -0.03710938 -0.10351562 -0.16210938
v -0.03710938 -0.10351562 0.05664062
v -0.03710938 -0.09179688 0.05664062
v -0.03710938 -0.08789062 -0.16210938
v -0.03710938 -0.08007812 -0.16210938
v -0.03710938 -0.07226562 -0.16601562
v -0.03710938 -0.07226562 0.05664062
v -0.03710938 -0.06445312 -0.16601562
v -0.03710938 -0.05664062 -0.16601562
v -0.03710938 -0.05273438 0.05664062
v -0.03710938 -0.03320312 0.05664062
v -0.03710938 -0.02539062 -0.17382812
v -0.03710938 -0.01367188 0.05664062
v -0.03710938 -0.00195312 -0.18164062
v -0.03710938 0.00976562 0.06054688
v -0.03710938 0.21289062 0.00585938
v -0.03710938 0.25585938 -0.14257812
v -0.03710938 0.34570312 0.05273438
v -0.03710938 0.47851562 -0.10742188
v -0.03320312 -0.30273438 -0.02539062
v -0.03320312 -0.27539062 -0.00976562
v -0.03320312 -0.26757812 -0.12304688
v -0.03320312 -0.26757812 0.00976562
v -0.03320312 -0.21679688 -0.16601562
v -0.03320312 -0.16210938 -0.16601562
v -0.03320312 -0.13085938 -0.16601562
v -0.03320312 -0.10742188 -0.16601562
v -0.03320312 -0.10351562 -0.16210938
v -0.03320312 -0.08789062 -0.16210938
v -0.03320312 -0.08007812 -0.16210938
v -0.03320312 -0.07226562 -0.16601562
v -0.03320312 -0.06445312 -0.16601562
v -0.03320312 -0.05664062 -0.16601562
v -0.03320312 -0.04101562 -0.16992188
v -0.03320312 -0.00195312 0.05273438
v -0.03320312 0.02539062 0.06054688
v -0.03320312 0.03710938 -0.19335938
v -0.03320312 0.04882812 -0.19726562
v -0.03320312 0.05664062 -0.20117188
v -0.03320312 0.06835938 -0.20507812
v -0.03320312 0.08007812 -0.20898438
v -0.03320312 0.08789062 -0.21289062
v -0.03320312 0.09570312 -0.20507812
v -0.03320312 0.10351562 -0.21679688
v -0.03320312 0.10351562 -0.20898438
v -0.03320312 0.11523438 -0.21679688
v -0.03320312 0.11914062 -0.21289062
v -0.03320312 0.13867188 -0.21679688
v -0.03320312 0.13867188 -0.21289062
v -0.03320312 0.15820312 -0.20898438
v -0.03320312 0.20117188 0.01757812
v -0.03320312 0.26757812 -0.13085938
v -0.03320312 0.26757812 0.04492188
v -0.03320312 0.27148438 0.04882812
v -0.03320312 0.32226562 -0.13085938
v -0.03320312 0.33398438 0.05273438
v -0.03320312 0.34179688 -0.13476562
v -0.03320312 0.36132812 -0.14257812
v -0.03320312 0.39648438 -0.14648438
v -0.03320312 0.41601562 -0.14257812
v -0.02929688 -0.26757812 -0.10742188
v -0.02929688 -0.26757812 -0.04882812
v -0.02929688 -0.25976562 -0.13867188
v -0.02929688 -0.25195312 -0.15039062
v -0.02929688 -0.21679688 -0.16601562
v -0.02929688 -0.16210938 -0.16601562
v -0.02929688 -0.13085938 -0.16601562
v -0.02929688 -0.10742188 -0.16601562
v -0.02929688 -0.10351562 -0.16210938
v -0.02929688 -0.08789062 -0.16210938
v -0.02929688 -0.08007812 -0.16210938
v -0.02929688 -0.07226562 -0.16601562
v -0.02929688 -0.06445312 -0.16601562
v -0.02929688 -0.05664062 -0.16601562
v -0.02929688 -0.04101562 -0.16992188
v -0.02929688 -0.02539062 -0.17382812
v -0.02929688 -0.00195312 -0.18164062
v -0.02929688 0.00585938 0.05664062
v -0.02929688 0.02148438 -0.18945312
v -0.02929688 0.04101562 0.06054688
v -0.02929688 0.04492188 0.06445312
v -0.02929688 0.15820312 -0.21289062
v -0.02929688 0.17382812 0.03710938
v -0.02929688 0.18554688 0.02929688
v -0.02929688 0.18945312 -0.20117188
v -0.02929688 0.29101562 0.05273438
v -0.02929688 0.31054688 -0.11523438
v -0.02929688 0.32226562 0.05664062
v -0.02929688 0.32617188 0.05664062
v -0.02929688 0.43945312 -0.13867188
v -0.02929688 0.45898438 0.04492188
v -0.02539062 0.26757812 0.05273438
v -0.02539062 0.33398438 0.05664062
v -0.02539062 0.34960938 0.05664062
v -0.02539062 0.35742188 0.06054688
v -0.02539062 0.40039062 0.06054688
v -0.02539062 0.42773438 0.05664062
v -0.02539062 0.45117188 0.04882812
v -0.02148438 -0.26757812 -0.06445312
v -0.02148438 -0.26367188 -0.09179688
v -0.02148438 0.01367188 0.06054688
v -0.02148438 0.05273438 0.06445312
v -0.02148438 0.06835938 0.06835938
v -0.02148438 0.15820312 0.04492188
v -0.02148438 0.18945312 -0.20117188
v -0.02148438 0.21679688 -0.18554688
v -0.02148438 0.30664062 -0.11132812
v -0.02148438 0.36132812 0.06054688
v -0.02148438 0.38085938 0.06054688
v -0.02148438 0.49414062 -0.08398438
v -0.02148438 0.49414062 -0.00195312
v -0.02148438 0.49804688 -0.05664062
v -0.02148438 0.49804688 -0.02539062
v -0.01757812 0.02929688 0.05664062
v -0.01757812 0.09960938 0.06835938
v -0.01757812 0.14257812 0.05273438
v -0.01757812 0.20898438 0.01367188
v -0.01757812 0.24023438 -0.16601562
v -0.01757812 0.26757812 0.04882812
v -0.01757812 0.27539062 0.04492188
v -0.01757812 0.29101562 0.05664062
v -0.01757812 0.32226562 0.05664062
v -0.01757812 0.33007812 0.06054688
v -0.01757812 0.33398438 0.06054688
v -0.01757812 0.34960938 0.05664062
v -0.01757812 0.36523438 0.06054688
v -0.01757812 0.40039062 0.06054688
v -0.01757812 0.42773438 0.05664062
v -0.01757812 0.45117188 0.04882812
v -0.01757812 0.45898438 0.04492188
v -0.01757812 0.47460938 0.03320312
v -0.01757812 0.47851562 -0.10742188
v -0.01757812 0.48632812 0.01757812
v -0.01367188 -0.27148438 -0.01367188
v -0.01367188 -0.26367188 -0.04101562
v -0.01367188 -0.00195312 -0.18164062
v -0.01367188 0.02539062 -0.18945312
v -0.01367188 0.03710938 -0.19335938
v -0.01367188 0.04101562 0.06054688
v -0.01367188 0.04882812 -0.19726562
v -0.01367188 0.06054688 -0.20507812
v -0.01367188 0.12304688 0.06054688
v -0.01367188 0.21679688 -0.18945312
v -0.01367188 0.24023438 -0.16992188
v -0.01367188 0.25585938 -0.14648438
v -0.01367188 0.26757812 0.04882812
v -0.01367188 0.35742188 0.06054688
v -0.01367188 0.38085938 0.06054688
v -0.01367188 0.45507812 -0.13085938
v -0.00976562 -0.26367188 -0.10351562
v -0.00976562 -0.25976562 -0.13476562
v -0.00976562 -0.25976562 0.01757812
v -0.00976562 -0.21679688 -0.16992188
v -0.00976562 -0.15820312 -0.16601562
v -0.00976562 -0.13085938 -0.16601562
v -0.00976562 -0.10742188 -0.16601562
v -0.00976562 -0.10351562 -0.16210938
v -0.00976562 -0.08789062 -0.16210938
v -0.00976562 -0.08007812 -0.16601562
v -0.00976562 -0.07226562 -0.16601562
v -0.00976562 -0.06445312 -0.16601562
v -0.00976562 -0.05664062 -0.16601562
v -0.00976562 -0.04101562 -0.17382812
v -0.00976562 -0.02539062 -0.17773438
v -0.00976562 -0.00195312 -0.18164062
v -0.00976562 0.02539062 -0.18945312
v -0.00976562 0.03710938 -0.19335938
v -0.00976562 0.04882812 0.06054688
v -0.00976562 0.06835938 -0.20898438
v -0.00976562 0.20507812 0.01367188
v -0.00976562 0.25585938 -0.14648438
v -0.00976562 0.26757812 -0.13085938
v -0.00976562 0.26757812 0.01757812
v -0.00976562 0.30664062 -0.11132812
v -0.00976562 0.36132812 0.06054688
v -0.00976562 0.38085938 0.06054688
v -0.00976562 0.40039062 0.06054688
v -0.00585938 -0.31054688 -0.07617188
v -0.00585938 -0.30664062 -0.05273438
v -0.00585938 -0.26367188 -0.08398438
v -0.00585938 -0.26367188 -0.04101562
v -0.00585938 -0.25976562 -0.06445312
v -0.00585938 -0.25195312 -0.15039062
v -0.00585938 -0.23632812 0.03710938
v -0.00585938 -0.02539062 -0.17773438
v -0.00585938 0.04882812 -0.20117188
v -0.00585938 0.05664062 0.06445312
v -0.00585938 0.08007812 -0.21679688
v -0.00585938 0.18554688 0.02929688
v -0.00585938 0.20117188 0.02148438
v -0.00585938 0.26757812 -0.13085938
v -0.00585938 0.26757812 0.04492188
v -0.00585938 0.27539062 0.03710938
v -0.00585938 0.31054688 -0.11523438
v -0.00585938 0.32226562 0.05664062
v -0.00585938 0.33007812 0.05664062
v -0.00585938 0.33398438 0.05664062
v -0.00585938 0.34960938 0.05664062
v -0.00585938 0.35742188 0.05664062
v -0.00585938 0.42773438 0.05664062
v -0.00585938 0.45117188 0.04882812
v -0.00585938 0.45898438 0.04101562
v -0.00585938 0.49414062 -0.08007812
v -0.00195312 -0.34960938 -0.10742188
v -0.00195312 -0.34570312 -0.07617188
v -0.00195312 -0.26757812 -0.08007812
v -0.00195312 -0.06835938 -0.16601562
v -0.00195312 -0.06054688 -0.16992188
v -0.00195312 -0.04492188 -0.17382812
v -0.00195312 0.06054688 -0.20898438
v -0.00195312 0.06835938 0.06445312
v -0.00195312 0.15429688 0.04492188
v -0.00195312 0.17382812 0.03320312
v -0.00195312 0.24023438 0.00976562
v -0.00195312 0.26757812 0.04882812
v -0.00195312 0.29101562 0.05273438
v -0.00195312 0.31835938 -0.12695312
v -0.00195312 0.49804688 -0.05664062
v -0.00195312 0.49804688 -0.02929688
v 0.00195312 -0.31054688 -0.10351562
v 0.00195312 -0.28320312 -0.08007812
v 0.00195312 -0.27929688 -0.06054688
v 0.00195312 -0.26757812 -0.09960938
v 0.00195312 -0.26757812 -0.06054688
v 0.00195312 -0.26367188 -0.06054688
v 0.00195312 -0.25976562 -0.11914062
v 0.00195312 -0.19335938 0.04492188
v 0.00195312 -0.18164062 0.04492188
v 0.00195312 -0.15820312 0.04492188
v 0.00195312 -0.15820312 0.05273438
v 0.00195312 -0.15429688 0.05664062
v 0.00195312 -0.15039062 0.05664062
v 0.00195312 -0.11914062 0.05664062
v 0.00195312 -0.11914062 0.06054688
v 0.00195312 -0.11523438 0.05664062
v 0.00195312 -0.10742188 0.05664062
v 0.00195312 -0.09179688 0.05273438
v 0.00195312 -0.08789062 -0.16601562
v 0.00195312 -0.08007812 -0.16601562
v 0.00195312 -0.07226562 -0.16601562
v 0.00195312 -0.07226562 0.05273438
v 0.00195312 -0.05273438 0.05273438
v 0.00195312 0.06835938 -0.21289062
v 0.00195312 0.10351562 0.06445312
v 0.00195312 0.12695312 0.06054688
v 0.00195312 0.14257812 0.05273438
v 0.00195312 0.26757812 0.04492188
v 0.00195312 0.34179688 -0.13476562
v 0.00195312 0.47070312 0.02929688
v 0.00585938 -0.34960938 -0.13476562
v 0.00585938 -0.34570312 -0.05273438
v 0.00585938 -0.28320312 -0.09570312
v 0.00585938 -0.27539062 -0.04101562
v 0.00585938 -0.27148438 -0.09570312
v 0.00585938 -0.27148438 -0.08007812
v 0.00585938 -0.26367188 -0.11523438
v 0.00585938 -0.26367188 -0.00976562
v 0.00585938 -0.25585938 -0.04101562
v 0.00585938 -0.10742188 -0.16601562
v 0.00585938 -0.10351562 -0.16210938
v 0.00585938 -0.03320312 0.05273438
v 0.00585938 0.29101562 0.04882812
v 0.00585938 0.30664062 -0.10742188
v 0.00585938 0.31054688 -0.11132812
v 0.00585938 0.32226562 0.05273438
v 0.00585938 0.32617188 0.05273438
v 0.00585938 0.33398438 0.05273438
v 0.00585938 0.34570312 0.05273438
v 0.00585938 0.36132812 -0.13867188
v 0.00585938 0.37695312 0.04882812
v 0.00585938 0.39648438 -0.14257812
v 0.00585938 0.39648438 0.05664062
v 0.00585938 0.40429688 0.05664062
v 0.00585938 0.41601562 -0.14257812
v 0.00585938 0.43945312 -0.13476562
v 0.00585938 0.45507812 -0.12304688
v 0.00585938 0.47851562 -0.09960938
v 0.00585938 0.48242188 0.01367188
v 0.00585938 0.49023438 -0.00585938
v 0.00976562 -0.31054688 -0.12695312
v 0.00976562 -0.25195312 -0.13476562
v 0.00976562 -0.24414062 -0.15039062
v 0.00976562 -0.01757812 0.05273438
v 0.00976562 0.08007812 -0.21679688
v 0.00976562 0.26757812 0.04101562
v 0.00976562 0.26757812 0.04492188
v 0.00976562 0.34960938 0.04882812
v 0.00976562 0.36132812 0.04882812
v 0.00976562 0.43164062 0.05273438
v 0.00976562 0.45117188 0.04101562
v 0.00976562 0.45898438 0.03710938
v 0.01367188 -0.30273438 -0.03320312
v 0.01367188 -0.28320312 -0.11523438
v 0.01367188 -0.27148438 -0.10742188
v 0.01367188 -0.25976562 -0.02929688
v 0.01367188 -0.25585938 -0.01367188
v 0.01367188 -0.24804688 0.00976562
v 0.01367188 -0.20898438 -0.16992188
v 0.01367188 -0.15820312 -0.16601562
v 0.01367188 -0.15820312 0.05273438
v 0.01367188 -0.15429688 0.05273438
v 0.01367188 -0.15039062 0.05664062
v 0.01367188 -0.12695312 -0.16601562
v 0.01367188 -0.11914062 0.05664062
v 0.01367188 0.00195312 0.05273438
v 0.01367188 0.00585938 0.05273438
v 0.01367188 0.08398438 -0.21289062
v 0.01367188 0.09570312 -0.21679688
v 0.01367188 0.11523438 -0.21679688
v 0.01367188 0.13867188 -0.21679688
v 0.01367188 0.15820312 -0.21289062
v 0.01367188 0.26757812 -0.12695312
v 0.01367188 0.32226562 -0.11914062
v 0.01367188 0.35742188 0.04492188
v 0.01367188 0.37304688 0.04101562
v 0.01367188 0.38085938 0.05273438
v 0.01367188 0.38867188 0.04101562
v 0.01757812 0.01367188 0.05664062
v 0.01757812 0.02539062 0.05273438
v 0.01757812 0.04101562 0.05273438
v 0.01757812 0.18554688 -0.20117188
v 0.01757812 0.25976562 -0.14257812
v 0.01757812 0.27148438 0.04101562
v 0.01757812 0.36132812 0.04101562
v 0.01757812 0.38867188 0.05273438
v 0.01757812 0.40429688 0.05664062
v 0.02148438 -0.25976562 -0.12304688
v 0.02148438 -0.24804688 -0.12695312
v 0.02148438 -0.15039062 0.04882812
v 0.02148438 -0.11914062 0.04882812
v 0.02148438 0.04492188 0.05664062
v 0.02148438 0.05273438 0.06054688
v 0.02148438 0.21289062 -0.19335938
v 0.02148438 0.24414062 -0.16601562
v 0.02148438 0.26757812 -0.00976562
v 0.02148438 0.27539062 0.02929688
v 0.02148438 0.29492188 0.04101562
v 0.02148438 0.30664062 -0.09570312
v 0.02148438 0.31054688 -0.10351562
v 0.02148438 0.31835938 0.04492188
v 0.02148438 0.32617188 0.04492188
v 0.02148438 0.33007812 0.04492188
v 0.02148438 0.34179688 -0.12304688
v 0.02148438 0.34179688 0.04492188
v 0.02148438 0.34960938 0.04492188
v 0.02148438 0.35351562 0.04101562
v 0.02148438 0.36132812 0.03710938
v 0.02148438 0.36914062 0.04101562
v 0.02148438 0.42773438 0.04492188
v 0.02148438 0.43945312 -0.12695312
v 0.02148438 0.45507812 -0.11523438
v 0.02148438 0.47851562 -0.08007812
v 0.02539062 -0.40429688 -0.07226562
v 0.02539062 -0.34179688 -0.03320312
v 0.02539062 -0.21679688 0.02929688
v 0.02539062 -0.15039062 0.05273438
v 0.02539062 -0.11914062 0.05273438
v 0.02539062 0.27539062 -0.00585938
v 0.02539062 0.36132812 -0.12695312
v 0.02539062 0.38085938 0.03710938
v 0.02539062 0.39648438 -0.13085938
v 0.02539062 0.39648438 0.04882812
v 0.02539062 0.41601562 -0.13085938
v 0.02539062 0.45117188 0.03320312
v 0.02539062 0.45507812 0.02929688
v 0.02539062 0.46679688 0.02148438
v 0.02539062 0.47460938 0.00585938
v 0.02539062 0.48242188 -0.05273438
v 0.02539062 0.48242188 -0.01757812
v 0.02539062 0.48632812 -0.03320312
v 0.02929688 -0.40820312 -0.10351562
v 0.02929688 -0.40429688 -0.05273438
v 0.02929688 -0.35351562 -0.15039062
v 0.02929688 -0.31054688 -0.13867188
v 0.02929688 -0.28320312 -0.12695312
v 0.02929688 -0.26757812 -0.11914062
v 0.02929688 -0.26367188 -0.00976562
v 0.02929688 -0.24414062 -0.00976562
v 0.02929688 -0.24414062 0.00195312
v 0.02929688 -0.20507812 -0.16601562
v 0.02929688 -0.15820312 0.04492188
v 0.02929688 -0.11132812 0.04882812
v 0.02929688 -0.10351562 0.04882812
v 0.02929688 -0.09179688 0.04882812
v 0.02929688 -0.07226562 0.04882812
v 0.02929688 -0.05664062 0.04882812
v 0.02929688 -0.02929688 -0.17382812
v 0.02929688 -0.00585938 -0.18164062
v 0.02929688 0.02148438 -0.18945312
v 0.02929688 0.03320312 -0.19335938
v 0.02929688 0.04492188 -0.20117188
v 0.02929688 0.05664062 -0.20507812
v 0.02929688 0.06445312 -0.21289062
v 0.02929688 0.06445312 0.06445312
v 0.02929688 0.07617188 -0.21289062
v 0.02929688 0.09179688 -0.21679688
v 0.02929688 0.09570312 0.06445312
v 0.02929688 0.12304688 0.05664062
v 0.02929688 0.14257812 0.04492188
v 0.02929688 0.22070312 -0.00585938
v 0.02929688 0.22460938 -0.18164062
v 0.02929688 0.24414062 -0.16601562
v 0.02929688 0.25976562 -0.14257812
v 0.02929688 0.27539062 -0.00195312
v 0.02929688 0.27539062 0.02148438
v 0.02929688 0.30664062 -0.08398438
v 0.02929688 0.32226562 -0.10742188
v 0.02929688 0.32226562 0.03710938
v 0.02929688 0.33007812 0.03710938
v 0.02929688 0.34179688 0.03710938
v 0.02929688 0.34570312 0.03710938
v 0.02929688 0.39648438 0.03710938
v 0.02929688 0.40820312 0.04492188
v 0.02929688 0.45898438 -0.09960938
v 0.03320312 -0.29492188 -0.01367188
v 0.03320312 -0.23632812 -0.15429688
v 0.03320312 -0.15820312 0.04882812
v 0.03320312 -0.15429688 -0.16601562
v 0.03320312 -0.12695312 -0.16601562
v 0.03320312 -0.10742188 -0.16210938
v 0.03320312 -0.10351562 -0.16210938
v 0.03320312 -0.08789062 -0.16210938
v 0.03320312 -0.08398438 -0.16210938
v 0.03320312 -0.07617188 -0.16210938
v 0.03320312 -0.07226562 -0.16601562
v 0.03320312 -0.06054688 -0.16992188
v 0.03320312 -0.04882812 -0.16992188
v 0.03320312 -0.03710938 0.04882812
v 0.03320312 -0.02148438 0.04882812
v 0.03320312 0.29492188 0.02539062
v 0.03320312 0.31054688 -0.08789062
v 0.03320312 0.31835938 0.03320312
v 0.03320312 0.35351562 0.03710938
v 0.03320312 0.35742188 0.03320312
v 0.03320312 0.36523438 0.03320312
v 0.03320312 0.38476562 0.03320312
v 0.03320312 0.44726562 0.02929688
v 0.03320312 0.45117188 0.02539062
v 0.03320312 0.45507812 0.02148438
v 0.03710938 -0.40820312 -0.12695312
v 0.03710938 -0.40429688 -0.02929688
v 0.03710938 -0.24023438 -0.13476562
v 0.03710938 -0.17773438 0.03710938
v 0.03710938 -0.15039062 0.04882812
v 0.03710938 -0.11914062 0.04882812
v 0.03710938 -0.11914062 0.05273438
v 0.03710938 -0.11132812 0.04882812
v 0.03710938 -0.10351562 0.04882812
v 0.03710938 -0.09179688 0.04492188
v 0.03710938 -0.07617188 0.04492188
v 0.03710938 -0.06054688 0.04492188
v 0.03710938 -0.03320312 -0.16992188
v 0.03710938 -0.00976562 -0.17773438
v 0.03710938 0.01757812 -0.18945312
v 0.03710938 0.02539062 -0.18945312
v 0.03710938 0.04882812 -0.20507812
v 0.03710938 0.06054688 -0.20898438
v 0.03710938 0.15429688 0.04101562
v 0.03710938 0.20117188 0.00976562
v 0.03710938 0.26757812 -0.10742188
v 0.03710938 0.27539062 -0.02539062
v 0.03710938 0.28320312 0.00195312
v 0.03710938 0.28710938 -0.02148438
v 0.03710938 0.29101562 -0.03320312
v 0.03710938 0.30273438 -0.05273438
v 0.03710938 0.30664062 -0.06835938
v 0.03710938 0.31054688 -0.06835938
v 0.03710938 0.32617188 0.02539062
v 0.03710938 0.34179688 -0.11132812
v 0.03710938 0.39257812 0.02929688
v 0.03710938 0.39648438 0.04101562
v 0.03710938 0.42382812 0.03710938
v 0.03710938 0.46289062 0.00585938
v 0.04101562 -0.33789062 -0.01367188
v 0.04101562 -0.24804688 -0.12695312
v 0.04101562 -0.21679688 0.01757812
v 0.04101562 -0.19726562 -0.16210938
v 0.04101562 -0.06445312 -0.16210938
v 0.04101562 -0.05273438 -0.16601562
v 0.04101562 -0.04492188 0.04492188
v 0.04101562 -0.00585938 0.04492188
v 0.04101562 0.00195312 0.04492188
v 0.04101562 0.04101562 -0.19726562
v 0.04101562 0.28710938 -0.03710938
v 0.04101562 0.28710938 -0.01367188
v 0.04101562 0.29492188 -0.01367188
v 0.04101562 0.29492188 -0.00585938
v 0.04101562 0.29492188 0.00976562
v 0.04101562 0.29882812 -0.05273438
v 0.04101562 0.30273438 -0.02929688
v 0.04101562 0.30664062 -0.06445312
v 0.04101562 0.31445312 0.01757812
v 0.04101562 0.32226562 -0.09179688
v 0.04101562 0.32226562 0.02539062
v 0.04101562 0.33789062 0.02539062
v 0.04101562 0.34179688 0.02929688
v 0.04101562 0.34960938 0.02929688
v 0.04101562 0.35742188 0.02929688
v 0.04101562 0.36914062 0.02929688
v 0.04101562 0.40820312 0.03320312
v 0.04101562 0.43945312 -0.10742188
v 0.04101562 0.45898438 -0.08398438
v 0.04101562 0.46289062 -0.07226562
v 0.04101562 0.46289062 -0.06054688
v 0.04492188 -0.27929688 -0.13867188
v 0.04492188 -0.26367188 -0.13085938
v 0.04492188 -0.22070312 0.00585938
v 0.04492188 -0.15820312 0.03710938
v 0.04492188 -0.15820312 0.04101562
v 0.04492188 -0.15429688 0.04492188
v 0.04492188 -0.11914062 0.04101562
v 0.04492188 -0.11132812 0.04101562
v 0.04492188 -0.10351562 -0.15820312
v 0.04492188 -0.10351562 0.04101562
v 0.04492188 -0.09570312 0.04101562
v 0.04492188 -0.09179688 -0.15820312
v 0.04492188 -0.08398438 -0.15820312
v 0.04492188 -0.08007812 -0.15820312
v 0.04492188 -0.07617188 0.04101562
v 0.04492188 -0.07226562 -0.16210938
v 0.04492188 -0.02929688 0.04492188
v 0.04492188 0.00976562 0.04882812
v 0.04492188 0.02148438 0.04882812
v 0.04492188 0.03710938 0.04882812
v 0.04492188 0.04101562 0.04882812
v 0.04492188 0.04492188 -0.20117188
v 0.04492188 0.15820312 0.03320312
v 0.04492188 0.17382812 0.02929688
v 0.04492188 0.18554688 0.02148438
v 0.04492188 0.24023438 -0.03320312
v 0.04492188 0.29882812 -0.01367188
v 0.04492188 0.29882812 -0.00976562
v 0.04492188 0.31835938 0.00195312
v 0.04492188 0.32226562 -0.07226562
v 0.04492188 0.32226562 -0.05273438
v 0.04492188 0.32226562 -0.04101562
v 0.04492188 0.32226562 0.00976562
v 0.04492188 0.32226562 0.01367188
v 0.04492188 0.33789062 0.02148438
v 0.04492188 0.36132812 -0.11132812
v 0.04492188 0.36523438 0.02148438
v 0.04492188 0.38085938 0.02148438
v 0.04492188 0.39257812 0.02148438
v 0.04492188 0.39648438 0.02929688
v 0.04492188 0.41601562 -0.11132812
v 0.04492188 0.41992188 0.02929688
v 0.04492188 0.44726562 0.01757812
v 0.04492188 0.45117188 0.01367188
v 0.04492188 0.45898438 -0.02539062
v 0.04492188 0.45898438 -0.00976562
v 0.04492188 0.46289062 -0.08789062
v 0.04492188 0.46289062 -0.03710938
v 0.04492188 0.47070312 -0.08398438
v 0.04492188 0.47460938 -0.08789062
v 0.04492188 0.47851562 -0.10742188
v 0.04492188 0.47851562 -0.08789062
v 0.04882812 -0.45117188 -0.06835938
v 0.04882812 -0.45117188 -0.05273438
v 0.04882812 -0.31054688 -0.15039062
v 0.04882812 -0.20898438 -0.15820312
v 0.04882812 -0.15039062 -0.16210938
v 0.04882812 -0.12304688 -0.16210938
v 0.04882812 -0.11914062 0.04492188
v 0.04882812 -0.10742188 -0.15820312
v 0.04882812 -0.06445312 0.04101562
v 0.04882812 -0.05273438 0.04101562
v 0.04882812 -0.00976562 0.04101562
v 0.04882812 0.04882812 0.04882812
v 0.04882812 0.06054688 -0.20507812
v 0.04882812 0.25195312 -0.06054688
v 0.04882812 0.25976562 -0.08398438
v 0.04882812 0.29492188 -0.01367188
v 0.04882812 0.29492188 -0.00976562
v 0.04882812 0.30273438 -0.01757812
v 0.04882812 0.30664062 -0.02539062
v 0.04882812 0.31054688 -0.00585938
v 0.04882812 0.31835938 0.00195312
v 0.04882812 0.32617188 0.00976562
v 0.04882812 0.33789062 -0.09570312
v 0.04882812 0.33789062 -0.07226562
v 0.04882812 0.33789062 -0.05273438
v 0.04882812 0.33789062 0.01367188
v 0.04882812 0.34179688 0.01757812
v 0.04882812 0.35742188 0.02539062
v 0.04882812 0.39648438 -0.11132812
v 0.04882812 0.40429688 0.02539062
v 0.04882812 0.43945312 -0.08789062
v 0.04882812 0.43945312 0.01757812
v 0.04882812 0.44726562 -0.05664062
v 0.04882812 0.44726562 -0.04101562
v 0.04882812 0.44726562 -0.00976562
v 0.04882812 0.45117188 -0.01757812
v 0.04882812 0.45117188 -0.00195312
v 0.04882812 0.45117188 0.00976562
v 0.04882812 0.45507812 -0.08398438
v 0.04882812 0.45507812 -0.06445312
v 0.04882812 0.47070312 -0.06835938
v 0.05273438 -0.45117188 -0.09570312
v 0.05273438 -0.45117188 -0.03320312
v 0.05273438 -0.40820312 -0.14648438
v 0.05273438 -0.40039062 -0.01367188
v 0.05273438 -0.35742188 -0.16210938
v 0.05273438 -0.25976562 0.00585938
v 0.05273438 -0.18945312 0.02539062
v 0.05273438 -0.03710938 0.04101562
v 0.05273438 -0.00195312 0.03710938
v 0.05273438 0.02148438 -0.18554688
v 0.05273438 0.03710938 -0.19335938
v 0.05273438 0.08398438 -0.21289062
v 0.05273438 0.10351562 -0.21289062
v 0.05273438 0.12304688 -0.21679688
v 0.05273438 0.15039062 -0.21289062
v 0.05273438 0.18164062 -0.20117188
v 0.05273438 0.20898438 -0.18945312
v 0.05273438 0.31054688 -0.01367188
v 0.05273438 0.32226562 -0.01367188
v 0.05273438 0.32617188 -0.00195312
v 0.05273438 0.33007812 -0.03320312
v 0.05273438 0.34179688 -0.03320312
v 0.05273438 0.34570312 0.00976562
v 0.05273438 0.34960938 -0.05273438
v 0.05273438 0.34960938 0.01757812
v 0.05273438 0.35351562 -0.06445312
v 0.05273438 0.35742188 -0.04492188
v 0.05273438 0.36132812 -0.09179688
v 0.05273438 0.36914062 0.02148438
v 0.05273438 0.38085938 0.02148438
v 0.05273438 0.39257812 0.02148438
v 0.05273438 0.39648438 0.01757812
v 0.05273438 0.41601562 -0.09179688
v 0.05273438 0.41992188 0.02148438
v 0.05273438 0.42382812 -0.05664062
v 0.05273438 0.42382812 -0.00585938
v 0.05273438 0.43554688 -0.05664062
v 0.05273438 0.43554688 -0.04101562
v 0.05273438 0.43554688 0.00585938
v 0.05273438 0.43554688 0.01757812
v 0.05273438 0.43945312 -0.06445312
v 0.05273438 0.43945312 -0.05664062
v 0.05273438 0.43945312 0.00976562
v 0.05273438 0.44335938 -0.07226562
v 0.05273438 0.44335938 -0.05664062
v 0.05273438 0.44335938 -0.05273438
v 0.05273438 0.44335938 -0.04492188
v 0.05273438 0.44335938 -0.04101562
v 0.05273438 0.44335938 -0.01757812
v 0.05273438 0.44335938 0.00976562
v 0.05273438 0.44335938 0.01367188
v 0.05273438 0.44726562 -0.05664062
v 0.05273438 0.44726562 -0.02929688
v 0.05273438 0.45117188 -0.05273438
v 0.05273438 0.46289062 -0.05664062
v 0.05273438 0.47460938 -0.10351562
v 0.05273438 0.47460938 -0.06445312
v 0.05273438 0.48632812 -0.11132812
v 0.05664062 0.06054688 0.05664062
v 0.05664062 0.08789062 0.05664062
v 0.05664062 0.21679688 -0.18164062
v 0.05664062 0.22460938 -0.18164062
v 0.05664062 0.33789062 -0.00976562
v 0.05664062 0.33789062 0.00585938
v 0.05664062 0.35351562 -0.05273438
v 0.05664062 0.35742188 -0.06835938
v 0.05664062 0.36132812 -0.05273438
v 0.05664062 0.36132812 -0.00195312
v 0.05664062 0.36132812 0.01367188
v 0.05664062 0.36914062 0.01757812
v 0.05664062 0.37304688 -0.07226562
v 0.05664062 0.37304688 -0.04882812
v 0.05664062 0.37304688 -0.04492188
v 0.05664062 0.37304688 0.01367188
v 0.05664062 0.38476562 0.01367188
v 0.05664062 0.38476562 0.01757812
v 0.05664062 0.39648438 -0.09179688
v 0.05664062 0.39648438 -0.00195312
v 0.05664062 0.40039062 0.01367188
v 0.05664062 0.40820312 0.01367188
v 0.05664062 0.41210938 0.00976562
v 0.05664062 0.41601562 -0.06835938
v 0.05664062 0.41601562 -0.03710938
v 0.05664062 0.41601562 0.00976562
v 0.05664062 0.41992188 -0.00585938
v 0.05664062 0.41992188 0.00585938
v 0.05664062 0.42382812 -0.04492188
v 0.05664062 0.42382812 -0.01367188
v 0.05664062 0.42773438 0.00585938
v 0.05664062 0.42773438 0.01367188
v 0.05664062 0.43164062 -0.05273438
v 0.05664062 0.43164062 -0.04882812
v 0.05664062 0.43164062 0.01367188
v 0.05664062 0.43554688 -0.03320312
v 0.05664062 0.43554688 -0.01757812
v 0.05664062 0.43554688 -0.00585938
v 0.05664062 0.43945312 -0.04492188
v 0.05664062 0.44335938 -0.06445312
v 0.05664062 0.44335938 -0.03320312
v 0.05664062 0.45117188 -0.04492188
v 0.05664062 0.45898438 -0.09570312
v 0.05664062 0.46679688 -0.05273438
v 0.05664062 0.47070312 -0.10351562
v 0.06054688 -0.29101562 0.00195312
v 0.06054688 -0.21679688 -0.14648438
v 0.06054688 -0.06835938 -0.15820312
v 0.06054688 -0.05664062 -0.15820312
v 0.06054688 -0.03710938 -0.16601562
v 0.06054688 -0.01367188 -0.17382812
v 0.06054688 -0.01367188 0.03320312
v 0.06054688 0.00585938 0.04101562
v 0.06054688 0.00976562 -0.18164062
v 0.06054688 0.23242188 -0.03320312
v 0.06054688 0.24414062 -0.16210938
v 0.06054688 0.25585938 -0.13085938
v 0.06054688 0.36132812 -0.02148438
v 0.06054688 0.37695312 -0.00195312
v 0.06054688 0.38085938 -0.02539062
v 0.06054688 0.38867188 -0.06835938
v 0.06054688 0.38867188 -0.04882812
v 0.06054688 0.38867188 -0.04492188
v 0.06054688 0.39257812 -0.06054688
v 0.06054688 0.39257812 -0.04882812
v 0.06054688 0.39257812 0.00195312
v 0.06054688 0.39648438 -0.02539062
v 0.06054688 0.43164062 -0.04101562
v 0.06054688 0.43945312 -0.07617188
v 0.06054688 0.44726562 -0.08789062
v 0.06054688 0.44726562 -0.04101562
v 0.06054688 0.45898438 -0.04101562
v 0.06054688 0.47070312 -0.05664062
v 0.06054688 0.48632812 -0.08398438
v 0.06054688 0.49023438 -0.09960938
v 0.06445312 -0.45117188 -0.11523438
v 0.06445312 -0.45117188 -0.01757812
v 0.06445312 -0.33398438 0.00195312
v 0.06445312 -0.22460938 -0.13867188
v 0.06445312 -0.18554688 -0.15820312
v 0.06445312 -0.18554688 0.01757812
v 0.06445312 -0.15820312 0.02539062
v 0.06445312 -0.15820312 0.03320312
v 0.06445312 -0.15429688 0.03710938
v 0.06445312 -0.11914062 0.03320312
v 0.06445312 -0.11914062 0.03710938
v 0.06445312 -0.11132812 0.03320312
v 0.06445312 -0.10351562 -0.15429688
v 0.06445312 -0.10351562 -0.15039062
v 0.06445312 -0.10351562 0.03320312
v 0.06445312 -0.09570312 -0.15039062
v 0.06445312 -0.09570312 0.03320312
v 0.06445312 -0.08398438 -0.15039062
v 0.06445312 -0.08007812 -0.15429688
v 0.06445312 -0.08007812 0.02929688
v 0.06445312 -0.07226562 -0.15429688
v 0.06445312 -0.06835938 0.02929688
v 0.06445312 -0.05664062 0.02929688
v 0.06445312 -0.00976562 0.03320312
v 0.06445312 0.02148438 0.04101562
v 0.06445312 0.03320312 0.04101562
v 0.06445312 0.03710938 0.04101562
v 0.06445312 0.11523438 0.04492188
v 0.06445312 0.35351562 -0.06445312
v 0.06445312 0.35742188 -0.06054688
v 0.06445312 0.36523438 -0.07226562
v 0.06445312 0.37695312 -0.07226562
v 0.06445312 0.38867188 -0.06835938
v 0.06445312 0.39257812 -0.04882812
v 0.06445312 0.39648438 -0.06054688
v 0.06445312 0.43554688 -0.06445312
v 0.06445312 0.43554688 -0.03710938
v 0.06445312 0.44335938 -0.04101562
v 0.06445312 0.45117188 -0.04492188
v 0.06445312 0.46289062 -0.10351562
v 0.06445312 0.46289062 -0.05664062
v 0.06445312 0.46289062 -0.04882812
v 0.06445312 0.46679688 -0.05664062
v 0.06445312 0.47070312 -0.11132812
v 0.06445312 0.47851562 -0.11523438
v 0.06445312 0.47851562 -0.06054688
v 0.06445312 0.48632812 -0.11914062
v 0.06445312 0.49414062 -0.11132812
v 0.06835938 -0.25976562 -0.14257812
v 0.06835938 -0.22070312 0.01757812
v 0.06835938 -0.15820312 -0.15429688
v 0.06835938 -0.14257812 -0.15429688
v 0.06835938 -0.11914062 -0.15429688
v 0.06835938 -0.04492188 0.02929688
v 0.06835938 -0.03320312 0.18945312
v 0.06835938 0.03320312 -0.18945312
v 0.06835938 0.04492188 0.04492188
v 0.06835938 0.13867188 0.03710938
v 0.06835938 0.20117188 0.00195312
v 0.06835938 0.36523438 -0.06835938
v 0.06835938 0.36914062 -0.06445312
v 0.06835938 0.36914062 -0.05664062
v 0.06835938 0.37695312 -0.06835938
v 0.06835938 0.38085938 -0.05664062
v 0.06835938 0.38867188 -0.06445312
v 0.06835938 0.39257812 -0.06054688
v 0.06835938 0.39257812 -0.05664062
v 0.06835938 0.43164062 -0.05273438
v 0.06835938 0.43554688 -0.06445312
v 0.06835938 0.43945312 -0.04882812
v 0.06835938 0.44335938 -0.07226562
v 0.06835938 0.44335938 -0.05664062
v 0.06835938 0.44726562 -0.09179688
v 0.06835938 0.45507812 -0.05664062
v 0.06835938 0.46289062 -0.07226562
v 0.06835938 0.46679688 -0.09570312
v 0.06835938 0.47460938 -0.06054688
v 0.06835938 0.48242188 -0.11523438
v 0.07226562 -0.49804688 -0.06835938
v 0.07226562 -0.49804688 -0.05273438
v 0.07226562 -0.40820312 -0.16210938
v 0.07226562 -0.40039062 -0.00195312
v 0.07226562 -0.27929688 -0.15429688
v 0.07226562 -0.25585938 0.01757812
v 0.07226562 -0.04492188 0.19726562
v 0.07226562 -0.04101562 0.19335938
v 0.07226562 -0.01367188 0.02929688
v 0.07226562 -0.00195312 0.03710938
v 0.07226562 0.00195312 0.18945312
v 0.07226562 0.00585938 0.18164062
v 0.07226562 0.00976562 0.17382812
v 0.07226562 0.05664062 0.04492188
v 0.07226562 0.08007812 0.04882812
v 0.07226562 0.15429688 0.02929688
v 0.07226562 0.17382812 0.01757812
v 0.07226562 0.18554688 0.00976562
v 0.07226562 0.37695312 -0.06445312
v 0.07226562 0.38085938 -0.06445312
v 0.07226562 0.38476562 -0.06445312
v 0.07226562 0.44335938 -0.06835938
v 0.07226562 0.44726562 -0.08007812
v 0.07226562 0.44726562 -0.06445312
v 0.07226562 0.45117188 -0.08007812
v 0.07226562 0.45117188 -0.06835938
v 0.07226562 0.45507812 -0.06445312
v 0.07226562 0.46289062 -0.09570312
v 0.07226562 0.47070312 -0.08007812
v 0.07226562 0.47460938 -0.06835938
v 0.07226562 0.48242188 -0.10351562
v 0.07226562 0.48632812 -0.07617188
v 0.07617188 -0.49804688 -0.08789062
v 0.07617188 -0.49804688 -0.03710938
v 0.07617188 -0.45507812 -0.13085938
v 0.07617188 -0.31054688 -0.16210938
v 0.07617188 -0.29101562 0.01367188
v 0.07617188 -0.19726562 -0.14648438
v 0.07617188 -0.17773438 0.01757812
v 0.07617188 -0.15820312 0.02539062
v 0.07617188 -0.15820312 0.02929688
v 0.07617188 -0.15039062 0.03320312
v 0.07617188 -0.11914062 0.02539062
v 0.07617188 -0.11914062 0.03320312
v 0.07617188 -0.11132812 0.02539062
v 0.07617188 -0.10351562 0.02539062
v 0.07617188 -0.09570312 0.02539062
v 0.07617188 -0.08007812 0.02539062
v 0.07617188 -0.07226562 0.02539062
v 0.07617188 -0.07226562 0.19335938
v 0.07617188 -0.06054688 0.02539062
v 0.07617188 -0.04882812 0.02539062
v 0.07617188 -0.04492188 0.21289062
v 0.07617188 -0.01367188 0.02539062
v 0.07617188 0.00195312 0.20117188
v 0.07617188 0.01367188 0.03320312
v 0.07617188 0.02929688 0.03320312
v 0.07617188 0.03710938 0.03710938
v 0.07617188 0.05273438 -0.19726562
v 0.07617188 0.20507812 -0.18164062
v 0.07617188 0.21679688 -0.17773438
v 0.07617188 0.43945312 -0.06445312
v 0.07617188 0.43945312 -0.05273438
v 0.07617188 0.45117188 -0.09179688
v 0.07617188 0.46679688 -0.10742188
v 0.07617188 0.47070312 -0.11132812
v 0.07617188 0.47070312 -0.09570312
v 0.07617188 0.47460938 -0.08789062
v 0.07617188 0.47851562 -0.11132812
v 0.07617188 0.48632812 -0.12304688
v 0.07617188 0.48632812 -0.09179688
v 0.07617188 0.49023438 -0.11914062
v 0.07617188 0.49023438 -0.09179688
v 0.07617188 0.49804688 -0.12304688
v 0.08007812 -0.08007812 0.20117188
v 0.08007812 0.04101562 0.16601562
v 0.08007812 0.04101562 0.16992188
v 0.08007812 0.04492188 0.16210938
v 0.08007812 0.22070312 -0.17382812
v 0.08007812 0.22851562 -0.17382812
v 0.08398438 -0.49804688 -0.06445312
v 0.08398438 -0.49804688 -0.04882812
v 0.08398438 -0.49804688 -0.02148438
v 0.08398438 -0.45117188 -0.00585938
v 0.08398438 -0.33398438 0.00976562
v 0.08398438 -0.20507812 -0.13867188
v 0.08398438 -0.16210938 -0.14648438
v 0.08398438 -0.15429688 0.02148438
v 0.08398438 -0.11914062 0.02148438
v 0.08398438 -0.11523438 0.01757812
v 0.08398438 -0.10742188 0.01757812
v 0.08398438 -0.10351562 0.01757812
v 0.08398438 -0.08789062 0.20507812
v 0.08398438 -0.02539062 0.02148438
v 0.08398438 0.04101562 0.03710938
v 0.08398438 0.08007812 -0.20117188
v 0.08398438 0.17773438 -0.19726562
v 0.08398438 0.24414062 -0.15039062
v 0.08398438 0.25195312 -0.10742188
v 0.08398438 0.49023438 -0.10742188
v 0.08398438 0.49804688 -0.11132812
v 0.08789062 -0.49804688 -0.10742188
v 0.08789062 -0.49804688 -0.03320312
v 0.08789062 -0.35351562 -0.16601562
v 0.08789062 -0.15820312 -0.14648438
v 0.08789062 -0.15429688 0.02539062
v 0.08789062 -0.15039062 0.01757812
v 0.08789062 -0.15039062 0.02148438
v 0.08789062 -0.15039062 0.02539062
v 0.08789062 -0.14648438 -0.15039062
v 0.08789062 -0.11914062 -0.14648438
v 0.08789062 -0.11914062 0.02929688
v 0.08789062 -0.11132812 -0.14648438
v 0.08789062 -0.10742188 0.19726562
v 0.08789062 -0.10351562 -0.14257812
v 0.08789062 -0.09570312 -0.14257812
v 0.08789062 -0.09179688 0.01757812
v 0.08789062 -0.08789062 0.21679688
v 0.08789062 -0.08398438 -0.14257812
v 0.08789062 -0.08007812 0.01757812
v 0.08789062 -0.07617188 -0.14257812
v 0.08789062 -0.07226562 0.01757812
v 0.08789062 -0.06835938 -0.14257812
v 0.08789062 -0.06445312 0.01757812
v 0.08789062 -0.06054688 -0.14648438
v 0.08789062 -0.05664062 0.01757812
v 0.08789062 -0.04492188 -0.15039062
v 0.08789062 -0.00585938 0.02929688
v 0.08789062 0.04101562 0.18554688
v 0.08789062 0.04882812 0.03710938
v 0.08789062 0.07226562 0.04101562
v 0.08789062 0.07226562 0.14257812
v 0.08789062 0.09960938 -0.20507812
v 0.08789062 0.11914062 -0.20898438
v 0.08789062 0.15039062 -0.20507812
v 0.09179688 -0.49804688 -0.08398438
v 0.09179688 -0.49804688 -0.01757812
v 0.09179688 -0.49804688 -0.00976562
v 0.09179688 -0.45507812 -0.14648438
v 0.09179688 -0.39648438 0.00976562
v 0.09179688 -0.21679688 0.02148438
v 0.09179688 -0.16992188 0.01757812
v 0.09179688 -0.15820312 0.01367188
v 0.09179688 -0.14648438 -0.15820312
v 0.09179688 -0.14648438 0.01367188
v 0.09179688 -0.11914062 -0.15820312
v 0.09179688 -0.11914062 0.01367188
v 0.09179688 -0.11914062 0.20117188
v 0.09179688 -0.11132812 0.01367188
v 0.09179688 -0.10742188 -0.15429688
v 0.09179688 -0.10351562 0.01367188
v 0.09179688 -0.09570312 0.00976562
v 0.09179688 -0.04492188 0.01367188
v 0.09179688 -0.02148438 -0.15429688
v 0.09179688 -0.02148438 0.01757812
v 0.09179688 0.00195312 0.19726562
v 0.09179688 0.00585938 0.02929688
v 0.09179688 0.02539062 0.02539062
v 0.09179688 0.02929688 0.02539062
v 0.09179688 0.07226562 0.14648438
v 0.09179688 0.07617188 0.15429688
v 0.09179688 0.10351562 0.03710938
v 0.09179688 0.21679688 -0.02929688
v 0.09570312 -0.40820312 -0.16210938
v 0.09570312 -0.25195312 0.01757812
v 0.09570312 -0.24804688 -0.15039062
v 0.09570312 -0.16992188 -0.13085938
v 0.09570312 -0.16210938 -0.13085938
v 0.09570312 -0.15820312 -0.15820312
v 0.09570312 -0.13085938 0.20507812
v 0.09570312 -0.11914062 0.02539062
v 0.09570312 -0.09960938 -0.15429688
v 0.09570312 -0.09960938 -0.13476562
v 0.09570312 -0.09179688 -0.13085938
v 0.09570312 -0.09179688 0.00976562
v 0.09570312 -0.08789062 0.00585938
v 0.09570312 -0.08007812 -0.13085938
v 0.09570312 -0.07226562 -0.13085938
v 0.09570312 -0.06445312 -0.13476562
v 0.09570312 -0.04492188 0.20898438
v 0.09570312 -0.03710938 0.00976562
v 0.09570312 -0.00976562 0.02148438
v 0.09570312 -0.00195312 -0.16210938
v 0.09570312 0.03710938 0.02539062
v 0.09570312 0.21679688 -0.16601562
v 0.09570312 0.24414062 -0.07617188
v 0.09960938 -0.49804688 -0.11914062
v 0.09960938 -0.49804688 -0.10351562
v 0.09960938 -0.49804688 -0.04882812
v 0.09960938 -0.49804688 -0.02929688
v 0.09960938 -0.44726562 0.00195312
v 0.09960938 -0.15429688 0.02539062
v 0.09960938 -0.14648438 0.02539062
v 0.09960938 -0.14257812 0.19335938
v 0.09960938 -0.11132812 0.02539062
v 0.09960938 -0.09960938 0.02539062
v 0.09960938 -0.08007812 0.00585938
v 0.09960938 -0.07226562 0.00585938
v 0.09960938 -0.06445312 0.00585938
v 0.09960938 -0.05664062 -0.13867188
v 0.09960938 -0.05273438 0.00585938
v 0.09960938 -0.04492188 -0.14257812
v 0.09960938 -0.04492188 0.00585938
v 0.09960938 0.00195312 0.01757812
v 0.09960938 0.04492188 0.02539062
v 0.09960938 0.06835938 0.03320312
v 0.09960938 0.07617188 0.16210938
v 0.09960938 0.12695312 0.02929688
v 0.09960938 0.23242188 -0.15820312
v 0.09960938 0.24414062 -0.12695312
v 0.10351562 -0.49804688 -0.06445312
v 0.10351562 -0.28710938 0.01757812
v 0.10351562 -0.27539062 -0.15429688
v 0.10351562 -0.20117188 -0.13476562
v 0.10351562 -0.13476562 0.21679688
v 0.10351562 -0.09179688 0.00195312
v 0.10351562 -0.09179688 0.01757812
v 0.10351562 -0.08789062 0.00195312
v 0.10351562 -0.08398438 0.21289062
v 0.10351562 -0.02539062 -0.14648438
v 0.10351562 0.02148438 0.01367188
v 0.10351562 0.02539062 -0.17382812
v 0.10351562 0.02539062 0.01367188
v 0.10351562 0.03710938 0.18554688
v 0.10351562 0.09570312 0.11914062
v 0.10351562 0.14257812 0.02148438
v 0.10351562 0.16210938 0.01367188
v 0.10351562 0.17773438 0.00585938
v 0.10351562 0.20507812 -0.17382812
v 0.10351562 0.22460938 -0.16210938
v 0.10742188 -0.49804688 -0.13085938
v 0.10742188 -0.49804688 -0.08007812
v 0.10742188 -0.49804688 -0.01367188
v 0.10742188 -0.49414062 -0.00195312
v 0.10742188 -0.45507812 -0.15039062
v 0.10742188 -0.33007812 0.01367188
v 0.10742188 -0.16601562 0.02148438
v 0.10742188 -0.15820312 -0.16210938
v 0.10742188 -0.15429688 0.19726562
v 0.10742188 -0.14648438 -0.16210938
v 0.10742188 -0.11914062 -0.16210938
v 0.10742188 -0.11914062 0.03710938
v 0.10742188 -0.11132812 0.03710938
v 0.10742188 -0.10742188 -0.16210938
v 0.10742188 -0.09960938 -0.16210938
v 0.10742188 -0.09960938 -0.14648438
v 0.10742188 -0.09570312 -0.00585938
v 0.10742188 -0.09179688 0.01757812
v 0.10742188 -0.08007812 -0.00195312
v 0.10742188 -0.06835938 -0.00195312
v 0.10742188 -0.06054688 -0.00195312
v 0.10742188 -0.04882812 -0.00195312
v 0.10742188 -0.02539062 -0.00195312
v 0.10742188 -0.01757812 0.00976562
v 0.10742188 -0.00976562 0.00585938
v 0.10742188 -0.00585938 -0.15429688
v 0.10742188 0.03320312 0.01367188
v 0.10742188 0.04882812 -0.18554688
v 0.10742188 0.09570312 0.02929688
v 0.10742188 0.10351562 0.12304688
v 0.10742188 0.10351562 0.12695312
v 0.10742188 0.19726562 -0.00976562
v 0.11132812 -0.49804688 -0.11914062
v 0.11132812 -0.39257812 0.00976562
v 0.11132812 -0.31054688 -0.15820312
v 0.11132812 -0.21289062 0.01757812
v 0.11132812 -0.17773438 -0.12304688
v 0.11132812 -0.17382812 0.00976562
v 0.11132812 -0.16601562 -0.12304688
v 0.11132812 -0.16601562 0.00585938
v 0.11132812 -0.16601562 0.20117188
v 0.11132812 -0.15429688 0.03710938
v 0.11132812 -0.14648438 0.04101562
v 0.11132812 -0.09960938 -0.12695312
v 0.11132812 -0.09960938 0.03710938
v 0.11132812 -0.09570312 0.03320312
v 0.11132812 -0.09179688 -0.12304688
v 0.11132812 -0.09179688 -0.00976562
v 0.11132812 -0.08007812 -0.12304688
v 0.11132812 -0.08007812 -0.00976562
v 0.11132812 -0.07226562 -0.12304688
v 0.11132812 -0.06445312 -0.12304688
v 0.11132812 -0.05273438 -0.12695312
v 0.11132812 -0.04101562 -0.13085938
v 0.11132812 -0.03710938 -0.00585938
v 0.11132812 -0.02539062 -0.13867188
v 0.11132812 0.00976562 0.00585938
v 0.11132812 0.06835938 0.16210938
v 0.11132812 0.07617188 -0.18945312
v 0.11132812 0.17382812 -0.18945312
v 0.11132812 0.20117188 -0.16992188
v 0.11523438 -0.49804688 -0.09960938
v 0.11523438 -0.49804688 -0.06054688
v 0.11523438 -0.49804688 -0.04882812
v 0.11523438 -0.49804688 -0.02929688
v 0.11523438 -0.44726562 0.00976562
v 0.11523438 -0.35351562 -0.16210938
v 0.11523438 -0.16210938 -0.14257812
v 0.11523438 -0.12304688 0.21289062
v 0.11523438 -0.09570312 -0.01757812
v 0.11523438 -0.09570312 -0.00976562
v 0.11523438 -0.09179688 0.00976562
v 0.11523438 -0.06835938 -0.11523438
v 0.11523438 -0.06835938 -0.00976562
v 0.11523438 -0.06835938 0.16210938
v 0.11523438 -0.05664062 -0.00976562
v 0.11523438 -0.04492188 -0.00976562
v 0.11523438 -0.01367188 -0.00585938
v 0.11523438 -0.00976562 -0.14257812
v 0.11523438 0.01757812 0.00585938
v 0.11523438 0.02148438 -0.16210938
v 0.11523438 0.04101562 0.01757812
v 0.11523438 0.09570312 -0.19335938
v 0.11523438 0.10742188 0.13085938
v 0.11523438 0.11914062 0.02148438
v 0.11523438 0.14648438 -0.19335938
v 0.11523438 0.23632812 -0.13476562
v 0.11523438 0.24023438 -0.11523438
v 0.11914062 -0.49804688 -0.13867188
v 0.11914062 -0.49804688 -0.13085938
v 0.11914062 -0.49804688 -0.08007812
v 0.11914062 -0.49804688 -0.00976562
v 0.11914062 -0.49414062 0.00195312
v 0.11914062 -0.24804688 0.01367188
v 0.11914062 -0.24414062 -0.14257812
v 0.11914062 -0.19726562 -0.12695312
v 0.11914062 -0.17773438 0.18945312
v 0.11914062 -0.16601562 0.03320312
v 0.11914062 -0.16210938 -0.15820312
v 0.11914062 -0.15820312 -0.11132812
v 0.11914062 -0.14648438 -0.16210938
v 0.11914062 -0.14648438 -0.11523438
v 0.11914062 -0.12304688 0.04492188
v 0.11914062 -0.11914062 -0.16210938
v 0.11914062 -0.11914062 -0.11523438
v 0.11914062 -0.11523438 0.04492188
v 0.11914062 -0.10742188 -0.16210938
v 0.11914062 -0.10742188 -0.11523438
v 0.11914062 -0.09960938 -0.15820312
v 0.11914062 -0.09960938 -0.13867188
v 0.11914062 -0.09960938 -0.11523438
v 0.11914062 -0.09960938 -0.10351562
v 0.11914062 -0.09960938 -0.07226562
v 0.11914062 -0.09960938 -0.01367188
v 0.11914062 -0.09179688 -0.11523438
v 0.11914062 -0.09179688 -0.10351562
v 0.11914062 -0.09179688 -0.03710938
v 0.11914062 -0.09179688 -0.02148438
v 0.11914062 -0.09179688 0.00195312
v 0.11914062 -0.09179688 0.02539062
v 0.11914062 -0.08007812 -0.11523438
v 0.11914062 -0.08007812 -0.02148438
v 0.11914062 -0.07617188 -0.10351562
v 0.11914062 -0.06835938 -0.10351562
v 0.11914062 -0.06835938 -0.02148438
v 0.11914062 -0.06054688 -0.11523438
v 0.11914062 -0.06054688 -0.10351562
v 0.11914062 -0.05664062 -0.02148438
v 0.11914062 -0.04882812 -0.11523438
v 0.11914062 -0.03710938 -0.11914062
v 0.11914062 -0.02929688 -0.01367188
v 0.11914062 -0.02539062 -0.12695312
v 0.11914062 -0.01757812 -0.01367188
v 0.11914062 -0.00585938 -0.00195312
v 0.11914062 0.02539062 0.00585938
v 0.11914062 0.06054688 0.02148438
v 0.11914062 0.11523438 -0.19335938
v 0.11914062 0.23242188 -0.07226562
v 0.11914062 0.23632812 -0.09960938
v 0.12304688 -0.49804688 -0.11523438
v 0.12304688 -0.40820312 -0.16210938
v 0.12304688 -0.17382812 0.00195312
v 0.12304688 -0.16992188 -0.11132812
v 0.12304688 -0.16992188 -0.00195312
v 0.12304688 -0.16992188 0.01757812
v 0.12304688 -0.16992188 0.20898438
v 0.12304688 -0.16210938 -0.13085938
v 0.12304688 -0.14648438 0.04492188
v 0.12304688 -0.10742188 0.04492188
v 0.12304688 -0.09960938 -0.09179688
v 0.12304688 -0.09960938 -0.02148438
v 0.12304688 -0.09179688 -0.09179688
v 0.12304688 -0.09179688 -0.07226562
v 0.12304688 -0.09179688 -0.04882812
v 0.12304688 -0.07617188 -0.09179688
v 0.12304688 -0.07617188 -0.07226562
v 0.12304688 -0.07617188 -0.03710938
v 0.12304688 -0.06835938 -0.09179688
v 0.12304688 -0.06835938 -0.03710938
v 0.12304688 -0.04882812 -0.10742188
v 0.12304688 -0.04101562 -0.02148438
v 0.12304688 -0.03710938 -0.10742188
v 0.12304688 -0.02539062 -0.11523438
v 0.12304688 -0.00976562 -0.13085938
v 0.12304688 0.04492188 -0.17382812
v 0.12304688 0.08789062 0.02148438
v 0.12304688 0.12304688 0.09179688
v 0.12304688 0.13476562 0.01367188
v 0.12304688 0.16992188 -0.00195312
v 0.12304688 0.17382812 -0.18164062
v 0.12304688 0.22070312 -0.15039062
v 0.12304688 0.22460938 -0.04492188
v 0.12304688 0.22851562 -0.15039062
v 0.12304688 0.23632812 -0.07226562
v 0.12695312 -0.49804688 -0.09570312
v 0.12695312 -0.49804688 -0.05664062
v 0.12695312 -0.49804688 -0.04492188
v 0.12695312 -0.49804688 -0.02929688
v 0.12695312 -0.45117188 -0.15820312
v 0.12695312 -0.28710938 0.01367188
v 0.12695312 -0.27148438 -0.14648438
v 0.12695312 -0.21289062 0.00585938
v 0.12695312 -0.19335938 -0.11132812
v 0.12695312 -0.16601562 -0.01367188
v 0.12695312 -0.16210938 -0.15429688
v 0.12695312 -0.15429688 -0.02539062
v 0.12695312 -0.15039062 0.04492188
v 0.12695312 -0.14648438 -0.15429688
v 0.12695312 -0.14648438 -0.02539062
v 0.12695312 -0.12304688 -0.02539062
v 0.12695312 -0.11914062 -0.15429688
v 0.12695312 -0.11132812 -0.02539062
v 0.12695312 -0.10742188 -0.15429688
v 0.12695312 -0.09960938 -0.15429688
v 0.12695312 -0.09960938 -0.11132812
v 0.12695312 -0.09960938 -0.06835938
v 0.12695312 -0.09960938 -0.05273438
v 0.12695312 -0.09960938 -0.03710938
v 0.12695312 -0.09960938 -0.02539062
v 0.12695312 -0.09960938 0.04101562
v 0.12695312 -0.09179688 -0.00195312
v 0.12695312 -0.09179688 0.02148438
v 0.12695312 -0.07617188 -0.05273438
v 0.12695312 -0.06835938 -0.07226562
v 0.12695312 -0.06835938 -0.05273438
v 0.12695312 -0.05664062 -0.09179688
v 0.12695312 -0.05664062 -0.05273438
v 0.12695312 -0.05664062 -0.03710938
v 0.12695312 -0.04492188 -0.09570312
v 0.12695312 -0.04101562 -0.03710938
v 0.12695312 -0.03320312 0.19726562
v 0.12695312 -0.02539062 -0.02539062
v 0.12695312 -0.00976562 -0.01757812
v 0.12695312 0.00585938 -0.00976562
v 0.12695312 0.01757812 -0.15039062
v 0.12695312 0.03710938 0.00585938
v 0.12695312 0.09960938 0.13476562
v 0.13085938 -0.49804688 -0.14257812
v 0.13085938 -0.49804688 -0.13085938
v 0.13085938 -0.49804688 -0.01367188
v 0.13085938 -0.39257812 0.00976562
v 0.13085938 -0.33007812 0.00976562
v 0.13085938 -0.18554688 0.18945312
v 0.13085938 -0.17382812 -0.05273438
v 0.13085938 -0.17382812 -0.02929688
v 0.13085938 -0.17382812 -0.01367188
v 0.13085938 -0.16992188 0.00976562
v 0.13085938 -0.16601562 -0.05273438
v 0.13085938 -0.16601562 -0.03320312
v 0.13085938 -0.15820312 0.04492188
v 0.13085938 -0.15429688 -0.11132812
v 0.13085938 -0.15429688 -0.05273438
v 0.13085938 -0.15039062 -0.03710938
v 0.13085938 -0.14648438 -0.11132812
v 0.13085938 -0.14648438 -0.06835938
v 0.13085938 -0.14648438 -0.05273438
v 0.13085938 -0.14648438 -0.03710938
v 0.13085938 -0.12304688 -0.05273438
v 0.13085938 -0.12304688 -0.03710938
v 0.13085938 -0.11914062 -0.11132812
v 0.13085938 -0.11914062 -0.06835938
v 0.13085938 -0.10742188 -0.11132812
v 0.13085938 -0.10742188 -0.06835938
v 0.13085938 -0.10742188 -0.05273438
v 0.13085938 -0.10742188 -0.03710938
v 0.13085938 -0.09960938 0.03710938
v 0.13085938 -0.09570312 -0.00585938
v 0.13085938 -0.09179688 0.01367188
v 0.13085938 -0.05664062 -0.07226562
v 0.13085938 -0.04492188 -0.07617188
v 0.13085938 -0.04101562 -0.05664062
v 0.13085938 -0.03320312 -0.09570312
v 0.13085938 -0.03320312 -0.07617188
v 0.13085938 -0.02539062 -0.04101562
v 0.13085938 -0.02148438 -0.10351562
v 0.13085938 -0.01367188 -0.02539062
v 0.13085938 -0.00976562 -0.11914062
v 0.13085938 0.07226562 -0.17773438
v 0.13085938 0.12695312 0.09179688
v 0.13085938 0.13085938 0.09570312
v 0.13085938 0.14257812 -0.18554688
v 0.13476562 -0.49804688 -0.11132812
v 0.13476562 -0.49804688 -0.07617188
v 0.13476562 -0.49804688 -0.04492188
v 0.13476562 -0.49804688 -0.00195312
v 0.13476562 -0.44726562 0.00585938
v 0.13476562 -0.30664062 -0.15039062
v 0.13476562 -0.24804688 0.00195312
v 0.13476562 -0.24023438 -0.13085938
v 0.13476562 -0.21289062 -0.00976562
v 0.13476562 -0.19726562 0.19335938
v 0.13476562 -0.19335938 -0.09179688
v 0.13476562 -0.18554688 -0.06835938
v 0.13476562 -0.16992188 0.00195312
v 0.13476562 -0.16601562 -0.10351562
v 0.13476562 -0.16601562 -0.09179688
v 0.13476562 -0.16601562 0.02539062
v 0.13476562 -0.16210938 -0.14648438
v 0.13476562 -0.16210938 -0.06835938
v 0.13476562 -0.15820312 -0.12695312
v 0.13476562 -0.15820312 0.20898438
v 0.13476562 -0.15429688 -0.06835938
v 0.13476562 -0.14648438 -0.14648438
v 0.13476562 -0.14648438 -0.12304688
v 0.13476562 -0.14648438 0.04101562
v 0.13476562 -0.14257812 0.04101562
v 0.13476562 -0.12304688 0.04101562
v 0.13476562 -0.11914062 -0.14648438
v 0.13476562 -0.11914062 -0.12304688
v 0.13476562 -0.11914062 0.04101562
v 0.13476562 -0.11132812 0.04101562
v 0.13476562 -0.10742188 -0.14648438
v 0.13476562 -0.10742188 -0.12695312
v 0.13476562 -0.09960938 -0.14648438
v 0.13476562 -0.09960938 -0.12695312
v 0.13476562 -0.09960938 -0.10351562
v 0.13476562 -0.09960938 -0.07617188
v 0.13476562 -0.09960938 -0.00976562
v 0.13476562 -0.09179688 0.00976562
v 0.13476562 -0.02929688 -0.06054688
v 0.13476562 -0.01757812 -0.08789062
v 0.13476562 -0.00976562 -0.10351562
v 0.13476562 0.00195312 -0.02148438
v 0.13476562 0.01757812 -0.13476562
v 0.13476562 0.01757812 -0.01367188
v 0.13476562 0.04101562 0.09960938
v 0.13476562 0.05273438 0.00976562
v 0.13476562 0.09179688 -0.18164062
v 0.13476562 0.10742188 0.01367188
v 0.13476562 0.11132812 -0.18554688
v 0.13476562 0.14257812 -0.17773438
v 0.13476562 0.15039062 0.00585938
v 0.13476562 0.16992188 -0.16601562
v 0.13476562 0.17773438 -0.00976562
v 0.13476562 0.19726562 -0.15429688
v 0.13476562 0.22460938 -0.13476562
v 0.13867188 -0.49804688 -0.09179688
v 0.13867188 -0.49804688 -0.05664062
v 0.13867188 -0.49804688 -0.03320312
v 0.13867188 -0.16601562 0.02148438
v 0.13867188 -0.16210938 -0.07617188
v 0.13867188 -0.15820312 -0.13867188
v 0.13867188 -0.15429688 -0.10351562
v 0.13867188 -0.15429688 -0.07617188
v 0.13867188 -0.14648438 -0.13867188
v 0.13867188 -0.14648438 -0.10351562
v 0.13867188 -0.14648438 -0.07617188
v 0.13867188 -0.11914062 -0.13867188
v 0.13867188 -0.11914062 -0.10351562
v 0.13867188 -0.11914062 -0.07617188
v 0.13867188 -0.10742188 -0.13867188
v 0.13867188 -0.10742188 -0.10351562
v 0.13867188 -0.10742188 -0.07617188
v 0.13867188 -0.10742188 0.03710938
v 0.13867188 -0.09960938 -0.13476562
v 0.13867188 -0.09960938 -0.08789062
v 0.13867188 -0.09960938 0.03320312
v 0.13867188 -0.09570312 0.00585938
v 0.13867188 -0.01367188 -0.06835938
v 0.13867188 -0.00976562 -0.09179688
v 0.13867188 -0.00976562 -0.05273438
v 0.13867188 -0.00585938 -0.04101562
v 0.13867188 -0.00195312 -0.03320312
v 0.13867188 0.01367188 -0.11914062
v 0.13867188 0.02539062 0.16601562
v 0.13867188 0.04101562 -0.15820312
v 0.13867188 0.07617188 0.00976562
v 0.13867188 0.14257812 -0.16601562
v 0.13867188 0.21289062 -0.13476562
v 0.13867188 0.22070312 -0.10351562
v 0.13867188 0.22851562 -0.10351562
v 0.14257812 -0.49804688 -0.13085938
v 0.14257812 -0.49804688 -0.07226562
v 0.14257812 -0.49804688 -0.04492188
v 0.14257812 -0.49804688 -0.01757812
v 0.14257812 -0.34960938 -0.15429688
v 0.14257812 -0.28710938 -0.00195312
v 0.14257812 -0.27148438 -0.13476562
v 0.14257812 -0.24804688 -0.00976562
v 0.14257812 -0.20117188 0.19726562
v 0.14257812 -0.16601562 -0.09960938
v 0.14257812 -0.16210938 -0.08789062
v 0.14257812 -0.16210938 0.04101562
v 0.14257812 -0.15429688 -0.08789062
v 0.14257812 -0.15039062 0.03710938
v 0.14257812 -0.14648438 -0.08789062
v 0.14257812 -0.12304688 0.03320312
v 0.14257812 -0.11914062 -0.08789062
v 0.14257812 -0.11523438 0.03320312
v 0.14257812 -0.10742188 -0.08789062
v 0.14257812 -0.10742188 -0.01367188
v 0.14257812 -0.10742188 0.03320312
v 0.14257812 -0.09960938 0.02539062
v 0.14257812 -0.06054688 0.19335938
v 0.14257812 -0.01367188 0.10351562
v 0.14257812 -0.00585938 -0.07226562
v 0.14257812 0.01367188 -0.02539062
v 0.14257812 0.02929688 -0.01367188
v 0.14257812 0.10742188 -0.17773438
v 0.14257812 0.11914062 0.00976562
v 0.14257812 0.13476562 0.09960938
v 0.14257812 0.21289062 -0.07617188
v 0.14257812 0.22460938 -0.07617188
v 0.14648438 -0.49804688 -0.10742188
v 0.14648438 -0.49804688 -0.08789062
v 0.14648438 -0.49804688 -0.05664062
v 0.14648438 -0.49804688 -0.04101562
v 0.14648438 -0.49804688 -0.00585938
v 0.14648438 -0.44726562 0.00195312
v 0.14648438 -0.40429688 -0.15429688
v 0.14648438 -0.39257812 0.00195312
v 0.14648438 -0.33007812 0.00195312
v 0.14648438 -0.23242188 -0.11523438
v 0.14648438 -0.20898438 -0.02929688
v 0.14648438 -0.20898438 0.17773438
v 0.14648438 -0.16601562 0.01367188
v 0.14648438 -0.16210938 -0.00976562
v 0.14648438 -0.15039062 -0.01367188
v 0.14648438 -0.14648438 -0.01367188
v 0.14648438 -0.14257812 0.03320312
v 0.14648438 -0.12304688 0.03320312
v 0.14648438 -0.11914062 -0.01367188
v 0.14648438 -0.11523438 0.03320312
v 0.14648438 -0.11523438 0.14257812
v 0.14648438 -0.10742188 0.02148438
v 0.14648438 -0.09960938 0.00195312
v 0.14648438 -0.09960938 0.01757812
v 0.14648438 0.00976562 -0.10351562
v 0.14648438 0.00976562 -0.09179688
v 0.14648438 0.00976562 -0.04882812
v 0.14648438 0.01367188 -0.03710938
v 0.14648438 0.02929688 -0.02539062
v 0.14648438 0.03710938 -0.14257812
v 0.14648438 0.06445312 -0.16601562
v 0.14648438 0.08789062 -0.16992188
v 0.14648438 0.10351562 -0.16601562
v 0.14648438 0.13476562 -0.16210938
v 0.14648438 0.16601562 -0.16210938
v 0.14648438 0.16992188 -0.15820312
v 0.14648438 0.19335938 -0.14648438
v 0.14648438 0.19726562 -0.14257812
v 0.14648438 0.20507812 -0.05664062
v 0.14648438 0.20507812 -0.04101562
v 0.14648438 0.20898438 -0.12695312
v 0.14648438 0.21289062 -0.10351562
v 0.14648438 0.21289062 -0.07617188
v 0.14648438 0.21679688 -0.07617188
v 0.14648438 0.21679688 -0.05664062
v 0.15039062 -0.21679688 0.17773438
v 0.15039062 -0.18945312 0.16601562
v 0.15039062 0.00585938 -0.05664062
v 0.15039062 0.01367188 -0.07617188
v 0.15039062 0.04492188 -0.00976562
v 0.15039062 0.06445312 -0.00585938
v 0.15039062 0.09179688 0.00585938
v 0.15039062 0.13085938 0.00585938
v 0.15039062 0.15039062 0.00195312
v 0.15039062 0.18945312 -0.02929688
v 0.15039062 0.18945312 -0.02539062
v 0.15039062 0.21679688 -0.10351562
v 0.15429688 -0.49804688 -0.14648438
v 0.15429688 -0.49804688 -0.08398438
v 0.15429688 -0.49804688 -0.06835938
v 0.15429688 -0.49804688 -0.04882812
v 0.15429688 -0.49804688 -0.02929688
v 0.15429688 -0.45117188 -0.15039062
v 0.15429688 -0.30664062 -0.13867188
v 0.15429688 -0.28710938 -0.01367188
v 0.15429688 -0.22460938 -0.09570312
v 0.15429688 -0.22070312 -0.07226562
v 0.15429688 -0.20898438 -0.04882812
v 0.15429688 -0.18945312 0.20117188
v 0.15429688 -0.16210938 0.00195312
v 0.15429688 -0.16210938 0.03710938
v 0.15429688 -0.15039062 0.03320312
v 0.15429688 -0.14257812 0.03320312
v 0.15429688 -0.11523438 0.02148438
v 0.15429688 -0.10742188 0.00195312
v 0.15429688 -0.10351562 0.01367188
v 0.15429688 -0.09960938 0.19726562
v 0.15429688 -0.06835938 0.12304688
v 0.15429688 0.01757812 -0.06054688
v 0.15429688 0.02929688 -0.12304688
v 0.15429688 0.08007812 -0.15429688
v 0.15429688 0.10351562 0.00585938
v 0.15429688 0.13476562 -0.16601562
v 0.15429688 0.14257812 0.04492188
v 0.15429688 0.16992188 -0.01367188
v 0.15429688 0.19726562 -0.15039062
v 0.15429688 0.20507812 -0.05273438
v 0.15429688 0.21289062 -0.12695312
v 0.15820312 -0.49804688 -0.10351562
v 0.15820312 -0.49804688 -0.06054688
v 0.15820312 -0.49804688 -0.01757812
v 0.15820312 -0.26757812 -0.11914062
v 0.15820312 -0.24804688 -0.02929688
v 0.15820312 -0.22851562 0.18164062
v 0.15820312 -0.15039062 -0.00195312
v 0.15820312 -0.14257812 -0.00195312
v 0.15820312 -0.12304688 0.02148438
v 0.15820312 -0.11914062 -0.00195312
v 0.15820312 -0.11132812 0.01367188
v 0.15820312 -0.05273438 0.07226562
v 0.15820312 -0.04101562 0.10351562
v 0.15820312 0.02539062 -0.10742188
v 0.15820312 0.02539062 -0.05273438
v 0.15820312 0.02539062 -0.03710938
v 0.15820312 0.04101562 -0.02148438
v 0.15820312 0.05664062 -0.14648438
v 0.15820312 0.09570312 -0.16210938
v 0.15820312 0.16601562 -0.16210938
v 0.16210938 -0.49804688 -0.12695312
v 0.16210938 -0.49804688 -0.09179688
v 0.16210938 -0.49804688 -0.07617188
v 0.16210938 -0.49804688 -0.04101562
v 0.16210938 -0.34960938 -0.14257812
v 0.16210938 -0.16210938 0.02929688
v 0.16210938 -0.15039062 0.02539062
v 0.16210938 -0.14257812 0.02148438
v 0.16210938 -0.13476562 0.08007812
v 0.16210938 -0.11914062 0.01367188
v 0.16210938 -0.10742188 0.08007812
v 0.16210938 0.00195312 0.08398438
v 0.16210938 0.02539062 -0.09179688
v 0.16210938 0.02539062 -0.08398438
v 0.16210938 0.02539062 0.16210938
v 0.16210938 0.04882812 -0.12695312
v 0.16210938 0.12695312 0.09960938
v 0.16210938 0.13476562 -0.16992188
v 0.16601562 -0.44726562 -0.01367188
v 0.16601562 -0.39257812 -0.01367188
v 0.16601562 -0.33398438 -0.01367188
v 0.16601562 -0.30273438 -0.11914062
v 0.16601562 -0.28710938 -0.02929688
v 0.16601562 -0.26367188 -0.09960938
v 0.16601562 -0.25976562 -0.07617188
v 0.16601562 -0.24804688 -0.05273438
v 0.16601562 -0.23242188 0.18945312
v 0.16601562 -0.15820312 0.01757812
v 0.16601562 -0.15039062 0.01367188
v 0.16601562 -0.14257812 0.01367188
v 0.16601562 -0.10351562 0.11914062
v 0.16601562 -0.08007812 0.07617188
v 0.16601562 -0.04492188 0.06054688
v 0.16601562 0.01367188 -0.03710938
v 0.16601562 0.03710938 -0.03710938
v 0.16601562 0.04492188 -0.01757812
v 0.16601562 0.07226562 -0.14257812
v 0.16601562 0.07617188 -0.00976562
v 0.16601562 0.09570312 -0.16210938
v 0.16601562 0.10742188 0.00195312
v 0.16601562 0.14257812 0.05664062
v 0.16601562 0.14648438 0.00195312
v 0.16601562 0.15039062 0.05664062
v 0.16601562 0.16992188 -0.00976562
v 0.16992188 -0.49804688 -0.03320312
v 0.16992188 -0.45117188 -0.14257812
v 0.16992188 -0.40429688 -0.14257812
v 0.16992188 -0.15820312 0.06445312
v 0.16992188 -0.14257812 0.12304688
v 0.16992188 -0.13867188 0.05664062
v 0.16992188 -0.11132812 0.05664062
v 0.16992188 -0.08398438 0.08007812
v 0.16992188 -0.05664062 0.09570312
v 0.16992188 -0.05664062 0.10742188
v 0.16992188 -0.05273438 0.04882812
v 0.16992188 0.02539062 -0.06054688
v 0.16992188 0.03320312 -0.07617188
v 0.16992188 0.03320312 -0.06054688
v 0.16992188 0.03710938 -0.09960938
v 0.16992188 0.04101562 -0.11523438
v 0.16992188 0.06445312 -0.14257812
v 0.16992188 0.06835938 -0.13867188
v 0.16992188 0.09570312 -0.16210938
v 0.16992188 0.10742188 0.04492188
v 0.16992188 0.13085938 0.00195312
v 0.16992188 0.18945312 -0.02148438
v 0.17382812 -0.24023438 0.15820312
v 0.17382812 -0.18164062 0.13476562
v 0.17382812 -0.09179688 0.10742188
v 0.17382812 -0.08007812 0.05664062
v 0.17382812 -0.04101562 0.09179688
v 0.17382812 0.10742188 0.00195312
v 0.17382812 0.15429688 0.06054688
v 0.17382812 0.15820312 0.00195312
v 0.17773438 -0.49804688 -0.13867188
v 0.17773438 -0.49804688 -0.11523438
v 0.17773438 -0.49804688 -0.05664062
v 0.17773438 -0.44726562 -0.03320312
v 0.17773438 -0.39648438 -0.02929688
v 0.17773438 -0.34570312 -0.12304688
v 0.17773438 -0.33789062 -0.02929688
v 0.17773438 -0.29882812 -0.09960938
v 0.17773438 -0.29101562 -0.05273438
v 0.17773438 -0.07617188 0.09960938
v 0.17773438 -0.01757812 0.16601562
v 0.17773438 0.08007812 -0.00585938
v 0.17773438 0.14257812 0.00585938
v 0.17773438 0.15039062 0.01367188
v 0.17773438 0.20507812 -0.04882812
v 0.18164062 -0.49804688 -0.09570312
v 0.18164062 -0.49804688 -0.07617188
v 0.18164062 -0.29882812 -0.07617188
v 0.18164062 -0.24804688 0.16210938
v 0.18164062 -0.22070312 0.18945312
v 0.18164062 -0.16210938 0.18945312
v 0.18164062 -0.12304688 0.09570312
v 0.18164062 -0.09960938 0.09960938
v 0.18164062 -0.08398438 0.05664062
v 0.18164062 -0.03320312 0.08007812
v 0.18164062 -0.02539062 -0.03710938
v 0.18164062 -0.00976562 -0.05664062
v 0.18164062 0.00585938 -0.08398438
v 0.18164062 0.00585938 -0.01757812
v 0.18164062 0.03320312 -0.00195312
v 0.18164062 0.08398438 0.11523438
v 0.18164062 0.11132812 0.00585938
v 0.18164062 0.15429688 0.03320312
v 0.18164062 0.16601562 -0.00585938
v 0.18164062 0.21289062 -0.09960938
v 0.18164062 0.21289062 -0.07226562
v 0.18554688 -0.49804688 -0.05273438
v 0.18554688 -0.40429688 -0.12304688
v 0.18554688 -0.34570312 -0.09960938
v 0.18554688 -0.34179688 -0.04882812
v 0.18554688 -0.25976562 0.16210938
v 0.18554688 -0.15820312 0.04492188
v 0.18554688 -0.15429688 0.08398438
v 0.18554688 -0.13476562 0.11132812
v 0.18554688 -0.04882812 0.03320312
v 0.18554688 -0.02539062 0.05664062
v 0.18554688 -0.02148438 0.07226562
v 0.18554688 0.01367188 -0.10742188
v 0.18554688 0.05664062 0.13085938
v 0.18554688 0.06445312 -0.15039062
v 0.18554688 0.06835938 0.04101562
v 0.18554688 0.12304688 0.00976562
v 0.18554688 0.12304688 0.02148438
v 0.18945312 -0.49804688 -0.12304688
v 0.18945312 -0.44726562 -0.12304688
v 0.18945312 -0.44726562 -0.05273438
v 0.18945312 -0.40039062 -0.05273438
v 0.18945312 -0.34570312 -0.07617188
v 0.18945312 -0.02539062 -0.00585938
v 0.18945312 -0.02148438 0.00195312
v 0.18945312 0.00585938 0.05664062
v 0.18945312 0.08007812 0.01367188
v 0.18945312 0.14257812 0.06445312
v 0.18945312 0.15429688 0.03710938
v 0.18945312 0.18945312 -0.14648438
v 0.18945312 0.20507812 -0.12304688
v 0.19335938 -0.49804688 -0.09960938
v 0.19335938 -0.49804688 -0.07617188
v 0.19335938 -0.44726562 -0.09960938
v 0.19335938 -0.44726562 -0.07617188
v 0.19335938 -0.40429688 -0.09960938
v 0.19335938 -0.40429688 -0.07617188
v 0.19335938 -0.11523438 0.10742188
v 0.19335938 -0.11132812 0.03320312
v 0.19335938 -0.08007812 0.03320312
v 0.19335938 -0.01757812 0.05273438
v 0.19335938 0.00976562 0.01757812
v 0.19335938 0.01757812 0.14257812
v 0.19335938 0.03320312 -0.13476562
v 0.19335938 0.08007812 0.02539062
v 0.19335938 0.09179688 -0.16210938
v 0.19335938 0.09179688 0.00585938
v 0.19335938 0.12695312 -0.16992188
v 0.19335938 0.16210938 -0.16210938
v 0.19335938 0.18164062 -0.02148438
v 0.19726562 -0.25976562 0.16992188
v 0.19726562 -0.13867188 0.02539062
v 0.19726562 -0.08398438 0.03710938
v 0.19726562 -0.05273438 -0.02929688
v 0.19726562 -0.02929688 0.03710938
v 0.19726562 -0.02148438 0.01367188
v 0.19726562 0.00195312 0.02929688
v 0.19726562 0.00585938 0.00585938
v 0.19726562 0.03710938 0.03320312
v 0.19726562 0.04101562 0.01757812
v 0.19726562 0.15039062 0.01367188
v 0.19726562 0.15429688 0.00195312
v 0.20117188 -0.05273438 -0.00976562
v 0.20117188 -0.04492188 0.16992188
v 0.20117188 -0.01367188 0.04101562
v 0.20117188 0.09570312 0.01757812
v 0.20117188 0.19726562 -0.04492188
v 0.20507812 -0.24804688 0.17382812
v 0.20507812 -0.18554688 0.11132812
v 0.20507812 -0.16601562 0.05273438
v 0.20507812 -0.15039062 0.02929688
v 0.20507812 -0.09960938 0.17382812
v 0.20507812 0.10742188 0.08398438
v 0.20507812 0.15820312 0.01367188
v 0.20898438 -0.06445312 0.00195312
v 0.20898438 -0.05664062 -0.05273438
v 0.20898438 -0.02539062 0.02539062
v 0.20898438 0.14648438 0.04492188
v 0.20898438 0.20117188 -0.06835938
v 0.21289062 -0.13867188 0.09570312
v 0.21289062 -0.04101562 0.01367188
v 0.21289062 -0.01757812 -0.09960938
v 0.21289062 0.00976562 -0.12695312
v 0.21289062 0.15039062 -0.00195312
v 0.21289062 0.16601562 -0.01757812
v 0.21289062 0.18945312 -0.11523438
v 0.21289062 0.20117188 -0.08789062
v 0.21679688 -0.16601562 0.10351562
v 0.21679688 -0.13476562 0.01757812
v 0.21679688 -0.11132812 0.01367188
v 0.21679688 -0.08007812 0.00976562
v 0.21679688 0.07226562 -0.14257812
v 0.21679688 0.07226562 0.09570312
v 0.21679688 0.08789062 -0.15429688
v 0.21679688 0.12304688 -0.15820312
v 0.21679688 0.15039062 -0.15039062
v 0.21679688 0.17382812 -0.13476562
v 0.22070312 -0.12695312 0.16601562
v 0.22070312 -0.08398438 0.02148438
v 0.22460938 -0.18164062 0.16992188
v 0.22460938 -0.16601562 0.08007812
v 0.22460938 -0.15039062 0.03710938
v 0.22460938 -0.04492188 -0.07617188
v 0.22460938 0.14648438 0.02148438
v 0.22460938 0.15820312 0.00195312
v 0.22460938 0.17382812 -0.04492188
v 0.22851562 -0.28320312 0.13476562
v 0.22851562 -0.27148438 0.12695312
v 0.22851562 -0.21289062 0.15820312
v 0.22851562 -0.02148438 0.14257812
v 0.22851562 0.02929688 0.10742188
v 0.22851562 0.05273438 -0.13867188
v 0.22851562 0.15429688 -0.01367188
v 0.23242188 -0.25585938 0.11523438
v 0.23242188 0.15039062 -0.01757812
v 0.23242188 0.17382812 -0.06445312
v 0.23632812 -0.28320312 0.13867188
v 0.23632812 -0.16210938 0.08398438
v 0.23632812 -0.07226562 -0.01367188
v 0.23632812 0.16601562 -0.10351562
v 0.23632812 0.17382812 -0.08398438
v 0.24023438 -0.15429688 0.06445312
v 0.24023438 -0.13476562 0.02929688
v 0.24023438 -0.07617188 -0.04882812
v 0.24023438 -0.01367188 -0.10351562
v 0.24023438 0.08789062 -0.13085938
v 0.24023438 0.09570312 -0.13476562
v 0.24023438 0.13476562 -0.12695312
v 0.24023438 0.15039062 -0.11914062
v 0.24023438 0.15039062 -0.02929688
v 0.24023438 0.15429688 -0.01757812
v 0.24414062 -0.27148438 0.14257812
v 0.24414062 -0.23632812 0.14648438
v 0.24414062 -0.17773438 0.07617188
v 0.24414062 -0.11523438 0.01367188
v 0.24414062 0.11523438 -0.13476562
v 0.24414062 0.14257812 -0.03320312
v 0.24804688 -0.08398438 0.00195312
v 0.24804688 -0.08398438 0.00585938
v 0.24804688 0.08007812 0.06445312
v 0.24804688 0.11132812 0.03710938
v 0.24804688 0.13867188 -0.07226562
v 0.24804688 0.14648438 -0.05273438
v 0.25195312 -0.20898438 0.07617188
v 0.25195312 0.03320312 -0.13085938
v 0.25195312 0.08007812 -0.12304688
v 0.25195312 0.10351562 -0.05664062
v 0.25195312 0.10742188 -0.11523438
v 0.25195312 0.11914062 -0.06835938
v 0.25195312 0.12304688 -0.05664062
v 0.25195312 0.13085938 -0.08789062
v 0.25195312 0.13085938 -0.04101562
v 0.25585938 -0.15820312 0.06054688
v 0.25585938 -0.11132812 0.14648438
v 0.25585938 -0.07617188 0.14257812
v 0.25585938 0.09570312 -0.09179688
v 0.25585938 0.10742188 -0.09960938
v 0.25585938 0.11523438 -0.08398438
v 0.25585938 0.11914062 -0.10351562
v 0.25976562 -0.28320312 0.09570312
v 0.25976562 -0.13085938 0.05273438
v 0.25976562 -0.04492188 -0.08398438
v 0.25976562 0.13476562 -0.00585938
v 0.25976562 0.13867188 -0.04882812
v 0.26367188 -0.29101562 0.09960938
v 0.26757812 -0.13476562 0.04101562
v 0.26757812 -0.10742188 0.02929688
v 0.26757812 -0.07226562 -0.03320312
v 0.26757812 0.06054688 -0.10742188
v 0.26757812 0.08398438 -0.08007812
v 0.26757812 0.13476562 -0.03710938
v 0.27148438 -0.29101562 0.10742188
v 0.27148438 -0.16601562 0.13476562
v 0.27148438 -0.07617188 0.01757812
v 0.27148438 0.00976562 0.08789062
v 0.27539062 -0.20117188 0.12695312
v 0.27539062 -0.13476562 0.13085938
v 0.27539062 0.00585938 -0.10351562
v 0.27929688 -0.27929688 0.11132812
v 0.27929688 -0.27539062 0.06835938
v 0.27929688 -0.25195312 0.11132812
v 0.27929688 -0.14648438 0.02929688
v 0.27929688 -0.07226562 0.00976562
v 0.27929688 0.08789062 -0.07226562
v 0.27929688 0.11132812 -0.07226562
v 0.28320312 -0.16992188 0.02929688
v 0.28320312 -0.16601562 0.12304688
v 0.28320312 -0.10351562 0.01757812
v 0.28320312 0.06835938 -0.07226562
v 0.28320312 0.11523438 -0.02539062
v 0.28320312 0.11914062 -0.07226562
v 0.28710938 -0.17773438 0.11914062
v 0.28710938 -0.05664062 0.11523438
v 0.28710938 -0.02148438 -0.07226562
v 0.29101562 -0.28320312 0.06445312
v 0.29101562 -0.15039062 0.11523438
v 0.29101562 0.03710938 -0.09179688
v 0.29492188 -0.29101562 0.06445312
v 0.29492188 -0.15820312 0.11132812
v 0.29492188 -0.14648438 0.10742188
v 0.29492188 -0.12695312 0.11523438
v 0.29492188 -0.11132812 0.11523438
v 0.29492188 0.11914062 -0.05664062
v 0.29882812 -0.14648438 0.09960938
v 0.29882812 -0.13085938 0.00195312
v 0.29882812 -0.08007812 0.00195312
v 0.29882812 -0.02929688 -0.03710938
v 0.29882812 0.01757812 -0.06835938
v 0.29882812 0.04882812 -0.06835938
v 0.30273438 -0.29101562 0.06835938
v 0.30273438 -0.16601562 0.10742188
v 0.30273438 -0.16210938 0.10742188
v 0.30273438 -0.14648438 0.09570312
v 0.30273438 -0.12695312 0.10742188
v 0.30273438 0.09570312 -0.08398438
v 0.30664062 0.06445312 0.00195312
v 0.30664062 0.07617188 -0.08398438
v 0.30664062 0.10351562 -0.08007812
v 0.31054688 -0.02148438 0.07226562
v 0.31054688 0.02929688 0.03320312
v 0.31054688 0.09960938 -0.04882812
v 0.31445312 -0.27539062 0.07617188
v 0.31445312 -0.21679688 0.08398438
v 0.31445312 -0.19726562 0.09179688
v 0.31445312 -0.19335938 0.00585938
v 0.31445312 -0.16601562 0.08789062
v 0.31445312 -0.15429688 0.08789062
v 0.31445312 -0.12695312 0.09179688
v 0.31445312 0.10742188 -0.07226562
v 0.32226562 -0.18164062 0.08789062
v 0.32226562 -0.15429688 0.08007812
v 0.32226562 -0.06054688 0.06835938
v 0.32226562 0.08398438 -0.08789062
v 0.32617188 -0.16601562 0.07617188
v 0.32617188 -0.02148438 -0.06445312
v 0.32617188 0.06835938 -0.08789062
v 0.33007812 -0.25976562 0.01367188
v 0.33007812 -0.15039062 0.06835938
v 0.33007812 0.07226562 -0.09179688
v 0.33007812 0.08007812 -0.08789062
v 0.33398438 -0.27148438 0.01367188
v 0.33398438 -0.17773438 0.06054688
v 0.33398438 -0.09570312 0.06835938
v 0.33398438 0.05273438 -0.09570312
v 0.33789062 -0.27539062 0.01757812
v 0.33789062 -0.22851562 0.05273438
v 0.33789062 -0.20507812 0.06054688
v 0.33789062 0.00195312 -0.00195312
v 0.33789062 0.08007812 -0.07226562
v 0.34179688 -0.27929688 0.02539062
v 0.34179688 0.08007812 -0.08398438
v 0.34570312 -0.27148438 0.03320312
v 0.34570312 -0.26367188 0.03710938
v 0.34570312 -0.16210938 0.04882812
v 0.34960938 -0.10742188 -0.06835938
v 0.34960938 0.02929688 -0.10742188
v 0.35351562 -0.09179688 0.02929688
v 0.35742188 -0.24804688 -0.01757812
v 0.35742188 -0.24023438 -0.02539062
v 0.35742188 -0.02148438 -0.01757812
v 0.35742188 0.03320312 -0.10351562
v 0.35742188 0.04101562 -0.09960938
v 0.36132812 -0.25195312 -0.01367188
v 0.36132812 -0.14257812 0.02539062
v 0.36132812 -0.06445312 0.00585938
v 0.36523438 -0.25585938 -0.00585938
v 0.36523438 0.04492188 -0.09570312
v 0.36914062 -0.24414062 0.00195312
v 0.36914062 -0.22070312 0.00976562
v 0.36914062 -0.00195312 -0.11523438
v 0.37304688 -0.21679688 -0.04492188
v 0.37304688 -0.20898438 -0.04882812
v 0.37695312 -0.22070312 -0.04492188
v 0.37695312 -0.00585938 -0.11523438
v 0.38085938 -0.22460938 -0.03710938
v 0.38085938 -0.17773438 -0.07226562
v 0.38085938 -0.11523438 -0.01757812
v 0.38085938 -0.04101562 -0.11132812
v 0.38085938 -0.00195312 -0.11132812
v 0.38085938 0.00195312 -0.10742188
v 0.38476562 -0.21289062 -0.02539062
v 0.38476562 -0.18164062 -0.06445312
v 0.38476562 -0.15039062 -0.08789062
v 0.38476562 -0.07226562 -0.04101562
v 0.38476562 -0.00195312 -0.09570312
v 0.38867188 -0.18945312 -0.06445312
v 0.38867188 -0.18554688 -0.02929688
v 0.38867188 -0.15429688 -0.08398438
v 0.38867188 -0.11523438 -0.09960938
v 0.38867188 -0.08007812 -0.10742188
v 0.38867188 -0.04882812 -0.11132812
v 0.39257812 -0.14257812 -0.04492188
v 0.39257812 -0.08789062 -0.10351562
v 0.39648438 -0.18554688 -0.06054688
v 0.39648438 -0.17773438 -0.04882812
v 0.39648438 -0.15429688 -0.08398438
v 0.39648438 -0.11914062 -0.09570312
v 0.39648438 -0.04882812 -0.09570312
v 0.39648438 -0.04492188 -0.11132812
v 0.39648438 -0.04101562 -0.10742188
v 0.40039062 -0.15429688 -0.07617188
v 0.40039062 -0.14257812 -0.06835938
v 0.40039062 -0.11914062 -0.09570312
v 0.40039062 -0.11132812 -0.08789062
v 0.40039062 -0.09179688 -0.08007812
v 0.40039062 -0.08398438 -0.10351562
v 0.40429688 -0.08007812 -0.10351562
f 435 450 416
f 435 416 415
f 416 450 453
f 450 435 1028
f 435 415 451
f 415 416 417
f 416 453 418
f 453 450 517
f 450 1028 1121
f 1028 435 451
f 451 415 452
f 415 417 455
f 417 416 418
f 418 453 454
f 453 517 519
f 517 450 1121
f 1121 1028 1152
f 1028 451 965
f 451 452 466
f 452 415 455
f 455 417 468
f 417 418 436
f 418 454 437
f 454 453 519
f 519 517 578
f 517 1121 1054
f 1121 1152 1182
f 1152 1028 1053
f 1028 965 1053
f 965 451 466
f 466 452 490
f 452 455 521
f 455 468 545
f 468 417 436
f 436 418 437
f 437 454 467
f 454 519 520
f 519 578 604
f 578 517 1054
f 1054 1121 1183
f 1121 1182 1183
f 1182 1152 1369
f 1152 1053 1292
f 1053 965 939
f 965 466 939
f 466 490 518
f 490 452 521
f 521 455 545
f 545 468 582
f 468 436 491
f 436 437 469
f 437 467 480
f 467 454 520
f 520 519 604
f 604 578 664
f 578 1054 990
f 1054 1183 1055
f 1183 1182 1405
f 1182 1369 1404
f 1369 1152 1292
f 1292 1053 1260
f 1053 939 989
f 939 466 518
f 518 490 568
f 490 521 580
f 521 545 580
f 545 582 606
f 582 468 491
f 491 436 469
f 469 437 480
f 480 467 522
f 467 520 553
f 520 604 605
f 604 664 682
f 664 578 990
f 990 1054 1055
f 1055 1183 1405
f 1405 1182 1404
f 1404 1369 1452
f 1369 1292 1434
f 1292 1260 1370
f 1260 1053 989
f 989 939 941
f 939 518 883
f 518 568 883
f 568 490 569
f 490 580 569
f 580 545 606
f 606 582 633
f 582 491 584
f 491 469 584
f 469 480 546
f 480 522 547
f 522 467 553
f 553 520 605
f 605 604 682
f 682 664 851
f 664 990 851
f 990 1055 851
f 1055 1405 1293
f 1405 1404 1453
f 1404 1452 1453
f 1452 1369 1434
f 1434 1292 1370
f 1370 1260 1261
f 1260 989 1122
f 989 941 1122
f 941 939 883
f 883 568 778
f 568 569 579
f 569 580 579
f 580 606 597
f 606 633 632
f 633 582 634
f 582 584 634
f 584 469 546
f 546 480 547
f 547 522 583
f 522 553 581
f 553 605 631
f 605 682 718
f 682 851 884
f 851 1055 940
f 1055 1293 1153
f 1293 1405 1508
f 1405 1453 1508
f 1453 1452 1593
f 1452 1434 1553
f 1434 1370 1454
f 1370 1261 1371
f 1261 1260 1122
f 1122 941 991
f 941 883 778
f 778 568 630
f 568 579 596
f 579 580 597
f 597 606 632
f 632 633 683
f 633 634 719
f 634 584 636
f 584 546 636
f 546 547 607
f 547 583 608
f 583 522 581
f 581 553 631
f 631 605 718
f 718 682 884
f 884 851 940
f 940 1055 1153
f 1153 1293 1406
f 1293 1508 1406
f 1508 1453 1574
f 1453 1593 1574
f 1593 1452 1553
f 1553 1434 1454
f 1454 1370 1371
f 1371 1261 1184
f 1261 1122 1056
f 1122 991 1056
f 991 941 852
f 941 778 852
f 778 630 665
f 630 568 596
f 596 579 665
f 579 597 779
f 597 632 780
f 632 683 853
f 683 633 719
f 719 634 684
f 634 636 684
f 636 546 607
f 607 547 608
f 608 583 635
f 583 581 643
f 581 631 666
f 631 718 781
f 718 884 942
f 884 940 992
f 940 1153 992
f 1153 1406 1294
f 1406 1508 1594
f 1508 1574 1594
f 1574 1593 1596
f 1593 1553 1554
f 1553 1454 1510
f 1454 1371 1408
f 1371 1184 1225
f 1184 1261 1056
f 1056 991 993
f 991 852 779
f 852 778 665
f 665 630 596
f 665 579 779
f 779 597 780
f 780 632 853
f 853 683 885
f 683 719 783
f 719 684 784
f 684 636 721
f 636 607 667
f 607 608 644
f 608 635 644
f 635 583 720
f 583 643 720
f 643 581 666
f 666 631 781
f 781 718 942
f 942 884 992
f 992 1153 1029
f 1153 1294 1029
f 1294 1406 1509
f 1406 1594 1509
f 1594 1574 1596
f 1596 1593 1595
f 1593 1554 1595
f 1554 1553 1510
f 1510 1454 1408
f 1408 1371 1225
f 1225 1184 995
f 1184 1056 944
f 1056 993 944
f 993 991 780
f 991 779 780
f 779 852 665
f 780 853 993
f 853 885 944
f 885 683 783
f 783 719 784
f 784 684 721
f 721 636 667
f 667 607 645
f 607 644 645
f 644 635 685
f 635 720 685
f 720 643 855
f 643 666 782
f 666 781 854
f 781 942 943
f 942 992 1029
f 1029 1294 1123
f 1294 1509 1407
f 1509 1594 1555
f 1594 1596 1630
f 1596 1595 1575
f 1595 1554 1512
f 1554 1510 1511
f 1510 1408 1435
f 1408 1225 1295
f 1225 995 1295
f 995 1184 944
f 944 993 853
f 944 885 995
f 885 783 912
f 783 784 912
f 784 721 722
f 721 667 687
f 667 645 669
f 645 644 647
f 644 685 670
f 685 720 857
f 720 855 857
f 855 643 782
f 782 666 854
f 854 781 943
f 943 942 1029
f 1029 1123 943
f 1123 1294 1407
f 1407 1509 1555
f 1555 1594 1630
f 1630 1596 1597
f 1596 1575 1597
f 1575 1595 1512
f 1512 1554 1511
f 1511 1510 1435
f 1435 1408 1295
f 1295 995 1057
f 995 885 1057
f 885 912 1057
f 912 784 856
f 784 722 856
f 722 721 687
f 687 667 669
f 669 645 646
f 645 647 646
f 647 644 670
f 670 685 686
f 685 857 723
f 857 855 946
f 855 782 966
f 782 854 945
f 854 943 994
f 943 1123 994
f 1123 1407 1224
f 1407 1555 1455
f 1555 1630 1576
f 1630 1597 1576
f 1597 1575 1578
f 1575 1512 1578
f 1512 1511 1556
f 1511 1435 1513
f 1435 1295 1436
f 1295 1057 1346
f 1057 912 1298
f 912 856 1185
f 856 722 858
f 722 687 727
f 687 669 609
f 669 646 609
f 646 647 611
f 647 670 612
f 670 686 671
f 686 685 723
f 723 857 819
f 857 946 913
f 946 855 966
f 966 782 945
f 945 854 994
f 994 1123 1224
f 1224 1407 1455
f 1455 1555 1514
f 1555 1576 1514
f 1576 1597 1577
f 1597 1578 1598
f 1578 1512 1556
f 1556 1511 1513
f 1513 1435 1436
f 1436 1295 1346
f 1346 1057 1298
f 1298 912 1185
f 1185 856 1058
f 856 858 1058
f 858 722 787
f 722 727 787
f 727 687 668
f 687 609 668
f 609 646 610
f 646 611 610
f 611 647 612
f 612 670 613
f 670 671 613
f 671 686 648
f 686 723 730
f 723 819 724
f 819 857 913
f 913 946 967
f 946 966 1030
f 966 945 1124
f 945 994 1124
f 994 1224 1124
f 1224 1455 1296
f 1455 1514 1437
f 1514 1576 1579
f 1576 1577 1579
f 1577 1597 1598
f 1598 1578 1599
f 1578 1556 1599
f 1556 1513 1580
f 1513 1436 1557
f 1436 1346 1457
f 1346 1298 1457
f 1298 1185 1372
f 1185 1058 1226
f 1058 858 1031
f 858 787 886
f 787 727 790
f 727 668 672
f 668 609 548
f 609 610 523
f 610 611 526
f 611 612 570
f 612 613 570
f 613 671 648
f 648 686 730
f 730 723 724
f 724 819 725
f 819 913 859
f 913 967 859
f 967 946 1030
f 1030 966 1154
f 966 1124 1154
f 1124 1224 1296
f 1296 1455 1437
f 1437 1514 1515
f 1514 1579 1515
f 1579 1577 1631
f 1577 1598 1672
f 1598 1599 1672
f 1599 1556 1580
f 1580 1513 1557
f 1557 1436 1457
f 1457 1298 1372
f 1372 1185 1297
f 1185 1226 1297
f 1226 1058 1188
f 1058 1031 1188
f 1031 858 886
f 886 787 823
f 787 790 823
f 790 727 792
f 727 672 794
f 672 668 548
f 548 609 523
f 523 610 524
f 610 526 524
f 526 611 570
f 570 613 571
f 613 648 614
f 648 730 649
f 730 724 728
f 724 725 728
f 725 819 785
f 819 859 785
f 859 967 947
f 967 1030 1059
f 1030 1154 1186
f 1154 1124 1296
f 1296 1437 1347
f 1437 1515 1458
f 1515 1579 1633
f 1579 1631 1633
f 1631 1577 1672
f 1672 1599 1709
f 1599 1580 1709
f 1580 1557 1710
f 1557 1457 1632
f 1457 1372 1456
f 1372 1297 1438
f 1297 1226 1348
f 1226 1188 1349
f 1188 1031 1063
f 1031 886 969
f 886 823 821
f 823 790 791
f 790 792 791
f 792 727 794
f 794 672 694
f 672 548 525
f 548 523 525
f 523 524 492
f 524 526 493
f 526 570 571
f 571 613 614
f 614 648 649
f 649 730 735
f 730 728 736
f 728 725 729
f 725 785 726
f 785 859 786
f 859 947 820
f 947 967 996
f 967 1059 996
f 1059 1030 1187
f 1030 1186 1187
f 1186 1154 1347
f 1154 1296 1347
f 1347 1437 1458
f 1458 1515 1600
f 1515 1633 1600
f 1633 1631 1744
f 1631 1672 1745
f 1672 1709 1745
f 1709 1580 1710
f 1710 1557 1671
f 1557 1632 1671
f 1632 1457 1456
f 1456 1372 1438
f 1438 1297 1348
f 1348 1226 1349
f 1349 1188 1350
f 1188 1063 1189
f 1063 1031 1033
f 1031 969 1032
f 969 886 821
f 821 823 731
f 823 791 731
f 791 792 793
f 792 794 793
f 794 694 696
f 694 672 525
f 525 523 492
f 492 524 493
f 493 526 528
f 526 571 554
f 571 614 554
f 614 649 615
f 649 735 650
f 735 730 736
f 736 728 737
f 728 729 737
f 729 725 726
f 726 785 786
f 786 859 820
f 820 947 860
f 947 996 914
f 996 1059 1060
f 1059 1187 1060
f 1187 1186 1373
f 1186 1347 1373
f 1347 1458 1373
f 1458 1600 1459
f 1600 1633 1762
f 1633 1744 1762
f 1744 1631 1745
f 1745 1709 1791
f 1709 1710 1790
f 1710 1671 1760
f 1671 1632 1760
f 1632 1456 1581
f 1456 1438 1581
f 1438 1348 1516
f 1348 1349 1517
f 1349 1350 1464
f 1350 1188 1189
f 1189 1063 1230
f 1063 1033 999
f 1033 1031 1032
f 1032 969 949
f 969 821 915
f 821 731 789
f 731 791 733
f 791 793 734
f 793 794 797
f 794 696 797
f 696 694 529
f 694 525 527
f 525 492 527
f 492 493 495
f 493 528 495
f 528 526 554
f 554 614 615
f 615 649 650
f 650 735 796
f 735 736 796
f 736 737 741
f 737 729 688
f 729 726 688
f 726 786 788
f 786 820 788
f 820 860 822
f 860 947 914
f 914 996 968
f 996 1060 968
f 1060 1187 1227
f 1187 1373 1299
f 1373 1458 1459
f 1459 1600 1794
f 1600 1762 1794
f 1762 1744 1907
f 1744 1745 1867
f 1745 1791 1867
f 1791 1709 1792
f 1709 1790 1792
f 1790 1710 1760
f 1760 1632 1836
f 1632 1581 1673
f 1581 1438 1558
f 1438 1516 1558
f 1516 1348 1517
f 1517 1349 1464
f 1464 1350 1380
f 1350 1189 1230
f 1230 1063 1034
f 1063 999 1034
f 999 1033 950
f 1033 1032 949
f 949 969 915
f 915 821 789
f 789 731 689
f 731 733 689
f 733 791 734
f 734 793 699
f 793 797 798
f 797 696 700
f 696 529 700
f 529 694 527
f 527 492 494
f 492 495 494
f 495 528 530
f 528 554 555
f 554 615 555
f 615 650 616
f 650 796 651
f 796 736 741
f 741 737 739
f 737 688 695
f 688 726 788
f 788 820 822
f 822 860 861
f 860 914 861
f 914 968 916
f 968 1060 997
f 1060 1227 1125
f 1227 1187 1299
f 1299 1373 1459
f 1459 1794 1837
f 1794 1762 1965
f 1762 1907 1965
f 1907 1744 1867
f 1867 1791 1906
f 1791 1792 1868
f 1792 1790 1816
f 1790 1760 1833
f 1760 1836 1866
f 1836 1632 1761
f 1632 1673 1761
f 1673 1581 1674
f 1581 1558 1674
f 1558 1516 1674
f 1516 1517 1601
f 1517 1464 1602
f 1464 1380 1468
f 1380 1350 1230
f 1230 1034 1231
f 1034 999 952
f 999 950 951
f 950 1033 949
f 949 915 862
f 915 789 862
f 789 689 732
f 689 733 690
f 733 734 690
f 734 699 693
f 699 793 798
f 798 797 830
f 797 700 831
f 700 529 531
f 529 527 494
f 494 495 497
f 495 530 497
f 530 528 556
f 528 555 556
f 555 615 616
f 616 650 651
f 651 796 832
f 796 741 832
f 741 739 744
f 739 737 695
f 695 688 738
f 688 788 738
f 788 822 738
f 822 861 795
f 861 914 916
f 916 968 948
f 968 997 948
f 997 1060 998
f 1060 1125 1061
f 1125 1227 1126
f 1227 1299 1374
f 1299 1459 1460
f 1459 1837 1460
f 1837 1794 2053
f 1794 1965 2053
f 1965 1907 2086
f 1907 1867 1989
f 1867 1906 1989
f 1906 1791 1868
f 1868 1792 1835
f 1792 1816 1835
f 1816 1790 1833
f 1833 1760 1866
f 1866 1836 1937
f 1836 1761 1891
f 1761 1673 1674
f 1674 1516 1601
f 1601 1517 1602
f 1602 1464 1606
f 1464 1468 1610
f 1468 1380 1382
f 1380 1230 1231
f 1231 1034 1035
f 1034 952 1035
f 952 999 951
f 951 950 888
f 950 949 888
f 949 862 887
f 862 789 732
f 732 689 690
f 690 734 693
f 693 699 673
f 699 798 742
f 798 830 742
f 830 797 831
f 831 700 833
f 700 531 702
f 531 529 496
f 529 494 496
f 494 497 496
f 497 530 532
f 530 556 532
f 556 555 616
f 616 651 617
f 651 832 652
f 832 741 744
f 744 739 743
f 739 695 697
f 695 738 740
f 738 822 795
f 795 861 827
f 861 916 890
f 916 948 917
f 948 997 998
f 998 1060 1061
f 1061 1125 1127
f 1125 1126 1127
f 1126 1227 1262
f 1227 1374 1262
f 1374 1299 1460
f 1460 1837 1838
f 1837 2053 1838
f 2053 1965 2214
f 1965 2086 2214
f 2086 1907 1989
f 1989 1906 1988
f 1906 1868 1905
f 1868 1835 1834
f 1835 1816 1865
f 1816 1833 1864
f 1833 1866 1904
f 1866 1937 1986
f 1937 1836 1938
f 1836 1891 1938
f 1891 1761 1793
f 1761 1674 1793
f 1674 1601 1634
f 1601 1602 1634
f 1602 1606 1635
f 1606 1464 1610
f 1610 1468 1611
f 1468 1382 1469
f 1382 1380 1231
f 1231 1035 1232
f 1035 952 1002
f 952 951 891
f 951 888 889
f 888 949 887
f 887 862 824
f 862 732 824
f 732 690 691
f 690 693 691
f 693 673 692
f 673 699 742
f 742 830 864
f 830 831 864
f 831 833 864
f 833 700 702
f 702 531 549
f 531 496 498
f 496 497 499
f 497 532 499
f 532 556 572
f 556 616 617
f 617 651 652
f 652 832 834
f 832 744 834
f 744 743 747
f 743 739 697
f 697 695 740
f 740 738 795
f 795 827 829
f 827 861 890
f 890 916 917
f 917 948 1000
f 948 998 1000
f 998 1061 1066
f 1061 1127 1228
f 1127 1126 1263
f 1126 1262 1263
f 1262 1374 1375
f 1374 1460 1461
f 1460 1838 1461
f 1838 2053 1991
f 2053 2214 2118
f 2214 2086 2346
f 2086 1989 2117
f 1989 1988 2117
f 1988 1906 1905
f 1905 1868 1834
f 1834 1835 1865
f 1865 1816 1864
f 1864 1833 1904
f 1904 1866 1986
f 1986 1937 2116
f 1937 1938 2085
f 1938 1891 2052
f 1891 1793 1892
f 1793 1674 1763
f 1674 1634 1675
f 1634 1602 1635
f 1635 1606 1636
f 1606 1610 1636
f 1610 1611 1637
f 1611 1468 1469
f 1469 1382 1409
f 1382 1231 1232
f 1232 1035 1003
f 1035 1002 1003
f 1002 952 919
f 952 891 919
f 891 951 889
f 889 888 825
f 888 887 824
f 824 732 825
f 732 691 825
f 691 693 692
f 692 673 698
f 673 742 800
f 742 864 800
f 864 833 865
f 833 702 746
f 702 549 675
f 549 531 498
f 498 496 499
f 499 532 534
f 532 572 573
f 572 556 617
f 617 652 618
f 652 834 674
f 834 744 747
f 747 743 748
f 743 697 701
f 697 740 701
f 740 795 799
f 795 829 799
f 829 827 892
f 827 890 892
f 890 917 918
f 917 1000 1001
f 1000 998 1066
f 1066 1061 1065
f 1061 1228 1229
f 1228 1127 1263
f 1263 1262 1377
f 1262 1375 1377
f 1375 1374 1461
f 1461 1838 1839
f 1838 1991 1839
f 1991 2053 2118
f 2118 2214 2347
f 2214 2346 2347
f 2346 2086 2117
f 2117 1988 2213
f 1988 1905 1987
f 1905 1834 1863
f 1834 1865 1832
f 1865 1864 1831
f 1864 1904 1862
f 1904 1986 1903
f 1986 2116 1985
f 2116 1937 2085
f 2085 1938 2052
f 2052 1891 1892
f 1892 1793 1763
f 1763 1674 1675
f 1675 1634 1676
f 1634 1635 1676
f 1635 1636 1677
f 1636 1610 1637
f 1637 1611 1638
f 1611 1469 1614
f 1469 1409 1472
f 1409 1382 1232
f 1232 1003 1004
f 1003 1002 893
f 1002 919 863
f 919 891 828
f 891 889 828
f 889 825 826
f 825 888 824
f 825 691 826
f 691 692 826
f 692 698 828
f 698 673 800
f 800 864 863
f 864 865 895
f 865 833 838
f 833 746 838
f 746 702 675
f 675 549 598
f 549 498 500
f 498 499 500
f 499 534 533
f 534 532 573
f 573 572 618
f 572 617 618
f 618 652 653
f 652 674 653
f 674 834 836
f 834 747 836
f 747 748 752
f 748 743 701
f 701 740 745
f 740 799 745
f 799 829 835
f 829 892 894
f 892 890 918
f 918 917 1001
f 1001 1000 1036
f 1000 1066 1036
f 1066 1065 1068
f 1065 1061 1062
f 1061 1229 1062
f 1229 1228 1378
f 1228 1263 1376
f 1263 1377 1376
f 1377 1375 1519
f 1375 1461 1518
f 1461 1839 1603
f 1839 1991 1910
f 1991 2118 2119
f 2118 2347 2348
f 2347 2346 2458
f 2346 2117 2390
f 2117 2213 2390
f 2213 1988 1987
f 1987 1905 1863
f 1863 1834 1832
f 1832 1865 1831
f 1831 1864 1862
f 1862 1904 1903
f 1903 1986 1985
f 1985 2116 2115
f 2116 2085 2389
f 2085 2052 2344
f 2052 1892 2026
f 1892 1763 1908
f 1763 1675 1764
f 1675 1676 1764
f 1676 1635 1677
f 1677 1636 1678
f 1636 1637 1678
f 1637 1638 1679
f 1638 1611 1614
f 1614 1469 1472
f 1472 1409 1410
f 1409 1232 1264
f 1232 1004 1264
f 1004 1003 895
f 1003 893 895
f 893 1002 863
f 863 919 828
f 828 889 826
f 826 692 828
f 828 698 863
f 698 800 863
f 863 864 893
f 864 895 893
f 895 865 867
f 865 838 868
f 838 746 755
f 746 675 703
f 675 598 676
f 598 549 500
f 500 499 533
f 533 534 598
f 534 573 585
f 573 618 653
f 653 674 598
f 674 836 840
f 836 747 751
f 747 752 751
f 752 748 749
f 748 701 749
f 701 745 749
f 745 799 801
f 799 835 801
f 835 829 894
f 894 892 920
f 892 918 920
f 918 1001 970
f 1001 1036 1037
f 1036 1066 1068
f 1068 1065 1064
f 1065 1062 1064
f 1062 1229 1190
f 1229 1378 1379
f 1378 1228 1376
f 1376 1377 1462
f 1377 1519 1462
f 1519 1375 1518
f 1518 1461 1462
f 1461 1603 1462
f 1603 1839 1840
f 1839 1910 1840
f 1910 1991 1939
f 1991 2119 2027
f 2119 2118 2348
f 2348 2347 2459
f 2347 2458 2459
f 2458 2346 2457
f 2346 2390 2457
f 2390 2213 2424
f 2213 1987 2311
f 1987 1863 1902
f 1863 1832 1902
f 1832 1831 1788
f 1831 1862 1788
f 1862 1903 1830
f 1903 1985 1890
f 1985 2115 1984
f 2115 2116 2389
f 2389 2085 2344
f 2344 2052 2312
f 2052 2026 2312
f 2026 1892 1908
f 1908 1763 1764
f 1764 1676 1765
f 1676 1677 1765
f 1677 1678 1765
f 1678 1637 1679
f 1679 1638 1680
f 1638 1614 1639
f 1614 1472 1615
f 1472 1410 1473
f 1410 1409 1264
f 1264 1004 1006
f 1004 895 1006
f 895 867 1006
f 867 865 868
f 868 838 805
f 838 755 805
f 755 746 703
f 703 675 676
f 676 598 674
f 598 500 533
f 598 534 585
f 585 573 653
f 653 598 585
f 674 840 757
f 840 836 899
f 836 751 896
f 751 752 896
f 752 749 753
f 749 745 750
f 745 801 750
f 801 835 837
f 835 894 897
f 894 920 922
f 920 918 970
f 970 1001 1037
f 1037 1036 1070
f 1036 1068 1070
f 1068 1064 1067
f 1064 1062 1190
f 1190 1229 1379
f 1379 1378 1466
f 1378 1376 1463
f 1376 1462 1463
f 1462 1519 1518
f 1462 1603 1604
f 1603 1840 1604
f 1840 1910 1841
f 1910 1939 1911
f 1939 1991 1966
f 1991 2027 1966
f 2027 2119 2120
f 2119 2348 2120
f 2348 2459 2349
f 2459 2458 2524
f 2458 2457 2560
f 2457 2390 2559
f 2390 2424 2559
f 2424 2213 2311
f 2311 1987 2025
f 1987 1902 2025
f 1902 1832 1789
f 1832 1788 1789
f 1788 1862 1830
f 1830 1903 1890
f 1890 1985 1984
f 1984 2115 2169
f 2115 2389 2423
f 2389 2344 2584
f 2344 2312 2504
f 2312 2026 2170
f 2026 1908 1990
f 1908 1764 1909
f 1764 1765 1909
f 1765 1678 1766
f 1678 1679 1766
f 1679 1680 1767
f 1680 1638 1639
f 1639 1614 1640
f 1614 1615 1640
f 1615 1472 1473
f 1473 1410 1411
f 1410 1264 1265
f 1264 1006 1265
f 1006 867 973
f 867 868 841
f 868 805 842
f 805 755 704
f 755 703 756
f 703 676 757
f 676 674 757
f 757 840 843
f 840 899 900
f 899 836 896
f 896 752 803
f 752 753 803
f 753 749 750
f 750 801 802
f 801 837 802
f 837 835 897
f 897 894 922
f 922 920 971
f 920 970 971
f 970 1037 1039
f 1037 1070 1072
f 1070 1068 1069
f 1068 1067 1069
f 1067 1064 1191
f 1064 1190 1191
f 1190 1379 1381
f 1379 1466 1465
f 1466 1378 1463
f 1463 1462 1604
f 1604 1840 1841
f 1841 1910 1911
f 1911 1939 1912
f 1939 1966 1940
f 1966 2027 2054
f 2027 2120 2054
f 2120 2348 2349
f 2349 2459 2460
f 2459 2524 2460
f 2524 2458 2506
f 2458 2560 2506
f 2560 2457 2559
f 2559 2424 2583
f 2424 2311 2455
f 2311 2025 2343
f 2025 1902 2084
f 1902 1789 1861
f 1789 1788 1815
f 1788 1830 1815
f 1830 1890 1814
f 1890 1984 1860
f 1984 2169 1983
f 2169 2115 2423
f 2423 2389 2631
f 2389 2584 2631
f 2584 2344 2504
f 2504 2312 2456
f 2312 2170 2456
f 2170 2026 1990
f 1990 1908 1909
f 1909 1765 1913
f 1765 1766 1869
f 1766 1679 1767
f 1767 1680 1768
f 1680 1639 1640
f 1640 1615 1641
f 1615 1473 1616
f 1473 1411 1474
f 1411 1410 1265
f 1265 1006 973
f 973 867 841
f 841 868 842
f 842 805 758
f 805 704 758
f 704 755 756
f 756 703 757
f 757 843 760
f 843 840 900
f 900 899 924
f 899 896 924
f 896 803 866
f 803 753 754
f 753 750 754
f 750 802 754
f 802 837 839
f 837 897 898
f 897 922 923
f 922 971 972
f 971 970 1039
f 1039 1037 1072
f 1072 1070 1071
f 1070 1069 1071
f 1069 1067 1192
f 1067 1191 1192
f 1191 1190 1381
f 1381 1379 1467
f 1379 1465 1467
f 1465 1466 1607
f 1466 1463 1605
f 1463 1604 1605
f 1604 1841 1605
f 1841 1911 1842
f 1911 1912 1842
f 1912 1939 1940
f 1940 1966 1967
f 1966 2054 2056
f 2054 2120 2173
f 2120 2349 2173
f 2349 2460 2351
f 2460 2524 2527
f 2524 2506 2526
f 2506 2560 2525
f 2560 2559 2686
f 2559 2583 2742
f 2583 2424 2455
f 2455 2311 2503
f 2311 2343 2503
f 2343 2025 2084
f 2084 1902 1964
f 1902 1861 1964
f 1861 1789 1815
f 1815 1830 1814
f 1814 1890 1860
f 1860 1984 1983
f 1983 2169 2212
f 2169 2423 2454
f 2423 2631 2454
f 2631 2584 2829
f 2584 2504 2632
f 2504 2456 2585
f 2456 2170 2345
f 2170 1990 2087
f 1990 1909 2028
f 1909 1913 2028
f 1913 1765 1869
f 1869 1766 1870
f 1766 1767 1870
f 1767 1768 1848
f 1768 1680 1681
f 1680 1640 1681
f 1640 1641 1681
f 1641 1615 1616
f 1616 1473 1474
f 1474 1411 1412
f 1411 1265 1300
f 1265 973 1300
f 973 841 954
f 841 842 806
f 842 758 807
f 758 704 705
f 704 756 759
f 756 757 760
f 760 843 809
f 843 900 809
f 900 924 925
f 924 896 921
f 896 866 921
f 866 803 754
f 754 802 804
f 802 839 804
f 839 837 898
f 898 897 923
f 923 922 972
f 972 971 1040
f 971 1039 1040
f 1039 1072 1073
f 1072 1071 1073
f 1071 1069 1193
f 1069 1192 1193
f 1192 1191 1351
f 1191 1381 1351
f 1381 1467 1470
f 1467 1465 1609
f 1465 1607 1609
f 1607 1466 1608
f 1466 1605 1608
f 1605 1841 1842
f 1842 1912 1844
f 1912 1940 1914
f 1940 1967 2055
f 1967 1966 2056
f 2056 2054 2173
f 2173 2349 2351
f 2351 2460 2462
f 2460 2527 2462
f 2527 2524 2526
f 2526 2506 2525
f 2525 2560 2561
f 2560 2686 2561
f 2686 2559 2684
f 2559 2742 2684
f 2742 2583 2828
f 2583 2455 2630
f 2455 2503 2630
f 2503 2343 2558
f 2343 2084 2422
f 2084 1964 2211
f 1964 1861 1982
f 1861 1815 1963
f 1815 1814 1981
f 1814 1860 1981
f 1860 1983 2050
f 1983 2212 2210
f 2212 2169 2454
f 2454 2631 2683
f 2631 2829 2915
f 2829 2584 2743
f 2584 2632 2743
f 2632 2504 2585
f 2585 2456 2505
f 2456 2345 2505
f 2345 2170 2087
f 2087 1990 2028
f 2028 1913 2029
f 1913 1869 2030
f 1869 1870 2031
f 1870 1767 1848
f 1848 1768 1849
f 1768 1681 1769
f 1681 1641 1682
f 1641 1616 1642
f 1616 1474 1618
f 1474 1412 1476
f 1412 1411 1300
f 1300 973 1266
f 973 954 1266
f 954 841 806
f 806 842 807
f 807 758 761
f 758 705 761
f 705 704 759
f 759 756 760
f 760 809 762
f 809 900 869
f 900 925 869
f 925 924 1007
f 924 921 1007
f 921 866 1005
f 866 754 804
f 804 839 866
f 839 898 953
f 898 923 953
f 923 972 1040
f 1040 1039 1073
f 1073 1071 1038
f 1071 1193 1194
f 1193 1192 1352
f 1192 1351 1352
f 1351 1381 1470
f 1470 1467 1612
f 1467 1609 1612
f 1609 1607 1843
f 1607 1608 1843
f 1608 1605 1842
f 1842 1844 1608
f 1844 1912 1914
f 1914 1940 1843
f 1940 2055 1992
f 2055 1967 2056
f 2056 2173 2121
f 2173 2351 2121
f 2351 2462 2350
f 2462 2527 2530
f 2527 2526 2530
f 2526 2525 2507
f 2525 2561 2563
f 2561 2686 2688
f 2686 2684 2830
f 2684 2742 2830
f 2742 2828 2916
f 2828 2583 2630
f 2630 2503 2654
f 2503 2558 2682
f 2558 2343 2422
f 2422 2084 2211
f 2211 1964 2051
f 1964 1982 2051
f 1982 1861 1963
f 1963 1815 1981
f 1981 1860 2050
f 2050 1983 2210
f 2210 2212 2421
f 2212 2454 2522
f 2454 2683 2522
f 2683 2631 2915
f 2915 2829 3006
f 2829 2743 3006
f 2743 2632 2917
f 2632 2585 2685
f 2585 2505 2586
f 2505 2345 2391
f 2345 2087 2171
f 2087 2028 2171
f 2028 2029 2171
f 2029 1913 2030
f 2030 1869 2031
f 2031 1870 2032
f 1870 1848 2032
f 1848 1849 2033
f 1849 1768 1769
f 1769 1681 1682
f 1682 1641 1642
f 1642 1616 1618
f 1618 1474 1476
f 1476 1412 1413
f 1412 1300 1301
f 1300 1266 1301
f 1266 954 955
f 954 806 955
f 806 807 808
f 807 761 764
f 761 705 706
f 705 759 763
f 759 760 762
f 762 809 810
f 809 869 810
f 869 925 926
f 925 1007 1008
f 1007 921 1005
f 1005 866 953
f 866 839 953
f 953 923 1040
f 1040 1073 953
f 1073 1038 1005
f 1038 1071 1075
f 1071 1194 1075
f 1194 1193 1353
f 1193 1352 1353
f 1352 1351 1471
f 1351 1470 1471
f 1470 1612 1613
f 1612 1609 1845
f 1609 1843 1845
f 1843 1608 1844
f 1844 1914 1843
f 1843 1940 1845
f 1940 1992 1845
f 1992 2055 2057
f 2055 2056 2121
f 2121 2351 2350
f 2350 2462 2461
f 2462 2530 2461
f 2530 2526 2507
f 2507 2525 2508
f 2525 2563 2565
f 2563 2561 2610
f 2561 2688 2655
f 2688 2686 2790
f 2686 2830 2790
f 2830 2742 2916
f 2916 2828 3005
f 2828 2630 2654
f 2654 2503 2682
f 2682 2558 2609
f 2558 2422 2502
f 2422 2211 2502
f 2211 2051 2342
f 2051 1982 2168
f 1982 1963 2167
f 1963 1981 2167
f 1981 2050 2341
f 2050 2210 2341
f 2210 2421 2453
f 2421 2212 2522
f 2522 2683 2715
f 2683 2915 3004
f 2915 3006 3095
f 3006 2743 2917
f 2917 2632 2744
f 2632 2685 2744
f 2685 2585 2687
f 2585 2586 2687
f 2586 2505 2523
f 2505 2391 2523
f 2391 2345 2171
f 2171 2029 2172
f 2029 2030 2172
f 2030 2031 2123
f 2031 2032 2126
f 2032 1848 2033
f 2033 1849 2034
f 1849 1769 1850
f 1769 1682 1770
f 1682 1642 1683
f 1642 1618 1643
f 1618 1476 1619
f 1476 1413 1477
f 1413 1412 1301
f 1301 1266 1267
f 1266 955 1267
f 955 806 808
f 808 807 764
f 764 761 707
f 761 706 707
f 706 705 763
f 763 759 762
f 762 810 766
f 810 869 870
f 869 926 870
f 926 925 1008
f 1008 1007 1074
f 1007 1005 1074
f 1005 953 1073
f 1005 1038 1074
f 1038 1075 1074
f 1075 1194 1076
f 1194 1353 1195
f 1353 1352 1471
f 1471 1470 1613
f 1613 1612 1846
f 1612 1845 1846
f 1845 1992 1846
f 1992 2057 1993
f 2057 2055 2121
f 2121 2350 2122
f 2350 2461 2352
f 2461 2530 2507
f 2507 2508 2463
f 2508 2525 2565
f 2565 2563 2611
f 2563 2610 2611
f 2610 2561 2655
f 2655 2688 2793
f 2688 2790 2792
f 2790 2830 2918
f 2830 2916 2918
f 2916 3005 3007
f 3005 2828 2870
f 2828 2654 2870
f 2654 2682 2870
f 2682 2609 2714
f 2609 2558 2502
f 2502 2211 2342
f 2342 2051 2209
f 2051 2168 2209
f 2168 1982 2167
f 2167 1981 2208
f 1981 2341 2208
f 2341 2210 2453
f 2453 2421 2557
f 2421 2522 2582
f 2522 2715 2582
f 2715 2683 3004
f 3004 2915 3144
f 2915 3095 3144
f 3095 3006 3161
f 3006 2917 3123
f 2917 2744 3041
f 2744 2685 2831
f 2685 2687 2791
f 2687 2586 2795
f 2586 2523 2587
f 2523 2391 2528
f 2391 2171 2392
f 2171 2172 2392
f 2172 2030 2174
f 2030 2123 2174
f 2123 2031 2126
f 2126 2032 2127
f 2032 2033 2127
f 2033 2034 2128
f 2034 1849 1850
f 1850 1769 1770
f 1770 1682 1683
f 1683 1642 1643
f 1643 1618 1619
f 1619 1476 1477
f 1477 1413 1414
f 1413 1301 1302
f 1301 1267 1302
f 1267 955 956
f 955 808 956
f 808 764 709
f 764 707 677
f 707 706 708
f 706 763 765
f 763 762 766
f 766 810 767
f 810 870 811
f 870 926 927
f 926 1008 1009
f 1008 1074 1076
f 1074 1075 1076
f 1076 1194 1195
f 1195 1353 1354
f 1353 1471 1475
f 1471 1613 1475
f 1613 1846 1847
f 1846 1992 1993
f 1993 2057 2058
f 2057 2121 2122
f 2122 2350 2352
f 2352 2461 2463
f 2461 2507 2463
f 2463 2508 2509
f 2508 2565 2567
f 2565 2611 2589
f 2611 2610 2691
f 2610 2655 2690
f 2655 2793 2746
f 2793 2688 2792
f 2792 2790 2874
f 2790 2918 2874
f 2918 2916 3007
f 3007 3005 3096
f 3005 2870 3040
f 2870 2682 2869
f 2682 2714 2869
f 2714 2609 2741
f 2609 2502 2556
f 2502 2342 2556
f 2342 2209 2452
f 2209 2168 2452
f 2168 2167 2419
f 2167 2208 2419
f 2208 2341 2520
f 2341 2453 2520
f 2453 2557 2605
f 2557 2421 2582
f 2582 2715 2789
f 2715 3004 2789
f 3004 3144 3186
f 3144 3095 3219
f 3095 3161 3219
f 3161 3006 3123
f 3123 2917 3041
f 3041 2744 2831
f 2831 2685 2791
f 2791 2687 2748
f 2687 2795 2748
f 2795 2586 2716
f 2586 2587 2716
f 2587 2523 2562
f 2523 2528 2562
f 2528 2391 2392
f 2392 2172 2393
f 2172 2174 2393
f 2174 2123 2353
f 2123 2126 2356
f 2126 2127 2358
f 2127 2033 2128
f 2128 2034 2130
f 2034 1850 2035
f 1850 1770 1817
f 1770 1683 1771
f 1683 1643 1684
f 1643 1619 1644
f 1619 1477 1582
f 1477 1414 1439
f 1414 1413 1302
f 1302 1267 1268
f 1267 956 1268
f 956 808 709
f 709 764 677
f 677 707 654
f 707 708 654
f 708 706 765
f 765 763 766
f 766 767 765
f 767 810 811
f 811 870 871
f 870 927 871
f 927 926 1009
f 1009 1008 1076
f 1076 1195 1077
f 1195 1354 1196
f 1354 1353 1475
f 1475 1613 1617
f 1613 1847 1617
f 1847 1846 1993
f 1993 2058 1994
f 2058 2057 2122
f 2122 2352 2124
f 2352 2463 2355
f 2463 2509 2464
f 2509 2508 2567
f 2567 2565 2589
f 2589 2611 2660
f 2611 2691 2660
f 2691 2610 2690
f 2690 2655 2746
f 2746 2793 2925
f 2793 2792 2875
f 2792 2874 2832
f 2874 2918 3042
f 2918 3007 3042
f 3007 3096 3124
f 3096 3005 3040
f 3040 2870 2869
f 2869 2714 2914
f 2714 2741 2914
f 2741 2609 2652
f 2609 2556 2652
f 2556 2342 2501
f 2342 2452 2501
f 2452 2168 2420
f 2168 2419 2420
f 2419 2208 2451
f 2208 2520 2451
f 2520 2453 2605
f 2605 2557 2649
f 2557 2582 2653
f 2582 2789 2653
f 2789 3004 3038
f 3004 3186 3038
f 3186 3144 3251
f 3144 3219 3251
f 3219 3161 3252
f 3161 3123 3221
f 3123 3041 3163
f 3041 2831 3097
f 2831 2791 2920
f 2791 2748 2879
f 2748 2795 2928
f 2795 2716 2926
f 2716 2587 2656
f 2587 2562 2658
f 2562 2528 2564
f 2528 2392 2529
f 2392 2393 2529
f 2393 2174 2353
f 2353 2123 2354
f 2123 2356 2354
f 2356 2126 2358
f 2358 2127 2359
f 2127 2128 2359
f 2128 2130 2361
f 2130 2034 2035
f 2035 1850 1817
f 1817 1770 1771
f 1771 1683 1684
f 1684 1643 1644
f 1644 1619 1582
f 1582 1477 1439
f 1439 1414 1383
f 1414 1302 1303
f 1302 1268 1303
f 1268 956 1198
f 956 709 901
f 709 677 657
f 677 654 637
f 654 708 655
f 708 765 710
f 765 767 710
f 767 811 768
f 811 871 812
f 871 927 928
f 927 1009 1010
f 1009 1076 1077
f 1077 1195 1196
f 1196 1354 1355
f 1354 1475 1478
f 1475 1617 1478
f 1617 1847 1851
f 1847 1993 1994
f 1994 2058 2059
f 2058 2122 2124
f 2124 2352 2355
f 2355 2463 2464
f 2464 2509 2510
f 2509 2567 2510
f 2567 2589 2613
f 2589 2660 2661
f 2660 2691 2751
f 2691 2690 2796
f 2690 2746 2835
f 2746 2925 2878
f 2925 2793 2875
f 2875 2792 2922
f 2792 2832 2922
f 2832 2874 2873
f 2874 3042 2873
f 3042 3007 3124
f 3124 3096 3162
f 3096 3040 3160
f 3040 2869 3039
f 2869 2914 3039
f 2914 2741 2913
f 2741 2652 2740
f 2652 2556 2651
f 2556 2501 2555
f 2501 2452 2521
f 2452 2420 2500
f 2420 2419 2499
f 2419 2451 2554
f 2451 2520 2554
f 2520 2605 2606
f 2605 2649 2681
f 2649 2557 2737
f 2557 2653 2737
f 2653 2789 2827
f 2789 3038 2827
f 3038 3186 3185
f 3186 3251 3185
f 3251 3219 3284
f 3219 3252 3284
f 3252 3161 3221
f 3221 3123 3163
f 3163 3041 3097
f 3097 2831 2920
f 2920 2791 2924
f 2791 2879 2923
f 2879 2748 2750
f 2748 2928 2750
f 2928 2795 2970
f 2795 2926 2970
f 2926 2716 2833
f 2716 2656 2747
f 2656 2587 2658
f 2658 2562 2659
f 2562 2564 2659
f 2564 2528 2529
f 2529 2393 2531
f 2393 2353 2531
f 2353 2354 2533
f 2354 2356 2533
f 2356 2358 2534
f 2358 2359 2537
f 2359 2128 2361
f 2361 2130 2313
f 2130 2035 2088
f 2035 1817 2036
f 1817 1771 1818
f 1771 1684 1772
f 1684 1644 1685
f 1644 1582 1622
f 1582 1439 1559
f 1439 1383 1440
f 1383 1414 1303
f 1303 1268 1198
f 1198 956 901
f 901 709 657
f 657 677 637
f 637 654 619
f 654 655 619
f 655 708 710
f 710 767 768
f 768 811 812
f 812 871 872
f 871 928 872
f 928 927 1010
f 1010 1009 1077
f 1077 1196 1079
f 1196 1355 1197
f 1355 1354 1478
f 1478 1617 1620
f 1617 1851 1620
f 1851 1847 1995
f 1847 1994 1995
f 1994 2059 2060
f 2059 2058 2124
f 2124 2355 2357
f 2355 2464 2465
f 2464 2510 2465
f 2510 2567 2569
f 2567 2613 2569
f 2613 2589 2661
f 2661 2660 2754
f 2660 2751 2754
f 2751 2691 2796
f 2796 2690 2835
f 2835 2746 2878
f 2878 2925 3011
f 2925 2875 2968
f 2875 2922 3044
f 2922 2832 3045
f 2832 2873 2877
f 2873 3042 3099
f 3042 3124 3099
f 3124 3162 3165
f 3162 3096 3160
f 3160 3040 3039
f 3039 2914 3037
f 2914 2913 3037
f 2913 2741 2868
f 2741 2740 2868
f 2740 2652 2651
f 2651 2556 2555
f 2555 2501 2521
f 2521 2452 2500
f 2500 2420 2499
f 2499 2419 2554
f 2554 2520 2606
f 2606 2605 2681
f 2681 2649 2738
f 2649 2737 2738
f 2737 2653 2827
f 2827 3038 3094
f 3038 3185 3094
f 3185 3251 3268
f 3251 3284 3268
f 3284 3252 3285
f 3252 3221 3271
f 3221 3163 3231
f 3163 3097 3164
f 3097 2920 3098
f 2920 2924 2921
f 2924 2791 2923
f 2923 2879 2971
f 2879 2750 2882
f 2750 2928 2932
f 2928 2970 2973
f 2970 2926 2931
f 2926 2833 2836
f 2833 2716 2747
f 2747 2656 2749
f 2656 2658 2749
f 2658 2659 2752
f 2659 2564 2662
f 2564 2529 2531
f 2531 2353 2533
f 2533 2356 2534
f 2534 2358 2537
f 2537 2359 2539
f 2359 2361 2539
f 2361 2313 2541
f 2313 2130 2088
f 2088 2035 2036
f 2036 1817 1818
f 1818 1771 1772
f 1772 1684 1685
f 1685 1644 1622
f 1622 1582 1559
f 1559 1439 1440
f 1440 1383 1357
f 1383 1303 1234
f 1303 1198 1234
f 1198 901 1128
f 901 657 659
f 657 637 659
f 637 619 639
f 619 655 620
f 655 710 656
f 710 768 656
f 768 812 678
f 812 872 769
f 872 928 929
f 928 1010 1011
f 1010 1077 1078
f 1077 1079 1078
f 1079 1196 1197
f 1197 1355 1356
f 1355 1478 1479
f 1478 1620 1479
f 1620 1851 1852
f 1851 1995 1996
f 1995 1994 2060
f 2060 2059 2129
f 2059 2124 2125
f 2124 2357 2125
f 2357 2355 2465
f 2465 2510 2535
f 2510 2569 2535
f 2569 2613 2614
f 2613 2661 2693
f 2661 2754 2797
f 2754 2751 2938
f 2751 2796 2935
f 2796 2835 2933
f 2835 2878 2933
f 2878 3011 3013
f 3011 2925 3102
f 2925 2968 3102
f 2968 2875 3044
f 3044 2922 3101
f 2922 3045 3101
f 3045 2832 2834
f 2832 2877 2834
f 2877 2873 2872
f 2873 3099 2872
f 3099 3124 3165
f 3165 3162 3222
f 3162 3160 3220
f 3160 3039 3159
f 3039 3037 3159
f 3037 2913 3036
f 2913 2868 3036
f 2868 2740 2826
f 2740 2651 2713
f 2651 2555 2608
f 2555 2521 2608
f 2521 2500 2607
f 2500 2499 2629
f 2499 2554 2629
f 2554 2606 2710
f 2606 2681 2710
f 2681 2738 2788
f 2738 2737 2866
f 2737 2827 2866
f 2827 3094 2866
f 3094 3185 3089
f 3185 3268 3214
f 3268 3284 3282
f 3284 3285 3282
f 3285 3252 3271
f 3271 3221 3231
f 3231 3163 3164
f 3164 3097 3098
f 3098 2920 2921
f 2921 2924 2927
f 2924 2923 3009
f 2923 2971 3009
f 2971 2879 2974
f 2879 2882 2974
f 2882 2750 2888
f 2750 2932 2937
f 2932 2928 2973
f 2973 2970 2931
f 2931 2926 2836
f 2836 2833 2747
f 2747 2749 2836
f 2749 2658 2752
f 2752 2659 2755
f 2659 2662 2755
f 2662 2564 2568
f 2564 2531 2568
f 2531 2533 2590
f 2533 2534 2591
f 2534 2537 2592
f 2537 2539 2595
f 2539 2361 2541
f 2541 2313 2543
f 2313 2088 2314
f 2088 2036 2089
f 2036 1818 2037
f 1818 1772 1819
f 1772 1685 1773
f 1685 1622 1686
f 1622 1559 1624
f 1559 1440 1537
f 1440 1357 1384
f 1357 1383 1234
f 1234 1198 1128
f 1128 901 873
f 901 659 873
f 659 637 639
f 639 619 622
f 619 620 622
f 620 655 656
f 656 768 678
f 678 812 769
f 769 872 844
f 872 929 844
f 929 928 1011
f 1011 1010 1078
f 1078 1079 1080
f 1079 1197 1081
f 1197 1356 1233
f 1356 1355 1479
f 1479 1620 1621
f 1620 1852 1621
f 1852 1851 1996
f 1996 1995 2061
f 1995 2060 2061
f 2060 2129 2175
f 2129 2059 2125
f 2125 2357 2360
f 2357 2465 2360
f 2465 2535 2466
f 2535 2569 2570
f 2569 2614 2570
f 2614 2613 2693
f 2693 2661 2797
f 2797 2754 2939
f 2754 2938 2939
f 2938 2751 2935
f 2935 2796 2934
f 2796 2933 2934
f 2933 2878 3013
f 3013 3011 3103
f 3011 3102 3103
f 3102 2968 3044
f 3044 3101 3167
f 3101 3045 3126
f 3045 2834 3046
f 2834 2877 2881
f 2877 2872 2876
f 2872 3099 2921
f 3099 3165 3098
f 3165 3222 3164
f 3222 3162 3220
f 3220 3160 3159
f 3159 3037 3158
f 3037 3036 3158
f 3036 2868 3003
f 2868 2826 3003
f 2826 2740 2713
f 2713 2651 2608
f 2608 2521 2607
f 2607 2500 2629
f 2629 2554 2650
f 2554 2710 2650
f 2710 2681 2788
f 2788 2738 2867
f 2738 2866 2867
f 2866 3094 3089
f 3089 3185 3214
f 3214 3268 3267
f 3268 3282 3267
f 3282 3285 3283
f 3285 3271 3270
f 3271 3231 3253
f 3231 3164 3222
f 3164 3098 3165
f 3098 2921 3099
f 2921 2927 2872
f 2927 2924 2969
f 2924 3009 3010
f 3009 2971 3012
f 2971 2974 3012
f 2974 2882 2977
f 2882 2888 2977
f 2888 2750 2753
f 2750 2937 2753
f 2937 2932 2976
f 2932 2973 2976
f 2973 2931 2936
f 2931 2836 2839
f 2836 2749 2839
f 2749 2752 2839
f 2752 2755 2841
f 2755 2662 2663
f 2662 2568 2663
f 2568 2531 2590
f 2590 2533 2591
f 2591 2534 2592
f 2592 2537 2595
f 2595 2539 2596
f 2539 2541 2596
f 2541 2543 2597
f 2543 2313 2314
f 2314 2088 2089
f 2089 2036 2037
f 2037 1818 1819
f 1819 1772 1773
f 1773 1685 1686
f 1686 1622 1624
f 1624 1559 1537
f 1537 1440 1384
f 1384 1357 1270
f 1357 1234 1155
f 1234 1128 1155
f 1128 873 874
f 873 659 874
f 659 639 638
f 639 622 624
f 622 620 599
f 620 656 621
f 656 678 658
f 678 769 658
f 769 844 711
f 844 929 902
f 929 1011 1012
f 1011 1078 1080
f 1080 1079 1081
f 1081 1197 1233
f 1233 1356 1415
f 1356 1479 1480
f 1479 1621 1480
f 1621 1852 1871
f 1852 1996 2038
f 1996 2061 2090
f 2061 2060 2175
f 2175 2129 2362
f 2129 2125 2360
f 2360 2465 2466
f 2466 2535 2538
f 2535 2570 2594
f 2570 2614 2635
f 2614 2693 2694
f 2693 2797 2848
f 2797 2939 2848
f 2939 2938 2982
f 2938 2935 3017
f 2935 2934 3015
f 2934 2933 3013
f 3013 3103 3048
f 3103 3102 3145
f 3102 3044 3145
f 3044 3167 3145
f 3167 3101 3168
f 3101 3126 3168
f 3126 3045 3046
f 3046 2834 2837
f 2834 2881 2837
f 2881 2877 2876
f 2876 2872 2927
f 3222 3220 3253
f 3220 3159 3218
f 3159 3158 3218
f 3158 3036 3122
f 3036 3003 3122
f 3003 2826 2967
f 2826 2713 2825
f 2713 2608 2712
f 2608 2607 2712
f 2607 2629 2711
f 2629 2650 2711
f 2650 2710 2823
f 2710 2788 2823
f 2788 2867 2910
f 2867 2866 3000
f 2866 3089 3000
f 3089 3214 3140
f 3214 3267 3215
f 3267 3282 3280
f 3282 3283 3280
f 3283 3285 3269
f 3285 3270 3269
f 3270 3271 3253
f 3253 3231 3222
f 2927 2969 2930
f 2969 2924 3010
f 3010 3009 3012
f 3012 2974 3014
f 2974 2977 3014
f 2977 2888 2980
f 2888 2753 2890
f 2753 2937 2941
f 2937 2976 2979
f 2976 2973 2936
f 2936 2931 2839
f 2839 2752 2841
f 2841 2755 2842
f 2755 2663 2757
f 2663 2568 2590
f 2590 2591 2664
f 2591 2592 2692
f 2592 2595 2695
f 2595 2596 2697
f 2596 2541 2597
f 2597 2543 2618
f 2543 2314 2545
f 2314 2089 2315
f 2089 2037 2062
f 2037 1819 1997
f 1819 1773 1795
f 1773 1686 1774
f 1686 1624 1687
f 1624 1537 1583
f 1537 1384 1521
f 1384 1270 1304
f 1270 1357 1155
f 1155 1128 1129
f 1128 874 1129
f 874 659 638
f 638 639 624
f 624 622 587
f 622 599 587
f 599 620 621
f 621 656 658
f 658 769 711
f 711 844 813
f 844 902 813
f 902 929 1012
f 1012 1011 1080
f 1080 1081 1082
f 1081 1233 1083
f 1233 1415 1235
f 1415 1356 1480
f 1480 1621 1623
f 1621 1871 1623
f 1871 1852 2038
f 2038 1996 2090
f 2090 2061 2176
f 2061 2175 2176
f 2175 2362 2363
f 2362 2129 2360
f 2360 2466 2362
f 2466 2538 2540
f 2538 2535 2594
f 2594 2570 2593
f 2570 2635 2593
f 2635 2614 2694
f 2694 2693 2848
f 2848 2939 2894
f 2939 2982 2894
f 2982 2938 3017
f 3017 2935 3015
f 3015 2934 3048
f 2934 3013 3048
f 3048 3103 3104
f 3103 3145 3146
f 3145 3167 3146
f 3167 3168 3146
f 3168 3126 3169
f 3126 3046 3127
f 3046 2837 3047
f 2837 2881 2885
f 2881 2876 2880
f 2876 2927 2880
f 3253 3220 3218
f 3218 3158 3217
f 3158 3122 3217
f 3122 3003 3093
f 3003 2967 3093
f 2967 2826 2825
f 2825 2713 2712
f 2712 2607 2711
f 2711 2650 2739
f 2650 2823 2739
f 2823 2788 2910
f 2910 2867 3000
f 3000 3089 3140
f 3140 3214 3215
f 3215 3267 3280
f 3280 3283 3281
f 3283 3269 3281
f 3269 3270 3217
f 3270 3253 3218
f 2927 2930 2880
f 2930 2969 2972
f 2969 3010 2972
f 3010 3012 2972
f 3012 3014 2972
f 3014 2977 3016
f 2977 2980 3016
f 2980 2888 2890
f 2890 2753 2756
f 2753 2941 2756
f 2941 2937 2979
f 2979 2976 2940
f 2976 2936 2940
f 2936 2839 2841
f 2841 2842 2942
f 2842 2755 2757
f 2757 2663 2664
f 2663 2590 2664
f 2664 2591 2692
f 2692 2592 2695
f 2695 2595 2697
f 2697 2596 2699
f 2596 2597 2699
f 2597 2618 2700
f 2618 2543 2545
f 2545 2314 2315
f 2315 2089 2062
f 2062 2037 1997
f 1997 1819 1795
f 1795 1773 1774
f 1774 1686 1687
f 1687 1624 1583
f 1583 1537 1521
f 1521 1384 1304
f 1304 1270 1129
f 1270 1155 1129
f 1129 874 1041
f 874 638 589
f 638 624 589
f 624 587 558
f 587 599 586
f 599 621 623
f 621 658 660
f 658 711 660
f 711 813 712
f 813 902 903
f 902 1012 974
f 1012 1080 1082
f 1082 1081 1083
f 1083 1233 1235
f 1235 1415 1416
f 1415 1480 1536
f 1480 1623 1536
f 1623 1871 1893
f 1871 2038 2039
f 2038 2090 2131
f 2090 2176 2215
f 2176 2175 2363
f 2363 2362 2469
f 2362 2466 2467
f 2466 2540 2467
f 2540 2538 2615
f 2538 2594 2615
f 2594 2593 2636
f 2593 2635 2666
f 2635 2694 2666
f 2694 2848 2768
f 2848 2894 2768
f 2894 2982 2985
f 2982 3017 3020
f 3017 3015 3051
f 3015 3048 3049
f 3048 3104 3049
f 3104 3103 3146
f 3146 3168 3147
f 3168 3169 3147
f 3169 3126 3127
f 3127 3046 3047
f 3047 2837 2838
f 2837 2885 2887
f 2885 2881 2880
f 3218 3217 3270
f 3217 3122 3184
f 3122 3093 3184
f 3093 2967 3035
f 2967 2825 2912
f 2825 2712 2824
f 2712 2711 2824
f 2711 2739 2824
f 2739 2823 2911
f 2823 2910 2965
f 2910 3000 3032
f 3000 3140 3032
f 3140 3215 3120
f 3215 3280 3229
f 3280 3281 3229
f 3281 3269 3250
f 3269 3217 3184
f 2880 2930 2884
f 2930 2972 2975
f 2972 3014 2975
f 3014 3016 2975
f 3016 2980 3018
f 2980 2890 2944
f 2890 2756 2843
f 2756 2941 2943
f 2941 2979 2983
f 2979 2940 2942
f 2940 2936 2841
f 2841 2942 2940
f 2942 2842 2758
f 2842 2757 2664
f 2664 2692 2758
f 2692 2695 2763
f 2695 2697 2763
f 2697 2699 2769
f 2699 2597 2700
f 2700 2618 2701
f 2618 2545 2620
f 2545 2315 2316
f 2315 2062 2316
f 2062 1997 2063
f 1997 1795 1998
f 1795 1774 1775
f 1774 1687 1746
f 1687 1583 1689
f 1583 1521 1561
f 1521 1304 1522
f 1304 1129 1199
f 1129 1041 1199
f 1041 874 714
f 874 589 714
f 589 624 558
f 558 587 535
f 587 586 535
f 586 599 623
f 623 621 660
f 660 711 712
f 712 813 770
f 813 903 770
f 903 902 974
f 974 1012 1082
f 1082 1083 1084
f 1083 1235 1104
f 1235 1416 1269
f 1416 1415 1536
f 1536 1623 1645
f 1623 1893 1645
f 1893 1871 2039
f 2039 2038 2131
f 2131 2090 2215
f 2215 2176 2394
f 2176 2363 2394
f 2363 2469 2470
f 2469 2362 2467
f 2467 2540 2542
f 2540 2615 2616
f 2615 2594 2636
f 2636 2593 2634
f 2593 2666 2634
f 2666 2694 2768
f 2768 2894 2850
f 2894 2985 2850
f 2985 2982 3020
f 3020 3017 3051
f 3051 3015 3049
f 3049 3104 3147
f 3104 3146 3147
f 3147 3169 3128
f 3169 3127 3149
f 3127 3047 3129
f 3047 2838 3050
f 2838 2837 2887
f 2887 2885 2886
f 2885 2880 2884
f 3184 3093 3143
f 3093 3035 3143
f 3035 2967 2912
f 2912 2825 2824
f 2824 2739 2911
f 2911 2823 2965
f 2965 2910 3032
f 3032 3140 3120
f 3120 3215 3229
f 3229 3281 3230
f 3281 3250 3230
f 3250 3269 3184
f 2884 2930 2883
f 2930 2975 2883
f 2975 3016 2978
f 3016 3018 2978
f 3018 2980 2984
f 2980 2944 2984
f 2944 2890 2843
f 2843 2756 2759
f 2756 2943 2759
f 2943 2941 2983
f 2983 2979 2942
f 2942 2758 2983
f 2758 2842 2664
f 2758 2692 2759
f 2692 2763 2759
f 2763 2697 2769
f 2769 2699 2721
f 2699 2700 2721
f 2700 2701 2774
f 2701 2618 2620
f 2620 2545 2572
f 2545 2316 2572
f 2316 2062 2063
f 2063 1997 1998
f 1998 1795 1775
f 1775 1774 1746
f 1746 1687 1689
f 1689 1583 1647
f 1583 1561 1647
f 1561 1521 1522
f 1522 1304 1199
f 1199 1041 1042
f 1041 714 930
f 714 589 626
f 589 558 537
f 558 535 481
f 535 586 536
f 586 623 600
f 623 660 600
f 660 712 640
f 712 770 713
f 770 903 875
f 903 974 975
f 974 1082 1084
f 1084 1083 1104
f 1104 1235 1269
f 1269 1416 1481
f 1416 1536 1560
f 1536 1645 1560
f 1645 1893 1915
f 1893 2039 2091
f 2039 2131 2177
f 2131 2215 2317
f 2215 2394 2427
f 2394 2363 2470
f 2470 2469 2544
f 2469 2467 2542
f 2542 2540 2616
f 2616 2615 2667
f 2615 2636 2667
f 2636 2634 2665
f 2634 2666 2720
f 2666 2768 2720
f 2768 2850 2720
f 2850 2985 3021
f 2985 3020 3021
f 3020 3051 3053
f 3051 3049 3105
f 3049 3147 3128
f 3128 3169 3149
f 3149 3127 3129
f 3129 3047 3050
f 3050 2838 2840
f 2838 2887 2893
f 2887 2886 2893
f 2886 2885 2884
f 3184 3143 3250
f 3143 3035 3092
f 3035 2912 3002
f 2912 2824 2966
f 2824 2911 2966
f 2911 2965 3001
f 2965 3032 3033
f 3032 3120 3033
f 3120 3229 3141
f 3229 3230 3141
f 3230 3250 3216
f 2884 2883 2889
f 2883 2975 2978
f 2978 3018 2981
f 3018 2984 2945
f 2984 2944 2798
f 2944 2843 2760
f 2843 2759 2760
f 2759 2943 2758
f 2943 2983 2758
f 2759 2763 2764
f 2763 2769 2764
f 2769 2721 2771
f 2721 2700 2774
f 2774 2701 2777
f 2701 2620 2702
f 2620 2572 2638
f 2572 2316 2601
f 2316 2063 2319
f 2063 1998 2064
f 1998 1775 1999
f 1775 1746 1776
f 1746 1689 1747
f 1689 1647 1747
f 1647 1561 1564
f 1561 1522 1564
f 1522 1199 1482
f 1199 1042 1236
f 1042 1041 930
f 930 714 626
f 626 589 537
f 537 558 501
f 558 481 501
f 481 535 471
f 535 536 471
f 536 586 557
f 586 600 557
f 600 660 640
f 640 712 713
f 713 770 771
f 770 875 771
f 875 903 975
f 975 974 1084
f 1084 1104 1105
f 1104 1269 1156
f 1269 1481 1358
f 1481 1416 1560
f 1560 1645 1688
f 1645 1915 1688
f 1915 1893 2091
f 2091 2039 2177
f 2177 2131 2317
f 2317 2215 2427
f 2427 2394 2512
f 2394 2470 2512
f 2470 2544 2571
f 2544 2469 2542
f 2542 2616 2617
f 2616 2667 2668
f 2667 2636 2696
f 2636 2665 2696
f 2665 2634 2767
f 2634 2720 2767
f 2720 2850 2896
f 2850 3021 2896
f 3021 3020 3053
f 3053 3051 3105
f 3105 3049 3128
f 3128 3149 3105
f 3149 3129 3130
f 3129 3050 3106
f 3050 2840 3019
f 2840 2838 2893
f 2893 2886 2892
f 2886 2884 2889
f 3250 3143 3216
f 3143 3092 3216
f 3092 3035 3002
f 3002 2912 2966
f 2966 2911 3001
f 3001 2965 3033
f 3033 3120 3141
f 3141 3230 3142
f 3230 3216 3142
f 2889 2883 2978
f 2978 2981 2889
f 2981 3018 2945
f 2945 2984 2798
f 2798 2944 2760
f 2760 2759 2764
f 2764 2769 2771
f 2771 2721 2772
f 2721 2774 2772
f 2774 2777 2775
f 2777 2701 2702
f 2702 2620 2638
f 2638 2572 2674
f 2572 2601 2674
f 2601 2316 2319
f 2319 2063 2064
f 2064 1998 1999
f 1999 1775 1776
f 1776 1746 1747
f 1747 1647 1748
f 1647 1564 1648
f 1564 1522 1482
f 1482 1199 1236
f 1236 1042 1085
f 1042 930 1085
f 930 626 772
f 626 537 476
f 537 501 430
f 501 481 429
f 481 471 443
f 471 536 482
f 536 557 482
f 557 600 588
f 600 640 588
f 640 713 588
f 713 771 625
f 771 875 876
f 875 975 976
f 975 1084 1105
f 1105 1104 1156
f 1156 1269 1358
f 1358 1481 1520
f 1481 1560 1625
f 1560 1688 1625
f 1688 1915 1916
f 1915 2091 2092
f 2091 2177 2216
f 2177 2317 2364
f 2317 2427 2472
f 2427 2512 2573
f 2512 2470 2571
f 2571 2544 2619
f 2544 2542 2617
f 2617 2616 2668
f 2668 2667 2698
f 2667 2696 2698
f 2696 2665 2719
f 2665 2767 2719
f 2767 2720 2896
f 2896 3021 3055
f 3021 3053 3055
f 3053 3105 3130
f 3105 3149 3130
f 3130 3129 3106
f 3106 3050 3019
f 3019 2840 2946
f 2840 2893 2847
f 2893 2892 2846
f 2892 2886 2889
f 3216 3092 3121
f 3092 3002 3034
f 3002 2966 3034
f 2966 3001 3034
f 3001 3033 3090
f 3033 3141 3090
f 3141 3142 3090
f 3142 3216 3121
f 2889 2981 2891
f 2981 2945 2891
f 2945 2798 2761
f 2798 2760 2764
f 2764 2771 2800
f 2771 2772 2803
f 2772 2774 2775
f 2775 2777 2808
f 2777 2702 2778
f 2702 2638 2704
f 2638 2674 2704
f 2674 2601 2640
f 2601 2319 2396
f 2319 2064 2217
f 2064 1999 2065
f 1999 1776 1777
f 1776 1747 1748
f 1748 1647 1648
f 1648 1564 1565
f 1564 1482 1565
f 1482 1236 1483
f 1236 1085 1237
f 1085 930 1200
f 930 772 1106
f 772 626 560
f 626 476 560
f 476 537 430
f 430 501 429
f 429 481 443
f 443 471 472
f 471 482 472
f 482 557 510
f 557 588 510
f 588 713 625
f 625 771 679
f 771 876 679
f 876 875 976
f 976 975 1105
f 1105 1156 1157
f 1156 1358 1271
f 1358 1520 1417
f 1520 1481 1625
f 1625 1688 1711
f 1688 1916 1711
f 1916 1915 2092
f 2092 2091 2216
f 2216 2177 2364
f 2364 2317 2472
f 2472 2427 2573
f 2573 2512 2599
f 2512 2571 2599
f 2571 2619 2621
f 2619 2544 2617
f 2617 2668 2669
f 2668 2698 2722
f 2698 2696 2770
f 2696 2719 2718
f 2719 2767 2849
f 2767 2896 2947
f 2896 3055 2947
f 3055 3053 3107
f 3053 3130 3107
f 3130 3106 3107
f 3106 3019 3054
f 3019 2946 3054
f 2946 2840 2799
f 2840 2847 2799
f 2847 2893 2846
f 2846 2892 2845
f 2892 2889 2891
f 3121 3092 3034
f 3034 3001 3091
f 3001 3090 3091
f 3090 3142 3091
f 3142 3121 3091
f 2891 2945 2844
f 2945 2761 2844
f 2761 2798 2800
f 2798 2764 2800
f 2800 2771 2803
f 2803 2772 2806
f 2772 2775 2806
f 2775 2808 2854
f 2808 2777 2778
f 2778 2702 2704
f 2704 2674 2727
f 2674 2640 2729
f 2640 2601 2396
f 2396 2319 2217
f 2217 2064 2065
f 2065 1999 2000
f 1999 1777 2000
f 1777 1776 1748
f 1748 1648 1750
f 1648 1565 1649
f 1565 1482 1483
f 1483 1236 1237
f 1237 1085 1200
f 1200 930 1106
f 1106 772 773
f 772 560 562
f 560 476 463
f 476 430 432
f 430 429 432
f 429 443 413
f 443 472 427
f 472 482 473
f 482 510 473
f 510 588 559
f 588 625 559
f 625 679 590
f 679 876 845
f 876 976 977
f 976 1105 1157
f 1157 1156 1271
f 1271 1358 1417
f 1417 1520 1562
f 1520 1625 1646
f 1625 1711 1646
f 1711 1916 1928
f 1916 2092 2132
f 2092 2216 2318
f 2216 2364 2428
f 2364 2472 2546
f 2472 2573 2600
f 2573 2599 2672
f 2599 2571 2621
f 2621 2619 2670
f 2619 2617 2669
f 2669 2668 2722
f 2722 2698 2770
f 2770 2696 2718
f 2718 2719 2762
f 2719 2849 2762
f 2849 2767 2947
f 2947 3055 2986
f 3055 3107 3054
f 3107 3106 3054
f 3054 2946 2986
f 2946 2799 2895
f 2799 2847 2766
f 2847 2846 2765
f 2846 2845 2802
f 2845 2892 2891
f 3121 3034 3091
f 2891 2844 2845
f 2844 2761 2845
f 2761 2800 2801
f 2800 2803 2801
f 2803 2806 2852
f 2806 2775 2854
f 2854 2808 2857
f 2808 2778 2810
f 2778 2704 2780
f 2704 2727 2780
f 2727 2674 2863
f 2674 2729 2863
f 2729 2640 2813
f 2640 2396 2477
f 2396 2217 2218
f 2217 2065 2218
f 2065 2000 2093
f 2000 1777 1796
f 1777 1748 1750
f 1750 1648 1649
f 1649 1565 1566
f 1565 1483 1566
f 1483 1237 1421
f 1237 1200 1421
f 1200 1106 1305
f 1106 773 1107
f 773 772 562
f 562 560 463
f 463 476 432
f 432 429 405
f 429 413 404
f 413 443 427
f 427 472 460
f 472 473 462
f 473 510 483
f 510 559 483
f 559 625 590
f 590 679 661
f 679 845 661
f 845 876 977
f 977 976 1157
f 1157 1271 1158
f 1271 1417 1272
f 1417 1562 1418
f 1562 1520 1646
f 1646 1711 1724
f 1711 1928 1724
f 1928 1916 2132
f 2132 2092 2318
f 2318 2216 2428
f 2428 2364 2546
f 2546 2472 2600
f 2600 2573 2672
f 2672 2599 2671
f 2599 2621 2671
f 2621 2670 2703
f 2670 2619 2669
f 2669 2722 2724
f 2722 2770 2773
f 2770 2718 2766
f 2718 2762 2799
f 2762 2849 2895
f 2849 2947 2895
f 2947 2986 2895
f 2986 3055 3054
f 2986 2946 2895
f 2895 2799 2762
f 2799 2766 2718
f 2766 2847 2765
f 2765 2846 2802
f 2802 2845 2801
f 2845 2761 2801
f 2801 2803 2804
f 2803 2852 2804
f 2852 2806 2854
f 2854 2857 2897
f 2857 2808 2810
f 2810 2778 2780
f 2780 2727 2812
f 2727 2863 2952
f 2863 2729 2994
f 2729 2813 2994
f 2813 2640 2676
f 2640 2477 2676
f 2477 2396 2179
f 2396 2218 2136
f 2218 2065 2093
f 2093 2000 2001
f 2000 1796 2001
f 1796 1777 1750
f 1750 1649 1751
f 1649 1566 1650
f 1566 1483 1421
f 1421 1200 1305
f 1305 1106 1385
f 1106 1107 1385
f 1107 773 815
f 773 562 593
f 562 463 486
f 463 432 464
f 432 405 414
f 405 429 404
f 404 413 403
f 413 427 403
f 427 460 400
f 460 472 462
f 462 473 483
f 483 559 502
f 559 590 502
f 590 661 591
f 661 845 846
f 845 977 978
f 977 1157 1158
f 1158 1271 1272
f 1272 1417 1418
f 1418 1562 1563
f 1562 1646 1690
f 1646 1724 1690
f 1724 1928 1929
f 1928 2132 2133
f 2132 2318 2365
f 2318 2428 2474
f 2428 2546 2575
f 2546 2600 2622
f 2600 2672 2673
f 2672 2671 2726
f 2671 2621 2703
f 2703 2670 2725
f 2670 2669 2724
f 2724 2722 2773
f 2773 2770 2805
f 2770 2766 2765
f 2765 2802 2851
f 2802 2801 2851
f 2801 2804 2851
f 2804 2852 2853
f 2852 2854 2897
f 2897 2857 2898
f 2857 2810 2900
f 2810 2780 2811
f 2780 2812 2811
f 2812 2727 2952
f 2952 2863 3061
f 2863 2994 3061
f 2994 2813 3062
f 2813 2676 2906
f 2676 2477 2707
f 2477 2179 2514
f 2179 2396 2136
f 2136 2218 2093
f 2093 2001 2066
f 2001 1796 1820
f 1796 1750 1751
f 1751 1649 1650
f 1650 1566 1538
f 1566 1421 1538
f 1421 1305 1441
f 1305 1385 1441
f 1385 1107 1423
f 1107 815 1132
f 815 773 593
f 593 562 486
f 486 463 464
f 464 432 414
f 414 405 336
f 405 404 360
f 404 403 369
f 403 427 382
f 427 400 382
f 400 460 412
f 460 462 461
f 462 483 474
f 483 502 474
f 502 590 591
f 591 661 715
f 661 846 715
f 846 845 978
f 978 977 1158
f 1158 1272 1130
f 1272 1418 1273
f 1418 1563 1419
f 1563 1562 1690
f 1690 1724 1749
f 1724 1929 1749
f 1929 1928 2133
f 2133 2132 2365
f 2365 2318 2474
f 2474 2428 2575
f 2575 2546 2622
f 2622 2600 2673
f 2673 2672 2726
f 2726 2671 2781
f 2671 2703 2781
f 2703 2725 2779
f 2725 2670 2724
f 2724 2773 2776
f 2773 2805 2807
f 2805 2770 2765
f 2765 2851 2805
f 2851 2804 2853
f 2853 2852 2897
f 2897 2898 2855
f 2898 2857 2900
f 2900 2810 2811
f 2811 2812 2905
f 2812 2952 2992
f 2952 3061 3111
f 3061 2994 3137
f 2994 3062 3137
f 3062 2813 2906
f 2906 2676 2707
f 2707 2477 2514
f 2514 2179 2219
f 2179 2136 2066
f 2136 2093 2066
f 2066 2001 2002
f 2001 1820 2002
f 1820 1796 1751
f 1751 1650 1779
f 1650 1538 1651
f 1538 1421 1441
f 1441 1385 1523
f 1385 1423 1523
f 1423 1107 1132
f 1132 815 905
f 815 593 628
f 593 486 512
f 486 464 488
f 464 414 448
f 414 336 351
f 336 405 360
f 360 404 310
f 404 369 310
f 369 403 382
f 382 400 344
f 400 412 367
f 412 460 425
f 460 461 425
f 461 462 442
f 462 474 442
f 474 502 503
f 502 591 503
f 591 715 641
f 715 846 957
f 846 978 1043
f 978 1158 1130
f 1130 1272 1273
f 1273 1418 1419
f 1419 1563 1584
f 1563 1690 1691
f 1690 1749 1691
f 1749 1929 1930
f 1929 2133 2134
f 2133 2365 2366
f 2365 2474 2475
f 2474 2575 2576
f 2575 2622 2639
f 2622 2673 2705
f 2673 2726 2782
f 2726 2781 2861
f 2781 2703 2779
f 2779 2725 2809
f 2725 2724 2776
f 2776 2773 2807
f 2807 2805 2851
f 2851 2853 2807
f 2853 2897 2855
f 2855 2898 2899
f 2898 2900 2901
f 2900 2811 2903
f 2811 2905 2903
f 2905 2812 2992
f 2992 2952 3111
f 3111 3061 3155
f 3061 3137 3155
f 3137 3062 3112
f 3062 2906 3063
f 2906 2707 2956
f 2707 2514 2551
f 2514 2219 2551
f 2219 2179 2005
f 2179 2066 2067
f 2066 2002 2067
f 2002 1820 1853
f 1820 1751 1779
f 1779 1650 1651
f 1651 1538 1539
f 1538 1441 1539
f 1441 1523 1539
f 1523 1423 1657
f 1423 1132 1442
f 1132 905 1202
f 905 815 628
f 628 593 512
f 512 486 488
f 488 464 448
f 448 414 351
f 351 336 259
f 336 360 312
f 360 310 312
f 310 369 276
f 369 382 345
f 382 344 345
f 344 400 367
f 367 412 366
f 412 425 365
f 425 461 399
f 461 442 426
f 442 474 475
f 474 503 475
f 503 591 561
f 591 641 561
f 641 715 847
f 715 957 847
f 957 846 1043
f 1043 978 1130
f 1130 1273 1238
f 1273 1419 1238
f 1419 1584 1420
f 1584 1563 1691
f 1691 1749 1778
f 1749 1930 1778
f 1930 1929 2134
f 2134 2133 2366
f 2366 2365 2475
f 2475 2474 2576
f 2576 2575 2639
f 2639 2622 2705
f 2705 2673 2782
f 2782 2726 2861
f 2861 2781 2904
f 2781 2779 2904
f 2779 2809 2860
f 2809 2725 2776
f 2776 2807 2856
f 2807 2853 2856
f 2853 2855 2856
f 2855 2899 2856
f 2899 2898 2901
f 2901 2900 2903
f 2903 2905 2950
f 2905 2992 3056
f 2992 3111 3133
f 3111 3155 3199
f 3155 3137 3176
f 3137 3112 3176
f 3112 3062 3063
f 3063 2906 2956
f 2956 2707 2731
f 2707 2551 2731
f 2551 2219 2220
f 2219 2005 2006
f 2005 2179 2067
f 2067 2002 2003
f 2002 1853 2003
f 1853 1820 1779
f 1779 1651 1798
f 1651 1539 1652
f 1539 1523 1652
f 1523 1657 1655
f 1657 1423 1659
f 1423 1442 1659
f 1442 1132 1202
f 1202 905 933
f 905 628 642
f 628 512 543
f 512 488 513
f 488 448 489
f 448 351 373
f 351 259 260
f 259 336 281
f 336 312 281
f 312 310 215
f 310 276 215
f 276 369 345
f 345 344 309
f 344 367 308
f 367 366 308
f 366 412 365
f 365 425 343
f 425 399 343
f 399 461 426
f 426 442 428
f 442 475 428
f 475 503 504
f 503 561 504
f 561 641 627
f 641 847 627
f 847 957 1044
f 957 1043 1131
f 1043 1130 1238
f 1238 1419 1420
f 1420 1584 1585
f 1584 1691 1712
f 1691 1778 1712
f 1778 1930 1941
f 1930 2134 2135
f 2134 2366 2367
f 2366 2475 2476
f 2475 2576 2577
f 2576 2639 2577
f 2639 2705 2728
f 2705 2782 2862
f 2782 2861 2951
f 2861 2904 2991
f 2904 2779 2860
f 2860 2809 2858
f 2809 2776 2856
f 2856 2899 2858
f 2899 2901 2948
f 2901 2903 2949
f 2903 2950 2949
f 2950 2905 3056
f 3056 2992 3133
f 3133 3111 3199
f 3199 3155 3201
f 3155 3176 3201
f 3176 3112 3138
f 3112 3063 3064
f 3063 2956 3027
f 2956 2731 2958
f 2731 2551 2785
f 2551 2220 2552
f 2220 2219 2006
f 2006 2005 1917
f 2005 2067 2003
f 2003 1853 2005
f 1853 1779 1798
f 1798 1651 1652
f 1652 1523 1653
f 1523 1655 1653
f 1655 1657 1656
f 1657 1659 1658
f 1659 1442 1660
f 1442 1202 1485
f 1202 933 1240
f 933 905 642
f 642 628 543
f 543 512 513
f 513 488 489
f 489 448 373
f 373 351 260
f 260 259 188
f 259 281 187
f 281 312 217
f 312 215 217
f 215 276 184
f 276 345 234
f 345 309 234
f 309 344 292
f 344 308 292
f 308 366 273
f 366 365 274
f 365 343 274
f 343 399 335
f 399 426 381
f 426 428 401
f 428 475 444
f 475 504 444
f 504 561 538
f 561 627 538
f 627 847 814
f 847 1044 979
f 1044 957 1131
f 1131 1043 1238
f 1238 1420 1131
f 1420 1585 1422
f 1585 1584 1712
f 1712 1778 1797
f 1778 1941 1797
f 1941 1930 2135
f 2135 2134 2367
f 2367 2366 2476
f 2476 2475 2577
f 2577 2639 2641
f 2639 2728 2641
f 2728 2705 2862
f 2862 2782 2951
f 2951 2861 2991
f 2991 2904 2990
f 2904 2860 2990
f 2860 2858 2902
f 2858 2809 2856
f 2858 2899 2948
f 2948 2901 2949
f 2949 2950 2988
f 2950 3056 3057
f 3056 3133 3152
f 3133 3199 3198
f 3199 3201 3200
f 3201 3176 3178
f 3176 3138 3178
f 3138 3112 3064
f 3064 3063 3027
f 3027 2956 2958
f 2958 2731 2785
f 2785 2551 2552
f 2552 2220 2221
f 2220 2006 1919
f 2006 1917 1918
f 1917 2005 1894
f 2005 1853 1894
f 1853 1798 1894
f 1798 1652 1653
f 1653 1655 1654
f 1655 1656 1654
f 1656 1657 1658
f 1658 1659 1660
f 1660 1442 1485
f 1485 1202 1240
f 1240 933 1013
f 933 642 663
f 642 543 567
f 543 513 544
f 513 489 509
f 489 373 374
f 373 260 261
f 260 188 189
f 188 259 187
f 187 281 186
f 281 217 186
f 217 215 160
f 215 184 160
f 184 276 149
f 276 234 149
f 234 309 202
f 309 292 242
f 292 308 321
f 308 273 322
f 273 366 274
f 274 343 243
f 343 335 243
f 335 399 381
f 381 426 401
f 401 428 402
f 428 444 402
f 444 504 505
f 504 538 505
f 538 627 539
f 627 814 601
f 814 847 979
f 979 1044 1274
f 1044 1131 1306
f 1131 1420 1422
f 1422 1585 1586
f 1585 1712 1713
f 1712 1797 1713
f 1797 1941 1942
f 1941 2135 2178
f 2135 2367 2397
f 2367 2476 2513
f 2476 2577 2602
f 2577 2641 2675
f 2641 2728 2783
f 2728 2862 2953
f 2862 2951 3025
f 2951 2991 3059
f 2991 2990 3058
f 2990 2860 2989
f 2860 2902 2989
f 2902 2858 2948
f 2948 2949 2987
f 2949 2988 2987
f 2988 2950 3057
f 3057 3056 3152
f 3152 3133 3198
f 3198 3199 3261
f 3199 3200 3263
f 3200 3201 3202
f 3201 3178 3202
f 3178 3138 3114
f 3138 3064 3065
f 3064 3027 2996
f 3027 2958 2959
f 2958 2785 2909
f 2785 2552 2734
f 2552 2221 2553
f 2221 2220 1919
f 1919 2006 1918
f 1918 1917 1894
f 1894 1798 1918
f 1798 1653 1654
f 1654 1656 1919
f 1656 1658 1919
f 1658 1660 1692
f 1660 1485 1695
f 1485 1240 1499
f 1240 1013 1307
f 1013 933 663
f 663 642 567
f 567 543 544
f 544 513 509
f 509 489 374
f 374 373 261
f 261 260 189
f 189 188 141
f 188 187 140
f 187 186 139
f 186 217 161
f 217 160 161
f 160 184 149
f 149 234 202
f 202 309 242
f 242 292 291
f 292 321 291
f 321 308 322
f 322 273 241
f 273 274 213
f 274 243 181
f 243 335 275
f 335 381 323
f 381 401 323
f 401 402 357
f 402 444 431
f 444 505 431
f 505 538 539
f 539 627 601
f 601 814 774
f 814 979 774
f 979 1274 1239
f 1274 1044 1306
f 1306 1131 1422
f 1422 1586 1540
f 1586 1585 1713
f 1713 1797 1821
f 1797 1942 1821
f 1942 1941 2178
f 2178 2135 2397
f 2397 2367 2513
f 2513 2476 2602
f 2602 2577 2675
f 2675 2641 2783
f 2783 2728 2953
f 2953 2862 3025
f 3025 2951 3059
f 3059 2991 3058
f 3058 2990 3079
f 2990 2989 3079
f 2989 2902 2987
f 2902 2948 2987
f 2987 2988 3024
f 2988 3057 3024
f 3057 3152 3153
f 3152 3198 3153
f 3198 3261 3241
f 3261 3199 3292
f 3199 3263 3292
f 3263 3200 3294
f 3200 3202 3294
f 3202 3178 3157
f 3178 3114 3157
f 3114 3138 3065
f 3065 3064 2996
f 2996 3027 2959
f 2959 2958 2909
f 2909 2785 2734
f 2734 2552 2553
f 2553 2221 2222
f 2221 1919 1920
f 1919 1918 1654
f 1918 1798 1654
f 1919 1658 1920
f 1658 1692 1920
f 1692 1660 1695
f 1695 1485 1499
f 1499 1240 1307
f 1307 1013 1108
f 1013 663 1108
f 663 567 577
f 567 544 577
f 544 509 515
f 509 374 515
f 374 261 263
f 261 189 190
f 189 141 142
f 141 188 140
f 140 187 139
f 139 186 152
f 186 161 152
f 161 160 130
f 160 149 103
f 149 202 101
f 202 242 159
f 242 291 201
f 291 321 319
f 321 322 320
f 322 241 290
f 241 273 213
f 213 274 181
f 181 243 182
f 243 275 182
f 275 335 323
f 323 401 357
f 357 402 368
f 402 431 368
f 431 505 477
f 505 539 477
f 539 601 592
f 601 774 592
f 774 979 958
f 979 1239 958
f 1239 1274 1498
f 1274 1306 1524
f 1306 1422 1540
f 1540 1586 1725
f 1586 1713 1725
f 1713 1821 1725
f 1821 1942 2004
f 1942 2178 2266
f 2178 2397 2432
f 2397 2513 2548
f 2513 2602 2623
f 2602 2675 2730
f 2675 2783 2864
f 2783 2953 3026
f 2953 3025 3060
f 3025 3059 3135
f 3059 3058 3134
f 3058 3079 3110
f 3079 2989 3024
f 2989 2987 3024
f 3024 3057 3080
f 3057 3153 3080
f 3153 3198 3196
f 3198 3241 3195
f 3241 3261 3330
f 3261 3292 3331
f 3292 3263 3340
f 3263 3294 3342
f 3294 3202 3296
f 3202 3157 3296
f 3157 3114 3139
f 3114 3065 3066
f 3065 2996 3067
f 2996 2959 2961
f 2959 2909 2818
f 2909 2734 2818
f 2734 2553 2708
f 2553 2222 2515
f 2222 2221 1920
f 1920 1692 1921
f 1692 1695 1715
f 1695 1499 1716
f 1499 1307 1541
f 1307 1108 1386
f 1108 663 681
f 663 577 681
f 577 544 551
f 544 515 551
f 515 374 375
f 374 263 375
f 263 261 190
f 190 189 142
f 142 141 120
f 141 140 119
f 140 139 119
f 139 152 133
f 152 161 133
f 161 130 133
f 130 160 103
f 103 149 101
f 101 202 159
f 159 242 201
f 201 291 272
f 291 319 272
f 319 321 320
f 320 322 290
f 290 241 200
f 241 213 176
f 213 181 166
f 181 182 148
f 182 275 214
f 275 323 214
f 323 357 293
f 357 368 324
f 368 431 393
f 431 477 445
f 477 539 506
f 539 592 563
f 592 774 716
f 774 958 931
f 958 1239 1201
f 1239 1498 1484
f 1498 1274 1524
f 1524 1306 1540
f 1540 1725 1752
f 1725 1821 1854
f 1821 2004 1854
f 2004 1942 2266
f 2266 2178 2432
f 2432 2397 2548
f 2548 2513 2623
f 2623 2602 2730
f 2730 2675 2864
f 2864 2783 3026
f 3026 2953 3060
f 3060 3025 3135
f 3135 3059 3134
f 3134 3058 3110
f 3110 3079 3080
f 3079 3024 3080
f 3080 3153 3110
f 3153 3196 3110
f 3196 3198 3195
f 3195 3241 3240
f 3241 3330 3240
f 3330 3261 3331
f 3331 3292 3360
f 3292 3340 3360
f 3340 3263 3342
f 3342 3294 3343
f 3294 3296 3343
f 3296 3157 3297
f 3157 3139 3297
f 3139 3114 3066
f 3066 3065 3067
f 3067 2996 2961
f 2961 2959 2818
f 2818 2734 2708
f 2708 2553 2515
f 2515 2222 2223
f 2222 1920 1921
f 1921 1692 1715
f 1715 1695 1716
f 1716 1499 1541
f 1541 1307 1386
f 1386 1108 1444
f 1108 681 1109
f 681 577 717
f 577 551 595
f 551 515 516
f 515 375 376
f 375 263 376
f 263 190 191
f 190 142 153
f 142 120 153
f 120 141 119
f 119 139 133
f 133 130 131
f 130 103 89
f 103 101 65
f 101 159 74
f 159 201 108
f 201 272 165
f 272 319 342
f 319 320 356
f 320 290 289
f 290 200 212
f 200 241 176
f 176 213 166
f 166 181 148
f 148 182 167
f 182 214 167
f 214 323 254
f 323 293 254
f 293 357 324
f 324 368 393
f 393 431 445
f 445 477 506
f 506 539 563
f 563 592 602
f 592 716 602
f 716 774 931
f 931 958 1201
f 1201 1239 1484
f 1484 1498 1693
f 1498 1524 1714
f 1524 1540 1726
f 1540 1752 1726
f 1752 1725 1854
f 1854 2004 2007
f 2004 2266 2267
f 2266 2432 2433
f 2432 2548 2549
f 2548 2623 2624
f 2623 2730 2784
f 2730 2864 2955
f 2864 3026 3081
f 3026 3060 3136
f 3060 3135 3174
f 3135 3134 3174
f 3134 3110 3197
f 3110 3196 3197
f 3196 3195 3197
f 3195 3240 3173
f 3240 3330 3351
f 3330 3331 3373
f 3331 3360 3393
f 3360 3340 3374
f 3340 3342 3374
f 3342 3343 3384
f 3343 3296 3344
f 3296 3297 3344
f 3297 3139 3278
f 3139 3066 3117
f 3066 3067 3068
f 3067 2961 2963
f 2961 2818 2963
f 2818 2708 2709
f 2708 2515 2647
f 2515 2223 2478
f 2223 2222 1921
f 1921 1715 1931
f 1715 1716 1753
f 1716 1541 1728
f 1541 1386 1627
f 1386 1444 1662
f 1444 1108 1275
f 1108 1109 1275
f 1109 681 717
f 717 577 595
f 595 551 552
f 551 516 552
f 516 515 376
f 376 263 264
f 263 191 264
f 191 190 153
f 153 120 135
f 120 119 134
f 119 133 131
f 131 130 89
f 89 103 65
f 65 101 43
f 101 74 43
f 74 159 108
f 108 201 165
f 165 272 253
f 272 342 253
f 342 319 356
f 356 320 289
f 289 290 212
f 212 200 115
f 200 176 127
f 176 166 128
f 166 148 129
f 148 167 116
f 167 214 183
f 214 254 183
f 254 293 224
f 293 324 255
f 324 393 346
f 393 445 370
f 445 506 446
f 506 563 540
f 563 602 574
f 602 716 680
f 716 931 904
f 931 1201 1159
f 1201 1484 1486
f 1484 1693 1694
f 1693 1498 1714
f 1714 1524 1726
f 1726 1752 1856
f 1752 1854 1855
f 1854 2007 2008
f 2007 2004 2267
f 2267 2266 2433
f 2433 2432 2549
f 2549 2548 2624
f 2624 2623 2784
f 2784 2730 2955
f 2955 2864 3081
f 3081 3026 3136
f 3136 3060 3174
f 3174 3134 3197
f 3197 3195 3174
f 3195 3173 3174
f 3173 3240 3239
f 3240 3351 3239
f 3351 3330 3373
f 3373 3331 3393
f 3393 3360 3394
f 3360 3374 3394
f 3374 3342 3375
f 3342 3384 3375
f 3384 3343 3376
f 3343 3344 3376
f 3344 3297 3345
f 3297 3278 3345
f 3278 3139 3117
f 3117 3066 3068
f 3068 3067 3069
f 3067 2963 3069
f 2963 2818 2709
f 2709 2708 2647
f 2647 2515 2478
f 2478 2223 2224
f 2223 1921 1931
f 1931 1715 1753
f 1753 1716 1754
f 1716 1728 1754
f 1728 1541 1627
f 1627 1386 1662
f 1662 1444 1501
f 1444 1275 1390
f 1275 1109 1311
f 1109 717 1134
f 717 595 816
f 595 552 603
f 552 516 514
f 516 376 514
f 376 264 386
f 264 191 262
f 191 153 207
f 153 135 162
f 135 120 132
f 120 134 132
f 134 119 131
f 131 89 104
f 89 65 82
f 65 43 56
f 43 74 33
f 74 108 48
f 108 165 80
f 165 253 158
f 253 342 252
f 342 356 333
f 356 289 334
f 289 212 307
f 212 115 211
f 115 200 127
f 127 176 128
f 128 166 129
f 129 148 88
f 148 116 92
f 116 167 137
f 167 183 137
f 183 254 224
f 224 293 255
f 255 324 294
f 324 346 294
f 346 393 370
f 370 445 383
f 445 446 383
f 446 506 484
f 506 540 484
f 540 563 564
f 563 574 564
f 574 602 680
f 680 716 904
f 904 931 1159
f 1159 1201 1486
f 1486 1484 1694
f 1694 1693 1799
f 1693 1714 1823
f 1714 1726 1822
f 1726 1856 1822
f 1856 1752 1855
f 1855 1854 2008
f 2008 2007 2267
f 2267 2433 2368
f 2433 2549 2580
f 2549 2624 2677
f 2624 2784 2814
f 2784 2955 2995
f 2955 3081 3082
f 3081 3136 3082
f 3136 3174 3082
f 3174 3173 3175
f 3173 3239 3242
f 3239 3351 3324
f 3351 3373 3410
f 3373 3393 3426
f 3393 3394 3417
f 3394 3374 3396
f 3374 3375 3396
f 3375 3384 3396
f 3384 3376 3396
f 3376 3344 3377
f 3344 3345 3377
f 3345 3278 3334
f 3278 3117 3279
f 3117 3068 3119
f 3068 3069 3072
f 3069 2963 2997
f 2963 2709 2819
f 2709 2647 2648
f 2647 2478 2603
f 2478 2224 2479
f 2224 2223 1931
f 1931 1753 1943
f 1753 1754 1943
f 1754 1728 1755
f 1728 1627 1755
f 1627 1662 1782
f 1662 1501 1587
f 1501 1444 1390
f 1390 1275 1311
f 1311 1109 1203
f 1109 1134 1204
f 1134 717 816
f 816 595 603
f 603 552 550
f 552 514 550
f 514 376 386
f 386 264 262
f 262 191 207
f 207 153 162
f 162 135 172
f 135 132 138
f 132 134 109
f 134 131 104
f 104 89 82
f 82 65 75
f 65 56 75
f 56 43 33
f 33 74 48
f 48 108 80
f 80 165 158
f 158 253 164
f 253 252 164
f 252 342 333
f 333 356 334
f 334 289 307
f 307 212 211
f 211 115 125
f 115 127 55
f 127 128 63
f 128 129 63
f 129 88 72
f 88 148 92
f 92 116 81
f 116 137 93
f 137 183 168
f 183 224 168
f 224 255 203
f 255 294 225
f 294 346 325
f 346 370 325
f 370 383 347
f 383 446 384
f 446 484 447
f 484 540 511
f 540 564 541
f 564 574 575
f 574 680 662
f 680 904 877
f 904 1159 1133
f 1159 1486 1443
f 1486 1694 1661
f 1694 1799 1800
f 1799 1693 1823
f 1823 1714 1822
f 1822 1856 2009
f 1856 1855 2008
f 2008 2267 2368
f 2368 2433 2580
f 2580 2549 2677
f 2677 2624 2814
f 2814 2784 2995
f 2995 2955 3082
f 3082 3174 3175
f 3175 3173 3242
f 3242 3239 3272
f 3239 3324 3272
f 3324 3351 3410
f 3410 3373 3426
f 3426 3393 3417
f 3417 3394 3404
f 3394 3396 3404
f 3396 3376 3407
f 3376 3377 3407
f 3377 3345 3368
f 3345 3334 3368
f 3334 3278 3279
f 3279 3117 3119
f 3119 3068 3072
f 3072 3069 2997
f 2997 2963 2819
f 2819 2709 2648
f 2648 2647 2603
f 2603 2478 2479
f 2479 2224 2268
f 2224 1931 1943
f 1943 1754 1944
f 1754 1755 1781
f 1755 1627 1782
f 1782 1662 1717
f 1662 1587 1717
f 1587 1501 1570
f 1501 1390 1500
f 1390 1311 1391
f 1311 1203 1205
f 1203 1109 1204
f 1204 1134 1276
f 1134 816 932
f 816 603 629
f 603 550 576
f 550 514 566
f 514 386 479
f 386 262 385
f 262 207 282
f 207 162 206
f 162 172 206
f 172 135 151
f 135 138 151
f 138 132 118
f 132 109 118
f 109 134 104
f 104 82 102
f 82 75 93
f 75 56 81
f 56 33 71
f 33 48 24
f 48 80 36
f 80 158 91
f 158 164 87
f 164 252 288
f 252 333 288
f 333 334 340
f 334 307 341
f 307 211 306
f 211 125 126
f 125 115 60
f 115 55 61
f 55 127 63
f 63 129 72
f 72 88 42
f 88 92 73
f 92 81 73
f 81 116 93
f 93 137 117
f 137 168 117
f 168 224 203
f 203 255 225
f 225 294 256
f 294 325 256
f 325 370 347
f 347 383 348
f 383 384 348
f 384 446 447
f 447 484 478
f 484 511 485
f 511 540 541
f 541 564 542
f 564 575 542
f 575 574 594
f 574 662 594
f 662 680 877
f 877 904 1133
f 1133 1159 1443
f 1443 1486 1661
f 1661 1694 1800
f 1800 1799 2069
f 1799 1823 2139
f 1823 1822 2137
f 1822 2009 2068
f 2009 1856 2008
f 2008 2368 2009
f 2368 2580 2626
f 2580 2677 2733
f 2677 2814 2957
f 2814 2995 3083
f 2995 3082 3083
f 3082 3175 3177
f 3175 3242 3243
f 3242 3272 3306
f 3272 3324 3302
f 3324 3410 3372
f 3410 3426 3442
f 3426 3417 3445
f 3417 3404 3418
f 3404 3396 3405
f 3396 3407 3405
f 3407 3377 3399
f 3377 3368 3399
f 3368 3334 3369
f 3334 3279 3335
f 3279 3119 3088
f 3119 3072 3088
f 3072 2997 2998
f 2997 2819 2964
f 2819 2648 2821
f 2648 2603 2497
f 2603 2479 2497
f 2479 2268 2497
f 2268 2224 1943
f 1943 1944 2011
f 1944 1754 1781
f 1781 1755 1782
f 1782 1717 1784
f 1717 1587 1697
f 1587 1570 1697
f 1570 1501 1500
f 1500 1390 1391
f 1391 1311 1280
f 1311 1205 1280
f 1205 1203 1204
f 1204 1276 1278
f 1276 1134 1308
f 1134 932 1424
f 932 816 629
f 629 603 576
f 576 550 566
f 566 514 479
f 479 386 385
f 385 262 282
f 282 207 206
f 206 172 218
f 172 151 171
f 151 138 170
f 138 118 169
f 118 109 102
f 109 104 102
f 102 82 93
f 93 75 81
f 81 56 73
f 56 71 73
f 71 33 37
f 33 24 37
f 24 48 36
f 36 80 91
f 91 158 87
f 87 164 86
f 164 288 175
f 288 333 340
f 340 334 341
f 341 307 306
f 306 211 271
f 211 126 199
f 126 125 60
f 60 115 47
f 115 61 47
f 61 55 23
f 55 63 32
f 63 72 32
f 72 42 32
f 42 88 64
f 88 73 64
f 93 117 102
f 117 168 150
f 168 203 150
f 203 225 169
f 225 256 226
f 256 325 326
f 325 347 326
f 347 348 326
f 348 384 358
f 384 447 394
f 447 478 394
f 478 484 485
f 485 511 507
f 511 541 507
f 541 542 487
f 542 575 565
f 575 594 576
f 594 662 629
f 662 877 932
f 877 1133 932
f 1133 1443 1424
f 1443 1661 1626
f 1661 1800 1780
f 1800 2069 1780
f 2069 1799 2139
f 2139 1823 2138
f 1823 2137 2138
f 2137 1822 2068
f 2068 2009 2398
f 2009 2368 2398
f 2368 2626 2398
f 2626 2580 2733
f 2733 2677 2957
f 2957 2814 3083
f 3083 3082 3177
f 3177 3175 3225
f 3175 3243 3225
f 3243 3242 3306
f 3306 3272 3273
f 3272 3302 3273
f 3302 3324 3372
f 3372 3410 3442
f 3442 3426 3445
f 3445 3417 3418
f 3418 3404 3395
f 3404 3405 3406
f 3405 3407 3406
f 3407 3399 3406
f 3399 3368 3390
f 3368 3369 3390
f 3369 3334 3335
f 3335 3279 3248
f 3279 3088 3248
f 3088 3072 3073
f 3072 2998 3073
f 2998 2997 2999
f 2997 2964 2999
f 2964 2819 2821
f 2821 2648 2627
f 2648 2497 2627
f 2497 2268 2498
f 2268 1943 2011
f 2011 1944 2012
f 1944 1781 1932
f 1781 1782 1801
f 1782 1784 1801
f 1784 1717 1697
f 1697 1570 1665
f 1570 1500 1542
f 1500 1391 1447
f 1391 1280 1313
f 1280 1205 1207
f 1205 1204 1206
f 1204 1278 1206
f 1278 1276 1277
f 1276 1308 1309
f 1308 1134 1424
f 1424 932 1133
f 932 629 662
f 629 576 594
f 576 566 565
f 566 479 508
f 479 385 449
f 385 282 372
f 282 206 298
f 206 218 298
f 218 172 171
f 171 151 185
f 151 170 185
f 170 138 177
f 138 169 177
f 169 118 150
f 118 102 117
f 73 71 64
f 71 37 64
f 37 24 36
f 36 91 62
f 91 87 41
f 87 86 35
f 86 164 175
f 175 288 180
f 288 340 233
f 340 341 270
f 341 306 287
f 306 271 287
f 271 211 199
f 199 126 114
f 126 60 114
f 60 47 22
f 47 61 31
f 61 23 31
f 23 55 32
f 32 42 38
f 42 64 38
f 117 150 118
f 150 203 169
f 169 225 226
f 226 256 277
f 256 326 277
f 326 348 327
f 348 358 327
f 358 384 394
f 394 478 395
f 478 485 433
f 485 507 465
f 507 541 487
f 487 542 508
f 542 565 508
f 565 575 576
f 1424 1443 1626
f 1626 1661 1727
f 1661 1780 1727
f 1780 2069 2010
f 2069 2139 2399
f 2139 2138 2435
f 2138 2137 2434
f 2137 2068 2398
f 2398 2626 2434
f 2626 2733 2816
f 2733 2957 3028
f 2957 3083 3113
f 3083 3177 3113
f 3177 3225 3211
f 3225 3243 3275
f 3243 3306 3308
f 3306 3273 3290
f 3273 3302 3311
f 3302 3372 3367
f 3372 3442 3416
f 3442 3445 3456
f 3445 3418 3437
f 3418 3395 3437
f 3395 3404 3406
f 3406 3399 3397
f 3399 3390 3397
f 3390 3369 3364
f 3369 3335 3327
f 3335 3248 3249
f 3248 3088 3249
f 3088 3073 3075
f 3073 2998 3074
f 2998 2999 3031
f 2999 2964 2735
f 2964 2821 2735
f 2821 2627 2735
f 2627 2497 2498
f 2498 2268 2269
f 2268 2011 2269
f 2011 2012 2269
f 2012 1944 1932
f 1932 1781 1801
f 1801 1784 1873
f 1784 1697 1804
f 1697 1665 1804
f 1665 1570 1542
f 1542 1500 1447
f 1447 1391 1313
f 1313 1280 1207
f 1207 1205 1160
f 1205 1206 1160
f 1206 1278 1208
f 1278 1277 1241
f 1277 1276 1309
f 1309 1308 1425
f 1308 1424 1425
f 565 566 508
f 508 479 449
f 449 385 372
f 372 282 298
f 298 218 297
f 218 171 227
f 171 185 227
f 185 170 205
f 170 177 216
f 177 169 204
f 64 37 38
f 37 36 62
f 62 91 41
f 41 87 35
f 35 86 21
f 86 175 100
f 175 180 100
f 180 288 233
f 233 340 270
f 270 341 287
f 287 271 251
f 271 199 198
f 199 114 198
f 114 60 69
f 60 22 30
f 22 47 31
f 31 23 12
f 23 32 18
f 32 38 18
f 169 226 204
f 226 277 278
f 277 326 327
f 327 358 328
f 358 394 359
f 394 395 359
f 395 478 406
f 478 433 406
f 433 485 465
f 465 507 487
f 487 508 449
f 1424 1626 1425
f 1626 1727 1824
f 1727 1780 1824
f 1780 2010 1945
f 2010 2069 2399
f 2399 2139 2436
f 2139 2435 2436
f 2435 2138 2434
f 2434 2137 2398
f 2434 2626 2644
f 2626 2816 2644
f 2816 2733 3028
f 3028 2957 3113
f 3113 3177 3179
f 3177 3211 3179
f 3211 3225 3245
f 3225 3275 3295
f 3275 3243 3308
f 3308 3306 3290
f 3290 3273 3304
f 3273 3311 3304
f 3311 3302 3367
f 3367 3372 3416
f 3416 3442 3456
f 3456 3445 3437
f 3437 3395 3432
f 3395 3406 3397
f 3397 3390 3398
f 3390 3364 3391
f 3364 3369 3327
f 3327 3335 3249
f 3249 3088 3075
f 3075 3073 3074
f 3074 2998 3030
f 2998 3031 3030
f 3031 2999 2787
f 2999 2735 2787
f 2735 2627 2628
f 2627 2498 2516
f 2498 2269 2321
f 2269 2012 2321
f 2012 1932 2013
f 1932 1801 1922
f 1801 1873 1922
f 1873 1784 1874
f 1784 1804 1874
f 1804 1665 1827
f 1665 1542 1667
f 1542 1447 1526
f 1447 1313 1393
f 1313 1207 1248
f 1207 1160 1135
f 1160 1206 1208
f 1208 1278 1243
f 1278 1241 1242
f 1241 1277 1310
f 1277 1309 1310
f 1309 1425 1445
f 449 372 434
f 372 298 362
f 298 297 362
f 297 218 227
f 227 185 236
f 185 205 236
f 205 170 216
f 216 177 204
f 38 37 18
f 37 62 11
f 62 41 11
f 41 35 11
f 35 21 8
f 21 86 100
f 100 180 70
f 180 233 99
f 233 270 250
f 270 287 250
f 287 251 249
f 251 271 198
f 198 114 113
f 114 69 113
f 69 60 46
f 60 30 46
f 30 22 4
f 22 31 4
f 31 12 7
f 12 23 18
f 204 226 257
f 226 278 257
f 278 277 327
f 327 328 278
f 328 358 359
f 359 395 361
f 395 406 361
f 406 433 371
f 433 465 396
f 465 487 434
f 487 449 434
f 1425 1626 1824
f 1824 1780 1945
f 1945 2010 2071
f 2010 2399 2320
f 2399 2436 2646
f 2436 2435 2645
f 2435 2434 2644
f 2644 2816 2645
f 2816 3028 3084
f 3028 3113 3179
f 3179 3211 3204
f 3211 3245 3204
f 3245 3225 3295
f 3295 3275 3314
f 3275 3308 3293
f 3308 3290 3307
f 3290 3304 3305
f 3304 3311 3329
f 3311 3367 3329
f 3367 3416 3386
f 3416 3456 3455
f 3456 3437 3457
f 3437 3432 3457
f 3432 3395 3433
f 3395 3397 3398
f 3398 3390 3391
f 3391 3364 3354
f 3364 3327 3315
f 3327 3249 3228
f 3249 3075 3228
f 3075 3074 3118
f 3074 3030 3070
f 3030 3031 3076
f 3031 2787 2822
f 2787 2735 2736
f 2735 2628 2736
f 2628 2627 2516
f 2516 2498 2321
f 2321 2012 2013
f 2013 1932 1922
f 1922 1873 1948
f 1873 1874 1949
f 1874 1804 1827
f 1827 1665 1858
f 1665 1667 1858
f 1667 1542 1526
f 1526 1447 1393
f 1393 1313 1248
f 1248 1207 1135
f 1135 1160 1136
f 1160 1208 1136
f 1208 1243 1163
f 1243 1278 1242
f 1242 1241 1279
f 1241 1310 1279
f 1310 1309 1328
f 1309 1445 1328
f 1445 1425 1783
f 434 372 362
f 362 297 350
f 297 227 296
f 227 236 296
f 236 205 244
f 205 216 244
f 216 204 235
f 18 37 11
f 11 35 8
f 8 21 2
f 21 100 34
f 100 70 34
f 70 180 53
f 180 99 53
f 99 233 174
f 233 250 174
f 250 287 223
f 287 249 223
f 249 251 232
f 251 198 179
f 198 113 179
f 113 69 79
f 69 46 79
f 46 30 19
f 30 4 6
f 4 31 7
f 7 12 2
f 12 18 8
f 204 257 235
f 257 278 295
f 278 328 295
f 328 359 329
f 359 361 329
f 361 406 349
f 406 371 349
f 371 433 396
f 396 465 434
f 1425 1824 1783
f 1824 1945 1968
f 1945 2071 1968
f 2071 2010 2140
f 2010 2320 2140
f 2320 2399 2581
f 2399 2646 2680
f 2646 2436 2645
f 2645 2435 2644
f 2645 2816 2960
f 2816 3084 2960
f 3084 3028 3179
f 3179 3204 3084
f 3204 3245 3265
f 3245 3295 3265
f 3295 3314 3265
f 3314 3275 3293
f 3293 3308 3307
f 3307 3290 3305
f 3305 3304 3313
f 3304 3329 3325
f 3329 3367 3323
f 3367 3386 3339
f 3386 3416 3431
f 3416 3455 3431
f 3455 3456 3457
f 3457 3432 3465
f 3432 3433 3463
f 3433 3395 3400
f 3395 3398 3400
f 3398 3391 3400
f 3391 3354 3378
f 3354 3364 3315
f 3315 3327 3228
f 3228 3075 3118
f 3118 3074 3070
f 3070 3030 3076
f 3076 3031 2822
f 2822 2787 2786
f 2787 2736 2786
f 2736 2628 2604
f 2628 2516 2517
f 2516 2321 2322
f 2321 2013 2322
f 2013 1922 2070
f 1922 1948 2070
f 1948 1873 1949
f 1949 1874 1923
f 1874 1827 1923
f 1827 1858 1923
f 1858 1667 1668
f 1667 1526 1668
f 1526 1393 1529
f 1393 1248 1337
f 1248 1135 1211
f 1135 1136 1113
f 1136 1208 1162
f 1208 1163 1162
f 1163 1243 1164
f 1243 1242 1161
f 1242 1279 1244
f 1279 1310 1329
f 1310 1328 1329
f 1328 1445 1387
f 1445 1783 1663
f 434 362 396
f 362 350 396
f 350 297 296
f 296 236 280
f 236 244 280
f 244 216 258
f 216 235 258
f 18 11 8
f 8 2 12
f 2 21 1
f 21 34 10
f 34 70 17
f 70 53 20
f 53 99 59
f 99 174 98
f 174 250 223
f 223 249 197
f 249 232 231
f 232 251 179
f 179 113 124
f 113 79 124
f 79 46 54
f 46 19 54
f 19 30 6
f 6 4 2
f 4 7 2
f 235 257 279
f 257 295 279
f 295 328 329
f 329 361 311
f 361 349 311
f 349 371 330
f 371 396 350
f 1783 1824 1968
f 1968 2071 2073
f 2071 2140 2094
f 2140 2320 2180
f 2320 2581 2604
f 2581 2399 2680
f 2680 2646 2817
f 2646 2645 2817
f 2645 2960 2817
f 2960 3084 3085
f 3084 3204 3181
f 3204 3265 3181
f 3265 3314 3266
f 3314 3293 3264
f 3293 3307 3264
f 3307 3305 3313
f 3313 3304 3325
f 3325 3329 3303
f 3329 3323 3258
f 3323 3367 3339
f 3339 3386 3387
f 3386 3431 3387
f 3431 3455 3454
f 3455 3457 3483
f 3457 3465 3483
f 3465 3432 3463
f 3463 3433 3466
f 3433 3400 3439
f 3400 3391 3378
f 3378 3354 3333
f 3354 3315 3298
f 3315 3228 3205
f 3228 3118 3087
f 3118 3070 3087
f 3070 3076 3071
f 3076 2822 2820
f 2822 2786 2820
f 2786 2736 2604
f 2604 2628 2517
f 2517 2516 2322
f 2322 2013 2070
f 2070 1948 2016
f 1948 1949 2041
f 1949 1923 2017
f 1923 1858 1953
f 1858 1668 1879
f 1668 1526 1529
f 1529 1393 1337
f 1337 1248 1211
f 1211 1135 1113
f 1113 1136 1112
f 1136 1162 1112
f 1162 1163 1110
f 1163 1164 1110
f 1164 1243 1161
f 1161 1242 1165
f 1242 1244 1166
f 1244 1279 1312
f 1279 1329 1330
f 1329 1328 1387
f 1387 1445 1426
f 1445 1663 1567
f 1663 1783 1803
f 350 296 330
f 296 280 330
f 280 244 258
f 258 235 279
f 2 1 3
f 1 21 10
f 10 34 17
f 17 70 20
f 20 53 25
f 53 59 25
f 59 99 98
f 98 174 163
f 174 223 163
f 223 197 163
f 197 249 230
f 249 231 230
f 231 232 240
f 232 179 248
f 179 124 123
f 124 79 85
f 79 54 85
f 54 19 29
f 19 6 16
f 6 2 3
f 279 295 329
f 329 311 279
f 311 349 313
f 349 330 313
f 330 371 350
f 1783 1968 2014
f 1968 2073 2095
f 2073 2071 2094
f 2094 2140 2180
f 2180 2320 2604
f 2604 2581 2786
f 2581 2680 2820
f 2680 2817 2962
f 2817 2960 2962
f 2960 3085 3116
f 3085 3084 3181
f 3181 3265 3226
f 3265 3266 3226
f 3266 3314 3264
f 3264 3307 3151
f 3307 3313 3274
f 3313 3325 3303
f 3303 3329 3258
f 3258 3323 3339
f 3339 3387 3347
f 3387 3431 3422
f 3431 3454 3422
f 3454 3455 3483
f 3483 3465 3484
f 3465 3463 3484
f 3463 3466 3481
f 3466 3433 3439
f 3439 3400 3412
f 3400 3378 3385
f 3378 3333 3361
f 3333 3354 3298
f 3298 3315 3205
f 3205 3228 3087
f 3087 3070 3086
f 3070 3071 3086
f 3071 3076 2820
f 2820 2786 2581
f 2604 2517 2180
f 2517 2322 2181
f 2322 2070 2181
f 2070 2016 2181
f 2016 1948 2041
f 2041 1949 2017
f 2017 1923 1953
f 1953 1858 1879
f 1879 1668 1881
f 1668 1529 1669
f 1529 1337 1505
f 1337 1211 1318
f 1211 1113 1096
f 1113 1112 1088
f 1112 1162 1086
f 1162 1110 1086
f 1110 1164 1111
f 1164 1161 1137
f 1161 1165 1137
f 1165 1242 1166
f 1166 1244 1209
f 1244 1312 1314
f 1312 1279 1330
f 1330 1329 1389
f 1329 1387 1388
f 1387 1426 1388
f 1426 1445 1487
f 1445 1567 1487
f 1567 1663 1568
f 1663 1803 1730
f 1803 1783 1729
f 330 280 313
f 280 258 313
f 258 279 311
f 3 1 5
f 1 10 5
f 10 17 5
f 17 20 5
f 20 25 14
f 25 59 40
f 59 98 58
f 98 163 97
f 163 197 196
f 197 230 210
f 230 231 240
f 240 232 248
f 248 179 229
f 179 123 229
f 123 124 85
f 85 54 52
f 54 29 52
f 29 19 16
f 16 6 3
f 311 313 258
f 1783 2014 1895
f 2014 1968 2095
f 2095 2073 2096
f 2073 2094 2074
f 2094 2180 2099
f 2820 2680 3071
f 2680 2962 3071
f 2962 2960 3116
f 3116 3085 3181
f 3181 3226 3213
f 3226 3266 3227
f 3266 3264 3203
f 3264 3151 3023
f 3151 3307 3274
f 3274 3313 3289
f 3313 3303 3289
f 3303 3258 3172
f 3258 3339 3288
f 3339 3347 3288
f 3347 3387 3338
f 3387 3422 3383
f 3422 3454 3436
f 3454 3483 3503
f 3483 3484 3492
f 3484 3463 3481
f 3481 3466 3488
f 3466 3439 3477
f 3439 3412 3451
f 3412 3400 3385
f 3385 3378 3361
f 3361 3333 3310
f 3333 3298 3247
f 3298 3205 3183
f 3205 3087 3116
f 3087 3086 3116
f 3086 3071 2962
f 2180 2517 2181
f 2181 2016 2076
f 2016 2041 2077
f 2041 2017 2103
f 2017 1953 2079
f 1953 1879 1969
f 1879 1881 1969
f 1881 1668 1669
f 1669 1529 1505
f 1505 1337 1318
f 1318 1211 1171
f 1211 1096 1171
f 1096 1113 1088
f 1088 1112 1014
f 1112 1086 1014
f 1086 1110 1045
f 1110 1111 1045
f 1111 1164 1137
f 1137 1165 1138
f 1165 1166 1139
f 1166 1209 1167
f 1209 1244 1245
f 1244 1314 1245
f 1314 1312 1334
f 1312 1330 1331
f 1330 1389 1331
f 1389 1329 1388
f 1388 1426 1487
f 1487 1567 1568
f 1568 1663 1664
f 1663 1730 1664
f 1730 1803 1729
f 1729 1783 1802
f 3 5 9
f 5 20 9
f 20 14 9
f 14 25 13
f 25 40 26
f 40 59 58
f 58 98 97
f 97 163 146
f 163 196 146
f 196 197 210
f 210 230 247
f 230 240 247
f 240 248 286
f 248 229 304
f 229 123 222
f 123 85 84
f 85 52 84
f 52 29 28
f 29 16 15
f 16 3 9
f 1783 1895 1857
f 1895 2014 1946
f 2014 2095 2072
f 2095 2096 2097
f 2096 2073 2074
f 2074 2094 2099
f 2099 2180 2076
f 2962 3116 3086
f 3116 3181 3183
f 3181 3213 3183
f 3213 3226 3227
f 3227 3266 3203
f 3203 3264 2954
f 3264 3023 2954
f 3023 3151 3132
f 3151 3274 3260
f 3274 3289 3260
f 3289 3303 3259
f 3303 3172 3259
f 3172 3258 3194
f 3258 3288 3194
f 3288 3347 3301
f 3347 3338 3287
f 3338 3387 3383
f 3383 3422 3415
f 3422 3436 3415
f 3436 3454 3453
f 3454 3503 3453
f 3503 3483 3518
f 3483 3492 3504
f 3492 3484 3481
f 3481 3488 3487
f 3488 3466 3477
f 3477 3439 3451
f 3451 3412 3419
f 3412 3385 3363
f 3385 3361 3363
f 3361 3310 3332
f 3310 3333 3247
f 3247 3298 3183
f 3183 3205 3116
f 2180 2181 2076
f 2076 2016 2077
f 2077 2041 2144
f 2041 2103 2144
f 2103 2017 2079
f 2079 1953 1969
f 1969 1881 1971
f 1881 1669 1670
f 1669 1505 1506
f 1505 1318 1320
f 1318 1171 1219
f 1171 1096 1118
f 1096 1088 1091
f 1088 1014 1015
f 1014 1086 1045
f 1045 1111 1087
f 1111 1137 1087
f 1137 1138 1114
f 1138 1165 1139
f 1139 1166 1167
f 1167 1209 1168
f 1209 1245 1246
f 1245 1314 1281
f 1314 1334 1335
f 1334 1312 1333
f 1312 1331 1333
f 1331 1389 1332
f 1389 1388 1488
f 1388 1487 1488
f 1487 1568 1569
f 1568 1664 1569
f 1664 1730 1702
f 1730 1729 1702
f 1729 1802 1825
f 1802 1783 1857
f 9 14 15
f 14 13 15
f 13 25 26
f 26 40 39
f 40 58 39
f 58 97 106
f 97 146 106
f 146 196 195
f 196 210 246
f 210 247 269
f 247 240 286
f 286 248 318
f 248 304 318
f 304 229 317
f 229 222 317
f 222 123 147
f 123 84 147
f 84 52 45
f 52 28 45
f 28 29 15
f 15 16 9
f 1857 1895 1896
f 1895 1946 1896
f 1946 2014 2015
f 2014 2072 2015
f 2072 2095 2097
f 2097 2096 2142
f 2096 2074 2100
f 2074 2099 2075
f 2099 2076 2075
f 3183 3213 3247
f 3213 3227 3247
f 3227 3203 3115
f 3203 2954 3115
f 2954 3023 2723
f 3023 3132 3109
f 3132 3151 3260
f 3260 3289 3259
f 3259 3172 3238
f 3172 3194 3131
f 3194 3288 3209
f 3288 3301 3209
f 3301 3347 3287
f 3287 3338 3300
f 3338 3383 3337
f 3383 3415 3371
f 3415 3436 3414
f 3436 3453 3430
f 3453 3503 3434
f 3503 3518 3526
f 3518 3483 3504
f 3504 3492 3487
f 3492 3481 3487
f 3487 3488 3510
f 3488 3477 3499
f 3477 3451 3438
f 3451 3419 3438
f 3419 3412 3363
f 3363 3361 3332
f 3332 3310 3309
f 3310 3247 3227
f 2076 2077 2075
f 2077 2144 2101
f 2144 2103 2189
f 2103 2079 2189
f 2079 1969 2150
f 1969 1971 2150
f 1971 1881 1973
f 1881 1670 1884
f 1670 1669 1506
f 1506 1505 1320
f 1320 1318 1219
f 1219 1171 1118
f 1118 1096 1097
f 1096 1091 1097
f 1091 1088 1090
f 1088 1015 981
f 1015 1014 980
f 1014 1045 980
f 1045 1087 980
f 1087 1137 1114
f 1114 1138 1115
f 1138 1139 1116
f 1139 1167 1140
f 1167 1168 1169
f 1168 1209 1246
f 1246 1245 1281
f 1281 1314 1335
f 1335 1334 1428
f 1334 1333 1359
f 1333 1331 1332
f 1332 1389 1427
f 1389 1488 1427
f 1488 1487 1569
f 1569 1664 1696
f 1664 1702 1696
f 1702 1729 1756
f 1825 1802 1857
f 15 13 28
f 13 26 27
f 26 39 44
f 39 58 57
f 58 106 57
f 106 146 157
f 146 195 157
f 195 196 246
f 246 210 269
f 269 247 305
f 247 286 305
f 286 318 355
f 318 304 380
f 304 317 380
f 317 222 337
f 222 147 194
f 147 84 107
f 84 45 51
f 45 28 27
f 1857 1896 1825
f 1896 1946 1933
f 1946 2015 1933
f 2015 2072 2098
f 2072 2097 2098
f 2097 2142 2183
f 2142 2096 2141
f 2096 2100 2141
f 2100 2074 2075
f 3227 3115 3310
f 3115 2954 2815
f 2954 2723 2431
f 2723 3023 3109
f 3109 3132 3193
f 3132 3260 3238
f 3260 3259 3238
f 3238 3172 3131
f 3131 3194 3209
f 3209 3301 3237
f 3301 3287 3237
f 3287 3300 3190
f 3300 3338 3337
f 3337 3383 3371
f 3371 3415 3409
f 3415 3414 3409
f 3414 3436 3430
f 3430 3453 3434
f 3434 3503 3473
f 3503 3526 3538
f 3526 3518 3522
f 3518 3504 3509
f 3504 3487 3509
f 3487 3510 3509
f 3510 3488 3499
f 3499 3477 3469
f 3477 3438 3469
f 3438 3419 3379
f 3419 3363 3379
f 3363 3332 3379
f 3332 3309 3322
f 3309 3310 3115
f 2075 2077 2101
f 2101 2144 2145
f 2144 2189 2190
f 2189 2079 2150
f 2150 1971 2195
f 1971 1973 2155
f 1973 1881 1884
f 1884 1670 1885
f 1670 1506 1700
f 1506 1320 1534
f 1320 1219 1341
f 1219 1118 1221
f 1118 1097 1146
f 1097 1091 1119
f 1091 1090 1048
f 1090 1088 981
f 981 1015 1016
f 1015 980 1016
f 980 1087 1046
f 1087 1114 1046
f 1114 1115 1089
f 1115 1138 1116
f 1116 1139 1140
f 1140 1167 1169
f 1169 1168 1213
f 1168 1246 1210
f 1246 1281 1282
f 1281 1335 1315
f 1335 1428 1392
f 1428 1334 1359
f 1359 1333 1332
f 1332 1427 1359
f 1427 1488 1502
f 1488 1569 1502
f 1569 1696 1588
f 1696 1702 1731
f 1702 1756 1731
f 28 13 27
f 27 26 51
f 26 44 51
f 44 39 50
f 39 57 49
f 57 106 96
f 106 157 144
f 157 195 221
f 195 246 268
f 246 269 303
f 269 305 339
f 305 286 355
f 355 318 392
f 318 380 392
f 380 317 391
f 317 337 391
f 337 222 302
f 222 194 302
f 194 147 145
f 147 107 145
f 107 84 51
f 51 45 27
f 1825 1896 1872
f 1896 1933 1872
f 1933 2015 2040
f 2015 2098 2040
f 2098 2097 2143
f 2097 2183 2186
f 2183 2142 2182
f 2142 2141 2182
f 2141 2100 2185
f 2100 2075 2101
f 3115 2815 3180
f 2815 2954 2643
f 2954 2431 2496
f 2431 2723 2395
f 2723 3109 3052
f 3109 3193 3208
f 3193 3132 3210
f 3132 3238 3210
f 3238 3131 3210
f 3131 3209 3171
f 3209 3237 3171
f 3237 3287 3190
f 3190 3300 3189
f 3300 3337 3319
f 3337 3371 3350
f 3371 3409 3370
f 3409 3414 3370
f 3414 3430 3401
f 3430 3434 3401
f 3434 3473 3392
f 3473 3503 3531
f 3503 3538 3537
f 3538 3526 3539
f 3526 3522 3539
f 3522 3518 3509
f 3509 3510 3527
f 3510 3499 3515
f 3499 3469 3497
f 3469 3438 3464
f 3438 3379 3411
f 3379 3332 3353
f 3332 3322 3353
f 3322 3309 3277
f 3309 3115 3180
f 2101 2145 2146
f 2145 2144 2190
f 2190 2189 2235
f 2189 2150 2235
f 2150 2195 2284
f 2195 1971 2155
f 2155 1973 1960
f 1973 1884 1885
f 1885 1670 1700
f 1700 1506 1534
f 1534 1320 1341
f 1341 1219 1221
f 1221 1118 1146
f 1146 1097 1147
f 1097 1119 1147
f 1119 1091 1094
f 1091 1048 1094
f 1048 1090 981
f 981 1016 1017
f 1016 980 1047
f 980 1046 1047
f 1046 1114 1089
f 1089 1115 1093
f 1115 1116 1117
f 1116 1140 1141
f 1140 1169 1170
f 1169 1213 1215
f 1213 1168 1210
f 1210 1246 1247
f 1246 1282 1247
f 1282 1281 1315
f 1315 1335 1394
f 1335 1392 1394
f 1392 1428 1489
f 1428 1359 1446
f 1359 1427 1446
f 1427 1502 1446
f 1502 1569 1588
f 1588 1696 1698
f 1696 1731 1698
f 1731 1756 1825
f 51 44 78
f 44 50 68
f 50 39 49
f 49 57 77
f 57 96 77
f 96 106 144
f 144 157 208
f 157 221 208
f 221 195 268
f 268 246 303
f 303 269 338
f 269 339 338
f 339 305 355
f 355 392 411
f 392 380 424
f 380 391 441
f 391 337 398
f 337 302 398
f 302 194 285
f 194 145 209
f 145 107 95
f 107 51 78
f 1825 1872 1826
f 1872 1933 1947
f 1933 2040 1947
f 2040 2098 2102
f 2098 2143 2102
f 2143 2097 2186
f 2186 2183 2182
f 2182 2141 2184
f 2141 2185 2184
f 2185 2100 2146
f 2100 2101 2146
f 3180 2815 2907
f 2815 2643 2907
f 2643 2954 2550
f 2954 2496 2550
f 2496 2431 2494
f 2431 2395 2430
f 2395 2723 2468
f 2723 3052 3078
f 3052 3109 3170
f 3109 3208 3170
f 3208 3193 3223
f 3193 3210 3192
f 3210 3131 3192
f 3131 3171 3192
f 3171 3237 3191
f 3237 3190 3191
f 3190 3189 3148
f 3189 3300 3255
f 3300 3319 3255
f 3319 3337 3350
f 3350 3371 3370
f 3370 3414 3401
f 3401 3434 3382
f 3434 3392 3382
f 3392 3473 3428
f 3473 3531 3524
f 3531 3503 3537
f 3537 3538 3541
f 3538 3539 3541
f 3539 3522 3547
f 3522 3509 3527
f 3527 3510 3515
f 3515 3499 3497
f 3497 3469 3464
f 3464 3438 3411
f 3411 3379 3353
f 3353 3322 3352
f 3322 3277 3326
f 3277 3309 3246
f 3309 3180 3246
f 2146 2145 2191
f 2145 2190 2191
f 2190 2235 2273
f 2235 2150 2284
f 2284 2195 2240
f 2195 2155 2240
f 2155 1960 2111
f 1960 1973 1885
f 1885 1700 1759
f 1700 1534 1592
f 1534 1341 1507
f 1341 1221 1399
f 1221 1146 1326
f 1146 1147 1258
f 1147 1119 1148
f 1119 1094 1095
f 1094 1048 1017
f 1048 981 1017
f 1017 1016 1047
f 1047 1046 1089
f 1089 1093 1092
f 1093 1115 1117
f 1117 1116 1141
f 1141 1140 1170
f 1170 1169 1215
f 1215 1213 1216
f 1213 1210 1212
f 1210 1247 1249
f 1247 1282 1283
f 1282 1315 1316
f 1315 1394 1360
f 1394 1392 1449
f 1392 1489 1448
f 1489 1428 1446
f 1446 1502 1525
f 1502 1588 1525
f 1588 1698 1589
f 1698 1731 1732
f 1731 1825 1826
f 78 44 68
f 68 50 67
f 50 49 66
f 49 77 66
f 77 96 94
f 96 144 136
f 144 208 192
f 208 221 245
f 221 268 245
f 268 303 316
f 303 338 316
f 338 339 390
f 339 355 411
f 411 392 423
f 392 424 423
f 424 380 441
f 441 391 440
f 391 398 440
f 398 302 389
f 302 285 389
f 285 194 209
f 209 145 156
f 145 95 112
f 95 107 78
f 1826 1872 1875
f 1872 1947 1950
f 1947 2040 2042
f 2040 2102 2042
f 2102 2143 2147
f 2143 2186 2187
f 2186 2182 2184
f 2184 2185 2225
f 2185 2146 2228
f 3180 2907 3182
f 2907 2643 2678
f 2643 2550 2678
f 2550 2496 2578
f 2496 2494 2578
f 2494 2431 2430
f 2430 2395 2426
f 2395 2468 2426
f 2468 2723 2532
f 2723 3078 2532
f 3078 3052 3207
f 3052 3170 3188
f 3170 3208 3286
f 3208 3223 3236
f 3223 3193 3192
f 3192 3171 3223
f 3171 3191 3223
f 3191 3190 3150
f 3190 3148 3150
f 3148 3189 3187
f 3189 3255 3187
f 3255 3319 3318
f 3319 3350 3318
f 3350 3370 3349
f 3370 3401 3349
f 3401 3382 3366
f 3382 3392 3317
f 3392 3428 3362
f 3428 3473 3485
f 3473 3524 3520
f 3524 3531 3536
f 3531 3537 3545
f 3537 3541 3545
f 3541 3539 3554
f 3539 3547 3554
f 3547 3522 3527
f 3527 3515 3528
f 3515 3497 3533
f 3497 3464 3496
f 3464 3411 3389
f 3411 3353 3352
f 3352 3322 3326
f 3326 3277 3212
f 3277 3246 3182
f 3246 3180 3182
f 2146 2191 2228
f 2191 2190 2233
f 2190 2273 2233
f 2273 2235 2278
f 2235 2284 2278
f 2284 2240 2289
f 2240 2155 2111
f 2111 1960 1961
f 1960 1885 1886
f 1885 1759 1886
f 1759 1700 1592
f 1592 1534 1507
f 1507 1341 1399
f 1399 1221 1326
f 1326 1146 1258
f 1258 1147 1181
f 1147 1148 1181
f 1148 1119 1142
f 1119 1095 1117
f 1095 1094 1017
f 1017 1047 1092
f 1047 1089 1092
f 1092 1093 1095
f 1093 1117 1095
f 1117 1141 1172
f 1141 1170 1218
f 1170 1215 1217
f 1215 1216 1252
f 1216 1213 1212
f 1212 1210 1249
f 1249 1247 1283
f 1283 1282 1316
f 1316 1315 1360
f 1360 1394 1450
f 1394 1449 1450
f 1449 1392 1448
f 1448 1489 1543
f 1489 1446 1525
f 1525 1588 1589
f 1589 1698 1699
f 1698 1732 1699
f 1732 1731 1826
f 78 68 95
f 68 67 95
f 67 50 66
f 66 77 90
f 77 94 90
f 94 96 136
f 136 144 192
f 192 208 237
f 208 245 237
f 245 268 284
f 268 316 284
f 316 338 354
f 338 390 354
f 390 339 411
f 411 423 410
f 423 424 441
f 441 440 459
f 440 398 439
f 398 389 439
f 389 285 379
f 285 209 300
f 209 156 228
f 156 145 112
f 112 95 83
f 1826 1875 1805
f 1875 1872 1950
f 1950 1947 2042
f 2042 2102 2104
f 2102 2147 2104
f 2147 2143 2187
f 2187 2186 2225
f 2186 2184 2225
f 2225 2185 2226
f 2185 2228 2226
f 3182 2907 2908
f 2907 2678 2908
f 2678 2550 2578
f 2578 2494 2579
f 2494 2430 2495
f 2430 2426 2429
f 2426 2468 2493
f 2468 2532 2493
f 2532 3078 2612
f 3078 3207 3362
f 3207 3052 3188
f 3188 3170 3257
f 3170 3286 3257
f 3286 3208 3236
f 3236 3223 3191
f 3191 3150 3236
f 3150 3148 3235
f 3148 3187 3256
f 3187 3255 3318
f 3318 3350 3349
f 3349 3401 3366
f 3366 3382 3336
f 3382 3317 3336
f 3317 3392 3362
f 3362 3428 3408
f 3428 3485 3489
f 3485 3473 3507
f 3473 3520 3507
f 3520 3524 3530
f 3524 3536 3530
f 3536 3531 3545
f 3545 3541 3551
f 3541 3554 3551
f 3554 3547 3548
f 3547 3527 3528
f 3528 3515 3533
f 3533 3497 3496
f 3496 3464 3468
f 3464 3389 3388
f 3389 3411 3352
f 3352 3326 3389
f 3326 3212 3276
f 3212 3277 3182
f 2228 2191 2229
f 2191 2233 2231
f 2233 2273 2371
f 2273 2278 2371
f 2278 2284 2326
f 2284 2289 2326
f 2289 2240 2197
f 2240 2111 2197
f 2111 1961 2024
f 1961 1960 1886
f 1886 1759 1742
f 1759 1592 1629
f 1592 1507 1629
f 1507 1399 1497
f 1399 1326 1497
f 1326 1258 1401
f 1258 1181 1401
f 1181 1148 1223
f 1148 1142 1145
f 1142 1119 1173
f 1119 1117 1172
f 1095 1017 1092
f 1172 1141 1218
f 1218 1170 1217
f 1217 1215 1252
f 1252 1216 1251
f 1216 1212 1214
f 1212 1249 1250
f 1249 1283 1250
f 1283 1316 1336
f 1316 1360 1395
f 1360 1450 1451
f 1450 1449 1503
f 1449 1448 1528
f 1448 1543 1527
f 1543 1489 1525
f 1525 1589 1543
f 1589 1699 1666
f 1699 1732 1733
f 1732 1826 1805
f 95 67 83
f 67 66 76
f 66 90 76
f 90 94 111
f 94 136 111
f 136 192 154
f 192 237 219
f 237 245 265
f 245 284 265
f 284 316 301
f 316 354 301
f 354 390 409
f 390 411 410
f 410 423 459
f 423 441 459
f 459 440 470
f 440 439 470
f 439 389 422
f 389 379 422
f 379 285 300
f 300 209 228
f 228 156 178
f 156 112 178
f 112 83 110
f 1805 1875 1876
f 1875 1950 1951
f 1950 2042 2018
f 2042 2104 2018
f 2104 2147 2148
f 2147 2187 2148
f 2187 2225 2227
f 2225 2226 2227
f 2226 2228 2270
f 3182 2908 3212
f 2908 2678 2679
f 2678 2578 2679
f 2578 2579 2679
f 2579 2494 2495
f 2495 2430 2429
f 2429 2426 2425
f 2426 2493 2425
f 2493 2532 2566
f 2532 2612 2566
f 2612 3078 2745
f 3078 3362 3206
f 3362 3207 3317
f 3207 3188 3317
f 3188 3257 3317
f 3257 3286 3328
f 3286 3236 3235
f 3236 3150 3235
f 3235 3148 3256
f 3256 3187 3318
f 3318 3349 3256
f 3349 3366 3328
f 3366 3336 3328
f 3336 3317 3257
f 3362 3408 3356
f 3408 3428 3443
f 3428 3489 3443
f 3489 3485 3506
f 3485 3507 3506
f 3507 3520 3519
f 3520 3530 3519
f 3530 3536 3534
f 3536 3545 3544
f 3545 3551 3544
f 3551 3554 3555
f 3554 3548 3555
f 3548 3547 3528
f 3528 3533 3548
f 3533 3496 3508
f 3496 3468 3508
f 3468 3464 3388
f 3388 3389 3326
f 3326 3276 3388
f 3276 3212 3029
f 2228 2229 2270
f 2229 2191 2234
f 2191 2231 2234
f 2231 2233 2369
f 2233 2371 2369
f 2371 2278 2372
f 2278 2326 2372
f 2326 2289 2329
f 2289 2197 2248
f 2197 2111 2024
f 2024 1961 1887
f 1961 1886 1887
f 1886 1742 1887
f 1742 1759 1629
f 1629 1507 1497
f 1497 1326 1401
f 1401 1181 1368
f 1181 1223 1368
f 1223 1148 1180
f 1148 1145 1149
f 1145 1142 1143
f 1142 1173 1144
f 1173 1119 1172
f 1172 1218 1254
f 1218 1217 1254
f 1217 1252 1253
f 1252 1251 1287
f 1251 1216 1214
f 1214 1212 1250
f 1250 1283 1317
f 1283 1336 1317
f 1336 1316 1395
f 1395 1360 1451
f 1451 1450 1504
f 1450 1503 1504
f 1503 1449 1528
f 1528 1448 1527
f 1527 1543 1666
f 1543 1589 1666
f 1666 1699 1703
f 1699 1733 1703
f 1733 1732 1805
f 83 67 76
f 76 90 105
f 90 111 121
f 111 136 154
f 154 192 219
f 219 237 265
f 265 284 283
f 284 301 283
f 301 354 364
f 354 409 364
f 409 390 410
f 410 459 458
f 459 470 458
f 470 439 456
f 439 422 456
f 422 379 388
f 379 300 388
f 300 228 315
f 228 178 266
f 178 112 143
f 112 110 143
f 110 83 105
f 1805 1876 1806
f 1876 1875 1951
f 1951 1950 2018
f 2018 2104 2078
f 2104 2148 2078
f 2148 2187 2188
f 2187 2227 2188
f 2227 2226 2270
f 3212 2908 3029
f 2908 2679 3029
f 2679 2579 2732
f 2579 2495 2625
f 2495 2429 2547
f 2429 2425 2473
f 2425 2493 2511
f 2493 2566 2511
f 2566 2612 2657
f 2612 2745 2657
f 2745 3078 3043
f 3078 3206 3043
f 3206 3362 3356
f 3257 3328 3336
f 3328 3286 3235
f 3235 3256 3328
f 3256 3349 3328
f 3356 3408 3355
f 3408 3443 3446
f 3443 3489 3493
f 3489 3506 3511
f 3506 3507 3519
f 3519 3530 3534
f 3534 3536 3544
f 3544 3551 3549
f 3551 3555 3552
f 3555 3548 3546
f 3548 3533 3546
f 3533 3508 3546
f 3508 3468 3467
f 3468 3388 3423
f 3388 3276 3321
f 3276 3029 3156
f 2270 2229 2323
f 2229 2234 2323
f 2234 2231 2272
f 2231 2369 2272
f 2369 2371 2400
f 2371 2372 2400
f 2372 2326 2373
f 2326 2329 2373
f 2329 2289 2290
f 2289 2248 2242
f 2248 2197 2112
f 2197 2024 2112
f 2024 1887 1962
f 1887 1742 1813
f 1742 1629 1720
f 1629 1497 1550
f 1497 1401 1550
f 1401 1368 1550
f 1368 1223 1345
f 1223 1180 1222
f 1180 1148 1149
f 1149 1145 1099
f 1145 1143 1018
f 1143 1142 1144
f 1144 1173 1174
f 1173 1172 1220
f 1172 1254 1220
f 1254 1217 1255
f 1217 1253 1255
f 1253 1252 1287
f 1287 1251 1319
f 1251 1214 1285
f 1214 1250 1284
f 1250 1317 1284
f 1317 1336 1361
f 1336 1395 1429
f 1395 1451 1429
f 1451 1504 1490
f 1504 1503 1571
f 1503 1528 1571
f 1528 1527 1590
f 1527 1666 1628
f 1666 1703 1628
f 1703 1733 1734
f 1733 1805 1806
f 83 76 105
f 105 90 121
f 121 111 154
f 154 219 173
f 219 265 238
f 265 283 267
f 283 301 314
f 301 364 353
f 364 409 421
f 409 410 458
f 458 470 457
f 470 456 457
f 456 422 420
f 422 388 420
f 388 300 315
f 315 228 266
f 266 178 220
f 178 143 220
f 143 110 155
f 110 105 122
f 1806 1876 1877
f 1876 1951 1952
f 1951 2018 2019
f 2018 2078 2019
f 2078 2148 2149
f 2148 2188 2149
f 2188 2227 2271
f 2227 2270 2271
f 3029 2679 2732
f 2732 2579 2625
f 2625 2495 2547
f 2547 2429 2473
f 2473 2425 2471
f 2425 2511 2471
f 2511 2566 2588
f 2566 2657 2588
f 2657 2745 2871
f 2745 3043 2871
f 3043 3206 3077
f 3206 3356 3232
f 3356 3355 3232
f 3355 3408 3413
f 3408 3446 3413
f 3446 3443 3493
f 3493 3489 3511
f 3511 3506 3521
f 3506 3519 3521
f 3519 3534 3521
f 3534 3544 3542
f 3544 3549 3542
f 3549 3551 3552
f 3552 3555 3553
f 3555 3546 3553
f 3546 3508 3532
f 3508 3467 3513
f 3467 3468 3423
f 3423 3388 3359
f 3388 3321 3341
f 3321 3276 3156
f 3156 3029 2732
f 2270 2323 2275
f 2323 2234 2280
f 2234 2272 2274
f 2272 2369 2370
f 2369 2400 2370
f 2400 2372 2403
f 2372 2373 2403
f 2373 2329 2375
f 2329 2290 2330
f 2290 2289 2294
f 2289 2242 2294
f 2242 2248 2244
f 2248 2112 2114
f 2112 2024 1962
f 1962 1887 1813
f 1813 1742 1720
f 1720 1629 1550
f 1550 1368 1535
f 1368 1345 1535
f 1345 1223 1259
f 1223 1222 1259
f 1222 1180 1178
f 1180 1149 1150
f 1149 1099 1120
f 1099 1145 1018
f 1018 1143 1098
f 1143 1144 1098
f 1144 1174 1098
f 1174 1173 1175
f 1173 1220 1176
f 1220 1254 1256
f 1254 1255 1289
f 1255 1253 1287
f 1287 1319 1340
f 1319 1251 1286
f 1251 1285 1286
f 1285 1214 1284
f 1284 1317 1338
f 1317 1361 1338
f 1361 1336 1429
f 1429 1451 1490
f 1490 1504 1530
f 1504 1571 1530
f 1571 1528 1590
f 1590 1527 1628
f 1628 1703 1704
f 1703 1734 1704
f 1734 1733 1806
f 105 121 122
f 121 154 173
f 173 219 238
f 238 265 267
f 267 283 314
f 314 301 353
f 353 364 378
f 364 421 378
f 421 409 458
f 458 457 421
f 457 456 438
f 456 420 438
f 420 388 377
f 388 315 377
f 315 266 332
f 266 220 299
f 220 143 155
f 155 110 122
f 1806 1877 1807
f 1877 1876 1952
f 1952 1951 2019
f 2019 2078 2105
f 2078 2149 2105
f 2149 2188 2192
f 2188 2271 2192
f 2271 2270 2275
f 2732 2625 2865
f 2625 2547 2706
f 2547 2473 2642
f 2473 2471 2574
f 2471 2511 2536
f 2511 2588 2536
f 2588 2657 2689
f 2657 2871 2689
f 2871 3043 3077
f 3077 3206 3232
f 3232 3355 3254
f 3355 3413 3365
f 3413 3446 3420
f 3446 3493 3498
f 3493 3511 3514
f 3511 3521 3523
f 3521 3534 3542
f 3542 3549 3550
f 3549 3552 3550
f 3552 3553 3550
f 3553 3546 3532
f 3532 3508 3513
f 3513 3467 3480
f 3467 3423 3441
f 3423 3359 3358
f 3359 3388 3341
f 3341 3321 3244
f 3321 3156 3244
f 3156 2732 2865
f 2275 2323 2324
f 2323 2280 2325
f 2280 2234 2274
f 2274 2272 2370
f 2370 2400 2401
f 2400 2403 2401
f 2403 2373 2405
f 2373 2375 2405
f 2375 2329 2330
f 2330 2290 2332
f 2290 2294 2301
f 2294 2242 2299
f 2242 2244 2298
f 2244 2248 2249
f 2248 2114 2199
f 2114 2112 1962
f 1962 1813 1978
f 1813 1720 1722
f 1720 1550 1722
f 1550 1535 1722
f 1535 1345 1552
f 1345 1259 1402
f 1259 1222 1257
f 1222 1178 1179
f 1178 1180 1150
f 1150 1149 1120
f 1120 1099 1049
f 1099 1018 1020
f 1018 1098 959
f 1098 1174 1175
f 1175 1173 1176
f 1176 1220 1257
f 1220 1256 1291
f 1256 1254 1290
f 1254 1289 1290
f 1289 1255 1288
f 1255 1287 1288
f 1287 1340 1321
f 1340 1319 1364
f 1319 1286 1339
f 1286 1285 1363
f 1285 1284 1338
f 1338 1361 1396
f 1361 1429 1396
f 1429 1490 1430
f 1490 1530 1430
f 1530 1571 1531
f 1571 1590 1705
f 1590 1628 1705
f 1628 1704 1705
f 1704 1734 1735
f 1734 1806 1807
f 122 121 173
f 173 238 193
f 238 267 193
f 267 314 299
f 314 353 352
f 353 378 352
f 378 421 397
f 421 457 419
f 457 438 419
f 438 420 408
f 420 377 408
f 377 315 332
f 332 266 299
f 299 220 239
f 220 155 239
f 155 122 193
f 1807 1877 1878
f 1877 1952 1954
f 1952 2019 2020
f 2019 2105 2020
f 2105 2149 2106
f 2149 2192 2193
f 2192 2271 2230
f 2271 2275 2276
f 2865 2625 2706
f 2706 2547 2642
f 2642 2473 2574
f 2574 2471 2598
f 2471 2536 2598
f 2536 2588 2633
f 2588 2689 2633
f 2689 2871 2919
f 2871 3077 2919
f 3077 3232 3125
f 3232 3254 3125
f 3254 3355 3299
f 3355 3365 3299
f 3365 3413 3420
f 3420 3446 3458
f 3446 3498 3458
f 3498 3493 3514
f 3514 3511 3523
f 3523 3521 3542
f 3542 3550 3543
f 3550 3553 3540
f 3553 3532 3540
f 3532 3513 3505
f 3513 3480 3505
f 3480 3467 3441
f 3441 3423 3358
f 3358 3359 3291
f 3359 3341 3262
f 3341 3244 3262
f 3244 3156 2865
f 2275 2324 2281
f 2324 2323 2325
f 2325 2280 2328
f 2280 2274 2279
f 2274 2370 2402
f 2370 2401 2402
f 2401 2403 2437
f 2403 2405 2437
f 2405 2375 2406
f 2375 2330 2374
f 2330 2332 2328
f 2332 2290 2292
f 2290 2301 2295
f 2301 2294 2245
f 2294 2299 2245
f 2299 2242 2298
f 2298 2244 2376
f 2244 2249 2305
f 2249 2248 2199
f 2199 2114 2200
f 2114 1962 1978
f 1978 1813 1828
f 1813 1722 1828
f 1722 1535 1552
f 1552 1345 1402
f 1402 1259 1327
f 1259 1257 1327
f 1257 1222 1176
f 1222 1179 1176
f 1179 1178 1151
f 1178 1150 1151
f 1150 1120 1151
f 1120 1049 1102
f 1049 1099 1020
f 1020 1018 934
f 1018 959 934
f 959 1098 1019
f 1098 1175 1177
f 1175 1176 1177
f 1257 1220 1291
f 1291 1256 1290
f 1290 1289 1322
f 1289 1288 1321
f 1288 1287 1321
f 1321 1340 1342
f 1340 1364 1398
f 1364 1319 1339
f 1339 1286 1363
f 1363 1285 1362
f 1285 1338 1362
f 1338 1396 1362
f 1396 1429 1430
f 1430 1530 1491
f 1530 1531 1491
f 1531 1571 1572
f 1571 1705 1718
f 1705 1704 1757
f 1704 1735 1757
f 1735 1734 1807
f 122 173 193
f 193 267 239
f 267 299 239
f 299 314 331
f 314 352 331
f 352 378 387
f 378 397 387
f 397 421 419
f 419 438 407
f 438 408 407
f 408 377 363
f 377 332 363
f 332 299 331
f 239 155 193
f 1807 1878 1808
f 1878 1877 1954
f 1954 1952 2020
f 2020 2105 2021
f 2105 2106 2021
f 2106 2149 2193
f 2193 2192 2230
f 2230 2271 2276
f 2276 2275 2281
f 2865 2706 3244
f 2706 2642 2993
f 2642 2574 2993
f 2574 2598 2859
f 2598 2536 2637
f 2536 2633 2637
f 2633 2689 2794
f 2689 2919 2794
f 2919 3077 3125
f 3125 3254 3166
f 3254 3299 3166
f 3299 3365 3316
f 3365 3420 3380
f 3420 3458 3427
f 3458 3498 3500
f 3498 3514 3516
f 3514 3523 3529
f 3523 3542 3543
f 3543 3550 3540
f 3540 3532 3525
f 3532 3505 3525
f 3505 3480 3491
f 3480 3441 3450
f 3441 3358 3403
f 3358 3291 3224
f 3291 3359 3262
f 3262 3244 2706
f 2281 2324 2282
f 2324 2325 2285
f 2325 2328 2332
f 2328 2280 2279
f 2279 2274 2402
f 2402 2401 2438
f 2401 2437 2438
f 2437 2405 2439
f 2405 2406 2439
f 2406 2375 2374
f 2374 2330 2328
f 2332 2292 2285
f 2292 2290 2295
f 2295 2301 2302
f 2301 2245 2260
f 2245 2299 2304
f 2299 2298 2408
f 2298 2376 2408
f 2376 2244 2305
f 2305 2249 2259
f 2249 2199 2252
f 2199 2200 2253
f 2200 2114 2162
f 2114 1978 2162
f 1978 1828 1980
f 1828 1722 1829
f 1722 1552 1723
f 1552 1402 1551
f 1402 1327 1403
f 1327 1257 1324
f 1176 1179 1177
f 1179 1151 1101
f 1151 1120 1102
f 1102 1049 1023
f 1049 1020 960
f 1020 934 878
f 934 959 935
f 959 1019 982
f 1019 1098 1100
f 1098 1177 1100
f 1257 1291 1324
f 1291 1290 1325
f 1290 1322 1325
f 1322 1289 1323
f 1289 1321 1323
f 1321 1342 1343
f 1342 1340 1398
f 1398 1364 1433
f 1364 1339 1397
f 1339 1363 1432
f 1363 1362 1431
f 1362 1396 1431
f 1396 1430 1431
f 1430 1491 1431
f 1491 1531 1532
f 1531 1572 1532
f 1572 1571 1718
f 1718 1705 1757
f 1757 1735 1808
f 1735 1807 1808
f 331 352 363
f 352 387 363
f 387 397 407
f 397 419 407
f 407 408 363
f 363 332 331
f 1808 1878 1809
f 1878 1954 1897
f 1954 2020 1955
f 2020 2021 1955
f 2021 2106 2043
f 2106 2193 2107
f 2193 2230 2232
f 2230 2276 2232
f 2276 2281 2277
f 2706 2993 3262
f 2993 2574 2859
f 2859 2598 2637
f 2637 2633 2717
f 2633 2794 2717
f 2794 2919 3008
f 2919 3125 3008
f 3125 3166 3008
f 3166 3299 3233
f 3299 3316 3233
f 3316 3365 3380
f 3380 3420 3427
f 3427 3458 3470
f 3458 3500 3470
f 3500 3498 3516
f 3516 3514 3529
f 3529 3523 3543
f 3543 3540 3535
f 3540 3525 3535
f 3525 3505 3512
f 3505 3491 3512
f 3491 3480 3450
f 3450 3441 3403
f 3403 3358 3312
f 3358 3224 3312
f 3224 3291 3154
f 3291 3262 3154
f 2281 2282 2283
f 2282 2324 2331
f 2324 2285 2331
f 2285 2325 2332
f 2328 2279 2327
f 2279 2402 2327
f 2402 2438 2404
f 2439 2406 2407
f 2406 2374 2407
f 2374 2328 2327
f 2285 2292 2288
f 2292 2295 2243
f 2295 2302 2303
f 2302 2301 2256
f 2301 2260 2256
f 2260 2245 2200
f 2245 2304 2254
f 2304 2299 2333
f 2299 2408 2333
f 2408 2376 2409
f 2376 2305 2334
f 2305 2259 2251
f 2252 2199 2253
f 2253 2200 2254
f 2200 2162 2260
f 2162 1978 1980
f 1980 1828 1829
f 1829 1722 1723
f 1723 1552 1551
f 1551 1402 1403
f 1403 1327 1344
f 1327 1324 1344
f 1177 1179 1101
f 1101 1151 1103
f 1151 1102 1103
f 1102 1023 1052
f 1023 1049 960
f 960 1020 878
f 878 934 906
f 934 935 906
f 935 959 982
f 982 1019 1021
f 1019 1100 1021
f 1100 1177 1101
f 1324 1291 1325
f 1325 1322 1367
f 1322 1323 1366
f 1323 1321 1343
f 1343 1342 1365
f 1342 1398 1493
f 1398 1433 1493
f 1433 1364 1397
f 1397 1339 1432
f 1432 1363 1431
f 1431 1491 1432
f 1491 1532 1432
f 1532 1572 1544
f 1572 1718 1719
f 1718 1757 1736
f 1757 1808 1809
f 363 387 407
f 1809 1878 1897
f 1897 1954 1955
f 1955 2021 1956
f 2021 2043 1956
f 2043 2106 2107
f 2107 2193 2232
f 2232 2276 2277
f 2277 2281 2283
f 3262 2993 3154
f 2993 2859 3154
f 2859 2637 3022
f 2637 2717 3108
f 2717 2794 2929
f 2794 3008 2929
f 3008 3166 3100
f 3166 3233 3100
f 3233 3316 3357
f 3316 3380 3381
f 3380 3427 3429
f 3427 3470 3429
f 3470 3500 3501
f 3500 3516 3501
f 3516 3529 3517
f 3529 3543 3535
f 3535 3525 3512
f 3512 3491 3486
f 3491 3450 3476
f 3450 3403 3402
f 3403 3312 3320
f 3312 3224 3108
f 3224 3154 2859
f 2283 2282 2239
f 2282 2331 2286
f 2331 2285 2288
f 2327 2402 2404
f 2404 2438 2407
f 2439 2407 2438
f 2407 2374 2404
f 2374 2327 2404
f 2288 2292 2293
f 2292 2243 2296
f 2243 2295 2303
f 2303 2302 2256
f 2256 2260 2202
f 2200 2245 2254
f 2254 2304 2255
f 2304 2333 2255
f 2333 2408 2377
f 2408 2409 2480
f 2409 2376 2411
f 2376 2334 2411
f 2334 2305 2251
f 2251 2259 2206
f 2252 2253 2261
f 2253 2254 2261
f 2260 2162 2159
f 2162 1980 2159
f 1980 1829 1979
f 1829 1723 1889
f 1723 1551 1721
f 1551 1403 1549
f 1403 1344 1400
f 1344 1324 1325
f 1101 1103 1025
f 1103 1102 1052
f 1052 1023 985
f 1023 960 962
f 960 878 962
f 878 906 879
f 906 935 936
f 935 982 961
f 982 1021 961
f 1021 1100 1022
f 1100 1101 1022
f 1325 1367 1344
f 1367 1322 1366
f 1366 1323 1343
f 1343 1365 1366
f 1365 1342 1493
f 1493 1433 1533
f 1433 1397 1492
f 1397 1432 1492
f 1432 1532 1492
f 1532 1544 1492
f 1544 1572 1545
f 1572 1719 1545
f 1719 1718 1758
f 1718 1736 1758
f 1736 1757 1785
f 1757 1809 1785
f 1809 1897 1898
f 1897 1955 1924
f 1955 1956 1924
f 1956 2043 1957
f 2043 2107 2108
f 2107 2232 2194
f 2232 2277 2194
f 2277 2283 2236
f 2859 3022 3224
f 3022 2637 3108
f 3108 2717 2929
f 2929 3008 3100
f 3100 3233 3234
f 3233 3357 3348
f 3357 3316 3381
f 3381 3380 3429
f 3429 3470 3471
f 3470 3501 3494
f 3501 3516 3517
f 3517 3529 3535
f 3535 3512 3517
f 3512 3486 3502
f 3486 3491 3476
f 3476 3450 3462
f 3450 3402 3425
f 3402 3403 3320
f 3320 3312 3108
f 3108 3224 3022
f 2283 2239 2237
f 2239 2282 2286
f 2286 2331 2288
f 2288 2293 2291
f 2293 2292 2296
f 2296 2243 2246
f 2243 2303 2246
f 2303 2256 2201
f 2256 2202 2201
f 2202 2260 2159
f 2254 2255 2307
f 2255 2333 2306
f 2333 2377 2306
f 2377 2408 2410
f 2408 2480 2481
f 2480 2409 2440
f 2409 2411 2440
f 2411 2334 2413
f 2334 2251 2335
f 2251 2206 2205
f 2206 2259 2261
f 2252 2261 2259
f 2261 2254 2307
f 2159 1980 1979
f 1979 1829 1889
f 1889 1723 1721
f 1721 1551 1549
f 1549 1403 1400
f 1400 1344 1367
f 1101 1025 1024
f 1025 1103 1027
f 1103 1052 1027
f 1052 985 1026
f 985 1023 962
f 962 878 880
f 878 879 848
f 879 906 936
f 936 935 961
f 961 1021 983
f 1021 1022 983
f 1022 1101 1024
f 1367 1366 1496
f 1366 1365 1495
f 1365 1493 1494
f 1493 1533 1546
f 1533 1433 1492
f 1492 1544 1545
f 1545 1719 1706
f 1719 1758 1737
f 1758 1736 1785
f 1785 1809 1898
f 1898 1897 1924
f 1924 1956 1934
f 1956 1957 1934
f 1957 2043 2044
f 2043 2108 2044
f 2108 2107 2194
f 2194 2277 2236
f 2236 2283 2237
f 3108 2929 3320
f 2929 3100 3234
f 3234 3233 3348
f 3348 3357 3421
f 3357 3381 3424
f 3381 3429 3424
f 3429 3471 3424
f 3471 3470 3494
f 3494 3501 3517
f 3517 3512 3502
f 3502 3486 3490
f 3486 3476 3479
f 3476 3462 3461
f 3462 3450 3449
f 3450 3425 3449
f 3425 3402 3421
f 3402 3320 3346
f 2237 2239 2238
f 2239 2286 2287
f 2286 2288 2287
f 2288 2291 2287
f 2291 2293 2297
f 2293 2296 2297
f 2296 2246 2250
f 2246 2303 2201
f 2201 2202 2160
f 2202 2159 2160
f 2307 2255 2306
f 2306 2377 2378
f 2377 2410 2378
f 2410 2408 2481
f 2481 2480 2440
f 2440 2411 2441
f 2411 2413 2441
f 2413 2334 2335
f 2335 2251 2205
f 2205 2206 2113
f 2206 2261 2262
f 2261 2307 2262
f 2159 1979 2160
f 1979 1889 1977
f 1889 1721 1888
f 1721 1549 1743
f 1549 1400 1496
f 1400 1367 1496
f 1024 1025 986
f 1025 1027 988
f 1027 1052 1026
f 1026 985 987
f 985 962 908
f 962 880 908
f 880 878 848
f 848 879 907
f 879 936 907
f 936 961 983
f 983 1022 1024
f 1496 1366 1495
f 1495 1365 1494
f 1494 1493 1546
f 1546 1533 1591
f 1533 1492 1545
f 1545 1706 1591
f 1706 1719 1737
f 1737 1758 1786
f 1758 1785 1786
f 1785 1898 1880
f 1898 1924 1934
f 1934 1957 1958
f 1957 2044 2045
f 2044 2108 2045
f 2108 2194 2151
f 2194 2236 2151
f 2236 2237 2151
f 3320 2929 3234
f 3234 3348 3346
f 3348 3421 3346
f 3421 3357 3424
f 3424 3471 3472
f 3471 3494 3495
f 3494 3517 3495
f 3517 3502 3495
f 3502 3490 3495
f 3490 3486 3482
f 3486 3479 3482
f 3479 3476 3461
f 3461 3462 3452
f 3462 3449 3448
f 3449 3425 3444
f 3425 3421 3435
f 3421 3402 3346
f 3346 3320 3234
f 2237 2238 2153
f 2238 2239 2196
f 2239 2287 2196
f 2287 2291 2300
f 2291 2297 2300
f 2297 2296 2250
f 2250 2246 2257
f 2246 2201 2203
f 2201 2160 2203
f 2307 2306 2336
f 2306 2378 2336
f 2378 2410 2412
f 2410 2481 2412
f 2481 2440 2412
f 2440 2441 2442
f 2441 2413 2482
f 2413 2335 2308
f 2335 2205 2308
f 2205 2113 2161
f 2113 2206 2262
f 2262 2307 2309
f 2160 1979 1977
f 1977 1889 1888
f 1888 1721 1743
f 1743 1549 1573
f 1549 1496 1573
f 1024 986 984
f 986 1025 963
f 1025 988 963
f 988 1027 987
f 1027 1026 987
f 987 985 908
f 908 880 776
f 880 848 776
f 848 907 817
f 907 936 984
f 936 983 984
f 983 1024 984
f 1496 1495 1548
f 1495 1494 1548
f 1494 1546 1547
f 1546 1591 1707
f 1591 1533 1545
f 1591 1706 1707
f 1706 1737 1738
f 1737 1786 1787
f 1786 1785 1880
f 1880 1898 1925
f 1898 1934 1925
f 1934 1958 1925
f 1958 1957 2045
f 2045 2108 2109
f 2108 2151 2109
f 2151 2237 2152
f 3421 3424 3440
f 3424 3472 3440
f 3472 3471 3495
f 3495 3490 3478
f 3490 3482 3478
f 3482 3479 3475
f 3479 3461 3475
f 3461 3452 3475
f 3452 3462 3448
f 3448 3449 3444
f 3444 3425 3435
f 3435 3421 3440
f 2237 2153 2152
f 2153 2238 2154
f 2238 2196 2154
f 2196 2287 2241
f 2287 2300 2241
f 2300 2297 2250
f 2250 2257 2300
f 2257 2246 2203
f 2203 2160 2204
f 2307 2336 2337
f 2336 2378 2379
f 2378 2412 2379
f 2412 2440 2442
f 2442 2441 2443
f 2441 2482 2443
f 2482 2413 2446
f 2413 2308 2380
f 2308 2205 2161
f 2161 2113 2163
f 2113 2262 2207
f 2262 2309 2207
f 2309 2307 2337
f 2160 1977 2083
f 1977 1888 1976
f 1888 1743 1859
f 1743 1573 1741
f 1573 1496 1548
f 984 986 963
f 963 988 938
f 988 987 964
f 987 908 910
f 908 776 850
f 776 848 817
f 817 907 849
f 907 984 937
f 1548 1494 1547
f 1547 1546 1708
f 1546 1707 1708
f 1707 1706 1738
f 1738 1737 1787
f 1787 1786 1882
f 1786 1880 1882
f 1880 1925 1927
f 1925 1958 1970
f 1958 2045 1970
f 2045 2109 2046
f 2109 2151 2152
f 3440 3472 3459
f 3472 3495 3478
f 3478 3482 3474
f 3482 3475 3474
f 3475 3452 3474
f 3452 3448 3447
f 3448 3444 3447
f 3444 3435 3447
f 3435 3440 3459
f 2152 2153 2046
f 2153 2154 2080
f 2154 2196 2110
f 2196 2241 2156
f 2241 2300 2247
f 2300 2257 2258
f 2257 2203 2204
f 2204 2160 2083
f 2337 2336 2379
f 2379 2412 2414
f 2412 2442 2414
f 2442 2443 2445
f 2443 2482 2444
f 2482 2446 2415
f 2446 2413 2380
f 2380 2308 2310
f 2308 2161 2310
f 2161 2163 2164
f 2163 2113 2207
f 2207 2309 2264
f 2309 2337 2382
f 2083 1977 1976
f 1976 1888 1859
f 1859 1743 1741
f 1741 1573 1701
f 1573 1548 1701
f 984 963 937
f 963 938 909
f 938 988 911
f 988 964 911
f 964 987 910
f 910 908 850
f 850 776 775
f 776 817 775
f 817 849 818
f 849 907 909
f 907 937 909
f 1548 1547 1701
f 1547 1708 1701
f 1708 1707 1739
f 1707 1738 1739
f 1738 1787 1810
f 1787 1882 1883
f 1882 1880 1926
f 1880 1927 1926
f 1927 1925 1970
f 1970 2045 2046
f 2046 2109 2152
f 3459 3472 3478
f 3478 3474 3460
f 3474 3452 3460
f 3452 3447 3460
f 3447 3435 3459
f 2046 2153 2080
f 2080 2154 2081
f 2154 2110 2081
f 2110 2196 2156
f 2156 2241 2247
f 2247 2300 2258
f 2258 2257 2204
f 2204 2083 2158
f 2337 2379 2382
f 2379 2414 2382
f 2414 2442 2445
f 2445 2443 2444
f 2444 2482 2415
f 2415 2446 2416
f 2446 2380 2416
f 2380 2310 2416
f 2310 2161 2164
f 2164 2163 2207
f 2207 2264 2164
f 2264 2309 2338
f 2309 2382 2338
f 2083 1976 2049
f 1976 1859 1901
f 1859 1741 1812
f 1741 1701 1740
f 937 963 909
f 909 938 881
f 938 911 881
f 911 964 882
f 964 910 882
f 910 850 882
f 850 775 882
f 775 817 818
f 818 849 909
f 1701 1708 1740
f 1708 1739 1740
f 1739 1738 1810
f 1810 1787 1883
f 1883 1882 1936
f 1882 1926 1935
f 1926 1927 1935
f 1927 1970 2022
f 1970 2046 2022
f 3459 3478 3460
f 3460 3447 3459
f 2046 2080 2022
f 2080 2081 2022
f 2081 2110 2023
f 2110 2156 2082
f 2156 2247 2198
f 2247 2258 2198
f 2258 2204 2158
f 2158 2083 2049
f 2382 2414 2381
f 2414 2445 2381
f 2445 2444 2381
f 2444 2415 2381
f 2415 2416 2447
f 2416 2310 2483
f 2310 2164 2263
f 2164 2264 2166
f 2264 2338 2386
f 2338 2382 2381
f 2049 1976 1975
f 1976 1901 1975
f 1901 1859 1812
f 1812 1741 1740
f 909 881 818
f 881 911 777
f 911 882 777
f 882 775 777
f 775 818 777
f 1740 1739 1811
f 1739 1810 1811
f 1810 1883 1899
f 1883 1936 1899
f 1936 1882 1935
f 1935 1927 2022
f 2022 2081 1972
f 2081 2023 1972
f 2023 2110 2082
f 2082 2156 2198
f 2198 2258 2157
f 2258 2158 2157
f 2158 2049 2157
f 2381 2415 2383
f 2415 2447 2448
f 2447 2416 2483
f 2483 2310 2384
f 2310 2263 2384
f 2263 2164 2166
f 2166 2264 2339
f 2264 2386 2339
f 2386 2338 2417
f 2338 2381 2383
f 2049 1975 2048
f 1975 1901 1974
f 1901 1812 1900
f 1812 1740 1811
f 818 881 777
f 1811 1810 1899
f 1899 1936 1959
f 1936 1935 1972
f 1935 2022 1972
f 1972 2023 1936
f 2023 2082 1959
f 2082 2198 2047
f 2198 2157 2048
f 2157 2049 2048
f 2383 2415 2417
f 2415 2448 2417
f 2448 2447 2486
f 2447 2483 2485
f 2483 2384 2484
f 2384 2263 2385
f 2263 2166 2165
f 2166 2339 2165
f 2339 2386 2450
f 2386 2417 2450
f 2417 2338 2383
f 2048 1975 1974
f 1974 1901 1900
f 1900 1812 1811
f 1811 1899 1900
f 1899 1959 1974
f 1959 1936 2023
f 1959 2082 2047
f 2047 2198 2048
f 2417 2448 2450
f 2448 2486 2489
f 2486 2447 2485
f 2485 2483 2484
f 2484 2384 2385
f 2385 2263 2165
f 2165 2339 2265
f 2339 2450 2491
f 2048 1974 2047
f 1974 1900 1899
f 1974 1959 2047
f 2450 2448 2491
f 2448 2489 2491
f 2489 2486 2449
f 2486 2485 2487
f 2485 2484 2487
f 2484 2385 2487
f 2385 2165 2265
f 2265 2339 2340
f 2339 2491 2340
f 2491 2489 2518
f 2489 2449 2518
f 2449 2486 2487
f 2487 2385 2418
f 2385 2265 2387
f 2265 2340 2388
f 2340 2491 2388
f 2491 2518 2519
f 2518 2449 2490
f 2449 2487 2418
f 2418 2385 2387
f 2387 2265 2388
f 2388 2491 2519
f 2519 2518 2490
f 2490 2449 2418
f 2418 2387 2488
f 2387 2388 2492
f 2388 2519 2492
f 2519 2490 2492
f 2490 2418 2488
f 2488 2387 2492
f 2492 2490 2488
f 1050 1051 1100

