# https://github.com/mikedh/trimesh
v -0.46289062 -0.12304688 -0.06054688
v -0.46289062 -0.11914062 -0.03710938
v -0.46289062 -0.11523438 -0.06835938
v -0.46289062 -0.11132812 -0.05664062
v -0.46289062 -0.10351562 -0.06054688
v -0.46289062 -0.10351562 -0.03320312
v -0.46289062 -0.09570312 -0.04882812
v -0.46289062 -0.08789062 -0.02929688
v -0.45898438 -0.13476562 -0.08398438
v -0.45898438 -0.13476562 -0.06445312
v -0.45898438 -0.13085938 -0.04492188
v -0.45898438 -0.13085938 -0.03320312
v -0.45898438 -0.12695312 -0.07226562
v -0.45898438 -0.12304688 -0.08398438
v -0.45898438 -0.12304688 -0.02539062
v -0.45898438 -0.11132812 -0.01757812
v -0.45898438 -0.10742188 -0.08007812
v -0.45898438 -0.09570312 -0.07617188
v -0.45898438 -0.09570312 -0.01757812
v -0.45898438 -0.08789062 -0.06445312
v -0.45898438 -0.07617188 -0.04882812
v -0.45898438 -0.07226562 -0.02929688
v -0.45507812 -0.14257812 -0.07617188
v -0.45507812 -0.13867188 -0.05664062
v -0.45507812 -0.13867188 -0.03710938
v -0.45507812 -0.13085938 -0.02148438
v -0.45507812 -0.12695312 -0.09960938
v -0.45507812 -0.11914062 -0.01367188
v -0.45507812 -0.11523438 -0.09960938
v -0.45507812 -0.11132812 -0.09960938
v -0.45507812 -0.10742188 -0.00195312
v -0.45507812 -0.09960938 -0.00585938
v -0.45507812 -0.09570312 -0.09179688
v -0.45507812 -0.08398438 -0.00195312
v -0.45507812 -0.08007812 -0.07617188
v -0.45507812 -0.06835938 -0.00976562
v -0.45507812 -0.06445312 -0.06054688
v -0.45507812 -0.05273438 -0.02539062
v -0.45117188 -0.14648438 -0.06445312
v -0.45117188 -0.14257812 -0.08789062
v -0.45117188 -0.14257812 -0.04882812
v -0.45117188 -0.13867188 -0.09960938
v -0.45117188 -0.13867188 -0.02929688
v -0.45117188 -0.11914062 -0.11523438
v -0.45117188 -0.11914062 -0.00585938
v -0.45117188 -0.08789062 0.00585938
v -0.45117188 -0.07617188 -0.09179688
v -0.45117188 -0.06835938 0.00976562
v -0.45117188 -0.05273438 -0.04492188
v -0.45117188 -0.05273438 -0.01367188
v -0.44726562 -0.15039062 -0.05273438
v -0.44726562 -0.14648438 -0.08398438
v -0.44726562 -0.14648438 -0.04101562
v -0.44726562 -0.14648438 -0.02929688
v -0.44726562 -0.13476562 -0.01757812
v -0.44726562 -0.13085938 -0.11523438
v -0.44726562 -0.12695312 -0.00585938
v -0.44726562 -0.10742188 0.01367188
v -0.44726562 -0.09960938 -0.11523438
v -0.44726562 -0.09960938 0.01367188
v -0.44726562 -0.08789062 0.02148438
v -0.44726562 -0.08007812 -0.11132812
v -0.44726562 -0.07226562 0.02148438
v -0.44726562 -0.05664062 -0.08007812
v -0.44726562 -0.05664062 0.01757812
v -0.44726562 -0.04882812 -0.00585938
v -0.44335938 -0.15429688 -0.06835938
v -0.44335938 -0.15039062 -0.08007812
v -0.44335938 -0.14648438 -0.10351562
v -0.44335938 -0.13867188 -0.11523438
v -0.44335938 -0.13085938 -0.00585938
v -0.44335938 -0.12695312 -0.12695312
v -0.44335938 -0.11914062 0.00585938
v -0.44335938 -0.11523438 -0.13085938
v -0.44335938 -0.09570312 0.02539062
v -0.44335938 -0.08789062 0.02929688
v -0.44335938 -0.05664062 -0.09960938
v -0.44335938 -0.04492188 0.00976562
v -0.44335938 -0.03320312 -0.06445312
v -0.44335938 -0.03320312 -0.03710938
v -0.44335938 -0.02929688 -0.02148438
v -0.44335938 -0.02929688 -0.00195312
v -0.43945312 -0.15429688 -0.05664062
v -0.43945312 -0.15039062 -0.09570312
v -0.43945312 -0.15039062 -0.04101562
v -0.43945312 -0.13867188 -0.02148438
v -0.43945312 -0.13476562 -0.13085938
v -0.43945312 -0.12304688 0.00195312
v -0.43945312 -0.11132812 0.01367188
v -0.43945312 -0.10351562 -0.13476562
v -0.43945312 -0.10351562 0.02539062
v -0.43945312 -0.07226562 0.03710938
v -0.43945312 -0.05664062 0.02929688
v -0.43945312 -0.04101562 0.02929688
v -0.43945312 -0.03320312 -0.09179688
v -0.43945312 -0.03320312 0.01757812
v -0.43554688 -0.15429688 -0.08789062
v -0.43554688 -0.15429688 -0.07226562
v -0.43554688 -0.14648438 -0.03320312
v -0.43554688 -0.13085938 -0.00195312
v -0.43554688 -0.11914062 -0.14257812
v -0.43554688 -0.11914062 0.00976562
v -0.43554688 -0.08789062 -0.13867188
v -0.43554688 -0.08398438 0.03710938
v -0.43554688 -0.06445312 -0.12695312
v -0.43554688 -0.01757812 -0.07226562
v -0.43554688 -0.01367188 -0.00976562
v -0.43554688 -0.00976562 -0.04492188
v -0.43164062 -0.15429688 -0.04882812
v -0.43164062 -0.15039062 -0.11132812
v -0.43164062 -0.14257812 -0.12695312
v -0.43164062 -0.14257812 -0.02148438
v -0.43164062 -0.13476562 -0.00976562
v -0.43164062 -0.12695312 -0.14648438
v -0.43164062 -0.11132812 -0.15039062
v -0.43164062 -0.10742188 0.02539062
v -0.43164062 -0.09960938 -0.15039062
v -0.43164062 -0.09570312 0.03320312
v -0.43164062 -0.07617188 0.04492188
v -0.43164062 -0.05664062 0.04882812
v -0.43164062 -0.04882812 0.04101562
v -0.43164062 -0.04101562 -0.11523438
v -0.43164062 -0.02929688 0.03320312
v -0.43164062 -0.01367188 0.02148438
v -0.43164062 -0.00195312 -0.02539062
v -0.43164062 -0.00195312 0.00585938
v -0.42773438 -0.15429688 -0.10351562
v -0.42773438 -0.15429688 -0.08789062
v -0.42773438 -0.15429688 -0.06835938
v -0.42773438 -0.14648438 -0.04101562
v -0.42773438 -0.13476562 -0.14648438
v -0.42773438 -0.12304688 0.00585938
v -0.42773438 -0.11523438 -0.15820312
v -0.42773438 -0.09179688 0.03710938
v -0.42773438 -0.08398438 0.04492188
v -0.42773438 -0.07617188 0.04882812
v -0.42773438 -0.06445312 0.05273438
v -0.42773438 -0.03320312 0.04492188
v -0.42773438 0.00585938 -0.06054688
v -0.42382812 -0.15039062 -0.06054688
v -0.42382812 -0.13867188 -0.14257812
v -0.42382812 -0.13476562 -0.01757812
v -0.42382812 -0.12695312 -0.15429688
v -0.42382812 -0.12695312 -0.00195312
v -0.42382812 -0.11132812 0.01757812
v -0.42382812 -0.09960938 -0.16210938
v -0.42382812 -0.03710938 0.05664062
v -0.42382812 0.00195312 -0.08398438
v -0.42382812 0.01367188 0.00195312
v -0.41992188 -0.15429688 -0.08789062
v -0.41992188 -0.15039062 -0.11914062
v -0.41992188 -0.15039062 -0.10742188
v -0.41992188 -0.14648438 -0.05273438
v -0.41992188 -0.14257812 -0.13085938
v -0.41992188 -0.13867188 -0.03320312
v -0.41992188 -0.11523438 0.00976562
v -0.41992188 -0.10742188 0.02148438
v -0.41992188 -0.09570312 0.03320312
v -0.41992188 -0.08398438 -0.16210938
v -0.41992188 -0.08398438 0.04492188
v -0.41992188 -0.07617188 0.05273438
v -0.41992188 -0.06445312 -0.15429688
v -0.41992188 -0.06054688 0.06054688
v -0.41992188 -0.04882812 0.06054688
v -0.41992188 -0.01367188 0.05273438
v -0.41992188 -0.00976562 -0.10742188
v -0.41992188 0.00976562 0.02148438
v -0.41992188 0.02148438 -0.03320312
v -0.41601562 -0.14648438 -0.07617188
v -0.41601562 -0.13476562 -0.04101562
v -0.41601562 -0.13085938 -0.15429688
v -0.41601562 -0.13085938 -0.02539062
v -0.41601562 -0.12695312 -0.01367188
v -0.41601562 -0.11523438 -0.16992188
v -0.41601562 -0.10742188 -0.16992188
v -0.41601562 -0.09570312 -0.16992188
v -0.41601562 -0.04882812 0.06835938
v -0.41601562 -0.04492188 -0.14648438
v -0.41601562 -0.02148438 -0.13085938
v -0.41601562 0.00195312 0.04101562
v -0.41601562 0.02929688 -0.05273438
v -0.41210938 -0.15039062 -0.10351562
v -0.41210938 -0.14648438 -0.11914062
v -0.41210938 -0.13476562 -0.06445312
v -0.41210938 -0.12695312 -0.05273438
v -0.41210938 -0.12304688 -0.16601562
v -0.41210938 -0.11914062 0.00195312
v -0.41210938 -0.09570312 0.02929688
v -0.41210938 -0.08007812 -0.17382812
v -0.41210938 -0.07226562 0.05273438
v -0.41210938 -0.06054688 0.06054688
v -0.41210938 -0.05273438 0.06835938
v -0.41210938 -0.02929688 0.06835938
v -0.41210938 0.02539062 -0.07617188
v -0.41210938 0.02929688 0.01757812
v -0.40820312 -0.14257812 -0.13476562
v -0.40820312 -0.14257812 -0.11914062
v -0.40820312 -0.14257812 -0.09960938
v -0.40820312 -0.13476562 -0.15039062
v -0.40820312 -0.13476562 -0.08007812
v -0.40820312 -0.12695312 -0.16601562
v -0.40820312 -0.12304688 -0.06445312
v -0.40820312 -0.11523438 -0.00585938
v -0.40820312 -0.11132812 -0.02148438
v -0.40820312 -0.10742188 -0.04101562
v -0.40820312 -0.10351562 -0.17773438
v -0.40820312 -0.10351562 0.01757812
v -0.40820312 -0.09179688 -0.18164062
v -0.40820312 -0.08007812 0.04492188
v -0.40820312 -0.06445312 0.05664062
v -0.40820312 -0.06054688 -0.16992188
v -0.40820312 -0.03710938 0.07617188
v -0.40820312 -0.03320312 0.07226562
v -0.40820312 -0.00585938 0.06835938
v -0.40820312 0.01757812 0.03710938
v -0.40820312 0.02148438 -0.09960938
v -0.40820312 0.03710938 -0.00976562
v -0.40429688 -0.13867188 -0.13085938
v -0.40429688 -0.13085938 -0.09179688
v -0.40429688 -0.11914062 -0.08007812
v -0.40429688 -0.11523438 -0.17773438
v -0.40429688 -0.09570312 0.01367188
v -0.40429688 -0.09179688 0.00585938
v -0.40429688 -0.08789062 0.02929688
v -0.40429688 -0.04882812 0.06835938
v -0.40429688 -0.03320312 -0.16601562
v -0.40039062 -0.13476562 -0.14648438
v -0.40039062 -0.13476562 -0.11523438
v -0.40039062 -0.13085938 -0.10742188
v -0.40039062 -0.12304688 -0.16992188
v -0.40039062 -0.10351562 -0.06445312
v -0.40039062 -0.09179688 -0.01757812
v -0.40039062 -0.07226562 0.04492188
v -0.40039062 -0.05273438 0.06445312
v -0.40039062 -0.04101562 0.07617188
v -0.40039062 -0.02148438 0.08007812
v -0.40039062 -0.01367188 -0.15429688
v -0.40039062 -0.00976562 0.08007812
v -0.40039062 0.00976562 -0.13085938
v -0.40039062 0.01367188 0.05664062
v -0.40039062 0.04492188 -0.08398438
v -0.40039062 0.04882812 0.01757812
v -0.39648438 -0.13476562 -0.13085938
v -0.39648438 -0.09570312 -0.18945312
v -0.39648438 -0.09179688 -0.05664062
v -0.39648438 -0.08789062 -0.03710938
v -0.39648438 -0.08789062 -0.00195312
v -0.39648438 -0.08007812 -0.18945312
v -0.39648438 -0.06054688 -0.18554688
v -0.39648438 -0.06054688 0.05664062
v -0.39648438 -0.02539062 0.08007812
v -0.39648438 0.03710938 0.05273438
v -0.39648438 0.04492188 0.03710938
v -0.39648438 0.05273438 -0.05664062
v -0.39648438 0.06054688 -0.02539062
v -0.39257812 -0.12695312 -0.16210938
v -0.39257812 -0.10742188 -0.18554688
v -0.39257812 -0.10351562 -0.08398438
v -0.39257812 -0.08007812 0.02148438
v -0.39257812 -0.07617188 0.03320312
v -0.39257812 -0.04492188 0.06835938
v -0.39257812 -0.04101562 -0.18164062
v -0.39257812 -0.03320312 0.07617188
v -0.39257812 0.00976562 0.08007812
v -0.38867188 -0.13085938 -0.14257812
v -0.38867188 -0.12695312 -0.15820312
v -0.38867188 -0.12695312 -0.13476562
v -0.38867188 -0.11914062 -0.11523438
v -0.38867188 -0.11523438 -0.10351562
v -0.38867188 -0.11132812 -0.18164062
v -0.38867188 -0.09960938 -0.19335938
v -0.38867188 -0.08007812 -0.06445312
v -0.38867188 -0.07226562 0.01367188
v -0.38867188 -0.06445312 0.04492188
v -0.38867188 -0.02148438 0.08007812
v -0.38867188 -0.01367188 0.08398438
v -0.38867188 -0.00195312 0.08789062
v -0.38867188 0.02539062 0.07617188
v -0.38867188 0.07226562 0.00976562
v -0.38476562 -0.11523438 -0.17773438
v -0.38476562 -0.08398438 -0.19726562
v -0.38476562 -0.07226562 -0.04882812
v -0.38476562 -0.07226562 -0.00585938
v -0.38476562 -0.06445312 -0.19726562
v -0.38476562 -0.04882812 0.05664062
v -0.38476562 -0.03710938 0.07226562
v -0.38476562 -0.02148438 -0.18554688
v -0.38476562 0.04492188 0.07226562
v -0.38476562 0.04882812 -0.11132812
v -0.38476562 0.07617188 -0.04101562
v -0.38085938 -0.12304688 -0.15039062
v -0.38085938 -0.11523438 -0.13085938
v -0.38085938 -0.09179688 -0.19726562
v -0.38085938 -0.07617188 -0.08789062
v -0.38085938 -0.06445312 -0.02539062
v -0.38085938 -0.06054688 0.03710938
v -0.38085938 -0.04882812 0.05273438
v -0.38085938 -0.04492188 -0.19726562
v -0.38085938 -0.02148438 0.08007812
v -0.38085938 -0.00976562 0.08789062
v -0.38085938 -0.00195312 -0.17773438
v -0.38085938 0.02148438 0.09179688
v -0.38085938 0.03710938 -0.13476562
v -0.38085938 0.07617188 -0.06445312
v -0.38085938 0.07617188 0.04101562
v -0.38085938 0.08398438 -0.01757812
v -0.37695312 -0.11523438 -0.16992188
v -0.37695312 -0.10351562 -0.12304688
v -0.37695312 -0.09960938 -0.18945312
v -0.37695312 -0.09570312 -0.11132812
v -0.37695312 -0.06835938 -0.20507812
v -0.37695312 -0.06054688 0.02539062
v -0.37695312 0.00195312 0.09179688
v -0.37695312 0.01367188 0.09570312
v -0.37695312 0.02148438 -0.15820312
v -0.37695312 0.06835938 -0.09179688
v -0.37695312 0.06835938 0.05664062
v -0.37304688 -0.11523438 -0.15039062
v -0.37304688 -0.10351562 -0.18554688
v -0.37304688 -0.07617188 -0.20507812
v -0.37304688 -0.05664062 -0.00585938
v -0.37304688 -0.05664062 0.01367188
v -0.37304688 -0.05273438 -0.03710938
v -0.37304688 -0.04882812 -0.20507812
v -0.37304688 -0.04882812 0.03710938
v -0.37304688 -0.04101562 0.04882812
v -0.37304688 -0.03320312 0.06445312
v -0.37304688 -0.02148438 0.07617188
v -0.37304688 0.02539062 0.09570312
v -0.37304688 0.03710938 0.09179688
v -0.37304688 0.09179688 0.02539062
v -0.37304688 0.09570312 -0.03710938
v -0.36914062 -0.08789062 -0.20117188
v -0.36914062 -0.05664062 -0.05664062
v -0.36914062 -0.00585938 0.08398438
v -0.36914062 0.09960938 -0.00195312
v -0.36523438 -0.10742188 -0.16992188
v -0.36523438 -0.10351562 -0.17773438
v -0.36523438 -0.09960938 -0.15039062
v -0.36523438 -0.09179688 -0.19726562
v -0.36523438 -0.09179688 -0.14257812
v -0.36523438 -0.08398438 -0.13085938
v -0.36523438 -0.07617188 -0.20507812
v -0.36523438 -0.06445312 -0.09960938
v -0.36523438 -0.06054688 -0.20898438
v -0.36523438 -0.05273438 -0.08007812
v -0.36523438 -0.04492188 -0.00976562
v -0.36523438 -0.04101562 0.02929688
v -0.36523438 -0.03320312 -0.20507812
v -0.36523438 -0.02148438 -0.20117188
v -0.36523438 -0.02148438 0.06445312
v -0.36523438 -0.00976562 0.08007812
v -0.36523438 -0.00195312 -0.19335938
v -0.36523438 0.00585938 0.09179688
v -0.36523438 0.02148438 0.09960938
v -0.36523438 0.02929688 0.09960938
v -0.36523438 0.03710938 0.09960938
v -0.36523438 0.05664062 0.08789062
v -0.36523438 0.08007812 0.07226562
v -0.36523438 0.09179688 0.05664062
v -0.36132812 -0.09179688 -0.18945312
v -0.36132812 -0.08007812 -0.20117188
v -0.36132812 -0.07226562 -0.11914062
v -0.36132812 -0.06445312 -0.20898438
v -0.36132812 -0.04101562 -0.20898438
v -0.36132812 -0.04101562 -0.04492188
v -0.36132812 -0.04101562 -0.02539062
v -0.36132812 -0.04101562 0.00976562
v -0.36132812 -0.02539062 0.04882812
v -0.36132812 0.00585938 0.08789062
v -0.36132812 0.04101562 0.09960938
v -0.36132812 0.04882812 0.09960938
v -0.36132812 0.06445312 -0.13867188
v -0.36132812 0.07226562 0.08398438
v -0.36132812 0.08007812 -0.11132812
v -0.36132812 0.09960938 -0.05664062
v -0.35742188 -0.09570312 -0.16992188
v -0.35742188 -0.09179688 -0.18164062
v -0.35742188 -0.08789062 0.00195312
v -0.35742188 -0.07226562 0.01757812
v -0.35742188 -0.05273438 -0.21289062
v -0.35742188 -0.04101562 -0.06445312
v -0.35742188 -0.03710938 -0.01367188
v -0.35742188 -0.03320312 0.00585938
v -0.35742188 -0.03320312 0.02148438
v -0.35742188 -0.02148438 0.03320312
v -0.35742188 0.02148438 0.09570312
v -0.35742188 0.04492188 -0.16210938
v -0.35742188 0.06054688 0.09960938
v -0.35742188 0.09960938 -0.07617188
v -0.35742188 0.10742188 0.02148438
v -0.35742188 0.10742188 0.04492188
v -0.35351562 -0.12695312 -0.02539062
v -0.35351562 -0.11914062 -0.00195312
v -0.35351562 -0.08398438 -0.04101562
v -0.35351562 -0.08007812 -0.15429688
v -0.35351562 -0.07617188 -0.20117188
v -0.35351562 -0.07617188 -0.14257812
v -0.35351562 -0.06835938 -0.20507812
v -0.35351562 -0.05273438 -0.10742188
v -0.35351562 -0.04882812 -0.00976562
v -0.35351562 -0.04492188 0.01367188
v -0.35351562 -0.04101562 -0.02539062
v -0.35351562 -0.03710938 -0.21289062
v -0.35351562 -0.03710938 -0.04101562
v -0.35351562 -0.03710938 -0.00976562
v -0.35351562 -0.02929688 0.01367188
v -0.35351562 -0.02148438 -0.20898438
v -0.35351562 -0.02148438 0.02539062
v -0.35351562 -0.00976562 0.06445312
v -0.35351562 -0.00195312 -0.20507812
v -0.35351562 0.00195312 0.08007812
v -0.35351562 0.02539062 -0.18164062
v -0.35351562 0.03710938 0.10351562
v -0.35351562 0.05273438 0.10351562
v -0.35351562 0.06054688 0.10351562
v -0.35351562 0.09960938 -0.09570312
v -0.35351562 0.11523438 -0.02148438
v -0.34960938 -0.15039062 0.01757812
v -0.34960938 -0.13085938 0.04101562
v -0.34960938 -0.11132812 -0.05664062
v -0.34960938 -0.09960938 0.04882812
v -0.34960938 -0.08398438 -0.16210938
v -0.34960938 -0.07226562 -0.06835938
v -0.34960938 -0.06445312 0.05273438
v -0.34960938 -0.05664062 -0.20898438
v -0.34960938 -0.04882812 -0.06445312
v -0.34960938 -0.04882812 -0.04492188
v -0.34960938 -0.03710938 -0.09179688
v -0.34960938 -0.03710938 -0.04882812
v -0.34960938 -0.03320312 -0.06054688
v -0.34960938 -0.03320312 0.02929688
v -0.34960938 -0.01367188 0.03710938
v -0.34960938 -0.00976562 0.04882812
v -0.34960938 0.01757812 0.09179688
v -0.34960938 0.08007812 0.09179688
v -0.34960938 0.09179688 0.08398438
v -0.34960938 0.11523438 -0.04882812
v -0.34570312 -0.15820312 -0.01367188
v -0.34570312 -0.14257812 -0.04882812
v -0.34570312 -0.10742188 -0.08789062
v -0.34570312 -0.08007812 -0.17773438
v -0.34570312 -0.08007812 -0.17382812
v -0.34570312 -0.07617188 -0.18945312
v -0.34570312 -0.06445312 -0.15429688
v -0.34570312 -0.05664062 -0.13476562
v -0.34570312 -0.04101562 -0.21289062
v -0.34570312 -0.03320312 -0.07617188
v -0.34570312 -0.03320312 -0.07226562
v -0.34570312 -0.02929688 -0.21289062
v -0.34570312 -0.02148438 0.04101562
v -0.34570312 -0.00585938 0.04882812
v -0.34570312 0.02148438 -0.19335938
v -0.34570312 0.03710938 0.09960938
v -0.34570312 0.07617188 0.09960938
v -0.34570312 0.10351562 0.06835938
v -0.34570312 0.11914062 0.00195312
v -0.34179688 -0.17382812 0.02148438
v -0.34179688 -0.16992188 -0.04101562
v -0.34179688 -0.11914062 0.08789062
v -0.34179688 -0.09179688 0.08398438
v -0.34179688 -0.07226562 -0.09960938
v -0.34179688 -0.06835938 -0.16601562
v -0.34179688 -0.06054688 -0.20507812
v -0.34179688 -0.04492188 -0.21289062
v -0.34179688 -0.04101562 0.06835938
v -0.34179688 -0.03710938 -0.11523438
v -0.34179688 -0.03710938 -0.08398438
v -0.34179688 -0.03320312 -0.09570312
v -0.34179688 -0.00976562 0.05273438
v -0.34179688 -0.00195312 -0.20898438
v -0.34179688 0.00585938 0.06445312
v -0.34179688 0.01367188 0.08007812
v -0.34179688 0.02929688 0.09179688
v -0.34179688 0.05273438 0.10351562
v -0.34179688 0.05664062 -0.16992188
v -0.34179688 0.06445312 0.10351562
v -0.34179688 0.08007812 -0.14257812
v -0.34179688 0.11523438 0.05273438
v -0.33789062 -0.31445312 -0.22460938
v -0.33789062 -0.31445312 -0.22070312
v -0.33789062 -0.30664062 -0.22851562
v -0.33789062 -0.30664062 -0.22460938
v -0.33789062 -0.30273438 -0.21679688
v -0.33789062 -0.29882812 -0.22460938
v -0.33789062 -0.29492188 -0.21679688
v -0.33789062 -0.18554688 -0.01367188
v -0.33789062 -0.16601562 -0.07226562
v -0.33789062 -0.16601562 0.06445312
v -0.33789062 -0.14648438 0.08789062
v -0.33789062 -0.14257812 -0.08789062
v -0.33789062 -0.06445312 -0.18164062
v -0.33789062 -0.06054688 0.09570312
v -0.33789062 -0.05664062 -0.20117188
v -0.33789062 -0.04101562 -0.10742188
v -0.33789062 -0.03320312 -0.09570312
v -0.33789062 -0.02539062 -0.21289062
v -0.33789062 -0.01367188 -0.21289062
v -0.33789062 0.01367188 -0.20507812
v -0.33789062 0.11914062 -0.07226562
v -0.33789062 0.12304688 0.03320312
v -0.33398438 -0.32226562 -0.23242188
v -0.33398438 -0.32226562 -0.22460938
v -0.33398438 -0.31835938 -0.21679688
v -0.33398438 -0.31445312 -0.23632812
v -0.33398438 -0.30664062 -0.23632812
v -0.33398438 -0.30664062 -0.21289062
v -0.33398438 -0.29882812 -0.23242188
v -0.33398438 -0.29882812 -0.21289062
v -0.33398438 -0.19335938 0.03710938
v -0.33398438 -0.18945312 -0.06054688
v -0.33398438 -0.18554688 0.06054688
v -0.33398438 -0.11914062 -0.11914062
v -0.33398438 -0.05273438 -0.19335938
v -0.33398438 -0.05273438 -0.16601562
v -0.33398438 -0.05273438 -0.15429688
v -0.33398438 -0.04492188 -0.20507812
v -0.33398438 -0.04101562 -0.14648438
v -0.33398438 -0.02929688 -0.11523438
v -0.33398438 -0.01757812 0.08398438
v -0.33398438 0.00585938 0.07226562
v -0.33398438 0.04882812 0.10351562
v -0.33398438 0.09179688 0.09570312
v -0.33398438 0.09960938 -0.12304688
v -0.33398438 0.09960938 0.08789062
v -0.33398438 0.10742188 0.07617188
v -0.33398438 0.12695312 0.01367188
v -0.33398438 0.13085938 -0.03320312
v -0.33398438 0.13085938 -0.01367188
v -0.33007812 -0.32617188 -0.22070312
v -0.33007812 -0.31835938 -0.24023438
v -0.33007812 -0.31054688 -0.20898438
v -0.33007812 -0.29882812 -0.20898438
v -0.33007812 -0.29492188 -0.23632812
v -0.33007812 -0.29101562 -0.21289062
v -0.33007812 -0.28710938 -0.22851562
v -0.33007812 -0.28710938 -0.21289062
v -0.33007812 -0.28320312 -0.22070312
v -0.33007812 -0.20117188 -0.03710938
v -0.33007812 -0.16210938 -0.11132812
v -0.33007812 -0.11914062 0.11914062
v -0.33007812 -0.09179688 0.11523438
v -0.33007812 -0.07617188 -0.13085938
v -0.33007812 -0.05273438 -0.17382812
v -0.33007812 -0.03320312 -0.20898438
v -0.33007812 -0.03320312 -0.13085938
v -0.33007812 -0.02929688 -0.11523438
v -0.33007812 0.00195312 -0.20898438
v -0.33007812 0.02929688 0.08789062
v -0.33007812 0.04492188 0.09960938
v -0.33007812 0.05273438 -0.18945312
v -0.33007812 0.06445312 0.10351562
v -0.33007812 0.08007812 0.09960938
v -0.33007812 0.11914062 0.06054688
v -0.33007812 0.12695312 0.04882812
v -0.33007812 0.13085938 -0.05273438
v -0.33007812 0.13085938 0.02929688
v -0.32617188 -0.33007812 -0.23632812
v -0.32617188 -0.33007812 -0.22851562
v -0.32617188 -0.32617188 -0.21679688
v -0.32617188 -0.32226562 -0.21289062
v -0.32617188 -0.31054688 -0.20898438
v -0.32617188 -0.29882812 -0.24414062
v -0.32617188 -0.21289062 -0.00976562
v -0.32617188 -0.20898438 0.02929688
v -0.32617188 -0.18554688 -0.09960938
v -0.32617188 -0.17382812 0.11523438
v -0.32617188 -0.15039062 0.12695312
v -0.32617188 -0.05273438 -0.13085938
v -0.32617188 -0.04101562 -0.20507812
v -0.32617188 -0.04101562 0.11523438
v -0.32617188 -0.03710938 -0.16992188
v -0.32617188 -0.03320312 -0.14648438
v -0.32617188 -0.01757812 -0.20898438
v -0.32617188 -0.00585938 -0.21289062
v -0.32617188 0.01757812 -0.20507812
v -0.32617188 0.02539062 0.07617188
v -0.32617188 0.03320312 -0.20117188
v -0.32617188 0.04101562 0.09570312
v -0.32617188 0.08007812 -0.16210938
v -0.32226562 -0.33398438 -0.22460938
v -0.32226562 -0.32617188 -0.24414062
v -0.32226562 -0.32226562 -0.20898438
v -0.32226562 -0.31054688 -0.24414062
v -0.32226562 -0.29882812 -0.20898438
v -0.32226562 -0.28710938 -0.20898438
v -0.32226562 -0.27929688 -0.23632812
v -0.32226562 -0.27929688 -0.21289062
v -0.32226562 -0.20898438 -0.07617188
v -0.32226562 -0.19335938 0.10742188
v -0.32226562 -0.13476562 -0.14257812
v -0.32226562 -0.10351562 -0.15039062
v -0.32226562 -0.07617188 0.13867188
v -0.32226562 -0.03710938 -0.18554688
v -0.32226562 -0.03320312 -0.19726562
v -0.32226562 -0.03320312 -0.16210938
v -0.32226562 -0.02539062 -0.13085938
v -0.32226562 0.00976562 0.10351562
v -0.32226562 0.02539062 0.08398438
v -0.32226562 0.06054688 0.10351562
v -0.32226562 0.07617188 0.09960938
v -0.32226562 0.09179688 0.09570312
v -0.32226562 0.11523438 0.07226562
v -0.32226562 0.12304688 -0.09179688
v -0.32226562 0.12304688 0.06445312
v -0.32226562 0.13085938 -0.00585938
v -0.32226562 0.13085938 0.01757812
v -0.32226562 0.13085938 0.03710938
v -0.31835938 -0.33789062 -0.23242188
v -0.31835938 -0.33398438 -0.24023438
v -0.31835938 -0.33398438 -0.21679688
v -0.31835938 -0.33007812 -0.21289062
v -0.31835938 -0.32226562 -0.24804688
v -0.31835938 -0.29882812 -0.24804688
v -0.31835938 -0.28710938 -0.24414062
v -0.31835938 -0.27148438 -0.22851562
v -0.31835938 -0.27148438 -0.21679688
v -0.31835938 -0.22460938 0.02539062
v -0.31835938 -0.22070312 -0.03710938
v -0.31835938 -0.21289062 0.08789062
v -0.31835938 -0.13867188 0.15429688
v -0.31835938 -0.03710938 -0.14257812
v -0.31835938 -0.02148438 -0.14257812
v -0.31835938 -0.01757812 -0.20507812
v -0.31835938 -0.01757812 -0.15039062
v -0.31835938 -0.01757812 0.12695312
v -0.31835938 -0.00585938 -0.20898438
v -0.31835938 0.01367188 -0.20898438
v -0.31835938 0.04101562 0.08789062
v -0.31835938 0.05664062 0.09570312
v -0.31835938 0.08398438 0.09570312
v -0.31835938 0.10351562 0.08789062
v -0.31835938 0.13476562 -0.02929688
v -0.31445312 -0.34179688 -0.22460938
v -0.31445312 -0.31835938 -0.20898438
v -0.31445312 -0.30273438 -0.20507812
v -0.31445312 -0.29101562 -0.20898438
v -0.31445312 -0.26367188 -0.22070312
v -0.31445312 -0.23242188 -0.00195312
v -0.31445312 -0.22460938 0.06835938
v -0.31445312 -0.19726562 -0.11914062
v -0.31445312 -0.18164062 -0.13476562
v -0.31445312 -0.11132812 0.15429688
v -0.31445312 -0.06835938 -0.15820312
v -0.31445312 -0.04492188 0.15039062
v -0.31445312 -0.02148438 -0.17773438
v -0.31445312 -0.01757812 -0.19726562
v -0.31445312 -0.01757812 -0.14648438
v -0.31445312 -0.01367188 -0.20117188
v -0.31445312 -0.01367188 -0.16992188
v -0.31445312 -0.00976562 -0.15820312
v -0.31445312 -0.00976562 -0.15429688
v -0.31445312 0.03710938 -0.20507812
v -0.31445312 0.05273438 -0.19726562
v -0.31445312 0.07226562 -0.18164062
v -0.31445312 0.07226562 0.09960938
v -0.31445312 0.10742188 -0.13867188
v -0.31445312 0.12695312 0.05273438
v -0.31445312 0.13085938 -0.07617188
v -0.31445312 0.13085938 0.03320312
v -0.31445312 0.13476562 0.00976562
v -0.31054688 -0.33789062 -0.22070312
v -0.31054688 -0.33398438 -0.24804688
v -0.31054688 -0.27148438 -0.24023438
v -0.31054688 -0.27148438 -0.20898438
v -0.31054688 -0.26367188 -0.23632812
v -0.31054688 -0.26367188 -0.21289062
v -0.31054688 -0.19335938 0.13867188
v -0.31054688 -0.17382812 0.15039062
v -0.31054688 -0.15820312 -0.15429688
v -0.31054688 -0.01757812 -0.16210938
v -0.31054688 0.00195312 -0.20507812
v -0.31054688 0.01367188 -0.20898438
v -0.31054688 0.04101562 0.10351562
v -0.31054688 0.05664062 0.09570312
v -0.31054688 0.08398438 0.09570312
v -0.31054688 0.09570312 0.09179688
v -0.31054688 0.12304688 0.06445312
v -0.31054688 0.13476562 0.02539062
v -0.31054688 0.13867188 -0.00976562
v -0.30664062 -0.34179688 -0.24023438
v -0.30664062 -0.33789062 -0.21289062
v -0.30664062 -0.32617188 -0.20898438
v -0.30664062 -0.31445312 -0.25585938
v -0.30664062 -0.31054688 -0.20507812
v -0.30664062 -0.29882812 -0.20898438
v -0.30664062 -0.27539062 -0.20898438
v -0.30664062 -0.23632812 -0.04492188
v -0.30664062 -0.22851562 -0.07617188
v -0.30664062 -0.22070312 0.12695312
v -0.30664062 -0.21679688 -0.11914062
v -0.30664062 -0.20898438 0.13867188
v -0.30664062 -0.09960938 -0.17773438
v -0.30664062 -0.06835938 0.17382812
v -0.30664062 -0.00195312 -0.19726562
v -0.30664062 -0.00195312 -0.17773438
v -0.30664062 -0.00195312 -0.16210938
v -0.30664062 0.01757812 0.13476562
v -0.30664062 0.07226562 0.09570312
v -0.30664062 0.11523438 0.07617188
v -0.30664062 0.12695312 -0.10742188
v -0.30664062 0.13476562 0.04492188
v -0.30664062 0.13867188 -0.05664062
v -0.30664062 0.14257812 -0.04101562
v -0.30664062 0.14257812 0.00585938
v -0.30273438 -0.34570312 -0.23632812
v -0.30273438 -0.34179688 -0.22460938
v -0.30273438 -0.33007812 -0.25585938
v -0.30273438 -0.30273438 -0.25585938
v -0.30273438 -0.28710938 -0.25585938
v -0.30273438 -0.28320312 -0.20898438
v -0.30273438 -0.27539062 -0.25195312
v -0.30273438 -0.25585938 -0.23242188
v -0.30273438 -0.25585938 -0.22070312
v -0.30273438 -0.24414062 0.05273438
v -0.30273438 -0.20117188 -0.15039062
v -0.30273438 -0.15820312 0.17773438
v -0.30273438 -0.13085938 -0.17773438
v -0.30273438 -0.09179688 0.17773438
v -0.30273438 -0.04101562 -0.17773438
v -0.30273438 -0.00976562 0.15820312
v -0.30273438 0.00195312 -0.18945312
v -0.30273438 0.00195312 -0.16992188
v -0.30273438 0.03710938 -0.20507812
v -0.30273438 0.05273438 -0.20117188
v -0.30273438 0.09179688 0.08789062
v -0.30273438 0.10742188 0.08007812
v -0.30273438 0.12695312 0.06054688
v -0.30273438 0.15039062 0.03320312
v -0.30273438 0.15429688 -0.03320312
v -0.29882812 -0.32226562 -0.20898438
v -0.29882812 -0.26367188 -0.20898438
v -0.29882812 -0.25195312 -0.22460938
v -0.29882812 -0.24804688 0.00195312
v -0.29882812 -0.23632812 0.10742188
v -0.29882812 -0.20117188 0.16601562
v -0.29882812 -0.12304688 0.18164062
v -0.29882812 -0.03710938 0.17382812
v -0.29882812 -0.01367188 -0.17773438
v -0.29882812 0.02539062 -0.20507812
v -0.29882812 0.06835938 -0.18945312
v -0.29882812 0.10351562 -0.15429688
v -0.29882812 0.10351562 0.09179688
v -0.29882812 0.12695312 0.07617188
v -0.29882812 0.15429688 0.05664062
v -0.29492188 -0.34179688 -0.22070312
v -0.29492188 -0.33789062 -0.25195312
v -0.29492188 -0.32226562 -0.25976562
v -0.29492188 -0.31445312 -0.20898438
v -0.29492188 -0.27148438 -0.20898438
v -0.29492188 -0.25976562 -0.24804688
v -0.29492188 -0.25585938 -0.21289062
v -0.29492188 -0.25195312 -0.21679688
v -0.29492188 -0.18164062 0.18164062
v -0.29492188 0.00976562 -0.17382812
v -0.29492188 0.01367188 -0.18164062
v -0.29492188 0.08007812 0.10742188
v -0.29492188 0.11914062 -0.13476562
v -0.29492188 0.13867188 -0.09179688
v -0.29492188 0.14257812 -0.07617188
v -0.29492188 0.15429688 -0.06445312
v -0.29492188 0.18164062 0.03320312
v -0.29492188 0.18554688 -0.01367188
v -0.29492188 0.18554688 0.01367188
v -0.29101562 -0.34570312 -0.24414062
v -0.29101562 -0.34570312 -0.23242188
v -0.29101562 -0.33398438 -0.25976562
v -0.29101562 -0.33398438 -0.21289062
v -0.29101562 -0.31445312 -0.26367188
v -0.29101562 -0.30664062 -0.21289062
v -0.29101562 -0.25195312 -0.24023438
v -0.29101562 -0.25195312 -0.03710938
v -0.29101562 -0.24414062 -0.07617188
v -0.29101562 -0.23632812 -0.10351562
v -0.29101562 -0.22460938 0.16210938
v -0.29101562 -0.18554688 -0.17773438
v -0.29101562 -0.10742188 -0.20117188
v -0.29101562 -0.08007812 -0.19335938
v -0.29101562 0.02539062 -0.19726562
v -0.29101562 0.03320312 0.15429688
v -0.29101562 0.06445312 0.13085938
v -0.29101562 0.09179688 -0.17382812
v -0.28710938 -0.34570312 -0.22460938
v -0.28710938 -0.32617188 -0.21289062
v -0.28710938 -0.29101562 -0.21289062
v -0.28710938 -0.24414062 -0.23242188
v -0.28710938 -0.24023438 -0.22070312
v -0.28710938 -0.23242188 -0.13476562
v -0.28710938 -0.16210938 -0.19335938
v -0.28710938 -0.12695312 0.20117188
v -0.28710938 -0.09570312 0.20117188
v -0.28710938 -0.06445312 0.19726562
v -0.28710938 -0.03320312 -0.19335938
v -0.28710938 0.00585938 -0.17773438
v -0.28710938 0.01757812 0.17382812
v -0.28710938 0.02539062 -0.18945312
v -0.28710938 0.05273438 -0.20117188
v -0.28710938 0.11523438 -0.15039062
v -0.28710938 0.13085938 -0.11523438
v -0.28710938 0.14257812 -0.09570312
v -0.28710938 0.14257812 0.09570312
v -0.28710938 0.17382812 0.07617188
v -0.28710938 0.18945312 -0.05273438
v -0.28320312 -0.34960938 -0.24023438
v -0.28320312 -0.31445312 -0.21289062
v -0.28320312 -0.30664062 -0.21289062
v -0.28320312 -0.29101562 -0.26757812
v -0.28320312 -0.25976562 0.04882812
v -0.28320312 -0.25585938 0.08789062
v -0.28320312 -0.24023438 -0.21679688
v -0.28320312 -0.24023438 0.15039062
v -0.28320312 -0.22460938 -0.15429688
v -0.28320312 -0.21289062 -0.16992188
v -0.28320312 -0.15820312 0.20507812
v -0.28320312 -0.02929688 0.19335938
v -0.28320312 0.01757812 -0.18554688
v -0.28320312 0.04492188 -0.19726562
v -0.28320312 0.06445312 -0.19726562
v -0.28320312 0.10351562 -0.16601562
v -0.28320312 0.12304688 0.11523438
v -0.28320312 0.13867188 -0.10742188
v -0.28320312 0.16601562 -0.09179688
v -0.28320312 0.18554688 -0.07226562
v -0.28320312 0.21289062 0.05273438
v -0.28320312 0.22070312 -0.03710938
v -0.28320312 0.22460938 -0.00585938
v -0.28320312 0.22460938 0.02148438
v -0.27929688 -0.30273438 -0.27148438
v -0.27929688 -0.27539062 -0.26367188
v -0.27929688 -0.27539062 -0.21289062
v -0.27929688 -0.26367188 -0.25976562
v -0.27929688 -0.26367188 0.00585938
v -0.27929688 -0.25195312 -0.20898438
v -0.27929688 -0.24414062 -0.21289062
v -0.27929688 -0.21679688 0.18554688
v -0.27929688 -0.20507812 -0.19335938
v -0.27929688 -0.19726562 0.19726562
v -0.27929688 -0.13476562 -0.21289062
v -0.27929688 -0.06445312 -0.20898438
v -0.27929688 0.03710938 -0.18945312
v -0.27929688 0.08789062 -0.18164062
v -0.27929688 0.12304688 -0.13867188
v -0.27539062 -0.33789062 -0.21679688
v -0.27539062 -0.32617188 -0.26757812
v -0.27539062 -0.25976562 -0.21289062
v -0.27539062 -0.25195312 0.12695312
v -0.27539062 -0.24804688 -0.24804688
v -0.27539062 -0.23242188 -0.22851562
v -0.27539062 0.07617188 0.15820312
v -0.27539062 0.11523438 -0.15820312
v -0.27539062 0.11523438 0.13476562
v -0.27539062 0.15429688 -0.11132812
v -0.27539062 0.16992188 0.11132812
v -0.27539062 0.18554688 0.09570312
v -0.27539062 0.21289062 0.07617188
v -0.27539062 0.22460938 -0.06054688
v -0.27539062 0.24414062 0.04101562
v -0.27539062 0.24804688 -0.02929688
v -0.27148438 -0.34960938 -0.23632812
v -0.27148438 -0.34570312 -0.24804688
v -0.27148438 -0.34570312 -0.22851562
v -0.27148438 -0.34179688 -0.22070312
v -0.27148438 -0.33789062 -0.26367188
v -0.27148438 -0.31445312 -0.27539062
v -0.27148438 -0.29882812 -0.20898438
v -0.27148438 -0.26367188 -0.04492188
v -0.27148438 -0.25585938 -0.08789062
v -0.27148438 -0.23632812 -0.21679688
v -0.27148438 -0.18164062 -0.21679688
v -0.27148438 -0.09179688 -0.22070312
v -0.27148438 0.00195312 -0.20117188
v -0.27148438 0.03710938 -0.18945312
v -0.27148438 0.06054688 -0.19726562
v -0.27148438 0.09570312 -0.17382812
v -0.27148438 0.13476562 -0.13085938
v -0.27148438 0.19335938 -0.10742188
v -0.27148438 0.21679688 -0.08398438
v -0.27148438 0.25976562 0.00195312
v -0.27148438 0.26757812 -0.01757812
v -0.26757812 -0.34179688 -0.25585938
v -0.26757812 -0.32617188 -0.21289062
v -0.26757812 -0.31445312 -0.21289062
v -0.26757812 -0.28710938 -0.20898438
v -0.26757812 -0.27148438 0.03710938
v -0.26757812 -0.26757812 -0.21289062
v -0.26757812 -0.25195312 -0.12304688
v -0.26757812 -0.24414062 -0.21289062
v -0.26757812 -0.24414062 -0.15039062
v -0.26757812 -0.24023438 0.17773438
v -0.26757812 -0.23632812 -0.24414062
v -0.26757812 -0.23242188 -0.23632812
v -0.26757812 -0.22851562 -0.22460938
v -0.26757812 -0.18164062 0.21679688
v -0.26757812 -0.16210938 -0.22851562
v -0.26757812 -0.13867188 0.22851562
v -0.26757812 -0.11523438 -0.22851562
v -0.26757812 -0.10351562 0.22851562
v -0.26757812 -0.06835938 0.22460938
v -0.26757812 0.00976562 0.20117188
v -0.26757812 0.04882812 -0.18945312
v -0.26757812 0.07617188 -0.18945312
v -0.26757812 0.11914062 -0.15429688
v -0.26757812 0.16210938 0.12695312
v -0.26757812 0.16601562 -0.12695312
v -0.26757812 0.24804688 0.06445312
v -0.26757812 0.25585938 -0.05664062
v -0.26757812 0.26367188 0.02148438
v -0.26367188 -0.34960938 -0.24414062
v -0.26367188 -0.33398438 -0.21679688
v -0.26367188 -0.27148438 0.08789062
v -0.26367188 -0.26367188 -0.26757812
v -0.26367188 -0.24804688 -0.21289062
v -0.26367188 -0.24414062 -0.25195312
v -0.26367188 -0.23632812 -0.17773438
v -0.26367188 -0.23242188 -0.21679688
v -0.26367188 -0.22460938 -0.19335938
v -0.26367188 -0.20507812 0.21679688
v -0.26367188 -0.20117188 -0.21679688
v -0.26367188 -0.02148438 0.21679688
v -0.26367188 0.02929688 -0.19726562
v -0.26367188 0.05273438 0.18164062
v -0.26367188 0.08398438 -0.18554688
v -0.26367188 0.10742188 -0.17382812
v -0.26367188 0.12695312 -0.15429688
v -0.26367188 0.27539062 0.03710938
v -0.25976562 -0.30273438 -0.27929688
v -0.25976562 -0.29492188 -0.27929688
v -0.25976562 -0.29492188 -0.20507812
v -0.25976562 -0.27929688 -0.27539062
v -0.25976562 -0.27539062 -0.20507812
v -0.25976562 -0.27539062 -0.00585938
v -0.25976562 -0.25585938 -0.21289062
v -0.25976562 -0.25195312 -0.25976562
v -0.25976562 -0.23242188 0.20117188
v -0.25976562 0.05664062 -0.19335938
v -0.25976562 0.06835938 -0.18945312
v -0.25976562 0.11523438 -0.16992188
v -0.25976562 0.15039062 -0.15039062
v -0.25976562 0.20117188 0.12304688
v -0.25976562 0.22851562 0.09570312
v -0.25976562 0.25585938 -0.07617188
v -0.25976562 0.27539062 -0.04101562
v -0.25976562 0.28710938 0.00585938
v -0.25976562 0.29101562 -0.02539062
v -0.25585938 -0.34570312 -0.23242188
v -0.25585938 -0.32617188 -0.21289062
v -0.25585938 -0.31445312 -0.20898438
v -0.25585938 -0.28320312 -0.20507812
v -0.25585938 -0.26757812 -0.09179688
v -0.25585938 -0.25585938 0.16601562
v -0.25585938 -0.23632812 -0.24804688
v -0.25585938 -0.23632812 -0.21679688
v -0.25585938 -0.22460938 -0.24023438
v -0.25585938 -0.22460938 -0.23242188
v -0.25585938 -0.22070312 -0.21289062
v -0.25585938 -0.16992188 0.24023438
v -0.25585938 -0.14257812 -0.24023438
v -0.25585938 -0.08789062 -0.23632812
v -0.25585938 -0.04101562 -0.22460938
v -0.25585938 0.09179688 -0.18554688
v -0.25585938 0.13476562 0.15820312
v -0.25585938 0.17382812 0.14257812
v -0.25585938 0.20898438 -0.11914062
v -0.25585938 0.25195312 -0.09960938
v -0.25585938 0.27929688 -0.06445312
v -0.25585938 0.29882812 0.02929688
v -0.25195312 -0.34570312 -0.22851562
v -0.25195312 -0.33789062 -0.22070312
v -0.25195312 -0.32226562 -0.27929688
v -0.25195312 -0.27539062 -0.04492188
v -0.25195312 -0.26757812 0.13867188
v -0.25195312 -0.26367188 -0.20898438
v -0.25195312 -0.22851562 -0.24414062
v -0.25195312 -0.22070312 0.22070312
v -0.25195312 -0.19335938 -0.23632812
v -0.25195312 0.05273438 -0.20507812
v -0.25195312 0.07617188 -0.19335938
v -0.25195312 0.09960938 -0.18554688
v -0.25195312 0.12695312 -0.16992188
v -0.25195312 0.18554688 -0.14648438
v -0.25195312 0.27148438 0.08398438
v -0.25195312 0.28710938 0.05664062
v -0.25195312 0.31054688 -0.00976562
v -0.24804688 -0.34960938 -0.24414062
v -0.24804688 -0.34570312 -0.25976562
v -0.24804688 -0.33007812 -0.27539062
v -0.24804688 -0.30664062 -0.20507812
v -0.24804688 -0.28320312 0.03710938
v -0.24804688 -0.24804688 -0.17382812
v -0.24804688 -0.24804688 0.19335938
v -0.24804688 -0.24414062 -0.20117188
v -0.24804688 -0.24023438 -0.25585938
v -0.24804688 -0.24023438 -0.22070312
v -0.24804688 -0.22851562 -0.22460938
v -0.24804688 -0.22460938 -0.22851562
v -0.24804688 -0.09960938 0.24804688
v -0.24804688 0.05273438 0.20117188
v -0.24804688 0.30273438 -0.05273438
v -0.24804688 0.31054688 -0.02929688
v -0.24804688 0.31835938 0.00976562
v -0.24414062 -0.33789062 -0.26757812
v -0.24414062 -0.31835938 -0.20898438
v -0.24414062 -0.28320312 0.06835938
v -0.24414062 -0.27929688 0.11132812
v -0.24414062 -0.26757812 -0.12695312
v -0.24414062 -0.25976562 -0.15039062
v -0.24414062 -0.25195312 -0.21679688
v -0.24414062 -0.23632812 -0.22070312
v -0.24414062 -0.23632812 -0.21289062
v -0.24414062 -0.22851562 -0.22460938
v -0.24414062 -0.22460938 -0.22851562
v -0.24414062 -0.20898438 -0.23632812
v -0.24414062 -0.19726562 0.24023438
v -0.24414062 -0.17773438 -0.24804688
v -0.24414062 -0.13867188 0.24804688
v -0.24414062 -0.11914062 -0.25195312
v -0.24414062 -0.07226562 0.24804688
v -0.24414062 -0.04101562 0.24023438
v -0.24414062 0.00585938 0.22851562
v -0.24414062 0.11523438 0.18164062
v -0.24414062 0.23632812 0.12695312
v -0.24414062 0.25976562 0.10742188
v -0.24414062 0.31835938 0.04101562
v -0.24023438 -0.34960938 -0.25195312
v -0.24023438 -0.34570312 -0.23242188
v -0.24023438 -0.31054688 -0.28710938
v -0.24023438 -0.28710938 -0.01367188
v -0.24023438 -0.27929688 -0.20117188
v -0.24023438 -0.25976562 -0.27148438
v -0.24023438 -0.24804688 -0.26367188
v -0.24023438 -0.22070312 -0.23632812
v -0.24023438 0.02148438 -0.22460938
v -0.24023438 0.07617188 -0.20898438
v -0.24023438 0.13085938 -0.18945312
v -0.24023438 0.18164062 0.16601562
v -0.24023438 0.22070312 0.14648438
v -0.24023438 0.23242188 -0.13476562
v -0.24023438 0.26367188 -0.11132812
v -0.24023438 0.29101562 -0.09570312
v -0.24023438 0.31054688 -0.07226562
v -0.24023438 0.31054688 0.06835938
v -0.23632812 -0.33789062 -0.22460938
v -0.23632812 -0.33398438 -0.21679688
v -0.23632812 -0.29492188 -0.20117188
v -0.23632812 -0.27929688 -0.09179688
v -0.23632812 -0.26757812 -0.27929688
v -0.23632812 -0.25976562 -0.21289062
v -0.23632812 -0.25585938 -0.19335938
v -0.23632812 -0.25195312 -0.20898438
v -0.23632812 -0.24804688 -0.21289062
v -0.23632812 -0.24414062 -0.21679688
v -0.23632812 -0.22070312 -0.24023438
v -0.23632812 -0.06445312 -0.24804688
v -0.23632812 -0.02148438 -0.24023438
v -0.23632812 0.17773438 -0.16992188
v -0.23632812 0.21289062 -0.15820312
v -0.23632812 0.29882812 0.09179688
v -0.23632812 0.33007812 -0.04492188
v -0.23632812 0.33398438 -0.01367188
v -0.23242188 -0.31835938 -0.28710938
v -0.23242188 -0.29882812 -0.29101562
v -0.23242188 -0.29101562 0.01757812
v -0.23242188 -0.28320312 -0.28710938
v -0.23242188 -0.25976562 -0.16601562
v -0.23242188 -0.23632812 -0.25585938
v -0.23242188 -0.23632812 0.23242188
v -0.23242188 -0.22851562 -0.24804688
v -0.23242188 0.06445312 0.21679688
v -0.23242188 0.34179688 0.03320312
v -0.23242188 0.34570312 0.00585938
v -0.22851562 -0.28710938 -0.06054688
v -0.22851562 -0.26367188 -0.18554688
v -0.22851562 -0.26367188 0.19335938
v -0.22851562 -0.25976562 -0.20507812
v -0.22851562 -0.25976562 -0.20117188
v -0.22851562 -0.25195312 0.21679688
v -0.22851562 -0.20507812 -0.25195312
v -0.22851562 -0.09960938 -0.26367188
v -0.22851562 0.12304688 0.19726562
v -0.22851562 0.28710938 0.11914062
v -0.22460938 -0.34570312 -0.25195312
v -0.22460938 -0.34179688 -0.22851562
v -0.22460938 -0.32226562 -0.20898438
v -0.22460938 -0.29492188 0.05664062
v -0.22460938 -0.29101562 0.10351562
v -0.22460938 -0.28320312 0.14257812
v -0.22460938 -0.27539062 0.16992188
v -0.22460938 -0.26757812 -0.20507812
v -0.22460938 -0.25195312 -0.27539062
v -0.22460938 -0.19726562 0.25976562
v -0.22460938 -0.16601562 0.26757812
v -0.22460938 -0.16210938 -0.26757812
v -0.22460938 -0.13476562 -0.27148438
v -0.22460938 -0.12695312 0.27148438
v -0.22460938 -0.00585938 0.24804688
v -0.22460938 0.18164062 0.17773438
v -0.22460938 0.20117188 0.20507812
v -0.22460938 0.21289062 0.19726562
v -0.22460938 0.21289062 0.20507812
v -0.22460938 0.23242188 0.16210938
v -0.22460938 0.25195312 -0.15039062
v -0.22460938 0.25976562 0.13867188
v -0.22460938 0.27929688 -0.12695312
v -0.22460938 0.33398438 0.08007812
v -0.22460938 0.33789062 -0.07226562
v -0.22460938 0.34570312 0.05664062
v -0.22460938 0.35351562 -0.02929688
v -0.22070312 -0.34570312 -0.26757812
v -0.22070312 -0.34570312 -0.25976562
v -0.22070312 -0.34570312 -0.24023438
v -0.22070312 -0.33789062 -0.27539062
v -0.22070312 -0.32617188 -0.28320312
v -0.22070312 -0.29492188 -0.01367188
v -0.22070312 -0.26757812 -0.15820312
v -0.22070312 -0.26367188 -0.20117188
v -0.22070312 -0.22851562 -0.25585938
v -0.22070312 -0.22460938 0.25195312
v -0.22070312 -0.22070312 -0.25195312
v -0.22070312 -0.09960938 0.27539062
v -0.22070312 -0.04101562 0.26367188
v -0.22070312 0.04882812 0.23242188
v -0.22070312 0.06054688 -0.23242188
v -0.22070312 0.13085938 -0.20507812
v -0.22070312 0.16992188 -0.19335938
v -0.22070312 0.19726562 0.20117188
v -0.22070312 0.20117188 0.21289062
v -0.22070312 0.20898438 0.18945312
v -0.22070312 0.22070312 0.20898438
v -0.22070312 0.22460938 0.18554688
v -0.22070312 0.23242188 0.19335938
v -0.22070312 0.31445312 -0.10351562
v -0.22070312 0.31835938 0.10351562
v -0.22070312 0.36523438 -0.01367188
v -0.22070312 0.36914062 0.00976562
v -0.21679688 -0.33789062 -0.22460938
v -0.21679688 -0.31054688 -0.20117188
v -0.21679688 -0.28710938 -0.29492188
v -0.21679688 -0.28710938 -0.20117188
v -0.21679688 -0.28320312 -0.11914062
v -0.21679688 -0.26757812 -0.20117188
v -0.21679688 -0.23632812 -0.26367188
v -0.21679688 -0.19335938 -0.26757812
v -0.21679688 -0.08789062 -0.27148438
v -0.21679688 -0.06835938 0.27148438
v -0.21679688 0.18554688 0.19335938
v -0.21679688 0.18945312 0.21289062
v -0.21679688 0.19335938 0.20507812
v -0.21679688 0.20117188 0.19335938
v -0.21679688 0.20507812 0.18554688
v -0.21679688 0.21289062 0.18164062
v -0.21679688 0.21679688 0.17382812
v -0.21679688 0.22460938 0.17773438
v -0.21679688 0.24023438 -0.16601562
v -0.21679688 0.24023438 0.16601562
v -0.21679688 0.26757812 0.15429688
v -0.21679688 0.35742188 -0.05664062
v -0.21679688 0.37304688 0.03320312
v -0.21289062 -0.33007812 -0.21679688
v -0.21289062 0.18164062 0.21289062
v -0.21289062 0.18554688 0.20117188
v -0.21289062 0.19335938 0.20117188
v -0.21289062 0.19726562 0.19335938
v -0.21289062 0.21679688 0.21679688
v -0.21289062 0.24414062 0.20117188
v -0.21289062 0.24804688 0.17382812
v -0.21289062 0.25195312 0.18164062
v -0.21289062 0.30273438 0.13476562
v -0.20898438 -0.44335938 -0.12304688
v -0.20898438 -0.44335938 -0.11132812
v -0.20898438 -0.43945312 -0.10351562
v -0.20898438 -0.43554688 -0.12304688
v -0.20898438 -0.43554688 -0.11132812
v -0.20898438 -0.34570312 -0.24804688
v -0.20898438 -0.30664062 -0.29492188
v -0.20898438 -0.30273438 0.02539062
v -0.20898438 -0.27539062 -0.15039062
v -0.20898438 -0.27148438 -0.20117188
v -0.20898438 -0.27148438 -0.19335938
v -0.20898438 -0.25585938 0.23632812
v -0.20898438 -0.24414062 -0.27539062
v -0.20898438 -0.22851562 -0.25976562
v -0.20898438 -0.18945312 0.27929688
v -0.20898438 -0.15820312 0.27929688
v -0.20898438 -0.04492188 -0.27148438
v -0.20898438 0.00585938 -0.25976562
v -0.20898438 0.11914062 0.22070312
v -0.20898438 0.16992188 0.20507812
v -0.20898438 0.17773438 0.20898438
v -0.20898438 0.17773438 0.22460938
v -0.20898438 0.18945312 0.22460938
v -0.20898438 0.21679688 -0.18164062
v -0.20898438 0.27539062 0.15820312
v -0.20898438 0.27929688 -0.15039062
v -0.20898438 0.29101562 0.15039062
v -0.20898438 0.31054688 -0.13085938
v -0.20898438 0.34570312 0.10351562
v -0.20898438 0.34960938 -0.09570312
v -0.20898438 0.36523438 0.07617188
v -0.20898438 0.37304688 0.05664062
v -0.20898438 0.38085938 -0.03320312
v -0.20507812 -0.45117188 -0.12695312
v -0.20507812 -0.44726562 -0.13476562
v -0.20507812 -0.44726562 -0.11523438
v -0.20507812 -0.44726562 -0.09570312
v -0.20507812 -0.43945312 -0.13476562
v -0.20507812 -0.43164062 -0.09960938
v -0.20507812 -0.42773438 -0.13085938
v -0.20507812 -0.42773438 -0.11523438
v -0.20507812 -0.42773438 -0.10742188
v -0.20507812 -0.30273438 -0.20117188
v -0.20507812 -0.29492188 0.13476562
v -0.20507812 -0.29101562 -0.09960938
v -0.20507812 -0.28710938 0.16601562
v -0.20507812 -0.27539062 -0.20117188
v -0.20507812 -0.25585938 -0.28710938
v -0.20507812 -0.21289062 -0.26757812
v -0.20507812 -0.12695312 -0.28320312
v -0.20507812 -0.01757812 0.27148438
v -0.20507812 0.04101562 0.25195312
v -0.20507812 0.12304688 -0.22460938
v -0.20507812 0.17382812 0.22070312
v -0.20507812 0.24804688 0.20898438
v -0.20507812 0.27148438 0.18554688
v -0.20507812 0.27929688 0.16601562
v -0.20507812 0.30273438 0.15039062
v -0.20507812 0.33007812 0.12695312
v -0.20507812 0.33789062 -0.11523438
v -0.20507812 0.36914062 -0.07617188
v -0.20507812 0.38085938 -0.05664062
v -0.20507812 0.38867188 0.04101562
v -0.20507812 0.39257812 0.01757812
v -0.20117188 -0.45507812 -0.13867188
v -0.20117188 -0.45507812 -0.11914062
v -0.20117188 -0.45507812 -0.10351562
v -0.20117188 -0.44726562 -0.15039062
v -0.20117188 -0.44335938 -0.08789062
v -0.20117188 -0.43554688 -0.14648438
v -0.20117188 -0.43554688 -0.07617188
v -0.20117188 -0.42773438 -0.14257812
v -0.20117188 -0.42773438 -0.09179688
v -0.20117188 -0.41992188 -0.11132812
v -0.20117188 -0.34179688 -0.23242188
v -0.20117188 -0.33789062 -0.27929688
v -0.20117188 -0.33398438 -0.28320312
v -0.20117188 -0.32617188 -0.29101562
v -0.20117188 -0.29492188 -0.06445312
v -0.20117188 -0.29101562 -0.20117188
v -0.20117188 -0.28710938 -0.12304688
v -0.20117188 -0.27929688 -0.18164062
v -0.20117188 -0.26757812 0.22070312
v -0.20117188 -0.24804688 0.25195312
v -0.20117188 -0.23242188 -0.26757812
v -0.20117188 -0.16210938 -0.28710938
v -0.20117188 -0.05664062 0.28710938
v -0.20117188 0.16992188 0.21679688
v -0.20117188 0.17382812 0.23242188
v -0.20117188 0.27539062 0.19726562
v -0.20117188 0.29882812 0.16992188
v -0.20117188 0.39257812 -0.03710938
v -0.20117188 0.39257812 -0.01367188
v -0.19726562 -0.45507812 -0.14648438
v -0.19726562 -0.43164062 -0.07226562
v -0.19726562 -0.42773438 -0.08789062
v -0.19726562 -0.41992188 -0.09960938
v -0.19726562 -0.41601562 -0.12304688
v -0.19726562 -0.34570312 -0.27148438
v -0.19726562 -0.34570312 -0.26367188
v -0.19726562 -0.32226562 -0.20898438
v -0.19726562 -0.30273438 0.09570312
v -0.19726562 -0.29882812 -0.29882812
v -0.19726562 -0.27539062 -0.19726562
v -0.19726562 -0.26757812 -0.29492188
v -0.19726562 -0.24023438 -0.27539062
v -0.19726562 -0.23242188 -0.27148438
v -0.19726562 -0.22070312 0.27539062
v -0.19726562 -0.13867188 0.29101562
v -0.19726562 0.06445312 -0.24804688
v -0.19726562 0.09179688 0.24023438
v -0.19726562 0.18554688 -0.20898438
v -0.19726562 0.24023438 0.21679688
v -0.19726562 0.30273438 0.18164062
v -0.19726562 0.31835938 0.15820312
v -0.19726562 0.35742188 0.11132812
v -0.19726562 0.39648438 -0.05273438
v -0.19726562 0.40039062 -0.05664062
v -0.19726562 0.40429688 -0.04492188
v -0.19335938 -0.45507812 -0.15820312
v -0.19335938 -0.45507812 -0.08398438
v -0.19335938 -0.45117188 -0.07226562
v -0.19335938 -0.44335938 -0.15820312
v -0.19335938 -0.43945312 -0.15820312
v -0.19335938 -0.42773438 -0.15039062
v -0.19335938 -0.41992188 -0.08789062
v -0.19335938 -0.41601562 -0.13476562
v -0.19335938 -0.33398438 -0.22070312
v -0.19335938 -0.31445312 -0.29492188
v -0.19335938 -0.30664062 0.05664062
v -0.19335938 -0.28320312 -0.13476562
v -0.19335938 -0.27929688 0.20117188
v -0.19335938 -0.19335938 -0.28320312
v -0.19335938 -0.17382812 0.29101562
v -0.19335938 -0.09179688 0.29492188
v -0.19335938 -0.08398438 -0.29101562
v -0.19335938 0.15820312 0.22070312
v -0.19335938 0.16601562 0.22070312
v -0.19335938 0.16601562 0.22851562
v -0.19335938 0.16601562 0.24023438
v -0.19335938 0.18164062 0.24023438
v -0.19335938 0.21289062 0.23242188
v -0.19335938 0.27539062 -0.17382812
v -0.19335938 0.29101562 0.20117188
v -0.19335938 0.34179688 0.14257812
v -0.19335938 0.38085938 0.09179688
v -0.19335938 0.38476562 -0.08398438
v -0.19335938 0.39257812 -0.07226562
v -0.19335938 0.39257812 0.07226562
v -0.19335938 0.39648438 -0.08398438
v -0.19335938 0.40039062 -0.07226562
v -0.19335938 0.40429688 -0.06054688
v -0.19335938 0.40429688 -0.03320312
v -0.19335938 0.40820312 -0.05273438
v -0.19335938 0.41210938 -0.04492188
v -0.19335938 0.41210938 -0.01367188
v -0.19335938 0.41601562 -0.05273438
v -0.19335938 0.42773438 -0.06445312
v -0.19335938 0.43554688 -0.08007812
v -0.19335938 0.43945312 -0.07617188
v -0.19335938 0.44335938 -0.08398438
v -0.19335938 0.44335938 -0.08007812
v -0.18945312 -0.46289062 -0.15429688
v -0.18945312 -0.46289062 -0.13867188
v -0.18945312 -0.46289062 -0.11523438
v -0.18945312 -0.45117188 -0.16210938
v -0.18945312 -0.44726562 -0.04492188
v -0.18945312 -0.44335938 -0.03710938
v -0.18945312 -0.43164062 -0.15820312
v -0.18945312 -0.42773438 -0.06835938
v -0.18945312 -0.42382812 -0.07617188
v -0.18945312 -0.41601562 -0.14257812
v -0.18945312 -0.40429688 -0.09960938
v -0.18945312 -0.40039062 -0.12304688
v -0.18945312 -0.39648438 -0.10742188
v -0.18945312 -0.34570312 -0.24023438
v -0.18945312 -0.30273438 -0.03320312
v -0.18945312 -0.28320312 -0.30273438
v -0.18945312 -0.28320312 -0.20117188
v -0.18945312 -0.27929688 -0.18945312
v -0.18945312 -0.24804688 -0.28710938
v -0.18945312 -0.02148438 -0.27539062
v -0.18945312 0.02148438 0.26757812
v -0.18945312 0.14648438 0.22460938
v -0.18945312 0.16210938 0.22851562
v -0.18945312 0.27539062 0.20507812
v -0.18945312 0.31054688 0.18554688
v -0.18945312 0.31445312 -0.15429688
v -0.18945312 0.33007812 0.16992188
v -0.18945312 0.36523438 -0.11132812
v -0.18945312 0.37695312 -0.09570312
v -0.18945312 0.38476562 -0.09570312
v -0.18945312 0.38867188 -0.09570312
v -0.18945312 0.38867188 -0.08789062
v -0.18945312 0.39257812 -0.08398438
v -0.18945312 0.40820312 0.02929688
v -0.18945312 0.41210938 -0.06445312
v -0.18945312 0.41601562 -0.03710938
v -0.18945312 0.41601562 -0.02929688
v -0.18945312 0.42382812 -0.07617188
v -0.18945312 0.42382812 -0.04882812
v -0.18945312 0.43164062 -0.08789062
v -0.18945312 0.43164062 -0.06054688
v -0.18945312 0.43945312 -0.10351562
v -0.18945312 0.43945312 -0.09179688
v -0.18945312 0.43945312 -0.06445312
v -0.18945312 0.44335938 -0.11132812
v -0.18945312 0.44335938 -0.09570312
v -0.18945312 0.44726562 -0.10742188
v -0.18945312 0.44726562 -0.09179688
v -0.18554688 -0.41992188 -0.15429688
v -0.18554688 -0.41210938 -0.08789062
v -0.18554688 -0.39257812 -0.11523438
v -0.18554688 -0.31054688 -0.20117188
v -0.18554688 -0.30664062 0.00195312
v -0.18554688 -0.29492188 0.16992188
v -0.18554688 -0.28710938 -0.16601562
v -0.18554688 -0.26367188 0.24804688
v -0.18554688 -0.21679688 -0.28320312
v -0.18554688 -0.19726562 0.29101562
v -0.18554688 0.02148438 -0.26757812
v -0.18554688 0.13085938 -0.23632812
v -0.18554688 0.16210938 0.24023438
v -0.18554688 0.24804688 -0.19335938
v -0.18554688 0.31835938 0.18945312
v -0.18554688 0.34179688 -0.13476562
v -0.18554688 0.37695312 -0.10351562
v -0.18554688 0.37695312 0.11523438
v -0.18554688 0.38476562 -0.10742188
v -0.18554688 0.38476562 -0.10351562
v -0.18554688 0.39257812 -0.09960938
v -0.18554688 0.39648438 0.09179688
v -0.18554688 0.40039062 -0.08398438
v -0.18554688 0.40820312 0.06054688
v -0.18554688 0.41210938 -0.07617188
v -0.18554688 0.42382812 -0.03710938
v -0.18554688 0.43164062 -0.04101562
v -0.18554688 0.43554688 -0.09960938
v -0.18554688 0.43945312 -0.11132812
v -0.18554688 0.44335938 -0.06445312
v -0.18554688 0.44726562 -0.11914062
v -0.18554688 0.45117188 -0.08398438
v -0.18164062 -0.46289062 -0.16210938
v -0.18164062 -0.45898438 -0.16601562
v -0.18164062 -0.45898438 -0.06835938
v -0.18164062 -0.44335938 -0.17382812
v -0.18164062 -0.43945312 -0.02148438
v -0.18164062 -0.43554688 -0.02539062
v -0.18164062 -0.43164062 -0.03320312
v -0.18164062 -0.42773438 -0.05664062
v -0.18164062 -0.41992188 -0.07617188
v -0.18164062 -0.39648438 -0.13085938
v -0.18164062 -0.39648438 -0.09179688
v -0.18164062 -0.38476562 -0.10351562
v -0.18164062 -0.38085938 -0.11914062
v -0.18164062 -0.34570312 -0.25585938
v -0.18164062 -0.33007812 -0.29492188
v -0.18164062 -0.30273438 0.13476562
v -0.18164062 -0.29492188 -0.20117188
v -0.18164062 -0.28320312 -0.19726562
v -0.18164062 -0.24414062 0.27539062
v -0.18164062 -0.24023438 -0.28320312
v -0.18164062 -0.23242188 -0.27929688
v -0.18164062 -0.14257812 -0.29882812
v -0.18164062 -0.03320312 0.29101562
v -0.18164062 0.00195312 0.27929688
v -0.18164062 0.13085938 0.23632812
v -0.18164062 0.15429688 0.23242188
v -0.18164062 0.16601562 0.24804688
v -0.18164062 0.30664062 0.19726562
v -0.18164062 0.35351562 0.15820312
v -0.18164062 0.38085938 -0.11523438
v -0.18164062 0.39648438 -0.09570312
v -0.18164062 0.40039062 -0.08789062
v -0.18164062 0.40429688 -0.08398438
v -0.18164062 0.41992188 -0.08398438
v -0.18164062 0.42382812 -0.09179688
v -0.18164062 0.42382812 0.00585938
v -0.18164062 0.42773438 -0.02929688
v -0.18164062 0.43164062 -0.09960938
v -0.18164062 0.43554688 -0.11523438
v -0.18164062 0.43554688 -0.10742188
v -0.18164062 0.43945312 -0.04882812
v -0.18164062 0.44335938 -0.12695312
v -0.18164062 0.44335938 -0.11914062
v -0.18164062 0.44335938 -0.05664062
v -0.18164062 0.44726562 -0.13476562
v -0.18164062 0.44726562 -0.12304688
v -0.18164062 0.45117188 -0.11523438
v -0.18164062 0.45117188 -0.10351562
v -0.18164062 0.45117188 -0.07226562
v -0.18164062 0.45507812 -0.09179688
v -0.17773438 -0.46679688 -0.14648438
v -0.17773438 -0.46289062 -0.08398438
v -0.17773438 -0.45898438 -0.02929688
v -0.17773438 -0.45507812 -0.17382812
v -0.17773438 -0.45507812 -0.02148438
v -0.17773438 -0.44726562 -0.01367188
v -0.17773438 -0.43554688 -0.16992188
v -0.17773438 -0.42773438 -0.16601562
v -0.17773438 -0.41210938 -0.07617188
v -0.17773438 -0.40429688 -0.08398438
v -0.17773438 -0.38476562 -0.09570312
v -0.17773438 -0.34570312 -0.27148438
v -0.17773438 -0.34179688 -0.27929688
v -0.17773438 -0.31835938 -0.29882812
v -0.17773438 -0.31445312 0.03320312
v -0.17773438 -0.30273438 -0.30273438
v -0.17773438 -0.29882812 -0.06835938
v -0.17773438 -0.29492188 -0.10742188
v -0.17773438 -0.29101562 -0.14257812
v -0.17773438 -0.11914062 0.30664062
v -0.17773438 -0.06054688 0.29882812
v -0.17773438 0.06835938 0.25976562
v -0.17773438 0.07617188 -0.25976562
v -0.17773438 0.20117188 0.24023438
v -0.17773438 0.25585938 0.21679688
v -0.17773438 0.34179688 0.18164062
v -0.17773438 0.37695312 -0.11523438
v -0.17773438 0.38085938 -0.12695312
v -0.17773438 0.38476562 -0.12304688
v -0.17773438 0.39257812 0.11523438
v -0.17773438 0.41210938 -0.08789062
v -0.17773438 0.43164062 -0.03710938
v -0.17773438 0.43945312 -0.12695312
v -0.17773438 0.44335938 -0.13867188
v -0.17773438 0.45117188 -0.12695312
v -0.17773438 0.45507812 -0.11914062
v -0.17773438 0.45507812 -0.10351562
v -0.17382812 -0.47070312 -0.13476562
v -0.17382812 -0.47070312 -0.11523438
v -0.17382812 -0.46679688 -0.16992188
v -0.17382812 -0.46679688 -0.16210938
v -0.17382812 -0.46289062 -0.17382812
v -0.17382812 -0.45898438 -0.01757812
v -0.17382812 -0.45507812 -0.00976562
v -0.17382812 -0.44335938 -0.00585938
v -0.17382812 -0.43164062 -0.01757812
v -0.17382812 -0.42773438 -0.06054688
v -0.17382812 -0.42382812 -0.03320312
v -0.17382812 -0.41210938 -0.15820312
v -0.17382812 -0.39257812 -0.14257812
v -0.17382812 -0.38476562 -0.08789062
v -0.17382812 -0.38085938 -0.13085938
v -0.17382812 -0.31445312 0.06445312
v -0.17382812 -0.29882812 -0.09179688
v -0.17382812 -0.29492188 -0.16210938
v -0.17382812 -0.29492188 -0.10742188
v -0.17382812 -0.29101562 -0.31054688
v -0.17382812 -0.29101562 0.20117188
v -0.17382812 -0.25585938 -0.29882812
v -0.17382812 -0.22460938 0.29101562
v -0.17382812 -0.05273438 -0.29492188
v -0.17382812 0.04492188 0.27539062
v -0.17382812 0.15429688 0.24023438
v -0.17382812 0.17382812 0.25195312
v -0.17382812 0.22851562 0.23242188
v -0.17382812 0.28710938 0.20898438
v -0.17382812 0.29101562 -0.18554688
v -0.17382812 0.31445312 -0.17382812
v -0.17382812 0.33789062 0.18945312
v -0.17382812 0.36523438 -0.13085938
v -0.17382812 0.39648438 -0.09960938
v -0.17382812 0.40039062 -0.09179688
v -0.17382812 0.40820312 -0.09179688
v -0.17382812 0.41210938 -0.09179688
v -0.17382812 0.41601562 -0.09179688
v -0.17382812 0.42773438 0.04101562
v -0.17382812 0.43164062 -0.02929688
v -0.17382812 0.43554688 -0.11914062
v -0.17382812 0.43945312 -0.13085938
v -0.17382812 0.43945312 -0.03710938
v -0.17382812 0.44335938 -0.14257812
v -0.17382812 0.44335938 -0.04882812
v -0.17382812 0.44726562 -0.06054688
v -0.17382812 0.45117188 -0.13867188
v -0.17382812 0.45507812 -0.08789062
v -0.17382812 0.45507812 -0.07617188
v -0.16992188 -0.46679688 -0.07226562
v -0.16992188 -0.46679688 -0.02929688
v -0.16992188 -0.45117188 -0.18164062
v -0.16992188 -0.45117188 -0.00195312
v -0.16992188 -0.44335938 -0.17773438
v -0.16992188 -0.43554688 -0.00585938
v -0.16992188 -0.43164062 -0.17382812
v -0.16992188 -0.42382812 -0.06835938
v -0.16992188 -0.42382812 -0.01757812
v -0.16992188 -0.40429688 -0.07617188
v -0.16992188 -0.34960938 -0.10742188
v -0.16992188 -0.34570312 -0.26367188
v -0.16992188 -0.34179688 -0.23632812
v -0.16992188 -0.33789062 -0.22460938
v -0.16992188 -0.33398438 -0.29101562
v -0.16992188 -0.32617188 -0.21289062
v -0.16992188 -0.31835938 -0.20507812
v -0.16992188 -0.31054688 0.10351562
v -0.16992188 -0.30273438 -0.20117188
v -0.16992188 -0.30273438 -0.10742188
v -0.16992188 -0.30273438 -0.09570312
v -0.16992188 -0.29882812 -0.11132812
v -0.16992188 -0.29492188 -0.11523438
v -0.16992188 -0.27929688 0.22851562
v -0.16992188 -0.24804688 -0.29882812
v -0.16992188 -0.23632812 -0.28710938
v -0.16992188 -0.17773438 0.30664062
v -0.16992188 -0.14648438 0.30664062
v -0.16992188 -0.11914062 -0.30664062
v -0.16992188 -0.01367188 -0.29101562
v -0.16992188 0.11914062 0.24804688
v -0.16992188 0.15429688 0.25585938
v -0.16992188 0.18164062 -0.23242188
v -0.16992188 0.22460938 -0.21679688
v -0.16992188 0.37695312 -0.12695312
v -0.16992188 0.39257812 -0.12304688
v -0.16992188 0.40820312 0.09570312
v -0.16992188 0.42382812 -0.09960938
v -0.16992188 0.42773438 -0.11132812
v -0.16992188 0.43945312 -0.14257812
v -0.16992188 0.43945312 -0.12695312
v -0.16992188 0.45898438 -0.12304688
v -0.16992188 0.45898438 -0.10351562
v -0.16601562 -0.46289062 -0.00976562
v -0.16601562 -0.45117188 0.00585938
v -0.16601562 -0.44335938 0.00195312
v -0.16601562 -0.43554688 0.00195312
v -0.16601562 -0.42382812 -0.04101562
v -0.16601562 -0.41992188 -0.16601562
v -0.16601562 -0.38476562 -0.07617188
v -0.16601562 -0.37695312 -0.13867188
v -0.16601562 -0.34570312 -0.24804688
v -0.16601562 -0.34570312 -0.11523438
v -0.16601562 -0.34179688 -0.09570312
v -0.16601562 -0.33007812 -0.10351562
v -0.16601562 -0.31445312 -0.10742188
v -0.16601562 -0.31445312 -0.09960938
v -0.16601562 -0.31054688 -0.08398438
v -0.16601562 -0.30664062 -0.04882812
v -0.16601562 -0.30273438 -0.06835938
v -0.16601562 -0.29101562 -0.18945312
v -0.16601562 -0.29101562 -0.12695312
v -0.16601562 -0.27539062 -0.31054688
v -0.16601562 -0.26367188 0.27148438
v -0.16601562 -0.23242188 -0.28710938
v -0.16601562 -0.17382812 -0.30664062
v -0.16601562 -0.08789062 -0.30664062
v -0.16601562 0.05664062 -0.27539062
v -0.16601562 0.14648438 0.24414062
v -0.16601562 0.15820312 0.25976562
v -0.16601562 0.31445312 0.20507812
v -0.16601562 0.35351562 -0.15429688
v -0.16601562 0.36523438 0.16992188
v -0.16601562 0.38085938 -0.13476562
v -0.16601562 0.38085938 0.14648438
v -0.16601562 0.38476562 -0.13867188
v -0.16601562 0.39648438 -0.11132812
v -0.16601562 0.41210938 -0.09570312
v -0.16601562 0.42382812 0.07617188
v -0.16601562 0.43554688 -0.13476562
v -0.16601562 0.43554688 -0.01367188
v -0.16601562 0.44335938 -0.14648438
v -0.16601562 0.44335938 -0.04492188
v -0.16601562 0.44726562 -0.14648438
v -0.16601562 0.44726562 -0.05664062
v -0.16601562 0.45898438 -0.08398438
v -0.16210938 -0.47851562 -0.15429688
v -0.16210938 -0.47460938 -0.16992188
v -0.16210938 -0.47070312 -0.03710938
v -0.16210938 -0.46679688 -0.18164062
v -0.16210938 -0.45898438 -0.18164062
v -0.16210938 -0.45898438 0.00195312
v -0.16210938 -0.42773438 -0.00195312
v -0.16210938 -0.41992188 -0.07226562
v -0.16210938 -0.41992188 -0.02539062
v -0.16210938 -0.34570312 -0.08789062
v -0.16210938 -0.33789062 -0.12304688
v -0.16210938 -0.32617188 -0.11523438
v -0.16210938 -0.32617188 -0.09570312
v -0.16210938 -0.31835938 -0.08789062
v -0.16210938 -0.31445312 0.02148438
v -0.16210938 -0.31054688 -0.00585938
v -0.16210938 -0.30664062 -0.11914062
v -0.16210938 -0.29492188 -0.20117188
v -0.16210938 -0.29492188 -0.12304688
v -0.16210938 -0.25976562 -0.30664062
v -0.16210938 -0.09570312 0.31054688
v -0.16210938 0.01367188 0.29101562
v -0.16210938 0.12304688 -0.25585938
v -0.16210938 0.35742188 0.18554688
v -0.16210938 0.37695312 -0.13867188
v -0.16210938 0.39257812 -0.13867188
v -0.16210938 0.39257812 -0.11914062
v -0.16210938 0.40039062 -0.10351562
v -0.16210938 0.40429688 0.11914062
v -0.16210938 0.40820312 -0.09960938
v -0.16210938 0.41601562 -0.09960938
v -0.16210938 0.43554688 -0.14648438
v -0.16210938 0.43554688 -0.14257812
v -0.16210938 0.43554688 -0.13085938
v -0.16210938 0.43554688 -0.11914062
v -0.16210938 0.43945312 -0.03320312
v -0.16210938 0.43945312 0.01367188
v -0.16210938 0.45117188 -0.06835938
v -0.16210938 0.45507812 -0.13867188
v -0.15820312 -0.47851562 -0.12304688
v -0.15820312 -0.47460938 -0.17773438
v -0.15820312 -0.47460938 -0.01757812
v -0.15820312 -0.46679688 -0.00195312
v -0.15820312 -0.45507812 0.00976562
v -0.15820312 -0.45117188 -0.18554688
v -0.15820312 -0.44726562 0.01367188
v -0.15820312 -0.43945312 -0.18164062
v -0.15820312 -0.43945312 0.00976562
v -0.15820312 -0.43164062 -0.17382812
v -0.15820312 -0.43164062 0.00585938
v -0.15820312 -0.42382812 -0.00585938
v -0.15820312 -0.40820312 -0.07226562
v -0.15820312 -0.38476562 -0.15039062
v -0.15820312 -0.34570312 -0.08398438
v -0.15820312 -0.33398438 -0.08398438
v -0.15820312 -0.32226562 -0.12304688
v -0.15820312 -0.32226562 -0.07617188
v -0.15820312 -0.31445312 -0.30664062
v -0.15820312 -0.31445312 -0.07226562
v -0.15820312 -0.31445312 -0.02929688
v -0.15820312 -0.31054688 0.13476562
v -0.15820312 -0.30273438 0.16992188
v -0.15820312 -0.29882812 -0.17382812
v -0.15820312 -0.29101562 -0.20117188
v -0.15820312 -0.27148438 0.25585938
v -0.15820312 -0.24023438 -0.29101562
v -0.15820312 -0.21289062 0.30273438
v -0.15820312 -0.20507812 -0.30273438
v -0.15820312 0.09179688 0.26367188
v -0.15820312 0.24414062 0.23242188
v -0.15820312 0.27148438 0.21679688
v -0.15820312 0.32226562 -0.17773438
v -0.15820312 0.38867188 -0.14257812
v -0.15820312 0.40429688 -0.10351562
v -0.15820312 0.41210938 -0.09960938
v -0.15820312 0.41992188 -0.10742188
v -0.15820312 0.43164062 -0.13867188
v -0.15820312 0.43554688 0.05664062
v -0.15820312 0.44726562 -0.05273438
v -0.15820312 0.46289062 -0.11132812
v -0.15429688 -0.48242188 -0.14648438
v -0.15429688 -0.47460938 -0.09179688
v -0.15429688 -0.46679688 0.00976562
v -0.15429688 -0.42382812 -0.05664062
v -0.15429688 -0.41992188 -0.01757812
v -0.15429688 -0.38867188 -0.07226562
v -0.15429688 -0.34179688 -0.28320312
v -0.15429688 -0.34179688 -0.13085938
v -0.15429688 -0.33789062 -0.29492188
v -0.15429688 -0.31835938 0.08398438
v -0.15429688 -0.31445312 -0.05664062
v -0.15429688 -0.30664062 -0.20507812
v -0.15429688 -0.30664062 -0.12695312
v -0.15429688 -0.30273438 -0.12695312
v -0.15429688 -0.29882812 -0.14648438
v -0.15429688 -0.29101562 -0.20117188
v -0.15429688 -0.28710938 -0.31445312
v -0.15429688 -0.24804688 0.29101562
v -0.15429688 -0.23242188 -0.29101562
v -0.15429688 -0.14257812 -0.31835938
v -0.15429688 -0.12695312 0.31835938
v -0.15429688 -0.05664062 -0.30664062
v -0.15429688 -0.02539062 0.30273438
v -0.15429688 0.12695312 0.25585938
v -0.15429688 0.14648438 0.25585938
v -0.15429688 0.25976562 -0.21679688
v -0.15429688 0.38085938 -0.14648438
v -0.15429688 0.39648438 0.15039062
v -0.15429688 0.40039062 -0.11523438
v -0.15429688 0.40820312 -0.10351562
v -0.15429688 0.41601562 -0.10742188
v -0.15429688 0.42382812 0.10351562
v -0.15429688 0.42773438 -0.11523438
v -0.15429688 0.43945312 -0.15039062
v -0.15429688 0.44335938 -0.04101562
v -0.15429688 0.44335938 -0.02929688
v -0.15429688 0.44726562 -0.15039062
v -0.15429688 0.45898438 -0.12695312
v -0.15429688 0.45898438 -0.08398438
v -0.15039062 -0.47070312 -0.18554688
v -0.15039062 -0.45898438 -0.18945312
v -0.15039062 -0.45117188 0.01757812
v -0.15039062 -0.43945312 0.01367188
v -0.15039062 -0.43164062 0.00976562
v -0.15039062 -0.42382812 0.00585938
v -0.15039062 -0.41992188 -0.06445312
v -0.15039062 -0.41210938 -0.16601562
v -0.15039062 -0.34570312 -0.26367188
v -0.15039062 -0.34570312 -0.13867188
v -0.15039062 -0.34570312 -0.07226562
v -0.15039062 -0.34179688 -0.23632812
v -0.15039062 -0.33398438 -0.22070312
v -0.15039062 -0.33398438 -0.07226562
v -0.15039062 -0.31835938 -0.06445312
v -0.15039062 -0.31835938 0.03710938
v -0.15039062 -0.29882812 -0.13085938
v -0.15039062 -0.29882812 0.20507812
v -0.15039062 -0.29492188 -0.31445312
v -0.15039062 -0.29101562 0.22851562
v -0.15039062 -0.26367188 -0.31445312
v -0.15039062 -0.25195312 -0.30664062
v -0.15039062 -0.06445312 0.31445312
v -0.15039062 0.02539062 -0.29101562
v -0.15039062 0.06054688 0.28320312
v -0.15039062 0.15039062 0.26757812
v -0.15039062 0.16210938 0.26757812
v -0.15039062 0.29882812 0.21289062
v -0.15039062 0.33789062 0.20117188
v -0.15039062 0.35351562 0.19335938
v -0.15039062 0.38085938 0.16992188
v -0.15039062 0.39648438 -0.12695312
v -0.15039062 0.40429688 -0.11132812
v -0.15039062 0.41210938 -0.11132812
v -0.15039062 0.42773438 -0.13867188
v -0.15039062 0.43164062 -0.14648438
v -0.15039062 0.43164062 -0.13085938
v -0.15039062 0.43554688 -0.12304688
v -0.15039062 0.43945312 0.07226562
v -0.15039062 0.44726562 -0.05664062
v -0.15039062 0.44726562 0.03710938
v -0.15039062 0.46289062 -0.09570312
v -0.14648438 -0.48242188 -0.17382812
v -0.14648438 -0.47460938 0.00195312
v -0.14648438 -0.47070312 0.00976562
v -0.14648438 -0.45898438 0.01757812
v -0.14648438 -0.44335938 0.01757812
v -0.14648438 -0.41992188 -0.00585938
v -0.14648438 -0.41210938 -0.06835938
v -0.14648438 -0.38476562 -0.15429688
v -0.14648438 -0.36132812 -0.14648438
v -0.14648438 -0.34960938 -0.06835938
v -0.14648438 -0.33789062 -0.22851562
v -0.14648438 -0.32617188 -0.06445312
v -0.14648438 -0.32226562 -0.30273438
v -0.14648438 -0.32226562 -0.13085938
v -0.14648438 -0.32226562 0.05273438
v -0.14648438 -0.31835938 -0.21289062
v -0.14648438 -0.31835938 -0.04101562
v -0.14648438 -0.31835938 0.01367188
v -0.14648438 -0.30664062 -0.16210938
v -0.14648438 -0.30273438 -0.31445312
v -0.14648438 -0.24804688 -0.30664062
v -0.14648438 -0.19335938 0.31445312
v -0.14648438 -0.16210938 0.31835938
v -0.14648438 -0.08789062 -0.31445312
v -0.14648438 0.16992188 -0.25195312
v -0.14648438 0.20507812 0.25585938
v -0.14648438 0.35742188 -0.16601562
v -0.14648438 0.37304688 0.18945312
v -0.14648438 0.37695312 -0.14648438
v -0.14648438 0.38867188 -0.15039062
v -0.14648438 0.39648438 -0.15039062
v -0.14648438 0.40039062 -0.12304688
v -0.14648438 0.40429688 -0.12304688
v -0.14648438 0.41992188 -0.11523438
v -0.14648438 0.41992188 0.12304688
v -0.14648438 0.43164062 -0.15039062
v -0.14648438 0.45117188 -0.04101562
v -0.14648438 0.45117188 -0.00585938
v -0.14648438 0.45507812 -0.14257812
v -0.14648438 0.45507812 -0.06835938
v -0.14257812 -0.48632812 -0.15820312
v -0.14257812 -0.48242188 -0.03320312
v -0.14257812 -0.47851562 -0.18164062
v -0.14257812 -0.47851562 -0.07617188
v -0.14257812 -0.46679688 -0.18945312
v -0.14257812 -0.46679688 0.01367188
v -0.14257812 -0.44726562 -0.18554688
v -0.14257812 -0.43554688 0.01757812
v -0.14257812 -0.43164062 -0.17773438
v -0.14257812 -0.41992188 -0.04492188
v -0.14257812 -0.34570312 -0.25195312
v -0.14257812 -0.33789062 -0.06445312
v -0.14257812 -0.32226562 -0.05273438
v -0.14257812 -0.30664062 -0.13476562
v -0.14257812 -0.29882812 -0.20117188
v -0.14257812 -0.23242188 0.30273438
v -0.14257812 0.09179688 0.27539062
v -0.14257812 0.11523438 0.26757812
v -0.14257812 0.13867188 0.25976562
v -0.14257812 0.21679688 -0.23632812
v -0.14257812 0.40039062 -0.14648438
v -0.14257812 0.40039062 -0.13867188
v -0.14257812 0.41210938 -0.11914062
v -0.14257812 0.41992188 -0.12695312
v -0.14257812 0.42382812 -0.13476562
v -0.14257812 0.42773438 -0.12304688
v -0.14257812 0.46289062 -0.11914062
v -0.13867188 -0.48632812 -0.17382812
v -0.13867188 -0.48632812 -0.13476562
v -0.13867188 -0.48242188 -0.09960938
v -0.13867188 -0.47460938 -0.18945312
v -0.13867188 -0.46289062 0.01757812
v -0.13867188 -0.45898438 -0.18945312
v -0.13867188 -0.45117188 0.02148438
v -0.13867188 -0.44335938 0.02148438
v -0.13867188 -0.42773438 0.01367188
v -0.13867188 -0.41992188 -0.05273438
v -0.13867188 -0.41601562 -0.06054688
v -0.13867188 -0.41601562 -0.02148438
v -0.13867188 -0.41601562 -0.00585938
v -0.13867188 -0.40429688 -0.16210938
v -0.13867188 -0.39257812 -0.06445312
v -0.13867188 -0.34960938 -0.06054688
v -0.13867188 -0.33789062 -0.29101562
v -0.13867188 -0.32617188 -0.30273438
v -0.13867188 -0.32617188 -0.13476562
v -0.13867188 -0.32226562 -0.01367188
v -0.13867188 -0.31835938 0.10742188
v -0.13867188 -0.31445312 -0.13476562
v -0.13867188 -0.31445312 0.15429688
v -0.13867188 -0.31054688 -0.13476562
v -0.13867188 -0.27148438 -0.31835938
v -0.13867188 -0.26757812 0.27929688
v -0.13867188 -0.24023438 -0.29882812
v -0.13867188 -0.10351562 0.32226562
v -0.13867188 -0.02539062 -0.31054688
v -0.13867188 0.01367188 0.30273438
v -0.13867188 0.04492188 0.29492188
v -0.13867188 0.07226562 -0.28710938
v -0.13867188 0.13867188 0.26757812
v -0.13867188 0.14257812 -0.26757812
v -0.13867188 0.14257812 0.27539062
v -0.13867188 0.29882812 -0.20507812
v -0.13867188 0.32617188 -0.19335938
v -0.13867188 0.38476562 -0.15429688
v -0.13867188 0.39257812 0.17382812
v -0.13867188 0.40039062 -0.13085938
v -0.13867188 0.40429688 -0.12695312
v -0.13867188 0.40820312 -0.12695312
v -0.13867188 0.40820312 0.15039062
v -0.13867188 0.42773438 -0.14257812
v -0.13867188 0.45507812 0.04101562
v -0.13867188 0.46289062 -0.09960938
v -0.13476562 -0.48242188 -0.00976562
v -0.13476562 -0.47460938 0.01367188
v -0.13476562 -0.42773438 -0.17382812
v -0.13476562 -0.41992188 -0.03710938
v -0.13476562 -0.41992188 0.00976562
v -0.13476562 -0.34179688 -0.28320312
v -0.13476562 -0.34179688 -0.24023438
v -0.13476562 -0.34179688 -0.05664062
v -0.13476562 -0.33007812 -0.05664062
v -0.13476562 -0.31054688 -0.31054688
v -0.13476562 -0.30664062 -0.20507812
v -0.13476562 -0.30664062 0.18164062
v -0.13476562 -0.29882812 -0.19335938
v -0.13476562 -0.28320312 0.25195312
v -0.13476562 -0.23632812 -0.29882812
v -0.13476562 -0.13867188 0.32617188
v -0.13476562 -0.02929688 0.31445312
v -0.13476562 0.15039062 0.27929688
v -0.13476562 0.17773438 0.27148438
v -0.13476562 0.39648438 -0.15820312
v -0.13476562 0.40820312 -0.13476562
v -0.13476562 0.41601562 -0.13085938
v -0.13476562 0.41992188 -0.13476562
v -0.13476562 0.43164062 -0.15429688
v -0.13476562 0.43164062 0.11914062
v -0.13476562 0.43945312 -0.15429688
v -0.13476562 0.44335938 0.08789062
v -0.13476562 0.44726562 -0.15039062
v -0.13476562 0.45507812 -0.05664062
v -0.13476562 0.45898438 -0.13085938
v -0.13476562 0.46289062 -0.07617188
v -0.13085938 -0.48632812 -0.17773438
v -0.13085938 -0.47851562 0.00976562
v -0.13085938 -0.46679688 -0.18945312
v -0.13085938 -0.46679688 0.01757812
v -0.13085938 -0.45507812 -0.18945312
v -0.13085938 -0.45507812 0.02148438
v -0.13085938 -0.44726562 0.02148438
v -0.13085938 -0.43945312 -0.18164062
v -0.13085938 -0.43945312 0.02148438
v -0.13085938 -0.41992188 -0.05273438
v -0.13085938 -0.41992188 -0.04492188
v -0.13085938 -0.41601562 -0.05664062
v -0.13085938 -0.40820312 -0.06054688
v -0.13085938 -0.34570312 -0.26367188
v -0.13085938 -0.34179688 -0.13867188
v -0.13085938 -0.33007812 -0.29882812
v -0.13085938 -0.33007812 -0.05273438
v -0.13085938 -0.33007812 -0.04492188
v -0.13085938 -0.32617188 0.03710938
v -0.13085938 -0.31835938 -0.21289062
v -0.13085938 -0.31445312 -0.31054688
v -0.13085938 -0.31054688 -0.17382812
v -0.13085938 -0.31054688 -0.15039062
v -0.13085938 -0.29492188 0.23242188
v -0.13085938 -0.25976562 -0.31835938
v -0.13085938 -0.22851562 -0.31054688
v -0.13085938 -0.21679688 0.31445312
v -0.13085938 -0.20507812 -0.31835938
v -0.13085938 -0.14257812 -0.32617188
v -0.13085938 0.28710938 0.23242188
v -0.13085938 0.32226562 0.21679688
v -0.13085938 0.34960938 -0.17773438
v -0.13085938 0.35742188 0.20117188
v -0.13085938 0.37304688 0.20117188
v -0.13085938 0.38476562 -0.15429688
v -0.13085938 0.38476562 0.18945312
v -0.13085938 0.39257812 -0.15820312
v -0.13085938 0.40429688 -0.15820312
v -0.13085938 0.41210938 -0.13085938
v -0.13085938 0.41601562 -0.13476562
v -0.13085938 0.41992188 -0.13867188
v -0.13085938 0.41992188 0.14648438
v -0.13085938 0.42773438 -0.15039062
v -0.12695312 -0.49023438 -0.15820312
v -0.12695312 -0.48632812 -0.08789062
v -0.12695312 -0.48632812 -0.03710938
v -0.12695312 -0.48242188 -0.18554688
v -0.12695312 -0.47460938 -0.18945312
v -0.12695312 -0.46289062 0.02148438
v -0.12695312 -0.43164062 0.01757812
v -0.12695312 -0.42382812 -0.05273438
v -0.12695312 -0.42382812 0.01367188
v -0.12695312 -0.41601562 -0.01757812
v -0.12695312 -0.41601562 -0.00585938
v -0.12695312 -0.40039062 -0.15820312
v -0.12695312 -0.40039062 -0.06054688
v -0.12695312 -0.36914062 -0.15039062
v -0.12695312 -0.34960938 -0.05664062
v -0.12695312 -0.34179688 -0.25195312
v -0.12695312 -0.33007812 -0.22070312
v -0.12695312 -0.33007812 0.00195312
v -0.12695312 -0.31835938 0.14257812
v -0.12695312 -0.31054688 -0.13867188
v -0.12695312 -0.30273438 -0.20117188
v -0.12695312 -0.28710938 -0.31835938
v -0.12695312 -0.27929688 0.26757812
v -0.12695312 -0.25195312 -0.31054688
v -0.12695312 -0.18945312 0.32226562
v -0.12695312 -0.17773438 -0.32617188
v -0.12695312 -0.11523438 -0.32617188
v -0.12695312 -0.05664062 0.32226562
v -0.12695312 0.11523438 0.27539062
v -0.12695312 0.13476562 0.27539062
v -0.12695312 0.25585938 0.24414062
v -0.12695312 0.40429688 -0.14257812
v -0.12695312 0.40820312 -0.14257812
v -0.12695312 0.41210938 -0.13867188
v -0.12695312 0.46289062 -0.02929688
v -0.12695312 0.46289062 0.00585938
v -0.12304688 -0.47851562 0.01367188
v -0.12304688 -0.45898438 0.02148438
v -0.12304688 -0.43164062 -0.17382812
v -0.12304688 -0.42382812 -0.04101562
v -0.12304688 -0.41992188 -0.05664062
v -0.12304688 -0.38476562 -0.06054688
v -0.12304688 -0.34179688 -0.27539062
v -0.12304688 -0.33789062 -0.05273438
v -0.12304688 -0.33398438 -0.23242188
v -0.12304688 -0.33007812 0.07226562
v -0.12304688 -0.32226562 -0.13476562
v -0.12304688 -0.31445312 -0.16210938
v -0.12304688 -0.31445312 -0.13476562
v -0.12304688 -0.30273438 -0.31835938
v -0.12304688 -0.25585938 0.29882812
v -0.12304688 -0.24804688 -0.30273438
v -0.12304688 0.02148438 -0.30664062
v -0.12304688 0.08007812 0.29101562
v -0.12304688 0.13476562 0.28710938
v -0.12304688 0.18945312 -0.25976562
v -0.12304688 0.37695312 -0.16601562
v -0.12304688 0.40039062 -0.16210938
v -0.12304688 0.40039062 0.18164062
v -0.12304688 0.41210938 -0.15039062
v -0.12304688 0.41601562 -0.14648438
v -0.12304688 0.42382812 -0.15039062
v -0.12304688 0.43164062 -0.15429688
v -0.12304688 0.44726562 0.09960938
v -0.12304688 0.45507812 -0.14257812
v -0.12304688 0.45898438 -0.05664062
v -0.12304688 0.45898438 0.06835938
v -0.11914062 -0.49023438 -0.16992188
v -0.11914062 -0.48632812 -0.18164062
v -0.11914062 -0.48632812 0.00195312
v -0.11914062 -0.47070312 -0.18945312
v -0.11914062 -0.47070312 0.01757812
v -0.11914062 -0.45117188 0.02148438
v -0.11914062 -0.44726562 -0.18554688
v -0.11914062 -0.44335938 0.02148438
v -0.11914062 -0.43164062 -0.06445312
v -0.11914062 -0.43164062 -0.05273438
v -0.11914062 -0.42773438 -0.06054688
v -0.11914062 -0.41992188 0.00585938
v -0.11914062 -0.40820312 -0.06445312
v -0.11914062 -0.34960938 -0.05664062
v -0.11914062 -0.33398438 -0.04492188
v -0.11914062 -0.33398438 -0.02148438
v -0.11914062 -0.33007812 -0.29492188
v -0.11914062 -0.32617188 0.10351562
v -0.11914062 -0.31445312 -0.31054688
v -0.11914062 -0.31445312 0.17773438
v -0.11914062 -0.30664062 -0.20507812
v -0.11914062 -0.30273438 0.20898438
v -0.11914062 -0.24414062 -0.30664062
v -0.11914062 -0.16210938 0.33007812
v -0.11914062 -0.06835938 -0.32617188
v -0.11914062 0.28320312 -0.22460938
v -0.11914062 0.36914062 0.20898438
v -0.11914062 0.39648438 -0.16210938
v -0.11914062 0.40820312 0.16601562
v -0.11914062 0.46289062 -0.11523438
v -0.11914062 0.46289062 -0.09179688
v -0.11914062 0.46289062 -0.07226562
v -0.11523438 -0.49023438 -0.13476562
v -0.11523438 -0.49023438 -0.10351562
v -0.11523438 -0.49023438 -0.08789062
v -0.11523438 -0.47851562 -0.18554688
v -0.11523438 -0.47460938 0.01757812
v -0.11523438 -0.46679688 0.02148438
v -0.11523438 -0.46289062 -0.18554688
v -0.11523438 -0.45898438 0.02148438
v -0.11523438 -0.44726562 -0.07226562
v -0.11523438 -0.44726562 -0.06835938
v -0.11523438 -0.44726562 0.02148438
v -0.11523438 -0.43554688 0.01757812
v -0.11523438 -0.42773438 -0.04101562
v -0.11523438 -0.42773438 0.01367188
v -0.11523438 -0.41992188 -0.00976562
v -0.11523438 -0.40429688 -0.15820312
v -0.11523438 -0.40429688 -0.06445312
v -0.11523438 -0.38867188 -0.06054688
v -0.11523438 -0.33789062 -0.26367188
v -0.11523438 -0.33789062 -0.24804688
v -0.11523438 -0.33789062 -0.13867188
v -0.11523438 -0.33398438 -0.28320312
v -0.11523438 -0.33398438 0.03320312
v -0.11523438 -0.33007812 0.05664062
v -0.11523438 -0.31445312 -0.14257812
v -0.11523438 -0.27148438 -0.32226562
v -0.11523438 -0.25976562 -0.31445312
v -0.11523438 0.12304688 -0.28320312
v -0.11523438 0.12695312 0.28320312
v -0.11523438 0.17773438 0.27539062
v -0.11523438 0.20898438 0.27148438
v -0.11523438 0.23242188 0.25976562
v -0.11523438 0.25195312 -0.24023438
v -0.11523438 0.31445312 0.22851562
v -0.11523438 0.34179688 0.21679688
v -0.11523438 0.39257812 -0.16210938
v -0.11523438 0.42382812 -0.15429688
v -0.11523438 0.43945312 -0.15429688
v -0.11523438 0.43945312 0.12695312
v -0.11523438 0.46679688 0.04882812
v -0.11132812 -0.49414062 -0.04101562
v -0.11132812 -0.49023438 -0.17382812
v -0.11132812 -0.49023438 -0.01757812
v -0.11132812 -0.48632812 -0.18164062
v -0.11132812 -0.48242188 0.00976562
v -0.11132812 -0.45507812 -0.07617188
v -0.11132812 -0.44335938 -0.17773438
v -0.11132812 -0.44335938 0.01757812
v -0.11132812 -0.43554688 -0.04882812
v -0.11132812 -0.42382812 -0.16601562
v -0.11132812 -0.42382812 -0.07617188
v -0.11132812 -0.41992188 -0.00195312
v -0.11132812 -0.41210938 -0.06445312
v -0.11132812 -0.38867188 -0.15429688
v -0.11132812 -0.34179688 -0.05273438
v -0.11132812 -0.32226562 -0.21679688
v -0.11132812 -0.30664062 -0.19726562
v -0.11132812 -0.29101562 -0.32226562
v -0.11132812 -0.27539062 0.27929688
v -0.11132812 -0.23632812 0.31835938
v -0.11132812 -0.12304688 0.33398438
v -0.11132812 -0.08789062 0.33007812
v -0.11132812 0.00585938 0.31835938
v -0.11132812 0.14257812 0.29101562
v -0.11132812 0.28710938 0.24414062
v -0.11132812 0.38867188 0.19726562
v -0.11132812 0.40429688 -0.16601562
v -0.11132812 0.40820312 -0.16210938
v -0.11132812 0.41601562 -0.16210938
v -0.11132812 0.43164062 -0.15820312
v -0.11132812 0.44726562 -0.15039062
v -0.11132812 0.46679688 -0.04492188
v -0.11132812 0.47070312 -0.00195312
v -0.11132812 0.47070312 0.02539062
v -0.10742188 -0.49414062 -0.15820312
v -0.10742188 -0.47070312 -0.18164062
v -0.10742188 -0.46679688 0.01757812
v -0.10742188 -0.45507812 -0.18164062
v -0.10742188 -0.45507812 -0.08789062
v -0.10742188 -0.45117188 0.02148438
v -0.10742188 -0.44726562 -0.06054688
v -0.10742188 -0.44335938 -0.08398438
v -0.10742188 -0.42773438 0.00976562
v -0.10742188 -0.42382812 -0.02539062
v -0.10742188 -0.40820312 -0.15820312
v -0.10742188 -0.38867188 -0.06835938
v -0.10742188 -0.34960938 -0.05273438
v -0.10742188 -0.33789062 -0.04882812
v -0.10742188 -0.32617188 -0.13476562
v -0.10742188 -0.32226562 -0.13476562
v -0.10742188 -0.31835938 -0.30664062
v -0.10742188 -0.31835938 -0.13867188
v -0.10742188 -0.30273438 -0.31835938
v -0.10742188 -0.29101562 0.25976562
v -0.10742188 -0.21289062 0.32617188
v -0.10742188 -0.20507812 -0.33007812
v -0.10742188 -0.16992188 -0.33789062
v -0.10742188 -0.13476562 -0.33789062
v -0.10742188 -0.02929688 0.32617188
v -0.10742188 -0.02148438 -0.32226562
v -0.10742188 0.04492188 0.30664062
v -0.10742188 0.34179688 -0.19726562
v -0.10742188 0.38085938 0.21289062
v -0.10742188 0.40429688 -0.16210938
v -0.10742188 0.45507812 -0.13085938
v -0.10742188 0.46289062 -0.06054688
v -0.10351562 -0.49023438 -0.00585938
v -0.10351562 -0.48242188 -0.18164062
v -0.10351562 -0.48242188 0.00976562
v -0.10351562 -0.46289062 -0.18164062
v -0.10351562 -0.45898438 -0.08789062
v -0.10351562 -0.45898438 0.01757812
v -0.10351562 -0.44335938 0.01757812
v -0.10351562 -0.43554688 0.01367188
v -0.10351562 -0.42382812 -0.01367188
v -0.10351562 -0.40039062 -0.07617188
v -0.10351562 -0.39257812 -0.15429688
v -0.10351562 -0.33789062 -0.03320312
v -0.10351562 -0.33789062 0.00195312
v -0.10351562 -0.33398438 0.08789062
v -0.10351562 -0.33007812 -0.27929688
v -0.10351562 -0.33007812 -0.25195312
v -0.10351562 -0.32617188 -0.22460938
v -0.10351562 -0.32617188 0.12304688
v -0.10351562 -0.32226562 -0.29492188
v -0.10351562 -0.31835938 -0.17382812
v -0.10351562 -0.31054688 -0.20507812
v -0.10351562 -0.29882812 0.24023438
v -0.10351562 -0.25585938 -0.31054688
v -0.10351562 -0.23242188 -0.32226562
v -0.10351562 -0.18554688 0.33007812
v -0.10351562 0.08789062 0.29492188
v -0.10351562 0.11523438 0.28710938
v -0.10351562 0.31445312 -0.21679688
v -0.10351562 0.43164062 0.15039062
v -0.10351562 0.45898438 0.09570312
v -0.10351562 0.46289062 -0.10351562
v -0.10351562 0.46289062 -0.08398438
v -0.09960938 -0.49414062 -0.16601562
v -0.09960938 -0.49414062 -0.13476562
v -0.09960938 -0.49414062 -0.02539062
v -0.09960938 -0.49023438 -0.17382812
v -0.09960938 -0.48632812 0.00195312
v -0.09960938 -0.47851562 0.00976562
v -0.09960938 -0.46289062 0.01367188
v -0.09960938 -0.45898438 -0.08398438
v -0.09960938 -0.45507812 -0.17382812
v -0.09960938 -0.45507812 -0.09570312
v -0.09960938 -0.45507812 -0.06835938
v -0.09960938 -0.44726562 -0.09570312
v -0.09960938 -0.43945312 -0.16992188
v -0.09960938 -0.42773438 0.00585938
v -0.09960938 -0.42382812 -0.00585938
v -0.09960938 -0.41601562 -0.15429688
v -0.09960938 -0.34960938 -0.05664062
v -0.09960938 -0.34179688 -0.13867188
v -0.09960938 -0.34179688 -0.05273438
v -0.09960938 -0.33789062 -0.04492188
v -0.09960938 -0.32617188 -0.23632812
v -0.09960938 -0.31835938 -0.21679688
v -0.09960938 -0.31835938 0.15820312
v -0.09960938 -0.31054688 -0.31445312
v -0.09960938 -0.31054688 0.19726562
v -0.09960938 -0.30664062 0.21679688
v -0.09960938 -0.27148438 -0.32226562
v -0.09960938 -0.25195312 -0.31054688
v -0.09960938 -0.10351562 -0.33789062
v -0.09960938 0.06835938 -0.30273438
v -0.09960938 0.13085938 0.29492188
v -0.09960938 0.16992188 -0.27539062
v -0.09960938 0.31445312 0.24023438
v -0.09960938 0.32226562 0.23632812
v -0.09960938 0.33007812 0.23242188
v -0.09960938 0.37304688 -0.18554688
v -0.09960938 0.37695312 0.22070312
v -0.09960938 0.41210938 -0.16601562
v -0.09570312 -0.49804688 -0.04882812
v -0.09570312 -0.48632812 -0.17382812
v -0.09570312 -0.47851562 -0.17773438
v -0.09570312 -0.47070312 0.01367188
v -0.09570312 -0.46679688 -0.17773438
v -0.09570312 -0.46289062 -0.09960938
v -0.09570312 -0.45117188 0.01367188
v -0.09570312 -0.43945312 0.01367188
v -0.09570312 -0.43554688 0.00976562
v -0.09570312 -0.43164062 -0.02539062
v -0.09570312 -0.42773438 -0.09179688
v -0.09570312 -0.40039062 -0.14648438
v -0.09570312 -0.33789062 -0.05273438
v -0.09570312 -0.33789062 0.05664062
v -0.09570312 -0.32226562 -0.15429688
v -0.09570312 -0.29492188 -0.32226562
v -0.09570312 -0.04882812 -0.33007812
v -0.09570312 0.12304688 0.29101562
v -0.09570312 0.21289062 0.27929688
v -0.09570312 0.22070312 -0.25585938
v -0.09570312 0.26757812 0.25585938
v -0.09570312 0.30273438 0.24414062
v -0.09570312 0.31835938 0.24804688
v -0.09570312 0.31835938 0.25195312
v -0.09570312 0.32226562 0.24023438
v -0.09570312 0.32226562 0.26367188
v -0.09570312 0.32617188 0.24804688
v -0.09570312 0.32617188 0.25585938
v -0.09570312 0.32617188 0.26367188
v -0.09570312 0.33007812 0.24023438
v -0.09570312 0.33007812 0.25585938
v -0.09570312 0.34179688 0.22851562
v -0.09570312 0.35351562 0.22070312
v -0.09570312 0.38867188 0.20898438
v -0.09570312 0.39648438 -0.16601562
v -0.09570312 0.40429688 0.18945312
v -0.09570312 0.42382812 -0.16210938
v -0.09570312 0.43554688 -0.15820312
v -0.09570312 0.45117188 -0.14257812
v -0.09570312 0.45117188 0.12695312
v -0.09570312 0.47070312 0.06445312
v -0.09570312 0.47460938 -0.02929688
v -0.09179688 -0.49414062 -0.15429688
v -0.09179688 -0.49414062 -0.11132812
v -0.09179688 -0.49414062 -0.09570312
v -0.09179688 -0.49023438 -0.01367188
v -0.09179688 -0.48242188 0.00195312
v -0.09179688 -0.46289062 -0.09570312
v -0.09179688 -0.46289062 0.00976562
v -0.09179688 -0.45117188 -0.16601562
v -0.09179688 -0.45117188 -0.11132812
v -0.09179688 -0.45117188 -0.04882812
v -0.09179688 -0.44335938 0.00976562
v -0.09179688 -0.43945312 -0.16210938
v -0.09179688 -0.43554688 -0.10742188
v -0.09179688 -0.41601562 -0.14648438
v -0.09179688 -0.34960938 -0.05664062
v -0.09179688 -0.33398438 0.07617188
v -0.09179688 -0.33007812 -0.13476562
v -0.09179688 -0.32226562 -0.26367188
v -0.09179688 -0.32226562 -0.13476562
v -0.09179688 -0.31835938 -0.29492188
v -0.09179688 -0.30273438 -0.32226562
v -0.09179688 -0.28320312 -0.32617188
v -0.09179688 -0.26757812 0.29882812
v -0.09179688 -0.06445312 0.33398438
v -0.09179688 0.00976562 -0.32226562
v -0.09179688 0.16992188 0.29101562
v -0.09179688 0.29101562 0.25195312
v -0.09179688 0.29882812 0.24804688
v -0.09179688 0.29882812 0.25195312
v -0.09179688 0.30273438 0.24804688
v -0.09179688 0.30273438 0.25585938
v -0.09179688 0.31054688 0.24804688
v -0.09179688 0.31054688 0.25195312
v -0.09179688 0.31445312 0.25976562
v -0.09179688 0.31835938 0.26757812
v -0.09179688 0.32617188 0.26757812
v -0.09179688 0.33007812 0.26757812
v -0.09179688 0.33398438 0.24414062
v -0.09179688 0.33398438 0.25976562
v -0.09179688 0.33789062 0.23632812
v -0.09179688 0.33789062 0.24414062
v -0.09179688 0.33789062 0.25585938
v -0.09179688 0.34179688 0.23242188
v -0.09179688 0.41210938 -0.16210938
v -0.09179688 0.41992188 -0.16210938
v -0.09179688 0.41992188 0.17382812
v -0.09179688 0.44335938 -0.15039062
v -0.09179688 0.46679688 -0.07617188
v -0.09179688 0.47851562 0.00585938
v -0.09179688 0.47851562 0.03320312
v -0.08789062 -0.49414062 -0.16210938
v -0.08789062 -0.48632812 -0.00585938
v -0.08789062 -0.48242188 -0.16992188
v -0.08789062 -0.47460938 -0.16992188
v -0.08789062 -0.47070312 0.00585938
v -0.08789062 -0.46679688 -0.16992188
v -0.08789062 -0.46289062 -0.11523438
v -0.08789062 -0.45898438 -0.11523438
v -0.08789062 -0.45507812 0.00976562
v -0.08789062 -0.44335938 -0.12695312
v -0.08789062 -0.43554688 -0.15039062
v -0.08789062 -0.43554688 -0.01367188
v -0.08789062 -0.43164062 -0.00195312
v -0.08789062 -0.42382812 -0.13867188
v -0.08789062 -0.42382812 -0.11523438
v -0.08789062 -0.41601562 -0.10351562
v -0.08789062 -0.41210938 -0.13867188
v -0.08789062 -0.39648438 -0.14257812
v -0.08789062 -0.34179688 0.02929688
v -0.08789062 -0.32226562 -0.24414062
v -0.08789062 -0.31835938 -0.21679688
v -0.08789062 -0.31445312 0.18945312
v -0.08789062 -0.31054688 -0.30664062
v -0.08789062 -0.26367188 -0.31445312
v -0.08789062 -0.25195312 -0.31835938
v -0.08789062 -0.25195312 0.31445312
v -0.08789062 -0.15820312 0.34179688
v -0.08789062 -0.10742188 0.34179688
v -0.08789062 -0.00195312 0.32617188
v -0.08789062 0.24804688 0.26757812
v -0.08789062 0.26367188 -0.24804688
v -0.08789062 0.29101562 -0.23242188
v -0.08789062 0.29101562 0.25585938
v -0.08789062 0.29882812 0.25585938
v -0.08789062 0.31054688 0.26367188
v -0.08789062 0.31445312 0.26757812
v -0.08789062 0.31835938 0.27148438
v -0.08789062 0.32617188 0.27148438
v -0.08789062 0.33789062 0.25585938
v -0.08789062 0.34179688 0.24023438
v -0.08789062 0.34179688 0.24804688
v -0.08789062 0.45898438 -0.11523438
v -0.08789062 0.46289062 -0.09570312
v -0.08789062 0.47460938 -0.05273438
v -0.08398438 -0.49414062 -0.03710938
v -0.08398438 -0.49023438 -0.16210938
v -0.08398438 -0.49023438 -0.01367188
v -0.08398438 -0.47851562 -0.00195312
v -0.08398438 -0.46289062 0.00585938
v -0.08398438 -0.45898438 -0.16210938
v -0.08398438 -0.45117188 -0.15820312
v -0.08398438 -0.45117188 -0.13867188
v -0.08398438 -0.45117188 0.00585938
v -0.08398438 -0.44726562 -0.15039062
v -0.08398438 -0.44335938 -0.02929688
v -0.08398438 -0.44335938 0.00195312
v -0.08398438 -0.43945312 -0.13867188
v -0.08398438 -0.43945312 -0.00976562
v -0.08398438 -0.42382812 -0.13085938
v -0.08398438 -0.41601562 -0.12304688
v -0.08398438 -0.40820312 -0.13085938
v -0.08398438 -0.39257812 -0.13476562
v -0.08398438 -0.35351562 -0.06445312
v -0.08398438 -0.34179688 -0.13476562
v -0.08398438 -0.34179688 -0.05664062
v -0.08398438 -0.34179688 -0.03710938
v -0.08398438 -0.32226562 -0.13867188
v -0.08398438 -0.31445312 -0.27929688
v -0.08398438 -0.31445312 -0.21289062
v -0.08398438 -0.31445312 -0.20117188
v -0.08398438 -0.29492188 -0.32226562
v -0.08398438 -0.27539062 -0.32226562
v -0.08398438 -0.20507812 0.33789062
v -0.08398438 -0.12695312 -0.34179688
v -0.08398438 0.14257812 -0.28710938
v -0.08398438 0.28320312 0.25976562
v -0.08398438 0.31054688 0.26757812
v -0.08398438 0.33007812 0.26757812
v -0.08398438 0.33789062 0.26367188
v -0.08398438 0.34179688 0.23632812
v -0.08398438 0.34179688 0.25195312
v -0.08398438 0.37304688 0.22851562
v -0.08398438 0.38476562 0.22460938
v -0.08398438 0.40820312 -0.16210938
v -0.08398438 0.41992188 -0.16210938
v -0.08398438 0.42773438 -0.15820312
v -0.08398438 0.43945312 0.15429688
v -0.08007812 -0.49804688 -0.05273438
v -0.08007812 -0.49414062 -0.14648438
v -0.08007812 -0.49414062 -0.12695312
v -0.08007812 -0.49414062 -0.10351562
v -0.08007812 -0.48242188 -0.15820312
v -0.08007812 -0.48242188 -0.00976562
v -0.08007812 -0.47070312 -0.16210938
v -0.08007812 -0.47070312 -0.00195312
v -0.08007812 -0.46679688 -0.15820312
v -0.08007812 -0.46679688 -0.11914062
v -0.08007812 -0.46289062 -0.07617188
v -0.08007812 -0.45898438 -0.13867188
v -0.08007812 -0.44335938 -0.00585938
v -0.08007812 -0.33789062 -0.05664062
v -0.08007812 -0.33789062 -0.05273438
v -0.08007812 -0.33398438 0.10351562
v -0.08007812 -0.32617188 -0.13085938
v -0.08007812 -0.31835938 -0.25195312
v -0.08007812 -0.30664062 -0.31445312
v -0.08007812 -0.28710938 0.27929688
v -0.08007812 -0.23242188 0.33007812
v -0.08007812 -0.18554688 -0.34570312
v -0.08007812 -0.15820312 -0.34570312
v -0.08007812 0.03320312 0.31835938
v -0.08007812 0.08007812 0.30664062
v -0.08007812 0.10351562 0.29882812
v -0.08007812 0.12304688 0.30273438
v -0.08007812 0.20117188 -0.26757812
v -0.08007812 0.27148438 0.26757812
v -0.08007812 0.29492188 0.25976562
v -0.08007812 0.29882812 0.25976562
v -0.08007812 0.31445312 0.27148438
v -0.08007812 0.32226562 0.27148438
v -0.08007812 0.32617188 0.27148438
v -0.08007812 0.34179688 0.25585938
v -0.08007812 0.34570312 0.24023438
v -0.08007812 0.34960938 0.23632812
v -0.08007812 0.35351562 -0.20507812
v -0.08007812 0.35351562 0.23242188
v -0.08007812 0.43554688 -0.15429688
v -0.08007812 0.45117188 -0.13476562
v -0.08007812 0.45507812 0.13085938
v -0.08007812 0.45898438 -0.11132812
v -0.08007812 0.46679688 0.09960938
v -0.08007812 0.47070312 -0.06835938
v -0.07617188 -0.49414062 -0.03320312
v -0.07617188 -0.48632812 -0.01757812
v -0.07617188 -0.47851562 -0.15429688
v -0.07617188 -0.47460938 -0.00976562
v -0.07617188 -0.46679688 -0.00195312
v -0.07617188 -0.46289062 -0.15039062
v -0.07617188 -0.46289062 -0.13867188
v -0.07617188 -0.45898438 -0.04882812
v -0.07617188 -0.45898438 -0.00195312
v -0.07617188 -0.45117188 -0.00976562
v -0.07617188 -0.45117188 -0.00195312
v -0.07617188 -0.44726562 -0.02148438
v -0.07617188 -0.44726562 -0.01367188
v -0.07617188 -0.39648438 -0.11914062
v -0.07617188 -0.38867188 -0.12695312
v -0.07617188 -0.35742188 -0.07226562
v -0.07617188 -0.34570312 -0.01757812
v -0.07617188 -0.34179688 -0.13085938
v -0.07617188 -0.32617188 -0.13085938
v -0.07617188 -0.31445312 0.20898438
v -0.07617188 -0.30664062 0.23242188
v -0.07617188 -0.20898438 -0.33789062
v -0.07617188 -0.08007812 -0.33789062
v -0.07617188 -0.03710938 0.33398438
v -0.07617188 -0.02929688 -0.33398438
v -0.07617188 0.11523438 0.29882812
v -0.07617188 0.13867188 0.30273438
v -0.07617188 0.28710938 0.26367188
v -0.07617188 0.31835938 0.27148438
v -0.07617188 0.33007812 0.26757812
v -0.07617188 0.33398438 0.26367188
v -0.07617188 0.34570312 0.24414062
v -0.07617188 0.38085938 0.23242188
v -0.07617188 0.40820312 -0.16992188
v -0.07617188 0.42773438 -0.15820312
v -0.07617188 0.44335938 -0.14648438
v -0.07617188 0.45507812 -0.12695312
v -0.07617188 0.46679688 -0.08789062
v -0.07226562 -0.49804688 -0.04882812
v -0.07226562 -0.49414062 -0.11523438
v -0.07226562 -0.49023438 -0.14257812
v -0.07226562 -0.49023438 -0.02929688
v -0.07226562 -0.48632812 -0.14257812
v -0.07226562 -0.48242188 -0.02148438
v -0.07226562 -0.47851562 -0.01757812
v -0.07226562 -0.47460938 -0.15039062
v -0.07226562 -0.46679688 -0.13476562
v -0.07226562 -0.46679688 -0.10742188
v -0.07226562 -0.46679688 -0.00976562
v -0.07226562 -0.45898438 -0.00976562
v -0.07226562 -0.45507812 -0.03710938
v -0.07226562 -0.36132812 -0.09179688
v -0.07226562 -0.36132812 -0.08398438
v -0.07226562 -0.34570312 -0.13085938
v -0.07226562 -0.34179688 -0.06835938
v -0.07226562 -0.33789062 -0.06445312
v -0.07226562 -0.32617188 -0.13476562
v -0.07226562 -0.32226562 -0.23632812
v -0.07226562 -0.32226562 -0.22460938
v -0.07226562 -0.31445312 -0.26757812
v -0.07226562 -0.30664062 -0.29492188
v -0.07226562 -0.30273438 -0.31054688
v -0.07226562 -0.29882812 -0.31835938
v -0.07226562 -0.29882812 0.25976562
v -0.07226562 -0.26757812 -0.31445312
v -0.07226562 -0.07617188 0.34179688
v -0.07226562 0.18164062 0.29492188
v -0.07226562 0.21679688 0.28710938
v -0.07226562 0.24023438 -0.25976562
v -0.07226562 0.25585938 0.27539062
v -0.07226562 0.29492188 0.26367188
v -0.07226562 0.30273438 0.26367188
v -0.07226562 0.32617188 0.26757812
v -0.07226562 0.33007812 -0.22070312
v -0.07226562 0.33398438 0.25976562
v -0.07226562 0.34179688 0.24804688
v -0.07226562 0.34570312 0.24023438
v -0.07226562 0.38476562 -0.18945312
v -0.07226562 0.39257812 0.21289062
v -0.07226562 0.41992188 0.18554688
v -0.07226562 0.42382812 -0.15820312
v -0.07226562 0.43554688 -0.15429688
v -0.07226562 0.44726562 -0.13867188
v -0.07226562 0.45507812 -0.11914062
v -0.07226562 0.46289062 -0.10351562
v -0.07226562 0.47851562 0.07617188
v -0.07226562 0.48242188 0.04882812
v -0.07226562 0.48632812 0.01757812
v -0.06835938 -0.49804688 -0.06445312
v -0.06835938 -0.49023438 -0.12304688
v -0.06835938 -0.49023438 -0.03710938
v -0.06835938 -0.47070312 -0.13476562
v -0.06835938 -0.47070312 -0.01367188
v -0.06835938 -0.46679688 -0.07617188
v -0.06835938 -0.46289062 -0.01757812
v -0.06835938 -0.45898438 -0.03710938
v -0.06835938 -0.45507812 -0.02148438
v -0.06835938 -0.34960938 -0.08398438
v -0.06835938 -0.34570312 -0.12304688
v -0.06835938 -0.34179688 0.07617188
v -0.06835938 -0.33789062 0.08789062
v -0.06835938 -0.33007812 -0.12304688
v -0.06835938 -0.33007812 0.13476562
v -0.06835938 -0.32617188 -0.12695312
v -0.06835938 -0.31445312 -0.21289062
v -0.06835938 -0.28320312 -0.32226562
v -0.06835938 -0.27929688 0.29101562
v -0.06835938 -0.25976562 -0.31835938
v -0.06835938 -0.22070312 0.33789062
v -0.06835938 0.02148438 -0.32617188
v -0.06835938 0.30273438 0.26367188
v -0.06835938 0.30664062 0.26367188
v -0.06835938 0.31445312 0.26757812
v -0.06835938 0.33007812 0.26367188
v -0.06835938 0.33789062 0.25195312
v -0.06835938 0.40820312 0.20117188
v -0.06835938 0.43164062 -0.15429688
v -0.06835938 0.43945312 -0.14648438
v -0.06835938 0.45117188 -0.13476562
v -0.06835938 0.48632812 -0.01757812
v -0.06445312 -0.49023438 -0.06054688
v -0.06445312 -0.48632812 -0.11914062
v -0.06445312 -0.48242188 -0.05664062
v -0.06445312 -0.48242188 -0.04492188
v -0.06445312 -0.48242188 -0.03320312
v -0.06445312 -0.47851562 -0.13476562
v -0.06445312 -0.47851562 -0.04882812
v -0.06445312 -0.47460938 -0.10742188
v -0.06445312 -0.47460938 -0.02539062
v -0.06445312 -0.47070312 -0.11132812
v -0.06445312 -0.47070312 -0.03710938
v -0.06445312 -0.46679688 -0.04882812
v -0.06445312 -0.46679688 -0.02929688
v -0.06445312 -0.46679688 -0.02148438
v -0.06445312 -0.46289062 -0.03320312
v -0.06445312 -0.36132812 -0.10742188
v -0.06445312 -0.36132812 -0.09960938
v -0.06445312 -0.34570312 -0.11523438
v -0.06445312 -0.34570312 -0.11132812
v -0.06445312 -0.34570312 -0.09960938
v -0.06445312 -0.34179688 -0.09179688
v -0.06445312 -0.34179688 -0.07617188
v -0.06445312 -0.34179688 0.04882812
v -0.06445312 -0.33789062 -0.10351562
v -0.06445312 -0.33789062 -0.07226562
v -0.06445312 -0.33398438 -0.11914062
v -0.06445312 -0.33007812 -0.12304688
v -0.06445312 -0.32226562 0.16992188
v -0.06445312 -0.31835938 -0.21679688
v -0.06445312 -0.29492188 -0.31445312
v -0.06445312 0.06054688 0.31445312
v -0.06445312 0.12304688 0.30664062
v -0.06445312 0.12695312 -0.29492188
v -0.06445312 0.28710938 0.27148438
v -0.06445312 0.32226562 0.26367188
v -0.06445312 0.33398438 0.25585938
v -0.06445312 0.34179688 0.24414062
v -0.06445312 0.34960938 0.24414062
v -0.06445312 0.35742188 0.24414062
v -0.06445312 0.37695312 0.24023438
v -0.06445312 0.43554688 0.16992188
v -0.06445312 0.48632812 -0.04101562
v -0.06054688 -0.33789062 -0.06445312
v -0.06054688 -0.33398438 -0.09570312
v -0.06054688 -0.33007812 -0.15039062
v -0.06054688 -0.33007812 -0.12304688
v -0.06054688 -0.33007812 -0.11523438
v -0.06054688 -0.32226562 -0.24804688
v -0.06054688 -0.31835938 -0.20117188
v -0.06054688 -0.31835938 0.19335938
v -0.06054688 -0.30273438 -0.28320312
v -0.06054688 -0.29882812 -0.29492188
v -0.06054688 -0.28710938 -0.31835938
v -0.06054688 -0.27148438 -0.31445312
v -0.06054688 -0.23242188 -0.33398438
v -0.06054688 -0.13476562 0.34570312
v -0.06054688 -0.11914062 -0.34960938
v -0.06054688 0.00195312 0.33007812
v -0.06054688 0.06835938 -0.31835938
v -0.06054688 0.28320312 -0.24414062
v -0.06054688 0.29882812 0.26757812
v -0.06054688 0.30664062 0.26367188
v -0.06054688 0.31445312 -0.23242188
v -0.06054688 0.31445312 0.26367188
v -0.06054688 0.32226562 0.26367188
v -0.06054688 0.32617188 0.25976562
v -0.06054688 0.33789062 0.25195312
v -0.06054688 0.36914062 -0.20507812
v -0.06054688 0.38476562 0.23632812
v -0.06054688 0.45507812 0.14648438
v -0.06054688 0.46289062 -0.10742188
v -0.06054688 0.46679688 0.11914062
v -0.05664062 -0.34570312 0.00195312
v -0.05664062 -0.33789062 0.10742188
v -0.05664062 -0.32617188 -0.17382812
v -0.05664062 -0.31835938 -0.25585938
v -0.05664062 -0.31445312 0.22070312
v -0.05664062 -0.29492188 -0.30664062
v -0.05664062 -0.26757812 0.31054688
v -0.05664062 -0.10742188 0.34570312
v -0.05664062 -0.04492188 -0.33789062
v -0.05664062 0.03710938 0.32226562
v -0.05664062 0.11523438 0.30273438
v -0.05664062 0.19726562 -0.27539062
v -0.05664062 0.31835938 0.26367188
v -0.05664062 0.33007812 0.25585938
v -0.05664062 0.40429688 -0.18164062
v -0.05664062 0.43945312 -0.14648438
v -0.05664062 0.47851562 0.09179688
v -0.05664062 0.48242188 -0.06054688
v -0.05664062 0.49414062 0.03320312
v -0.05273438 -0.34570312 -0.04882812
v -0.05273438 -0.33398438 -0.09570312
v -0.05273438 -0.32226562 -0.23632812
v -0.05273438 -0.32226562 -0.22851562
v -0.05273438 -0.31835938 0.20117188
v -0.05273438 -0.31445312 -0.22070312
v -0.05273438 -0.30273438 0.25585938
v -0.05273438 -0.29101562 -0.31054688
v -0.05273438 -0.27929688 -0.31054688
v -0.05273438 -0.26757812 -0.31445312
v -0.05273438 -0.25195312 -0.32617188
v -0.05273438 -0.19726562 0.34570312
v -0.05273438 -0.16601562 0.34960938
v -0.05273438 0.09960938 0.30664062
v -0.05273438 0.27539062 0.27539062
v -0.05273438 0.29882812 0.27148438
v -0.05273438 0.32617188 0.25976562
v -0.05273438 0.34179688 0.25585938
v -0.05273438 0.40039062 0.21289062
v -0.05273438 0.41210938 0.20117188
v -0.05273438 0.45507812 -0.12695312
v -0.05273438 0.49414062 0.00585938
v -0.04882812 -0.34179688 -0.07226562
v -0.04882812 -0.33789062 -0.09960938
v -0.04882812 -0.31835938 -0.23632812
v -0.04882812 -0.31054688 -0.26757812
v -0.04882812 -0.29882812 -0.29492188
v -0.04882812 -0.25195312 0.32617188
v -0.04882812 -0.22851562 0.34179688
v -0.04882812 -0.16210938 -0.34960938
v -0.04882812 0.16210938 0.30273438
v -0.04882812 0.22460938 0.29101562
v -0.04882812 0.25585938 0.28320312
v -0.04882812 0.35351562 -0.21679688
v -0.04882812 0.35351562 0.25585938
v -0.04882812 0.38085938 0.24804688
v -0.04882812 0.38867188 0.22851562
v -0.04882812 0.42382812 -0.16210938
v -0.04882812 0.48632812 0.06835938
v -0.04882812 0.49414062 0.04882812
v -0.04492188 -0.31835938 -0.24804688
v -0.04492188 -0.29492188 0.27929688
v -0.04492188 -0.27539062 -0.30664062
v -0.04492188 -0.08007812 0.34570312
v -0.04492188 0.11914062 0.31054688
v -0.04492188 0.36914062 0.25585938
v -0.04492188 0.43164062 0.18554688
v -0.04492188 0.46289062 0.13476562
v -0.04492188 0.47851562 -0.08007812
v -0.04492188 0.49414062 -0.02148438
v -0.04101562 -0.33789062 -0.12304688
v -0.04101562 -0.33789062 0.09179688
v -0.04101562 -0.33398438 0.13085938
v -0.04101562 -0.32617188 0.16601562
v -0.04101562 -0.31054688 -0.25976562
v -0.04101562 -0.31054688 -0.23242188
v -0.04101562 -0.31054688 0.23632812
v -0.04101562 -0.30273438 -0.28320312
v -0.04101562 -0.29492188 -0.29882812
v -0.04101562 -0.28320312 -0.29882812
v -0.04101562 -0.27929688 0.29882812
v -0.04101562 -0.07617188 -0.34570312
v -0.04101562 -0.02148438 -0.33789062
v -0.04101562 0.07617188 0.31445312
v -0.04101562 0.13476562 0.31054688
v -0.04101562 0.15820312 -0.29101562
v -0.04101562 0.25585938 -0.25976562
v -0.04101562 0.28320312 0.27929688
v -0.04101562 0.31445312 0.27148438
v -0.04101562 0.38476562 -0.20117188
v -0.04101562 0.44335938 -0.14648438
v -0.04101562 0.45117188 0.16210938
v -0.03710938 -0.34570312 0.05664062
v -0.03710938 -0.31835938 0.20898438
v -0.03710938 -0.31445312 -0.24804688
v -0.03710938 -0.31445312 -0.21679688
v -0.03710938 -0.30664062 -0.27148438
v -0.03710938 -0.30664062 -0.25976562
v -0.03710938 -0.29882812 -0.27929688
v -0.03710938 -0.29492188 -0.29101562
v -0.03710938 -0.28710938 -0.29492188
v -0.03710938 -0.18554688 -0.35351562
v -0.03710938 -0.12304688 -0.35351562
v -0.03710938 -0.04492188 0.34179688
v -0.03710938 -0.00585938 0.33398438
v -0.03710938 0.03320312 -0.32617188
v -0.03710938 0.10351562 -0.31054688
v -0.03710938 0.11132812 0.31054688
v -0.03710938 0.26367188 0.28320312
v -0.03710938 0.27929688 0.27929688
v -0.03710938 0.29492188 0.27929688
v -0.03710938 0.38085938 0.24414062
v -0.03710938 0.47460938 0.11523438
v -0.03710938 0.49023438 0.06054688
v -0.03320312 -0.34960938 -0.02539062
v -0.03320312 -0.33398438 -0.15039062
v -0.03320312 -0.30273438 0.26757812
v -0.03320312 -0.27929688 -0.30664062
v -0.03320312 -0.26367188 -0.32226562
v -0.03320312 -0.20898438 -0.34960938
v -0.03320312 -0.17773438 0.34960938
v -0.03320312 -0.13085938 0.35351562
v -0.03320312 0.04101562 0.32617188
v -0.03320312 0.09960938 0.31054688
v -0.03320312 0.21679688 -0.27539062
v -0.03320312 0.21679688 0.29492188
v -0.03320312 0.27539062 0.28320312
v -0.03320312 0.28710938 0.27929688
v -0.03320312 0.33789062 0.26757812
v -0.03320312 0.41992188 0.20117188
v -0.03320312 0.47460938 -0.09570312
v -0.03320312 0.48632812 -0.06054688
v -0.03320312 0.48632812 0.08789062
v -0.03320312 0.49414062 -0.04101562
v -0.03320312 0.49414062 0.02539062
v -0.03320312 0.49804688 -0.00195312
v -0.02929688 -0.34960938 -0.06054688
v -0.02929688 -0.33789062 0.11523438
v -0.02929688 -0.30273438 -0.25195312
v -0.02929688 -0.29882812 -0.26757812
v -0.02929688 -0.29101562 -0.28710938
v -0.02929688 0.18164062 0.30273438
v -0.02929688 0.25195312 0.28710938
v -0.02929688 0.26367188 0.28710938
v -0.02929688 0.26367188 0.29101562
v -0.02929688 0.28710938 0.28710938
v -0.02929688 0.29882812 -0.24414062
v -0.02929688 0.29882812 0.28320312
v -0.02929688 0.31054688 0.27929688
v -0.02929688 0.33789062 -0.22460938
v -0.02929688 0.35351562 0.26757812
v -0.02929688 0.37695312 0.25585938
v -0.02929688 0.40429688 0.21679688
v -0.02929688 0.41210938 -0.18164062
v -0.02929688 0.46679688 -0.11132812
v -0.02539062 -0.34960938 0.00585938
v -0.02539062 -0.34179688 0.06054688
v -0.02539062 -0.32617188 -0.18164062
v -0.02539062 -0.32226562 0.18554688
v -0.02539062 -0.30664062 -0.24023438
v -0.02539062 -0.29492188 -0.27539062
v -0.02539062 -0.23632812 0.33789062
v -0.02539062 -0.23242188 -0.34179688
v -0.02539062 -0.22070312 0.34570312
v -0.02539062 0.25195312 0.28710938
v -0.02539062 0.25585938 0.28710938
v -0.02539062 0.27929688 0.29492188
v -0.02539062 0.29492188 0.29492188
v -0.02539062 0.36914062 0.26367188
v -0.02539062 0.45898438 -0.12695312
v -0.02539062 0.49023438 0.06054688
v -0.02148438 -0.34179688 0.09570312
v -0.02148438 -0.28710938 -0.29492188
v -0.02148438 -0.26757812 0.31445312
v -0.02148438 -0.24804688 -0.33398438
v -0.02148438 -0.20117188 0.34960938
v -0.02148438 -0.09960938 -0.34960938
v -0.02148438 0.11132812 0.31054688
v -0.02148438 0.11914062 0.31445312
v -0.02148438 0.16992188 -0.29101562
v -0.02148438 0.24414062 0.29101562
v -0.02148438 0.25585938 0.29492188
v -0.02148438 0.26367188 0.29882812
v -0.02148438 0.28710938 0.30273438
v -0.02148438 0.31445312 0.28710938
v -0.02148438 0.33007812 0.27539062
v -0.02148438 0.37695312 0.24804688
v -0.02148438 0.38476562 0.23632812
v -0.02148438 0.42773438 -0.16601562
v -0.02148438 0.43945312 0.18164062
v -0.02148438 0.48242188 -0.08398438
v -0.02148438 0.49804688 -0.01757812
v -0.01757812 -0.33007812 0.15039062
v -0.01757812 -0.29101562 0.28710938
v -0.01757812 0.07226562 -0.31835938
v -0.01757812 0.24804688 0.29101562
v -0.01757812 0.25195312 0.29492188
v -0.01757812 0.25976562 0.30273438
v -0.01757812 0.26367188 0.30664062
v -0.01757812 0.27148438 0.30664062
v -0.01757812 0.27148438 0.31054688
v -0.01757812 0.28320312 0.31054688
v -0.01757812 0.30273438 0.29882812
v -0.01757812 0.32226562 0.29492188
v -0.01757812 0.33007812 0.28320312
v -0.01757812 0.34179688 0.27929688
v -0.01757812 0.34570312 0.27539062
v -0.01757812 0.44726562 -0.14648438
v -0.01757812 0.45117188 0.16210938
v -0.01757812 0.46289062 0.14257812
v -0.01757812 0.49023438 -0.05664062
v -0.01757812 0.49804688 0.00976562
v -0.01367188 -0.34570312 -0.10351562
v -0.01367188 -0.34570312 0.06835938
v -0.01367188 -0.33789062 -0.13867188
v -0.01367188 -0.33789062 0.12304688
v -0.01367188 -0.31054688 0.24023438
v -0.01367188 -0.29882812 -0.26367188
v -0.01367188 -0.27929688 0.29882812
v -0.01367188 -0.25195312 0.33007812
v -0.01367188 -0.16210938 -0.35351562
v -0.01367188 -0.08398438 0.35351562
v -0.01367188 -0.04882812 -0.34570312
v -0.01367188 -0.02148438 0.34179688
v -0.01367188 0.00976562 -0.33398438
v -0.01367188 0.07617188 0.31835938
v -0.01367188 0.14257812 0.31445312
v -0.01367188 0.23242188 0.29492188
v -0.01367188 0.25195312 0.29882812
v -0.01367188 0.25585938 0.30664062
v -0.01367188 0.25976562 -0.25976562
v -0.01367188 0.26367188 0.31054688
v -0.01367188 0.27148438 0.31054688
v -0.01367188 0.28320312 0.31054688
v -0.01367188 0.29882812 0.30664062
v -0.01367188 0.31054688 0.30664062
v -0.01367188 0.33007812 0.29101562
v -0.01367188 0.35351562 0.27148438
v -0.01367188 0.36132812 0.26367188
v -0.01367188 0.36523438 -0.21679688
v -0.01367188 0.36914062 0.25976562
v -0.01367188 0.39648438 -0.19726562
v -0.01367188 0.48242188 0.09960938
v -0.00976562 -0.34570312 0.02929688
v -0.00976562 -0.31835938 0.20507812
v -0.00976562 -0.16992188 0.35351562
v -0.00976562 0.01367188 0.33398438
v -0.00976562 0.24804688 0.29492188
v -0.00976562 0.25976562 0.30664062
v -0.00976562 0.26757812 0.31054688
v -0.00976562 0.27929688 0.31054688
v -0.00976562 0.29492188 0.31054688
v -0.00976562 0.30664062 0.30664062
v -0.00976562 0.32226562 0.30273438
v -0.00976562 0.34179688 0.28710938
v -0.00976562 0.35351562 0.27539062
v -0.00976562 0.35351562 0.27929688
v -0.00976562 0.37695312 0.24804688
v -0.00976562 0.41992188 0.20507812
v -0.00976562 0.47460938 0.11914062
v -0.00976562 0.48632812 0.08007812
v -0.00976562 0.49804688 -0.03320312
v -0.00976562 0.49804688 0.03710938
v -0.00585938 -0.34960938 0.05664062
v -0.00585938 -0.34179688 0.10742188
v -0.00585938 -0.33398438 0.15039062
v -0.00585938 -0.30273438 0.26757812
v -0.00585938 -0.27148438 -0.31445312
v -0.00585938 -0.13085938 -0.35742188
v -0.00585938 0.10351562 0.31054688
v -0.00585938 0.11914062 0.31445312
v -0.00585938 0.13867188 -0.29882812
v -0.00585938 0.18164062 0.30664062
v -0.00585938 0.24804688 0.29492188
v -0.00585938 0.25195312 0.29882812
v -0.00585938 0.26367188 0.30664062
v -0.00585938 0.27539062 0.30664062
v -0.00585938 0.29101562 0.30664062
v -0.00585938 0.31054688 0.30664062
v -0.00585938 0.32226562 -0.23632812
v -0.00585938 0.32226562 0.30273438
v -0.00585938 0.33398438 0.29492188
v -0.00585938 0.35351562 0.28320312
v -0.00585938 0.35742188 0.26757812
v -0.00195312 -0.34960938 -0.05273438
v -0.00195312 -0.34960938 0.07226562
v -0.00195312 -0.25585938 -0.32617188
v -0.00195312 -0.12695312 0.35742188
v -0.00195312 0.24804688 0.29492188
v -0.00195312 0.25195312 0.29882812
v -0.00195312 0.25976562 0.29882812
v -0.00195312 0.32226562 0.29882812
v -0.00195312 0.33398438 0.29492188
v -0.00195312 0.34179688 0.28710938
v -0.00195312 0.34179688 0.29101562
v -0.00195312 0.34960938 0.28320312
v -0.00195312 0.35742188 0.27148438
v -0.00195312 0.36523438 0.25976562
v -0.00195312 0.40039062 0.22460938
v -0.00195312 0.43554688 -0.16210938
v -0.00195312 0.45117188 -0.14257812
v -0.00195312 0.48632812 -0.07226562
v -0.00195312 0.49414062 0.06054688
v -0.00195312 0.49804688 -0.00976562
v 0.00195312 -0.33007812 0.16210938
v 0.00195312 -0.31835938 -0.20507812
v 0.00195312 -0.31054688 -0.22851562
v 0.00195312 -0.24023438 0.33789062
v 0.00195312 -0.18945312 -0.35351562
v 0.00195312 -0.08789062 -0.35351562
v 0.00195312 -0.05273438 0.34960938
v 0.00195312 0.20898438 -0.27929688
v 0.00195312 0.24804688 0.29101562
v 0.00195312 0.25195312 0.29101562
v 0.00195312 0.25585938 0.29492188
v 0.00195312 0.26367188 0.29492188
v 0.00195312 0.34179688 0.27929688
v 0.00195312 0.34960938 0.27539062
v 0.00195312 0.35351562 0.27539062
v 0.00195312 0.37695312 -0.20898438
v 0.00195312 0.38085938 0.24414062
v 0.00195312 0.43554688 0.18945312
v 0.00195312 0.44726562 0.17382812
v 0.00195312 0.45898438 0.15429688
v 0.00195312 0.46679688 -0.11523438
v 0.00195312 0.47851562 -0.09570312
v 0.00195312 0.49414062 -0.04882812
v 0.00585938 -0.34179688 0.12304688
v 0.00585938 -0.29101562 0.28710938
v 0.00585938 -0.22070312 0.34570312
v 0.00585938 -0.21679688 -0.34570312
v 0.00585938 0.09179688 -0.31835938
v 0.00585938 0.22851562 0.29492188
v 0.00585938 0.27929688 0.29492188
v 0.00585938 0.29492188 -0.24804688
v 0.00585938 0.29492188 0.29492188
v 0.00585938 0.31445312 0.29101562
v 0.00585938 0.33398438 0.27929688
v 0.00585938 0.34570312 0.27539062
v 0.00585938 0.35742188 0.26757812
v 0.00585938 0.41210938 -0.18164062
v 0.00585938 0.47070312 0.13085938
v 0.00585938 0.47851562 0.11132812
v 0.00585938 0.49804688 0.01367188
v 0.00976562 -0.34960938 -0.01367188
v 0.00976562 -0.34570312 0.01757812
v 0.00976562 -0.33398438 -0.14648438
v 0.00976562 -0.32617188 -0.17773438
v 0.00976562 -0.31054688 0.23632812
v 0.00976562 -0.25976562 0.32226562
v 0.00976562 -0.19726562 0.34960938
v 0.00976562 -0.00195312 0.33789062
v 0.00976562 0.04101562 0.32617188
v 0.00976562 0.09179688 0.31445312
v 0.00976562 0.11914062 0.31445312
v 0.00976562 0.14257812 0.31445312
v 0.00976562 0.25585938 -0.26367188
v 0.00976562 0.25976562 0.28710938
v 0.00976562 0.27539062 0.28710938
v 0.00976562 0.41210938 0.21289062
v 0.00976562 0.49804688 0.03710938
v 0.01367188 -0.34960938 0.03710938
v 0.01367188 -0.34960938 0.05664062
v 0.01367188 -0.34960938 0.08789062
v 0.01367188 -0.34570312 -0.09570312
v 0.01367188 -0.33789062 0.15039062
v 0.01367188 -0.32617188 0.18554688
v 0.01367188 -0.24023438 -0.33789062
v 0.01367188 -0.15820312 0.35351562
v 0.01367188 -0.11914062 -0.35742188
v 0.01367188 -0.08789062 0.35351562
v 0.01367188 -0.05664062 -0.34570312
v 0.01367188 -0.00976562 -0.33789062
v 0.01367188 0.04101562 -0.32617188
v 0.01367188 0.10742188 0.31054688
v 0.01367188 0.24804688 0.29101562
v 0.01367188 0.26367188 0.28710938
v 0.01367188 0.27539062 0.28320312
v 0.01367188 0.28710938 0.27929688
v 0.01367188 0.29882812 0.28320312
v 0.01367188 0.31835938 0.27929688
v 0.01367188 0.34960938 -0.22070312
v 0.01367188 0.35351562 0.27148438
v 0.01367188 0.36523438 0.25976562
v 0.01367188 0.42382812 0.20117188
v 0.01367188 0.48632812 0.08789062
v 0.01367188 0.49414062 -0.05273438
v 0.01757812 -0.29492188 -0.27539062
v 0.01757812 -0.27929688 0.30273438
v 0.01757812 -0.16210938 -0.35742188
v 0.01757812 0.16992188 -0.29101562
v 0.01757812 0.19726562 0.30273438
v 0.01757812 0.29882812 0.27929688
v 0.01757812 0.34179688 0.27148438
v 0.01757812 0.45117188 0.16601562
v 0.01757812 0.48632812 -0.07226562
v 0.01757812 0.49414062 -0.03320312
v 0.02148438 -0.34179688 0.11523438
v 0.02148438 -0.32226562 0.20507812
v 0.02148438 -0.30664062 0.25585938
v 0.02148438 -0.30273438 -0.24804688
v 0.02148438 -0.28320312 -0.29882812
v 0.02148438 -0.11914062 0.35351562
v 0.02148438 -0.02148438 0.34179688
v 0.02148438 0.28320312 0.28320312
v 0.02148438 0.36132812 0.26757812
v 0.02148438 0.37304688 0.25195312
v 0.02148438 0.38085938 0.24414062
v 0.02148438 0.39648438 0.22851562
v 0.02148438 0.43945312 -0.15820312
v 0.02148438 0.45507812 -0.13476562
v 0.02148438 0.47070312 -0.10742188
v 0.02148438 0.49804688 -0.01367188
v 0.02539062 -0.29882812 0.27539062
v 0.02539062 -0.09179688 -0.35351562
v 0.02539062 0.06445312 0.32226562
v 0.02539062 0.12695312 0.31445312
v 0.02539062 0.13085938 -0.30273438
v 0.02539062 0.22851562 -0.27148438
v 0.02539062 0.37304688 -0.20898438
v 0.02539062 0.39648438 -0.19726562
v 0.02539062 0.43945312 0.18164062
v 0.02539062 0.49414062 0.04882812
v 0.02539062 0.49804688 0.00585938
v 0.02539062 0.49804688 0.02929688
v 0.02929688 -0.34960938 0.07226562
v 0.02929688 -0.33007812 0.17382812
v 0.02929688 -0.26757812 0.31445312
v 0.02929688 -0.25195312 0.33007812
v 0.02929688 -0.18554688 0.34960938
v 0.02929688 0.11523438 0.31445312
v 0.02929688 0.27539062 -0.25585938
v 0.02929688 0.41210938 0.21289062
v 0.02929688 0.41992188 -0.17773438
v 0.02929688 0.46289062 0.14648438
v 0.02929688 0.47851562 -0.09179688
v 0.02929688 0.47851562 0.11132812
v 0.02929688 0.49023438 0.06835938
v 0.03320312 -0.34570312 0.02148438
v 0.03320312 -0.34179688 -0.11523438
v 0.03320312 -0.33789062 0.14648438
v 0.03320312 -0.31445312 0.23242188
v 0.03320312 -0.25195312 -0.33007812
v 0.03320312 -0.22851562 0.34179688
v 0.03320312 -0.21289062 0.34960938
v 0.03320312 -0.06835938 0.34960938
v 0.03320312 0.09960938 0.31054688
v 0.03320312 0.15429688 0.30664062
v 0.03320312 0.31835938 -0.23632812
v 0.03320312 0.34570312 0.26367188
v 0.03320312 0.36523438 0.25585938
v 0.03320312 0.42773438 0.19335938
v 0.03320312 0.49023438 -0.04882812
v 0.03710938 -0.34960938 -0.06054688
v 0.03710938 -0.34960938 0.03320312
v 0.03710938 -0.34570312 0.09570312
v 0.03710938 -0.32226562 -0.18945312
v 0.03710938 -0.22460938 -0.34179688
v 0.03710938 -0.20898438 -0.34960938
v 0.03710938 -0.18945312 -0.35351562
v 0.03710938 0.02929688 0.33007812
v 0.03710938 0.11132812 0.31054688
v 0.03710938 0.24804688 0.29101562
v 0.03710938 0.30273438 0.27539062
v 0.03710938 0.32226562 0.26757812
v 0.03710938 0.45117188 -0.14257812
v 0.03710938 0.45117188 0.16601562
v 0.03710938 0.46289062 -0.12304688
v 0.03710938 0.48632812 0.09179688
v 0.03710938 0.49414062 -0.02929688
v 0.04101562 -0.34960938 0.04492188
v 0.04101562 -0.34960938 0.05273438
v 0.04101562 -0.34570312 0.00976562
v 0.04101562 -0.34179688 0.11914062
v 0.04101562 -0.31835938 0.20898438
v 0.04101562 -0.31054688 -0.22460938
v 0.04101562 -0.29492188 -0.26757812
v 0.04101562 -0.28710938 -0.28320312
v 0.04101562 -0.26367188 -0.31835938
v 0.04101562 -0.14648438 0.35351562
v 0.04101562 -0.03320312 -0.34179688
v 0.04101562 -0.00195312 0.33789062
v 0.04101562 0.02929688 -0.33007812
v 0.04101562 0.08789062 -0.31054688
v 0.04101562 0.19335938 0.29882812
v 0.04101562 0.28710938 0.27929688
v 0.04101562 0.48242188 -0.06445312
v 0.04492188 -0.34570312 0.07226562
v 0.04492188 -0.30273438 0.26367188
v 0.04492188 -0.27929688 0.29882812
v 0.04492188 -0.15429688 -0.35351562
v 0.04492188 0.08007812 0.31445312
v 0.04492188 0.11914062 0.31445312
v 0.04492188 0.35742188 0.25585938
v 0.04492188 0.38085938 0.24414062
v 0.04492188 0.38476562 -0.20117188
v 0.04492188 0.43164062 -0.16210938
v 0.04492188 0.49414062 0.01367188
v 0.04882812 -0.34570312 -0.02148438
v 0.04882812 -0.34179688 0.10351562
v 0.04882812 -0.33398438 0.15429688
v 0.04882812 -0.33007812 -0.15429688
v 0.04882812 -0.29101562 0.28320312
v 0.04882812 -0.26367188 0.31445312
v 0.04882812 -0.18554688 0.34960938
v 0.04882812 -0.10742188 0.35351562
v 0.04882812 -0.07617188 -0.34960938
v 0.04882812 -0.03710938 0.34570312
v 0.04882812 0.13085938 0.31054688
v 0.04882812 0.14648438 -0.29882812
v 0.04882812 0.20507812 -0.27929688
v 0.04882812 0.33789062 0.25585938
v 0.04882812 0.35351562 -0.22070312
v 0.04882812 0.38867188 0.23242188
v 0.04882812 0.41601562 0.20117188
v 0.04882812 0.43945312 0.17382812
v 0.04882812 0.47851562 0.10351562
v 0.04882812 0.49414062 -0.01367188
v 0.04882812 0.49414062 0.03710938
v 0.05273438 -0.32617188 0.18164062
v 0.05273438 -0.30273438 -0.24414062
v 0.05273438 -0.24414062 0.33007812
v 0.05273438 -0.11523438 -0.34960938
v 0.05273438 -0.07617188 0.34960938
v 0.05273438 0.24804688 0.28710938
v 0.05273438 0.25976562 -0.25976562
v 0.05273438 0.27539062 0.27929688
v 0.05273438 0.32617188 0.25976562
v 0.05273438 0.37304688 0.24414062
v 0.05273438 0.40039062 0.21679688
v 0.05273438 0.40820312 -0.18554688
v 0.05273438 0.44335938 -0.14648438
v 0.05273438 0.47070312 -0.10351562
v 0.05273438 0.49023438 0.05664062
v 0.05664062 -0.34570312 0.03320312
v 0.05664062 -0.33398438 0.13867188
v 0.05664062 -0.31445312 -0.20117188
v 0.05664062 -0.30664062 0.24414062
v 0.05664062 -0.27539062 -0.29882812
v 0.05664062 -0.20507812 0.34570312
v 0.05664062 0.05664062 -0.31835938
v 0.05664062 0.09960938 0.30664062
v 0.05664062 0.11132812 0.30664062
v 0.05664062 0.30273438 0.26757812
v 0.05664062 0.31054688 -0.24023438
v 0.05664062 0.42773438 0.18554688
v 0.05664062 0.45117188 0.15429688
v 0.05664062 0.46679688 0.12695312
v 0.05664062 0.47851562 -0.08398438
v 0.05664062 0.48242188 0.08398438
v 0.05664062 0.48632812 -0.05273438
v 0.06054688 -0.34570312 0.04101562
v 0.06054688 -0.34570312 0.05664062
v 0.06054688 -0.34179688 -0.09179688
v 0.06054688 -0.34179688 0.08398438
v 0.06054688 -0.31445312 0.22070312
v 0.06054688 -0.29492188 -0.25195312
v 0.06054688 -0.29101562 -0.26757812
v 0.06054688 -0.24023438 -0.33398438
v 0.06054688 -0.22460938 0.33789062
v 0.06054688 -0.12695312 0.34960938
v 0.06054688 0.02929688 0.32617188
v 0.06054688 0.19335938 0.29882812
v 0.06054688 0.35351562 0.24804688
v 0.06445312 -0.42773438 0.11132812
v 0.06445312 -0.41992188 0.09179688
v 0.06445312 -0.41992188 0.11523438
v 0.06445312 -0.40429688 0.08789062
v 0.06445312 -0.40039062 0.09960938
v 0.06445312 -0.40039062 0.11132812
v 0.06445312 -0.38867188 0.08398438
v 0.06445312 -0.38476562 0.06835938
v 0.06445312 -0.38085938 0.09179688
v 0.06445312 -0.37695312 0.09960938
v 0.06445312 -0.37304688 0.04882812
v 0.06445312 -0.36523438 0.06445312
v 0.06445312 -0.36523438 0.09179688
v 0.06445312 -0.36132812 0.07617188
v 0.06445312 -0.35351562 0.04492188
v 0.06445312 -0.34960938 0.04101562
v 0.06445312 -0.34960938 0.06054688
v 0.06445312 -0.34570312 0.02929688
v 0.06445312 -0.34570312 0.04492188
v 0.06445312 -0.34570312 0.06445312
v 0.06445312 -0.34179688 0.02148438
v 0.06445312 -0.34179688 0.07617188
v 0.06445312 -0.33789062 -0.11523438
v 0.06445312 -0.30664062 -0.22851562
v 0.06445312 -0.15429688 0.34570312
v 0.06445312 0.00585938 -0.33007812
v 0.06445312 0.27539062 0.27148438
v 0.06445312 0.32226562 0.25585938
v 0.06445312 0.33398438 0.25195312
v 0.06445312 0.33789062 -0.22460938
v 0.06445312 0.38476562 -0.20117188
v 0.06445312 0.45898438 -0.12304688
v 0.06445312 0.47460938 0.10742188
v 0.06835938 -0.44726562 0.12304688
v 0.06835938 -0.43945312 0.13476562
v 0.06835938 -0.43554688 0.11132812
v 0.06835938 -0.42773438 0.13085938
v 0.06835938 -0.42382812 0.08398438
v 0.06835938 -0.40039062 0.07226562
v 0.06835938 -0.38476562 0.04492188
v 0.06835938 -0.35742188 0.04101562
v 0.06835938 -0.35351562 0.08789062
v 0.06835938 -0.34960938 0.03320312
v 0.06835938 -0.34570312 -0.04492188
v 0.06835938 -0.34570312 0.07617188
v 0.06835938 -0.34179688 0.08398438
v 0.06835938 -0.33398438 0.09960938
v 0.06835938 -0.33398438 0.12695312
v 0.06835938 -0.32617188 0.16601562
v 0.06835938 -0.32226562 -0.17382812
v 0.06835938 -0.29882812 0.25976562
v 0.06835938 -0.21679688 -0.33789062
v 0.06835938 -0.16992188 -0.34570312
v 0.06835938 -0.00585938 0.33398438
v 0.06835938 0.14648438 0.30664062
v 0.06835938 0.17773438 -0.28320312
v 0.06835938 0.22851562 -0.26757812
v 0.06835938 0.31445312 0.25976562
v 0.06835938 0.31835938 0.25976562
v 0.06835938 0.32617188 0.25976562
v 0.06835938 0.33007812 0.25585938
v 0.06835938 0.33789062 0.24804688
v 0.06835938 0.34179688 0.24414062
v 0.06835938 0.42773438 -0.16210938
v 0.06835938 0.48632812 0.04492188
v 0.06835938 0.49023438 -0.02539062
v 0.06835938 0.49023438 0.00195312
v 0.06835938 0.49023438 0.02148438
v 0.07226562 -0.45507812 0.11914062
v 0.07226562 -0.45507812 0.13867188
v 0.07226562 -0.45117188 0.14648438
v 0.07226562 -0.44335938 0.10351562
v 0.07226562 -0.43554688 0.09179688
v 0.07226562 -0.40039062 0.06445312
v 0.07226562 -0.39648438 0.11914062
v 0.07226562 -0.38085938 0.11132812
v 0.07226562 -0.37304688 0.03710938
v 0.07226562 -0.36132812 0.03320312
v 0.07226562 -0.36132812 0.09960938
v 0.07226562 -0.34570312 0.02539062
v 0.07226562 -0.33789062 0.01757812
v 0.07226562 -0.33789062 0.09179688
v 0.07226562 -0.29492188 -0.25195312
v 0.07226562 -0.29101562 -0.26367188
v 0.07226562 -0.28320312 -0.27929688
v 0.07226562 -0.27539062 0.29492188
v 0.07226562 -0.18164062 0.34570312
v 0.07226562 0.07617188 0.31054688
v 0.07226562 0.11132812 -0.29882812
v 0.07226562 0.12695312 0.30664062
v 0.07226562 0.21289062 0.28710938
v 0.07226562 0.30273438 0.25976562
v 0.07226562 0.30664062 0.25976562
v 0.07226562 0.31445312 0.25976562
v 0.07226562 0.31835938 0.26367188
v 0.07226562 0.33007812 0.25585938
v 0.07226562 0.33398438 0.25195312
v 0.07226562 0.33789062 0.24414062
v 0.07226562 0.40820312 0.20117188
v 0.07226562 0.43164062 0.17382812
v 0.07226562 0.47070312 -0.09570312
v 0.07617188 -0.46289062 0.13476562
v 0.07617188 -0.44335938 0.14648438
v 0.07617188 -0.42773438 0.13867188
v 0.07617188 -0.41601562 0.06445312
v 0.07617188 -0.41210938 0.13085938
v 0.07617188 -0.35351562 0.02929688
v 0.07617188 -0.34570312 0.09960938
v 0.07617188 -0.34179688 -0.00976562
v 0.07617188 -0.34179688 0.02148438
v 0.07617188 -0.31445312 -0.19726562
v 0.07617188 -0.30664062 -0.21679688
v 0.07617188 -0.29882812 -0.24414062
v 0.07617188 -0.26367188 -0.30664062
v 0.07617188 -0.23632812 0.33007812
v 0.07617188 -0.20507812 0.34179688
v 0.07617188 -0.19335938 -0.34179688
v 0.07617188 -0.14257812 -0.34570312
v 0.07617188 -0.09570312 0.34570312
v 0.07617188 -0.05273438 0.34179688
v 0.07617188 0.10351562 0.30273438
v 0.07617188 0.11523438 0.29882812
v 0.07617188 0.25585938 0.27539062
v 0.07617188 0.25976562 -0.25585938
v 0.07617188 0.31445312 0.26367188
v 0.07617188 0.32617188 0.26367188
v 0.07617188 0.33007812 0.25976562
v 0.07617188 0.33398438 0.25976562
v 0.07617188 0.36914062 0.23632812
v 0.07617188 0.38476562 0.23242188
v 0.07617188 0.39257812 0.21679688
v 0.07617188 0.40429688 -0.18164062
v 0.07617188 0.41992188 0.18945312
v 0.07617188 0.43945312 -0.14257812
v 0.08007812 -0.47460938 0.13085938
v 0.08007812 -0.47460938 0.14257812
v 0.08007812 -0.47460938 0.15039062
v 0.08007812 -0.47070312 0.15429688
v 0.08007812 -0.46679688 0.11914062
v 0.08007812 -0.46289062 0.15820312
v 0.08007812 -0.40429688 0.05273438
v 0.08007812 -0.39648438 0.13085938
v 0.08007812 -0.38085938 0.03710938
v 0.08007812 -0.37695312 0.11914062
v 0.08007812 -0.36523438 0.02929688
v 0.08007812 -0.31445312 0.20507812
v 0.08007812 -0.28710938 -0.27539062
v 0.08007812 -0.03710938 -0.33398438
v 0.08007812 0.04101562 -0.31835938
v 0.08007812 0.17382812 0.29492188
v 0.08007812 0.30664062 0.25976562
v 0.08007812 0.31835938 0.26757812
v 0.08007812 0.32617188 0.26757812
v 0.08007812 0.33007812 0.26757812
v 0.08007812 0.33398438 0.26367188
v 0.08007812 0.33789062 0.24804688
v 0.08007812 0.33789062 0.25585938
v 0.08007812 0.34179688 0.24023438
v 0.08007812 0.34570312 0.24023438
v 0.08007812 0.35351562 -0.21289062
v 0.08007812 0.35351562 0.23632812
v 0.08007812 0.38476562 -0.19335938
v 0.08007812 0.45507812 0.13867188
v 0.08007812 0.47460938 0.09179688
v 0.08007812 0.47851562 -0.06835938
v 0.08398438 -0.48242188 0.15039062
v 0.08398438 -0.47851562 0.12304688
v 0.08398438 -0.45507812 0.09960938
v 0.08398438 -0.44335938 0.15820312
v 0.08398438 -0.43945312 0.08007812
v 0.08398438 -0.42382812 0.06835938
v 0.08398438 -0.42382812 0.14257812
v 0.08398438 -0.35742188 0.10742188
v 0.08398438 -0.35351562 0.02539062
v 0.08398438 -0.34179688 0.02539062
v 0.08398438 -0.33398438 0.09960938
v 0.08398438 -0.30273438 -0.25195312
v 0.08398438 -0.30273438 -0.23242188
v 0.08398438 -0.30273438 0.23632812
v 0.08398438 -0.29882812 -0.26367188
v 0.08398438 -0.25585938 0.31445312
v 0.08398438 -0.24804688 -0.31835938
v 0.08398438 -0.13867188 0.34570312
v 0.08398438 0.02929688 0.32226562
v 0.08398438 0.29101562 -0.24023438
v 0.08398438 0.29882812 0.25976562
v 0.08398438 0.30664062 0.25976562
v 0.08398438 0.31054688 0.26367188
v 0.08398438 0.32226562 0.27148438
v 0.08398438 0.32617188 -0.22460938
v 0.08398438 0.32617188 0.27148438
v 0.08398438 0.33398438 0.26367188
v 0.08398438 0.33398438 0.26757812
v 0.08398438 0.33789062 0.25585938
v 0.08398438 0.34179688 0.25195312
v 0.08398438 0.42382812 0.17773438
v 0.08398438 0.45117188 -0.12695312
v 0.08398438 0.45898438 -0.10742188
v 0.08398438 0.47851562 0.06445312
v 0.08398438 0.48242188 -0.04882812
v 0.08789062 -0.48632812 0.13476562
v 0.08789062 -0.48242188 0.16210938
v 0.08789062 -0.47851562 0.17382812
v 0.08789062 -0.47070312 0.16992188
v 0.08789062 -0.45898438 0.16992188
v 0.08789062 -0.41992188 0.14648438
v 0.08789062 -0.40039062 0.13867188
v 0.08789062 -0.39648438 0.04101562
v 0.08789062 -0.36914062 0.11914062
v 0.08789062 -0.34570312 0.10742188
v 0.08789062 -0.33007812 0.10742188
v 0.08789062 -0.31835938 0.17773438
v 0.08789062 -0.29101562 0.26757812
v 0.08789062 -0.27539062 -0.28710938
v 0.08789062 -0.22070312 0.33398438
v 0.08789062 -0.08789062 -0.34179688
v 0.08789062 0.14648438 0.29882812
v 0.08789062 0.16601562 -0.27929688
v 0.08789062 0.20898438 0.28710938
v 0.08789062 0.30273438 0.25585938
v 0.08789062 0.31835938 0.26757812
v 0.08789062 0.32226562 0.27148438
v 0.08789062 0.33007812 0.27148438
v 0.08789062 0.33398438 0.26757812
v 0.08789062 0.33789062 0.25976562
v 0.08789062 0.34179688 0.24414062
v 0.08789062 0.34179688 0.25195312
v 0.08789062 0.34570312 0.23242188
v 0.08789062 0.40039062 0.20117188
v 0.08789062 0.41210938 0.18945312
v 0.08789062 0.43554688 0.16210938
v 0.08789062 0.48242188 0.00195312
v 0.09179688 -0.48632812 0.12695312
v 0.09179688 -0.48632812 0.15039062
v 0.09179688 -0.48632812 0.15820312
v 0.09179688 -0.48242188 0.16992188
v 0.09179688 -0.47460938 0.10742188
v 0.09179688 -0.43164062 0.15429688
v 0.09179688 -0.36914062 0.02539062
v 0.09179688 -0.33789062 -0.08398438
v 0.09179688 -0.33007812 -0.12304688
v 0.09179688 -0.33007812 0.10351562
v 0.09179688 -0.31054688 -0.24414062
v 0.09179688 -0.30664062 -0.25585938
v 0.09179688 -0.29492188 -0.27148438
v 0.09179688 -0.28320312 -0.27929688
v 0.09179688 -0.01367188 0.33007812
v 0.09179688 0.21679688 -0.26367188
v 0.09179688 0.27148438 0.26367188
v 0.09179688 0.30664062 0.25976562
v 0.09179688 0.31054688 0.26367188
v 0.09179688 0.31445312 0.26757812
v 0.09179688 0.33007812 0.26757812
v 0.09179688 0.33789062 0.25976562
v 0.09179688 0.34179688 0.23632812
v 0.09179688 0.36132812 0.22851562
v 0.09179688 0.38085938 0.22851562
v 0.09179688 0.41992188 -0.15820312
v 0.09179688 0.46289062 0.11132812
v 0.09179688 0.48242188 -0.02929688
v 0.09570312 -0.49023438 0.14257812
v 0.09570312 -0.49023438 0.15429688
v 0.09570312 -0.48632812 0.16601562
v 0.09570312 -0.47851562 0.17773438
v 0.09570312 -0.47460938 0.18554688
v 0.09570312 -0.46679688 0.18164062
v 0.09570312 -0.46289062 0.09179688
v 0.09570312 -0.45507812 0.18164062
v 0.09570312 -0.45117188 0.08007812
v 0.09570312 -0.44335938 0.16601562
v 0.09570312 -0.43945312 0.07226562
v 0.09570312 -0.42773438 0.06445312
v 0.09570312 -0.38867188 0.03320312
v 0.09570312 -0.38867188 0.13476562
v 0.09570312 -0.36523438 0.11914062
v 0.09570312 -0.34960938 0.02148438
v 0.09570312 -0.34179688 0.10742188
v 0.09570312 -0.33789062 0.02148438
v 0.09570312 -0.32226562 0.15429688
v 0.09570312 -0.30664062 -0.23242188
v 0.09570312 -0.30273438 -0.26367188
v 0.09570312 -0.30273438 -0.22070312
v 0.09570312 -0.23242188 -0.32617188
v 0.09570312 -0.21289062 -0.33398438
v 0.09570312 -0.19726562 0.33789062
v 0.09570312 -0.17382812 0.34179688
v 0.09570312 0.11132812 0.29492188
v 0.09570312 0.12304688 0.29101562
v 0.09570312 0.29882812 0.25195312
v 0.09570312 0.30273438 0.25585938
v 0.09570312 0.31835938 0.26757812
v 0.09570312 0.32226562 0.27148438
v 0.09570312 0.32617188 0.27148438
v 0.09570312 0.33398438 0.26367188
v 0.09570312 0.33789062 0.24023438
v 0.09570312 0.34179688 0.23242188
v 0.09570312 0.34179688 0.25195312
v 0.09570312 0.35351562 0.23242188
v 0.09570312 0.36914062 -0.19726562
v 0.09570312 0.38867188 0.21679688
v 0.09570312 0.46679688 -0.08398438
v 0.09570312 0.47851562 0.03710938
v 0.09960938 -0.49023438 0.12695312
v 0.09960938 -0.48632812 0.11914062
v 0.09960938 -0.46289062 0.18945312
v 0.09960938 -0.41210938 0.04882812
v 0.09960938 -0.41210938 0.14648438
v 0.09960938 -0.35742188 0.02148438
v 0.09960938 -0.33789062 -0.02148438
v 0.09960938 -0.30664062 -0.20898438
v 0.09960938 -0.12304688 -0.34179688
v 0.09960938 -0.08398438 0.34179688
v 0.09960938 0.07617188 -0.30273438
v 0.09960938 0.13476562 0.29492188
v 0.09960938 0.25976562 -0.24804688
v 0.09960938 0.30273438 0.25585938
v 0.09960938 0.31054688 0.25976562
v 0.09960938 0.31445312 0.26757812
v 0.09960938 0.31835938 0.26757812
v 0.09960938 0.32617188 0.26757812
v 0.09960938 0.33007812 0.26757812
v 0.09960938 0.33398438 0.25976562
v 0.09960938 0.33789062 0.25195312
v 0.09960938 0.43945312 -0.13476562
v 0.09960938 0.45117188 -0.11132812
v 0.09960938 0.46679688 0.08789062
v 0.10351562 -0.49023438 0.14257812
v 0.10351562 -0.48242188 0.10742188
v 0.10351562 -0.48242188 0.17382812
v 0.10351562 -0.47851562 0.18554688
v 0.10351562 -0.43164062 0.16210938
v 0.10351562 -0.38085938 0.13085938
v 0.10351562 -0.37695312 0.02539062
v 0.10351562 -0.33398438 0.01757812
v 0.10351562 -0.32617188 0.10351562
v 0.10351562 -0.32226562 -0.15429688
v 0.10351562 -0.31054688 -0.24414062
v 0.10351562 -0.31054688 -0.18945312
v 0.10351562 -0.30664062 -0.25585938
v 0.10351562 -0.30664062 -0.21679688
v 0.10351562 -0.30273438 -0.26757812
v 0.10351562 -0.29101562 -0.27929688
v 0.10351562 -0.27929688 -0.28320312
v 0.10351562 -0.27929688 0.27929688
v 0.10351562 -0.26757812 0.29492188
v 0.10351562 -0.24023438 0.31835938
v 0.10351562 -0.15820312 -0.33789062
v 0.10351562 0.06835938 0.30664062
v 0.10351562 0.13476562 -0.28710938
v 0.10351562 0.22851562 0.27539062
v 0.10351562 0.29882812 0.24804688
v 0.10351562 0.30273438 0.25195312
v 0.10351562 0.30664062 0.25585938
v 0.10351562 0.31835938 0.26367188
v 0.10351562 0.32617188 0.26367188
v 0.10351562 0.33007812 0.25976562
v 0.10351562 0.33398438 0.24023438
v 0.10351562 0.33398438 0.24414062
v 0.10351562 0.33789062 0.23242188
v 0.10351562 0.34570312 0.22851562
v 0.10351562 0.41601562 0.17382812
v 0.10351562 0.44726562 0.13867188
v 0.10351562 0.47070312 -0.06054688
v 0.10742188 -0.49414062 0.12695312
v 0.10742188 -0.48632812 0.15820312
v 0.10742188 -0.46679688 0.19335938
v 0.10742188 -0.45507812 0.19335938
v 0.10742188 -0.45117188 0.07226562
v 0.10742188 -0.44726562 0.18164062
v 0.10742188 -0.41601562 0.04492188
v 0.10742188 -0.40039062 0.14257812
v 0.10742188 -0.35742188 0.11914062
v 0.10742188 -0.34570312 0.02148438
v 0.10742188 -0.33789062 0.10742188
v 0.10742188 -0.33398438 -0.04882812
v 0.10742188 -0.33398438 0.00585938
v 0.10742188 -0.31054688 -0.22851562
v 0.10742188 -0.29101562 -0.27539062
v 0.10742188 -0.12695312 0.34179688
v 0.10742188 -0.04492188 0.33398438
v 0.10742188 0.00585938 -0.32226562
v 0.10742188 0.01367188 0.31835938
v 0.10742188 0.15429688 0.29492188
v 0.10742188 0.29882812 -0.23242188
v 0.10742188 0.30664062 0.24414062
v 0.10742188 0.30664062 0.24804688
v 0.10742188 0.31054688 0.25976562
v 0.10742188 0.31445312 0.25195312
v 0.10742188 0.31835938 0.24023438
v 0.10742188 0.31835938 0.25976562
v 0.10742188 0.32226562 0.23632812
v 0.10742188 0.32226562 0.26367188
v 0.10742188 0.32617188 0.24023438
v 0.10742188 0.32617188 0.25585938
v 0.10742188 0.33007812 0.23632812
v 0.10742188 0.33007812 0.24414062
v 0.10742188 0.33007812 0.25195312
v 0.10742188 0.33789062 -0.21289062
v 0.10742188 0.39257812 -0.17773438
v 0.10742188 0.40039062 0.18945312
v 0.10742188 0.45507812 -0.09570312
v 0.10742188 0.47851562 -0.00976562
v 0.11132812 -0.49414062 0.11914062
v 0.11132812 -0.47460938 0.09570312
v 0.11132812 -0.47070312 0.19726562
v 0.11132812 -0.43945312 0.06054688
v 0.11132812 -0.43554688 0.17382812
v 0.11132812 -0.40820312 0.04101562
v 0.11132812 -0.33398438 0.02148438
v 0.11132812 -0.32226562 0.11523438
v 0.11132812 -0.32226562 0.13867188
v 0.11132812 -0.31445312 -0.23242188
v 0.11132812 -0.31054688 -0.25976562
v 0.11132812 -0.31054688 0.19335938
v 0.11132812 -0.30664062 0.21679688
v 0.11132812 -0.28710938 -0.27929688
v 0.11132812 -0.26367188 -0.29492188
v 0.11132812 -0.21679688 0.32617188
v 0.11132812 0.11914062 0.28710938
v 0.11132812 0.13476562 0.28710938
v 0.11132812 0.32226562 0.24804688
v 0.11132812 0.36914062 0.22070312
v 0.11132812 0.38085938 0.21289062
v 0.11523438 -0.46679688 0.08007812
v 0.11523438 -0.43945312 0.18554688
v 0.11523438 -0.41992188 0.15429688
v 0.11523438 -0.37304688 0.02539062
v 0.11523438 -0.31835938 -0.25195312
v 0.11523438 -0.30273438 -0.20898438
v 0.11523438 -0.29492188 0.24414062
v 0.11523438 -0.27539062 -0.27929688
v 0.11523438 -0.19726562 -0.33007812
v 0.11523438 -0.17773438 -0.33398438
v 0.11523438 -0.16210938 0.33789062
v 0.11523438 -0.09960938 -0.33789062
v 0.11523438 0.16992188 -0.27148438
v 0.11523438 0.25976562 0.25976562
v 0.11523438 0.41601562 -0.14648438
v 0.11523438 0.42773438 0.15429688
v 0.11523438 0.46679688 0.06445312
v 0.11523438 0.47460938 -0.03320312
v 0.11523438 0.47460938 0.01367188
v 0.11914062 -0.49414062 0.12304688
v 0.11914062 -0.49023438 0.10742188
v 0.11914062 -0.48242188 0.09960938
v 0.11914062 -0.47460938 0.19335938
v 0.11914062 -0.46289062 0.07226562
v 0.11914062 -0.45507812 0.20507812
v 0.11914062 -0.44726562 0.20117188
v 0.11914062 -0.44335938 0.19726562
v 0.11914062 -0.43554688 0.05664062
v 0.11914062 -0.43164062 0.17773438
v 0.11914062 -0.40039062 0.14257812
v 0.11914062 -0.35742188 0.11523438
v 0.11914062 -0.32226562 -0.24023438
v 0.11914062 -0.32226562 0.09960938
v 0.11914062 -0.31054688 -0.21679688
v 0.11914062 -0.30273438 -0.27929688
v 0.11914062 -0.29101562 -0.28320312
v 0.11914062 -0.28320312 0.26367188
v 0.11914062 -0.27929688 -0.28320312
v 0.11914062 -0.25195312 0.30273438
v 0.11914062 -0.05664062 -0.33007812
v 0.11914062 0.14648438 0.28710938
v 0.11914062 0.43945312 -0.11132812
v 0.11914062 0.45117188 0.11523438
v 0.12304688 -0.49414062 0.11523438
v 0.12304688 -0.46679688 0.20117188
v 0.12304688 -0.45898438 0.20898438
v 0.12304688 -0.43164062 0.18945312
v 0.12304688 -0.42773438 0.16210938
v 0.12304688 -0.39257812 0.03320312
v 0.12304688 -0.38085938 0.13085938
v 0.12304688 -0.34570312 0.01757812
v 0.12304688 -0.33007812 -0.00976562
v 0.12304688 -0.33007812 0.01757812
v 0.12304688 -0.32617188 -0.09179688
v 0.12304688 -0.32617188 0.01367188
v 0.12304688 -0.32617188 0.09960938
v 0.12304688 -0.32226562 -0.25976562
v 0.12304688 -0.31445312 0.16992188
v 0.12304688 -0.31054688 -0.27148438
v 0.12304688 -0.24023438 -0.30664062
v 0.12304688 -0.22070312 -0.31835938
v 0.12304688 -0.19335938 0.33007812
v 0.12304688 -0.09179688 0.33398438
v 0.12304688 0.14257812 0.27539062
v 0.12304688 0.18554688 0.27929688
v 0.12304688 0.21679688 -0.25195312
v 0.12304688 0.22070312 0.26757812
v 0.12304688 0.28320312 0.24414062
v 0.12304688 0.31445312 0.23242188
v 0.12304688 0.32617188 0.22851562
v 0.12304688 0.36523438 -0.18945312
v 0.12304688 0.43945312 0.13476562
v 0.12304688 0.47070312 0.04101562
v 0.12695312 -0.49023438 0.13867188
v 0.12695312 -0.48632812 0.09960938
v 0.12695312 -0.44726562 0.20898438
v 0.12695312 -0.43945312 0.20507812
v 0.12695312 -0.43164062 0.19726562
v 0.12695312 -0.42773438 0.17382812
v 0.12695312 -0.42773438 0.18164062
v 0.12695312 -0.36914062 0.02539062
v 0.12695312 -0.34179688 0.10742188
v 0.12695312 -0.31835938 -0.22070312
v 0.12695312 -0.27148438 -0.27929688
v 0.12695312 -0.26757812 -0.28320312
v 0.12695312 0.05273438 0.30273438
v 0.12695312 0.11914062 0.27929688
v 0.12695312 0.13476562 0.27539062
v 0.12695312 0.26367188 -0.23242188
v 0.12695312 0.29882812 0.23632812
v 0.12695312 0.35351562 0.21289062
v 0.12695312 0.37695312 0.20507812
v 0.12695312 0.40820312 0.16601562
v 0.12695312 0.45507812 0.08789062
v 0.13085938 -0.49414062 0.10351562
v 0.13085938 -0.47851562 0.08789062
v 0.13085938 -0.47460938 0.18554688
v 0.13085938 -0.45117188 0.06445312
v 0.13085938 -0.45117188 0.21289062
v 0.13085938 -0.42382812 0.04882812
v 0.13085938 -0.42382812 0.17773438
v 0.13085938 -0.41601562 0.15039062
v 0.13085938 -0.38476562 0.13085938
v 0.13085938 -0.36132812 0.11523438
v 0.13085938 -0.32617188 -0.24414062
v 0.13085938 -0.32617188 -0.22851562
v 0.13085938 -0.31835938 0.09570312
v 0.13085938 -0.31054688 -0.20898438
v 0.13085938 -0.30664062 -0.18554688
v 0.13085938 -0.29882812 -0.20117188
v 0.13085938 -0.28320312 -0.28710938
v 0.13085938 -0.27539062 -0.28710938
v 0.13085938 -0.23242188 0.31054688
v 0.13085938 -0.13085938 -0.33007812
v 0.13085938 -0.01757812 -0.31835938
v 0.13085938 -0.00976562 0.31835938
v 0.13085938 0.05273438 -0.30273438
v 0.13085938 0.11132812 -0.28320312
v 0.13085938 0.16210938 0.27929688
v 0.13085938 0.29882812 -0.21679688
v 0.13085938 0.33007812 -0.20507812
v 0.13085938 0.33789062 0.22070312
v 0.13085938 0.41992188 -0.13085938
v 0.13085938 0.45898438 -0.07226562
v 0.13085938 0.47070312 -0.00585938
v 0.13476562 -0.49414062 0.11132812
v 0.13476562 -0.48242188 0.16601562
v 0.13476562 -0.46289062 0.20898438
v 0.13476562 -0.42773438 0.20898438
v 0.13476562 -0.42382812 0.16601562
v 0.13476562 -0.42382812 0.18945312
v 0.13476562 -0.40039062 0.13867188
v 0.13476562 -0.34179688 0.01757812
v 0.13476562 -0.33007812 0.09570312
v 0.13476562 -0.32617188 -0.06054688
v 0.13476562 -0.32617188 -0.02539062
v 0.13476562 -0.31835938 -0.26757812
v 0.13476562 -0.31835938 0.09960938
v 0.13476562 -0.31445312 -0.27929688
v 0.13476562 -0.31445312 -0.15820312
v 0.13476562 -0.29882812 -0.28710938
v 0.13476562 -0.29882812 -0.20117188
v 0.13476562 -0.26757812 0.27929688
v 0.13476562 -0.21289062 0.31835938
v 0.13476562 -0.13476562 0.33398438
v 0.13476562 -0.05273438 0.32226562
v 0.13476562 0.15039062 0.27539062
v 0.13476562 0.38476562 -0.16601562
v 0.13476562 0.38476562 0.19335938
v 0.13476562 0.38867188 0.18164062
v 0.13476562 0.42382812 0.14257812
v 0.13476562 0.44335938 -0.09179688
v 0.13476562 0.46289062 -0.04492188
v 0.13867188 -0.48632812 0.09570312
v 0.13867188 -0.47460938 0.08007812
v 0.13867188 -0.46289062 0.07226562
v 0.13867188 -0.43554688 0.21679688
v 0.13867188 -0.43164062 0.05664062
v 0.13867188 -0.41992188 0.15820312
v 0.13867188 -0.41992188 0.17382812
v 0.13867188 -0.41601562 0.20117188
v 0.13867188 -0.39257812 0.03710938
v 0.13867188 -0.37695312 0.11914062
v 0.13867188 -0.36914062 0.02539062
v 0.13867188 -0.35351562 0.10742188
v 0.13867188 -0.32617188 0.01367188
v 0.13867188 -0.32226562 -0.21289062
v 0.13867188 -0.31835938 -0.12304688
v 0.13867188 -0.30273438 0.20117188
v 0.13867188 -0.29492188 0.22851562
v 0.13867188 -0.28710938 -0.29101562
v 0.13867188 -0.16992188 0.32617188
v 0.13867188 -0.09570312 -0.32617188
v 0.13867188 0.18164062 0.27148438
v 0.13867188 0.24023438 0.25585938
v 0.13867188 0.45507812 0.06054688
v 0.14257812 -0.48632812 0.14257812
v 0.14257812 -0.46289062 0.20507812
v 0.14257812 -0.45507812 0.21679688
v 0.14257812 -0.43945312 0.22070312
v 0.14257812 -0.42382812 0.21679688
v 0.14257812 -0.41992188 0.16601562
v 0.14257812 -0.41601562 0.17773438
v 0.14257812 -0.39257812 0.13085938
v 0.14257812 -0.34570312 0.09960938
v 0.14257812 -0.32617188 -0.25976562
v 0.14257812 -0.32226562 -0.00585938
v 0.14257812 -0.31835938 0.08789062
v 0.14257812 -0.31445312 0.13476562
v 0.14257812 -0.30664062 -0.28320312
v 0.14257812 -0.30273438 -0.20117188
v 0.14257812 -0.26367188 -0.27929688
v 0.14257812 0.00976562 -0.30664062
v 0.14257812 0.14648438 0.26757812
v 0.14257812 0.16992188 -0.25976562
v 0.14257812 0.26367188 0.24414062
v 0.14257812 0.43945312 0.10742188
v 0.14257812 0.46289062 0.01757812
v 0.14648438 -0.49414062 0.10351562
v 0.14648438 -0.44726562 0.06445312
v 0.14648438 -0.44726562 0.22460938
v 0.14648438 -0.43164062 0.22851562
v 0.14648438 -0.41210938 0.14648438
v 0.14648438 -0.41210938 0.18554688
v 0.14648438 -0.41210938 0.21679688
v 0.14648438 -0.40820312 0.20898438
v 0.14648438 -0.40429688 0.19726562
v 0.14648438 -0.38085938 0.11523438
v 0.14648438 -0.37695312 0.03320312
v 0.14648438 -0.33789062 0.01757812
v 0.14648438 -0.33007812 -0.23632812
v 0.14648438 -0.32617188 -0.22070312
v 0.14648438 -0.18164062 -0.32226562
v 0.14648438 -0.15429688 -0.32226562
v 0.14648438 -0.10351562 0.32617188
v 0.14648438 -0.06445312 -0.31835938
v 0.14648438 0.06835938 0.28710938
v 0.14648438 0.13867188 0.26757812
v 0.14648438 0.20117188 0.26367188
v 0.14648438 0.21679688 -0.24023438
v 0.14648438 0.29101562 0.22851562
v 0.14648438 0.36523438 0.19726562
v 0.14648438 0.38085938 0.18554688
v 0.14648438 0.39648438 -0.14648438
v 0.14648438 0.40429688 0.15429688
v 0.14648438 0.42773438 -0.11132812
v 0.14648438 0.45898438 -0.02929688
v 0.15039062 -0.49414062 0.10742188
v 0.15039062 -0.49023438 0.12304688
v 0.15039062 -0.46679688 0.07617188
v 0.15039062 -0.46679688 0.19335938
v 0.15039062 -0.45898438 0.21679688
v 0.15039062 -0.41992188 0.15820312
v 0.15039062 -0.41992188 0.22460938
v 0.15039062 -0.41601562 0.05273438
v 0.15039062 -0.41601562 0.16992188
v 0.15039062 -0.40820312 0.17773438
v 0.15039062 -0.39648438 0.12304688
v 0.15039062 -0.36132812 0.10351562
v 0.15039062 -0.33398438 0.08789062
v 0.15039062 -0.32226562 -0.27148438
v 0.15039062 -0.32226562 0.00585938
v 0.15039062 -0.32226562 0.01367188
v 0.15039062 -0.31445312 -0.20507812
v 0.15039062 -0.30664062 0.16992188
v 0.15039062 -0.29492188 -0.20117188
v 0.15039062 -0.28320312 0.24414062
v 0.15039062 -0.27539062 0.25976562
v 0.15039062 -0.27148438 -0.28710938
v 0.15039062 -0.25195312 -0.28320312
v 0.15039062 -0.21679688 0.30664062
v 0.15039062 0.02539062 0.30273438
v 0.15039062 0.15820312 0.26757812
v 0.15039062 0.26367188 -0.22460938
v 0.15039062 0.31054688 0.22070312
v 0.15039062 0.33789062 -0.18945312
v 0.15039062 0.34179688 0.20507812
v 0.15039062 0.35742188 -0.17382812
v 0.15039062 0.44335938 -0.07226562
v 0.15429688 -0.49023438 0.09570312
v 0.15429688 -0.48242188 0.08789062
v 0.15429688 -0.43945312 0.06835938
v 0.15429688 -0.41601562 0.14257812
v 0.15429688 -0.41210938 0.13085938
v 0.15429688 -0.40820312 0.05273438
v 0.15429688 -0.40039062 0.19335938
v 0.15429688 -0.40039062 0.20117188
v 0.15429688 -0.40039062 0.21679688
v 0.15429688 -0.36523438 0.03320312
v 0.15429688 -0.34960938 0.09179688
v 0.15429688 -0.33398438 0.02148438
v 0.15429688 -0.33007812 -0.24804688
v 0.15429688 -0.32226562 0.08007812
v 0.15429688 -0.31445312 0.07617188
v 0.15429688 -0.29882812 -0.29101562
v 0.15429688 -0.28710938 -0.29101562
v 0.15429688 -0.24804688 0.28710938
v 0.15429688 -0.23242188 -0.29492188
v 0.15429688 -0.07617188 0.31835938
v 0.15429688 -0.01757812 0.30664062
v 0.15429688 0.07226562 -0.28320312
v 0.15429688 0.10742188 0.27148438
v 0.15429688 0.12304688 -0.26757812
v 0.15429688 0.29882812 -0.20898438
v 0.15429688 0.38867188 0.16992188
v 0.15429688 0.40429688 -0.12695312
v 0.15820312 -0.49414062 0.10351562
v 0.15820312 -0.47851562 0.08789062
v 0.15820312 -0.45898438 0.07617188
v 0.15820312 -0.44726562 0.22851562
v 0.15820312 -0.43554688 0.23242188
v 0.15820312 -0.42382812 0.23242188
v 0.15820312 -0.41210938 0.22851562
v 0.15820312 -0.40820312 0.16992188
v 0.15820312 -0.40429688 0.22460938
v 0.15820312 -0.40039062 0.11914062
v 0.15820312 -0.38085938 0.04492188
v 0.15820312 -0.38085938 0.10742188
v 0.15820312 -0.35742188 0.03320312
v 0.15820312 -0.35742188 0.09179688
v 0.15820312 -0.33789062 0.08007812
v 0.15820312 -0.33398438 0.02539062
v 0.15820312 -0.32617188 -0.21289062
v 0.15820312 -0.31835938 -0.27929688
v 0.15820312 -0.31835938 -0.09179688
v 0.15820312 -0.31835938 0.01757812
v 0.15820312 -0.27539062 -0.29101562
v 0.15820312 -0.23242188 0.29492188
v 0.15820312 -0.20898438 -0.30664062
v 0.15820312 -0.19335938 0.31054688
v 0.15820312 -0.15820312 0.31835938
v 0.15820312 -0.02929688 -0.31054688
v 0.15820312 0.16992188 0.26367188
v 0.15820312 0.32226562 0.20898438
v 0.15820312 0.43945312 0.07617188
v 0.15820312 0.45117188 -0.04492188
v 0.15820312 0.45507812 -0.00976562
v 0.16210938 -0.49023438 0.09960938
v 0.16210938 -0.48632812 0.09570312
v 0.16210938 -0.47851562 0.16601562
v 0.16210938 -0.47070312 0.08789062
v 0.16210938 -0.45898438 0.20898438
v 0.16210938 -0.45507812 0.08007812
v 0.16210938 -0.45117188 0.22070312
v 0.16210938 -0.43164062 0.07226562
v 0.16210938 -0.42382812 0.13476562
v 0.16210938 -0.41992188 0.14648438
v 0.16210938 -0.41601562 0.15820312
v 0.16210938 -0.41210938 0.06445312
v 0.16210938 -0.40039062 0.17382812
v 0.16210938 -0.39648438 0.10742188
v 0.16210938 -0.39648438 0.18554688
v 0.16210938 -0.39257812 0.20117188
v 0.16210938 -0.39257812 0.20898438
v 0.16210938 -0.37695312 0.09179688
v 0.16210938 -0.36914062 0.04492188
v 0.16210938 -0.34960938 0.07226562
v 0.16210938 -0.32617188 0.06835938
v 0.16210938 -0.31835938 -0.02929688
v 0.16210938 -0.31835938 -0.00195312
v 0.16210938 -0.31835938 0.01757812
v 0.16210938 -0.31835938 0.02539062
v 0.16210938 -0.31445312 0.06835938
v 0.16210938 -0.31054688 -0.28710938
v 0.16210938 -0.31054688 0.08398438
v 0.16210938 -0.30273438 -0.16992188
v 0.16210938 -0.29492188 -0.18945312
v 0.16210938 -0.25585938 -0.27148438
v 0.16210938 -0.11914062 -0.31835938
v 0.16210938 0.15039062 0.25585938
v 0.16210938 0.16210938 0.25585938
v 0.16210938 0.23242188 -0.22851562
v 0.16210938 0.23242188 0.24414062
v 0.16210938 0.26367188 0.23242188
v 0.16210938 0.37304688 0.17773438
v 0.16210938 0.39648438 0.15039062
v 0.16210938 0.41601562 0.12304688
v 0.16210938 0.42773438 -0.08398438
v 0.16210938 0.44335938 0.05273438
v 0.16210938 0.45117188 0.00195312
v 0.16601562 -0.49023438 0.11523438
v 0.16601562 -0.48632812 0.13476562
v 0.16601562 -0.45117188 0.08789062
v 0.16601562 -0.43554688 0.23242188
v 0.16601562 -0.43164062 0.08007812
v 0.16601562 -0.42773438 0.13867188
v 0.16601562 -0.41992188 0.12304688
v 0.16601562 -0.41992188 0.15039062
v 0.16601562 -0.41601562 0.23242188
v 0.16601562 -0.41210938 0.11523438
v 0.16601562 -0.39648438 0.22070312
v 0.16601562 -0.39257812 0.06445312
v 0.16601562 -0.39257812 0.21679688
v 0.16601562 -0.37695312 0.08398438
v 0.16601562 -0.37304688 0.06445312
v 0.16601562 -0.36523438 0.04882812
v 0.16601562 -0.35351562 0.06445312
v 0.16601562 -0.34179688 0.04492188
v 0.16601562 -0.33398438 -0.22460938
v 0.16601562 -0.33007812 0.03320312
v 0.16601562 -0.33007812 0.05664062
v 0.16601562 -0.32617188 0.04492188
v 0.16601562 -0.31445312 0.03320312
v 0.16601562 -0.31445312 0.04101562
v 0.16601562 -0.31445312 0.05664062
v 0.16601562 -0.30664062 -0.20117188
v 0.16601562 -0.29101562 -0.20117188
v 0.16601562 -0.28710938 -0.29101562
v 0.16601562 -0.26367188 -0.28320312
v 0.16601562 -0.12695312 0.31835938
v 0.16601562 0.13085938 0.25976562
v 0.16601562 0.17773438 -0.24414062
v 0.16601562 0.18554688 0.25585938
v 0.16601562 0.30273438 -0.19726562
v 0.16601562 0.33398438 -0.17773438
v 0.16601562 0.35351562 0.18554688
v 0.16601562 0.36523438 -0.15820312
v 0.16601562 0.44726562 -0.02539062
v 0.16601562 0.44726562 0.01367188
v 0.16992188 -0.49023438 0.11132812
v 0.16992188 -0.48632812 0.10351562
v 0.16992188 -0.48242188 0.09960938
v 0.16992188 -0.47460938 0.09960938
v 0.16992188 -0.46679688 0.09179688
v 0.16992188 -0.46289062 0.18945312
v 0.16992188 -0.44335938 0.22851562
v 0.16992188 -0.43554688 0.09570312
v 0.16992188 -0.42382812 0.23632812
v 0.16992188 -0.41601562 0.08398438
v 0.16992188 -0.41210938 0.10742188
v 0.16992188 -0.40820312 0.09570312
v 0.16992188 -0.40429688 0.16601562
v 0.16992188 -0.40429688 0.22851562
v 0.16992188 -0.40039062 0.07617188
v 0.16992188 -0.39648438 0.09570312
v 0.16992188 -0.39257812 0.18164062
v 0.16992188 -0.38867188 0.19335938
v 0.16992188 -0.38867188 0.20507812
v 0.16992188 -0.38085938 0.07617188
v 0.16992188 -0.33007812 -0.25976562
v 0.16992188 -0.31054688 0.05664062
v 0.16992188 -0.30664062 0.10742188
v 0.16992188 -0.29492188 0.19726562
v 0.16992188 -0.18164062 -0.30664062
v 0.16992188 -0.03710938 0.30664062
v 0.16992188 0.20507812 0.25195312
v 0.16992188 0.26757812 -0.21289062
v 0.16992188 0.40820312 -0.10351562
v 0.16992188 0.42382812 0.09179688
v 0.16992188 0.43945312 -0.03710938
v 0.16992188 0.43945312 0.02929688
v 0.17382812 -0.48632812 0.10742188
v 0.17382812 -0.47460938 0.10351562
v 0.17382812 -0.45898438 0.09960938
v 0.17382812 -0.43164062 0.12695312
v 0.17382812 -0.42773438 0.11914062
v 0.17382812 -0.42382812 0.09960938
v 0.17382812 -0.42382812 0.10742188
v 0.17382812 -0.41210938 0.15820312
v 0.17382812 -0.40820312 0.23242188
v 0.17382812 -0.39257812 0.22070312
v 0.17382812 -0.32226562 -0.27539062
v 0.17382812 -0.31835938 -0.20507812
v 0.17382812 -0.31054688 0.03320312
v 0.17382812 -0.30664062 -0.13867188
v 0.17382812 -0.29882812 -0.29101562
v 0.17382812 -0.15429688 -0.31445312
v 0.17382812 -0.07617188 -0.31054688
v 0.17382812 0.02148438 -0.29101562
v 0.17382812 0.04882812 0.27929688
v 0.17382812 0.07617188 -0.26757812
v 0.17382812 0.16992188 0.25195312
v 0.17382812 0.27148438 0.22070312
v 0.17382812 0.31835938 0.19726562
v 0.17382812 0.38476562 -0.12695312
v 0.17382812 0.39648438 0.13476562
v 0.17382812 0.43164062 0.06445312
v 0.17382812 0.43554688 -0.05273438
v 0.17382812 0.44335938 -0.02539062
v 0.17382812 0.44335938 -0.01367188
v 0.17382812 0.44335938 -0.00585938
v 0.17382812 0.44335938 0.00585938
v 0.17773438 -0.48632812 0.12695312
v 0.17773438 -0.47851562 0.10351562
v 0.17773438 -0.47070312 0.10742188
v 0.17773438 -0.45507812 0.10742188
v 0.17773438 -0.45117188 0.21289062
v 0.17773438 -0.44335938 0.11132812
v 0.17773438 -0.44335938 0.12304688
v 0.17773438 -0.43945312 0.11523438
v 0.17773438 -0.43164062 0.13476562
v 0.17773438 -0.43164062 0.22851562
v 0.17773438 -0.41992188 0.15039062
v 0.17773438 -0.39257812 0.17382812
v 0.17773438 -0.38867188 0.18554688
v 0.17773438 -0.38867188 0.21289062
v 0.17773438 -0.33398438 -0.23632812
v 0.17773438 -0.31445312 -0.06054688
v 0.17773438 -0.31054688 0.00585938
v 0.17773438 -0.30273438 0.13867188
v 0.17773438 -0.29882812 0.17382812
v 0.17773438 -0.28710938 -0.19726562
v 0.17773438 -0.28320312 0.21679688
v 0.17773438 -0.27539062 -0.29101562
v 0.17773438 -0.25976562 0.25976562
v 0.17773438 -0.21679688 0.29492188
v 0.17773438 -0.06445312 0.30273438
v 0.17773438 0.08398438 0.26367188
v 0.17773438 0.24023438 -0.21289062
v 0.17773438 0.33398438 0.18554688
v 0.17773438 0.35742188 0.16992188
v 0.17773438 0.37695312 0.15820312
v 0.17773438 0.43945312 0.00195312
v 0.17773438 0.44335938 -0.02539062
v 0.17773438 0.44335938 -0.01757812
v 0.17773438 0.44335938 -0.01367188
v 0.18164062 -0.48632812 0.11914062
v 0.18164062 -0.48242188 0.10742188
v 0.18164062 -0.47851562 0.14257812
v 0.18164062 -0.47070312 0.16601562
v 0.18164062 -0.46679688 0.11523438
v 0.18164062 -0.45898438 0.11523438
v 0.18164062 -0.45117188 0.11914062
v 0.18164062 -0.44335938 0.22070312
v 0.18164062 -0.42773438 0.14257812
v 0.18164062 -0.41992188 0.23242188
v 0.18164062 -0.40039062 0.16601562
v 0.18164062 -0.39648438 0.22460938
v 0.18164062 -0.38476562 0.20117188
v 0.18164062 -0.33398438 -0.22070312
v 0.18164062 -0.33007812 -0.26757812
v 0.18164062 -0.31054688 -0.28320312
v 0.18164062 -0.29882812 -0.20117188
v 0.18164062 -0.28710938 -0.18945312
v 0.18164062 -0.26367188 -0.28710938
v 0.18164062 -0.24023438 0.27929688
v 0.18164062 -0.17382812 0.30273438
v 0.18164062 -0.09179688 0.30664062
v 0.18164062 -0.04492188 -0.29882812
v 0.18164062 0.00195312 0.29101562
v 0.18164062 0.12695312 -0.24804688
v 0.18164062 0.16210938 0.24023438
v 0.18164062 0.20507812 -0.22460938
v 0.18164062 0.23242188 0.23242188
v 0.18164062 0.28710938 0.20507812
v 0.18164062 0.30664062 -0.18164062
v 0.18164062 0.33398438 -0.16210938
v 0.18164062 0.40429688 0.10351562
v 0.18164062 0.41210938 -0.08398438
v 0.18164062 0.41992188 -0.06445312
v 0.18164062 0.43164062 -0.04101562
v 0.18164062 0.43164062 0.02148438
v 0.18164062 0.43164062 0.04492188
v 0.18164062 0.43554688 0.01367188
v 0.18164062 0.43945312 -0.03320312
v 0.18164062 0.44335938 -0.02148438
v 0.18164062 0.44335938 -0.00585938
v 0.18554688 -0.44726562 0.12695312
v 0.18554688 -0.41210938 0.15429688
v 0.18554688 -0.40820312 0.22460938
v 0.18554688 -0.38867188 0.21289062
v 0.18554688 -0.33398438 -0.24804688
v 0.18554688 -0.30664062 -0.11132812
v 0.18554688 -0.30664062 0.04101562
v 0.18554688 -0.30273438 0.07617188
v 0.18554688 -0.29492188 -0.15820312
v 0.18554688 -0.29101562 -0.29101562
v 0.18554688 -0.27148438 0.23242188
v 0.18554688 -0.25585938 -0.27929688
v 0.18554688 -0.24414062 -0.26757812
v 0.18554688 -0.24023438 -0.27539062
v 0.18554688 -0.22070312 -0.28710938
v 0.18554688 -0.19335938 0.29492188
v 0.18554688 -0.11914062 -0.30664062
v 0.18554688 -0.01367188 -0.29101562
v 0.18554688 0.10351562 0.25585938
v 0.18554688 0.13867188 0.24023438
v 0.18554688 0.17382812 0.23632812
v 0.18554688 0.19726562 0.24414062
v 0.18554688 0.43554688 -0.03710938
v 0.18554688 0.43554688 0.00585938
v 0.18554688 0.43945312 -0.02929688
v 0.18554688 0.44335938 -0.01367188
v 0.18945312 -0.47460938 0.11132812
v 0.18945312 -0.47070312 0.11132812
v 0.18945312 -0.46289062 0.11914062
v 0.18945312 -0.45898438 0.19335938
v 0.18945312 -0.43945312 0.13476562
v 0.18945312 -0.43164062 0.22460938
v 0.18945312 -0.39257812 0.17382812
v 0.18945312 -0.38867188 0.18554688
v 0.18945312 -0.32617188 -0.20898438
v 0.18945312 -0.32226562 -0.27539062
v 0.18945312 -0.31054688 -0.07617188
v 0.18945312 -0.30664062 -0.20117188
v 0.18945312 -0.30273438 -0.29101562
v 0.18945312 -0.29101562 -0.20117188
v 0.18945312 -0.15820312 -0.29882812
v 0.18945312 -0.15039062 0.29882812
v 0.18945312 0.04882812 -0.27148438
v 0.18945312 0.18554688 0.24023438
v 0.18945312 0.24804688 0.21289062
v 0.18945312 0.27539062 -0.18945312
v 0.18945312 0.31054688 0.18945312
v 0.18945312 0.35351562 -0.13867188
v 0.18945312 0.38085938 0.13085938
v 0.18945312 0.39257812 -0.09960938
v 0.18945312 0.41601562 0.06835938
v 0.18945312 0.41992188 0.04101562
v 0.18945312 0.42382812 -0.04492188
v 0.18945312 0.42773438 -0.04101562
v 0.18945312 0.43164062 0.00976562
v 0.18945312 0.43945312 -0.00195312
v 0.18945312 0.44335938 -0.01757812
v 0.18945312 0.44335938 -0.00585938
v 0.19335938 -0.47851562 0.12304688
v 0.19335938 -0.47851562 0.13476562
v 0.19335938 -0.47460938 0.15039062
v 0.19335938 -0.46289062 0.11914062
v 0.19335938 -0.45117188 0.12695312
v 0.19335938 -0.44726562 0.20507812
v 0.19335938 -0.43164062 0.13867188
v 0.19335938 -0.42382812 0.14648438
v 0.19335938 -0.40429688 0.16601562
v 0.19335938 -0.40039062 0.21679688
v 0.19335938 -0.38867188 0.19726562
v 0.19335938 -0.33789062 -0.23242188
v 0.19335938 -0.28710938 -0.17382812
v 0.19335938 -0.28710938 0.18164062
v 0.19335938 -0.28320312 -0.20117188
v 0.19335938 -0.26367188 -0.28710938
v 0.19335938 -0.18945312 -0.29101562
v 0.19335938 -0.11914062 0.29882812
v 0.19335938 0.18164062 0.22851562
v 0.19335938 0.22070312 0.22460938
v 0.19335938 0.34179688 0.16601562
v 0.19335938 0.36132812 0.15039062
v 0.19335938 0.37695312 -0.11523438
v 0.19335938 0.41601562 -0.05664062
v 0.19335938 0.42382812 -0.04101562
v 0.19335938 0.42382812 0.02148438
v 0.19335938 0.42773438 0.01367188
v 0.19335938 0.43164062 -0.03710938
v 0.19335938 0.43554688 0.00195312
v 0.19335938 0.43945312 -0.03320312
v 0.19335938 0.44335938 -0.02539062
v 0.19335938 0.44335938 -0.00976562
v 0.19726562 -0.47070312 0.12304688
v 0.19726562 -0.42382812 0.21679688
v 0.19726562 -0.41601562 0.15429688
v 0.19726562 -0.40820312 0.21679688
v 0.19726562 -0.39648438 0.17773438
v 0.19726562 -0.39257812 0.20507812
v 0.19726562 -0.33398438 -0.25585938
v 0.19726562 -0.30664062 -0.02539062
v 0.19726562 -0.29492188 0.15039062
v 0.19726562 -0.27929688 -0.29101562
v 0.19726562 -0.27929688 -0.20117188
v 0.19726562 -0.25195312 -0.27929688
v 0.19726562 -0.22460938 0.27539062
v 0.19726562 -0.03710938 0.28710938
v 0.19726562 0.03320312 0.26757812
v 0.19726562 0.09570312 -0.24804688
v 0.19726562 0.15429688 0.22851562
v 0.19726562 0.16601562 -0.22460938
v 0.19726562 0.17773438 0.22460938
v 0.19726562 0.22851562 -0.20117188
v 0.19726562 0.39648438 0.09179688
v 0.19726562 0.40039062 -0.07617188
v 0.19726562 0.42773438 -0.04101562
v 0.19726562 0.43945312 -0.02929688
v 0.19726562 0.43945312 -0.00195312
v 0.20117188 -0.47460938 0.13476562
v 0.20117188 -0.47460938 0.14648438
v 0.20117188 -0.46289062 0.16992188
v 0.20117188 -0.45898438 0.12695312
v 0.20117188 -0.44726562 0.13476562
v 0.20117188 -0.43554688 0.20898438
v 0.20117188 -0.42382812 0.15039062
v 0.20117188 -0.40039062 0.20898438
v 0.20117188 -0.39257812 0.18554688
v 0.20117188 -0.31835938 -0.27929688
v 0.20117188 -0.31835938 -0.20507812
v 0.20117188 -0.31054688 -0.28320312
v 0.20117188 -0.27929688 -0.19335938
v 0.20117188 -0.17382812 0.29101562
v 0.20117188 -0.07226562 0.29101562
v 0.20117188 -0.06445312 -0.29101562
v 0.20117188 -0.00195312 -0.27539062
v 0.20117188 0.18945312 0.22460938
v 0.20117188 0.20117188 0.22460938
v 0.20117188 0.22460938 0.21679688
v 0.20117188 0.24804688 0.20507812
v 0.20117188 0.26367188 0.19726562
v 0.20117188 0.28710938 0.18554688
v 0.20117188 0.31445312 0.17382812
v 0.20117188 0.37695312 -0.09570312
v 0.20117188 0.40429688 0.06054688
v 0.20117188 0.41210938 0.02929688
v 0.20117188 0.41601562 -0.04492188
v 0.20117188 0.41601562 0.02148438
v 0.20117188 0.41992188 -0.04101562
v 0.20117188 0.41992188 0.01757812
v 0.20117188 0.43164062 0.00976562
v 0.20117188 0.43554688 -0.03320312
v 0.20117188 0.44335938 -0.02148438
v 0.20117188 0.44335938 -0.00976562
v 0.20507812 -0.46679688 0.13085938
v 0.20507812 -0.46679688 0.15429688
v 0.20507812 -0.45507812 0.13476562
v 0.20507812 -0.45507812 0.18554688
v 0.20507812 -0.43554688 0.14648438
v 0.20507812 -0.42382812 0.15429688
v 0.20507812 -0.40820312 0.16210938
v 0.20507812 -0.39648438 0.19726562
v 0.20507812 -0.33398438 -0.22460938
v 0.20507812 -0.30273438 0.01757812
v 0.20507812 -0.29492188 -0.29101562
v 0.20507812 -0.29492188 -0.13476562
v 0.20507812 -0.29492188 0.11523438
v 0.20507812 -0.27929688 0.19726562
v 0.20507812 -0.25585938 0.23632812
v 0.20507812 -0.24414062 -0.27148438
v 0.20507812 -0.24023438 0.25585938
v 0.20507812 -0.20898438 0.27929688
v 0.20507812 0.18945312 0.21679688
v 0.20507812 0.24414062 0.19726562
v 0.20507812 0.26367188 0.19335938
v 0.20507812 0.29882812 -0.16210938
v 0.20507812 0.32617188 -0.14257812
v 0.20507812 0.33007812 0.15820312
v 0.20507812 0.34960938 -0.12304688
v 0.20507812 0.40429688 0.04882812
v 0.20507812 0.40820312 -0.04101562
v 0.20507812 0.41210938 -0.04101562
v 0.20507812 0.41210938 0.02148438
v 0.20507812 0.41992188 -0.04492188
v 0.20507812 0.42773438 -0.04101562
v 0.20507812 0.43164062 -0.03710938
v 0.20507812 0.43554688 0.00585938
v 0.20507812 0.43945312 -0.02539062
v 0.20898438 -0.46679688 0.15039062
v 0.20898438 -0.46289062 0.14257812
v 0.20898438 -0.44726562 0.19335938
v 0.20898438 -0.44335938 0.14257812
v 0.20898438 -0.42773438 0.20117188
v 0.20898438 -0.41210938 0.20507812
v 0.20898438 -0.40429688 0.17382812
v 0.20898438 -0.40429688 0.18554688
v 0.20898438 -0.40429688 0.19726562
v 0.20898438 -0.33789062 -0.24023438
v 0.20898438 -0.33398438 -0.25976562
v 0.20898438 -0.32617188 -0.27148438
v 0.20898438 -0.30273438 -0.28710938
v 0.20898438 -0.28710938 -0.20507812
v 0.20898438 -0.27539062 -0.20117188
v 0.20898438 -0.24023438 -0.26367188
v 0.20898438 -0.22851562 -0.26757812
v 0.20898438 -0.13085938 -0.29101562
v 0.20898438 -0.09960938 -0.29101562
v 0.20898438 0.06054688 0.25195312
v 0.20898438 0.20117188 0.20898438
v 0.20898438 0.20117188 0.21679688
v 0.20898438 0.22070312 0.20898438
v 0.20898438 0.22851562 0.20117188
v 0.20898438 0.28710938 0.18164062
v 0.20898438 0.35351562 0.13085938
v 0.20898438 0.37304688 0.10351562
v 0.20898438 0.39648438 -0.05273438
v 0.20898438 0.40039062 0.03320312
v 0.20898438 0.41210938 -0.04101562
v 0.20898438 0.41210938 0.01757812
v 0.20898438 0.42382812 0.01367188
v 0.20898438 0.43554688 -0.03320312
v 0.20898438 0.43945312 -0.01757812
v 0.20898438 0.43945312 -0.00585938
v 0.21289062 -0.45898438 0.15039062
v 0.21289062 -0.45898438 0.16601562
v 0.21289062 -0.45117188 0.14648438
v 0.21289062 -0.45117188 0.18164062
v 0.21289062 -0.43554688 0.15429688
v 0.21289062 -0.41992188 0.16601562
v 0.21289062 -0.33398438 -0.21679688
v 0.21289062 -0.29882812 -0.09570312
v 0.21289062 -0.29882812 -0.05664062
v 0.21289062 -0.29882812 0.04492188
v 0.21289062 -0.27148438 -0.28710938
v 0.21289062 -0.25585938 -0.27929688
v 0.21289062 -0.20898438 -0.27148438
v 0.21289062 -0.18554688 0.27929688
v 0.21289062 -0.16210938 -0.28710938
v 0.21289062 -0.00585938 0.26757812
v 0.21289062 0.04492188 -0.25585938
v 0.21289062 0.10351562 0.23632812
v 0.21289062 0.16992188 0.21289062
v 0.21289062 0.20507812 -0.19335938
v 0.21289062 0.21679688 0.20507812
v 0.21289062 0.22070312 0.20117188
v 0.21289062 0.24804688 0.18945312
v 0.21289062 0.25585938 -0.17382812
v 0.21289062 0.30273438 0.16601562
v 0.21289062 0.38476562 0.07226562
v 0.21289062 0.40039062 -0.03710938
v 0.21289062 0.40429688 -0.03710938
v 0.21289062 0.40429688 0.01757812
v 0.21289062 0.41992188 0.01367188
v 0.21289062 0.42773438 0.00976562
v 0.21289062 0.43164062 -0.03710938
v 0.21289062 0.43945312 -0.02148438
v 0.21679688 -0.45117188 0.16210938
v 0.21679688 -0.45117188 0.17382812
v 0.21679688 -0.44335938 0.16210938
v 0.21679688 -0.43945312 0.18164062
v 0.21679688 -0.43945312 0.18945312
v 0.21679688 -0.42773438 0.16601562
v 0.21679688 -0.42773438 0.19335938
v 0.21679688 -0.41601562 0.17773438
v 0.21679688 -0.41210938 0.18945312
v 0.21679688 -0.32617188 -0.20898438
v 0.21679688 -0.30664062 -0.20117188
v 0.21679688 -0.29492188 0.08398438
v 0.21679688 -0.28320312 -0.28710938
v 0.21679688 -0.28320312 0.16210938
v 0.21679688 -0.22070312 0.26367188
v 0.21679688 -0.12695312 0.28320312
v 0.21679688 -0.09570312 0.28710938
v 0.21679688 -0.03320312 -0.27539062
v 0.21679688 0.12695312 0.22070312
v 0.21679688 0.19335938 0.20507812
v 0.21679688 0.27539062 0.17382812
v 0.21679688 0.34570312 -0.09960938
v 0.21679688 0.37304688 -0.07617188
v 0.21679688 0.39257812 0.00585938
v 0.21679688 0.39648438 -0.02929688
v 0.21679688 0.39648438 -0.01757812
v 0.21679688 0.39648438 0.01757812
v 0.21679688 0.40039062 -0.03320312
v 0.21679688 0.40039062 0.00976562
v 0.21679688 0.40429688 -0.03710938
v 0.21679688 0.40429688 0.01367188
v 0.21679688 0.41210938 -0.04101562
v 0.21679688 0.41210938 0.01367188
v 0.21679688 0.41601562 -0.04101562
v 0.21679688 0.42382812 -0.04101562
v 0.21679688 0.42382812 0.01367188
v 0.21679688 0.43164062 -0.02929688
v 0.21679688 0.43164062 0.00585938
v 0.21679688 0.43554688 -0.00195312
v 0.21679688 0.43945312 -0.01367188
v 0.22070312 -0.44335938 0.16992188
v 0.22070312 -0.43164062 0.17382812
v 0.22070312 -0.42382812 0.18164062
v 0.22070312 -0.33789062 -0.22851562
v 0.22070312 -0.31054688 -0.28320312
v 0.22070312 -0.29882812 -0.20117188
v 0.22070312 -0.28320312 -0.15820312
v 0.22070312 -0.27539062 -0.20898438
v 0.22070312 -0.24414062 -0.26757812
v 0.22070312 -0.24023438 -0.25976562
v 0.22070312 -0.23242188 -0.25976562
v 0.22070312 -0.18945312 -0.27539062
v 0.22070312 -0.15429688 0.27929688
v 0.22070312 -0.06054688 -0.27539062
v 0.22070312 0.08789062 -0.23242188
v 0.22070312 0.14257812 -0.21679688
v 0.22070312 0.15039062 0.20507812
v 0.22070312 0.18554688 0.19726562
v 0.22070312 0.21679688 0.19335938
v 0.22070312 0.24804688 0.17773438
v 0.22070312 0.29492188 -0.13867188
v 0.22070312 0.33398438 0.12695312
v 0.22070312 0.38085938 -0.05664062
v 0.22070312 0.38085938 0.04101562
v 0.22070312 0.38867188 -0.01367188
v 0.22070312 0.39257812 -0.01367188
v 0.22070312 0.39257812 -0.00195312
v 0.22070312 0.39648438 -0.02148438
v 0.22070312 0.39648438 -0.00195312
v 0.22070312 0.39648438 0.00195312
v 0.22070312 0.40039062 -0.02929688
v 0.22070312 0.40039062 0.00585938
v 0.22070312 0.41601562 0.01367188
v 0.22070312 0.42773438 -0.03320312
v 0.22070312 0.42773438 0.00976562
v 0.22460938 -0.33789062 -0.25195312
v 0.22460938 -0.32617188 -0.27148438
v 0.22460938 -0.29882812 -0.01757812
v 0.22460938 -0.29101562 -0.20507812
v 0.22460938 -0.28710938 0.13085938
v 0.22460938 -0.27539062 -0.17382812
v 0.22460938 -0.27148438 -0.18945312
v 0.22460938 -0.26757812 -0.20117188
v 0.22460938 -0.26367188 0.20117188
v 0.22460938 -0.24804688 0.22460938
v 0.22460938 -0.09179688 -0.27929688
v 0.22460938 -0.06445312 0.27148438
v 0.22460938 0.31054688 0.14257812
v 0.22460938 0.31445312 -0.11914062
v 0.22460938 0.34960938 0.09960938
v 0.22460938 0.36132812 0.07226562
v 0.22460938 0.38085938 -0.03710938
v 0.22460938 0.39648438 -0.00976562
v 0.22460938 0.39648438 -0.00195312
v 0.22460938 0.40039062 0.00195312
v 0.22460938 0.40429688 -0.03710938
v 0.22460938 0.40429688 0.00976562
v 0.22460938 0.41210938 -0.03710938
v 0.22460938 0.41210938 0.01367188
v 0.22460938 0.41992188 -0.03710938
v 0.22460938 0.41992188 0.00976562
v 0.22460938 0.43164062 -0.02539062
v 0.22460938 0.43164062 -0.00585938
v 0.22460938 0.43164062 0.00195312
v 0.22460938 0.43554688 -0.01757812
v 0.22851562 -0.33398438 -0.26367188
v 0.22851562 -0.31835938 -0.20507812
v 0.22851562 -0.29492188 0.01367188
v 0.22851562 -0.27929688 -0.20898438
v 0.22851562 -0.26367188 -0.20898438
v 0.22851562 -0.23242188 0.24023438
v 0.22851562 -0.22460938 -0.25195312
v 0.22851562 -0.20507812 0.25976562
v 0.22851562 -0.12695312 -0.27148438
v 0.22851562 0.01367188 0.25195312
v 0.22851562 0.16992188 -0.19335938
v 0.22851562 0.27929688 0.15039062
v 0.22851562 0.36914062 0.02148438
v 0.22851562 0.37695312 -0.02539062
v 0.22851562 0.37695312 -0.00195312
v 0.22851562 0.39648438 -0.01757812
v 0.22851562 0.40039062 -0.02929688
v 0.22851562 0.40039062 0.00585938
v 0.22851562 0.40820312 0.00976562
v 0.22851562 0.41601562 0.00976562
v 0.22851562 0.42382812 -0.02539062
v 0.22851562 0.42773438 0.00585938
v 0.23242188 -0.31835938 -0.27539062
v 0.23242188 -0.29492188 -0.28710938
v 0.23242188 -0.29101562 0.04882812
v 0.23242188 -0.27539062 -0.28320312
v 0.23242188 -0.26367188 -0.27929688
v 0.23242188 -0.25195312 -0.27148438
v 0.23242188 -0.17773438 0.26367188
v 0.23242188 -0.03320312 0.26367188
v 0.23242188 -0.02929688 -0.26367188
v 0.23242188 0.21289062 -0.16601562
v 0.23242188 0.25195312 0.15429688
v 0.23242188 0.26367188 -0.14648438
v 0.23242188 0.33007812 -0.09570312
v 0.23242188 0.39648438 -0.01757812
v 0.23242188 0.39648438 -0.00976562
v 0.23242188 0.40039062 -0.00195312
v 0.23242188 0.40429688 -0.02148438
v 0.23242188 0.40429688 0.00585938
v 0.23242188 0.40820312 -0.02929688
v 0.23242188 0.41210938 0.00585938
v 0.23242188 0.41601562 -0.02929688
v 0.23242188 0.41992188 0.00585938
v 0.23242188 0.42773438 -0.01757812
v 0.23242188 0.42773438 -0.00585938
v 0.23242188 0.42773438 -0.00195312
v 0.23632812 -0.33789062 -0.22460938
v 0.23632812 -0.31054688 -0.20507812
v 0.23632812 -0.30273438 -0.28320312
v 0.23632812 -0.28710938 -0.08398438
v 0.23632812 -0.28320312 -0.11523438
v 0.23632812 -0.27929688 -0.14257812
v 0.23632812 -0.26757812 -0.21289062
v 0.23632812 -0.26757812 0.16992188
v 0.23632812 -0.25585938 -0.20898438
v 0.23632812 -0.24414062 -0.26367188
v 0.23632812 -0.22851562 -0.24804688
v 0.23632812 -0.15820312 -0.26757812
v 0.23632812 -0.11132812 0.26757812
v 0.23632812 -0.06054688 -0.25976562
v 0.23632812 0.00585938 -0.24804688
v 0.23632812 0.05273438 -0.22851562
v 0.23632812 0.07617188 0.22460938
v 0.23632812 0.10742188 -0.21289062
v 0.23632812 0.11523438 0.20507812
v 0.23632812 0.15429688 0.19335938
v 0.23632812 0.18945312 0.18164062
v 0.23632812 0.22460938 0.16601562
v 0.23632812 0.29882812 0.12304688
v 0.23632812 0.34179688 -0.06835938
v 0.23632812 0.35351562 -0.04492188
v 0.23632812 0.35351562 0.04492188
v 0.23632812 0.40039062 -0.01367188
v 0.23632812 0.40039062 -0.00976562
v 0.23632812 0.40039062 -0.00195312
v 0.23632812 0.40820312 0.00195312
v 0.23632812 0.41210938 -0.02148438
v 0.23632812 0.41601562 0.00195312
v 0.23632812 0.41992188 -0.02148438
v 0.23632812 0.42382812 -0.00195312
v 0.24023438 -0.33789062 -0.24414062
v 0.24023438 -0.33789062 -0.23242188
v 0.24023438 -0.33398438 -0.21679688
v 0.24023438 -0.32617188 -0.20898438
v 0.24023438 -0.29882812 -0.20117188
v 0.24023438 -0.29101562 -0.04101562
v 0.24023438 -0.28710938 0.07226562
v 0.24023438 -0.28320312 0.10742188
v 0.24023438 -0.25585938 -0.21289062
v 0.24023438 -0.25585938 -0.20117188
v 0.24023438 -0.24023438 -0.25585938
v 0.24023438 -0.20507812 -0.25195312
v 0.24023438 -0.18164062 -0.25976562
v 0.24023438 0.03710938 0.23632812
v 0.24023438 0.27929688 -0.11914062
v 0.24023438 0.30273438 -0.10351562
v 0.24023438 0.31835938 0.10351562
v 0.24023438 0.33398438 0.07226562
v 0.24023438 0.40429688 -0.01367188
v 0.24023438 0.40429688 -0.00585938
v 0.24023438 0.41210938 -0.01367188
v 0.24023438 0.41210938 -0.00585938
v 0.24023438 0.41992188 -0.00976562
v 0.24414062 -0.33789062 -0.25195312
v 0.24414062 -0.33007812 -0.26757812
v 0.24414062 -0.27539062 0.13476562
v 0.24414062 -0.26757812 -0.16210938
v 0.24414062 -0.25976562 -0.18164062
v 0.24414062 -0.24804688 0.19726562
v 0.24414062 -0.22070312 -0.23632812
v 0.24414062 -0.22070312 0.23632812
v 0.24414062 -0.09179688 -0.25976562
v 0.24414062 0.22851562 -0.14648438
v 0.24414062 0.26367188 0.12695312
v 0.24414062 0.31445312 -0.08007812
v 0.24414062 0.34570312 0.00585938
v 0.24804688 -0.32226562 -0.27148438
v 0.24804688 -0.31445312 -0.27929688
v 0.24804688 -0.28710938 -0.20898438
v 0.24804688 -0.24804688 -0.21289062
v 0.24804688 -0.24804688 -0.20507812
v 0.24804688 -0.23632812 0.21679688
v 0.24804688 -0.23242188 -0.24804688
v 0.24804688 -0.22851562 -0.24023438
v 0.24804688 -0.12695312 -0.25976562
v 0.24804688 -0.08398438 0.25585938
v 0.24804688 0.12695312 -0.18945312
v 0.24804688 0.16601562 -0.16992188
v 0.24804688 0.33007812 0.04492188
v 0.24804688 0.33398438 -0.03320312
v 0.24804688 0.33398438 0.02539062
v 0.24804688 0.34179688 -0.01367188
v 0.25195312 -0.31835938 -0.20507812
v 0.25195312 -0.28710938 -0.28320312
v 0.25195312 -0.28320312 0.04882812
v 0.25195312 -0.26757812 -0.21289062
v 0.25195312 -0.26367188 -0.27539062
v 0.25195312 -0.25585938 -0.21679688
v 0.25195312 -0.19726562 0.24023438
v 0.25195312 -0.16210938 0.25195312
v 0.25195312 -0.13085938 0.25585938
v 0.25195312 -0.03320312 -0.24414062
v 0.25195312 -0.02539062 0.24023438
v 0.25195312 0.07226562 -0.20898438
v 0.25195312 0.08007812 0.20507812
v 0.25195312 0.15429688 0.16992188
v 0.25195312 0.22070312 0.14257812
v 0.25195312 0.28320312 0.09570312
v 0.25195312 0.31054688 0.07617188
v 0.25585938 -0.33789062 -0.22460938
v 0.25585938 -0.33398438 -0.21679688
v 0.25585938 -0.33007812 -0.21289062
v 0.25585938 -0.28320312 0.00585938
v 0.25585938 -0.27929688 -0.06054688
v 0.25585938 -0.27929688 0.09179688
v 0.25585938 -0.27539062 -0.09179688
v 0.25585938 -0.25585938 -0.26757812
v 0.25585938 -0.25585938 0.17382812
v 0.25585938 -0.24804688 -0.25976562
v 0.25585938 -0.23632812 -0.20898438
v 0.25585938 -0.22851562 -0.22851562
v 0.25585938 -0.22460938 -0.22070312
v 0.25585938 -0.19726562 -0.23632812
v 0.25585938 -0.15429688 -0.24804688
v 0.25585938 -0.05273438 0.24414062
v 0.25585938 0.18554688 0.15429688
v 0.25585938 0.23242188 -0.13085938
v 0.25585938 0.23242188 0.13476562
v 0.25585938 0.27539062 -0.09960938
v 0.25585938 0.31054688 -0.05273438
v 0.25976562 -0.33789062 -0.23632812
v 0.25976562 -0.33398438 -0.25976562
v 0.25976562 -0.31445312 -0.20507812
v 0.25976562 -0.30273438 -0.27929688
v 0.25976562 -0.30273438 -0.20507812
v 0.25976562 -0.27929688 -0.20898438
v 0.25976562 -0.27539062 -0.27539062
v 0.25976562 -0.26367188 -0.14257812
v 0.25976562 -0.26367188 0.14257812
v 0.25976562 -0.24414062 -0.25195312
v 0.25976562 -0.24414062 -0.21289062
v 0.25976562 -0.23632812 -0.20507812
v 0.25976562 -0.22460938 -0.21289062
v 0.25976562 -0.22460938 0.21289062
v 0.25976562 -0.20898438 -0.22851562
v 0.25976562 -0.07226562 -0.23632812
v 0.25976562 0.00195312 0.22460938
v 0.25976562 0.10351562 0.18554688
v 0.25976562 0.18945312 -0.14648438
v 0.25976562 0.27929688 -0.07617188
v 0.25976562 0.30664062 0.05273438
v 0.25976562 0.31445312 0.00195312
v 0.26367188 -0.32226562 -0.20507812
v 0.26367188 -0.31054688 -0.27539062
v 0.26367188 -0.27929688 -0.02539062
v 0.26367188 -0.26757812 -0.11914062
v 0.26367188 -0.25585938 -0.21289062
v 0.26367188 -0.24414062 -0.19335938
v 0.26367188 -0.24023438 -0.24414062
v 0.26367188 -0.24023438 -0.21289062
v 0.26367188 -0.23632812 0.18945312
v 0.26367188 -0.23242188 -0.20898438
v 0.26367188 -0.22851562 -0.21679688
v 0.26367188 -0.22851562 -0.20507812
v 0.26367188 -0.18945312 -0.22851562
v 0.26367188 -0.17773438 0.23242188
v 0.26367188 -0.09960938 0.24023438
v 0.26367188 -0.01757812 -0.22460938
v 0.26367188 0.02929688 -0.20898438
v 0.26367188 0.02929688 0.20898438
v 0.26367188 0.11523438 -0.17382812
v 0.26367188 0.23632812 0.11132812
v 0.26367188 0.24414062 -0.10742188
v 0.26367188 0.30273438 0.02539062
v 0.26367188 0.30664062 -0.02539062
v 0.26757812 -0.33789062 -0.24414062
v 0.26757812 -0.33789062 -0.22851562
v 0.26757812 -0.33007812 -0.26367188
v 0.26757812 -0.29101562 -0.20898438
v 0.26757812 -0.27929688 -0.20898438
v 0.26757812 -0.26757812 -0.20898438
v 0.26757812 -0.24804688 -0.16601562
v 0.26757812 -0.23632812 -0.22851562
v 0.26757812 -0.22851562 -0.22070312
v 0.26757812 -0.21679688 -0.21289062
v 0.26757812 -0.20898438 0.21289062
v 0.26757812 -0.15039062 -0.23242188
v 0.26757812 -0.11523438 -0.23632812
v 0.26757812 -0.07617188 0.23242188
v 0.26757812 0.07226562 -0.18554688
v 0.26757812 0.12304688 0.16992188
v 0.26757812 0.20117188 0.12695312
v 0.26757812 0.24023438 0.09179688
v 0.26757812 0.27148438 -0.05664062
v 0.26757812 0.27539062 0.06445312
v 0.26757812 0.29101562 -0.00976562
v 0.27148438 -0.33789062 -0.22070312
v 0.27148438 -0.32226562 -0.26757812
v 0.27148438 -0.23242188 -0.21679688
v 0.27148438 -0.14257812 0.23242188
v 0.27148438 0.05273438 0.18945312
v 0.27148438 0.08007812 0.17773438
v 0.27148438 0.09960938 0.16601562
v 0.27148438 0.13476562 -0.15429688
v 0.27148438 0.15820312 0.13867188
v 0.27148438 0.17382812 -0.13476562
v 0.27148438 0.27148438 0.03710938
v 0.27539062 -0.33789062 -0.23632812
v 0.27539062 -0.30664062 -0.20507812
v 0.27539062 -0.29882812 -0.27539062
v 0.27539062 -0.27148438 -0.04882812
v 0.27539062 -0.27148438 0.03710938
v 0.27539062 -0.26757812 -0.26757812
v 0.27539062 -0.26757812 -0.07617188
v 0.27539062 -0.26367188 0.10351562
v 0.27539062 -0.25585938 -0.25976562
v 0.27539062 -0.25585938 -0.20898438
v 0.27539062 -0.24804688 -0.24804688
v 0.27539062 -0.24023438 -0.21679688
v 0.27539062 -0.02148438 0.21679688
v 0.27539062 0.12695312 0.15429688
v 0.27539062 0.19335938 -0.11523438
v 0.27539062 0.23632812 -0.08007812
v 0.27539062 0.24023438 0.07226562
v 0.27539062 0.27148438 -0.03320312
v 0.27539062 0.28320312 0.00976562
v 0.27929688 -0.33398438 -0.21289062
v 0.27929688 -0.32617188 -0.20898438
v 0.27929688 -0.31445312 -0.20507812
v 0.27929688 -0.29101562 -0.27148438
v 0.27929688 -0.28710938 -0.20898438
v 0.27929688 -0.28320312 -0.26757812
v 0.27929688 -0.27539062 -0.20898438
v 0.27929688 -0.26757812 0.07226562
v 0.27929688 -0.24804688 -0.23632812
v 0.27929688 -0.24804688 0.14648438
v 0.27929688 -0.24023438 -0.22070312
v 0.27929688 -0.23242188 0.15820312
v 0.27929688 -0.22851562 -0.18554688
v 0.27929688 -0.22460938 0.18164062
v 0.27929688 -0.20507812 -0.20117188
v 0.27929688 -0.18554688 0.21289062
v 0.27929688 -0.06054688 -0.21679688
v 0.27929688 -0.05664062 0.21679688
v 0.27929688 0.08007812 0.17382812
v 0.27929688 0.08789062 0.17382812
v 0.27929688 0.09179688 -0.16601562
v 0.27929688 0.09960938 0.16601562
v 0.27929688 0.10351562 0.16601562
v 0.27929688 0.11914062 0.15429688
v 0.27929688 0.13085938 0.13867188
v 0.27929688 0.14257812 0.13085938
v 0.27929688 0.17773438 0.10742188
v 0.27929688 0.20117188 0.09179688
v 0.27929688 0.20507812 -0.09960938
v 0.28320312 -0.33398438 -0.24804688
v 0.28320312 -0.33007812 -0.25585938
v 0.28320312 -0.32226562 -0.20507812
v 0.28320312 -0.31445312 -0.26757812
v 0.28320312 -0.26757812 0.00195312
v 0.28320312 -0.25585938 -0.11523438
v 0.28320312 -0.25195312 -0.20898438
v 0.28320312 -0.24804688 -0.22460938
v 0.28320312 -0.24804688 -0.14257812
v 0.28320312 -0.17382812 -0.21289062
v 0.28320312 -0.16210938 0.21289062
v 0.28320312 -0.11132812 0.22070312
v 0.28320312 -0.09179688 -0.21679688
v 0.28320312 -0.00585938 0.19726562
v 0.28320312 0.02539062 0.18945312
v 0.28320312 0.04101562 -0.17382812
v 0.28320312 0.04882812 0.17773438
v 0.28320312 0.06445312 0.17773438
v 0.28320312 0.13476562 -0.13085938
v 0.28320312 0.23632812 -0.05664062
v 0.28320312 0.24023438 -0.03710938
v 0.28320312 0.24804688 0.01757812
v 0.28320312 0.25195312 -0.01367188
v 0.28710938 -0.33789062 -0.24023438
v 0.28710938 -0.33789062 -0.22851562
v 0.28710938 -0.33789062 -0.22070312
v 0.28710938 -0.29492188 -0.20898438
v 0.28710938 -0.26757812 -0.25585938
v 0.28710938 -0.26367188 -0.20898438
v 0.28710938 -0.25976562 -0.24804688
v 0.28710938 -0.25195312 -0.21289062
v 0.28710938 -0.24804688 0.11914062
v 0.28710938 -0.13476562 -0.21289062
v 0.28710938 -0.02148438 -0.19335938
v 0.28710938 0.07226562 0.18554688
v 0.28710938 0.09179688 0.17773438
v 0.28710938 0.10742188 0.16601562
v 0.28710938 0.11914062 0.15039062
v 0.28710938 0.13867188 0.11914062
v 0.28710938 0.15429688 0.10742188
v 0.28710938 0.19335938 0.07617188
v 0.28710938 0.22460938 0.04882812
v 0.29101562 -0.30664062 -0.26757812
v 0.29101562 -0.30664062 -0.20507812
v 0.29101562 -0.27929688 -0.25976562
v 0.29101562 -0.26367188 -0.02539062
v 0.29101562 -0.25585938 -0.23242188
v 0.29101562 -0.25195312 -0.22070312
v 0.29101562 -0.21679688 -0.17773438
v 0.29101562 -0.20507812 0.18554688
v 0.29101562 -0.18554688 -0.19335938
v 0.29101562 -0.08007812 0.20507812
v 0.29101562 0.02539062 0.17773438
v 0.29101562 0.04101562 0.18164062
v 0.29101562 0.05664062 0.18945312
v 0.29101562 0.07617188 -0.15039062
v 0.29101562 0.07617188 0.18554688
v 0.29101562 0.13085938 0.13867188
v 0.29101562 0.14648438 0.09960938
v 0.29101562 0.15429688 -0.10742188
v 0.29101562 0.16210938 0.08398438
v 0.29101562 0.21679688 0.01757812
v 0.29492188 -0.32226562 -0.25976562
v 0.29492188 -0.31445312 -0.20507812
v 0.29492188 -0.29101562 -0.26367188
v 0.29492188 -0.28710938 -0.20898438
v 0.29492188 -0.27539062 -0.20898438
v 0.29492188 -0.26367188 -0.20898438
v 0.29492188 -0.25976562 -0.23632812
v 0.29492188 -0.25976562 0.03710938
v 0.29492188 -0.25585938 -0.05273438
v 0.29492188 -0.25195312 0.08789062
v 0.29492188 -0.23242188 0.13476562
v 0.29492188 -0.22851562 -0.15039062
v 0.29492188 -0.04101562 0.19335938
v 0.29492188 -0.01367188 0.18164062
v 0.29492188 0.00585938 0.17773438
v 0.29492188 0.09179688 0.17773438
v 0.29492188 0.10351562 0.16992188
v 0.29492188 0.11132812 0.16210938
v 0.29492188 0.13476562 0.12304688
v 0.29492188 0.13867188 0.10742188
v 0.29492188 0.15039062 0.08789062
v 0.29492188 0.18164062 -0.08398438
v 0.29492188 0.18945312 -0.06445312
v 0.29492188 0.19335938 0.04492188
v 0.29492188 0.20117188 -0.04101562
v 0.29492188 0.20507812 -0.00976562
v 0.29882812 -0.33007812 -0.20898438
v 0.29882812 -0.32617188 -0.20507812
v 0.29882812 -0.30273438 -0.25976562
v 0.29882812 -0.25195312 -0.08398438
v 0.29882812 -0.23632812 -0.12304688
v 0.29882812 -0.17773438 0.18945312
v 0.29882812 -0.13085938 0.20117188
v 0.29882812 -0.12695312 -0.19726562
v 0.29882812 -0.09179688 -0.19726562
v 0.29882812 -0.06054688 -0.18554688
v 0.29882812 0.00976562 -0.16601562
v 0.29882812 0.00976562 0.17382812
v 0.29882812 0.01757812 0.18554688
v 0.29882812 0.03710938 0.19335938
v 0.29882812 0.05664062 0.19726562
v 0.29882812 0.07617188 0.18945312
v 0.29882812 0.09570312 -0.12695312
v 0.29882812 0.11914062 0.15039062
v 0.29882812 0.14648438 0.08398438
v 0.29882812 0.15429688 0.07226562
v 0.30273438 -0.33789062 -0.22851562
v 0.30273438 -0.33789062 -0.21679688
v 0.30273438 -0.33398438 -0.24023438
v 0.30273438 -0.33007812 -0.24804688
v 0.30273438 -0.32617188 -0.25195312
v 0.30273438 -0.29882812 -0.20898438
v 0.30273438 -0.29101562 -0.25585938
v 0.30273438 -0.27539062 -0.24414062
v 0.30273438 -0.26757812 -0.22460938
v 0.30273438 -0.26757812 -0.21289062
v 0.30273438 -0.25585938 0.00976562
v 0.30273438 -0.18945312 -0.16992188
v 0.30273438 -0.15039062 -0.19335938
v 0.30273438 -0.03320312 -0.16992188
v 0.30273438 -0.00585938 0.16992188
v 0.30273438 0.00195312 0.17773438
v 0.30273438 0.01757812 0.19335938
v 0.30273438 0.04101562 -0.14648438
v 0.30273438 0.04101562 0.20117188
v 0.30273438 0.08789062 0.17773438
v 0.30273438 0.12304688 -0.09960938
v 0.30273438 0.14257812 -0.08007812
v 0.30273438 0.16210938 -0.05664062
v 0.30273438 0.16601562 0.04882812
v 0.30273438 0.17773438 -0.02929688
v 0.30273438 0.18554688 0.01757812
v 0.30664062 -0.31835938 -0.20507812
v 0.30664062 -0.30664062 -0.20507812
v 0.30664062 -0.28320312 -0.24804688
v 0.30664062 -0.27929688 -0.20898438
v 0.30664062 -0.24804688 0.05273438
v 0.30664062 -0.21289062 0.14648438
v 0.30664062 -0.20898438 -0.15429688
v 0.30664062 -0.16601562 -0.17382812
v 0.30664062 -0.15429688 0.18554688
v 0.30664062 -0.09960938 0.18945312
v 0.30664062 -0.06835938 0.18164062
v 0.30664062 -0.04101562 0.16992188
v 0.30664062 -0.02148438 0.16210938
v 0.30664062 0.00195312 0.18945312
v 0.30664062 0.02539062 0.20117188
v 0.30664062 0.05664062 0.20117188
v 0.30664062 0.06445312 0.19335938
v 0.30664062 0.10351562 0.16601562
v 0.30664062 0.12695312 0.12695312
v 0.30664062 0.13476562 0.10351562
v 0.30664062 0.14648438 0.06835938
v 0.30664062 0.15039062 0.05273438
v 0.30664062 0.16210938 0.00585938
v 0.30664062 0.16992188 -0.00976562
v 0.31054688 -0.31445312 -0.25195312
v 0.31054688 -0.24804688 -0.02148438
v 0.31054688 -0.24414062 -0.04882812
v 0.31054688 -0.23632812 -0.08789062
v 0.31054688 -0.22460938 0.11523438
v 0.31054688 -0.18945312 0.16210938
v 0.31054688 -0.11523438 -0.17382812
v 0.31054688 -0.01757812 0.16210938
v 0.31054688 -0.00976562 0.17773438
v 0.31054688 -0.00585938 -0.14648438
v 0.31054688 0.03710938 -0.12695312
v 0.31054688 0.04101562 0.20507812
v 0.31054688 0.08398438 -0.10351562
v 0.31054688 0.11914062 -0.07617188
v 0.31054688 0.13476562 -0.05664062
v 0.31054688 0.13867188 0.08398438
v 0.31054688 0.14648438 -0.01367188
v 0.31054688 0.15039062 -0.03710938
v 0.31054688 0.15039062 0.03710938
v 0.31054688 0.15429688 0.02148438
v 0.31445312 -0.33007812 -0.24023438
v 0.31445312 -0.33007812 -0.22070312
v 0.31445312 -0.33007812 -0.21289062
v 0.31445312 -0.32617188 -0.20898438
v 0.31445312 -0.31835938 -0.20507812
v 0.31445312 -0.31054688 -0.20117188
v 0.31445312 -0.30664062 -0.24804688
v 0.31445312 -0.29101562 -0.20898438
v 0.31445312 -0.28320312 -0.21289062
v 0.31445312 -0.27929688 -0.23242188
v 0.31445312 -0.27929688 -0.22070312
v 0.31445312 -0.23242188 0.09179688
v 0.31445312 -0.21679688 -0.12695312
v 0.31445312 -0.12304688 0.17382812
v 0.31445312 -0.08398438 -0.16992188
v 0.31445312 0.00195312 0.20117188
v 0.31445312 0.02539062 0.20898438
v 0.31445312 0.07226562 0.18554688
v 0.31445312 0.10351562 -0.08789062
v 0.31445312 0.12304688 -0.06835938
v 0.31445312 0.13867188 -0.03710938
v 0.31445312 0.14648438 -0.00195312
v 0.31445312 0.14648438 0.01757812
v 0.31835938 -0.33007812 -0.22851562
v 0.31835938 -0.32226562 -0.24414062
v 0.31835938 -0.32226562 -0.20898438
v 0.31835938 -0.31835938 -0.20507812
v 0.31835938 -0.29882812 -0.24414062
v 0.31835938 -0.29882812 -0.20507812
v 0.31835938 -0.28710938 -0.24023438
v 0.31835938 -0.15820312 0.15820312
v 0.31835938 -0.14257812 -0.16210938
v 0.31835938 -0.06054688 0.15820312
v 0.31835938 -0.04492188 -0.14648438
v 0.31835938 -0.03710938 0.15429688
v 0.31835938 -0.02148438 0.16992188
v 0.31835938 0.00976562 0.20898438
v 0.31835938 0.04492188 0.20507812
v 0.31835938 0.08007812 -0.08789062
v 0.31835938 0.08789062 0.17382812
v 0.31835938 0.09570312 -0.08007812
v 0.31835938 0.11132812 -0.07617188
v 0.31835938 0.11523438 0.13476562
v 0.31835938 0.12695312 -0.05664062
v 0.31835938 0.13867188 -0.02148438
v 0.31835938 0.13867188 0.06835938
v 0.31835938 0.14257812 0.04101562
v 0.32226562 -0.31445312 -0.20117188
v 0.32226562 -0.31054688 -0.24023438
v 0.32226562 -0.30664062 -0.20117188
v 0.32226562 -0.28710938 -0.23242188
v 0.32226562 -0.28710938 -0.20898438
v 0.32226562 -0.28320312 -0.22460938
v 0.32226562 -0.24023438 0.02148438
v 0.32226562 -0.22460938 -0.08789062
v 0.32226562 -0.21289062 0.11132812
v 0.32226562 -0.18945312 -0.13476562
v 0.32226562 -0.18945312 0.13085938
v 0.32226562 -0.16992188 -0.14648438
v 0.32226562 -0.09570312 0.15820312
v 0.32226562 -0.03710938 0.15429688
v 0.32226562 -0.02539062 0.18164062
v 0.32226562 -0.01367188 0.19335938
v 0.32226562 0.03320312 0.20898438
v 0.32226562 0.04492188 -0.09960938
v 0.32226562 0.05273438 0.19726562
v 0.32226562 0.06054688 -0.08398438
v 0.32226562 0.07226562 -0.08398438
v 0.32226562 0.09960938 0.15429688
v 0.32226562 0.10351562 -0.08007812
v 0.32226562 0.11914062 -0.06835938
v 0.32226562 0.12695312 0.10351562
v 0.32226562 0.13085938 -0.04101562
v 0.32226562 0.13867188 -0.00195312
v 0.32617188 -0.32617188 -0.22070312
v 0.32617188 -0.32226562 -0.23242188
v 0.32617188 -0.32226562 -0.20898438
v 0.32617188 -0.31835938 -0.23632812
v 0.32617188 -0.31835938 -0.20507812
v 0.32617188 -0.31054688 -0.20117188
v 0.32617188 -0.30273438 -0.20117188
v 0.32617188 -0.29492188 -0.20507812
v 0.32617188 -0.29101562 -0.23242188
v 0.32617188 -0.28320312 -0.21679688
v 0.32617188 -0.23242188 -0.04492188
v 0.32617188 -0.22851562 0.06445312
v 0.32617188 -0.11132812 -0.13867188
v 0.32617188 -0.08398438 -0.14648438
v 0.32617188 -0.05664062 0.14257812
v 0.32617188 -0.04492188 0.14648438
v 0.32617188 -0.03710938 0.16992188
v 0.32617188 -0.00585938 -0.11914062
v 0.32617188 -0.00585938 0.20507812
v 0.32617188 0.01757812 0.21289062
v 0.32617188 0.07226562 0.18164062
v 0.32617188 0.07617188 -0.08398438
v 0.32617188 0.09179688 -0.08398438
v 0.32617188 0.11132812 -0.07617188
v 0.32617188 0.11914062 -0.06054688
v 0.32617188 0.13085938 -0.02148438
v 0.33007812 -0.32226562 -0.22460938
v 0.33007812 -0.32226562 -0.21289062
v 0.33007812 -0.31835938 -0.20898438
v 0.33007812 -0.31054688 -0.23242188
v 0.33007812 -0.31054688 -0.20507812
v 0.33007812 -0.30664062 -0.20117188
v 0.33007812 -0.30273438 -0.23632812
v 0.33007812 -0.29101562 -0.20507812
v 0.33007812 -0.28710938 -0.22460938
v 0.33007812 -0.28710938 -0.20898438
v 0.33007812 -0.22851562 -0.00976562
v 0.33007812 -0.16992188 0.12304688
v 0.33007812 -0.13867188 -0.13085938
v 0.33007812 -0.12695312 0.14257812
v 0.33007812 0.00195312 0.21289062
v 0.33007812 0.00976562 -0.09179688
v 0.33007812 0.03320312 0.20898438
v 0.33007812 0.04101562 -0.08398438
v 0.33007812 0.05273438 -0.08398438
v 0.33007812 0.08007812 -0.08789062
v 0.33007812 0.09570312 -0.08007812
v 0.33007812 0.11132812 -0.06835938
v 0.33007812 0.13476562 0.01757812
v 0.33007812 0.13476562 0.04492188
v 0.33398438 -0.31445312 -0.22851562
v 0.33398438 -0.31445312 -0.21289062
v 0.33398438 -0.29882812 -0.20507812
v 0.33398438 -0.29492188 -0.22851562
v 0.33398438 -0.29492188 -0.20507812
v 0.33398438 -0.29101562 -0.22460938
v 0.33398438 -0.28710938 -0.22070312
v 0.33398438 -0.28710938 -0.20898438
v 0.33398438 -0.28320312 -0.21289062
v 0.33398438 -0.22070312 0.01367188
v 0.33398438 -0.20898438 -0.07226562
v 0.33398438 -0.20898438 0.08007812
v 0.33398438 -0.19726562 -0.09960938
v 0.33398438 -0.07226562 0.13476562
v 0.33398438 -0.05664062 0.13085938
v 0.33398438 -0.04882812 0.15039062
v 0.33398438 -0.04492188 -0.11523438
v 0.33398438 -0.03710938 0.19335938
v 0.33398438 -0.02148438 0.20507812
v 0.33398438 -0.00976562 0.21289062
v 0.33398438 0.01757812 0.21289062
v 0.33398438 0.02929688 -0.08007812
v 0.33398438 0.05273438 0.19335938
v 0.33398438 0.06445312 -0.08789062
v 0.33398438 0.11132812 0.11914062
v 0.33398438 0.11523438 -0.05273438
v 0.33398438 0.12304688 -0.02929688
v 0.33398438 0.12304688 0.08398438
v 0.33398438 0.12695312 -0.00585938
v 0.33398438 0.12695312 0.06445312
v 0.33789062 -0.30664062 -0.22070312
v 0.33789062 -0.30273438 -0.22460938
v 0.33789062 -0.30273438 -0.20898438
v 0.33789062 -0.29882812 -0.21289062
v 0.33789062 -0.29492188 -0.22070312
v 0.33789062 -0.28710938 -0.21289062
v 0.33789062 -0.21679688 0.04101562
v 0.33789062 -0.21289062 -0.04492188
v 0.33789062 -0.18945312 0.09570312
v 0.33789062 -0.14257812 0.12304688
v 0.33789062 -0.09570312 0.13085938
v 0.33789062 -0.07617188 -0.11523438
v 0.33789062 -0.05664062 0.13476562
v 0.33789062 -0.05273438 0.16210938
v 0.33789062 -0.04492188 0.17773438
v 0.33789062 0.00195312 0.21679688
v 0.33789062 0.01757812 -0.07617188
v 0.33789062 0.03710938 0.20507812
v 0.33789062 0.04492188 -0.08789062
v 0.33789062 0.06835938 -0.08789062
v 0.33789062 0.08007812 0.16992188
v 0.33789062 0.08398438 -0.08398438
v 0.33789062 0.09960938 -0.07226562
v 0.33789062 0.09960938 0.13476562
v 0.34179688 -0.16601562 -0.09960938
v 0.34179688 -0.16210938 0.09960938
v 0.34179688 -0.10351562 -0.10742188
v 0.34179688 -0.06445312 0.11914062
v 0.34179688 -0.05664062 0.15039062
v 0.34179688 -0.03710938 0.20507812
v 0.34179688 -0.02148438 0.21289062
v 0.34179688 -0.01757812 -0.09179688
v 0.34179688 0.01757812 0.20898438
v 0.34179688 0.03320312 -0.08007812
v 0.34179688 0.05664062 -0.08789062
v 0.34179688 0.05664062 0.18164062
v 0.34179688 0.11132812 -0.03710938
v 0.34179688 0.11914062 0.03710938
v 0.34570312 -0.20507812 -0.01367188
v 0.34570312 -0.19726562 0.01757812
v 0.34570312 -0.19335938 0.06445312
v 0.34570312 -0.18945312 -0.06835938
v 0.34570312 -0.12695312 -0.09570312
v 0.34570312 -0.11523438 0.10742188
v 0.34570312 -0.08398438 0.10742188
v 0.34570312 -0.05273438 0.18554688
v 0.34570312 -0.01367188 0.21679688
v 0.34570312 -0.00195312 -0.06835938
v 0.34570312 0.00585938 0.21289062
v 0.34570312 0.01757812 -0.07617188
v 0.34570312 0.03320312 -0.08789062
v 0.34570312 0.04492188 -0.08789062
v 0.34570312 0.06445312 -0.08789062
v 0.34960938 -0.18945312 -0.04492188
v 0.34960938 -0.18945312 0.03320312
v 0.34960938 -0.16992188 0.06835938
v 0.34960938 -0.13476562 0.09179688
v 0.34960938 -0.06835938 0.09960938
v 0.34960938 -0.06835938 0.11132812
v 0.34960938 -0.06835938 0.13867188
v 0.34960938 -0.06445312 0.16992188
v 0.34960938 -0.04882812 -0.08007812
v 0.34960938 -0.03710938 0.20898438
v 0.34960938 -0.02539062 -0.06445312
v 0.34960938 -0.00976562 0.21679688
v 0.34960938 0.00195312 -0.06445312
v 0.34960938 0.03710938 0.19335938
v 0.34960938 0.07617188 -0.08007812
v 0.34960938 0.08007812 0.15039062
v 0.34960938 0.09960938 -0.05273438
v 0.34960938 0.09960938 0.12304688
v 0.34960938 0.10742188 0.09570312
v 0.34960938 0.11132812 -0.00976562
v 0.34960938 0.11523438 0.01757812
v 0.35351562 -0.18164062 -0.00195312
v 0.35351562 -0.17382812 -0.02929688
v 0.35351562 -0.16992188 0.04492188
v 0.35351562 -0.16601562 -0.05664062
v 0.35351562 -0.14648438 0.07617188
v 0.35351562 -0.13867188 -0.06835938
v 0.35351562 -0.13867188 -0.05273438
v 0.35351562 -0.10351562 -0.06835938
v 0.35351562 -0.08398438 0.08007812
v 0.35351562 -0.08007812 -0.08007812
v 0.35351562 -0.05664062 0.19335938
v 0.35351562 -0.03320312 0.21289062
v 0.35351562 -0.01367188 -0.05664062
v 0.35351562 0.00585938 0.21289062
v 0.35351562 0.01367188 -0.07617188
v 0.35351562 0.02148438 0.20507812
v 0.35351562 0.02539062 -0.08398438
v 0.35351562 0.03710938 -0.08789062
v 0.35351562 0.04882812 -0.09179688
v 0.35351562 0.06445312 0.16992188
v 0.35351562 0.08789062 -0.06054688
v 0.35351562 0.10742188 0.06835938
v 0.35742188 -0.16601562 0.02148438
v 0.35742188 -0.14648438 -0.03320312
v 0.35742188 -0.13867188 0.04882812
v 0.35742188 -0.09960938 0.06445312
v 0.35742188 -0.07617188 0.15429688
v 0.35742188 -0.07617188 0.18164062
v 0.35742188 -0.07226562 0.06445312
v 0.35742188 -0.07226562 0.08398438
v 0.35742188 -0.07226562 0.11132812
v 0.35742188 -0.06445312 -0.05664062
v 0.35742188 -0.05273438 0.20507812
v 0.35742188 -0.03710938 -0.05273438
v 0.35742188 -0.02929688 -0.04492188
v 0.35742188 -0.02539062 0.21679688
v 0.35742188 -0.00976562 0.21679688
v 0.35742188 -0.00195312 -0.06835938
v 0.35742188 0.02539062 -0.08789062
v 0.35742188 0.03710938 -0.08789062
v 0.35742188 0.04101562 0.18554688
v 0.35742188 0.05273438 -0.08398438
v 0.35742188 0.09960938 -0.02539062
v 0.36132812 -0.15429688 -0.00976562
v 0.36132812 -0.13085938 0.00976562
v 0.36132812 -0.12695312 -0.01757812
v 0.36132812 -0.11523438 -0.04101562
v 0.36132812 -0.10351562 0.03710938
v 0.36132812 -0.08398438 -0.04492188
v 0.36132812 -0.07617188 0.04101562
v 0.36132812 -0.05273438 0.20898438
v 0.36132812 -0.04492188 -0.03320312
v 0.36132812 -0.01757812 0.21679688
v 0.36132812 -0.00976562 -0.06445312
v 0.36132812 -0.00585938 0.21289062
v 0.36132812 0.00976562 -0.08398438
v 0.36132812 0.00976562 0.20507812
v 0.36132812 0.02539062 0.19726562
v 0.36132812 0.03710938 -0.08789062
v 0.36132812 0.08398438 0.12304688
v 0.36132812 0.09570312 0.10351562
v 0.36132812 0.10351562 0.03710938
v 0.36523438 -0.09570312 -0.00585938
v 0.36523438 -0.09179688 0.15820312
v 0.36523438 -0.09179688 0.16992188
v 0.36523438 -0.08789062 0.01367188
v 0.36523438 -0.08789062 0.13476562
v 0.36523438 -0.07617188 0.06835938
v 0.36523438 -0.07226562 0.04882812
v 0.36523438 -0.07226562 0.20117188
v 0.36523438 -0.06835938 -0.02539062
v 0.36523438 -0.06445312 0.02539062
v 0.36523438 -0.06054688 -0.00195312
v 0.36523438 -0.04882812 -0.01367188
v 0.36523438 -0.04101562 -0.02929688
v 0.36523438 -0.02929688 -0.04492188
v 0.36523438 -0.02148438 -0.05273438
v 0.36523438 -0.00195312 -0.07617188
v 0.36523438 0.00976562 -0.08398438
v 0.36523438 0.02539062 -0.08789062
v 0.36523438 0.06835938 -0.06835938
v 0.36523438 0.08398438 -0.04101562
v 0.36914062 -0.08398438 0.08398438
v 0.36914062 -0.08398438 0.19335938
v 0.36914062 -0.07226562 0.03710938
v 0.36914062 -0.06054688 0.01757812
v 0.36914062 -0.04882812 -0.01367188
v 0.36914062 -0.04882812 0.21289062
v 0.36914062 -0.04101562 0.21679688
v 0.36914062 -0.03710938 -0.03710938
v 0.36914062 -0.03320312 0.21679688
v 0.36914062 -0.02148438 0.21289062
v 0.36914062 -0.01757812 -0.06445312
v 0.36914062 0.00976562 0.19726562
v 0.36914062 0.02929688 0.18554688
v 0.36914062 0.04492188 0.16992188
v 0.36914062 0.05273438 -0.07226562
v 0.36914062 0.05664062 0.15820312
v 0.36914062 0.06835938 0.13867188
v 0.36914062 0.09179688 0.00195312
v 0.37304688 -0.10351562 0.15820312
v 0.37304688 -0.09570312 0.11523438
v 0.37304688 -0.08007812 0.06054688
v 0.37304688 -0.07226562 0.20507812
v 0.37304688 -0.05664062 -0.00195312
v 0.37304688 -0.04882812 -0.02148438
v 0.37304688 -0.00585938 0.20507812
v 0.37304688 -0.00195312 -0.08007812
v 0.37304688 0.02148438 -0.08789062
v 0.37304688 0.02929688 -0.08398438
v 0.37304688 0.03710938 -0.08007812
v 0.37304688 0.06054688 -0.05273438
v 0.37304688 0.08789062 0.05273438
v 0.37695312 -0.10351562 0.18164062
v 0.37695312 -0.08789062 0.19726562
v 0.37695312 -0.07226562 0.02148438
v 0.37695312 -0.06835938 0.20898438
v 0.37695312 -0.04882812 -0.03320312
v 0.37695312 -0.03710938 -0.04882812
v 0.37695312 -0.03710938 0.21289062
v 0.37695312 -0.02148438 -0.06835938
v 0.37695312 -0.01367188 -0.07617188
v 0.37695312 -0.00195312 0.19726562
v 0.37695312 0.00585938 -0.08398438
v 0.37695312 0.07226562 -0.01757812
v 0.37695312 0.07226562 0.09960938
v 0.37695312 0.07617188 0.07617188
v 0.37695312 0.08007812 0.02148438
v 0.38085938 -0.11523438 0.16992188
v 0.38085938 -0.11132812 0.13867188
v 0.38085938 -0.05664062 0.21289062
v 0.38085938 -0.04882812 0.21289062
v 0.38085938 -0.03320312 -0.06054688
v 0.38085938 -0.02539062 0.20898438
v 0.38085938 -0.00585938 -0.08007812
v 0.38085938 0.00976562 -0.08007812
v 0.38085938 0.00976562 0.18554688
v 0.38085938 0.02148438 0.17382812
v 0.38085938 0.02539062 -0.07226562
v 0.38085938 0.06054688 0.11523438
v 0.38476562 -0.11914062 0.15429688
v 0.38476562 -0.11132812 0.09960938
v 0.38476562 -0.10742188 0.18945312
v 0.38476562 -0.10351562 0.06835938
v 0.38476562 -0.09179688 0.03710938
v 0.38476562 -0.09179688 0.20117188
v 0.38476562 -0.08007812 0.20507812
v 0.38476562 -0.07226562 0.20898438
v 0.38476562 -0.06054688 -0.02929688
v 0.38476562 -0.04882812 -0.04101562
v 0.38476562 -0.03320312 -0.06445312
v 0.38476562 -0.02148438 -0.07617188
v 0.38476562 -0.01757812 0.19726562
v 0.38476562 -0.00585938 -0.08007812
v 0.38476562 -0.00585938 0.18945312
v 0.38476562 0.03320312 0.15820312
v 0.38476562 0.04882812 0.13867188
v 0.38476562 0.05273438 -0.03320312
v 0.38476562 0.06445312 0.00195312
v 0.38867188 -0.12304688 0.17382812
v 0.38867188 -0.10742188 0.19726562
v 0.38867188 -0.08398438 0.00585938
v 0.38867188 -0.07226562 -0.01367188
v 0.38867188 -0.07226562 0.20898438
v 0.38867188 -0.06054688 0.21289062
v 0.38867188 -0.04882812 -0.05273438
v 0.38867188 -0.04492188 0.20898438
v 0.38867188 -0.02929688 0.20117188
v 0.38867188 -0.01757812 -0.07617188
v 0.38867188 0.00195312 -0.07617188
v 0.38867188 0.03320312 -0.05664062
v 0.39257812 -0.13085938 0.13085938
v 0.39257812 -0.13085938 0.14648438
v 0.39257812 -0.13085938 0.16210938
v 0.39257812 -0.12695312 0.18164062
v 0.39257812 -0.09570312 0.20507812
v 0.39257812 -0.08398438 0.20898438
v 0.39257812 -0.06054688 -0.03710938
v 0.39257812 -0.03320312 -0.06835938
v 0.39257812 -0.02539062 0.19335938
v 0.39257812 -0.01757812 0.18554688
v 0.39257812 -0.01367188 -0.07226562
v 0.39257812 -0.00195312 0.17773438
v 0.39257812 0.00585938 -0.06835938
v 0.39257812 0.06054688 0.02929688
v 0.39257812 0.06054688 0.05664062
v 0.39648438 -0.12695312 0.18945312
v 0.39648438 -0.10742188 0.04882812
v 0.39648438 -0.10742188 0.19726562
v 0.39648438 -0.06054688 -0.04882812
v 0.39648438 -0.05664062 0.20507812
v 0.39648438 -0.04882812 -0.05664062
v 0.39648438 -0.04492188 0.20117188
v 0.39648438 0.00585938 -0.06054688
v 0.39648438 0.00976562 0.16210938
v 0.39648438 0.02929688 -0.03710938
v 0.39648438 0.04492188 -0.00976562
v 0.39648438 0.05273438 0.08398438
v 0.40039062 -0.14257812 0.15820312
v 0.40039062 -0.13867188 0.16992188
v 0.40039062 -0.12695312 0.09570312
v 0.40039062 -0.12304688 0.19335938
v 0.40039062 -0.10351562 0.20117188
v 0.40039062 -0.09179688 0.20507812
v 0.40039062 -0.08007812 0.20898438
v 0.40039062 -0.07617188 -0.02148438
v 0.40039062 -0.06835938 0.20898438
v 0.40039062 -0.04101562 -0.06054688
v 0.40039062 -0.03710938 0.19335938
v 0.40039062 -0.02929688 -0.06835938
v 0.40039062 -0.02539062 0.18554688
v 0.40039062 -0.01367188 -0.06445312
v 0.40039062 0.03710938 0.11132812
v 0.40429688 -0.14257812 0.14257812
v 0.40429688 -0.14257812 0.17773438
v 0.40429688 -0.12304688 0.06835938
v 0.40429688 -0.11914062 0.19726562
v 0.40429688 -0.10742188 0.01757812
v 0.40429688 -0.09960938 0.00195312
v 0.40429688 -0.09179688 -0.00976562
v 0.40429688 -0.07226562 -0.03710938
v 0.40429688 -0.06054688 -0.05273438
v 0.40429688 -0.05273438 -0.05664062
v 0.40429688 -0.02929688 -0.06445312
v 0.40429688 0.01367188 -0.04492188
v 0.40429688 0.02148438 0.13085938
v 0.40429688 0.03710938 0.00976562
v 0.40429688 0.04492188 0.03710938
v 0.40820312 -0.15429688 0.15039062
v 0.40820312 -0.15039062 0.16601562
v 0.40820312 -0.14648438 0.12695312
v 0.40820312 -0.14257812 0.11523438
v 0.40820312 -0.13476562 0.18554688
v 0.40820312 -0.12304688 0.04101562
v 0.40820312 -0.11132812 0.20117188
v 0.40820312 -0.10742188 0.00585938
v 0.40820312 -0.10351562 -0.00585938
v 0.40820312 -0.10351562 0.20117188
v 0.40820312 -0.09179688 -0.01757812
v 0.40820312 -0.08398438 -0.02929688
v 0.40820312 -0.08007812 0.20507812
v 0.40820312 -0.07226562 -0.04492188
v 0.40820312 -0.06835938 0.20117188
v 0.40820312 -0.05664062 0.19726562
v 0.40820312 -0.04101562 -0.06054688
v 0.40820312 -0.01757812 -0.05664062
v 0.40820312 -0.01367188 0.16601562
v 0.40820312 0.03710938 0.06054688
v 0.41210938 -0.15429688 0.13476562
v 0.41210938 -0.15039062 0.17382812
v 0.41210938 -0.14648438 0.09960938
v 0.41210938 -0.14648438 0.18164062
v 0.41210938 -0.13867188 0.08398438
v 0.41210938 -0.13476562 0.06445312
v 0.41210938 -0.13476562 0.18945312
v 0.41210938 -0.12304688 0.02929688
v 0.41210938 -0.09570312 0.20507812
v 0.41210938 -0.07226562 -0.04492188
v 0.41210938 -0.06445312 -0.05273438
v 0.41210938 -0.05273438 -0.05664062
v 0.41210938 -0.04101562 -0.05664062
v 0.41210938 -0.03710938 0.17773438
v 0.41210938 -0.03320312 -0.05664062
v 0.41210938 -0.01367188 -0.04882812
v 0.41210938 -0.00195312 0.14648438
v 0.41210938 0.01757812 0.10742188
v 0.41210938 0.02148438 -0.00976562
v 0.41210938 0.02929688 0.08398438
v 0.41601562 -0.16210938 0.15820312
v 0.41601562 -0.15820312 0.16601562
v 0.41601562 -0.15429688 0.11914062
v 0.41601562 -0.12304688 0.19335938
v 0.41601562 -0.11914062 0.00585938
v 0.41601562 -0.11523438 0.19726562
v 0.41601562 -0.08789062 -0.03320312
v 0.41601562 -0.08789062 0.20117188
v 0.41601562 -0.08007812 -0.04101562
v 0.41601562 -0.05273438 -0.05273438
v 0.41601562 -0.04882812 0.18554688
v 0.41601562 -0.02929688 -0.04882812
v 0.41601562 -0.00976562 -0.03710938
v 0.41601562 0.00195312 -0.02539062
v 0.41601562 0.00585938 0.11523438
v 0.41992188 -0.16210938 0.12695312
v 0.41992188 -0.16210938 0.14257812
v 0.41992188 -0.15429688 0.10742188
v 0.41992188 -0.15429688 0.17382812
v 0.41992188 -0.14648438 0.08398438
v 0.41992188 -0.14648438 0.17773438
v 0.41992188 -0.14257812 0.18554688
v 0.41992188 -0.13867188 0.05664062
v 0.41992188 -0.13085938 0.18945312
v 0.41992188 -0.12695312 0.02148438
v 0.41992188 -0.11523438 0.00195312
v 0.41992188 -0.10742188 -0.00976562
v 0.41992188 -0.09960938 -0.01757812
v 0.41992188 -0.09960938 0.20117188
v 0.41992188 -0.06835938 -0.04882812
v 0.41992188 -0.06835938 0.18945312
v 0.41992188 -0.05273438 -0.04882812
v 0.41992188 -0.04882812 0.17382812
v 0.41992188 -0.04492188 -0.04882812
v 0.41992188 -0.02539062 0.15039062
v 0.41992188 -0.02148438 -0.03710938
v 0.41992188 -0.00585938 0.12695312
v 0.41992188 0.00976562 0.01367188
v 0.41992188 0.02148438 0.03710938
v 0.42382812 -0.16601562 0.13476562
v 0.42382812 -0.16601562 0.14648438
v 0.42382812 -0.16601562 0.15039062
v 0.42382812 -0.16210938 0.11132812
v 0.42382812 -0.16210938 0.16210938
v 0.42382812 -0.15429688 0.09179688
v 0.42382812 -0.13476562 0.03320312
v 0.42382812 -0.12695312 0.19335938
v 0.42382812 -0.10742188 0.19726562
v 0.42382812 -0.09960938 0.19726562
v 0.42382812 -0.08398438 0.19335938
v 0.42382812 -0.08007812 -0.04101562
v 0.42382812 -0.06445312 0.17773438
v 0.42382812 -0.03710938 0.16601562
v 0.42382812 -0.01757812 0.13476562
v 0.42382812 -0.00976562 0.11132812
v 0.42382812 -0.00195312 0.09960938
v 0.42382812 0.00585938 0.08007812
v 0.42382812 0.01367188 0.06054688
v 0.42773438 -0.16601562 0.12304688
v 0.42773438 -0.16601562 0.15820312
v 0.42773438 -0.16210938 0.09960938
v 0.42773438 -0.15820312 0.16992188
v 0.42773438 -0.15039062 0.07226562
v 0.42773438 -0.15039062 0.17773438
v 0.42773438 -0.14648438 0.05273438
v 0.42773438 -0.14257812 0.03710938
v 0.42773438 -0.13867188 0.18554688
v 0.42773438 -0.13085938 0.01757812
v 0.42773438 -0.12304688 0.00195312
v 0.42773438 -0.11914062 0.19335938
v 0.42773438 -0.11523438 -0.00976562
v 0.42773438 -0.10742188 0.19335938
v 0.42773438 -0.10351562 -0.01757812
v 0.42773438 -0.09570312 -0.02929688
v 0.42773438 -0.08398438 0.18164062
v 0.42773438 -0.08007812 -0.03710938
v 0.42773438 -0.07226562 -0.04101562
v 0.42773438 -0.06054688 -0.03710938
v 0.42773438 -0.05664062 0.16210938
v 0.42773438 -0.04492188 -0.03710938
v 0.42773438 -0.03320312 0.13867188
v 0.42773438 -0.02539062 0.11914062
v 0.42773438 -0.02148438 -0.02148438
v 0.42773438 -0.00195312 -0.00195312
v 0.43164062 -0.16992188 0.13085938
v 0.43164062 -0.16601562 0.10742188
v 0.43164062 -0.16210938 0.08398438
v 0.43164062 -0.16210938 0.15820312
v 0.43164062 -0.15039062 0.04882812
v 0.43164062 -0.14257812 0.18164062
v 0.43164062 -0.13476562 0.18554688
v 0.43164062 -0.12695312 0.18554688
v 0.43164062 -0.11914062 0.18945312
v 0.43164062 -0.09570312 -0.02539062
v 0.43164062 -0.09570312 0.18554688
v 0.43164062 -0.04882812 0.15039062
v 0.43164062 -0.04101562 0.13085938
v 0.43164062 -0.02539062 0.09960938
v 0.43164062 -0.02148438 -0.00585938
v 0.43164062 -0.01367188 0.01757812
v 0.43164062 -0.01367188 0.08398438
v 0.43164062 -0.00976562 0.03710938
v 0.43164062 -0.00976562 0.06445312
v 0.43554688 -0.16992188 0.11523438
v 0.43554688 -0.16992188 0.13476562
v 0.43554688 -0.16601562 0.09570312
v 0.43554688 -0.16601562 0.15039062
v 0.43554688 -0.15820312 0.16601562
v 0.43554688 -0.15429688 0.06054688
v 0.43554688 -0.15039062 0.16992188
v 0.43554688 -0.14648438 0.03320312
v 0.43554688 -0.14257812 0.17773438
v 0.43554688 -0.13476562 0.01367188
v 0.43554688 -0.12695312 0.00195312
v 0.43554688 -0.11523438 -0.00976562
v 0.43554688 -0.11132812 0.18164062
v 0.43554688 -0.10351562 -0.01757812
v 0.43554688 -0.08789062 -0.02539062
v 0.43554688 -0.08007812 -0.02539062
v 0.43554688 -0.07617188 0.16601562
v 0.43554688 -0.06445312 -0.02539062
v 0.43554688 -0.04492188 -0.02148438
v 0.43554688 -0.02148438 0.05664062
v 0.43945312 -0.16992188 0.12304688
v 0.43945312 -0.16992188 0.12695312
v 0.43945312 -0.16601562 0.09960938
v 0.43945312 -0.16601562 0.13867188
v 0.43945312 -0.16601562 0.15039062
v 0.43945312 -0.16210938 0.07617188
v 0.43945312 -0.15820312 0.16210938
v 0.43945312 -0.14257812 0.02539062
v 0.43945312 -0.13476562 0.17773438
v 0.43945312 -0.12304688 -0.00195312
v 0.43945312 -0.12304688 0.17773438
v 0.43945312 -0.11132812 -0.01367188
v 0.43945312 -0.09960938 -0.01757812
v 0.43945312 -0.09570312 0.16992188
v 0.43945312 -0.07226562 0.15429688
v 0.43945312 -0.05664062 0.12304688
v 0.43945312 -0.05664062 0.13476562
v 0.43945312 -0.04492188 -0.00195312
v 0.43945312 -0.04492188 0.10742188
v 0.43945312 -0.03320312 0.01757812
v 0.43945312 -0.03320312 0.07617188
v 0.44335938 -0.16992188 0.10742188
v 0.44335938 -0.16992188 0.11523438
v 0.44335938 -0.15820312 0.05273438
v 0.44335938 -0.15429688 0.16210938
v 0.44335938 -0.15039062 0.04101562
v 0.44335938 -0.14648438 0.16992188
v 0.44335938 -0.13476562 0.00976562
v 0.44335938 -0.11523438 -0.00585938
v 0.44335938 -0.10742188 -0.00976562
v 0.44335938 -0.09570312 -0.01367188
v 0.44335938 -0.08398438 0.15820312
v 0.44335938 -0.08007812 -0.01367188
v 0.44335938 -0.06835938 -0.00976562
v 0.44335938 -0.06835938 0.13867188
v 0.44335938 -0.06445312 0.11132812
v 0.44335938 -0.05664062 0.09960938
v 0.44335938 -0.04882812 0.02148438
v 0.44335938 -0.04492188 0.08789062
v 0.44335938 -0.04101562 0.04492188
v 0.44726562 -0.16601562 0.08789062
v 0.44726562 -0.16601562 0.10351562
v 0.44726562 -0.16601562 0.13085938
v 0.44726562 -0.16210938 0.06835938
v 0.44726562 -0.16210938 0.14648438
v 0.44726562 -0.15820312 0.05664062
v 0.44726562 -0.15429688 0.04101562
v 0.44726562 -0.15039062 0.15820312
v 0.44726562 -0.14648438 0.03320312
v 0.44726562 -0.14257812 0.02539062
v 0.44726562 -0.13867188 0.01367188
v 0.44726562 -0.13867188 0.16210938
v 0.44726562 -0.13085938 0.16601562
v 0.44726562 -0.12695312 0.00585938
v 0.44726562 -0.11914062 0.00195312
v 0.44726562 -0.11523438 0.16601562
v 0.44726562 -0.11132812 0.00195312
v 0.44726562 -0.09960938 0.00195312
v 0.44726562 -0.09960938 0.15429688
v 0.44726562 -0.08789062 0.14648438
v 0.44726562 -0.08398438 0.00585938
v 0.44726562 -0.07226562 0.12304688
v 0.44726562 -0.06445312 0.00976562
v 0.44726562 -0.06445312 0.08007812
v 0.44726562 -0.06054688 0.04492188
v 0.44726562 -0.05664062 0.06445312
v 0.45117188 -0.16601562 0.09179688
v 0.45117188 -0.16601562 0.11523438
v 0.45117188 -0.16210938 0.07617188
v 0.45117188 -0.16210938 0.13476562
v 0.45117188 -0.15820312 0.14257812
v 0.45117188 -0.15429688 0.05273438
v 0.45117188 -0.15039062 0.03710938
v 0.45117188 -0.14257812 0.02929688
v 0.45117188 -0.13476562 0.01757812
v 0.45117188 -0.13476562 0.15039062
v 0.45117188 -0.12695312 0.01367188
v 0.45117188 -0.12695312 0.15429688
v 0.45117188 -0.08398438 0.02148438
v 0.45117188 -0.08398438 0.13085938
v 0.45117188 -0.07617188 0.10742188
v 0.45117188 -0.07226562 0.04492188
v 0.45117188 -0.07226562 0.09179688
v 0.45117188 -0.06445312 0.02539062
v 0.45507812 -0.16210938 0.09570312
v 0.45507812 -0.16210938 0.11132812
v 0.45507812 -0.16210938 0.11914062
v 0.45507812 -0.15820312 0.06054688
v 0.45507812 -0.15820312 0.06835938
v 0.45507812 -0.15820312 0.08007812
v 0.45507812 -0.15429688 0.13085938
v 0.45507812 -0.15039062 0.04882812
v 0.45507812 -0.14648438 0.03710938
v 0.45507812 -0.14648438 0.14257812
v 0.45507812 -0.13867188 0.13867188
v 0.45507812 -0.13476562 0.02539062
v 0.45507812 -0.12695312 0.02148438
v 0.45507812 -0.12695312 0.14648438
v 0.45507812 -0.11523438 0.14257812
v 0.45507812 -0.11132812 0.01367188
v 0.45507812 -0.11132812 0.13085938
v 0.45507812 -0.10351562 0.12695312
v 0.45507812 -0.09960938 0.13867188
v 0.45507812 -0.09570312 0.01757812
v 0.45507812 -0.09179688 0.09960938
v 0.45507812 -0.08789062 0.11523438
v 0.45507812 -0.08398438 0.08398438
v 0.45507812 -0.08007812 0.06445312
v 0.45898438 -0.16210938 0.09960938
v 0.45898438 -0.15820312 0.09179688
v 0.45898438 -0.15820312 0.11132812
v 0.45898438 -0.15429688 0.06835938
v 0.45898438 -0.15429688 0.08398438
v 0.45898438 -0.15429688 0.09960938
v 0.45898438 -0.15039062 0.05664062
v 0.45898438 -0.14648438 0.11523438
v 0.45898438 -0.14257812 0.04882812
v 0.45898438 -0.14257812 0.12695312
v 0.45898438 -0.13867188 0.03710938
v 0.45898438 -0.13476562 0.11914062
v 0.45898438 -0.13085938 0.03320312
v 0.45898438 -0.12695312 0.13085938
v 0.45898438 -0.11914062 0.03320312
v 0.45898438 -0.11914062 0.11523438
v 0.45898438 -0.11523438 0.09960938
v 0.45898438 -0.11132812 0.03710938
v 0.45898438 -0.10742188 0.05273438
v 0.45898438 -0.10742188 0.09570312
v 0.45898438 -0.10351562 0.08398438
v 0.45898438 -0.10351562 0.10742188
v 0.45898438 -0.09960938 0.03710938
v 0.45898438 -0.09960938 0.06835938
v 0.45898438 -0.09179688 0.04882812
v 0.46289062 -0.14648438 0.06054688
v 0.46289062 -0.14648438 0.07226562
v 0.46289062 -0.14648438 0.08789062
v 0.46289062 -0.14257812 0.09960938
v 0.46289062 -0.13867188 0.04882812
v 0.46289062 -0.13476562 0.06054688
v 0.46289062 -0.13476562 0.08007812
v 0.46289062 -0.13476562 0.10742188
v 0.46289062 -0.12695312 0.04882812
v 0.46289062 -0.12695312 0.09960938
v 0.46289062 -0.12304688 0.05664062
v 0.46289062 -0.11523438 0.06835938
v 0.46289062 -0.11523438 0.08789062
f 2255 2434 2391
f 2255 2391 2219
f 2391 2434 2517
f 2434 2255 2299
f 2255 2219 2121
f 2219 2391 2300
f 2391 2517 2479
f 2517 2434 2567
f 2434 2299 2437
f 2299 2255 2081
f 2255 2121 2119
f 2121 2219 2185
f 2219 2300 2185
f 2300 2391 2479
f 2479 2517 2569
f 2517 2567 2599
f 2567 2434 2437
f 2437 2299 2298
f 2299 2081 2080
f 2081 2255 2119
f 2119 2121 1982
f 2121 2185 2049
f 2185 2300 2221
f 2300 2479 2393
f 2479 2569 2520
f 2569 2517 2599
f 2599 2567 2518
f 2567 2437 2518
f 2437 2298 2436
f 2298 2299 2080
f 2080 2081 1981
f 2081 2119 1981
f 2119 1982 1981
f 1982 2121 1906
f 2121 2049 1906
f 2049 2185 2123
f 2185 2221 2123
f 2221 2300 2348
f 2300 2393 2348
f 2393 2479 2520
f 2520 2569 2522
f 2569 2599 2602
f 2599 2518 2568
f 2518 2437 2436
f 2436 2298 2218
f 2298 2080 2218
f 2080 1981 1862
f 1981 1982 1834
f 1982 1906 1834
f 1906 2049 1938
f 2049 2123 1938
f 2123 2221 2187
f 2221 2348 2301
f 2348 2393 2480
f 2393 2520 2480
f 2520 2522 2480
f 2522 2569 2603
f 2569 2602 2603
f 2602 2599 2601
f 2599 2568 2601
f 2568 2518 2435
f 2518 2436 2435
f 2436 2218 2297
f 2218 2080 2079
f 2080 1862 1861
f 1862 1981 1836
f 1981 1834 1836
f 1834 1906 1673
f 1906 1938 1794
f 1938 2123 2016
f 2123 2187 2016
f 2187 2221 2301
f 2301 2348 2394
f 2348 2480 2439
f 2480 2522 2523
f 2522 2603 2607
f 2603 2602 2607
f 2602 2601 2605
f 2601 2568 2600
f 2568 2435 2519
f 2435 2436 2297
f 2297 2218 2153
f 2218 2079 2153
f 2079 2080 1861
f 1861 1862 1671
f 1862 1836 1713
f 1836 1834 1634
f 1834 1673 1634
f 1673 1906 1794
f 1794 1938 1795
f 1938 2016 1907
f 2016 2187 2083
f 2187 2301 2222
f 2301 2394 2222
f 2394 2348 2439
f 2439 2480 2523
f 2523 2522 2607
f 2607 2602 2609
f 2602 2605 2609
f 2605 2601 2600
f 2600 2568 2519
f 2519 2435 2392
f 2435 2297 2347
f 2297 2153 2217
f 2153 2079 1980
f 2079 1861 1980
f 1861 1671 1712
f 1671 1862 1713
f 1713 1836 1546
f 1836 1634 1546
f 1634 1673 1547
f 1673 1794 1674
f 1794 1795 1674
f 1795 1938 1907
f 1907 2016 1940
f 2016 2083 2051
f 2083 2187 2222
f 2222 2394 2351
f 2394 2439 2482
f 2439 2523 2482
f 2523 2607 2571
f 2607 2609 2611
f 2609 2605 2610
f 2605 2600 2606
f 2600 2519 2521
f 2519 2392 2438
f 2392 2435 2347
f 2347 2297 2217
f 2217 2153 2047
f 2153 1980 2047
f 1980 1861 1833
f 1861 1712 1833
f 1712 1671 1497
f 1671 1713 1498
f 1713 1546 1461
f 1546 1634 1412
f 1634 1547 1412
f 1547 1673 1589
f 1673 1674 1589
f 1674 1795 1714
f 1795 1907 1838
f 1907 1940 1838
f 1940 2016 2051
f 2051 2083 2084
f 2083 2222 2155
f 2222 2351 2258
f 2351 2394 2441
f 2394 2482 2441
f 2482 2523 2571
f 2571 2607 2612
f 2607 2611 2612
f 2611 2609 2613
f 2609 2610 2613
f 2610 2605 2606
f 2606 2600 2604
f 2600 2521 2604
f 2521 2519 2438
f 2438 2392 2349
f 2392 2347 2220
f 2347 2217 2220
f 2217 2047 2120
f 2047 1980 1860
f 1980 1833 1860
f 1833 1712 1632
f 1712 1497 1632
f 1497 1671 1498
f 1498 1713 1461
f 1461 1546 1412
f 1412 1547 1462
f 1547 1589 1502
f 1589 1674 1637
f 1674 1714 1637
f 1714 1795 1838
f 1838 1940 1864
f 1940 2051 1985
f 2051 2084 1985
f 2084 2083 2155
f 2155 2222 2258
f 2258 2351 2303
f 2351 2441 2395
f 2441 2482 2483
f 2482 2571 2527
f 2571 2612 2527
f 2612 2611 2573
f 2611 2613 2573
f 2613 2610 2574
f 2610 2606 2608
f 2606 2604 2570
f 2604 2521 2481
f 2521 2438 2481
f 2438 2349 2350
f 2349 2392 2256
f 2392 2220 2256
f 2220 2217 2120
f 2120 2047 2048
f 2047 1860 1937
f 1860 1833 1793
f 1833 1632 1793
f 1632 1497 1460
f 1497 1498 1332
f 1498 1461 1332
f 1461 1412 1288
f 1412 1462 1289
f 1462 1547 1502
f 1502 1589 1503
f 1589 1637 1503
f 1637 1714 1675
f 1714 1838 1796
f 1838 1864 1796
f 1864 1940 1985
f 1985 2084 2017
f 2084 2155 2086
f 2155 2258 2223
f 2258 2303 2223
f 2303 2351 2395
f 2395 2441 2483
f 2483 2482 2527
f 2527 2612 2573
f 2573 2613 2575
f 2613 2574 2575
f 2574 2610 2608
f 2608 2606 2570
f 2570 2604 2524
f 2604 2481 2524
f 2481 2438 2440
f 2438 2350 2440
f 2350 2349 2257
f 2349 2256 2257
f 2256 2220 2186
f 2220 2120 2122
f 2120 2048 2122
f 2048 2047 1937
f 1937 1860 1793
f 1793 1632 1633
f 1632 1460 1500
f 1460 1497 1331
f 1497 1332 1331
f 1332 1461 1288
f 1288 1412 1289
f 1289 1462 1334
f 1462 1502 1464
f 1502 1503 1464
f 1503 1637 1549
f 1637 1675 1590
f 1675 1714 1796
f 1796 1864 1866
f 1864 1985 1942
f 1985 2017 1942
f 2017 2084 2086
f 2086 2155 2190
f 2155 2223 2190
f 2223 2303 2261
f 2303 2395 2355
f 2395 2483 2487
f 2483 2527 2487
f 2527 2573 2528
f 2573 2575 2488
f 2575 2574 2490
f 2574 2608 2572
f 2608 2570 2525
f 2570 2524 2484
f 2524 2481 2440
f 2440 2350 2352
f 2350 2257 2259
f 2257 2256 2186
f 2186 2220 2122
f 2122 2048 1983
f 2048 1937 1983
f 1937 1793 1835
f 1793 1633 1672
f 1633 1632 1500
f 1500 1460 1410
f 1460 1331 1410
f 1331 1332 1233
f 1332 1288 1234
f 1288 1289 1234
f 1289 1334 1236
f 1334 1462 1464
f 1464 1503 1465
f 1503 1549 1465
f 1549 1637 1590
f 1590 1675 1677
f 1675 1796 1753
f 1796 1866 1753
f 1866 1864 1942
f 1942 2017 2052
f 2017 2086 2052
f 2086 2190 2158
f 2190 2223 2261
f 2261 2303 2355
f 2355 2395 2399
f 2395 2487 2399
f 2487 2527 2528
f 2528 2573 2488
f 2488 2575 2491
f 2575 2490 2491
f 2490 2574 2529
f 2574 2572 2486
f 2572 2608 2526
f 2608 2525 2526
f 2525 2570 2484
f 2484 2524 2442
f 2524 2440 2442
f 2440 2352 2442
f 2352 2350 2259
f 2259 2257 2154
f 2257 2186 2154
f 2186 2122 2082
f 2122 1983 2082
f 1983 1937 1835
f 1835 1793 1672
f 1672 1633 1499
f 1633 1500 1499
f 1500 1410 1499
f 1410 1331 1330
f 1331 1233 1232
f 1233 1332 1234
f 1234 1289 1204
f 1289 1236 1204
f 1236 1334 1335
f 1334 1464 1335
f 1464 1465 1335
f 1465 1549 1504
f 1549 1590 1591
f 1590 1677 1591
f 1677 1675 1753
f 1753 1866 1797
f 1866 1942 1867
f 1942 2052 1943
f 2052 2086 2089
f 2086 2158 2089
f 2158 2190 2261
f 2261 2355 2307
f 2355 2399 2307
f 2399 2487 2489
f 2487 2528 2489
f 2528 2488 2489
f 2488 2491 2446
f 2491 2490 2404
f 2490 2529 2401
f 2529 2574 2486
f 2486 2572 2444
f 2572 2526 2444
f 2526 2525 2443
f 2525 2484 2485
f 2484 2442 2396
f 2442 2352 2396
f 2352 2259 2225
f 2259 2154 2188
f 2154 2186 2082
f 2082 1983 1984
f 1983 1835 1863
f 1835 1672 1751
f 1672 1499 1635
f 1499 1410 1411
f 1410 1330 1411
f 1330 1331 1232
f 1232 1233 1201
f 1233 1234 1203
f 1234 1204 1203
f 1204 1236 1170
f 1236 1335 1238
f 1335 1465 1414
f 1465 1504 1414
f 1504 1549 1591
f 1591 1677 1679
f 1677 1753 1754
f 1753 1797 1754
f 1797 1866 1867
f 1867 1942 1943
f 1943 2052 2054
f 2052 2089 2054
f 2089 2158 2126
f 2158 2261 2191
f 2261 2307 2262
f 2307 2399 2402
f 2399 2489 2402
f 2489 2488 2402
f 2488 2446 2402
f 2446 2491 2404
f 2404 2490 2358
f 2490 2401 2358
f 2401 2529 2306
f 2529 2486 2306
f 2486 2444 2227
f 2444 2526 2224
f 2526 2443 2302
f 2443 2525 2485
f 2485 2484 2445
f 2484 2396 2397
f 2396 2352 2304
f 2352 2225 2304
f 2225 2259 2188
f 2188 2154 2085
f 2154 2082 2050
f 2082 1984 2050
f 1984 1983 1863
f 1863 1835 1751
f 1751 1672 1635
f 1635 1499 1501
f 1499 1411 1501
f 1411 1330 1287
f 1330 1232 1261
f 1232 1201 1202
f 1201 1233 1203
f 1203 1204 1169
f 1204 1170 1169
f 1170 1236 1206
f 1236 1238 1206
f 1238 1335 1414
f 1414 1504 1551
f 1504 1591 1551
f 1591 1679 1592
f 1679 1677 1754
f 1754 1797 1840
f 1797 1867 1840
f 1867 1943 1945
f 1943 2054 1945
f 2054 2089 2126
f 2126 2158 2191
f 2191 2261 2262
f 2262 2307 2263
f 2307 2402 2263
f 2402 2446 2359
f 2446 2404 2359
f 2404 2358 2359
f 2358 2401 2264
f 2401 2306 2127
f 2306 2486 2227
f 2227 2444 2224
f 2224 2526 2302
f 2302 2443 2260
f 2443 2485 2353
f 2485 2445 2353
f 2445 2484 2400
f 2484 2397 2400
f 2397 2396 2304
f 2304 2225 2229
f 2225 2188 2156
f 2188 2085 2156
f 2085 2154 2050
f 2050 1984 1939
f 1984 1863 1939
f 1863 1751 1837
f 1751 1635 1636
f 1635 1501 1636
f 1501 1411 1463
f 1411 1287 1333
f 1287 1330 1261
f 1261 1232 1202
f 1202 1201 1168
f 1201 1203 1168
f 1203 1169 1168
f 1169 1170 1172
f 1170 1206 1172
f 1206 1238 1240
f 1238 1414 1262
f 1414 1551 1415
f 1551 1591 1592
f 1592 1679 1681
f 1679 1754 1755
f 1754 1840 1755
f 1840 1867 1945
f 1945 2054 1986
f 2054 2126 2090
f 2126 2191 2192
f 2191 2262 2192
f 2262 2263 2192
f 2263 2402 2359
f 2359 2358 2231
f 2358 2264 2193
f 2264 2401 2127
f 2127 2306 2159
f 2306 2227 2159
f 2227 2224 2124
f 2224 2302 2189
f 2302 2260 2189
f 2260 2443 2353
f 2353 2445 2354
f 2445 2400 2398
f 2400 2397 2357
f 2397 2304 2308
f 2304 2229 2308
f 2229 2225 2125
f 2225 2156 2125
f 2156 2085 2053
f 2085 2050 1939
f 1939 1863 1837
f 1837 1751 1752
f 1751 1636 1752
f 1636 1501 1463
f 1463 1411 1333
f 1333 1287 1235
f 1287 1261 1235
f 1261 1202 1235
f 1202 1168 1205
f 1168 1169 1172
f 1172 1206 1209
f 1206 1240 1209
f 1240 1238 1262
f 1262 1414 1415
f 1415 1551 1505
f 1551 1592 1638
f 1592 1681 1638
f 1681 1679 1755
f 1755 1840 1868
f 1840 1945 1986
f 1986 2054 2090
f 2090 2126 2192
f 2192 2263 2161
f 2263 2359 2230
f 2359 2231 2230
f 2231 2358 2193
f 2193 2264 2162
f 2264 2127 2091
f 2127 2159 2056
f 2159 2227 2124
f 2124 2224 2189
f 2189 2260 2157
f 2260 2353 2354
f 2354 2445 2398
f 2398 2400 2403
f 2400 2357 2360
f 2357 2397 2308
f 2308 2229 2232
f 2229 2125 2128
f 2125 2156 2053
f 2053 2085 1941
f 2085 1939 1941
f 1939 1837 1865
f 1837 1752 1865
f 1752 1636 1676
f 1636 1463 1548
f 1463 1333 1413
f 1333 1235 1290
f 1235 1202 1205
f 1205 1168 1171
f 1168 1172 1171
f 1172 1209 1208
f 1209 1240 1264
f 1240 1262 1263
f 1262 1415 1416
f 1415 1505 1416
f 1505 1551 1638
f 1638 1681 1756
f 1681 1755 1756
f 1755 1868 1756
f 1868 1840 1986
f 1986 2090 2092
f 2090 2192 2161
f 2161 2263 2230
f 2230 2231 2130
f 2231 2193 2093
f 2193 2162 2093
f 2162 2264 2091
f 2091 2127 2056
f 2056 2159 2088
f 2159 2124 2088
f 2124 2189 2157
f 2157 2260 2226
f 2260 2354 2226
f 2354 2398 2305
f 2398 2403 2356
f 2403 2400 2360
f 2360 2357 2310
f 2357 2308 2310
f 2308 2232 2310
f 2232 2229 2128
f 2128 2125 2018
f 2125 2053 2018
f 2053 1941 1944
f 1941 1939 1865
f 1865 1752 1839
f 1752 1676 1839
f 1676 1636 1548
f 1548 1463 1413
f 1413 1333 1290
f 1290 1235 1237
f 1235 1205 1237
f 1205 1171 1207
f 1171 1172 1208
f 1208 1209 1241
f 1209 1264 1241
f 1264 1240 1263
f 1263 1262 1337
f 1262 1416 1337
f 1416 1505 1554
f 1505 1638 1554
f 1638 1756 1682
f 1756 1868 1910
f 1868 1986 1988
f 1986 2092 1988
f 2092 2090 2161
f 2161 2230 2130
f 2130 2231 2093
f 2093 2162 1947
f 2162 2091 2019
f 2091 2056 2019
f 2056 2088 2055
f 2088 2124 2087
f 2124 2157 2087
f 2157 2226 2160
f 2226 2354 2305
f 2305 2398 2356
f 2356 2403 2405
f 2403 2360 2405
f 2360 2310 2363
f 2310 2232 2266
f 2232 2128 2163
f 2128 2018 2163
f 2018 2053 1944
f 1944 1941 1839
f 1941 1865 1839
f 1839 1676 1678
f 1676 1548 1550
f 1548 1413 1550
f 1413 1290 1291
f 1290 1237 1291
f 1237 1205 1207
f 1207 1171 1208
f 1208 1241 1265
f 1241 1264 1342
f 1264 1263 1293
f 1263 1337 1338
f 1337 1416 1417
f 1416 1554 1507
f 1554 1638 1682
f 1682 1756 1798
f 1756 1910 1798
f 1910 1868 1988
f 1988 2092 2058
f 2092 2161 2058
f 2161 2130 2058
f 2130 2093 1990
f 2093 1947 1989
f 1947 2162 2019
f 2019 2056 1987
f 2056 2055 1987
f 2055 2088 2087
f 2087 2157 2160
f 2160 2226 2228
f 2226 2305 2228
f 2305 2356 2309
f 2356 2405 2406
f 2405 2360 2363
f 2363 2310 2364
f 2310 2266 2364
f 2266 2232 2163
f 2163 2018 2094
f 2018 1944 1908
f 1944 1839 1841
f 1839 1678 1841
f 1678 1676 1550
f 1550 1413 1466
f 1413 1291 1336
f 1291 1237 1292
f 1237 1207 1239
f 1207 1208 1265
f 1265 1241 1380
f 1241 1342 1380
f 1342 1264 1340
f 1264 1293 1340
f 1293 1263 1338
f 1338 1337 1506
f 1337 1417 1506
f 1417 1416 1507
f 1507 1554 1640
f 1554 1682 1640
f 1682 1798 1716
f 1798 1910 1872
f 1910 1988 2058
f 2058 2130 1990
f 1990 2093 1989
f 1989 1947 1909
f 1947 2019 1987
f 1987 2055 2057
f 2055 2087 2160
f 2160 2228 2265
f 2228 2305 2309
f 2309 2356 2361
f 2356 2406 2361
f 2406 2405 2407
f 2405 2363 2407
f 2363 2364 2408
f 2364 2266 2532
f 2266 2163 2195
f 2163 2094 2132
f 2094 2018 1908
f 1908 1944 1841
f 1841 1678 1680
f 1678 1550 1552
f 1550 1466 1552
f 1466 1413 1336
f 1336 1291 1292
f 1292 1237 1239
f 1239 1207 1294
f 1207 1265 1294
f 1265 1380 1341
f 1380 1342 1556
f 1342 1340 1421
f 1340 1293 1379
f 1293 1338 1418
f 1338 1506 1553
f 1506 1417 1593
f 1417 1507 1593
f 1507 1640 1593
f 1640 1682 1716
f 1716 1798 1872
f 1872 1910 1990
f 1910 2058 1990
f 1990 1989 1871
f 1989 1909 1871
f 1909 1947 1842
f 1947 1987 1946
f 1987 2057 2020
f 2057 2055 2129
f 2055 2160 2129
f 2160 2265 2129
f 2265 2228 2309
f 2309 2361 2362
f 2361 2406 2492
f 2406 2407 2492
f 2407 2363 2408
f 2408 2364 2532
f 2532 2266 2496
f 2266 2195 2496
f 2195 2163 2132
f 2132 2094 1991
f 2094 1908 1991
f 1908 1841 1873
f 1841 1680 1758
f 1680 1678 1552
f 1552 1466 1467
f 1466 1336 1467
f 1336 1292 1378
f 1292 1239 1294
f 1294 1265 1341
f 1341 1380 1422
f 1380 1556 1598
f 1556 1342 1599
f 1342 1421 1599
f 1421 1340 1470
f 1340 1379 1420
f 1379 1293 1418
f 1418 1338 1553
f 1553 1506 1715
f 1506 1593 1715
f 1593 1640 1716
f 1716 1872 1871
f 1872 1990 1871
f 1871 1909 1842
f 1842 1947 1869
f 1947 1946 1869
f 1946 1987 2020
f 2020 2057 2131
f 2057 2129 2131
f 2129 2265 2194
f 2265 2309 2362
f 2362 2361 2615
f 2361 2492 2614
f 2492 2407 2493
f 2407 2408 2493
f 2408 2532 2577
f 2532 2496 2580
f 2496 2195 2410
f 2195 2132 2410
f 2132 1991 2234
f 1991 1908 1873
f 1873 1841 1758
f 1758 1680 1594
f 1680 1552 1594
f 1552 1467 1594
f 1467 1336 1378
f 1378 1292 1339
f 1292 1294 1339
f 1294 1341 1419
f 1341 1422 1419
f 1422 1380 1598
f 1598 1556 1600
f 1556 1599 1600
f 1599 1421 1470
f 1470 1340 1420
f 1420 1379 1469
f 1379 1418 1468
f 1418 1553 1639
f 1553 1715 1757
f 1715 1593 1842
f 1593 1716 1871
f 1871 1842 1593
f 1842 1869 1715
f 1869 1946 1948
f 1946 2020 1948
f 2020 2131 2095
f 2131 2129 2194
f 2194 2265 2531
f 2265 2362 2531
f 2362 2615 2530
f 2615 2361 2614
f 2614 2492 2617
f 2492 2493 2617
f 2493 2408 2577
f 2577 2532 2580
f 2580 2496 2450
f 2496 2410 2450
f 2410 2132 2234
f 2234 1991 1993
f 1991 1873 1993
f 1873 1758 1993
f 1758 1594 1800
f 1594 1467 1508
f 1467 1378 1508
f 1378 1339 1509
f 1339 1294 1419
f 1419 1422 1511
f 1422 1598 1642
f 1598 1600 1643
f 1600 1599 1644
f 1599 1470 1641
f 1470 1420 1510
f 1420 1469 1510
f 1469 1379 1468
f 1468 1418 1639
f 1639 1553 1757
f 1757 1715 1869
f 1869 1948 1870
f 1948 2020 2059
f 2020 2095 2059
f 2095 2131 2164
f 2131 2194 2164
f 2194 2531 2494
f 2531 2362 2530
f 2530 2615 2576
f 2615 2614 2618
f 2614 2617 2618
f 2617 2493 2616
f 2493 2577 2616
f 2577 2580 2624
f 2580 2450 2582
f 2450 2410 2313
f 2410 2234 2313
f 2234 1993 2099
f 1993 1758 1800
f 1800 1594 1508
f 1508 1378 1509
f 1509 1339 1419
f 1419 1511 1509
f 1511 1422 1642
f 1642 1598 1643
f 1643 1600 1601
f 1600 1644 1601
f 1644 1599 1641
f 1641 1470 1510
f 1510 1469 1595
f 1469 1468 1555
f 1468 1639 1683
f 1639 1757 1799
f 1757 1869 1870
f 1870 1948 1949
f 1948 2059 1949
f 2059 2095 2096
f 2095 2164 2096
f 2164 2194 2409
f 2194 2494 2409
f 2494 2531 2533
f 2531 2530 2576
f 2576 2615 2618
f 2618 2617 2622
f 2617 2616 2624
f 2616 2577 2624
f 2624 2580 2625
f 2580 2582 2625
f 2582 2450 2497
f 2450 2313 2315
f 2313 2234 2167
f 2234 2099 2167
f 2099 1993 1951
f 1993 1800 1951
f 1800 1508 1684
f 1508 1509 1684
f 1509 1511 1596
f 1511 1642 1719
f 1642 1643 1687
f 1643 1601 1648
f 1601 1644 1602
f 1644 1641 1686
f 1641 1510 1685
f 1510 1595 1685
f 1595 1469 1555
f 1555 1468 1683
f 1683 1639 1799
f 1799 1757 1870
f 1870 1949 1799
f 1949 2059 1992
f 2059 2096 1992
f 2096 2164 2233
f 2164 2409 2311
f 2409 2494 2533
f 2533 2531 2576
f 2576 2618 2619
f 2618 2622 2619
f 2622 2617 2624
f 2624 2625 2645
f 2625 2582 2644
f 2582 2497 2535
f 2497 2450 2315
f 2315 2313 2168
f 2313 2167 2168
f 2167 2099 2026
f 2099 1951 2026
f 1951 1800 1801
f 1800 1684 1801
f 1684 1509 1596
f 1596 1511 1719
f 1719 1642 1687
f 1687 1643 1648
f 1648 1601 1565
f 1601 1602 1565
f 1602 1644 1645
f 1644 1686 1645
f 1686 1641 1685
f 1685 1595 1761
f 1595 1555 1717
f 1555 1683 1717
f 1683 1799 1717
f 1799 1949 1874
f 1949 1992 1874
f 1992 2096 2021
f 2096 2233 2165
f 2233 2164 2311
f 2311 2409 2411
f 2409 2533 2411
f 2533 2576 2620
f 2576 2619 2620
f 2619 2622 2642
f 2622 2624 2645
f 2645 2625 2644
f 2644 2582 2535
f 2535 2497 2315
f 2315 2168 2170
f 2168 2167 2026
f 2026 1951 1878
f 1951 1801 1878
f 1801 1684 1760
f 1684 1596 1760
f 1596 1719 1760
f 1719 1687 1806
f 1687 1648 1724
f 1648 1565 1567
f 1565 1602 1566
f 1602 1645 1566
f 1645 1686 1688
f 1686 1685 1761
f 1761 1595 1802
f 1595 1717 1802
f 1717 1799 1874
f 1874 1992 2021
f 2021 2096 2165
f 2165 2233 2235
f 2233 2311 2235
f 2311 2411 2235
f 2411 2533 2534
f 2533 2620 2534
f 2620 2619 2642
f 2642 2622 2645
f 2645 2644 2691
f 2644 2535 2643
f 2535 2315 2413
f 2315 2170 2413
f 2170 2168 2028
f 2168 2026 2028
f 2026 1878 1881
f 1878 1801 1760
f 1760 1719 1806
f 1806 1687 1724
f 1724 1648 1650
f 1648 1567 1650
f 1567 1565 1515
f 1565 1566 1515
f 1566 1645 1603
f 1645 1688 1603
f 1688 1686 1764
f 1686 1761 1764
f 1761 1802 1764
f 1802 1717 1875
f 1717 1874 1875
f 1874 2021 2060
f 2021 2165 2060
f 2165 2235 2133
f 2235 2411 2267
f 2411 2534 2447
f 2534 2620 2623
f 2620 2642 2623
f 2642 2645 2691
f 2691 2644 2713
f 2644 2643 2740
f 2643 2535 2413
f 2413 2170 2103
f 2170 2028 1999
f 2028 2026 1881
f 1881 1878 1806
f 1878 1760 1806
f 1806 1724 1881
f 1724 1650 1725
f 1650 1567 1568
f 1567 1515 1568
f 1515 1566 1513
f 1566 1603 1513
f 1603 1688 1690
f 1688 1764 1804
f 1764 1802 1844
f 1802 1875 1844
f 1875 1874 1994
f 1874 2060 1994
f 2060 2165 2133
f 2133 2235 2267
f 2267 2411 2447
f 2447 2534 2448
f 2534 2623 2448
f 2623 2642 2691
f 2691 2713 2641
f 2713 2644 2740
f 2740 2643 2785
f 2643 2413 2269
f 2413 2103 2269
f 2103 2170 1999
f 1999 2028 1883
f 2028 1881 1883
f 1881 1724 1725
f 1725 1650 1767
f 1650 1568 1607
f 1568 1515 1477
f 1515 1513 1477
f 1513 1603 1605
f 1603 1690 1605
f 1690 1688 1804
f 1804 1764 1844
f 1844 1875 1913
f 1875 1994 1913
f 1994 2060 2133
f 2133 2267 2166
f 2267 2447 2448
f 2448 2623 2641
f 2623 2691 2641
f 2641 2713 2712
f 2713 2740 2712
f 2740 2785 2882
f 2785 2643 2673
f 2643 2269 2204
f 2269 2103 1959
f 2103 1999 1959
f 1999 1883 1846
f 1883 1881 1725
f 1725 1767 1846
f 1767 1650 1607
f 1607 1568 1477
f 1477 1513 1476
f 1513 1605 1476
f 1605 1690 1722
f 1690 1804 1765
f 1804 1844 1914
f 1844 1913 1914
f 1913 1994 2023
f 1994 2133 2023
f 2133 2166 2023
f 2166 2267 2236
f 2267 2448 2236
f 2448 2641 2412
f 2641 2712 2412
f 2712 2740 2806
f 2740 2882 2806
f 2882 2785 2884
f 2785 2673 2827
f 2673 2643 2204
f 2204 2269 2027
f 2269 1959 2027
f 1959 1999 1846
f 1846 1883 1725
f 1846 1767 1726
f 1767 1607 1726
f 1607 1477 1298
f 1477 1476 1212
f 1476 1605 1604
f 1605 1722 1604
f 1722 1690 1765
f 1765 1804 1845
f 1804 1914 1845
f 1914 1913 2023
f 2023 2166 2061
f 2166 2236 2061
f 2236 2448 2412
f 2412 2712 2690
f 2712 2806 2690
f 2806 2882 2954
f 2882 2884 3034
f 2884 2785 2827
f 2827 2673 2647
f 2673 2204 2416
f 2204 2027 1958
f 2027 1959 1811
f 1959 1846 1726
f 1726 1607 1478
f 1607 1298 1478
f 1298 1477 1248
f 1477 1212 1248
f 1212 1476 1246
f 1476 1604 1246
f 1604 1722 1809
f 1722 1765 1845
f 1845 1914 1953
f 1914 2023 1953
f 2023 2061 1953
f 2061 2236 2196
f 2236 2412 2196
f 2412 2690 2495
f 2690 2806 2784
f 2806 2954 2784
f 2954 2882 3034
f 3034 2884 3016
f 2884 2827 3016
f 2827 2647 2765
f 2647 2673 2416
f 2416 2204 2135
f 2204 1958 2135
f 1958 2027 1811
f 1811 1959 1726
f 1726 1478 1514
f 1478 1298 1514
f 1298 1248 1176
f 1248 1212 1139
f 1212 1246 1071
f 1246 1604 1344
f 1604 1809 1691
f 1809 1722 1845
f 1845 1953 1954
f 1953 2061 1954
f 2061 2196 1954
f 2196 2412 2495
f 2495 2690 2784
f 2784 2954 3014
f 2954 3034 3123
f 3034 3016 3109
f 3016 2827 3017
f 2827 2765 2975
f 2765 2647 2695
f 2647 2416 2583
f 2416 2135 2205
f 2135 1958 1918
f 1958 1811 1694
f 1811 1726 1514
f 1514 1298 1176
f 1176 1248 1139
f 1139 1212 1045
f 1212 1071 1045
f 1071 1246 1113
f 1246 1344 1113
f 1344 1604 1647
f 1604 1691 1647
f 1691 1809 1879
f 1809 1845 1954
f 1954 2196 2062
f 2196 2495 2197
f 2495 2784 2671
f 2784 3014 2825
f 3014 2954 3123
f 3123 3034 3109
f 3109 3016 3171
f 3016 3017 3171
f 3017 2827 2975
f 2975 2765 2976
f 2765 2695 2745
f 2695 2647 2583
f 2583 2416 2205
f 2205 2135 2000
f 2135 1918 2000
f 1918 1958 1694
f 1694 1811 1514
f 1514 1176 1384
f 1176 1139 1114
f 1139 1045 1005
f 1045 1071 970
f 1071 1113 1027
f 1113 1344 1382
f 1344 1647 1382
f 1647 1691 1879
f 1879 1809 2062
f 1809 1954 2062
f 2062 2196 2197
f 2197 2495 2365
f 2495 2671 2365
f 2671 2784 2825
f 2825 3014 3015
f 3014 3123 3168
f 3123 3109 3223
f 3109 3171 3256
f 3171 3017 3126
f 3017 2975 3126
f 2975 2976 3145
f 2976 2765 2829
f 2765 2745 2829
f 2745 2695 2714
f 2695 2583 2627
f 2583 2205 2415
f 2205 2000 2067
f 2000 1918 1727
f 1918 1694 1606
f 1694 1514 1384
f 1384 1176 1249
f 1176 1114 1249
f 1114 1139 1005
f 1005 1045 949
f 1045 970 949
f 970 1071 1027
f 1027 1113 1062
f 1113 1382 1175
f 1382 1647 1646
f 1647 1879 1810
f 1879 2062 1997
f 2062 2197 1997
f 2197 2365 2101
f 2365 2671 2621
f 2671 2825 2621
f 2825 3015 2913
f 3015 3014 3142
f 3014 3168 3142
f 3168 3123 3277
f 3123 3223 3277
f 3223 3109 3256
f 3256 3171 3474
f 3171 3126 3283
f 3126 2975 3145
f 3145 2976 3070
f 2976 2829 3070
f 2829 2745 2808
f 2745 2714 2764
f 2714 2695 2693
f 2695 2627 2693
f 2627 2583 2415
f 2415 2205 2067
f 2067 2000 1847
f 2000 1727 1847
f 1727 1918 1606
f 1606 1694 1347
f 1694 1384 1249
f 1249 1114 1072
f 1114 1005 1006
f 1005 949 886
f 949 970 866
f 970 1027 931
f 1027 1062 931
f 1062 1113 1175
f 1175 1382 1474
f 1382 1646 1474
f 1646 1647 1810
f 1810 1879 1997
f 1997 2197 2101
f 2101 2365 2268
f 2365 2621 2268
f 2621 2825 2762
f 2825 2913 2762
f 2913 3015 3031
f 3015 3142 3108
f 3142 3168 3342
f 3168 3277 3342
f 3277 3223 3473
f 3223 3256 3473
f 3256 3474 3473
f 3474 3171 3283
f 3283 3126 3206
f 3126 3145 3206
f 3145 3070 3190
f 3070 2829 2887
f 2829 2808 2887
f 2808 2745 2764
f 2764 2714 2730
f 2714 2693 2692
f 2693 2627 2537
f 2627 2415 2367
f 2415 2067 2367
f 2067 1847 1916
f 1847 1727 1695
f 1727 1606 1347
f 1347 1694 1249
f 1249 1072 1178
f 1072 1114 1064
f 1114 1006 1064
f 1006 1005 886
f 886 949 867
f 949 866 867
f 866 970 931
f 931 1062 988
f 1062 1175 1084
f 1175 1474 1297
f 1474 1646 1766
f 1646 1810 1766
f 1810 1997 1955
f 1997 2101 1955
f 2101 2268 2102
f 2268 2621 2578
f 2621 2762 2578
f 2762 2913 2826
f 2913 3031 2933
f 3031 3015 3108
f 3108 3142 3314
f 3142 3342 3314
f 3342 3277 3542
f 3277 3473 3608
f 3473 3474 3710
f 3474 3283 3569
f 3283 3206 3344
f 3206 3145 3257
f 3145 3190 3257
f 3190 3070 3146
f 3070 2887 3057
f 2887 2808 2809
f 2808 2764 2767
f 2764 2730 2767
f 2730 2714 2692
f 2692 2693 2537
f 2537 2627 2367
f 2367 2067 2238
f 2067 1916 2238
f 1916 1847 1649
f 1847 1695 1649
f 1695 1727 1427
f 1727 1347 1427
f 1347 1249 1178
f 1178 1072 1115
f 1072 1064 989
f 1064 1006 989
f 1006 886 989
f 886 867 773
f 867 866 773
f 866 931 832
f 931 988 884
f 988 1062 1084
f 1084 1175 1297
f 1297 1474 1512
f 1474 1766 1807
f 1766 1810 1955
f 1955 2101 2102
f 2102 2268 2312
f 2268 2578 2312
f 2578 2762 2741
f 2762 2826 2741
f 2826 2913 2933
f 2933 3031 3032
f 3031 3108 3124
f 3108 3314 3254
f 3314 3342 3609
f 3342 3542 3609
f 3542 3277 3608
f 3608 3473 3791
f 3473 3710 3791
f 3710 3474 3824
f 3474 3569 3824
f 3569 3283 3344
f 3344 3206 3257
f 3257 3190 3226
f 3190 3146 3226
f 3146 3070 3057
f 3057 2887 2830
f 2887 2809 2830
f 2809 2808 2767
f 2767 2730 2744
f 2730 2692 2646
f 2692 2537 2536
f 2537 2367 2238
f 2238 1916 2134
f 1916 1649 1723
f 1649 1695 1346
f 1695 1427 1346
f 1427 1347 1271
f 1347 1178 1271
f 1178 1115 1177
f 1115 1072 1075
f 1072 989 1048
f 989 886 888
f 886 773 774
f 773 866 772
f 866 832 772
f 832 931 884
f 884 988 1003
f 988 1084 1003
f 1084 1297 1269
f 1297 1512 1269
f 1512 1474 1807
f 1807 1766 1955
f 1955 2102 1807
f 2102 2312 2025
f 2312 2578 2579
f 2578 2741 2579
f 2741 2826 2841
f 2826 2933 2883
f 2933 3032 2955
f 3032 3031 3140
f 3031 3124 3140
f 3124 3108 3254
f 3254 3314 3511
f 3314 3609 3567
f 3609 3542 3708
f 3542 3608 3792
f 3608 3791 3792
f 3791 3710 3961
f 3710 3824 3961
f 3824 3569 3796
f 3569 3344 3571
f 3344 3257 3345
f 3257 3226 3346
f 3226 3146 3227
f 3146 3057 3147
f 3057 2830 2842
f 2830 2809 2768
f 2809 2767 2766
f 2767 2744 2766
f 2744 2730 2715
f 2730 2646 2674
f 2646 2692 2536
f 2536 2537 2201
f 2537 2238 2201
f 2238 2134 2201
f 2134 1916 1956
f 1916 1723 1956
f 1723 1649 1564
f 1649 1346 1426
f 1346 1427 1271
f 1271 1178 1177
f 1177 1115 1140
f 1115 1075 1074
f 1075 1072 1048
f 1048 989 991
f 989 888 914
f 888 886 788
f 886 774 788
f 774 773 689
f 773 772 688
f 772 832 734
f 832 884 808
f 884 1003 910
f 1003 1084 1085
f 1084 1269 1085
f 1269 1512 1563
f 1512 1807 1721
f 1807 2102 2025
f 2025 2312 2198
f 2312 2579 2198
f 2579 2741 2672
f 2741 2841 2807
f 2841 2826 2883
f 2883 2933 2955
f 2955 3032 3033
f 3032 3140 3141
f 3140 3124 3204
f 3124 3254 3204
f 3254 3511 3343
f 3511 3314 3567
f 3567 3609 3711
f 3609 3708 3843
f 3708 3542 3792
f 3792 3791 3995
f 3791 3961 4134
f 3961 3824 4199
f 3824 3796 4101
f 3796 3569 3571
f 3571 3344 3543
f 3344 3345 3543
f 3345 3257 3411
f 3257 3346 3411
f 3346 3226 3316
f 3226 3227 3316
f 3227 3146 3147
f 3147 3057 3071
f 3057 2842 3071
f 2842 2830 2810
f 2830 2768 2810
f 2768 2809 2766
f 2766 2744 2715
f 2715 2730 2674
f 2674 2646 2451
f 2646 2536 2366
f 2536 2201 2237
f 2201 2134 1996
f 2134 1956 1996
f 1956 1723 1808
f 1723 1564 1562
f 1564 1649 1426
f 1426 1346 1247
f 1346 1271 1214
f 1271 1177 1214
f 1177 1140 1214
f 1140 1115 1074
f 1074 1075 1049
f 1075 1048 1049
f 1048 991 1049
f 991 989 914
f 914 888 788
f 788 774 691
f 774 689 691
f 689 773 688
f 688 772 734
f 734 832 808
f 808 884 910
f 910 1003 1004
f 1003 1085 1004
f 1085 1269 1211
f 1269 1563 1425
f 1563 1512 1721
f 1721 1807 2025
f 2025 2198 2064
f 2198 2579 2449
f 2579 2672 2449
f 2672 2741 2807
f 2807 2841 2885
f 2841 2883 2955
f 2955 3033 2934
f 3033 3032 3095
f 3032 3141 3095
f 3141 3140 3221
f 3140 3204 3221
f 3204 3254 3251
f 3254 3343 3251
f 3343 3511 3408
f 3511 3567 3642
f 3567 3711 3642
f 3711 3609 3843
f 3843 3708 3792
f 3792 3995 3843
f 3995 3791 4134
f 4134 3961 4230
f 3961 4199 4230
f 4199 3824 4101
f 4101 3796 4002
f 3796 3571 3765
f 3571 3543 3765
f 3543 3345 3515
f 3345 3411 3515
f 3411 3346 3476
f 3346 3316 3410
f 3316 3227 3317
f 3227 3147 3318
f 3147 3071 3208
f 3071 2842 2937
f 2842 2810 2770
f 2810 2768 2769
f 2768 2766 2747
f 2766 2715 2747
f 2715 2674 2538
f 2674 2451 2538
f 2451 2646 2366
f 2366 2536 2237
f 2237 2201 2024
f 2201 1996 2024
f 1996 1956 1808
f 1808 1723 1562
f 1562 1564 1381
f 1564 1426 1381
f 1426 1247 1381
f 1247 1346 1214
f 1214 1140 1088
f 1140 1074 1088
f 1074 1049 1050
f 1049 991 1050
f 991 914 916
f 914 788 812
f 788 691 812
f 691 689 589
f 689 688 619
f 688 734 639
f 734 808 715
f 808 910 809
f 910 1004 971
f 1004 1085 1086
f 1085 1211 1086
f 1211 1269 1425
f 1425 1563 1692
f 1563 1721 1880
f 1721 2025 1880
f 2025 2064 1880
f 2064 2198 2202
f 2198 2449 2202
f 2449 2672 2581
f 2672 2807 2742
f 2807 2885 2862
f 2885 2841 2934
f 2841 2955 2934
f 2934 3033 2997
f 3033 3095 3125
f 3095 3141 3157
f 3141 3221 3222
f 3221 3204 3251
f 3251 3343 3313
f 3343 3408 3313
f 3408 3511 3509
f 3511 3642 3606
f 3642 3711 3709
f 3711 3843 3898
f 3843 3995 3996
f 3995 4134 4291
f 4134 4230 4421
f 4230 4199 4420
f 4199 4101 4355
f 4101 4002 4202
f 4002 3796 3765
f 3765 3543 3798
f 3543 3515 3662
f 3515 3411 3513
f 3411 3476 3513
f 3476 3346 3410
f 3410 3316 3413
f 3316 3317 3413
f 3317 3227 3318
f 3318 3147 3208
f 3208 3071 3148
f 3071 2937 3148
f 2937 2842 2787
f 2842 2770 2787
f 2770 2810 2769
f 2769 2768 2747
f 2747 2715 2649
f 2715 2538 2649
f 2538 2451 2314
f 2451 2366 2314
f 2366 2237 2200
f 2237 2024 2098
f 2024 1996 1803
f 1996 1808 1763
f 1808 1562 1561
f 1562 1381 1268
f 1381 1247 1210
f 1247 1214 1138
f 1214 1088 1138
f 1088 1074 1047
f 1074 1050 1047
f 1050 991 1009
f 991 916 1009
f 916 914 812
f 812 691 716
f 691 589 641
f 589 689 619
f 619 688 639
f 639 734 715
f 715 808 809
f 809 910 846
f 910 971 846
f 971 1004 1086
f 1086 1211 1213
f 1211 1425 1383
f 1425 1692 1693
f 1692 1563 1880
f 1880 2064 1998
f 2064 2202 1998
f 2202 2449 2581
f 2581 2672 2742
f 2742 2807 2862
f 2862 2885 2935
f 2885 2934 2997
f 2997 3033 3067
f 3033 3125 3067
f 3125 3095 3157
f 3157 3141 3222
f 3222 3221 3252
f 3221 3251 3249
f 3251 3313 3276
f 3313 3408 3407
f 3408 3509 3407
f 3509 3511 3606
f 3606 3642 3707
f 3642 3709 3707
f 3709 3711 3822
f 3711 3898 3822
f 3898 3843 3996
f 3996 3995 4135
f 3995 4291 4135
f 4291 4134 4421
f 4421 4230 4420
f 4420 4199 4355
f 4355 4101 4202
f 4202 4002 4264
f 4002 3765 3798
f 3798 3543 3662
f 3662 3515 3573
f 3515 3513 3573
f 3513 3476 3570
f 3476 3410 3477
f 3410 3413 3477
f 3413 3317 3478
f 3317 3318 3380
f 3318 3208 3447
f 3208 3148 3347
f 3148 2937 2956
f 2937 2787 2788
f 2787 2770 2749
f 2770 2769 2748
f 2769 2747 2716
f 2747 2649 2716
f 2649 2538 2414
f 2538 2314 2414
f 2314 2366 2200
f 2200 2237 2098
f 2098 2024 1912
f 2024 1803 1912
f 1803 1996 1763
f 1763 1808 1561
f 1561 1562 1268
f 1268 1381 1136
f 1381 1210 1136
f 1210 1247 1138
f 1138 1088 1028
f 1088 1047 1028
f 1047 1050 1007
f 1050 1009 1051
f 1009 916 955
f 916 812 813
f 812 716 813
f 716 691 641
f 641 589 566
f 589 619 539
f 619 639 564
f 639 715 618
f 715 809 735
f 809 846 735
f 846 971 950
f 971 1086 1087
f 1086 1213 1087
f 1213 1211 1383
f 1383 1425 1693
f 1693 1692 1882
f 1692 1880 1882
f 1880 1998 1882
f 1998 2202 2239
f 2202 2581 2239
f 2581 2742 2743
f 2742 2862 2743
f 2862 2935 2974
f 2935 2885 2997
f 2997 3067 3035
f 3067 3125 3143
f 3125 3157 3169
f 3157 3222 3224
f 3222 3252 3253
f 3252 3221 3249
f 3249 3251 3276
f 3276 3313 3340
f 3313 3407 3340
f 3407 3509 3541
f 3509 3606 3541
f 3606 3707 3541
f 3707 3709 3789
f 3709 3822 3789
f 3822 3898 3899
f 3898 3996 3997
f 3996 4135 3997
f 4135 4291 4353
f 4291 4421 4523
f 4421 4420 4601
f 4420 4355 4602
f 4355 4202 4492
f 4202 4264 4492
f 4264 4002 4170
f 4002 3798 4003
f 3798 3662 3766
f 3662 3573 3690
f 3573 3513 3610
f 3513 3570 3610
f 3570 3476 3572
f 3476 3477 3572
f 3477 3413 3514
f 3413 3478 3514
f 3478 3317 3380
f 3380 3318 3479
f 3318 3447 3479
f 3447 3208 3347
f 3347 3148 3415
f 3148 2956 3112
f 2956 2937 2788
f 2788 2787 2732
f 2787 2749 2732
f 2749 2770 2748
f 2748 2769 2716
f 2716 2649 2650
f 2649 2414 2539
f 2414 2314 2199
f 2314 2200 2199
f 2200 2098 2097
f 2098 1912 1995
f 1912 1803 1762
f 1803 1763 1559
f 1763 1561 1559
f 1561 1268 1295
f 1268 1136 1083
f 1136 1210 1044
f 1210 1138 1044
f 1138 1028 1044
f 1028 1047 972
f 1047 1007 972
f 1007 1050 1051
f 1051 1009 1010
f 1009 955 1010
f 955 916 836
f 916 813 836
f 813 716 836
f 716 641 642
f 641 566 642
f 566 589 511
f 589 539 511
f 539 619 564
f 564 639 618
f 618 715 640
f 715 735 640
f 735 846 811
f 846 950 811
f 950 971 1087
f 1087 1213 1299
f 1213 1383 1299
f 1383 1693 1517
f 1693 1882 1917
f 1882 1998 2066
f 1998 2239 2066
f 2239 2581 2626
f 2581 2743 2626
f 2743 2862 2828
f 2862 2974 2828
f 2974 2935 3035
f 2935 2997 3035
f 3035 3067 3110
f 3067 3143 3110
f 3143 3125 3169
f 3169 3157 3224
f 3224 3222 3255
f 3222 3253 3255
f 3253 3252 3248
f 3252 3249 3248
f 3249 3276 3274
f 3276 3340 3311
f 3340 3407 3378
f 3407 3541 3472
f 3541 3707 3660
f 3707 3789 3737
f 3789 3822 3866
f 3822 3899 3866
f 3899 3898 3997
f 3997 4135 4100
f 4135 4353 4100
f 4353 4291 4523
f 4523 4421 4637
f 4421 4601 4637
f 4601 4420 4602
f 4602 4355 4603
f 4355 4492 4603
f 4492 4264 4526
f 4264 4170 4321
f 4170 4002 4003
f 4003 3798 3902
f 3798 3766 3902
f 3766 3662 3764
f 3662 3690 3764
f 3690 3573 3610
f 3610 3570 3645
f 3570 3572 3661
f 3572 3477 3514
f 3514 3478 3575
f 3478 3380 3479
f 3479 3447 3576
f 3447 3347 3650
f 3347 3415 3650
f 3415 3148 3228
f 3148 3112 3228
f 3112 2956 3037
f 2956 2788 2844
f 2788 2732 2699
f 2732 2749 2698
f 2749 2748 2697
f 2748 2716 2676
f 2716 2650 2676
f 2650 2649 2539
f 2539 2414 2316
f 2414 2199 2316
f 2199 2200 2097
f 2097 2098 1995
f 1995 1912 1843
f 1912 1762 1843
f 1762 1803 1558
f 1803 1559 1558
f 1559 1561 1295
f 1295 1268 1158
f 1268 1083 1158
f 1083 1136 1002
f 1136 1044 987
f 1044 1028 948
f 1028 972 930
f 972 1007 932
f 1007 1051 993
f 1051 1010 1008
f 1010 955 1012
f 955 836 918
f 836 716 776
f 716 642 776
f 642 566 540
f 566 511 488
f 511 539 487
f 539 564 487
f 564 618 565
f 618 640 565
f 640 735 620
f 735 811 690
f 811 950 889
f 950 1087 1073
f 1087 1299 1073
f 1299 1383 1517
f 1517 1693 1768
f 1693 1917 1768
f 1917 1882 2066
f 2066 2239 2368
f 2239 2626 2368
f 2626 2743 2648
f 2743 2828 2648
f 2828 2974 3036
f 2974 3035 3036
f 3035 3110 3096
f 3110 3143 3170
f 3143 3169 3205
f 3169 3224 3280
f 3224 3255 3279
f 3255 3253 3279
f 3253 3248 3250
f 3248 3249 3274
f 3274 3276 3311
f 3311 3340 3378
f 3378 3407 3472
f 3472 3541 3566
f 3541 3660 3566
f 3660 3707 3737
f 3737 3789 3820
f 3789 3866 3820
f 3866 3899 3927
f 3899 3997 3962
f 3997 4100 3998
f 4100 4353 4200
f 4353 4523 4553
f 4523 4637 4704
f 4637 4601 4705
f 4601 4602 4707
f 4602 4603 4747
f 4603 4492 4658
f 4492 4526 4658
f 4526 4264 4321
f 4321 4170 4294
f 4170 4003 4138
f 4003 3902 4043
f 3902 3766 3847
f 3766 3764 3847
f 3764 3690 3823
f 3690 3610 3739
f 3610 3645 3739
f 3645 3570 3661
f 3661 3572 3646
f 3572 3514 3574
f 3514 3575 3574
f 3575 3478 3479
f 3479 3576 3575
f 3576 3447 3650
f 3650 3415 3716
f 3415 3228 3516
f 3228 3112 3037
f 3037 2956 2844
f 2844 2788 2700
f 2788 2699 2700
f 2699 2732 2652
f 2732 2698 2652
f 2698 2749 2697
f 2697 2748 2676
f 2676 2650 2540
f 2650 2539 2540
f 2539 2316 2369
f 2316 2199 2203
f 2199 2097 2100
f 2097 1995 1950
f 1995 1843 1950
f 1843 1762 1597
f 1762 1558 1597
f 1558 1559 1295
f 1295 1158 1135
f 1158 1083 1043
f 1083 1002 1043
f 1002 1136 987
f 987 1044 928
f 1044 948 928
f 948 1028 930
f 930 972 885
f 972 932 885
f 932 1007 912
f 1007 993 912
f 993 1051 1008
f 1008 1010 994
f 1010 1012 1011
f 1012 955 918
f 918 836 776
f 776 642 670
f 642 540 670
f 540 566 488
f 488 511 459
f 511 487 459
f 487 564 565
f 565 640 620
f 620 735 690
f 690 811 775
f 811 889 775
f 889 950 990
f 950 1073 990
f 1073 1299 1250
f 1299 1517 1569
f 1517 1768 1770
f 1768 1917 2068
f 1917 2066 2241
f 2066 2368 2241
f 2368 2626 2648
f 2648 2828 2694
f 2828 3036 2914
f 3036 3035 3096
f 3096 3110 3189
f 3110 3170 3189
f 3170 3143 3205
f 3205 3169 3281
f 3169 3280 3281
f 3280 3224 3315
f 3224 3279 3315
f 3279 3253 3278
f 3253 3250 3278
f 3250 3248 3245
f 3248 3274 3244
f 3274 3311 3310
f 3311 3378 3310
f 3378 3472 3376
f 3472 3566 3506
f 3566 3660 3705
f 3660 3737 3705
f 3737 3820 3818
f 3820 3866 3865
f 3866 3927 3925
f 3927 3899 3962
f 3962 3997 3998
f 3998 4100 4039
f 4100 4200 4077
f 4200 4353 4422
f 4353 4553 4422
f 4553 4523 4704
f 4704 4637 4746
f 4637 4705 4746
f 4705 4601 4707
f 4707 4602 4747
f 4747 4603 4729
f 4603 4658 4729
f 4658 4526 4659
f 4526 4321 4527
f 4321 4294 4392
f 4294 4170 4138
f 4138 4003 4043
f 4043 3902 4042
f 3902 3847 4042
f 3847 3764 3900
f 3764 3823 3900
f 3823 3690 3739
f 3739 3645 3762
f 3645 3661 3688
f 3661 3646 3713
f 3646 3572 3574
f 3574 3575 3611
f 3575 3576 3649
f 3576 3650 3664
f 3650 3716 3906
f 3716 3415 3516
f 3516 3228 3285
f 3228 3037 3127
f 3037 2844 2832
f 2844 2700 2832
f 2700 2699 2586
f 2699 2652 2586
f 2652 2698 2651
f 2698 2697 2651
f 2697 2676 2628
f 2676 2540 2628
f 2540 2539 2369
f 2369 2316 2203
f 2203 2199 2100
f 2100 2097 2022
f 2097 1950 2022
f 1950 1843 1759
f 1843 1597 1759
f 1597 1558 1343
f 1558 1295 1242
f 1295 1135 1242
f 1135 1158 1043
f 1043 1002 946
f 1002 987 947
f 987 928 947
f 928 948 883
f 948 930 830
f 930 885 830
f 885 932 845
f 932 912 845
f 912 993 952
f 993 1008 952
f 1008 994 952
f 994 1010 1011
f 1011 1012 1052
f 1012 918 975
f 918 776 869
f 776 670 789
f 670 540 591
f 540 488 491
f 488 459 440
f 459 487 439
f 487 565 510
f 565 620 510
f 620 690 590
f 690 775 692
f 775 889 835
f 889 990 934
f 990 1073 1076
f 1073 1250 1076
f 1250 1299 1569
f 1569 1517 1770
f 1770 1768 1960
f 1768 2068 1960
f 2068 1917 2241
f 2241 2368 2498
f 2368 2648 2498
f 2648 2694 2498
f 2694 2828 2763
f 2828 2914 2763
f 2914 3036 3068
f 3036 3096 3068
f 3096 3189 3144
f 3189 3170 3282
f 3170 3205 3282
f 3205 3281 3512
f 3281 3280 3444
f 3280 3315 3409
f 3315 3279 3278
f 3278 3250 3247
f 3250 3245 3247
f 3245 3248 3244
f 3244 3274 3310
f 3310 3378 3376
f 3376 3472 3506
f 3506 3566 3641
f 3566 3705 3641
f 3705 3737 3818
f 3818 3820 3865
f 3865 3866 3925
f 3925 3927 3955
f 3927 3962 3998
f 3998 4039 4036
f 4039 4100 4040
f 4100 4077 4040
f 4077 4200 4201
f 4200 4422 4201
f 4422 4553 4575
f 4553 4704 4686
f 4704 4746 4851
f 4746 4705 4802
f 4705 4707 4805
f 4707 4747 4805
f 4747 4729 4852
f 4729 4658 4773
f 4658 4659 4773
f 4659 4526 4527
f 4527 4321 4392
f 4392 4294 4493
f 4294 4138 4266
f 4138 4043 4233
f 4043 4042 4169
f 4042 3847 3900
f 3900 3823 3959
f 3823 3739 3868
f 3739 3762 3868
f 3762 3645 3688
f 3688 3661 3761
f 3661 3713 3761
f 3713 3646 3715
f 3646 3574 3715
f 3574 3611 3691
f 3611 3575 3649
f 3649 3576 3664
f 3664 3650 3741
f 3650 3906 3741
f 3906 3716 3934
f 3716 3516 3717
f 3516 3285 3517
f 3285 3228 3127
f 3127 3037 3000
f 3037 2832 3000
f 2832 2700 2653
f 2700 2586 2371
f 2586 2652 2543
f 2652 2651 2584
f 2651 2697 2628
f 2628 2540 2541
f 2540 2369 2452
f 2369 2203 2169
f 2203 2100 2063
f 2100 2022 1911
f 2022 1950 1911
f 1950 1759 1911
f 1759 1597 1557
f 1597 1343 1423
f 1343 1558 1242
f 1242 1135 1082
f 1135 1043 1042
f 1043 946 968
f 946 1002 947
f 947 928 865
f 928 883 865
f 883 948 830
f 830 885 845
f 845 912 887
f 912 952 887
f 952 994 915
f 994 1011 995
f 1011 1052 1031
f 1052 1012 1077
f 1012 975 1077
f 975 918 869
f 869 776 789
f 789 670 718
f 670 591 718
f 591 540 513
f 540 491 513
f 491 488 440
f 440 459 439
f 439 487 458
f 487 510 458
f 510 620 512
f 620 590 512
f 590 690 692
f 692 775 736
f 775 835 736
f 835 889 934
f 934 990 1076
f 1076 1250 1179
f 1250 1569 1385
f 1569 1770 1919
f 1770 1960 1919
f 1960 2068 2206
f 2068 2241 2242
f 2241 2498 2242
f 2498 2694 2675
f 2694 2763 2675
f 2763 2914 2886
f 2914 3068 3018
f 3068 3096 3144
f 3144 3189 3225
f 3189 3282 3445
f 3282 3205 3512
f 3512 3281 3644
f 3281 3444 3644
f 3444 3280 3409
f 3409 3315 3341
f 3315 3278 3275
f 3278 3247 3275
f 3247 3245 3242
f 3245 3244 3241
f 3244 3310 3273
f 3310 3376 3273
f 3376 3506 3441
f 3506 3641 3603
f 3641 3705 3756
f 3705 3818 3756
f 3818 3865 3891
f 3865 3925 3921
f 3925 3955 3953
f 3955 3927 3958
f 3927 3998 3958
f 3998 4036 3958
f 4036 4039 4038
f 4039 4040 4038
f 4040 4077 4041
f 4077 4201 4001
f 4201 4422 4457
f 4422 4575 4457
f 4575 4553 4686
f 4686 4704 4803
f 4704 4851 4803
f 4851 4746 4892
f 4746 4802 4892
f 4802 4705 4805
f 4805 4747 4852
f 4852 4729 4855
f 4729 4773 4855
f 4773 4659 4749
f 4659 4527 4641
f 4527 4392 4528
f 4392 4493 4555
f 4493 4294 4266
f 4266 4138 4233
f 4233 4043 4169
f 4169 4042 4231
f 4042 3900 4099
f 3900 3959 4099
f 3959 3823 3868
f 3868 3762 3867
f 3762 3688 3761
f 3761 3713 3842
f 3713 3715 3793
f 3715 3574 3691
f 3691 3611 3692
f 3611 3649 3692
f 3649 3664 3694
f 3664 3741 3740
f 3741 3906 3848
f 3906 3934 4207
f 3934 3716 3717
f 3717 3516 3517
f 3517 3285 3350
f 3285 3127 3128
f 3127 3000 3128
f 3000 2832 2789
f 2832 2653 2789
f 2653 2700 2371
f 2371 2586 2370
f 2586 2543 2370
f 2543 2652 2584
f 2584 2651 2541
f 2651 2628 2541
f 2541 2540 2452
f 2452 2369 2240
f 2369 2169 2240
f 2169 2203 2063
f 2063 2100 1911
f 1911 1759 1718
f 1759 1557 1718
f 1557 1597 1423
f 1423 1343 1173
f 1343 1242 1110
f 1242 1082 1110
f 1082 1135 1042
f 1042 1043 968
f 968 946 909
f 946 947 882
f 947 865 882
f 865 883 785
f 883 830 785
f 830 845 750
f 845 887 833
f 887 952 915
f 915 994 995
f 995 1011 1031
f 1031 1052 1067
f 1052 1077 1118
f 1077 975 1014
f 975 869 894
f 869 789 894
f 789 718 838
f 718 591 592
f 591 513 592
f 513 491 441
f 491 440 421
f 440 439 393
f 439 458 419
f 458 510 512
f 512 590 489
f 590 692 668
f 692 736 668
f 736 835 837
f 835 934 974
f 934 1076 1066
f 1076 1179 1066
f 1179 1250 1385
f 1385 1569 1696
f 1569 1919 1696
f 1919 1960 2172
f 1960 2206 2172
f 2206 2068 2242
f 2242 2498 2499
f 2498 2675 2499
f 2675 2763 2746
f 2763 2886 2746
f 2886 2914 3018
f 3018 3068 3111
f 3068 3144 3111
f 3144 3225 3111
f 3225 3189 3379
f 3189 3445 3379
f 3445 3282 3512
f 3512 3644 3714
f 3644 3444 3643
f 3444 3409 3475
f 3409 3341 3443
f 3341 3315 3275
f 3275 3247 3246
f 3247 3242 3246
f 3242 3245 3240
f 3245 3241 3240
f 3241 3244 3272
f 3244 3273 3307
f 3273 3376 3374
f 3376 3441 3374
f 3441 3506 3539
f 3506 3603 3539
f 3603 3641 3684
f 3641 3756 3684
f 3756 3818 3814
f 3818 3891 3814
f 3891 3865 3921
f 3921 3925 3953
f 3953 3955 3992
f 3955 3958 3992
f 3958 4036 3992
f 4036 4038 4034
f 4038 4040 4037
f 4040 4041 4037
f 4041 4077 3999
f 4077 4001 3999
f 4001 4201 4078
f 4201 4457 4356
f 4457 4575 4638
f 4575 4686 4638
f 4686 4803 4825
f 4803 4851 4916
f 4851 4892 4965
f 4892 4802 4917
f 4802 4805 4917
f 4805 4852 4938
f 4852 4855 4939
f 4855 4773 4920
f 4773 4749 4830
f 4749 4659 4641
f 4641 4527 4528
f 4528 4392 4555
f 4555 4493 4604
f 4493 4266 4391
f 4266 4233 4391
f 4233 4169 4231
f 4231 4042 4099
f 4099 3959 4228
f 3959 3868 4035
f 3868 3867 4035
f 3867 3762 3761
f 3761 3842 3928
f 3842 3713 3793
f 3793 3715 3795
f 3715 3691 3795
f 3691 3692 3797
f 3692 3649 3694
f 3694 3664 3740
f 3740 3741 3848
f 3848 3906 4004
f 3906 4207 4004
f 4207 3934 4208
f 3934 3717 3965
f 3717 3517 3665
f 3517 3350 3665
f 3350 3285 3128
f 3128 3000 2978
f 3000 2789 2978
f 2789 2653 2500
f 2653 2371 2208
f 2371 2370 2244
f 2370 2543 2418
f 2543 2584 2418
f 2584 2541 2417
f 2541 2452 2317
f 2452 2240 2317
f 2240 2169 2065
f 2169 2063 1952
f 2063 1911 1876
f 1911 1718 1876
f 1718 1557 1471
f 1557 1423 1267
f 1423 1173 1267
f 1173 1343 1110
f 1110 1082 1025
f 1082 1042 1025
f 1042 968 967
f 968 909 862
f 909 946 881
f 946 882 881
f 882 865 806
f 865 785 806
f 785 830 750
f 750 845 833
f 833 887 834
f 887 915 868
f 915 995 892
f 995 1031 954
f 1031 1067 953
f 1067 1052 1118
f 1118 1077 1216
f 1077 1014 1142
f 1014 975 894
f 894 789 838
f 838 718 777
f 718 592 693
f 592 513 543
f 513 441 462
f 441 491 421
f 421 440 393
f 393 439 419
f 419 458 489
f 458 512 489
f 489 590 567
f 590 668 567
f 668 736 669
f 736 837 754
f 837 835 917
f 835 974 917
f 974 934 1066
f 1066 1179 1251
f 1179 1385 1251
f 1385 1696 1609
f 1696 1919 2002
f 1919 2172 2002
f 2172 2206 2542
f 2206 2242 2499
f 2499 2675 2746
f 2746 2886 2786
f 2886 3018 2936
f 3018 3111 3069
f 3111 3225 3207
f 3225 3379 3412
f 3379 3445 3647
f 3445 3512 3714
f 3714 3644 3845
f 3644 3643 3845
f 3643 3444 3568
f 3444 3475 3568
f 3475 3409 3443
f 3443 3341 3406
f 3341 3275 3312
f 3275 3246 3312
f 3246 3242 3243
f 3242 3240 3238
f 3240 3241 3237
f 3241 3272 3237
f 3272 3244 3307
f 3307 3273 3338
f 3273 3374 3338
f 3374 3441 3539
f 3539 3603 3639
f 3603 3684 3639
f 3684 3756 3754
f 3756 3814 3754
f 3814 3891 3856
f 3891 3921 3918
f 3921 3953 3985
f 3953 3992 4028
f 3992 4036 4032
f 4036 4034 4032
f 4034 4038 4037
f 4037 4041 3994
f 4041 3999 3994
f 3999 4001 3930
f 4001 4078 3794
f 4078 4201 4356
f 4356 4457 4639
f 4457 4638 4639
f 4638 4686 4706
f 4686 4825 4706
f 4825 4803 4916
f 4916 4851 4965
f 4965 4892 5006
f 4892 4917 5006
f 4917 4805 4938
f 4938 4852 4939
f 4939 4855 4920
f 4920 4773 4830
f 4830 4749 4755
f 4749 4641 4733
f 4641 4528 4606
f 4528 4555 4606
f 4555 4604 4640
f 4604 4493 4554
f 4493 4391 4554
f 4391 4233 4491
f 4233 4231 4491
f 4231 4099 4319
f 4099 4228 4319
f 4228 3959 4166
f 3959 4035 4166
f 4035 3867 4133
f 3867 3761 3928
f 3928 3842 4076
f 3842 3793 3897
f 3793 3795 3897
f 3795 3691 3846
f 3691 3797 3846
f 3797 3692 3827
f 3692 3694 3767
f 3694 3740 3768
f 3740 3848 3768
f 3848 4004 4045
f 4004 4207 4206
f 4207 4208 4394
f 4208 3934 3965
f 3965 3717 3665
f 3665 3350 3666
f 3350 3128 3129
f 3128 2978 3129
f 2978 2789 2771
f 2789 2500 2771
f 2500 2653 2208
f 2208 2371 2244
f 2244 2370 2207
f 2370 2418 2243
f 2418 2584 2318
f 2584 2417 2318
f 2417 2541 2317
f 2317 2240 2171
f 2240 2065 2171
f 2065 2169 1952
f 1952 2063 1876
f 1876 1718 1720
f 1718 1471 1472
f 1471 1557 1267
f 1267 1173 1081
f 1173 1110 1081
f 1110 1025 984
f 1025 1042 967
f 967 968 862
f 862 909 843
f 909 881 843
f 881 882 805
f 882 806 805
f 806 785 770
f 785 750 711
f 750 833 732
f 833 834 752
f 834 887 868
f 868 915 892
f 892 995 954
f 954 1031 953
f 953 1067 973
f 1067 1118 1116
f 1118 1216 1181
f 1216 1077 1142
f 1142 1014 1092
f 1014 894 957
f 894 838 957
f 838 777 896
f 777 718 693
f 693 592 644
f 592 543 644
f 543 513 462
f 462 441 424
f 441 421 424
f 421 393 395
f 393 419 394
f 419 489 420
f 489 567 490
f 567 668 669
f 669 736 754
f 754 837 893
f 837 917 893
f 917 974 1013
f 974 1066 1117
f 1066 1251 1117
f 1251 1385 1428
f 1385 1609 1428
f 1609 1696 1885
f 1696 2002 1885
f 2002 2172 2137
f 2172 2542 2453
f 2542 2206 2499
f 2499 2746 2696
f 2746 2786 2696
f 2786 2886 2936
f 2936 3018 3069
f 3069 3111 3158
f 3111 3207 3158
f 3207 3225 3412
f 3412 3379 3648
f 3379 3647 3648
f 3647 3445 3714
f 3714 3845 3901
f 3845 3643 3794
f 3643 3568 3689
f 3568 3475 3510
f 3475 3443 3510
f 3443 3406 3442
f 3406 3341 3312
f 3312 3246 3243
f 3243 3242 3239
f 3242 3238 3239
f 3238 3240 3237
f 3237 3272 3235
f 3272 3307 3271
f 3307 3338 3271
f 3338 3374 3404
f 3374 3539 3505
f 3539 3639 3505
f 3639 3684 3680
f 3684 3754 3680
f 3754 3814 3856
f 3856 3891 3918
f 3918 3921 3981
f 3921 3985 3981
f 3985 3953 4028
f 4028 3992 4032
f 4032 4034 4031
f 4034 4037 4033
f 4037 3994 3993
f 3994 3999 3929
f 3999 3930 3929
f 3930 4001 3844
f 4001 3794 3844
f 3794 4078 3845
f 4078 4356 4136
f 4356 4639 4525
f 4639 4638 4706
f 4706 4825 4806
f 4825 4916 4985
f 4916 4965 4985
f 4965 5006 5078
f 5006 4917 5007
f 4917 4938 5007
f 4938 4939 5008
f 4939 4920 5037
f 4920 4830 4895
f 4830 4755 4776
f 4755 4749 4733
f 4733 4641 4672
f 4641 4606 4672
f 4606 4555 4640
f 4640 4604 4689
f 4604 4554 4687
f 4554 4391 4524
f 4391 4491 4524
f 4491 4231 4456
f 4231 4319 4456
f 4319 4228 4455
f 4228 4166 4419
f 4166 4035 4263
f 4035 4133 4263
f 4133 3867 3928
f 3928 4076 4198
f 4076 3842 3897
f 3897 3795 3960
f 3795 3846 3960
f 3846 3797 3931
f 3797 3827 3931
f 3827 3692 3767
f 3767 3694 3768
f 3768 3848 3905
f 3848 4045 3905
f 4045 4004 4205
f 4004 4206 4205
f 4206 4207 4394
f 4394 4208 4425
f 4208 3965 4268
f 3965 3665 3869
f 3665 3666 3869
f 3666 3350 3580
f 3350 3129 3286
f 3129 2978 3059
f 2978 2771 2890
f 2771 2500 2455
f 2500 2208 2174
f 2208 2244 2069
f 2244 2207 2069
f 2207 2370 2243
f 2243 2418 2318
f 2318 2417 2270
f 2417 2317 2270
f 2317 2171 2270
f 2171 2065 2029
f 2065 1952 1877
f 1952 1876 1720
f 1720 1718 1472
f 1472 1471 1266
f 1471 1267 1266
f 1267 1081 1109
f 1081 1110 984
f 984 1025 945
f 1025 967 945
f 967 862 861
f 862 843 768
f 843 881 784
f 881 805 784
f 805 806 770
f 770 785 686
f 785 711 686
f 711 750 687
f 750 732 687
f 732 833 752
f 752 834 810
f 834 868 810
f 868 892 810
f 892 954 848
f 954 953 891
f 953 973 890
f 973 1067 1065
f 1067 1116 1065
f 1116 1118 1181
f 1181 1216 1274
f 1216 1142 1300
f 1142 1092 1300
f 1092 1014 957
f 957 838 896
f 896 777 870
f 777 693 778
f 693 644 778
f 644 543 569
f 543 462 495
f 462 424 468
f 424 421 395
f 395 393 394
f 394 419 420
f 420 489 490
f 490 567 568
f 567 669 568
f 669 754 717
f 754 893 814
f 893 917 1013
f 1013 974 1117
f 1117 1251 1428
f 1428 1609 1729
f 1609 1885 1729
f 1885 2002 2137
f 2137 2172 2453
f 2453 2542 2731
f 2542 2499 2696
f 2696 2786 2731
f 2786 2936 2863
f 2936 3069 3083
f 3069 3158 3083
f 3158 3207 3284
f 3207 3412 3284
f 3412 3648 3663
f 3648 3647 3825
f 3647 3714 3901
f 3901 3845 4136
f 3794 3643 3689
f 3689 3568 3712
f 3568 3510 3607
f 3510 3443 3508
f 3443 3442 3508
f 3442 3406 3377
f 3406 3312 3377
f 3312 3243 3309
f 3243 3239 3308
f 3239 3238 3236
f 3238 3237 3234
f 3237 3235 3234
f 3235 3272 3271
f 3271 3338 3306
f 3338 3404 3403
f 3404 3374 3505
f 3505 3639 3601
f 3639 3680 3601
f 3680 3754 3812
f 3754 3856 3812
f 3856 3918 3945
f 3918 3981 3979
f 3981 3985 4021
f 3985 4028 4065
f 4028 4032 4031
f 4031 4034 4033
f 4033 4037 3993
f 3993 3994 3957
f 3994 3929 3957
f 3929 3930 3844
f 3844 3794 3763
f 3845 4078 4136
f 4136 4356 4292
f 4356 4525 4292
f 4525 4639 4657
f 4639 4706 4657
f 4706 4806 4657
f 4806 4825 4918
f 4825 4985 4918
f 4985 4965 5078
f 5078 5006 5135
f 5006 5007 5109
f 5007 4938 5008
f 5008 4939 5037
f 5037 4920 4987
f 4920 4895 4987
f 4895 4830 4832
f 4830 4776 4832
f 4776 4755 4734
f 4755 4733 4753
f 4733 4672 4711
f 4672 4606 4671
f 4606 4640 4671
f 4640 4689 4671
f 4689 4604 4687
f 4687 4554 4670
f 4554 4524 4670
f 4524 4491 4636
f 4491 4456 4599
f 4456 4319 4552
f 4319 4455 4552
f 4455 4228 4419
f 4419 4166 4352
f 4166 4263 4352
f 4263 4133 4198
f 4133 3928 4198
f 4198 4076 4290
f 4076 3897 4098
f 3897 3960 4098
f 3960 3846 4000
f 3846 3931 4000
f 3931 3827 3932
f 3827 3767 3768
f 3768 3905 3963
f 3905 4045 3963
f 4045 4205 4171
f 4205 4206 4359
f 4206 4394 4393
f 4394 4425 4557
f 4425 4208 4268
f 4268 3965 4080
f 3965 3869 4080
f 3869 3666 3870
f 3666 3580 3870
f 3580 3350 3286
f 3286 3129 3160
f 3129 3059 3160
f 3059 2978 2890
f 2890 2771 2719
f 2771 2455 2719
f 2455 2500 2174
f 2174 2208 1962
f 2208 2069 1962
f 2069 2207 2031
f 2207 2243 2105
f 2243 2318 2104
f 2318 2270 2136
f 2270 2171 2136
f 2171 2029 2136
f 2029 2065 1957
f 2065 1877 1957
f 1877 1952 1720
f 1720 1472 1560
f 1472 1266 1243
f 1266 1267 1109
f 1109 1081 1024
f 1081 984 1024
f 984 945 859
f 945 967 861
f 861 862 783
f 862 768 746
f 768 843 784
f 784 805 749
f 805 770 749
f 770 686 749
f 686 711 637
f 711 687 637
f 687 732 665
f 732 752 665
f 752 810 753
f 810 892 787
f 892 848 787
f 848 954 891
f 891 953 890
f 890 973 951
f 973 1065 992
f 1065 1116 1141
f 1116 1181 1141
f 1181 1274 1252
f 1274 1216 1386
f 1216 1300 1386
f 1300 1092 1253
f 1092 957 1016
f 957 896 1016
f 896 870 958
f 870 777 778
f 778 644 720
f 644 569 622
f 569 543 495
f 495 462 468
f 468 424 427
f 424 395 427
f 395 394 379
f 394 420 379
f 420 490 460
f 490 568 460
f 568 669 621
f 669 717 621
f 717 754 814
f 814 893 956
f 893 1013 956
f 1013 1117 1090
f 1117 1428 1275
f 1428 1729 1519
f 1729 1885 2030
f 1885 2137 2030
f 2137 2453 2585
f 2453 2731 2585
f 2731 2542 2696
f 2731 2786 2863
f 2863 2936 2998
f 2936 3083 2998
f 3083 3158 3172
f 3158 3284 3172
f 3284 3412 3446
f 3412 3663 3446
f 3663 3648 3826
f 3648 3825 3826
f 3825 3647 3901
f 3901 4136 4292
f 3794 3689 3763
f 3689 3712 3763
f 3712 3568 3607
f 3607 3510 3605
f 3510 3508 3605
f 3508 3442 3507
f 3442 3377 3507
f 3377 3312 3309
f 3309 3243 3308
f 3308 3239 3339
f 3239 3236 3270
f 3236 3238 3234
f 3234 3235 3269
f 3235 3271 3305
f 3271 3306 3305
f 3306 3338 3403
f 3403 3404 3504
f 3404 3505 3504
f 3505 3601 3504
f 3601 3680 3657
f 3680 3812 3811
f 3812 3856 3886
f 3856 3945 3886
f 3945 3918 3979
f 3979 3981 4019
f 3981 4021 4019
f 4021 3985 4065
f 4065 4028 4070
f 4028 4031 4070
f 4031 4033 4075
f 4033 3993 4075
f 3993 3957 3956
f 3957 3929 3896
f 3929 3844 3896
f 3844 3763 3790
f 4292 4525 4459
f 4525 4657 4459
f 4657 4806 4730
f 4806 4918 4878
f 4918 4985 5036
f 4985 5078 5110
f 5078 5135 5158
f 5135 5006 5109
f 5109 5007 5008
f 5008 5037 5079
f 5037 4987 5081
f 4987 4895 4966
f 4895 4832 4897
f 4832 4776 4756
f 4776 4734 4713
f 4734 4755 4753
f 4753 4733 4711
f 4711 4672 4671
f 4671 4689 4732
f 4689 4687 4748
f 4687 4670 4727
f 4670 4524 4636
f 4636 4491 4599
f 4599 4456 4552
f 4552 4455 4635
f 4455 4419 4634
f 4419 4352 4598
f 4352 4263 4387
f 4263 4198 4387
f 4198 4290 4387
f 4290 4076 4167
f 4076 4098 4167
f 4098 3960 4000
f 4000 3931 4102
f 3931 3932 4044
f 3932 3827 3963
f 3827 3768 3963
f 3963 4045 4171
f 4171 4205 4295
f 4205 4359 4295
f 4359 4206 4393
f 4393 4394 4496
f 4394 4557 4496
f 4557 4425 4643
f 4425 4268 4497
f 4268 4080 4234
f 4080 3869 4103
f 3869 3870 4103
f 3870 3580 3770
f 3580 3286 3351
f 3286 3160 3351
f 3160 3059 3039
f 3059 2890 2938
f 2890 2719 2772
f 2719 2455 2456
f 2455 2174 2175
f 2174 1962 1964
f 1962 2069 1920
f 2069 2031 1920
f 2031 2207 2105
f 2105 2243 2104
f 2104 2318 2136
f 2136 2029 2001
f 2029 1957 1915
f 1957 1877 1805
f 1877 1720 1560
f 1560 1472 1243
f 1243 1266 1108
f 1266 1109 1108
f 1109 1024 1108
f 1024 984 908
f 984 859 908
f 859 945 861
f 861 783 766
f 783 862 746
f 746 768 682
f 768 784 731
f 784 749 731
f 749 686 685
f 686 637 636
f 637 687 586
f 687 665 586
f 665 752 667
f 752 753 667
f 753 810 787
f 787 848 786
f 848 891 786
f 891 890 786
f 890 951 913
f 951 973 992
f 992 1065 1030
f 1065 1141 1030
f 1141 1181 1252
f 1252 1274 1273
f 1274 1386 1430
f 1386 1300 1699
f 1300 1253 1611
f 1253 1092 1093
f 1092 1016 1093
f 1016 896 958
f 958 870 839
f 870 778 839
f 778 720 839
f 720 644 622
f 622 569 547
f 569 495 547
f 495 468 496
f 468 427 449
f 427 395 428
f 395 379 428
f 379 420 422
f 420 460 422
f 460 568 541
f 568 621 541
f 621 717 737
f 717 814 790
f 814 956 895
f 956 1013 1090
f 1090 1117 1275
f 1275 1428 1519
f 1519 1729 1848
f 1729 2030 1848
f 2030 2137 2319
f 2137 2585 2319
f 2585 2731 2750
f 2731 2863 2750
f 2863 2998 2888
f 2998 3083 3172
f 3172 3284 3446
f 3446 3663 3693
f 3663 3826 3903
f 3826 3825 4079
f 3825 3901 4079
f 3901 4292 4137
f 3763 3712 3790
f 3712 3607 3738
f 3607 3605 3687
f 3605 3508 3565
f 3508 3507 3565
f 3507 3377 3440
f 3377 3309 3375
f 3309 3308 3375
f 3308 3339 3375
f 3339 3239 3270
f 3270 3236 3268
f 3236 3234 3268
f 3234 3269 3267
f 3269 3235 3305
f 3305 3306 3401
f 3306 3403 3401
f 3403 3504 3502
f 3504 3601 3502
f 3601 3657 3502
f 3657 3680 3752
f 3680 3811 3752
f 3811 3812 3886
f 3886 3945 3977
f 3945 3979 3977
f 3979 4019 4060
f 4019 4021 4063
f 4021 4065 4063
f 4065 4070 4067
f 4070 4031 4075
f 4075 3993 4030
f 3993 3956 3991
f 3956 3957 3926
f 3957 3896 3926
f 3896 3844 3790
f 4292 4459 4265
f 4459 4657 4605
f 4657 4730 4605
f 4730 4806 4878
f 4878 4918 5036
f 5036 4985 5110
f 5110 5078 5185
f 5078 5158 5185
f 5158 5135 5217
f 5135 5109 5186
f 5109 5008 5079
f 5079 5037 5161
f 5037 5081 5161
f 5081 4987 4966
f 4966 4895 4897
f 4897 4832 4856
f 4832 4756 4856
f 4756 4776 4736
f 4776 4713 4736
f 4713 4734 4754
f 4734 4753 4754
f 4753 4711 4751
f 4711 4671 4732
f 4732 4689 4748
f 4748 4687 4772
f 4687 4727 4772
f 4727 4670 4770
f 4670 4636 4726
f 4636 4599 4724
f 4599 4552 4684
f 4552 4635 4684
f 4635 4455 4634
f 4634 4419 4598
f 4598 4352 4489
f 4352 4387 4489
f 4387 4290 4521
f 4290 4167 4388
f 4167 4098 4229
f 4098 4000 4168
f 4000 4102 4168
f 4102 3931 4044
f 4044 3932 3963
f 3963 4171 4140
f 4171 4295 4267
f 4295 4359 4424
f 4359 4393 4494
f 4393 4496 4495
f 4496 4557 4608
f 4557 4643 4661
f 4643 4425 4497
f 4497 4268 4427
f 4268 4234 4427
f 4234 4080 4103
f 4103 3870 4005
f 3870 3770 4005
f 3770 3580 3544
f 3580 3351 3544
f 3351 3160 3192
f 3160 3039 3192
f 3039 3059 2938
f 2938 2890 2772
f 2772 2719 2655
f 2719 2456 2655
f 2456 2455 2175
f 2175 2174 2005
f 2174 1964 2005
f 1964 1962 1699
f 1962 1920 1730
f 1920 2031 1886
f 2031 2105 2003
f 2105 2104 1961
f 2104 2136 2001
f 2001 2029 1812
f 2029 1915 1812
f 1915 1957 1805
f 1805 1877 1560
f 1560 1243 1424
f 1243 1108 1111
f 1108 1024 985
f 1024 908 985
f 908 859 804
f 859 861 766
f 766 783 707
f 783 746 707
f 746 682 662
f 682 768 683
f 768 731 683
f 731 749 685
f 685 686 636
f 636 637 585
f 637 586 585
f 586 665 588
f 665 667 588
f 667 753 714
f 753 787 714
f 787 786 733
f 786 890 771
f 890 913 847
f 913 951 992
f 992 1030 913
f 1030 1141 1089
f 1141 1252 1180
f 1252 1273 1180
f 1273 1274 1429
f 1274 1430 1429
f 1430 1386 1610
f 1386 1699 1610
f 1699 1300 1611
f 1611 1253 1431
f 1253 1093 1217
f 1093 1016 1078
f 1016 958 1078
f 958 839 959
f 839 720 793
f 720 622 671
f 622 547 597
f 547 495 496
f 496 468 449
f 449 427 428
f 428 379 403
f 379 422 380
f 422 460 461
f 460 541 461
f 541 621 643
f 621 737 643
f 737 717 790
f 790 814 895
f 895 956 1015
f 956 1090 1091
f 1090 1275 1182
f 1275 1519 1387
f 1519 1848 1698
f 1848 2030 2138
f 2030 2319 2372
f 2319 2585 2677
f 2585 2750 2677
f 2750 2863 2888
f 2888 2998 3058
f 2998 3172 3058
f 3172 3446 3319
f 3446 3693 3577
f 3693 3663 3903
f 3903 3826 4139
f 3826 4079 4139
f 4079 3901 4137
f 4137 4292 4265
f 3790 3712 3738
f 3738 3607 3687
f 3687 3605 3706
f 3605 3565 3706
f 3565 3507 3604
f 3507 3440 3540
f 3440 3377 3375
f 3375 3339 3405
f 3339 3270 3337
f 3270 3268 3336
f 3268 3234 3303
f 3234 3267 3303
f 3267 3269 3302
f 3269 3305 3302
f 3305 3401 3372
f 3401 3403 3500
f 3403 3502 3500
f 3502 3657 3500
f 3657 3752 3637
f 3752 3811 3810
f 3811 3886 3917
f 3886 3977 3944
f 3977 3979 4060
f 4060 4019 4090
f 4019 4063 4090
f 4063 4065 4093
f 4065 4067 4093
f 4067 4070 4075
f 4075 4030 4071
f 4030 3993 3991
f 3991 3956 3954
f 3956 3926 3895
f 3926 3896 3841
f 3896 3790 3841
f 4265 4459 4357
f 4459 4605 4357
f 4605 4730 4709
f 4730 4878 4827
f 4878 5036 5009
f 5036 5110 5160
f 5110 5185 5160
f 5185 5158 5218
f 5158 5217 5218
f 5217 5135 5186
f 5186 5109 5159
f 5109 5079 5159
f 5079 5161 5159
f 5161 5081 5203
f 5081 4966 5083
f 4966 4897 4988
f 4897 4856 4967
f 4856 4756 4778
f 4756 4736 4714
f 4736 4713 4661
f 4713 4754 4775
f 4754 4753 4751
f 4751 4711 4732
f 4732 4748 4751
f 4748 4772 4808
f 4772 4727 4771
f 4727 4770 4771
f 4770 4670 4726
f 4726 4636 4724
f 4724 4599 4684
f 4684 4635 4744
f 4635 4634 4703
f 4634 4598 4702
f 4598 4489 4633
f 4489 4387 4633
f 4387 4521 4632
f 4521 4290 4388
f 4388 4167 4389
f 4167 4229 4389
f 4229 4098 4168
f 4168 4102 4232
f 4102 4044 4203
f 4044 3963 4140
f 4140 4171 4267
f 4267 4295 4424
f 4424 4359 4494
f 4494 4393 4495
f 4495 4496 4642
f 4496 4608 4642
f 4608 4557 4661
f 4661 4643 4736
f 4643 4497 4644
f 4497 4427 4609
f 4427 4234 4395
f 4234 4103 4210
f 4103 4005 4210
f 4005 3770 3829
f 3770 3544 3668
f 3544 3351 3192
f 3192 3039 3084
f 3039 2938 2846
f 2938 2772 2846
f 2772 2655 2751
f 2655 2456 2420
f 2456 2175 2176
f 2175 2005 1965
f 2005 1964 1611
f 1964 1699 1611
f 1699 1962 1730
f 1730 1920 1886
f 1886 2031 2003
f 2003 2105 1961
f 1961 2104 1884
f 2104 2001 1884
f 2001 1812 1769
f 1812 1915 1689
f 1915 1805 1689
f 1805 1560 1424
f 1424 1243 1244
f 1243 1111 1244
f 1111 1108 985
f 985 908 860
f 908 804 860
f 804 859 766
f 766 707 706
f 707 746 662
f 662 682 612
f 682 683 612
f 683 731 635
f 731 685 635
f 685 636 635
f 636 585 562
f 585 586 533
f 586 588 535
f 588 667 617
f 667 714 617
f 714 787 733
f 733 786 713
f 786 771 713
f 771 890 847
f 847 913 933
f 913 1030 933
f 1030 1089 1029
f 1089 1141 1180
f 1180 1273 1348
f 1273 1429 1348
f 1429 1430 1571
f 1430 1610 1571
f 1610 1699 1730
f 1611 1431 1731
f 1431 1253 1217
f 1217 1093 1078
f 1078 958 1053
f 958 959 1053
f 959 839 793
f 793 720 739
f 720 671 739
f 671 622 648
f 622 597 648
f 597 547 519
f 547 496 519
f 496 449 469
f 449 428 430
f 428 403 430
f 403 379 401
f 379 380 401
f 380 422 425
f 422 461 425
f 461 541 542
f 541 643 542
f 643 737 719
f 737 790 791
f 790 895 897
f 895 1015 897
f 1015 956 1091
f 1091 1090 1182
f 1182 1275 1387
f 1387 1519 1698
f 1698 1848 1963
f 1848 2138 1963
f 2138 2030 2372
f 2372 2319 2677
f 2677 2750 2843
f 2750 2888 2843
f 2888 3058 2843
f 3058 3172 3159
f 3172 3319 3159
f 3319 3446 3577
f 3577 3693 3799
f 3693 3903 3904
f 3903 4139 4204
f 4139 4079 4265
f 4079 4137 4265
f 3790 3738 3821
f 3738 3687 3760
f 3687 3706 3760
f 3706 3565 3686
f 3565 3604 3686
f 3604 3507 3540
f 3540 3440 3439
f 3440 3375 3439
f 3375 3405 3439
f 3405 3339 3337
f 3337 3270 3336
f 3336 3268 3304
f 3268 3303 3304
f 3303 3267 3335
f 3267 3302 3335
f 3302 3305 3372
f 3372 3401 3470
f 3401 3500 3470
f 3500 3657 3637
f 3637 3752 3678
f 3752 3810 3731
f 3810 3811 3917
f 3917 3886 3944
f 3944 3977 3975
f 3977 4060 4059
f 4060 4090 4089
f 4090 4063 4122
f 4063 4093 4124
f 4093 4067 4094
f 4067 4075 4071
f 4071 4030 3991
f 3991 3954 3987
f 3954 3956 3895
f 3895 3926 3841
f 3841 3790 3821
f 4265 4357 4139
f 4357 4605 4529
f 4605 4709 4529
f 4709 4730 4827
f 4827 4878 4919
f 4878 5009 4919
f 5009 5036 5080
f 5036 5160 5080
f 5160 5185 5219
f 5185 5218 5233
f 5218 5217 5253
f 5217 5186 5232
f 5186 5159 5220
f 5159 5161 5220
f 5161 5203 5220
f 5203 5081 5083
f 5083 4966 4988
f 4988 4897 4967
f 4967 4856 4879
f 4856 4778 4879
f 4778 4756 4715
f 4756 4714 4644
f 4714 4736 4643
f 4661 4713 4712
f 4713 4775 4712
f 4775 4754 4790
f 4754 4751 4810
f 4751 4748 4808
f 4808 4772 4875
f 4772 4771 4824
f 4771 4770 4822
f 4770 4726 4800
f 4726 4724 4800
f 4724 4684 4744
f 4744 4635 4703
f 4703 4634 4702
f 4702 4598 4701
f 4598 4633 4701
f 4633 4387 4632
f 4632 4521 4655
f 4521 4388 4551
f 4388 4389 4551
f 4389 4229 4318
f 4229 4168 4318
f 4168 4232 4320
f 4232 4102 4203
f 4203 4044 4140
f 4140 4267 4293
f 4267 4424 4423
f 4424 4494 4578
f 4494 4495 4607
f 4495 4642 4607
f 4642 4608 4674
f 4608 4661 4675
f 4643 4644 4714
f 4644 4497 4609
f 4609 4427 4395
f 4395 4234 4210
f 4210 4005 4104
f 4005 3829 4104
f 3829 3770 3668
f 3668 3544 3449
f 3544 3192 3449
f 3192 3084 3176
f 3084 3039 2979
f 3039 2846 2979
f 2846 2772 2751
f 2751 2655 2501
f 2655 2420 2501
f 2420 2456 2176
f 2176 2175 1965
f 1965 2005 1731
f 2005 1611 1731
f 1730 1886 1697
f 1886 2003 1813
f 2003 1961 1813
f 1961 1884 1771
f 1884 2001 1728
f 2001 1769 1728
f 1769 1812 1475
f 1812 1689 1475
f 1689 1805 1473
f 1805 1424 1473
f 1424 1244 1245
f 1244 1111 1112
f 1111 985 1001
f 985 860 880
f 860 804 765
f 804 766 706
f 706 707 634
f 707 662 634
f 662 612 611
f 612 683 583
f 683 635 583
f 635 636 562
f 562 585 533
f 533 586 535
f 535 588 537
f 588 617 537
f 617 714 638
f 714 733 638
f 733 713 638
f 713 771 666
f 771 847 751
f 847 933 831
f 933 1030 1029
f 1029 1089 1215
f 1089 1180 1215
f 1180 1348 1215
f 1348 1429 1570
f 1429 1571 1697
f 1571 1610 1697
f 1610 1730 1697
f 1731 1431 1574
f 1431 1217 1574
f 1217 1078 1143
f 1078 1053 1143
f 1053 959 1054
f 959 793 871
f 793 739 871
f 739 671 697
f 671 648 652
f 648 597 623
f 597 519 546
f 519 496 469
f 469 449 448
f 449 430 431
f 430 403 405
f 403 401 406
f 401 380 402
f 380 425 402
f 425 461 493
f 461 542 493
f 542 643 593
f 643 719 593
f 719 737 791
f 791 790 897
f 897 1015 996
f 1015 1091 1094
f 1091 1182 1183
f 1182 1387 1301
f 1387 1698 1572
f 1698 1963 1814
f 1963 2138 2173
f 2138 2372 2454
f 2372 2677 2717
f 2677 2843 2717
f 2843 3058 3019
f 3058 3159 3097
f 3159 3319 3173
f 3319 3577 3578
f 3577 3799 3578
f 3799 3693 3904
f 3904 3903 4204
f 4204 4139 4357
f 3821 3738 3760
f 3760 3706 3759
f 3706 3686 3788
f 3686 3604 3659
f 3604 3540 3659
f 3540 3439 3564
f 3439 3405 3471
f 3405 3337 3402
f 3337 3336 3402
f 3336 3304 3373
f 3304 3303 3371
f 3303 3335 3370
f 3335 3302 3368
f 3302 3372 3368
f 3372 3470 3400
f 3470 3500 3637
f 3637 3678 3561
f 3678 3752 3731
f 3731 3810 3751
f 3810 3917 3916
f 3917 3944 3975
f 3975 3977 4058
f 3977 4059 4058
f 4059 4060 4089
f 4089 4090 4121
f 4090 4122 4121
f 4122 4063 4124
f 4124 4093 4126
f 4093 4094 4126
f 4094 4067 4066
f 4067 4071 4066
f 4071 3991 3987
f 3987 3954 3952
f 3954 3895 3864
f 3895 3841 3821
f 4357 4529 4204
f 4529 4709 4660
f 4709 4827 4829
f 4827 4919 4829
f 4919 5009 4986
f 5009 5080 4986
f 5080 5160 5187
f 5160 5219 5187
f 5219 5185 5233
f 5233 5218 5253
f 5253 5217 5254
f 5217 5232 5254
f 5232 5186 5220
f 5220 5203 5256
f 5203 5083 5137
f 5083 4988 5056
f 4988 4967 5056
f 4967 4879 4942
f 4879 4778 4779
f 4778 4715 4779
f 4715 4756 4644
f 4661 4712 4675
f 4712 4775 4774
f 4775 4790 4828
f 4790 4754 4810
f 4810 4751 4808
f 4808 4875 4853
f 4875 4772 4824
f 4824 4771 4822
f 4822 4770 4873
f 4770 4800 4873
f 4800 4724 4820
f 4724 4744 4820
f 4744 4703 4819
f 4703 4702 4818
f 4702 4701 4788
f 4701 4633 4768
f 4633 4632 4722
f 4632 4655 4767
f 4655 4521 4551
f 4551 4389 4522
f 4389 4318 4522
f 4318 4168 4320
f 4320 4232 4390
f 4232 4203 4354
f 4203 4140 4293
f 4293 4267 4423
f 4423 4424 4577
f 4424 4578 4577
f 4578 4494 4607
f 4607 4642 4710
f 4642 4674 4731
f 4674 4608 4675
f 4644 4609 4715
f 4609 4395 4559
f 4395 4210 4396
f 4210 4104 4396
f 4104 3829 3872
f 3829 3668 3696
f 3668 3449 3696
f 3449 3192 3176
f 3176 3084 3041
f 3084 2979 3041
f 2979 2846 2892
f 2846 2751 2892
f 2751 2501 2679
f 2501 2420 2245
f 2420 2176 2245
f 2176 1965 2006
f 1965 1731 2006
f 1697 1886 1813
f 1813 1961 1772
f 1961 1771 1772
f 1771 1884 1608
f 1884 1728 1608
f 1728 1769 1516
f 1769 1475 1516
f 1475 1689 1473
f 1473 1424 1245
f 1245 1244 1112
f 1112 1111 1001
f 1001 985 880
f 880 860 765
f 765 804 706
f 706 634 609
f 634 662 611
f 611 612 560
f 612 583 561
f 583 635 562
f 562 533 532
f 533 535 509
f 535 537 509
f 537 617 538
f 617 638 538
f 638 713 616
f 713 666 616
f 666 771 751
f 751 847 831
f 831 933 911
f 933 1029 911
f 1029 1215 1046
f 1215 1348 1518
f 1348 1570 1518
f 1570 1429 1697
f 1731 1574 2006
f 1574 1217 1303
f 1217 1143 1303
f 1143 1053 1184
f 1053 1054 1184
f 1054 959 871
f 871 739 794
f 739 697 755
f 697 671 652
f 652 648 625
f 648 623 625
f 623 597 546
f 546 519 467
f 519 469 467
f 469 448 429
f 448 449 431
f 431 430 405
f 405 403 406
f 406 401 402
f 402 425 432
f 425 493 466
f 493 542 593
f 593 719 694
f 719 791 694
f 791 897 898
f 897 996 898
f 996 1015 1094
f 1094 1091 1183
f 1183 1182 1301
f 1301 1387 1572
f 1572 1698 1814
f 1814 1963 2004
f 1963 2173 2004
f 2173 2138 2454
f 2454 2372 2717
f 2717 2843 2889
f 2843 3019 2889
f 3019 3058 3097
f 3097 3159 3173
f 3173 3319 3414
f 3319 3578 3414
f 3578 3799 3695
f 3799 3904 4141
f 3904 4204 4141
f 3821 3760 3819
f 3760 3759 3819
f 3759 3706 3788
f 3788 3686 3758
f 3686 3659 3758
f 3659 3540 3564
f 3564 3439 3471
f 3471 3405 3402
f 3402 3336 3438
f 3336 3373 3438
f 3373 3304 3371
f 3371 3303 3370
f 3370 3335 3369
f 3335 3368 3369
f 3368 3372 3400
f 3400 3470 3537
f 3470 3637 3561
f 3561 3678 3677
f 3678 3731 3677
f 3731 3751 3677
f 3751 3810 3855
f 3810 3916 3855
f 3916 3917 3975
f 3975 4058 4057
f 4058 4059 4120
f 4059 4089 4120
f 4089 4121 4120
f 4121 4122 4158
f 4122 4124 4158
f 4124 4126 4159
f 4126 4094 4092
f 4094 4066 4092
f 4066 4071 3987
f 3987 3952 4026
f 3952 3954 3894
f 3954 3864 3894
f 3864 3895 3821
f 4204 4529 4358
f 4529 4660 4530
f 4660 4709 4752
f 4709 4829 4752
f 4829 4919 4986
f 4986 5080 5082
f 5080 5187 5082
f 5187 5219 5234
f 5219 5233 5255
f 5233 5253 5275
f 5253 5254 5296
f 5254 5232 5256
f 5232 5220 5256
f 5256 5203 5258
f 5203 5137 5221
f 5137 5083 5056
f 5056 4967 5011
f 4967 4942 5011
f 4942 4879 4943
f 4879 4779 4859
f 4779 4715 4676
f 4675 4712 4750
f 4712 4774 4750
f 4774 4775 4828
f 4828 4790 4810
f 4810 4808 4853
f 4853 4875 4914
f 4875 4824 4913
f 4824 4822 4912
f 4822 4873 4912
f 4873 4800 4890
f 4800 4820 4890
f 4820 4744 4849
f 4744 4819 4849
f 4819 4703 4818
f 4818 4702 4788
f 4788 4701 4768
f 4768 4633 4722
f 4722 4632 4767
f 4767 4655 4723
f 4655 4551 4723
f 4551 4522 4656
f 4522 4318 4573
f 4318 4320 4490
f 4320 4390 4490
f 4390 4232 4354
f 4354 4203 4293
f 4293 4423 4458
f 4423 4577 4576
f 4577 4578 4688
f 4578 4607 4708
f 4607 4710 4708
f 4710 4642 4731
f 4731 4674 4750
f 4674 4675 4750
f 4715 4609 4676
f 4609 4559 4676
f 4559 4395 4396
f 4396 4104 4324
f 4104 3872 3968
f 3872 3829 3696
f 3696 3449 3381
f 3449 3176 3381
f 3176 3041 3150
f 3041 2979 2892
f 2892 2751 2752
f 2751 2679 2752
f 2679 2501 2503
f 2501 2245 2071
f 2245 2176 2006
f 1697 1813 1772
f 1772 1771 1651
f 1771 1608 1651
f 1608 1728 1516
f 1516 1475 1270
f 1475 1473 1296
f 1473 1245 1296
f 1245 1112 1296
f 1112 1001 986
f 1001 880 863
f 880 765 747
f 765 706 681
f 706 609 681
f 609 634 581
f 634 611 581
f 611 560 581
f 560 612 561
f 561 583 562
f 562 532 561
f 532 533 507
f 533 509 507
f 509 537 486
f 537 538 486
f 538 638 616
f 616 666 587
f 666 751 664
f 751 831 712
f 831 911 829
f 911 1029 1046
f 1046 1215 1272
f 1215 1518 1272
f 1518 1570 1772
f 1570 1697 1772
f 2006 1574 1816
f 1574 1303 1612
f 1303 1143 1184
f 1184 1054 1185
f 1054 871 1032
f 871 794 816
f 794 739 755
f 755 697 723
f 697 652 651
f 652 625 651
f 625 623 546
f 546 467 446
f 467 469 429
f 429 448 431
f 431 405 382
f 405 406 383
f 406 402 407
f 402 432 407
f 432 425 466
f 466 493 571
f 493 593 571
f 593 694 645
f 694 791 792
f 791 898 792
f 898 996 1017
f 996 1094 1119
f 1094 1183 1276
f 1183 1301 1276
f 1301 1572 1276
f 1572 1814 1815
f 1814 2004 1815
f 2004 2173 2209
f 2173 2454 2419
f 2454 2717 2718
f 2717 2889 2831
f 2889 3019 2977
f 3019 3097 3098
f 3097 3173 3098
f 3173 3414 3191
f 3414 3578 3695
f 3695 3799 3933
f 3799 4141 3933
f 4141 4204 4358
f 3821 3819 3864
f 3819 3759 3840
f 3759 3788 3840
f 3788 3758 3859
f 3758 3659 3704
f 3659 3564 3640
f 3564 3471 3503
f 3471 3402 3503
f 3402 3438 3503
f 3438 3373 3437
f 3373 3371 3437
f 3371 3370 3435
f 3370 3369 3399
f 3369 3368 3434
f 3368 3400 3434
f 3400 3537 3466
f 3537 3470 3561
f 3561 3677 3537
f 3677 3751 3700
f 3751 3855 3782
f 3855 3916 3943
f 3916 3975 3974
f 3975 4057 3974
f 4057 4058 4120
f 4120 4121 4221
f 4121 4158 4157
f 4158 4124 4159
f 4159 4126 4125
f 4126 4092 4125
f 4092 4066 4026
f 4066 3987 4026
f 4026 3952 4023
f 3952 3894 3920
f 3894 3864 3840
f 4358 4529 4530
f 4530 4660 4673
f 4660 4752 4673
f 4752 4829 4831
f 4829 4986 4831
f 4986 5082 5010
f 5082 5187 5136
f 5187 5234 5204
f 5234 5219 5255
f 5255 5233 5275
f 5275 5253 5296
f 5296 5254 5276
f 5254 5256 5276
f 5256 5258 5259
f 5258 5203 5221
f 5221 5137 5205
f 5137 5056 5111
f 5056 5011 5111
f 5011 4942 4943
f 4943 4879 4859
f 4859 4779 4737
f 4779 4676 4663
f 4750 4774 4826
f 4774 4828 4854
f 4828 4810 4877
f 4810 4853 4877
f 4853 4914 4877
f 4914 4875 4913
f 4913 4824 4912
f 4912 4873 4960
f 4873 4890 4960
f 4890 4820 4910
f 4820 4849 4910
f 4849 4819 4936
f 4819 4818 4935
f 4818 4788 4872
f 4788 4768 4872
f 4768 4722 4799
f 4722 4767 4799
f 4767 4723 4847
f 4723 4551 4656
f 4656 4522 4668
f 4522 4573 4668
f 4573 4318 4490
f 4490 4390 4600
f 4390 4354 4600
f 4354 4293 4458
f 4458 4423 4576
f 4576 4577 4728
f 4577 4688 4728
f 4688 4578 4708
f 4708 4710 4807
f 4710 4731 4807
f 4731 4750 4809
f 4676 4559 4663
f 4559 4396 4531
f 4396 4324 4531
f 4324 4104 4175
f 4104 3968 4175
f 3968 3872 3696
f 3696 3381 3614
f 3381 3176 3150
f 3150 3041 3042
f 3041 2892 3042
f 2892 2752 2894
f 2752 2679 2503
f 2503 2501 2271
f 2501 2071 2271
f 2071 2245 2006
f 1772 1651 1518
f 1651 1608 1272
f 1608 1516 1345
f 1516 1270 1345
f 1270 1475 1174
f 1475 1296 1174
f 1296 1112 1174
f 1112 986 1060
f 986 1001 863
f 863 880 747
f 747 765 681
f 681 609 610
f 609 581 559
f 581 560 530
f 560 561 504
f 561 532 504
f 532 507 504
f 507 509 484
f 509 486 484
f 486 538 485
f 538 616 536
f 616 587 536
f 587 666 664
f 664 751 712
f 712 831 829
f 829 911 929
f 911 1046 929
f 1046 1272 1063
f 1272 1518 1651
f 2006 1816 2071
f 1816 1574 1612
f 1612 1303 1520
f 1303 1184 1520
f 1184 1185 1349
f 1185 1054 1032
f 1032 871 920
f 871 816 920
f 816 794 755
f 755 723 816
f 723 697 651
f 651 625 596
f 625 546 573
f 546 446 518
f 446 467 400
f 467 429 400
f 429 431 382
f 382 405 366
f 405 383 367
f 383 406 384
f 406 407 384
f 407 432 409
f 432 466 451
f 466 571 520
f 571 593 645
f 645 694 738
f 694 792 738
f 792 898 815
f 898 1017 1018
f 1017 996 1119
f 1119 1094 1276
f 1276 1572 1573
f 1572 1815 1573
f 1815 2004 2070
f 2004 2209 2070
f 2209 2173 2419
f 2419 2454 2587
f 2454 2718 2587
f 2718 2717 2831
f 2831 2889 2977
f 2977 3019 3098
f 3098 3173 3191
f 3191 3414 3348
f 3414 3695 3579
f 3695 3933 3769
f 3933 4141 4172
f 4141 4358 4360
f 3864 3819 3840
f 3840 3788 3859
f 3859 3758 3815
f 3758 3704 3815
f 3704 3659 3640
f 3640 3564 3602
f 3564 3503 3602
f 3503 3438 3501
f 3438 3437 3499
f 3437 3371 3436
f 3371 3435 3436
f 3435 3370 3399
f 3399 3369 3434
f 3434 3400 3466
f 3466 3537 3536
f 3537 3677 3636
f 3677 3700 3636
f 3700 3751 3782
f 3782 3855 3884
f 3855 3943 3884
f 3943 3916 3974
f 3974 4057 4088
f 4057 4120 4154
f 4120 4221 4220
f 4221 4121 4157
f 4157 4158 4222
f 4158 4159 4222
f 4159 4125 4194
f 4125 4092 4091
f 4092 4026 4023
f 4023 3952 3920
f 3920 3894 3859
f 3894 3840 3859
f 4358 4530 4360
f 4530 4673 4556
f 4673 4752 4735
f 4752 4831 4735
f 4831 4986 4896
f 4986 5010 4896
f 5010 5082 5055
f 5082 5136 5055
f 5136 5187 5204
f 5204 5234 5257
f 5234 5255 5277
f 5255 5275 5277
f 5275 5296 5297
f 5296 5276 5298
f 5276 5256 5259
f 5259 5258 5299
f 5258 5221 5260
f 5221 5205 5260
f 5205 5137 5111
f 5111 5011 5112
f 5011 4943 5039
f 4943 4859 4834
f 4859 4737 4834
f 4737 4779 4663
f 4750 4826 4809
f 4826 4774 4854
f 4854 4828 4894
f 4828 4877 4894
f 4877 4914 4964
f 4914 4913 4984
f 4913 4912 4984
f 4912 4960 4984
f 4960 4890 4982
f 4890 4910 4982
f 4910 4849 4981
f 4849 4936 4981
f 4936 4819 4935
f 4935 4818 4956
f 4818 4872 4956
f 4872 4768 4871
f 4768 4799 4871
f 4799 4767 4870
f 4767 4847 4870
f 4847 4723 4848
f 4723 4656 4769
f 4656 4668 4769
f 4668 4573 4669
f 4573 4490 4669
f 4490 4600 4669
f 4600 4354 4574
f 4354 4458 4574
f 4458 4576 4685
f 4576 4728 4685
f 4728 4688 4804
f 4688 4708 4804
f 4708 4807 4804
f 4807 4731 4809
f 4663 4559 4531
f 4531 4324 4499
f 4324 4175 4211
f 4175 3968 4211
f 3968 3696 3771
f 3696 3614 3771
f 3614 3381 3259
f 3381 3150 3259
f 3150 3042 3152
f 3042 2892 2894
f 2894 2752 2775
f 2752 2503 2588
f 2503 2271 2178
f 2271 2071 2178
f 1272 1608 1345
f 1345 1270 1137
f 1270 1174 1061
f 1174 1112 1060
f 1060 986 969
f 986 863 844
f 863 747 767
f 747 681 663
f 681 610 663
f 610 609 558
f 609 559 558
f 559 581 530
f 530 560 504
f 504 507 481
f 507 484 481
f 484 486 485
f 485 538 536
f 536 587 534
f 587 664 615
f 664 712 615
f 712 829 710
f 829 929 807
f 929 1046 1063
f 1063 1272 1137
f 2071 1816 1733
f 1816 1612 1733
f 1612 1520 1733
f 1520 1184 1349
f 1349 1185 1388
f 1185 1032 1122
f 1032 920 976
f 920 816 872
f 816 723 756
f 723 651 650
f 651 596 650
f 596 625 573
f 573 546 518
f 518 446 516
f 446 400 363
f 400 429 346
f 429 382 346
f 382 366 334
f 366 405 367
f 367 383 347
f 383 384 368
f 384 407 409
f 409 432 451
f 451 466 520
f 520 571 626
f 571 645 626
f 645 738 721
f 738 792 815
f 815 898 919
f 898 1018 919
f 1018 1017 1144
f 1017 1119 1144
f 1119 1276 1302
f 1276 1573 1479
f 1573 1815 1732
f 1815 2070 1921
f 2070 2209 2373
f 2209 2419 2373
f 2419 2587 2701
f 2587 2718 2701
f 2718 2831 2833
f 2831 2977 2833
f 2977 3098 3113
f 3098 3191 3113
f 3191 3348 3229
f 3348 3414 3579
f 3579 3695 3769
f 3769 3933 3964
f 3933 4172 3964
f 4172 4141 4360
f 3859 3815 3889
f 3815 3704 3786
f 3704 3640 3685
f 3640 3602 3658
f 3602 3503 3501
f 3501 3438 3499
f 3499 3437 3436
f 3436 3435 3469
f 3435 3399 3468
f 3399 3434 3467
f 3434 3466 3536
f 3536 3537 3636
f 3636 3700 3597
f 3700 3782 3676
f 3782 3884 3885
f 3884 3943 4017
f 3943 3974 4056
f 3974 4088 4056
f 4088 4057 4154
f 4154 4120 4220
f 4220 4221 4255
f 4221 4157 4222
f 4222 4159 4194
f 4194 4125 4091
f 4091 4092 4023
f 4023 3920 3982
f 3920 3859 3919
f 4360 4530 4556
f 4556 4673 4662
f 4673 4735 4662
f 4735 4831 4777
f 4831 4896 4777
f 4896 5010 4940
f 5010 5055 4940
f 5055 5136 5188
f 5136 5204 5188
f 5204 5257 5235
f 5257 5234 5277
f 5277 5275 5297
f 5297 5296 5298
f 5298 5276 5299
f 5276 5259 5299
f 5299 5258 5260
f 5260 5205 5262
f 5205 5111 5190
f 5111 5112 5190
f 5112 5011 5039
f 5039 4943 4944
f 4943 4834 4944
f 4834 4737 4693
f 4737 4663 4611
f 4809 4826 4876
f 4826 4854 4893
f 4854 4894 4893
f 4894 4877 4964
f 4964 4914 4984
f 4984 4960 5032
f 4960 4982 5032
f 4982 4910 4981
f 4981 4936 5029
f 4936 4935 5028
f 4935 4956 5027
f 4956 4872 4955
f 4872 4871 4955
f 4871 4799 4870
f 4870 4847 4957
f 4847 4848 4958
f 4848 4723 4769
f 4769 4668 4789
f 4668 4669 4789
f 4669 4600 4745
f 4600 4574 4725
f 4574 4458 4685
f 4685 4728 4821
f 4728 4804 4823
f 4804 4807 4874
f 4807 4809 4876
f 4663 4531 4499
f 4499 4324 4463
f 4324 4211 4325
f 4211 3968 4105
f 3968 3771 3849
f 3771 3614 3849
f 3614 3259 3382
f 3259 3150 3152
f 3152 3042 3043
f 3042 2894 3043
f 2894 2775 2864
f 2775 2752 2588
f 2588 2503 2321
f 2503 2178 2321
f 2178 2071 1888
f 1272 1345 1137
f 1137 1270 1061
f 1061 1174 1026
f 1174 1060 1026
f 1060 969 1026
f 969 986 844
f 844 863 767
f 767 747 708
f 747 663 708
f 663 610 582
f 610 558 582
f 558 559 502
f 559 530 503
f 530 504 503
f 504 481 503
f 481 484 483
f 484 485 483
f 485 536 508
f 536 534 508
f 534 587 615
f 615 712 710
f 710 829 807
f 807 929 927
f 929 1063 927
f 1063 1137 1061
f 2071 1733 1888
f 1733 1520 1575
f 1520 1349 1575
f 1349 1388 1575
f 1388 1185 1277
f 1185 1122 1277
f 1122 1032 1033
f 1032 976 1033
f 976 920 935
f 920 872 900
f 872 816 796
f 816 756 796
f 756 723 696
f 723 650 696
f 650 596 572
f 596 573 518
f 518 516 596
f 516 446 445
f 446 363 342
f 363 400 344
f 400 346 344
f 346 382 334
f 334 366 323
f 366 367 323
f 367 347 323
f 347 383 368
f 368 384 385
f 384 409 385
f 409 451 433
f 451 520 470
f 520 626 598
f 626 645 721
f 721 738 815
f 815 919 899
f 919 1018 1019
f 1018 1144 1120
f 1144 1119 1302
f 1302 1276 1479
f 1479 1573 1732
f 1732 1815 1921
f 1921 2070 2139
f 2070 2373 2139
f 2373 2419 2701
f 2701 2718 2833
f 2833 2977 2999
f 2977 3113 2999
f 3113 3191 3229
f 3229 3348 3448
f 3348 3579 3448
f 3579 3769 3651
f 3769 3964 3907
f 3964 4172 4142
f 4172 4360 4296
f 3859 3889 3919
f 3889 3815 3838
f 3815 3786 3838
f 3786 3704 3735
f 3704 3685 3735
f 3685 3640 3658
f 3658 3602 3683
f 3602 3501 3600
f 3501 3499 3538
f 3499 3436 3498
f 3436 3469 3497
f 3469 3435 3468
f 3468 3399 3467
f 3467 3434 3494
f 3434 3536 3494
f 3536 3636 3597
f 3597 3700 3676
f 3676 3782 3885
f 3885 3884 4017
f 4017 3943 4056
f 4056 4088 4153
f 4088 4154 4153
f 4154 4220 4252
f 4220 4255 4284
f 4255 4221 4222
f 4222 4194 4256
f 4194 4091 4127
f 4091 4023 3982
f 3982 3920 3919
f 4360 4556 4460
f 4556 4662 4460
f 4662 4735 4777
f 4777 4896 4833
f 4896 4940 4833
f 4940 5055 4989
f 5055 5188 5138
f 5188 5204 5235
f 5235 5257 5277
f 5277 5297 5300
f 5297 5298 5315
f 5298 5299 5315
f 5299 5260 5301
f 5260 5262 5284
f 5262 5205 5190
f 5190 5112 5165
f 5112 5039 5058
f 5039 4944 5058
f 4944 4834 4880
f 4834 4693 4759
f 4693 4737 4611
f 4611 4663 4499
f 4876 4826 4915
f 4826 4893 4915
f 4893 4894 4963
f 4894 4964 4963
f 4964 4984 5033
f 4984 5032 5033
f 5032 4982 5053
f 4982 4981 5030
f 4981 5029 5030
f 5029 4936 5028
f 5028 4935 5027
f 5027 4956 5026
f 4956 4955 5026
f 4955 4871 4870
f 4870 4957 4955
f 4957 4847 4958
f 4958 4848 4959
f 4848 4769 4789
f 4789 4669 4745
f 4745 4600 4725
f 4725 4574 4685
f 4685 4821 4801
f 4821 4728 4823
f 4823 4804 4891
f 4804 4874 4891
f 4874 4807 4876
f 4499 4463 4581
f 4463 4324 4325
f 4325 4211 4105
f 4105 3968 3849
f 3849 3614 3773
f 3614 3382 3546
f 3382 3259 3210
f 3259 3152 3210
f 3152 3043 3153
f 3043 2894 3001
f 2894 2864 3001
f 2864 2775 2776
f 2775 2588 2657
f 2588 2321 2246
f 2321 2178 2032
f 2178 1888 2032
f 1061 1026 926
f 1026 969 864
f 969 844 864
f 844 767 708
f 708 663 613
f 663 582 613
f 582 558 502
f 502 559 503
f 503 481 480
f 481 483 480
f 483 485 482
f 485 508 482
f 508 534 506
f 534 615 563
f 615 710 614
f 710 807 709
f 807 927 828
f 927 1063 1061
f 1888 1733 1575
f 1575 1388 1613
f 1388 1277 1482
f 1277 1122 1220
f 1122 1033 1123
f 1033 976 977
f 976 935 977
f 935 920 900
f 900 872 840
f 872 796 840
f 796 756 722
f 756 696 722
f 696 650 646
f 650 572 646
f 572 596 516
f 516 445 515
f 445 446 398
f 446 342 398
f 342 363 310
f 363 344 310
f 344 346 294
f 346 334 272
f 334 323 282
f 323 347 295
f 347 368 321
f 368 385 348
f 385 409 386
f 409 433 386
f 433 451 470
f 470 520 521
f 520 598 521
f 598 626 698
f 626 721 698
f 721 815 795
f 815 899 795
f 899 919 1019
f 1019 1018 1095
f 1018 1120 1095
f 1120 1144 1254
f 1144 1302 1254
f 1302 1479 1652
f 1479 1732 1652
f 1732 1921 1887
f 1921 2139 1887
f 2139 2373 2374
f 2373 2701 2702
f 2701 2833 2845
f 2833 2999 2845
f 2999 3113 3114
f 3113 3229 3114
f 3229 3448 3349
f 3448 3579 3651
f 3651 3769 3800
f 3769 3907 3800
f 3907 3964 4142
f 4142 4172 4296
f 4296 4360 4460
f 3919 3889 3983
f 3889 3838 3892
f 3838 3786 3816
f 3786 3735 3757
f 3735 3685 3736
f 3685 3658 3703
f 3658 3683 3703
f 3683 3602 3600
f 3600 3501 3538
f 3538 3499 3599
f 3499 3498 3599
f 3498 3436 3497
f 3497 3469 3562
f 3469 3468 3496
f 3468 3467 3495
f 3467 3494 3495
f 3494 3536 3597
f 3597 3676 3560
f 3676 3885 3730
f 3885 4017 4018
f 4017 4056 4119
f 4056 4153 4119
f 4153 4154 4252
f 4252 4220 4284
f 4284 4255 4312
f 4255 4222 4256
f 4256 4194 4224
f 4194 4127 4224
f 4127 4091 4022
f 4091 3982 4022
f 3982 3919 3983
f 4460 4662 4558
f 4662 4777 4690
f 4777 4833 4690
f 4833 4940 4857
f 4940 4989 4857
f 4989 5055 5038
f 5055 5138 5038
f 5138 5188 5222
f 5188 5235 5222
f 5235 5277 5278
f 5277 5300 5278
f 5300 5297 5318
f 5297 5315 5318
f 5315 5299 5323
f 5299 5301 5323
f 5301 5260 5284
f 5284 5262 5240
f 5262 5190 5240
f 5190 5165 5240
f 5165 5112 5058
f 5058 4944 4968
f 4944 4880 4968
f 4880 4834 4759
f 4759 4693 4612
f 4693 4611 4581
f 4611 4499 4581
f 4876 4915 4962
f 4915 4893 4963
f 4963 4964 5035
f 4964 5033 5035
f 5033 5032 5076
f 5032 5053 5076
f 5053 4982 5030
f 5030 5029 5072
f 5029 5028 5051
f 5028 5027 5050
f 5027 5026 5050
f 5026 4955 5048
f 4955 4957 5025
f 4957 4958 5025
f 4958 4959 5025
f 4959 4848 4909
f 4848 4789 4909
f 4789 4745 4850
f 4745 4725 4850
f 4725 4685 4801
f 4801 4821 4889
f 4821 4823 4911
f 4823 4891 4911
f 4891 4874 4962
f 4874 4876 4962
f 4581 4463 4612
f 4463 4325 4612
f 4325 4105 4236
f 4105 3849 3773
f 3773 3614 3546
f 3546 3382 3322
f 3382 3210 3322
f 3210 3152 3153
f 3153 3043 3001
f 3001 2864 2941
f 2864 2776 2941
f 2776 2775 2657
f 2657 2588 2246
f 2246 2321 2032
f 2032 1888 1774
f 1061 926 927
f 926 1026 864
f 864 844 748
f 844 708 748
f 708 613 684
f 613 582 531
f 582 502 531
f 502 503 480
f 480 483 482
f 482 508 506
f 506 534 563
f 563 615 614
f 614 710 709
f 709 807 828
f 828 927 926
f 1888 1575 1774
f 1575 1613 1774
f 1613 1388 1482
f 1482 1277 1389
f 1277 1220 1389
f 1220 1122 1123
f 1123 1033 1034
f 1033 977 978
f 977 935 936
f 935 900 936
f 900 840 817
f 840 796 779
f 796 722 779
f 722 696 646
f 646 572 594
f 572 516 515
f 515 445 463
f 445 398 396
f 398 342 341
f 342 310 308
f 310 344 294
f 294 346 272
f 272 334 282
f 282 323 295
f 295 347 321
f 321 368 322
f 368 348 322
f 348 385 386
f 386 433 434
f 433 470 452
f 470 521 452
f 521 598 599
f 598 698 674
f 698 721 780
f 721 795 780
f 795 899 921
f 899 1019 997
f 1019 1095 1121
f 1095 1120 1218
f 1120 1254 1218
f 1254 1302 1480
f 1302 1652 1480
f 1652 1732 1887
f 1887 2139 2140
f 2139 2374 2140
f 2374 2373 2654
f 2373 2702 2654
f 2702 2701 2790
f 2701 2845 2790
f 2845 2999 3020
f 2999 3114 3020
f 3114 3229 3209
f 3229 3349 3209
f 3349 3448 3518
f 3448 3651 3518
f 3651 3800 3718
f 3800 3907 3966
f 3907 4142 3966
f 4142 4296 4361
f 4296 4460 4361
f 3983 3889 4024
f 3889 3892 3984
f 3892 3838 3816
f 3816 3786 3757
f 3757 3735 3736
f 3736 3685 3703
f 3703 3683 3734
f 3683 3600 3682
f 3600 3538 3599
f 3599 3498 3638
f 3498 3497 3563
f 3497 3562 3563
f 3562 3469 3496
f 3496 3468 3495
f 3495 3494 3560
f 3494 3597 3560
f 3560 3676 3730
f 3730 3885 3833
f 3885 4018 3833
f 4018 4017 4119
f 4119 4153 4253
f 4153 4252 4253
f 4252 4284 4344
f 4284 4312 4344
f 4312 4255 4256
f 4256 4224 4313
f 4224 4127 4161
f 4127 4022 4161
f 4022 3982 3983
f 4460 4558 4361
f 4558 4662 4690
f 4690 4833 4757
f 4833 4857 4757
f 4857 4989 4941
f 4989 5038 4941
f 5038 5138 5084
f 5138 5222 5189
f 5222 5235 5278
f 5278 5300 5302
f 5300 5318 5302
f 5318 5315 5325
f 5315 5323 5325
f 5323 5301 5284
f 5284 5240 5286
f 5240 5165 5210
f 5165 5058 5116
f 5058 4968 5014
f 4968 4880 4945
f 4880 4759 4760
f 4759 4612 4760
f 4612 4693 4581
f 4962 4915 5034
f 4915 4963 5034
f 4963 5035 5034
f 5035 5033 5076
f 5076 5053 5106
f 5053 5030 5074
f 5030 5072 5074
f 5072 5029 5051
f 5051 5028 5050
f 5050 5026 5099
f 5026 5048 5099
f 5048 4955 5025
f 5025 4959 5049
f 4959 4909 5005
f 4909 4789 4850
f 4850 4725 4801
f 4801 4889 4850
f 4889 4821 4937
f 4821 4911 4937
f 4911 4891 4961
f 4891 4962 4983
f 4612 4325 4429
f 4325 4236 4429
f 4236 4105 4107
f 4105 3773 3937
f 3773 3546 3774
f 3546 3322 3582
f 3322 3210 3153
f 3153 3001 3087
f 3001 2941 3060
f 2941 2776 2849
f 2776 2657 2631
f 2657 2246 2631
f 2246 2032 1891
f 2032 1774 1891
f 926 864 828
f 864 748 769
f 748 708 684
f 684 613 584
f 613 531 584
f 531 502 505
f 502 480 505
f 480 482 505
f 482 506 505
f 506 563 584
f 563 614 584
f 614 709 584
f 709 828 769
f 1774 1613 1891
f 1613 1482 1654
f 1482 1389 1654
f 1389 1220 1279
f 1220 1123 1279
f 1123 1034 1124
f 1034 1033 978
f 978 977 960
f 977 936 922
f 936 900 873
f 900 817 873
f 817 840 779
f 779 722 695
f 722 646 594
f 594 572 544
f 572 515 544
f 515 463 544
f 463 445 396
f 396 398 341
f 341 342 308
f 308 310 269
f 310 294 258
f 294 272 258
f 272 282 245
f 282 295 246
f 295 321 283
f 321 322 283
f 322 348 312
f 348 386 369
f 386 434 369
f 434 433 452
f 452 521 472
f 521 599 577
f 599 598 674
f 674 698 781
f 698 780 781
f 780 795 849
f 795 921 849
f 921 899 997
f 997 1019 1068
f 1019 1121 1068
f 1121 1095 1219
f 1095 1218 1219
f 1218 1254 1432
f 1254 1480 1432
f 1480 1652 1773
f 1652 1887 1773
f 1887 2140 2007
f 2140 2374 2320
f 2374 2654 2678
f 2654 2702 2791
f 2702 2790 2791
f 2790 2845 2915
f 2845 3020 2915
f 3020 3114 3099
f 3114 3209 3174
f 3209 3349 3320
f 3349 3518 3320
f 3518 3651 3718
f 3718 3800 3966
f 3966 4142 4209
f 4142 4361 4209
f 3983 4024 4022
f 4024 3889 3984
f 3984 3892 3950
f 3892 3816 3839
f 3816 3757 3839
f 3757 3736 3787
f 3736 3703 3787
f 3703 3734 3787
f 3734 3683 3733
f 3683 3682 3733
f 3682 3600 3681
f 3600 3599 3681
f 3599 3638 3702
f 3638 3498 3563
f 3563 3562 3679
f 3562 3496 3598
f 3496 3495 3598
f 3495 3560 3598
f 3560 3730 3598
f 3730 3833 3598
f 3833 4018 3976
f 4018 4119 4155
f 4119 4253 4155
f 4253 4252 4309
f 4252 4344 4309
f 4344 4312 4346
f 4312 4256 4313
f 4313 4224 4258
f 4224 4161 4258
f 4161 4022 4024
f 4361 4558 4426
f 4558 4690 4579
f 4690 4757 4691
f 4757 4857 4791
f 4857 4941 4791
f 4941 5038 4990
f 5038 5084 4990
f 5084 5138 5189
f 5189 5222 5223
f 5222 5278 5261
f 5278 5302 5281
f 5302 5318 5324
f 5318 5325 5324
f 5325 5323 5326
f 5323 5284 5304
f 5284 5286 5304
f 5286 5240 5242
f 5240 5210 5242
f 5210 5165 5116
f 5116 5058 5014
f 5014 4968 4945
f 4945 4880 4862
f 4880 4760 4862
f 4760 4612 4613
f 4962 5034 5054
f 5034 5035 5077
f 5035 5076 5108
f 5076 5106 5134
f 5106 5053 5074
f 5074 5072 5104
f 5072 5051 5103
f 5051 5050 5103
f 5050 5099 5101
f 5099 5048 5100
f 5048 5025 5100
f 5025 5049 5100
f 5049 4959 5005
f 5005 4909 4850
f 4850 4889 5005
f 4889 4937 5005
f 4937 4911 4961
f 4961 4891 4983
f 4983 4962 5054
f 4612 4429 4613
f 4429 4236 4299
f 4236 4107 4299
f 4107 4105 3937
f 3937 3773 3774
f 3774 3546 3582
f 3582 3322 3451
f 3322 3153 3179
f 3153 3087 3179
f 3087 3001 3060
f 3060 2941 2981
f 2941 2849 2981
f 2849 2776 2755
f 2776 2631 2755
f 2631 2246 2421
f 2246 1891 2106
f 828 864 769
f 769 748 684
f 684 584 709
f 584 531 505
f 505 506 584
f 709 769 684
f 1891 1613 1654
f 1654 1389 1578
f 1389 1279 1578
f 1279 1123 1124
f 1124 1034 1055
f 1034 978 979
f 978 960 923
f 960 977 922
f 922 936 901
f 936 873 901
f 873 817 797
f 817 779 740
f 779 695 672
f 695 722 647
f 722 594 647
f 594 544 492
f 544 463 492
f 463 396 423
f 396 341 339
f 341 308 292
f 308 269 268
f 269 310 258
f 258 272 231
f 272 245 231
f 245 282 246
f 246 295 283
f 283 322 273
f 322 312 273
f 312 348 325
f 348 369 325
f 369 434 410
f 434 452 472
f 472 521 577
f 577 599 629
f 599 674 629
f 674 781 757
f 781 780 849
f 849 921 1020
f 921 997 1020
f 997 1068 1079
f 1068 1121 1186
f 1121 1219 1278
f 1219 1218 1350
f 1218 1432 1433
f 1432 1480 1734
f 1480 1773 1734
f 1773 1887 2007
f 2007 2140 2320
f 2320 2374 2544
f 2374 2678 2544
f 2678 2654 2791
f 2791 2790 2915
f 2915 3020 3038
f 3020 3099 3038
f 3099 3114 3174
f 3174 3209 3320
f 3320 3518 3519
f 3518 3718 3519
f 3718 3966 3828
f 3966 4209 4173
f 4209 4361 4426
f 4024 3984 4095
f 3984 3950 4068
f 3950 3892 3893
f 3892 3839 3893
f 3839 3757 3787
f 3787 3734 3817
f 3734 3733 3785
f 3733 3682 3732
f 3682 3681 3732
f 3681 3599 3702
f 3702 3638 3701
f 3638 3563 3679
f 3679 3562 3753
f 3562 3598 3753
f 3598 3833 3783
f 3833 3976 3783
f 3976 4018 4155
f 4155 4253 4254
f 4253 4309 4310
f 4309 4344 4379
f 4344 4346 4379
f 4346 4312 4313
f 4313 4258 4348
f 4258 4161 4259
f 4161 4024 4129
f 4426 4558 4579
f 4579 4690 4691
f 4691 4757 4791
f 4791 4941 4858
f 4941 4990 4858
f 4990 5084 4991
f 5084 5189 5162
f 5189 5223 5162
f 5223 5222 5261
f 5261 5278 5281
f 5281 5302 5321
f 5302 5324 5321
f 5324 5325 5338
f 5325 5326 5357
f 5326 5323 5304
f 5304 5286 5287
f 5286 5242 5287
f 5242 5210 5226
f 5210 5116 5140
f 5116 5014 5015
f 5014 4945 4972
f 4945 4862 4902
f 4862 4760 4781
f 4760 4613 4695
f 5054 5034 5075
f 5034 5077 5075
f 5077 5035 5108
f 5108 5076 5134
f 5134 5106 5132
f 5106 5074 5105
f 5074 5104 5105
f 5104 5072 5103
f 5103 5050 5101
f 5101 5099 5126
f 5099 5100 5125
f 5100 5049 5102
f 5049 5005 5102
f 5005 4937 5031
f 4937 4961 5031
f 4961 4983 5052
f 4983 5054 5052
f 4613 4429 4500
f 4429 4299 4500
f 4299 4107 4177
f 4107 3937 3939
f 3937 3774 3939
f 3774 3582 3669
f 3582 3451 3669
f 3451 3322 3289
f 3322 3179 3289
f 3179 3087 3060
f 3060 2981 3088
f 2981 2849 2794
f 2849 2755 2794
f 2755 2631 2682
f 2631 2421 2682
f 2421 2246 2106
f 2106 1891 1893
f 1891 1654 1893
f 1654 1578 1817
f 1578 1279 1579
f 1279 1124 1191
f 1124 1055 1191
f 1055 1034 979
f 979 978 937
f 978 923 937
f 923 960 874
f 960 922 874
f 922 901 841
f 901 873 818
f 873 797 818
f 797 817 740
f 740 779 672
f 672 695 649
f 695 647 649
f 647 594 595
f 594 492 514
f 492 463 443
f 463 423 443
f 423 396 339
f 339 341 292
f 292 308 268
f 268 269 219
f 269 258 220
f 258 231 220
f 231 245 205
f 245 246 205
f 246 283 232
f 283 273 247
f 273 312 259
f 312 325 296
f 325 369 326
f 369 410 351
f 410 434 472
f 472 577 473
f 577 629 549
f 629 674 675
f 674 757 675
f 757 781 851
f 781 849 851
f 849 1020 961
f 1020 997 1079
f 1079 1068 1186
f 1186 1121 1278
f 1278 1219 1481
f 1219 1350 1481
f 1350 1218 1433
f 1433 1432 1653
f 1432 1734 1653
f 1734 1773 1922
f 1773 2007 1922
f 2007 2320 2177
f 2320 2544 2502
f 2544 2678 2733
f 2678 2791 2733
f 2791 2915 2957
f 2915 3038 2957
f 3038 3099 3149
f 3099 3174 3149
f 3174 3320 3258
f 3320 3519 3258
f 3519 3718 3667
f 3718 3828 3667
f 3828 3966 3967
f 3966 4173 3967
f 4173 4209 4322
f 4209 4426 4322
f 4024 4095 4129
f 4095 3984 4068
f 4068 3950 3986
f 3950 3893 3986
f 3893 3839 3860
f 3839 3787 3860
f 3787 3817 3860
f 3817 3734 3785
f 3785 3733 3813
f 3733 3732 3813
f 3732 3681 3755
f 3681 3702 3755
f 3702 3701 3784
f 3701 3638 3679
f 3679 3753 3834
f 3753 3598 3783
f 3783 3976 3753
f 3976 4155 4156
f 4155 4254 4156
f 4254 4253 4310
f 4310 4309 4378
f 4309 4379 4378
f 4379 4346 4415
f 4346 4313 4381
f 4313 4348 4381
f 4348 4258 4315
f 4258 4259 4315
f 4259 4161 4195
f 4161 4129 4195
f 4426 4579 4498
f 4579 4691 4498
f 4691 4791 4692
f 4791 4858 4692
f 4858 4990 4898
f 4990 4991 4898
f 4991 5084 5057
f 5084 5162 5057
f 5162 5223 5206
f 5223 5261 5236
f 5261 5281 5282
f 5281 5321 5320
f 5321 5324 5337
f 5324 5338 5337
f 5338 5325 5357
f 5357 5326 5339
f 5326 5304 5327
f 5304 5287 5327
f 5287 5242 5265
f 5242 5226 5265
f 5226 5210 5140
f 5140 5116 5089
f 5116 5015 5089
f 5015 5014 4972
f 4972 4945 4902
f 4902 4862 4838
f 4862 4781 4838
f 4781 4760 4695
f 4695 4613 4615
f 5054 5075 5107
f 5075 5077 5133
f 5077 5108 5133
f 5108 5134 5157
f 5134 5132 5156
f 5132 5106 5105
f 5105 5104 5130
f 5104 5103 5129
f 5103 5101 5127
f 5101 5126 5127
f 5126 5099 5125
f 5125 5100 5149
f 5100 5102 5149
f 5102 5005 5073
f 5005 5031 5073
f 5031 4961 5052
f 5052 5054 5107
f 4613 4500 4615
f 4500 4299 4501
f 4299 4177 4301
f 4177 4107 3939
f 3939 3774 3851
f 3774 3669 3851
f 3669 3451 3481
f 3451 3289 3481
f 3289 3179 3180
f 3179 3060 3180
f 3060 3088 3180
f 3088 2981 3026
f 2981 2794 2900
f 2794 2755 2682
f 2682 2421 2461
f 2421 2106 2248
f 2106 1893 2035
f 1893 1654 1817
f 1817 1578 1852
f 1578 1579 1852
f 1579 1279 1391
f 1279 1191 1391
f 1191 1055 1153
f 1055 979 938
f 979 937 924
f 937 923 902
f 923 874 850
f 874 922 841
f 841 901 818
f 818 797 725
f 797 740 724
f 740 672 673
f 672 649 624
f 649 647 595
f 595 594 514
f 514 492 444
f 492 443 442
f 443 423 377
f 423 339 377
f 339 292 318
f 292 268 229
f 268 219 229
f 219 269 220
f 220 231 202
f 231 205 202
f 205 246 232
f 232 283 247
f 247 273 223
f 273 259 223
f 259 312 296
f 296 325 326
f 326 369 351
f 351 410 412
f 410 472 412
f 472 473 412
f 473 577 549
f 549 629 579
f 629 675 630
f 675 757 699
f 757 851 820
f 851 849 961
f 961 1020 1035
f 1020 1079 1096
f 1079 1186 1187
f 1186 1278 1434
f 1278 1481 1576
f 1481 1350 1521
f 1350 1433 1521
f 1433 1653 1521
f 1653 1734 1889
f 1734 1922 1889
f 1922 2007 2177
f 2177 2320 2502
f 2502 2544 2733
f 2733 2791 2891
f 2791 2957 2891
f 2957 3038 3072
f 3038 3149 3072
f 3149 3174 3258
f 3258 3519 3416
f 3519 3667 3416
f 3667 3828 3801
f 3828 3967 3801
f 3967 4173 4235
f 4173 4322 4235
f 4322 4426 4498
f 4129 4095 4195
f 4095 4068 4163
f 4068 3986 4072
f 3986 3893 3988
f 3893 3860 3922
f 3860 3817 3863
f 3817 3785 3861
f 3785 3813 3837
f 3813 3732 3755
f 3755 3702 3835
f 3702 3784 3835
f 3784 3701 3679
f 3679 3834 3784
f 3834 3753 3887
f 3753 3976 3887
f 3976 4156 4061
f 4156 4254 4311
f 4254 4310 4345
f 4310 4378 4345
f 4378 4379 4413
f 4379 4415 4413
f 4415 4346 4381
f 4381 4348 4417
f 4348 4315 4349
f 4315 4259 4286
f 4259 4195 4286
f 4498 4691 4692
f 4692 4858 4758
f 4858 4898 4758
f 4898 4991 4921
f 4991 5057 4992
f 5057 5162 5113
f 5162 5206 5163
f 5206 5223 5236
f 5236 5261 5282
f 5282 5281 5320
f 5320 5321 5355
f 5321 5337 5355
f 5337 5338 5368
f 5338 5357 5368
f 5357 5339 5358
f 5339 5326 5327
f 5327 5287 5328
f 5287 5265 5328
f 5265 5226 5244
f 5226 5140 5195
f 5140 5089 5142
f 5089 5015 5017
f 5015 4972 4951
f 4972 4902 4951
f 4902 4838 4795
f 4838 4781 4762
f 4781 4695 4678
f 4695 4615 4678
f 5107 5075 5133
f 5133 5108 5155
f 5108 5157 5155
f 5157 5134 5156
f 5156 5132 5153
f 5132 5105 5151
f 5105 5130 5151
f 5130 5104 5129
f 5129 5103 5127
f 5127 5126 5150
f 5126 5125 5150
f 5125 5149 5150
f 5149 5102 5128
f 5102 5073 5128
f 5073 5031 5052
f 5052 5107 5131
f 4615 4500 4501
f 4501 4299 4301
f 4301 4177 4048
f 4177 3939 4048
f 3939 3851 4048
f 3851 3669 3722
f 3669 3481 3722
f 3481 3289 3290
f 3289 3180 3290
f 3180 3088 3195
f 3088 3026 3101
f 3026 2981 2900
f 2900 2794 2756
f 2794 2682 2756
f 2682 2461 2547
f 2461 2421 2248
f 2248 2106 2035
f 2035 1893 1817
f 1817 1852 2035
f 1852 1579 1737
f 1579 1391 1737
f 1391 1191 1310
f 1191 1153 1310
f 1153 1055 1056
f 1055 938 980
f 938 979 924
f 924 937 902
f 902 923 850
f 850 874 819
f 874 841 819
f 841 818 741
f 818 725 741
f 725 797 724
f 724 740 673
f 673 672 627
f 672 624 627
f 624 649 595
f 595 514 570
f 514 444 494
f 444 492 442
f 442 443 377
f 377 339 318
f 318 292 267
f 292 229 267
f 229 219 198
f 219 220 200
f 220 202 200
f 202 205 185
f 205 232 204
f 232 247 204
f 247 223 204
f 223 259 222
f 259 296 260
f 296 326 297
f 326 351 327
f 351 412 352
f 412 473 474
f 473 549 474
f 549 579 474
f 579 629 630
f 630 675 699
f 699 757 743
f 757 820 743
f 820 851 903
f 851 961 962
f 961 1035 962
f 1035 1020 1096
f 1096 1079 1145
f 1079 1187 1145
f 1187 1186 1304
f 1186 1434 1351
f 1434 1278 1576
f 1576 1481 1700
f 1481 1521 1700
f 1521 1653 1775
f 1653 1889 1890
f 1889 1922 2141
f 1922 2177 2141
f 2177 2502 2375
f 2502 2733 2773
f 2733 2891 2773
f 2891 2957 3040
f 2957 3072 3040
f 3072 3149 3175
f 3149 3258 3230
f 3258 3416 3230
f 3416 3667 3612
f 3667 3801 3612
f 3801 3967 4046
f 3967 4235 4046
f 4235 4322 4498
f 4195 4095 4163
f 4163 4068 4130
f 4068 4072 4130
f 4072 3986 3988
f 3988 3893 3922
f 3922 3860 3863
f 3863 3817 3862
f 3817 3861 3862
f 3861 3785 3837
f 3837 3813 3890
f 3813 3755 3836
f 3755 3835 3857
f 3835 3784 3888
f 3784 3834 3888
f 3834 3887 3978
f 3887 3976 4061
f 4061 4156 4223
f 4156 4311 4223
f 4311 4254 4345
f 4345 4378 4414
f 4378 4413 4414
f 4413 4415 4446
f 4415 4381 4417
f 4417 4348 4349
f 4349 4315 4350
f 4315 4286 4350
f 4286 4195 4260
f 4498 4692 4461
f 4692 4758 4610
f 4758 4898 4780
f 4898 4921 4835
f 4921 4991 4992
f 4992 5057 5059
f 5057 5113 5059
f 5113 5162 5163
f 5163 5206 5191
f 5206 5236 5237
f 5236 5282 5237
f 5282 5320 5335
f 5320 5355 5335
f 5355 5337 5397
f 5337 5368 5397
f 5368 5357 5414
f 5357 5358 5415
f 5358 5339 5327
f 5327 5328 5342
f 5328 5265 5329
f 5265 5244 5329
f 5244 5226 5195
f 5195 5140 5142
f 5142 5089 5091
f 5089 5017 5063
f 5017 5015 4951
f 4951 4902 4865
f 4902 4795 4865
f 4795 4838 4762
f 4762 4781 4678
f 4678 4615 4561
f 5107 5133 5154
f 5133 5155 5154
f 5155 5157 5184
f 5157 5156 5184
f 5156 5153 5184
f 5153 5132 5151
f 5151 5130 5181
f 5130 5129 5181
f 5129 5127 5150
f 5150 5149 5179
f 5149 5128 5180
f 5128 5073 5131
f 5073 5052 5131
f 5131 5107 5152
f 4615 4501 4561
f 4501 4301 4432
f 4301 4048 4179
f 4048 3851 3876
f 3851 3722 3876
f 3722 3481 3548
f 3481 3290 3357
f 3290 3180 3195
f 3195 3088 3101
f 3101 3026 3004
f 3026 2900 3004
f 2900 2756 2816
f 2756 2682 2547
f 2547 2461 2274
f 2461 2248 2274
f 2248 2035 2274
f 2035 1852 2111
f 1852 1737 2111
f 1737 1391 1526
f 1391 1310 1526
f 1310 1153 1193
f 1153 1056 1101
f 1056 1055 980
f 980 938 904
f 938 924 875
f 924 902 875
f 902 850 842
f 850 819 798
f 819 841 782
f 841 741 782
f 741 725 654
f 725 724 653
f 724 673 628
f 673 627 575
f 627 624 574
f 624 595 570
f 570 514 494
f 494 444 397
f 444 442 378
f 442 377 378
f 377 318 337
f 318 267 291
f 267 229 228
f 229 198 228
f 198 219 200
f 200 202 184
f 202 185 184
f 185 205 204
f 204 223 203
f 223 222 203
f 222 259 260
f 260 296 274
f 296 297 274
f 297 326 327
f 327 351 328
f 351 352 328
f 352 412 370
f 412 474 435
f 474 579 550
f 579 630 550
f 630 699 656
f 699 743 726
f 743 820 801
f 820 903 853
f 903 851 962
f 962 1035 1036
f 1035 1096 1100
f 1096 1145 1151
f 1145 1187 1160
f 1187 1304 1255
f 1304 1186 1351
f 1351 1434 1614
f 1434 1576 1614
f 1576 1700 1735
f 1700 1521 1775
f 1775 1653 1890
f 1890 1889 2179
f 1889 2141 2179
f 2141 2177 2375
f 2375 2502 2656
f 2502 2773 2656
f 2773 2891 2980
f 2891 3040 2980
f 3040 3072 3115
f 3072 3175 3115
f 3175 3149 3230
f 3230 3416 3352
f 3416 3612 3352
f 3612 3801 3719
f 3801 4046 3871
f 4046 4235 4269
f 4235 4498 4461
f 4195 4163 4260
f 4163 4130 4226
f 4130 4072 4131
f 4072 3988 4073
f 3988 3922 3989
f 3922 3863 3923
f 3863 3862 3923
f 3862 3861 3924
f 3861 3837 3890
f 3890 3813 3858
f 3813 3836 3858
f 3836 3755 3857
f 3857 3835 3946
f 3835 3888 3946
f 3888 3834 3978
f 3978 3887 4061
f 4061 4223 3978
f 4223 4311 4347
f 4311 4345 4414
f 4414 4413 4446
f 4446 4415 4448
f 4415 4417 4448
f 4417 4349 4418
f 4349 4350 4418
f 4350 4286 4260
f 4461 4692 4610
f 4610 4758 4677
f 4758 4780 4677
f 4780 4898 4835
f 4835 4921 4811
f 4921 4992 4922
f 4992 5059 4993
f 5059 5113 5114
f 5113 5163 5114
f 5163 5191 5114
f 5191 5206 5237
f 5237 5282 5283
f 5282 5335 5283
f 5335 5355 5396
f 5355 5397 5396
f 5397 5368 5414
f 5414 5357 5415
f 5415 5358 5401
f 5358 5327 5342
f 5342 5328 5329
f 5329 5244 5306
f 5244 5195 5228
f 5195 5142 5170
f 5142 5091 5143
f 5091 5089 5063
f 5063 5017 5043
f 5017 4951 4975
f 4951 4865 4906
f 4865 4795 4797
f 4795 4762 4679
f 4762 4678 4679
f 4678 4561 4679
f 5107 5154 5152
f 5154 5155 5183
f 5155 5184 5183
f 5184 5153 5182
f 5153 5151 5181
f 5181 5129 5150
f 5150 5179 5181
f 5179 5149 5180
f 5180 5128 5131
f 5131 5152 5180
f 4561 4501 4432
f 4432 4301 4303
f 4301 4179 4303
f 4179 4048 4008
f 4048 3876 4008
f 3876 3722 3745
f 3722 3548 3745
f 3548 3481 3357
f 3357 3290 3195
f 3195 3101 3214
f 3101 3004 3118
f 3004 2900 2816
f 2816 2756 2658
f 2756 2547 2658
f 2547 2274 2377
f 2274 2035 2111
f 2111 1737 2072
f 1737 1526 1895
f 1526 1310 1527
f 1310 1193 1355
f 1193 1153 1101
f 1101 1056 1037
f 1056 980 1037
f 980 904 963
f 904 938 875
f 875 902 842
f 842 850 798
f 798 819 742
f 819 782 742
f 782 741 655
f 741 654 655
f 654 725 653
f 653 724 628
f 628 673 575
f 575 627 574
f 574 624 545
f 624 570 545
f 570 494 517
f 494 397 464
f 397 444 361
f 444 378 361
f 378 377 337
f 337 318 291
f 291 267 265
f 267 228 243
f 228 198 197
f 198 200 169
f 200 184 169
f 184 185 170
f 185 204 170
f 204 203 172
f 203 222 187
f 222 260 224
f 260 274 233
f 274 297 285
f 297 327 285
f 327 328 286
f 328 352 335
f 352 370 335
f 370 412 435
f 435 474 454
f 474 550 454
f 550 630 600
f 630 656 600
f 656 699 676
f 699 726 676
f 726 743 727
f 743 801 744
f 801 820 853
f 853 903 939
f 903 962 939
f 962 1036 939
f 1036 1035 1100
f 1100 1096 1151
f 1151 1145 1149
f 1145 1160 1162
f 1160 1187 1188
f 1187 1255 1188
f 1255 1304 1305
f 1304 1351 1435
f 1351 1614 1435
f 1614 1576 1735
f 1735 1700 1850
f 1700 1775 1849
f 1775 1890 1849
f 1890 2179 2033
f 2179 2141 2457
f 2141 2375 2457
f 2375 2656 2457
f 2656 2773 2774
f 2773 2980 2893
f 2980 3040 3115
f 3115 3175 3193
f 3175 3230 3352
f 3352 3612 3545
f 3612 3719 3545
f 3719 3801 3871
f 3871 4046 4174
f 4046 4269 4174
f 4269 4235 4461
f 4260 4163 4226
f 4226 4130 4131
f 4131 4072 4073
f 4073 3988 3989
f 3989 3922 3923
f 3923 3862 3924
f 3924 3861 3951
f 3861 3890 3951
f 3890 3858 3948
f 3858 3836 3947
f 3836 3857 3947
f 3857 3946 3947
f 3946 3888 3980
f 3888 3978 3980
f 3978 4223 4123
f 4223 4347 4257
f 4347 4311 4414
f 4414 4446 4447
f 4446 4448 4486
f 4448 4417 4451
f 4417 4418 4451
f 4418 4350 4384
f 4350 4260 4288
f 4461 4610 4462
f 4610 4677 4462
f 4677 4780 4716
f 4780 4835 4716
f 4835 4811 4716
f 4811 4921 4860
f 4921 4922 4860
f 4922 4992 4993
f 4993 5059 5012
f 5059 5114 5085
f 5114 5191 5164
f 5191 5237 5283
f 5283 5335 5354
f 5335 5396 5394
f 5396 5397 5440
f 5397 5414 5470
f 5414 5415 5471
f 5415 5401 5458
f 5401 5358 5370
f 5358 5342 5370
f 5342 5329 5371
f 5329 5306 5345
f 5306 5244 5290
f 5244 5228 5290
f 5228 5195 5170
f 5170 5142 5143
f 5143 5091 5092
f 5091 5063 5092
f 5063 5043 5065
f 5043 5017 4975
f 4975 4951 4906
f 4906 4865 4813
f 4865 4797 4813
f 4797 4795 4740
f 4795 4679 4740
f 4679 4561 4582
f 5152 5154 5183
f 5183 5184 5182
f 5182 5153 5181
f 5181 5179 5182
f 5179 5180 5183
f 5180 5152 5183
f 4561 4432 4582
f 4432 4303 4436
f 4303 4179 4145
f 4179 4008 4145
f 4008 3876 3910
f 3876 3745 3910
f 3745 3548 3617
f 3548 3357 3418
f 3357 3195 3214
f 3214 3101 3118
f 3118 3004 2949
f 3004 2816 2949
f 2816 2658 2661
f 2658 2547 2377
f 2377 2274 2111
f 2111 2072 2378
f 2072 1737 1895
f 1895 1526 1703
f 1526 1527 1703
f 1527 1310 1355
f 1355 1193 1195
f 1193 1101 1103
f 1101 1037 1103
f 1037 980 963
f 963 904 876
f 904 875 852
f 875 842 799
f 842 798 758
f 798 742 758
f 742 782 655
f 655 654 551
f 654 653 578
f 653 628 576
f 628 575 548
f 575 574 497
f 574 545 497
f 545 570 517
f 517 494 464
f 464 397 399
f 397 361 340
f 361 378 338
f 378 337 338
f 337 291 307
f 291 265 266
f 265 267 243
f 243 228 197
f 197 198 182
f 198 169 182
f 169 184 153
f 184 170 153
f 170 204 172
f 172 203 173
f 203 187 173
f 187 222 207
f 222 224 207
f 224 260 233
f 233 274 250
f 274 285 250
f 285 327 286
f 286 328 299
f 328 335 299
f 335 370 354
f 370 435 387
f 435 454 387
f 454 550 522
f 550 600 522
f 600 656 601
f 656 676 601
f 676 726 677
f 726 727 677
f 727 743 744
f 744 801 802
f 801 853 854
f 853 939 854
f 939 1036 1021
f 1036 1100 1102
f 1100 1151 1154
f 1151 1149 1150
f 1149 1145 1162
f 1162 1160 1161
f 1160 1188 1161
f 1188 1255 1221
f 1255 1305 1306
f 1305 1304 1352
f 1304 1435 1352
f 1435 1614 1522
f 1614 1735 1851
f 1735 1850 1851
f 1850 1700 1849
f 1849 1890 2033
f 2033 2179 2210
f 2179 2457 2458
f 2457 2656 2680
f 2656 2774 2680
f 2774 2773 2893
f 2893 2980 3021
f 2980 3115 3073
f 3115 3193 3177
f 3193 3175 3352
f 3352 3545 3353
f 3545 3719 3613
f 3719 3871 3935
f 3871 4174 3935
f 4174 4269 4462
f 4269 4461 4462
f 4260 4226 4288
f 4226 4131 4227
f 4131 4073 4165
f 4073 3989 4074
f 3989 3923 3990
f 3923 3924 3990
f 3924 3951 4027
f 3951 3890 3949
f 3890 3948 3949
f 3948 3858 3947
f 3947 3946 4020
f 3946 3980 4062
f 3980 3978 4123
f 4123 4223 4257
f 4257 4347 4380
f 4347 4414 4416
f 4414 4447 4416
f 4447 4446 4486
f 4486 4448 4487
f 4448 4451 4487
f 4451 4418 4453
f 4418 4384 4453
f 4384 4350 4288
f 4462 4677 4532
f 4677 4716 4532
f 4716 4811 4694
f 4811 4860 4761
f 4860 4922 4861
f 4922 4993 4923
f 4993 5012 4969
f 5012 5059 5085
f 5085 5114 5164
f 5164 5191 5207
f 5191 5283 5238
f 5283 5354 5319
f 5354 5335 5394
f 5394 5396 5453
f 5396 5440 5468
f 5440 5397 5470
f 5470 5414 5471
f 5471 5415 5472
f 5415 5458 5472
f 5458 5401 5430
f 5401 5370 5402
f 5370 5342 5371
f 5371 5329 5345
f 5345 5306 5290
f 5290 5228 5267
f 5228 5170 5212
f 5170 5143 5212
f 5143 5092 5120
f 5092 5063 5065
f 5065 5043 5018
f 5043 4975 4976
f 4975 4906 4930
f 4906 4813 4846
f 4813 4797 4718
f 4797 4740 4718
f 4740 4679 4664
f 4679 4582 4664
f 5183 5182 5179
f 4582 4432 4436
f 4436 4303 4239
f 4303 4145 4239
f 4145 4008 4083
f 4008 3910 4083
f 3910 3745 3776
f 3745 3617 3776
f 3617 3548 3418
f 3418 3357 3214
f 3214 3118 3182
f 3118 2949 3051
f 2949 2816 2819
f 2816 2661 2819
f 2661 2658 2378
f 2658 2377 2378
f 2377 2111 2378
f 2378 2072 2212
f 2072 1895 2212
f 1895 1703 1896
f 1703 1527 1617
f 1527 1355 1617
f 1355 1195 1393
f 1195 1193 1103
f 1103 1037 1038
f 1037 963 1038
f 963 876 964
f 876 904 852
f 852 875 821
f 875 799 821
f 799 842 758
f 758 742 657
f 742 655 580
f 655 551 476
f 551 654 578
f 578 653 576
f 576 628 548
f 548 575 498
f 575 497 498
f 497 545 465
f 545 517 465
f 517 464 465
f 464 399 426
f 399 397 362
f 397 340 362
f 340 361 319
f 361 338 319
f 338 337 307
f 307 291 266
f 266 265 227
f 265 243 218
f 243 197 218
f 197 182 183
f 182 169 150
f 169 153 140
f 153 170 155
f 170 172 155
f 172 173 142
f 173 187 144
f 187 207 156
f 207 224 188
f 224 233 209
f 233 250 209
f 250 285 261
f 285 286 261
f 286 299 263
f 299 335 300
f 335 354 300
f 354 370 387
f 387 454 414
f 454 522 475
f 522 600 552
f 600 601 552
f 601 676 631
f 676 677 631
f 677 727 632
f 727 744 700
f 744 802 745
f 802 801 854
f 854 939 940
f 939 1021 940
f 1021 1036 1102
f 1102 1100 1155
f 1100 1154 1155
f 1154 1151 1152
f 1151 1150 1152
f 1150 1149 1127
f 1149 1162 1148
f 1162 1161 1148
f 1161 1188 1159
f 1188 1221 1159
f 1221 1255 1306
f 1306 1305 1352
f 1352 1435 1522
f 1522 1614 1736
f 1614 1851 1736
f 1851 1850 2008
f 1850 1849 2008
f 1849 2033 2008
f 2033 2210 2008
f 2210 2179 2458
f 2458 2457 2629
f 2457 2680 2629
f 2680 2774 2792
f 2774 2893 2916
f 2893 3021 2916
f 3021 2980 3073
f 3073 3115 3177
f 3177 3193 3353
f 3193 3352 3353
f 3353 3545 3613
f 3613 3719 3802
f 3719 3935 3802
f 3935 4174 4143
f 4174 4462 4323
f 4288 4226 4227
f 4227 4131 4165
f 4165 4073 4074
f 4074 3989 3990
f 3990 3924 4029
f 3924 4027 4029
f 4027 3951 4069
f 3951 3949 4069
f 3949 3948 4025
f 3948 3947 4064
f 3947 4020 4064
f 4020 3946 4062
f 4062 3980 4123
f 4123 4257 4160
f 4257 4380 4314
f 4380 4347 4416
f 4416 4447 4449
f 4447 4486 4449
f 4486 4487 4449
f 4487 4451 4453
f 4453 4384 4385
f 4384 4288 4317
f 4462 4532 4323
f 4532 4716 4580
f 4716 4694 4580
f 4694 4811 4738
f 4811 4761 4738
f 4761 4860 4861
f 4861 4922 4923
f 4923 4993 4969
f 4969 5012 5013
f 5012 5085 5060
f 5085 5164 5115
f 5164 5207 5192
f 5207 5191 5238
f 5238 5283 5319
f 5319 5354 5382
f 5354 5394 5382
f 5394 5453 5424
f 5453 5396 5468
f 5468 5440 5486
f 5440 5470 5486
f 5470 5471 5488
f 5471 5472 5488
f 5472 5458 5491
f 5458 5430 5473
f 5430 5401 5402
f 5402 5370 5371
f 5371 5345 5385
f 5345 5290 5330
f 5290 5267 5330
f 5267 5228 5212
f 5212 5143 5197
f 5143 5120 5172
f 5120 5092 5065
f 5065 5018 5066
f 5018 5043 4976
f 4976 4975 4930
f 4930 4906 4846
f 4846 4813 4764
f 4813 4718 4764
f 4718 4740 4664
f 4664 4582 4584
f 4582 4436 4584
f 4436 4239 4365
f 4239 4145 4083
f 4083 3910 3940
f 3910 3776 3940
f 3776 3617 3631
f 3617 3418 3423
f 3418 3214 3423
f 3214 3182 3263
f 3182 3118 3051
f 3051 2949 2909
f 2949 2819 2909
f 2819 2661 2723
f 2661 2378 2552
f 2378 2212 2552
f 2212 1895 2180
f 1895 1896 2180
f 1896 1703 1968
f 1703 1617 1819
f 1617 1355 1393
f 1393 1195 1227
f 1195 1103 1131
f 1103 1038 1039
f 1038 963 964
f 964 876 877
f 876 852 822
f 852 821 800
f 821 799 759
f 799 758 701
f 758 657 701
f 657 742 580
f 580 655 476
f 476 551 413
f 551 578 453
f 578 576 499
f 576 548 499
f 548 498 471
f 498 497 450
f 497 465 447
f 465 464 426
f 426 399 364
f 399 362 364
f 362 340 333
f 340 319 309
f 319 338 307
f 307 266 256
f 266 227 256
f 227 265 218
f 218 197 183
f 183 182 152
f 182 150 152
f 150 169 129
f 169 140 129
f 140 153 130
f 153 155 130
f 155 172 142
f 142 173 144
f 144 187 156
f 156 207 157
f 207 188 157
f 188 224 209
f 209 250 210
f 250 261 234
f 261 286 263
f 263 299 275
f 299 300 275
f 300 354 313
f 354 387 355
f 387 414 355
f 414 454 475
f 475 522 552
f 552 601 553
f 601 631 553
f 631 677 602
f 677 632 602
f 632 727 700
f 700 744 728
f 744 745 728
f 745 802 824
f 802 854 855
f 854 940 855
f 940 1021 1022
f 1021 1102 1080
f 1102 1155 1167
f 1155 1154 1192
f 1154 1152 1165
f 1152 1150 1127
f 1127 1149 1148
f 1148 1161 1125
f 1161 1159 1147
f 1159 1221 1189
f 1221 1306 1256
f 1306 1352 1390
f 1352 1522 1390
f 1522 1736 1577
f 1736 1851 1892
f 1851 2008 2009
f 2008 2210 2211
f 2210 2458 2459
f 2458 2629 2703
f 2629 2680 2753
f 2680 2792 2753
f 2792 2774 2916
f 2916 3021 3022
f 3021 3073 3151
f 3073 3177 3151
f 3177 3353 3287
f 3353 3613 3480
f 3613 3802 3772
f 3802 3935 4081
f 3935 4143 4081
f 4143 4174 4323
f 4288 4227 4262
f 4227 4165 4262
f 4165 4074 4132
f 4074 3990 4029
f 4029 4027 4097
f 4027 4069 4097
f 4069 3949 4025
f 4025 3948 4064
f 4064 4020 4128
f 4020 4062 4128
f 4062 4123 4160
f 4160 4257 4314
f 4314 4380 4450
f 4380 4416 4450
f 4416 4449 4450
f 4449 4487 4488
f 4487 4453 4488
f 4453 4385 4454
f 4385 4384 4317
f 4317 4288 4262
f 4323 4532 4297
f 4532 4580 4297
f 4580 4694 4560
f 4694 4738 4560
f 4738 4761 4645
f 4761 4861 4792
f 4861 4923 4899
f 4923 4969 4946
f 4969 5013 4970
f 5013 5012 5060
f 5060 5085 5115
f 5115 5164 5192
f 5192 5207 5239
f 5207 5238 5279
f 5238 5319 5279
f 5319 5382 5316
f 5382 5394 5424
f 5424 5453 5484
f 5453 5468 5505
f 5468 5486 5506
f 5486 5470 5508
f 5470 5488 5508
f 5488 5472 5489
f 5472 5491 5489
f 5491 5458 5492
f 5458 5473 5492
f 5473 5430 5442
f 5430 5402 5418
f 5402 5371 5418
f 5371 5385 5418
f 5385 5345 5373
f 5345 5330 5373
f 5330 5267 5308
f 5267 5212 5269
f 5212 5197 5229
f 5197 5143 5172
f 5172 5120 5144
f 5120 5065 5121
f 5065 5066 5094
f 5066 5018 5044
f 5018 4976 4977
f 4976 4930 4931
f 4930 4846 4814
f 4846 4764 4814
f 4764 4718 4646
f 4718 4664 4584
f 4584 4436 4365
f 4365 4239 4182
f 4239 4083 4050
f 4083 3940 4050
f 3940 3776 3777
f 3776 3631 3777
f 3631 3617 3423
f 3423 3214 3263
f 3263 3182 3393
f 3182 3051 3089
f 3051 2909 2989
f 2909 2819 2723
f 2723 2661 2552
f 2552 2212 2471
f 2212 2180 2471
f 2180 1896 1968
f 1968 1703 1819
f 1819 1617 1821
f 1617 1393 1529
f 1393 1227 1357
f 1227 1195 1131
f 1131 1103 1039
f 1039 1038 964
f 964 877 941
f 877 876 822
f 822 852 800
f 800 821 759
f 759 799 701
f 701 657 524
f 657 580 478
f 580 476 478
f 476 413 388
f 413 551 453
f 453 578 499
f 499 548 471
f 471 498 408
f 498 450 408
f 450 497 447
f 447 465 426
f 426 364 381
f 364 362 343
f 362 333 343
f 333 340 309
f 309 319 280
f 319 307 280
f 307 256 280
f 256 227 199
f 227 218 196
f 218 183 196
f 183 152 151
f 152 150 128
f 150 129 128
f 129 140 109
f 140 130 109
f 130 155 142
f 142 144 113
f 144 156 132
f 156 157 145
f 157 188 158
f 188 209 158
f 209 210 190
f 210 250 234
f 234 261 225
f 261 263 235
f 263 275 251
f 275 300 276
f 300 313 276
f 313 354 355
f 355 414 371
f 414 475 415
f 475 552 477
f 552 553 477
f 553 631 602
f 602 632 523
f 632 700 603
f 700 728 678
f 728 745 702
f 745 824 762
f 824 802 855
f 855 940 905
f 940 1022 981
f 1022 1021 1080
f 1080 1102 1167
f 1167 1155 1194
f 1155 1192 1194
f 1192 1154 1165
f 1165 1152 1129
f 1152 1127 1129
f 1127 1148 1125
f 1125 1161 1147
f 1147 1159 1146
f 1159 1189 1146
f 1189 1221 1256
f 1256 1306 1307
f 1306 1390 1307
f 1390 1522 1577
f 1577 1736 1776
f 1736 1892 1776
f 1892 1851 2009
f 2009 2008 2107
f 2008 2211 2107
f 2211 2210 2459
f 2459 2458 2703
f 2703 2629 2753
f 2753 2792 2895
f 2792 2916 2895
f 2916 3022 2895
f 3022 3021 3130
f 3021 3151 3130
f 3151 3177 3287
f 3287 3353 3480
f 3480 3613 3615
f 3613 3772 3615
f 3772 3802 3936
f 3802 4081 3936
f 4081 4143 4297
f 4143 4323 4297
f 4262 4165 4197
f 4165 4132 4197
f 4132 4074 4029
f 4029 4097 4132
f 4097 4069 4164
f 4069 4025 4096
f 4025 4064 4096
f 4064 4128 4162
f 4128 4062 4160
f 4160 4314 4225
f 4314 4450 4382
f 4450 4449 4452
f 4449 4488 4452
f 4488 4453 4454
f 4454 4385 4386
f 4385 4317 4351
f 4317 4262 4351
f 4297 4580 4428
f 4580 4560 4428
f 4560 4738 4645
f 4645 4761 4614
f 4761 4792 4696
f 4792 4861 4863
f 4861 4899 4863
f 4899 4923 4946
f 4946 4969 4970
f 4970 5013 4994
f 5013 5060 5086
f 5060 5115 5086
f 5115 5192 5193
f 5192 5239 5193
f 5239 5207 5279
f 5279 5319 5316
f 5316 5382 5353
f 5382 5424 5393
f 5424 5484 5483
f 5484 5453 5503
f 5453 5505 5503
f 5505 5468 5506
f 5506 5486 5543
f 5486 5508 5543
f 5508 5488 5545
f 5488 5489 5525
f 5489 5491 5547
f 5491 5492 5548
f 5492 5473 5527
f 5473 5442 5494
f 5442 5430 5418
f 5418 5385 5403
f 5385 5373 5403
f 5373 5330 5374
f 5330 5308 5360
f 5308 5267 5269
f 5269 5212 5229
f 5229 5197 5230
f 5197 5172 5213
f 5172 5144 5198
f 5144 5120 5121
f 5121 5065 5094
f 5094 5066 5122
f 5066 5044 5095
f 5044 5018 5019
f 5018 4977 5019
f 4977 4976 4931
f 4931 4930 4814
f 4814 4764 4720
f 4764 4646 4720
f 4646 4718 4584
f 4584 4365 4506
f 4365 4182 4183
f 4182 4239 4050
f 4050 3940 3912
f 3940 3777 3912
f 3777 3631 3727
f 3631 3423 3393
f 3423 3263 3393
f 3393 3182 3264
f 3182 3089 3165
f 3089 3051 2989
f 2989 2909 2911
f 2909 2723 2759
f 2723 2552 2666
f 2552 2471 2666
f 2471 2180 2252
f 2180 1968 2252
f 1968 1819 2036
f 1819 1821 1971
f 1821 1617 1656
f 1617 1529 1656
f 1529 1393 1357
f 1357 1227 1197
f 1227 1131 1197
f 1131 1039 1040
f 1039 964 941
f 941 877 856
f 877 822 823
f 822 800 760
f 800 759 760
f 759 701 659
f 701 524 604
f 524 657 478
f 478 476 388
f 388 413 315
f 413 453 353
f 453 499 411
f 499 471 411
f 471 408 411
f 408 450 404
f 450 447 404
f 447 426 381
f 381 364 345
f 364 343 345
f 343 333 320
f 333 309 293
f 309 280 270
f 280 256 230
f 256 199 230
f 199 227 196
f 196 183 151
f 151 152 127
f 152 128 127
f 128 129 98
f 129 109 83
f 109 130 99
f 130 142 112
f 142 113 112
f 113 144 132
f 132 156 145
f 145 157 158
f 158 209 160
f 209 190 160
f 190 210 191
f 210 234 191
f 234 225 191
f 225 261 235
f 235 263 251
f 251 275 276
f 276 313 277
f 313 355 314
f 355 371 356
f 371 414 415
f 415 475 477
f 477 553 455
f 553 602 523
f 523 632 525
f 632 603 525
f 603 700 678
f 678 728 658
f 728 702 658
f 702 745 729
f 745 762 729
f 762 824 827
f 824 855 905
f 905 940 981
f 981 1022 1057
f 1022 1080 1057
f 1080 1167 1132
f 1167 1194 1225
f 1194 1192 1225
f 1192 1165 1224
f 1165 1129 1166
f 1129 1127 1098
f 1127 1125 1097
f 1125 1147 1097
f 1147 1146 1097
f 1146 1189 1190
f 1189 1256 1190
f 1256 1307 1308
f 1307 1390 1436
f 1390 1577 1436
f 1577 1776 1615
f 1776 1892 1894
f 1892 2009 1894
f 2009 2107 2034
f 2107 2211 2272
f 2211 2459 2504
f 2459 2703 2681
f 2703 2753 2793
f 2753 2895 2793
f 2895 3022 3023
f 3022 3130 3085
f 3130 3151 3231
f 3151 3287 3231
f 3287 3480 3417
f 3480 3615 3417
f 3615 3772 3742
f 3772 3936 3908
f 3936 4081 4176
f 4081 4297 4176
f 4262 4197 4289
f 4197 4132 4097
f 4097 4164 4197
f 4164 4069 4096
f 4096 4064 4162
f 4162 4128 4225
f 4128 4160 4225
f 4225 4314 4285
f 4314 4382 4285
f 4382 4450 4452
f 4452 4488 4454
f 4454 4386 4383
f 4386 4385 4351
f 4351 4262 4289
f 4297 4428 4176
f 4428 4560 4298
f 4560 4645 4397
f 4645 4614 4397
f 4614 4761 4696
f 4696 4792 4739
f 4792 4863 4793
f 4863 4899 4900
f 4899 4946 4947
f 4946 4970 4947
f 4970 4994 4947
f 4994 5013 5087
f 5013 5086 5087
f 5086 5115 5193
f 5193 5239 5224
f 5239 5279 5316
f 5316 5353 5317
f 5353 5382 5393
f 5393 5424 5425
f 5424 5483 5466
f 5483 5484 5523
f 5484 5503 5538
f 5503 5505 5540
f 5505 5506 5540
f 5506 5543 5540
f 5543 5508 5566
f 5508 5545 5566
f 5545 5488 5525
f 5525 5489 5546
f 5489 5547 5546
f 5547 5491 5548
f 5548 5492 5527
f 5527 5473 5494
f 5494 5442 5474
f 5442 5418 5444
f 5418 5403 5444
f 5403 5373 5404
f 5373 5374 5404
f 5374 5330 5360
f 5360 5308 5331
f 5308 5269 5291
f 5269 5229 5291
f 5229 5230 5270
f 5230 5197 5213
f 5213 5172 5198
f 5198 5144 5200
f 5144 5121 5200
f 5121 5094 5145
f 5094 5122 5145
f 5122 5066 5095
f 5095 5044 5068
f 5044 5019 5068
f 5019 4977 5022
f 4977 4931 4933
f 4931 4814 4866
f 4814 4720 4741
f 4720 4646 4647
f 4646 4584 4506
f 4506 4365 4366
f 4365 4183 4366
f 4183 4182 4051
f 4182 4050 4051
f 4050 3912 4051
f 3912 3777 3727
f 3727 3631 3532
f 3631 3393 3532
f 3393 3264 3395
f 3264 3182 3165
f 3165 3089 3090
f 3089 2989 3090
f 2989 2911 3010
f 2911 2909 2759
f 2759 2723 2666
f 2666 2471 2556
f 2471 2252 2556
f 2252 1968 2036
f 2036 1819 1971
f 1971 1821 1897
f 1821 1656 1738
f 1656 1529 1580
f 1529 1357 1486
f 1357 1197 1358
f 1197 1131 1105
f 1131 1040 1105
f 1040 1039 965
f 1039 941 965
f 941 856 906
f 856 877 823
f 823 822 761
f 822 760 761
f 760 759 659
f 659 701 604
f 604 524 417
f 524 478 373
f 478 388 373
f 388 315 373
f 315 413 301
f 413 353 301
f 353 453 411
f 411 408 350
f 408 404 365
f 404 447 381
f 381 345 365
f 345 343 320
f 320 333 293
f 293 309 271
f 309 270 271
f 270 280 230
f 230 199 201
f 199 196 154
f 196 151 154
f 151 127 110
f 127 128 97
f 128 98 97
f 98 129 83
f 83 109 85
f 109 99 85
f 99 130 112
f 112 113 86
f 113 132 100
f 132 145 102
f 145 158 116
f 158 160 134
f 160 190 161
f 190 191 161
f 191 225 192
f 225 235 192
f 235 251 212
f 251 276 236
f 276 277 236
f 277 313 314
f 314 355 356
f 356 371 357
f 371 415 372
f 415 477 416
f 477 455 416
f 455 553 523
f 523 525 436
f 525 603 526
f 603 678 605
f 678 658 605
f 658 702 660
f 702 729 679
f 729 762 764
f 762 827 764
f 827 824 857
f 824 905 857
f 905 981 982
f 981 1057 1041
f 1057 1080 1132
f 1132 1167 1226
f 1167 1225 1226
f 1225 1192 1224
f 1224 1165 1166
f 1166 1129 1130
f 1129 1098 1130
f 1098 1127 1097
f 1097 1146 1126
f 1146 1190 1126
f 1190 1256 1308
f 1308 1307 1436
f 1436 1577 1615
f 1615 1776 1777
f 1776 1894 1923
f 1894 2009 2034
f 2034 2107 2247
f 2107 2272 2247
f 2272 2211 2504
f 2504 2459 2681
f 2681 2703 2777
f 2703 2793 2777
f 2793 2895 2939
f 2895 3023 2939
f 3023 3022 3085
f 3085 3130 3161
f 3130 3231 3161
f 3231 3287 3417
f 3417 3615 3581
f 3615 3742 3581
f 3742 3772 3908
f 3908 3936 4176
f 4289 4197 4261
f 4197 4164 4261
f 4164 4096 4196
f 4096 4162 4196
f 4162 4225 4285
f 4285 4382 4383
f 4382 4452 4383
f 4452 4454 4383
f 4383 4386 4316
f 4386 4351 4316
f 4351 4289 4316
f 4176 4428 4298
f 4298 4560 4397
f 4397 4614 4430
f 4614 4696 4616
f 4696 4739 4616
f 4739 4792 4793
f 4793 4863 4836
f 4863 4900 4864
f 4900 4899 4947
f 4947 4994 4971
f 4994 5087 5040
f 5087 5086 5166
f 5086 5193 5166
f 5193 5224 5166
f 5224 5239 5280
f 5239 5316 5317
f 5317 5353 5381
f 5353 5393 5381
f 5393 5425 5426
f 5425 5424 5466
f 5466 5483 5501
f 5483 5523 5501
f 5523 5484 5538
f 5538 5503 5565
f 5503 5540 5565
f 5540 5543 5583
f 5543 5566 5585
f 5566 5545 5588
f 5545 5525 5588
f 5525 5546 5588
f 5546 5547 5589
f 5547 5548 5591
f 5548 5527 5593
f 5527 5494 5529
f 5494 5474 5510
f 5474 5442 5444
f 5444 5403 5431
f 5403 5404 5431
f 5404 5374 5387
f 5374 5360 5387
f 5360 5331 5387
f 5331 5308 5291
f 5291 5229 5270
f 5270 5230 5271
f 5230 5213 5271
f 5213 5198 5231
f 5198 5200 5231
f 5200 5121 5145
f 5145 5122 5201
f 5122 5095 5146
f 5095 5068 5123
f 5068 5019 5045
f 5019 5022 5045
f 5022 4977 4979
f 4977 4933 4979
f 4933 4931 4866
f 4866 4814 4785
f 4814 4741 4785
f 4741 4720 4666
f 4720 4647 4666
f 4647 4646 4534
f 4646 4506 4534
f 4506 4366 4534
f 4366 4183 4241
f 4183 4051 4053
f 4051 3912 3914
f 3912 3727 3914
f 3727 3532 3632
f 3532 3393 3395
f 3395 3264 3365
f 3264 3165 3200
f 3165 3090 3200
f 3090 2989 3010
f 3010 2911 2823
f 2911 2759 2823
f 2759 2666 2556
f 2556 2252 2289
f 2252 2036 2114
f 2036 1971 2114
f 1971 1897 1973
f 1897 1821 1738
f 1738 1656 1619
f 1656 1580 1619
f 1580 1529 1486
f 1486 1357 1394
f 1357 1358 1394
f 1358 1197 1228
f 1197 1105 1228
f 1105 1040 1058
f 1040 965 998
f 965 941 906
f 906 856 825
f 856 823 803
f 823 761 803
f 761 760 703
f 760 659 703
f 659 604 500
f 604 417 500
f 417 524 375
f 524 373 375
f 373 315 303
f 315 301 237
f 301 353 287
f 353 411 350
f 350 408 349
f 408 365 349
f 365 404 381
f 365 345 324
f 345 320 311
f 320 293 281
f 293 271 281
f 271 270 257
f 270 230 221
f 230 201 221
f 201 199 171
f 199 154 141
f 154 151 110
f 110 127 84
f 127 97 84
f 97 98 67
f 98 83 67
f 83 85 51
f 85 99 54
f 99 112 86
f 86 113 100
f 100 132 102
f 102 145 116
f 116 158 134
f 134 160 135
f 160 161 135
f 161 191 163
f 191 192 163
f 192 235 212
f 212 251 236
f 236 277 238
f 277 314 302
f 314 356 329
f 356 357 329
f 357 371 372
f 372 415 416
f 416 455 389
f 455 523 436
f 436 525 437
f 525 526 437
f 526 603 554
f 603 605 554
f 605 658 555
f 658 660 608
f 660 702 679
f 679 729 705
f 729 764 705
f 764 827 826
f 827 857 907
f 857 905 925
f 905 982 925
f 982 981 1041
f 1041 1057 1104
f 1057 1132 1104
f 1132 1226 1196
f 1226 1225 1282
f 1225 1224 1258
f 1224 1166 1223
f 1166 1130 1223
f 1130 1098 1099
f 1098 1097 1099
f 1097 1126 1099
f 1126 1190 1163
f 1190 1308 1309
f 1308 1436 1523
f 1436 1615 1523
f 1615 1777 1523
f 1777 1776 1923
f 1923 1894 2034
f 2034 2247 2142
f 2247 2272 2460
f 2272 2504 2460
f 2504 2681 2630
f 2681 2777 2734
f 2777 2793 2847
f 2793 2939 2847
f 2939 3023 3044
f 3023 3085 3116
f 3085 3161 3116
f 3161 3231 3321
f 3231 3417 3321
f 3417 3581 3321
f 3581 3742 3743
f 3742 3908 3873
f 3908 4176 4106
f 4289 4261 4316
f 4261 4164 4196
f 4196 4162 4285
f 4285 4383 4287
f 4383 4316 4287
f 4176 4298 4106
f 4298 4397 4144
f 4397 4430 4212
f 4430 4614 4464
f 4614 4616 4464
f 4616 4739 4617
f 4739 4793 4782
f 4793 4836 4794
f 4836 4863 4864
f 4864 4900 4901
f 4900 4947 4948
f 4947 4971 4948
f 4971 4994 5040
f 5040 5087 5117
f 5087 5166 5167
f 5166 5224 5263
f 5224 5280 5263
f 5280 5239 5317
f 5317 5381 5366
f 5381 5393 5426
f 5426 5425 5451
f 5425 5466 5451
f 5466 5501 5481
f 5501 5523 5536
f 5523 5538 5563
f 5538 5565 5581
f 5565 5540 5583
f 5583 5543 5585
f 5585 5566 5586
f 5566 5588 5586
f 5588 5546 5589
f 5589 5547 5591
f 5591 5548 5593
f 5593 5527 5594
f 5527 5529 5594
f 5529 5494 5510
f 5510 5474 5511
f 5474 5444 5475
f 5444 5431 5460
f 5431 5404 5421
f 5404 5387 5421
f 5387 5331 5376
f 5331 5291 5332
f 5291 5270 5332
f 5270 5271 5292
f 5271 5213 5231
f 5231 5200 5246
f 5200 5145 5246
f 5145 5201 5246
f 5201 5122 5146
f 5146 5095 5123
f 5123 5068 5097
f 5068 5045 5097
f 5045 5022 5021
f 5022 4979 5004
f 4979 4933 4934
f 4933 4866 4867
f 4866 4785 4816
f 4785 4741 4721
f 4741 4666 4721
f 4666 4647 4585
f 4647 4534 4585
f 4534 4366 4368
f 4366 4241 4368
f 4241 4183 4053
f 4053 4051 3914
f 3914 3727 3804
f 3727 3632 3804
f 3632 3532 3365
f 3532 3395 3365
f 3365 3264 3200
f 3200 3090 3103
f 3090 3010 3103
f 3010 2823 2858
f 2823 2759 2685
f 2759 2556 2685
f 2556 2289 2512
f 2289 2252 2114
f 2114 1971 2074
f 1971 1973 2074
f 1973 1897 1822
f 1897 1738 1822
f 1738 1619 1621
f 1619 1580 1487
f 1580 1486 1487
f 1486 1394 1439
f 1394 1358 1359
f 1358 1228 1314
f 1228 1105 1156
f 1105 1058 1156
f 1058 1040 998
f 998 965 942
f 965 906 942
f 906 825 858
f 825 856 803
f 803 761 730
f 761 703 704
f 703 659 556
f 659 500 556
f 500 417 390
f 417 375 316
f 375 373 303
f 303 315 239
f 315 237 239
f 237 301 226
f 301 287 226
f 287 353 350
f 350 349 298
f 349 365 324
f 324 345 311
f 311 320 281
f 281 271 244
f 271 257 244
f 257 270 221
f 221 201 186
f 201 171 186
f 171 199 141
f 141 154 111
f 154 110 111
f 110 84 69
f 84 97 68
f 97 67 68
f 67 83 51
f 51 85 53
f 85 54 53
f 54 99 86
f 86 100 71
f 100 102 88
f 102 116 89
f 116 134 118
f 134 135 118
f 135 161 136
f 161 163 136
f 163 192 177
f 192 212 177
f 212 236 213
f 236 238 213
f 238 277 264
f 277 302 264
f 302 314 329
f 329 357 330
f 357 372 330
f 372 416 389
f 389 455 436
f 436 437 374
f 437 526 456
f 526 554 456
f 554 605 555
f 555 658 608
f 608 660 607
f 660 679 661
f 679 705 661
f 705 764 763
f 764 826 763
f 826 827 878
f 827 907 878
f 907 857 925
f 925 982 966
f 982 1041 1023
f 1041 1104 1106
f 1104 1132 1196
f 1196 1226 1283
f 1226 1282 1312
f 1282 1225 1258
f 1258 1224 1223
f 1223 1130 1164
f 1130 1099 1128
f 1099 1126 1128
f 1126 1163 1128
f 1163 1190 1309
f 1309 1308 1483
f 1308 1523 1483
f 1523 1777 1818
f 1777 1923 1924
f 1923 2034 2142
f 2142 2247 2505
f 2247 2460 2505
f 2460 2504 2630
f 2630 2681 2734
f 2734 2777 2848
f 2777 2847 2848
f 2847 2939 2940
f 2939 3044 3024
f 3044 3023 3116
f 3116 3161 3211
f 3161 3321 3211
f 3321 3581 3354
f 3581 3743 3652
f 3743 3742 3873
f 3873 3908 4106
f 4316 4261 4287
f 4261 4196 4287
f 4196 4285 4287
f 4106 4298 4144
f 4144 4397 4212
f 4212 4430 4213
f 4430 4464 4213
f 4464 4616 4502
f 4616 4617 4502
f 4617 4739 4697
f 4739 4782 4697
f 4782 4793 4794
f 4794 4836 4839
f 4836 4864 4837
f 4864 4901 4881
f 4901 4900 4948
f 4948 4971 4995
f 4971 5040 4995
f 5040 5117 5061
f 5117 5087 5167
f 5167 5166 5208
f 5166 5263 5208
f 5263 5280 5336
f 5280 5317 5366
f 5366 5381 5412
f 5381 5426 5412
f 5426 5451 5452
f 5451 5466 5481
f 5481 5501 5537
f 5501 5536 5537
f 5536 5523 5563
f 5563 5538 5581
f 5581 5565 5607
f 5565 5583 5607
f 5583 5585 5629
f 5585 5586 5609
f 5586 5588 5631
f 5588 5589 5633
f 5589 5591 5634
f 5591 5593 5635
f 5593 5594 5637
f 5594 5529 5571
f 5529 5510 5571
f 5510 5511 5571
f 5511 5474 5475
f 5475 5444 5460
f 5460 5431 5462
f 5431 5421 5462
f 5421 5387 5406
f 5387 5376 5406
f 5376 5331 5332
f 5332 5270 5292
f 5292 5271 5311
f 5271 5231 5294
f 5231 5246 5294
f 5246 5201 5273
f 5201 5146 5174
f 5146 5123 5174
f 5123 5097 5174
f 5097 5045 5069
f 5045 5021 5069
f 5021 5022 5004
f 5004 4979 4934
f 4934 4933 4867
f 4867 4866 4816
f 4816 4785 4721
f 4721 4666 4621
f 4666 4585 4621
f 4585 4534 4467
f 4534 4368 4467
f 4368 4241 4274
f 4241 4053 4111
f 4053 3914 3804
f 3804 3632 3671
f 3632 3365 3491
f 3365 3200 3297
f 3200 3103 3166
f 3103 3010 3079
f 3010 2858 2969
f 2858 2823 2727
f 2823 2685 2727
f 2685 2556 2512
f 2512 2289 2430
f 2289 2114 2182
f 2114 2074 2182
f 2074 1973 2037
f 1973 1822 1925
f 1822 1738 1621
f 1621 1619 1487
f 1487 1486 1439
f 1439 1394 1397
f 1394 1359 1397
f 1359 1358 1314
f 1314 1228 1315
f 1228 1156 1229
f 1156 1058 1107
f 1058 998 999
f 998 942 999
f 942 906 858
f 858 825 826
f 825 803 763
f 803 730 763
f 730 761 704
f 704 703 633
f 703 556 633
f 556 500 438
f 500 390 438
f 390 417 316
f 316 375 289
f 375 303 289
f 303 239 289
f 239 237 179
f 237 226 178
f 226 287 262
f 287 350 298
f 298 349 324
f 324 311 284
f 311 281 284
f 281 244 248
f 244 257 221
f 221 186 174
f 186 171 143
f 171 141 131
f 141 111 131
f 111 110 69
f 69 84 52
f 84 68 52
f 68 67 39
f 67 51 39
f 51 53 41
f 53 54 43
f 54 86 55
f 86 71 55
f 71 100 88
f 88 102 89
f 89 116 118
f 118 135 104
f 135 136 104
f 136 163 137
f 163 177 164
f 177 212 213
f 213 238 193
f 238 264 214
f 264 302 330
f 302 329 330
f 330 372 389
f 389 436 358
f 436 374 358
f 374 437 359
f 437 456 359
f 456 554 479
f 554 555 479
f 555 608 557
f 608 607 557
f 607 660 661
f 661 705 680
f 705 763 730
f 763 826 825
f 826 878 879
f 878 907 943
f 907 925 943
f 925 966 943
f 966 982 1023
f 1023 1041 1106
f 1106 1104 1198
f 1104 1196 1198
f 1196 1283 1313
f 1283 1226 1312
f 1312 1282 1356
f 1282 1258 1281
f 1258 1223 1281
f 1223 1164 1257
f 1164 1130 1128
f 1128 1163 1222
f 1163 1309 1280
f 1309 1483 1524
f 1483 1523 1818
f 1818 1777 1924
f 1924 1923 2108
f 1923 2142 2108
f 2142 2505 2322
f 2505 2460 2630
f 2630 2734 2754
f 2734 2848 2754
f 2848 2847 2940
f 2940 2939 3024
f 3024 3044 3100
f 3044 3116 3131
f 3116 3211 3212
f 3211 3321 3354
f 3354 3581 3520
f 3581 3652 3520
f 3652 3743 3744
f 3743 3873 3938
f 3873 4106 3938
f 4106 4144 3938
f 4144 4212 3938
f 4212 4213 4047
f 4213 4464 4300
f 4464 4502 4431
f 4502 4617 4503
f 4617 4697 4618
f 4697 4782 4796
f 4782 4794 4812
f 4794 4839 4812
f 4839 4836 4837
f 4837 4864 4881
f 4881 4901 4949
f 4901 4948 4949
f 4948 4995 4973
f 4995 5040 5061
f 5061 5117 5139
f 5117 5167 5168
f 5167 5208 5209
f 5208 5263 5285
f 5263 5336 5322
f 5336 5280 5366
f 5366 5412 5427
f 5412 5426 5452
f 5452 5451 5482
f 5451 5481 5482
f 5481 5537 5521
f 5537 5536 5560
f 5536 5563 5579
f 5563 5581 5606
f 5581 5607 5626
f 5607 5583 5629
f 5629 5585 5609
f 5609 5586 5631
f 5631 5588 5633
f 5633 5589 5634
f 5634 5591 5635
f 5635 5593 5637
f 5637 5594 5614
f 5594 5571 5614
f 5571 5511 5550
f 5511 5475 5512
f 5475 5460 5512
f 5460 5462 5497
f 5462 5421 5434
f 5421 5406 5434
f 5406 5376 5388
f 5376 5332 5361
f 5332 5292 5311
f 5311 5271 5294
f 5294 5246 5349
f 5246 5273 5333
f 5273 5201 5248
f 5201 5174 5248
f 5174 5097 5175
f 5097 5069 5124
f 5069 5021 5046
f 5021 5004 5003
f 5004 4934 4980
f 4934 4867 4869
f 4867 4816 4869
f 4816 4721 4766
f 4721 4621 4622
f 4621 4585 4468
f 4585 4467 4468
f 4467 4368 4333
f 4368 4274 4333
f 4274 4241 4111
f 4111 4053 3880
f 4053 3804 3880
f 3804 3671 3880
f 3671 3632 3491
f 3491 3365 3297
f 3297 3200 3166
f 3166 3103 3079
f 3079 3010 2969
f 2969 2858 2877
f 2858 2727 2760
f 2727 2685 2512
f 2512 2430 2559
f 2430 2289 2340
f 2289 2182 2340
f 2182 2074 2145
f 2074 2037 2145
f 2037 1973 1925
f 1925 1822 1823
f 1822 1621 1704
f 1621 1487 1488
f 1487 1439 1488
f 1439 1397 1396
f 1397 1359 1360
f 1359 1314 1361
f 1314 1315 1362
f 1315 1228 1229
f 1229 1156 1200
f 1156 1107 1200
f 1107 1058 1059
f 1058 999 1059
f 999 942 944
f 942 858 879
f 858 826 879
f 730 704 680
f 704 633 680
f 633 556 528
f 556 438 528
f 438 390 376
f 390 316 304
f 316 289 241
f 289 239 216
f 239 179 166
f 179 237 178
f 178 226 162
f 226 262 211
f 262 287 298
f 298 324 284
f 284 281 248
f 248 244 208
f 244 221 206
f 221 174 206
f 174 186 143
f 143 171 131
f 131 111 87
f 111 69 70
f 69 52 40
f 52 68 39
f 39 51 41
f 41 53 43
f 43 54 55
f 55 71 57
f 71 88 57
f 88 89 73
f 89 118 91
f 118 104 91
f 104 136 119
f 136 137 119
f 137 163 164
f 164 177 213
f 213 193 164
f 193 238 214
f 214 264 278
f 264 330 278
f 330 389 358
f 358 374 288
f 374 359 288
f 359 456 360
f 456 479 392
f 479 555 501
f 555 557 501
f 557 607 527
f 607 661 606
f 661 680 606
f 680 705 730
f 879 878 943
f 943 966 1000
f 966 1023 1000
f 1023 1106 1069
f 1106 1198 1199
f 1198 1196 1313
f 1313 1283 1395
f 1283 1312 1395
f 1312 1356 1438
f 1356 1282 1281
f 1281 1223 1257
f 1257 1164 1222
f 1164 1128 1222
f 1222 1163 1280
f 1280 1309 1484
f 1309 1524 1484
f 1524 1483 1701
f 1483 1818 1701
f 1818 1924 2109
f 1924 2108 2109
f 2108 2142 2322
f 2322 2505 2545
f 2505 2630 2754
f 2754 2848 2896
f 2848 2940 2896
f 2940 3024 2896
f 3024 3100 3086
f 3100 3044 3131
f 3131 3116 3212
f 3212 3211 3354
f 3354 3520 3355
f 3520 3652 3521
f 3652 3744 3653
f 3744 3743 3874
f 3743 3938 3874
f 3938 4212 4047
f 4047 4213 4006
f 4213 4300 4178
f 4300 4464 4431
f 4431 4502 4503
f 4503 4617 4618
f 4618 4697 4717
f 4697 4796 4717
f 4796 4782 4812
f 4812 4839 4841
f 4839 4837 4840
f 4837 4881 4882
f 4881 4949 4903
f 4949 4948 4973
f 4973 4995 5041
f 4995 5061 5041
f 5061 5139 5041
f 5139 5117 5168
f 5168 5167 5209
f 5209 5208 5241
f 5208 5285 5241
f 5285 5263 5322
f 5322 5336 5367
f 5336 5366 5395
f 5366 5427 5395
f 5427 5412 5452
f 5452 5482 5467
f 5482 5481 5521
f 5521 5537 5561
f 5537 5560 5561
f 5560 5536 5579
f 5579 5563 5606
f 5606 5581 5626
f 5626 5607 5649
f 5607 5629 5649
f 5629 5609 5631
f 5631 5633 5651
f 5633 5634 5671
f 5634 5635 5653
f 5635 5637 5655
f 5637 5614 5655
f 5614 5571 5596
f 5571 5550 5596
f 5550 5511 5512
f 5512 5460 5497
f 5497 5462 5476
f 5462 5434 5476
f 5434 5406 5422
f 5406 5388 5422
f 5388 5376 5361
f 5361 5332 5311
f 5311 5294 5362
f 5294 5349 5363
f 5349 5246 5333
f 5333 5273 5364
f 5273 5248 5334
f 5248 5174 5215
f 5174 5175 5215
f 5175 5097 5124
f 5124 5069 5098
f 5069 5046 5098
f 5046 5021 5003
f 5003 5004 4980
f 4980 4934 4908
f 4934 4869 4908
f 4869 4816 4787
f 4816 4766 4787
f 4766 4721 4681
f 4721 4622 4681
f 4622 4621 4508
f 4621 4468 4508
f 4468 4467 4333
f 4333 4274 4243
f 4274 4111 4243
f 4111 3880 3942
f 3880 3671 3779
f 3671 3491 3557
f 3491 3297 3367
f 3297 3166 3201
f 3166 3079 3201
f 3079 2969 2970
f 2969 2877 2970
f 2877 2858 2760
f 2760 2727 2686
f 2727 2512 2559
f 2559 2430 2431
f 2430 2340 2431
f 2340 2182 2254
f 2182 2145 2254
f 2145 2037 2146
f 2037 1925 1974
f 1925 1823 1974
f 1823 1822 1704
f 1704 1621 1657
f 1621 1488 1657
f 1488 1439 1396
f 1396 1397 1360
f 1360 1359 1361
f 1361 1314 1362
f 1362 1315 1317
f 1315 1229 1284
f 1229 1200 1259
f 1200 1107 1133
f 1107 1059 1133
f 1059 999 983
f 999 944 983
f 944 942 879
f 680 633 606
f 633 528 529
f 528 438 418
f 438 376 332
f 376 390 304
f 304 316 241
f 241 289 216
f 216 239 166
f 166 179 122
f 179 178 122
f 178 162 105
f 162 226 211
f 211 262 249
f 262 298 249
f 298 284 249
f 284 248 249
f 248 208 189
f 208 244 206
f 206 174 175
f 174 143 133
f 143 131 114
f 131 87 114
f 87 111 70
f 70 69 42
f 69 40 42
f 40 52 23
f 52 39 23
f 39 41 24
f 41 43 25
f 43 55 26
f 55 57 26
f 57 88 73
f 73 89 58
f 89 91 58
f 91 104 75
f 104 119 92
f 119 137 120
f 137 164 120
f 164 193 147
f 193 214 147
f 214 278 240
f 278 330 358
f 358 288 278
f 288 359 317
f 359 360 317
f 360 456 392
f 392 479 501
f 501 557 527
f 527 607 606
f 879 943 944
f 943 1000 983
f 1000 1023 1069
f 1069 1106 1157
f 1106 1199 1157
f 1199 1198 1316
f 1198 1313 1316
f 1313 1395 1399
f 1395 1312 1438
f 1438 1356 1485
f 1356 1281 1354
f 1281 1257 1354
f 1257 1222 1311
f 1222 1280 1353
f 1280 1484 1353
f 1484 1524 1701
f 1701 1818 2010
f 1818 2109 2110
f 2109 2108 2273
f 2108 2322 2273
f 2322 2545 2546
f 2545 2505 2720
f 2505 2754 2720
f 2754 2896 2811
f 2896 3024 3025
f 3024 3086 3025
f 3086 3100 3162
f 3100 3131 3162
f 3131 3212 3162
f 3212 3354 3355
f 3355 3520 3521
f 3521 3652 3653
f 3653 3744 3720
f 3744 3874 3850
f 3874 3938 4047
f 4047 4006 3874
f 4006 4213 4178
f 4178 4300 4302
f 4300 4431 4302
f 4431 4503 4465
f 4503 4618 4504
f 4618 4717 4619
f 4717 4796 4783
f 4796 4812 4843
f 4812 4841 4842
f 4841 4839 4840
f 4840 4837 4882
f 4882 4881 4903
f 4903 4949 4950
f 4949 4973 5016
f 4973 5041 5016
f 5041 5139 5118
f 5139 5168 5225
f 5168 5209 5225
f 5209 5241 5264
f 5241 5285 5303
f 5285 5322 5356
f 5322 5367 5356
f 5367 5336 5395
f 5395 5427 5439
f 5427 5452 5467
f 5467 5482 5502
f 5482 5521 5522
f 5521 5561 5562
f 5561 5560 5605
f 5560 5579 5605
f 5579 5606 5624
f 5606 5626 5646
f 5626 5649 5646
f 5649 5629 5667
f 5629 5631 5669
f 5631 5651 5669
f 5651 5633 5671
f 5671 5634 5653
f 5653 5635 5655
f 5655 5614 5656
f 5614 5596 5638
f 5596 5550 5597
f 5550 5512 5530
f 5512 5497 5530
f 5497 5476 5513
f 5476 5434 5464
f 5434 5422 5464
f 5422 5388 5362
f 5388 5361 5362
f 5361 5311 5362
f 5362 5294 5363
f 5363 5349 5391
f 5349 5333 5364
f 5364 5273 5334
f 5334 5248 5295
f 5248 5215 5295
f 5215 5175 5251
f 5175 5124 5177
f 5124 5098 5177
f 5098 5046 5047
f 5046 5003 5024
f 5003 4980 5024
f 4980 4908 4932
f 4908 4869 4868
f 4869 4787 4817
f 4787 4766 4743
f 4766 4681 4683
f 4681 4622 4564
f 4622 4508 4537
f 4508 4468 4405
f 4468 4333 4305
f 4333 4243 4305
f 4243 4111 4084
f 4111 3942 4084
f 3942 3880 3779
f 3779 3671 3557
f 3557 3491 3367
f 3367 3297 3201
f 3201 3079 3135
f 3079 2970 3080
f 2970 2877 2839
f 2877 2760 2839
f 2760 2686 2710
f 2686 2727 2595
f 2727 2559 2595
f 2559 2431 2513
f 2431 2340 2341
f 2340 2254 2341
f 2254 2145 2146
f 2146 2037 1974
f 1974 1823 1853
f 1823 1704 1657
f 1657 1488 1581
f 1488 1396 1398
f 1396 1360 1398
f 1360 1361 1362
f 1362 1317 1360
f 1317 1315 1318
f 1315 1284 1285
f 1284 1229 1259
f 1259 1200 1260
f 1200 1133 1260
f 1133 1059 1070
f 1059 983 1000
f 983 944 943
f 606 633 529
f 529 528 418
f 418 438 332
f 332 376 304
f 304 241 254
f 241 216 194
f 216 166 148
f 166 122 95
f 122 178 105
f 105 162 103
f 162 211 159
f 211 249 189
f 249 248 189
f 189 208 176
f 208 206 175
f 175 174 133
f 133 143 114
f 114 87 72
f 87 70 56
f 70 42 56
f 42 40 9
f 40 23 9
f 23 39 24
f 24 41 25
f 25 43 26
f 26 57 45
f 57 73 45
f 73 58 45
f 58 91 75
f 75 104 76
f 104 92 76
f 92 119 120
f 120 164 147
f 147 214 165
f 214 240 165
f 240 278 288
f 288 317 252
f 317 360 305
f 360 392 305
f 392 501 391
f 501 527 457
f 527 606 529
f 1000 1069 1070
f 1069 1157 1134
f 1157 1199 1230
f 1199 1316 1230
f 1316 1313 1399
f 1399 1395 1489
f 1395 1438 1620
f 1438 1485 1618
f 1485 1356 1354
f 1354 1257 1311
f 1311 1222 1353
f 1353 1484 1525
f 1484 1701 1702
f 1701 2010 1966
f 2010 1818 2110
f 2110 2109 2376
f 2109 2273 2376
f 2273 2322 2546
f 2546 2545 2721
f 2545 2720 2721
f 2720 2754 2811
f 2811 2896 2942
f 2896 3025 2942
f 3025 3086 3117
f 3086 3162 3178
f 3162 3212 3323
f 3212 3355 3323
f 3355 3521 3323
f 3521 3653 3547
f 3653 3720 3697
f 3720 3744 3850
f 3850 3874 4006
f 4006 4178 4007
f 4178 4302 4214
f 4302 4431 4362
f 4431 4465 4362
f 4465 4503 4504
f 4504 4618 4619
f 4619 4717 4698
f 4717 4783 4698
f 4783 4796 4844
f 4796 4843 4886
f 4843 4812 4842
f 4842 4841 4904
f 4841 4840 4884
f 4840 4882 4883
f 4882 4903 4950
f 4950 4949 4996
f 4949 5016 4996
f 5016 5041 5088
f 5041 5118 5088
f 5118 5139 5194
f 5139 5225 5194
f 5225 5209 5264
f 5264 5241 5303
f 5303 5285 5356
f 5356 5367 5398
f 5367 5395 5413
f 5395 5439 5413
f 5439 5427 5467
f 5467 5502 5504
f 5502 5482 5522
f 5522 5521 5562
f 5562 5561 5605
f 5605 5579 5624
f 5624 5606 5646
f 5646 5649 5684
f 5649 5667 5689
f 5667 5629 5669
f 5669 5651 5692
f 5651 5671 5693
f 5671 5653 5697
f 5653 5655 5672
f 5655 5656 5672
f 5656 5614 5638
f 5638 5596 5597
f 5597 5550 5530
f 5530 5497 5513
f 5513 5476 5515
f 5476 5464 5515
f 5464 5422 5436
f 5422 5362 5391
f 5362 5363 5391
f 5391 5349 5423
f 5349 5364 5423
f 5364 5334 5410
f 5334 5295 5377
f 5295 5215 5251
f 5251 5175 5177
f 5177 5098 5147
f 5098 5047 5147
f 5047 5046 5024
f 5024 4980 4978
f 4980 4932 4978
f 4932 4908 4888
f 4908 4868 4888
f 4868 4869 4817
f 4817 4787 4743
f 4743 4766 4683
f 4683 4681 4564
f 4564 4622 4537
f 4537 4508 4405
f 4405 4468 4305
f 4305 4243 4185
f 4243 4084 4185
f 4084 3942 3882
f 3942 3779 3882
f 3779 3557 3698
f 3557 3367 3430
f 3367 3201 3265
f 3201 3135 3265
f 3135 3079 3080
f 3080 2970 2994
f 2970 2839 2994
f 2839 2760 2710
f 2710 2686 2597
f 2686 2595 2596
f 2595 2559 2513
f 2513 2431 2432
f 2431 2341 2432
f 2341 2254 2291
f 2254 2146 2291
f 2146 1974 2147
f 1974 1853 2147
f 1853 1823 1657
f 1657 1581 1853
f 1581 1488 1398
f 1398 1360 1317
f 1317 1318 1398
f 1318 1315 1285
f 1285 1284 1286
f 1284 1259 1286
f 1259 1260 1320
f 1260 1133 1134
f 1133 1070 1134
f 1070 1059 1000
f 529 418 457
f 418 332 336
f 332 304 290
f 304 254 290
f 254 241 194
f 194 216 148
f 148 166 95
f 95 122 77
f 122 105 77
f 105 103 62
f 103 162 159
f 159 211 189
f 189 176 159
f 176 208 175
f 175 133 146
f 133 114 101
f 114 72 101
f 72 87 56
f 56 42 27
f 42 9 27
f 9 23 10
f 23 24 10
f 24 25 11
f 25 26 12
f 26 45 28
f 45 58 31
f 58 75 60
f 75 76 61
f 76 92 61
f 92 120 121
f 120 147 121
f 147 165 138
f 165 240 180
f 240 288 252
f 252 317 253
f 317 305 253
f 305 392 331
f 392 391 331
f 391 501 457
f 457 527 529
f 1070 1069 1134
f 1134 1157 1231
f 1157 1230 1231
f 1230 1316 1401
f 1316 1399 1401
f 1399 1489 1582
f 1489 1395 1620
f 1620 1438 1618
f 1618 1485 1655
f 1485 1354 1392
f 1354 1311 1392
f 1311 1353 1437
f 1353 1525 1437
f 1525 1484 1702
f 1702 1701 1966
f 1966 2010 2143
f 2010 2110 2275
f 2110 2376 2275
f 2376 2273 2548
f 2273 2546 2548
f 2546 2721 2722
f 2721 2720 2795
f 2720 2811 2795
f 2811 2942 2897
f 2942 3025 3061
f 3025 3117 3061
f 3117 3086 3178
f 3178 3162 3323
f 3323 3521 3547
f 3547 3653 3697
f 3697 3720 3803
f 3720 3850 3803
f 3850 4006 3909
f 4006 4007 3909
f 4007 4178 4108
f 4178 4214 4108
f 4214 4302 4270
f 4302 4362 4270
f 4362 4465 4398
f 4465 4504 4398
f 4504 4619 4505
f 4619 4698 4583
f 4698 4783 4719
f 4783 4844 4845
f 4844 4796 4886
f 4886 4843 4885
f 4843 4842 4885
f 4842 4904 4885
f 4904 4841 4884
f 4884 4840 4883
f 4883 4882 4925
f 4882 4950 4924
f 4950 4996 4997
f 4996 5016 5088
f 5088 5118 5169
f 5118 5194 5169
f 5194 5225 5243
f 5225 5264 5288
f 5264 5303 5340
f 5303 5356 5369
f 5356 5398 5399
f 5398 5367 5413
f 5413 5439 5454
f 5439 5467 5485
f 5467 5504 5485
f 5504 5502 5539
f 5502 5522 5539
f 5522 5562 5564
f 5562 5605 5625
f 5605 5624 5644
f 5624 5646 5665
f 5646 5684 5665
f 5684 5649 5687
f 5649 5689 5687
f 5689 5667 5690
f 5667 5669 5690
f 5669 5692 5690
f 5692 5651 5693
f 5693 5671 5694
f 5671 5697 5694
f 5697 5653 5672
f 5672 5656 5673
f 5656 5638 5674
f 5638 5597 5639
f 5597 5530 5552
f 5530 5513 5552
f 5513 5515 5552
f 5515 5464 5498
f 5464 5436 5498
f 5436 5422 5391
f 5391 5423 5446
f 5423 5364 5448
f 5364 5410 5448
f 5410 5334 5377
f 5377 5295 5352
f 5295 5251 5352
f 5251 5177 5252
f 5177 5147 5252
f 5147 5047 5071
f 5047 5024 5023
f 5024 4978 5023
f 4978 4932 4887
f 4932 4888 4887
f 4888 4868 4798
f 4868 4817 4798
f 4817 4743 4765
f 4743 4683 4667
f 4683 4564 4565
f 4564 4537 4470
f 4537 4405 4470
f 4405 4305 4275
f 4305 4185 4186
f 4185 4084 4014
f 4084 3882 4014
f 3882 3779 3698
f 3698 3557 3558
f 3557 3430 3558
f 3430 3367 3265
f 3265 3135 3137
f 3135 3080 3137
f 3080 2994 3081
f 2994 2839 2824
f 2839 2710 2824
f 2710 2597 2562
f 2597 2686 2596
f 2596 2595 2560
f 2595 2513 2560
f 2513 2432 2473
f 2432 2341 2291
f 2291 2146 2147
f 2147 1853 2039
f 1853 1581 1854
f 1581 1398 1440
f 1398 1318 1400
f 1318 1285 1319
f 1285 1286 1321
f 1286 1259 1320
f 1320 1260 1323
f 1260 1134 1231
f 457 418 336
f 336 332 306
f 332 290 306
f 290 254 255
f 254 194 181
f 194 148 139
f 148 95 106
f 95 77 64
f 77 105 62
f 62 103 59
f 103 159 117
f 159 176 146
f 176 175 146
f 146 133 115
f 133 101 115
f 101 72 74
f 72 56 44
f 56 27 44
f 27 9 14
f 9 10 13
f 10 24 11
f 11 25 12
f 12 26 15
f 26 28 15
f 28 45 31
f 31 58 60
f 60 75 61
f 61 92 63
f 92 121 93
f 121 147 138
f 138 165 123
f 165 180 123
f 180 240 215
f 240 252 215
f 252 253 215
f 253 305 242
f 305 331 279
f 331 391 336
f 391 457 336
f 1231 1230 1363
f 1230 1401 1363
f 1401 1399 1582
f 1582 1489 1660
f 1489 1620 1660
f 1620 1618 1781
f 1618 1655 1781
f 1655 1485 1528
f 1485 1392 1528
f 1392 1311 1437
f 1437 1525 1616
f 1525 1702 1778
f 1702 1966 1778
f 1966 2143 2112
f 2143 2010 2275
f 2275 2376 2462
f 2376 2548 2462
f 2548 2546 2722
f 2722 2721 2812
f 2721 2795 2812
f 2795 2811 2897
f 2897 2942 3002
f 2942 3061 3002
f 3061 3117 3154
f 3117 3178 3288
f 3178 3323 3288
f 3323 3547 3450
f 3547 3697 3616
f 3697 3803 3775
f 3803 3850 3909
f 3909 4007 3969
f 4007 4108 3969
f 4108 4214 4237
f 4214 4270 4237
f 4270 4362 4326
f 4362 4398 4326
f 4398 4504 4434
f 4504 4505 4435
f 4505 4619 4583
f 4583 4698 4719
f 4719 4783 4763
f 4783 4845 4763
f 4845 4844 4887
f 4844 4886 4907
f 4886 4885 4905
f 4885 4904 4927
f 4904 4884 4952
f 4884 4883 4926
f 4883 4925 4926
f 4925 4882 4924
f 4924 4950 4974
f 4950 4997 4974
f 4997 4996 5062
f 4996 5088 5062
f 5088 5169 5141
f 5169 5194 5227
f 5194 5243 5227
f 5243 5225 5288
f 5288 5264 5340
f 5340 5303 5369
f 5369 5356 5399
f 5399 5398 5428
f 5398 5413 5441
f 5413 5454 5441
f 5454 5439 5485
f 5485 5504 5507
f 5504 5539 5541
f 5539 5522 5564
f 5564 5562 5580
f 5562 5625 5627
f 5625 5605 5644
f 5644 5624 5665
f 5665 5684 5685
f 5684 5687 5712
f 5687 5689 5715
f 5689 5690 5715
f 5690 5692 5716
f 5692 5693 5717
f 5693 5694 5717
f 5694 5697 5718
f 5697 5672 5698
f 5672 5673 5698
f 5673 5656 5674
f 5674 5638 5639
f 5639 5597 5598
f 5597 5552 5598
f 5552 5515 5554
f 5515 5498 5532
f 5498 5436 5446
f 5436 5391 5446
f 5446 5423 5477
f 5423 5448 5477
f 5448 5410 5449
f 5410 5377 5449
f 5377 5352 5411
f 5352 5251 5252
f 5252 5147 5216
f 5147 5071 5148
f 5071 5047 5023
f 5023 4978 5002
f 4978 4887 4907
f 4887 4888 4815
f 4888 4798 4786
f 4798 4817 4765
f 4765 4743 4682
f 4743 4667 4682
f 4667 4683 4565
f 4565 4564 4510
f 4564 4470 4510
f 4470 4405 4439
f 4405 4275 4370
f 4275 4305 4186
f 4186 4185 4014
f 4014 3882 3808
f 3882 3698 3808
f 3698 3558 3634
f 3558 3430 3431
f 3430 3265 3431
f 3265 3137 3202
f 3137 3080 3081
f 3081 2994 2995
f 2994 2824 2995
f 2824 2710 2669
f 2710 2562 2669
f 2562 2597 2515
f 2597 2596 2561
f 2596 2560 2514
f 2560 2513 2473
f 2473 2432 2292
f 2432 2291 2292
f 2291 2147 2148
f 2147 2039 2115
f 2039 1853 1854
f 1854 1581 1782
f 1581 1440 1530
f 1440 1398 1400
f 1400 1318 1402
f 1318 1319 1364
f 1319 1285 1321
f 1321 1286 1322
f 1286 1320 1322
f 1320 1323 1366
f 1323 1260 1231
f 336 306 279
f 306 290 255
f 255 254 181
f 181 194 139
f 139 148 106
f 106 95 79
f 95 64 79
f 64 77 47
f 77 62 47
f 62 59 33
f 59 103 90
f 103 117 90
f 117 159 146
f 146 115 117
f 115 101 74
f 74 72 44
f 44 27 29
f 27 14 29
f 14 9 13
f 13 10 1
f 10 11 1
f 11 12 2
f 12 15 2
f 15 28 16
f 28 31 16
f 31 60 46
f 60 61 46
f 61 63 46
f 63 92 93
f 93 121 94
f 121 138 123
f 123 180 124
f 180 215 167
f 215 253 195
f 253 242 195
f 242 305 279
f 279 331 336
f 1231 1363 1323
f 1363 1401 1535
f 1401 1582 1624
f 1582 1660 1743
f 1660 1620 1739
f 1620 1781 1739
f 1781 1655 1820
f 1655 1528 1780
f 1528 1392 1437
f 1437 1616 1528
f 1616 1525 1778
f 1778 1966 2112
f 2112 2143 2249
f 2143 2275 2323
f 2275 2462 2422
f 2462 2548 2632
f 2548 2722 2704
f 2722 2812 2778
f 2812 2795 2850
f 2795 2897 2850
f 2897 3002 2982
f 3002 3061 3045
f 3061 3154 3132
f 3154 3117 3288
f 3288 3323 3450
f 3450 3547 3616
f 3616 3697 3775
f 3775 3803 3909
f 3909 3969 3775
f 3969 4108 4049
f 4108 4237 4049
f 4237 4270 4326
f 4326 4398 4399
f 4398 4434 4433
f 4434 4504 4435
f 4435 4505 4466
f 4505 4583 4466
f 4583 4719 4665
f 4719 4763 4665
f 4763 4845 4784
f 4845 4887 4815
f 4887 4844 4907
f 4907 4886 4929
f 4886 4905 4929
f 4905 4885 4928
f 4885 4927 4928
f 4927 4904 4999
f 4904 4952 4999
f 4952 4884 4926
f 4926 4925 4998
f 4925 4924 4974
f 4974 4997 5042
f 4997 5062 5090
f 5062 5088 5141
f 5141 5169 5211
f 5169 5227 5211
f 5227 5243 5289
f 5243 5288 5305
f 5288 5340 5341
f 5340 5369 5400
f 5369 5399 5400
f 5399 5428 5429
f 5428 5398 5441
f 5441 5454 5469
f 5454 5485 5507
f 5507 5504 5541
f 5541 5539 5582
f 5539 5564 5582
f 5564 5580 5608
f 5580 5562 5627
f 5627 5625 5647
f 5625 5644 5645
f 5644 5665 5666
f 5665 5685 5666
f 5685 5684 5710
f 5684 5712 5710
f 5712 5687 5731
f 5687 5715 5731
f 5715 5690 5716
f 5716 5692 5717
f 5717 5694 5718
f 5718 5697 5720
f 5697 5698 5720
f 5698 5673 5700
f 5673 5674 5700
f 5674 5639 5676
f 5639 5598 5641
f 5598 5552 5554
f 5554 5515 5532
f 5532 5498 5516
f 5498 5446 5516
f 5446 5477 5516
f 5477 5448 5534
f 5448 5449 5519
f 5449 5377 5411
f 5411 5352 5380
f 5352 5252 5314
f 5252 5216 5314
f 5216 5147 5148
f 5148 5071 5070
f 5071 5023 5002
f 5002 4978 4954
f 4978 4907 4954
f 4815 4888 4786
f 4786 4798 4742
f 4798 4765 4742
f 4765 4682 4680
f 4682 4667 4563
f 4667 4565 4563
f 4565 4510 4469
f 4510 4470 4471
f 4470 4439 4473
f 4439 4405 4370
f 4370 4275 4336
f 4275 4186 4114
f 4186 4014 4114
f 4014 3808 3915
f 3808 3698 3634
f 3634 3558 3431
f 3431 3265 3334
f 3265 3202 3334
f 3202 3137 3081
f 3081 2995 3105
f 2995 2824 2800
f 2824 2669 2800
f 2669 2562 2563
f 2562 2515 2476
f 2515 2597 2561
f 2561 2596 2514
f 2514 2560 2473
f 2473 2292 2343
f 2292 2291 2148
f 2148 2147 2115
f 2115 2039 2040
f 2039 1854 2011
f 1854 1782 2011
f 1782 1581 1658
f 1581 1530 1658
f 1530 1440 1441
f 1440 1400 1441
f 1400 1402 1442
f 1402 1318 1364
f 1364 1319 1321
f 1321 1322 1324
f 1322 1320 1365
f 1320 1366 1365
f 1366 1323 1446
f 279 306 255
f 255 181 168
f 181 139 168
f 139 106 79
f 79 64 37
f 64 47 35
f 47 62 33
f 33 59 30
f 59 90 74
f 90 117 115
f 115 74 90
f 74 44 59
f 44 29 30
f 29 14 17
f 14 13 3
f 13 1 3
f 1 11 2
f 2 15 16
f 16 31 32
f 31 46 32
f 46 63 48
f 63 93 65
f 93 94 65
f 94 121 123
f 123 124 96
f 124 180 167
f 167 215 195
f 195 242 217
f 242 279 217
f 1323 1363 1445
f 1363 1535 1445
f 1535 1401 1624
f 1624 1582 1743
f 1743 1660 1827
f 1660 1739 1827
f 1739 1781 1898
f 1781 1820 1898
f 1820 1655 1780
f 1780 1528 1779
f 1528 1616 1779
f 1616 1778 1967
f 1778 2112 1967
f 2112 2249 2250
f 2249 2143 2276
f 2143 2323 2276
f 2323 2275 2422
f 2422 2462 2506
f 2462 2632 2506
f 2632 2548 2704
f 2704 2722 2757
f 2722 2778 2757
f 2778 2812 2813
f 2812 2850 2834
f 2850 2897 2865
f 2897 2982 2943
f 2982 3002 3045
f 3045 3061 3132
f 3132 3154 3232
f 3154 3288 3232
f 3288 3450 3383
f 3450 3616 3383
f 3616 3775 3721
f 3775 3969 3830
f 3969 4049 3830
f 4049 4237 4215
f 4237 4326 4327
f 4326 4399 4327
f 4399 4398 4433
f 4433 4434 4401
f 4434 4435 4401
f 4435 4466 4364
f 4466 4583 4562
f 4583 4665 4562
f 4665 4763 4699
f 4763 4784 4699
f 4784 4845 4815
f 4907 4929 4954
f 4929 4905 4953
f 4905 4928 4953
f 4928 4927 5000
f 4927 4999 5000
f 4999 4952 5067
f 4952 4926 4998
f 4998 4925 4974
f 4974 5042 5064
f 5042 4997 5090
f 5090 5062 5141
f 5141 5211 5196
f 5211 5227 5266
f 5227 5289 5266
f 5289 5243 5305
f 5305 5288 5343
f 5288 5341 5343
f 5341 5340 5383
f 5340 5400 5383
f 5400 5399 5429
f 5429 5428 5456
f 5428 5441 5455
f 5441 5469 5455
f 5469 5454 5507
f 5507 5541 5542
f 5541 5582 5584
f 5582 5564 5608
f 5608 5580 5627
f 5627 5647 5648
f 5647 5625 5645
f 5645 5644 5666
f 5666 5685 5711
f 5685 5710 5728
f 5710 5712 5733
f 5712 5731 5732
f 5731 5715 5735
f 5715 5716 5735
f 5716 5717 5736
f 5717 5718 5739
f 5718 5720 5739
f 5720 5698 5700
f 5700 5674 5701
f 5674 5676 5701
f 5676 5639 5641
f 5641 5598 5600
f 5598 5554 5600
f 5554 5532 5600
f 5532 5516 5556
f 5516 5477 5533
f 5477 5534 5533
f 5534 5448 5519
f 5519 5449 5479
f 5449 5411 5479
f 5411 5380 5437
f 5380 5352 5314
f 5314 5216 5274
f 5216 5148 5178
f 5148 5070 5178
f 5070 5071 5001
f 5071 5002 5001
f 5002 4954 5001
f 4815 4786 4784
f 4786 4742 4700
f 4742 4765 4680
f 4680 4682 4623
f 4682 4563 4623
f 4563 4565 4469
f 4469 4510 4512
f 4510 4471 4511
f 4471 4470 4513
f 4470 4473 4513
f 4473 4439 4440
f 4439 4370 4440
f 4370 4336 4371
f 4336 4275 4246
f 4275 4114 4246
f 4114 4014 3915
f 3915 3808 3780
f 3808 3634 3780
f 3634 3431 3534
f 3431 3334 3534
f 3334 3202 3218
f 3202 3081 3105
f 3105 2995 3065
f 2995 2800 2860
f 2800 2669 2738
f 2669 2563 2738
f 2563 2562 2476
f 2476 2515 2388
f 2515 2561 2474
f 2561 2514 2474
f 2514 2473 2343
f 2343 2292 2116
f 2292 2148 2116
f 2148 2115 2042
f 2115 2040 2041
f 2040 2039 2011
f 2011 1782 1899
f 1782 1658 1622
f 1658 1530 1622
f 1530 1441 1531
f 1441 1400 1442
f 1442 1402 1490
f 1402 1364 1367
f 1364 1321 1324
f 1324 1322 1368
f 1322 1365 1368
f 1365 1366 1403
f 1366 1446 1403
f 1446 1323 1445
f 279 255 217
f 255 168 217
f 168 139 108
f 139 79 108
f 79 37 49
f 37 64 35
f 35 47 33
f 33 30 17
f 30 59 44
f 30 29 17
f 17 14 3
f 3 1 4
f 1 2 4
f 2 16 6
f 16 32 19
f 32 46 34
f 46 48 34
f 48 63 65
f 65 94 78
f 94 123 96
f 96 124 82
f 124 167 126
f 167 195 149
f 195 217 149
f 1445 1535 1668
f 1535 1624 1709
f 1624 1743 1789
f 1743 1827 1930
f 1827 1739 1902
f 1739 1898 1902
f 1898 1820 1972
f 1820 1780 1970
f 1780 1779 1969
f 1779 1616 1967
f 1967 2112 2251
f 2112 2250 2251
f 2250 2249 2279
f 2249 2276 2328
f 2276 2323 2324
f 2323 2422 2379
f 2422 2506 2379
f 2506 2632 2549
f 2632 2704 2705
f 2704 2757 2705
f 2757 2778 2779
f 2778 2813 2779
f 2813 2812 2835
f 2812 2834 2835
f 2834 2850 2865
f 2865 2897 2917
f 2897 2943 2917
f 2943 2982 2958
f 2982 3045 3027
f 3045 3132 3046
f 3132 3232 3194
f 3232 3288 3383
f 3383 3616 3452
f 3616 3721 3452
f 3721 3775 3830
f 3830 4049 3875
f 4049 4215 4082
f 4215 4237 4327
f 4327 4399 4400
f 4399 4433 4400
f 4433 4401 4400
f 4401 4435 4363
f 4435 4364 4363
f 4364 4466 4402
f 4466 4562 4437
f 4562 4665 4620
f 4665 4699 4620
f 4699 4784 4786
f 4954 4929 4953
f 4953 4928 5000
f 5000 4999 5096
f 4999 5067 5096
f 5067 4952 5093
f 4952 4998 5093
f 4998 4974 5064
f 5064 5042 5119
f 5042 5090 5119
f 5090 5141 5196
f 5196 5211 5268
f 5211 5266 5268
f 5266 5289 5307
f 5289 5305 5344
f 5305 5343 5344
f 5343 5341 5384
f 5341 5383 5384
f 5383 5400 5416
f 5400 5429 5416
f 5429 5456 5457
f 5456 5428 5455
f 5455 5469 5487
f 5469 5507 5524
f 5507 5542 5544
f 5542 5541 5584
f 5584 5582 5628
f 5582 5608 5628
f 5608 5627 5648
f 5648 5647 5686
f 5647 5645 5686
f 5645 5666 5711
f 5711 5685 5728
f 5728 5710 5733
f 5733 5712 5732
f 5732 5731 5758
f 5731 5735 5758
f 5735 5716 5736
f 5736 5717 5739
f 5739 5720 5740
f 5720 5700 5743
f 5700 5701 5743
f 5701 5676 5704
f 5676 5641 5677
f 5641 5600 5642
f 5600 5532 5556
f 5556 5516 5533
f 5533 5534 5603
f 5534 5519 5604
f 5519 5479 5558
f 5479 5411 5437
f 5437 5380 5365
f 5380 5314 5365
f 5314 5274 5365
f 5274 5216 5178
f 5178 5070 5176
f 5070 5001 5020
f 5001 4954 4953
f 4786 4700 4699
f 4700 4742 4649
f 4742 4680 4649
f 4680 4623 4649
f 4623 4563 4509
f 4563 4469 4509
f 4469 4512 4515
f 4512 4510 4511
f 4511 4471 4513
f 4513 4473 4516
f 4473 4440 4475
f 4440 4370 4371
f 4371 4336 4338
f 4336 4246 4276
f 4246 4114 4187
f 4114 3915 3972
f 3915 3780 3972
f 3780 3634 3534
f 3534 3334 3398
f 3334 3218 3398
f 3218 3202 3105
f 3105 3065 3156
f 3065 2995 2971
f 2995 2860 2971
f 2860 2800 2738
f 2738 2563 2516
f 2563 2476 2389
f 2476 2388 2389
f 2388 2515 2474
f 2474 2514 2293
f 2514 2343 2293
f 2343 2116 2149
f 2116 2148 1931
f 2148 2042 1931
f 2042 2115 2041
f 2041 2040 1977
f 2040 2011 2012
f 2011 1899 1926
f 1899 1782 1824
f 1782 1622 1824
f 1622 1530 1531
f 1531 1441 1532
f 1441 1442 1490
f 1490 1402 1443
f 1402 1367 1443
f 1367 1364 1325
f 1364 1324 1325
f 1324 1368 1325
f 1368 1365 1403
f 1403 1446 1404
f 1446 1445 1626
f 217 168 149
f 168 108 125
f 108 79 80
f 79 49 80
f 49 37 21
f 37 35 21
f 35 33 18
f 33 17 18
f 17 3 5
f 3 4 5
f 4 2 6
f 6 16 19
f 19 32 34
f 34 48 36
f 48 65 78
f 78 94 96
f 96 82 78
f 82 124 126
f 126 167 149
f 1445 1668 1626
f 1668 1535 1709
f 1709 1624 1789
f 1789 1743 1932
f 1743 1930 1932
f 1930 1827 1978
f 1827 1902 1978
f 1902 1898 2075
f 1898 1972 2038
f 1972 1820 1970
f 1970 1780 1969
f 1969 1779 2113
f 1779 1967 2113
f 1967 2251 2113
f 2251 2250 2284
f 2250 2279 2284
f 2279 2249 2277
f 2249 2328 2277
f 2328 2276 2326
f 2276 2324 2326
f 2324 2323 2325
f 2323 2379 2325
f 2379 2506 2463
f 2506 2549 2463
f 2549 2632 2659
f 2632 2705 2659
f 2705 2757 2780
f 2757 2779 2797
f 2779 2813 2796
f 2813 2835 2814
f 2835 2834 2851
f 2834 2865 2851
f 2865 2917 2866
f 2917 2943 2944
f 2943 2958 2944
f 2958 2982 2983
f 2982 3027 2984
f 3027 3045 3046
f 3046 3132 3074
f 3132 3194 3196
f 3194 3232 3324
f 3232 3383 3324
f 3383 3452 3324
f 3452 3721 3583
f 3721 3830 3723
f 3830 3875 3723
f 3875 4049 4082
f 4082 4215 4180
f 4215 4327 4271
f 4327 4400 4328
f 4400 4401 4363
f 4363 4364 4330
f 4364 4402 4331
f 4402 4466 4437
f 4437 4562 4533
f 4562 4620 4533
f 4620 4699 4648
f 4953 5000 5020
f 5000 5096 5020
f 5096 5067 5173
f 5067 5093 5202
f 5093 4998 5064
f 5064 5119 5199
f 5119 5090 5171
f 5090 5196 5171
f 5196 5268 5245
f 5268 5266 5309
f 5266 5307 5309
f 5307 5289 5344
f 5344 5343 5372
f 5343 5384 5372
f 5384 5383 5417
f 5383 5416 5417
f 5416 5429 5457
f 5457 5456 5509
f 5456 5455 5490
f 5455 5487 5490
f 5487 5469 5524
f 5524 5507 5544
f 5544 5542 5587
f 5542 5584 5587
f 5584 5628 5630
f 5628 5608 5648
f 5648 5686 5713
f 5686 5645 5711
f 5711 5728 5729
f 5728 5733 5753
f 5733 5732 5755
f 5732 5758 5755
f 5758 5735 5760
f 5735 5736 5760
f 5736 5739 5762
f 5739 5740 5764
f 5740 5720 5743
f 5743 5701 5704
f 5704 5676 5677
f 5677 5641 5642
f 5642 5600 5556
f 5556 5533 5603
f 5603 5534 5619
f 5534 5604 5619
f 5604 5519 5558
f 5558 5479 5559
f 5479 5437 5480
f 5437 5365 5438
f 5365 5274 5379
f 5274 5178 5176
f 5176 5070 5096
f 5070 5020 5096
f 5020 5001 4953
f 4699 4700 4648
f 4700 4649 4648
f 4649 4623 4536
f 4623 4509 4536
f 4509 4469 4472
f 4469 4515 4474
f 4515 4512 4514
f 4512 4511 4514
f 4511 4513 4538
f 4513 4516 4566
f 4516 4473 4475
f 4475 4440 4407
f 4440 4371 4407
f 4371 4338 4407
f 4338 4336 4276
f 4276 4246 4187
f 4187 4114 4086
f 4114 3972 4086
f 3972 3780 3809
f 3780 3534 3596
f 3534 3398 3596
f 3398 3218 3220
f 3218 3105 3156
f 3156 3065 3122
f 3065 2971 3056
f 2971 2860 2880
f 2860 2738 2801
f 2738 2516 2688
f 2516 2563 2389
f 2389 2388 2215
f 2388 2474 2183
f 2474 2293 2183
f 2293 2343 2149
f 2149 2116 1933
f 2116 1931 1933
f 1931 2042 1929
f 2042 2041 1979
f 2041 1977 1979
f 1977 2040 2013
f 2040 2012 2013
f 2012 2011 1926
f 1926 1899 1900
f 1899 1824 1900
f 1824 1622 1740
f 1622 1531 1659
f 1531 1532 1661
f 1532 1441 1490
f 1490 1443 1444
f 1443 1367 1369
f 1367 1325 1326
f 1325 1368 1370
f 1368 1403 1404
f 1404 1446 1491
f 1446 1626 1536
f 149 168 125
f 125 108 80
f 80 49 38
f 49 21 22
f 21 35 20
f 35 18 20
f 18 17 5
f 5 4 6
f 6 19 8
f 19 34 36
f 36 48 78
f 78 82 66
f 82 126 107
f 126 149 107
f 1626 1668 1830
f 1668 1709 1791
f 1709 1789 1791
f 1789 1932 2046
f 1932 1930 2043
f 1930 1978 2117
f 1978 1902 2075
f 2075 1898 2038
f 2038 1972 2144
f 1972 1970 2144
f 1970 1969 2073
f 1969 2113 2287
f 2113 2251 2286
f 2251 2284 2336
f 2284 2279 2281
f 2279 2277 2281
f 2277 2328 2278
f 2328 2326 2329
f 2326 2324 2325
f 2325 2379 2380
f 2379 2463 2380
f 2463 2549 2464
f 2549 2659 2589
f 2659 2705 2660
f 2705 2780 2758
f 2780 2757 2797
f 2797 2779 2796
f 2796 2813 2814
f 2814 2835 2851
f 2851 2865 2866
f 2866 2917 2898
f 2917 2944 2898
f 2944 2958 2959
f 2958 2983 2984
f 2983 2982 2984
f 2984 3027 2985
f 3027 3046 3028
f 3046 3074 3047
f 3074 3132 3155
f 3132 3196 3155
f 3196 3194 3260
f 3194 3324 3356
f 3324 3452 3356
f 3452 3583 3356
f 3583 3721 3723
f 3723 3875 3831
f 3875 4082 4009
f 4082 4180 4009
f 4180 4215 4271
f 4271 4327 4328
f 4328 4400 4329
f 4400 4363 4329
f 4363 4330 4329
f 4330 4364 4331
f 4331 4402 4332
f 4402 4437 4332
f 4437 4533 4367
f 4533 4620 4648
f 5096 5173 5250
f 5173 5067 5202
f 5202 5093 5247
f 5093 5064 5199
f 5199 5119 5214
f 5119 5171 5214
f 5171 5196 5245
f 5245 5268 5310
f 5268 5309 5310
f 5309 5307 5359
f 5307 5344 5359
f 5344 5372 5386
f 5372 5384 5419
f 5384 5417 5419
f 5417 5416 5457
f 5457 5509 5493
f 5509 5456 5490
f 5490 5487 5526
f 5487 5524 5526
f 5524 5544 5567
f 5544 5587 5567
f 5587 5584 5610
f 5584 5630 5610
f 5630 5628 5650
f 5628 5648 5650
f 5648 5713 5688
f 5713 5686 5730
f 5686 5711 5730
f 5711 5729 5730
f 5729 5728 5752
f 5728 5753 5752
f 5753 5733 5756
f 5733 5755 5756
f 5755 5758 5777
f 5758 5760 5777
f 5760 5736 5762
f 5762 5739 5764
f 5764 5740 5766
f 5740 5743 5766
f 5743 5704 5747
f 5704 5677 5706
f 5677 5642 5661
f 5642 5556 5603
f 5603 5619 5661
f 5619 5604 5620
f 5604 5558 5620
f 5558 5559 5622
f 5559 5479 5480
f 5480 5437 5438
f 5438 5365 5379
f 5379 5274 5313
f 5274 5176 5250
f 5176 5096 5250
f 4648 4649 4535
f 4649 4536 4535
f 4536 4509 4438
f 4509 4472 4406
f 4472 4469 4474
f 4474 4515 4517
f 4515 4514 4539
f 4514 4511 4538
f 4538 4513 4566
f 4566 4516 4586
f 4516 4475 4567
f 4475 4407 4477
f 4407 4338 4373
f 4338 4276 4373
f 4276 4187 4247
f 4187 4086 4191
f 4086 3972 4054
f 3972 3809 3883
f 3809 3780 3596
f 3596 3398 3433
f 3398 3220 3433
f 3220 3218 3156
f 3156 3122 3220
f 3122 3065 3056
f 3056 2971 2996
f 2971 2880 2996
f 2880 2860 2801
f 2801 2738 2688
f 2688 2516 2478
f 2516 2389 2344
f 2389 2215 2216
f 2215 2388 2076
f 2388 2183 2076
f 2183 2293 2044
f 2293 2149 2044
f 2149 1933 2044
f 1933 1931 1748
f 1931 1929 1745
f 1929 2042 1979
f 1979 1977 1903
f 1977 2013 1976
f 2013 2012 1926
f 1926 1900 1975
f 1900 1824 1825
f 1824 1740 1825
f 1740 1622 1659
f 1659 1531 1705
f 1531 1661 1705
f 1661 1532 1623
f 1532 1490 1533
f 1490 1444 1534
f 1444 1443 1369
f 1369 1367 1326
f 1326 1325 1327
f 1325 1370 1327
f 1370 1368 1404
f 1404 1491 1450
f 1491 1446 1536
f 1536 1626 1667
f 149 125 107
f 125 80 107
f 80 38 81
f 38 49 22
f 22 21 8
f 21 20 7
f 20 18 5
f 5 6 7
f 6 8 7
f 8 19 36
f 36 78 66
f 66 82 38
f 82 107 81
f 1626 1830 1747
f 1830 1668 1791
f 1791 1789 1904
f 1789 2046 1904
f 2046 1932 2043
f 2043 1930 2117
f 2117 1978 2213
f 1978 2075 2213
f 2075 2038 2290
f 2038 2144 2290
f 2144 1970 2181
f 1970 2073 2181
f 2073 1969 2287
f 2287 2113 2286
f 2286 2251 2339
f 2251 2336 2339
f 2336 2284 2334
f 2284 2281 2334
f 2281 2277 2282
f 2277 2278 2282
f 2278 2328 2329
f 2329 2326 2327
f 2326 2325 2327
f 2325 2380 2327
f 2380 2463 2464
f 2464 2549 2550
f 2549 2589 2550
f 2589 2659 2660
f 2660 2705 2758
f 2758 2780 2818
f 2780 2797 2817
f 2797 2796 2815
f 2796 2814 2836
f 2814 2851 2852
f 2851 2866 2867
f 2866 2898 2867
f 2898 2944 2899
f 2944 2959 2918
f 2959 2958 2984
f 2984 2985 2960
f 2985 3027 3028
f 3028 3046 3047
f 3047 3074 3048
f 3074 3155 3133
f 3155 3196 3213
f 3196 3260 3213
f 3260 3194 3356
f 3356 3583 3482
f 3583 3723 3670
f 3723 3831 3670
f 3831 3875 4009
f 4009 4180 4010
f 4180 4271 4238
f 4271 4328 4238
f 4328 4329 4238
f 4329 4330 4181
f 4330 4331 4181
f 4331 4332 4240
f 4332 4437 4367
f 4367 4533 4507
f 4533 4648 4507
f 5250 5173 5249
f 5173 5202 5249
f 5202 5247 5249
f 5247 5093 5199
f 5199 5214 5272
f 5214 5171 5245
f 5245 5310 5293
f 5310 5309 5346
f 5309 5359 5346
f 5359 5344 5386
f 5386 5372 5419
f 5419 5417 5443
f 5417 5457 5459
f 5457 5493 5459
f 5493 5509 5528
f 5509 5490 5526
f 5526 5524 5567
f 5567 5587 5611
f 5587 5610 5611
f 5610 5630 5632
f 5630 5650 5668
f 5650 5648 5688
f 5688 5713 5714
f 5713 5730 5734
f 5730 5729 5754
f 5729 5752 5754
f 5752 5753 5757
f 5753 5756 5757
f 5756 5755 5778
f 5755 5777 5778
f 5777 5760 5781
f 5760 5762 5781
f 5762 5764 5781
f 5764 5766 5785
f 5766 5743 5769
f 5743 5747 5769
f 5747 5704 5722
f 5704 5706 5722
f 5706 5677 5661
f 5661 5642 5603
f 5661 5619 5663
f 5619 5620 5663
f 5620 5558 5622
f 5622 5559 5578
f 5559 5480 5500
f 5480 5438 5500
f 5438 5379 5450
f 5379 5313 5378
f 5313 5274 5250
f 4648 4535 4507
f 4535 4536 4404
f 4536 4438 4404
f 4438 4509 4369
f 4509 4406 4369
f 4406 4472 4441
f 4472 4474 4441
f 4474 4517 4476
f 4517 4515 4540
f 4515 4539 4540
f 4539 4514 4538
f 4538 4566 4587
f 4566 4586 4587
f 4586 4516 4567
f 4567 4475 4541
f 4475 4477 4541
f 4477 4407 4479
f 4407 4373 4479
f 4373 4276 4306
f 4276 4247 4306
f 4247 4187 4216
f 4187 4191 4216
f 4191 4086 4115
f 4086 4054 4115
f 4054 3972 3883
f 3883 3809 3674
f 3809 3596 3674
f 3596 3433 3674
f 3433 3220 3299
f 3220 3122 3139
f 3122 3056 3066
f 3056 2996 3066
f 2996 2880 2931
f 2880 2801 2803
f 2801 2688 2803
f 2688 2478 2640
f 2478 2516 2344
f 2344 2389 2216
f 2216 2215 2077
f 2215 2076 2077
f 2076 2183 1935
f 2183 2044 1935
f 2044 1933 1831
f 1933 1748 1831
f 1748 1931 1745
f 1745 1929 1828
f 1929 1979 1828
f 1979 1903 1828
f 1903 1977 1928
f 1977 1976 1928
f 1976 2013 1975
f 2013 1926 1975
f 1975 1900 1901
f 1900 1825 1901
f 1825 1740 1783
f 1740 1659 1705
f 1705 1661 1741
f 1661 1623 1706
f 1623 1532 1533
f 1533 1490 1534
f 1534 1444 1583
f 1444 1369 1405
f 1369 1326 1372
f 1326 1327 1328
f 1327 1370 1373
f 1370 1404 1373
f 1404 1450 1373
f 1450 1491 1539
f 1491 1536 1539
f 1536 1667 1539
f 1667 1626 1747
f 107 80 81
f 81 38 82
f 38 22 36
f 22 8 36
f 8 21 7
f 7 20 5
f 36 66 38
f 1747 1830 1829
f 1830 1791 1904
f 1904 2046 2118
f 2046 2043 2214
f 2043 2117 2214
f 2117 2213 2294
f 2213 2075 2342
f 2075 2290 2342
f 2290 2144 2288
f 2144 2181 2288
f 2181 2073 2253
f 2073 2287 2253
f 2287 2286 2470
f 2286 2339 2470
f 2339 2336 2426
f 2336 2334 2337
f 2334 2281 2285
f 2281 2282 2285
f 2282 2278 2280
f 2278 2329 2330
f 2329 2327 2330
f 2327 2380 2381
f 2380 2464 2381
f 2464 2550 2423
f 2550 2589 2590
f 2589 2660 2590
f 2660 2758 2683
f 2758 2818 2855
f 2818 2780 2817
f 2817 2797 2815
f 2815 2796 2836
f 2836 2814 2852
f 2852 2851 2867
f 2867 2898 2899
f 2899 2944 2918
f 2918 2959 2960
f 2959 2984 2960
f 2960 2985 2946
f 2985 3028 3003
f 3028 3047 3048
f 3048 3074 3062
f 3074 3133 3062
f 3133 3155 3213
f 3213 3260 3325
f 3260 3356 3419
f 3356 3482 3419
f 3482 3583 3670
f 3670 3831 3852
f 3831 4009 3852
f 4009 4010 3852
f 4010 4180 4109
f 4180 4238 4109
f 4238 4329 4181
f 4181 4331 4240
f 4240 4332 4146
f 4332 4367 4272
f 4367 4507 4403
f 5250 5249 5313
f 5249 5247 5312
f 5247 5199 5272
f 5272 5214 5293
f 5214 5245 5293
f 5293 5310 5347
f 5310 5346 5347
f 5346 5359 5375
f 5359 5386 5405
f 5386 5419 5420
f 5419 5443 5445
f 5443 5417 5459
f 5459 5493 5495
f 5493 5528 5495
f 5528 5509 5549
f 5509 5526 5568
f 5526 5567 5590
f 5567 5611 5612
f 5611 5610 5632
f 5632 5630 5670
f 5630 5668 5670
f 5668 5650 5688
f 5688 5714 5668
f 5714 5713 5734
f 5734 5730 5754
f 5754 5752 5757
f 5757 5756 5779
f 5756 5778 5779
f 5778 5777 5782
f 5777 5781 5782
f 5781 5764 5785
f 5785 5766 5769
f 5769 5747 5774
f 5747 5722 5774
f 5722 5706 5727
f 5706 5661 5681
f 5661 5663 5681
f 5663 5620 5622
f 5622 5578 5623
f 5578 5559 5500
f 5500 5438 5450
f 5450 5379 5378
f 5378 5313 5312
f 4507 4535 4403
f 4535 4404 4403
f 4404 4438 4304
f 4438 4369 4334
f 4369 4406 4335
f 4406 4441 4372
f 4441 4474 4476
f 4476 4517 4542
f 4517 4540 4568
f 4540 4539 4588
f 4539 4538 4587
f 4587 4586 4624
f 4586 4567 4589
f 4567 4541 4591
f 4541 4477 4543
f 4477 4479 4543
f 4479 4373 4480
f 4373 4306 4374
f 4306 4247 4279
f 4247 4216 4279
f 4216 4191 4218
f 4191 4115 4150
f 4115 4054 4116
f 4054 3883 3973
f 3883 3674 3781
f 3674 3433 3493
f 3433 3299 3493
f 3299 3220 3139
f 3139 3122 3066
f 3066 2996 2931
f 2931 2880 2803
f 2803 2688 2640
f 2640 2478 2390
f 2478 2344 2390
f 2344 2216 2184
f 2216 2077 2078
f 2077 2076 1905
f 2076 1935 1859
f 1935 2044 1831
f 1831 1748 1670
f 1748 1745 1629
f 1745 1828 1663
f 1828 1903 1786
f 1903 1928 1857
f 1928 1976 1927
f 1976 1975 1927
f 1975 1901 1927
f 1901 1825 1855
f 1825 1783 1855
f 1783 1740 1705
f 1705 1741 1783
f 1741 1661 1706
f 1706 1623 1662
f 1623 1533 1534
f 1534 1583 1662
f 1583 1444 1447
f 1444 1405 1447
f 1405 1369 1372
f 1372 1326 1328
f 1328 1327 1329
f 1327 1373 1329
f 1373 1450 1407
f 1450 1539 1541
f 1539 1667 1628
f 1667 1747 1746
f 38 66 50
f 1747 1829 1746
f 1829 1830 2014
f 1830 1904 2015
f 1904 2118 2152
f 2118 2046 2295
f 2046 2214 2295
f 2214 2117 2294
f 2294 2213 2433
f 2213 2342 2433
f 2342 2290 2558
f 2290 2288 2557
f 2288 2181 2429
f 2181 2253 2429
f 2253 2287 2428
f 2287 2470 2472
f 2470 2339 2426
f 2426 2336 2386
f 2336 2337 2386
f 2337 2334 2338
f 2334 2285 2338
f 2285 2282 2283
f 2282 2280 2283
f 2280 2278 2330
f 2330 2327 2381
f 2381 2464 2423
f 2423 2550 2590
f 2590 2660 2591
f 2660 2683 2662
f 2683 2758 2706
f 2758 2855 2798
f 2855 2818 2854
f 2818 2817 2854
f 2817 2815 2837
f 2815 2836 2837
f 2836 2852 2869
f 2852 2867 2869
f 2867 2899 2868
f 2899 2918 2901
f 2918 2960 2945
f 2960 2946 2945
f 2946 2985 3003
f 3003 3028 3048
f 3048 3062 3049
f 3062 3133 3134
f 3133 3213 3197
f 3213 3325 3291
f 3325 3260 3419
f 3419 3482 3522
f 3482 3670 3522
f 3670 3852 3724
f 3852 4010 3877
f 4010 4109 3877
f 4109 4238 4181
f 4181 4240 4110
f 4240 4146 4110
f 4146 4332 4272
f 4272 4367 4403
f 5313 5249 5312
f 5312 5247 5351
f 5247 5272 5350
f 5272 5293 5348
f 5293 5347 5348
f 5347 5346 5389
f 5346 5375 5389
f 5375 5359 5405
f 5405 5386 5420
f 5420 5419 5445
f 5445 5443 5496
f 5443 5459 5495
f 5495 5528 5570
f 5528 5549 5569
f 5549 5509 5568
f 5568 5526 5590
f 5590 5567 5612
f 5612 5611 5652
f 5611 5632 5652
f 5632 5670 5652
f 5670 5668 5691
f 5668 5714 5691
f 5714 5734 5737
f 5734 5754 5759
f 5754 5757 5759
f 5757 5779 5780
f 5779 5778 5783
f 5778 5782 5783
f 5782 5781 5785
f 5785 5769 5787
f 5769 5774 5770
f 5774 5722 5776
f 5722 5727 5725
f 5727 5706 5681
f 5681 5663 5683
f 5663 5622 5683
f 5622 5623 5643
f 5623 5578 5577
f 5578 5500 5520
f 5500 5450 5520
f 5450 5378 5392
f 5378 5312 5392
f 4403 4404 4242
f 4404 4304 4242
f 4304 4438 4334
f 4334 4369 4245
f 4369 4335 4245
f 4335 4406 4372
f 4372 4441 4408
f 4441 4476 4478
f 4476 4542 4544
f 4542 4517 4568
f 4568 4540 4588
f 4588 4539 4587
f 4587 4624 4625
f 4624 4586 4589
f 4589 4567 4591
f 4591 4541 4543
f 4543 4479 4545
f 4479 4480 4545
f 4480 4373 4374
f 4374 4306 4375
f 4306 4279 4375
f 4279 4216 4281
f 4216 4218 4281
f 4218 4191 4150
f 4150 4115 4151
f 4115 4116 4151
f 4116 4054 3973
f 3973 3883 3781
f 3781 3674 3635
f 3674 3493 3635
f 3493 3299 3465
f 3299 3139 3187
f 3139 3066 3082
f 3066 2931 2973
f 2931 2803 2861
f 2803 2640 2739
f 2640 2390 2296
f 2390 2344 2184
f 2184 2216 2078
f 2078 2077 1936
f 2077 1905 1936
f 1905 2076 1859
f 1859 1935 1749
f 1935 1831 1749
f 1831 1670 1749
f 1670 1748 1629
f 1629 1745 1627
f 1745 1663 1627
f 1663 1828 1786
f 1786 1903 1785
f 1903 1857 1785
f 1857 1928 1856
f 1928 1927 1856
f 1927 1901 1855
f 1855 1783 1784
f 1783 1741 1784
f 1741 1706 1742
f 1706 1662 1742
f 1662 1623 1534
f 1662 1583 1707
f 1583 1447 1584
f 1447 1405 1449
f 1405 1372 1371
f 1372 1328 1375
f 1328 1329 1377
f 1329 1373 1407
f 1407 1450 1453
f 1450 1541 1453
f 1541 1539 1628
f 1628 1667 1746
f 1746 1829 1790
f 1829 2014 1934
f 2014 1830 2015
f 2015 1904 2152
f 2152 2118 2346
f 2118 2295 2346
f 2295 2214 2477
f 2214 2294 2477
f 2294 2433 2475
f 2433 2342 2639
f 2342 2558 2639
f 2558 2290 2594
f 2290 2557 2594
f 2557 2288 2429
f 2429 2253 2511
f 2253 2428 2511
f 2428 2287 2472
f 2472 2470 2636
f 2470 2426 2555
f 2426 2386 2469
f 2386 2337 2387
f 2337 2338 2387
f 2338 2285 2335
f 2285 2283 2335
f 2283 2280 2332
f 2280 2330 2331
f 2330 2381 2331
f 2381 2423 2382
f 2423 2590 2465
f 2590 2591 2465
f 2591 2660 2662
f 2662 2683 2663
f 2683 2706 2663
f 2706 2758 2798
f 2798 2855 2876
f 2855 2854 2874
f 2854 2817 2837
f 2837 2836 2853
f 2836 2869 2853
f 2869 2867 2868
f 2868 2899 2901
f 2901 2918 2919
f 2918 2945 2919
f 2945 2946 2919
f 2946 3003 2947
f 3003 3048 3005
f 3048 3049 3005
f 3049 3062 3050
f 3062 3134 3050
f 3134 3133 3197
f 3197 3213 3261
f 3213 3291 3261
f 3291 3325 3326
f 3325 3419 3326
f 3419 3522 3453
f 3522 3670 3724
f 3724 3852 3877
f 3877 4109 3911
f 4109 4181 3911
f 4181 4110 3970
f 4110 4146 3913
f 4146 4272 4147
f 4272 4403 4273
f 5312 5351 5392
f 5351 5247 5350
f 5350 5272 5348
f 5348 5347 5390
f 5347 5389 5390
f 5389 5375 5407
f 5375 5405 5407
f 5405 5420 5432
f 5420 5445 5461
f 5445 5496 5461
f 5496 5443 5495
f 5495 5570 5551
f 5570 5528 5569
f 5569 5549 5568
f 5568 5590 5613
f 5590 5612 5613
f 5612 5652 5613
f 5652 5670 5695
f 5670 5691 5695
f 5691 5714 5737
f 5737 5734 5761
f 5734 5759 5761
f 5759 5757 5780
f 5780 5779 5783
f 5783 5782 5787
f 5782 5785 5787
f 5787 5769 5770
f 5770 5774 5776
f 5776 5722 5725
f 5725 5727 5708
f 5727 5681 5708
f 5681 5683 5708
f 5683 5622 5643
f 5643 5623 5621
f 5623 5577 5621
f 5577 5578 5520
f 5520 5450 5465
f 5450 5392 5465
f 4403 4242 4273
f 4242 4304 4184
f 4304 4334 4244
f 4334 4245 4244
f 4245 4335 4277
f 4335 4372 4337
f 4372 4408 4337
f 4408 4441 4478
f 4478 4476 4544
f 4544 4542 4569
f 4542 4568 4590
f 4568 4588 4626
f 4588 4587 4625
f 4625 4624 4650
f 4624 4589 4650
f 4589 4591 4628
f 4591 4543 4593
f 4543 4545 4593
f 4545 4480 4519
f 4480 4374 4444
f 4374 4375 4444
f 4375 4279 4341
f 4279 4281 4341
f 4281 4218 4282
f 4218 4150 4192
f 4150 4151 4192
f 4151 4116 4152
f 4116 3973 4016
f 3973 3781 3854
f 3781 3635 3675
f 3635 3493 3465
f 3465 3299 3300
f 3299 3187 3300
f 3187 3139 3082
f 3082 3066 2973
f 2973 2931 2861
f 2861 2803 2739
f 2739 2640 2598
f 2640 2296 2598
f 2296 2390 2150
f 2390 2184 2150
f 2184 2078 2045
f 2078 1936 2045
f 1936 1905 1792
f 1905 1859 1711
f 1859 1749 1711
f 1749 1670 1587
f 1670 1629 1543
f 1629 1627 1540
f 1627 1663 1585
f 1663 1786 1664
f 1786 1785 1664
f 1785 1857 1787
f 1857 1856 1858
f 1856 1927 1855
f 1855 1784 1826
f 1784 1741 1742
f 1742 1662 1707
f 1707 1583 1584
f 1584 1447 1449
f 1449 1405 1406
f 1405 1371 1406
f 1371 1372 1375
f 1375 1328 1377
f 1377 1329 1409
f 1329 1407 1409
f 1407 1453 1458
f 1453 1541 1542
f 1541 1628 1630
f 1628 1746 1710
f 1746 1790 1710
f 1790 1829 1934
f 1934 2014 2045
f 2014 2015 2151
f 2015 2152 2151
f 2152 2346 2345
f 2346 2295 2565
f 2295 2477 2564
f 2477 2294 2475
f 2475 2433 2668
f 2433 2639 2668
f 2639 2558 2736
f 2558 2594 2709
f 2594 2557 2708
f 2557 2429 2667
f 2429 2511 2667
f 2511 2428 2638
f 2428 2472 2637
f 2472 2636 2637
f 2636 2470 2555
f 2555 2426 2469
f 2469 2386 2387
f 2387 2338 2385
f 2338 2335 2385
f 2335 2283 2333
f 2283 2332 2333
f 2332 2280 2331
f 2331 2381 2382
f 2382 2423 2383
f 2423 2465 2383
f 2465 2591 2507
f 2591 2662 2633
f 2662 2663 2633
f 2663 2706 2684
f 2706 2798 2707
f 2798 2876 2820
f 2876 2855 2875
f 2855 2874 2875
f 2874 2854 2873
f 2854 2837 2872
f 2837 2853 2872
f 2853 2869 2871
f 2869 2868 2870
f 2868 2901 2870
f 2901 2919 2902
f 2919 2946 2920
f 2946 2947 2920
f 2947 3003 3005
f 3005 3049 3006
f 3049 3050 3006
f 3050 3134 3063
f 3134 3197 3181
f 3197 3261 3262
f 3261 3291 3292
f 3291 3326 3327
f 3326 3419 3384
f 3419 3453 3384
f 3453 3522 3523
f 3522 3724 3584
f 3724 3877 3746
f 3877 3911 3725
f 3911 4181 3970
f 3970 4110 3913
f 3913 4146 4052
f 4146 4147 4052
f 4147 4272 4273
f 5392 5351 5409
f 5351 5350 5409
f 5350 5348 5408
f 5348 5390 5408
f 5390 5389 5435
f 5389 5407 5435
f 5407 5405 5433
f 5405 5432 5433
f 5432 5420 5461
f 5461 5496 5531
f 5496 5495 5551
f 5551 5570 5595
f 5570 5569 5615
f 5569 5568 5592
f 5568 5613 5592
f 5613 5652 5654
f 5652 5695 5696
f 5695 5691 5737
f 5737 5761 5738
f 5761 5759 5763
f 5759 5780 5784
f 5780 5783 5786
f 5783 5787 5788
f 5787 5770 5788
f 5770 5776 5775
f 5776 5725 5751
f 5725 5708 5709
f 5708 5683 5709
f 5683 5643 5664
f 5643 5621 5664
f 5621 5577 5576
f 5577 5520 5518
f 5520 5465 5518
f 5465 5392 5409
f 4273 4242 4148
f 4242 4184 4112
f 4184 4304 4244
f 4244 4245 4189
f 4245 4277 4188
f 4277 4335 4337
f 4337 4408 4339
f 4408 4478 4442
f 4478 4544 4518
f 4544 4569 4570
f 4569 4542 4590
f 4590 4568 4626
f 4626 4588 4625
f 4625 4650 4651
f 4650 4589 4628
f 4628 4591 4593
f 4593 4545 4571
f 4545 4519 4571
f 4519 4480 4444
f 4444 4375 4410
f 4375 4341 4410
f 4341 4281 4307
f 4281 4282 4307
f 4282 4218 4192
f 4192 4151 4152
f 4152 4116 4117
f 4116 4016 4117
f 4016 3973 3854
f 3854 3781 3675
f 3675 3635 3465
f 3465 3300 3301
f 3300 3187 3167
f 3187 3082 3093
f 3082 2973 3013
f 2973 2861 2881
f 2861 2739 2805
f 2739 2598 2711
f 2598 2296 2345
f 2296 2150 2014
f 2150 2184 2045
f 2045 1936 1934
f 1936 1792 1750
f 1792 1905 1711
f 1711 1749 1587
f 1587 1670 1543
f 1543 1629 1540
f 1540 1627 1585
f 1585 1663 1664
f 1664 1785 1708
f 1785 1787 1708
f 1787 1857 1858
f 1858 1856 1826
f 1856 1855 1826
f 1826 1784 1742
f 1742 1707 1826
f 1707 1584 1744
f 1584 1449 1448
f 1449 1406 1448
f 1406 1371 1374
f 1371 1375 1376
f 1375 1377 1376
f 1377 1409 1457
f 1409 1407 1458
f 1458 1453 1542
f 1542 1541 1630
f 1630 1628 1710
f 1710 1790 1669
f 1790 1934 1832
f 2045 2014 2150
f 2014 2151 2296
f 2151 2152 2345
f 2345 2346 2566
f 2346 2565 2566
f 2565 2295 2564
f 2564 2477 2687
f 2477 2475 2670
f 2475 2668 2670
f 2668 2639 2761
f 2639 2736 2761
f 2736 2558 2709
f 2709 2594 2708
f 2708 2557 2726
f 2557 2667 2726
f 2667 2511 2725
f 2511 2638 2725
f 2638 2428 2637
f 2637 2636 2724
f 2636 2555 2635
f 2555 2469 2510
f 2469 2387 2427
f 2387 2385 2427
f 2385 2335 2425
f 2335 2333 2425
f 2333 2332 2384
f 2332 2331 2383
f 2331 2382 2383
f 2383 2465 2466
f 2465 2507 2466
f 2507 2591 2633
f 2633 2663 2664
f 2663 2684 2664
f 2684 2706 2707
f 2707 2798 2724
f 2798 2820 2724
f 2820 2876 2907
f 2876 2875 2925
f 2875 2874 2924
f 2874 2873 2906
f 2873 2854 2872
f 2872 2853 2904
f 2853 2871 2904
f 2871 2869 2870
f 2870 2901 2902
f 2902 2919 2920
f 2920 2947 2921
f 2947 3005 2948
f 3005 3006 2948
f 3006 3050 3007
f 3050 3063 3007
f 3063 3134 3119
f 3134 3181 3119
f 3181 3197 3262
f 3262 3261 3294
f 3261 3292 3293
f 3292 3291 3327
f 3327 3326 3384
f 3384 3453 3420
f 3453 3523 3483
f 3523 3522 3584
f 3584 3724 3618
f 3724 3746 3618
f 3746 3877 3725
f 3725 3911 3726
f 3911 3970 3778
f 3970 3913 3778
f 3913 4052 3878
f 4052 4147 4011
f 4147 4273 4148
f 5409 5350 5408
f 5408 5390 5447
f 5390 5435 5447
f 5435 5407 5433
f 5433 5432 5463
f 5432 5461 5463
f 5461 5531 5514
f 5531 5496 5551
f 5551 5595 5572
f 5595 5570 5615
f 5615 5569 5592
f 5592 5613 5636
f 5613 5654 5636
f 5654 5652 5696
f 5696 5695 5719
f 5695 5737 5719
f 5737 5738 5719
f 5738 5761 5765
f 5761 5763 5765
f 5763 5759 5784
f 5784 5780 5786
f 5786 5783 5789
f 5783 5788 5789
f 5788 5770 5775
f 5775 5776 5751
f 5751 5725 5709
f 5709 5683 5664
f 5664 5621 5618
f 5621 5576 5618
f 5576 5577 5518
f 5518 5465 5478
f 5465 5409 5478
f 4148 4242 4112
f 4112 4184 4013
f 4184 4244 4085
f 4244 4189 4113
f 4189 4245 4188
f 4188 4277 4190
f 4277 4337 4339
f 4339 4408 4442
f 4442 4478 4518
f 4518 4544 4570
f 4570 4569 4592
f 4569 4590 4592
f 4590 4626 4627
f 4626 4625 4651
f 4651 4650 4652
f 4650 4628 4652
f 4628 4593 4630
f 4593 4571 4630
f 4571 4519 4547
f 4519 4444 4482
f 4444 4410 4482
f 4410 4341 4377
f 4341 4307 4377
f 4307 4282 4342
f 4282 4192 4250
f 4192 4152 4219
f 4152 4117 4193
f 4117 4016 4118
f 4016 3854 4055
f 3854 3675 3729
f 3675 3465 3535
f 3465 3301 3535
f 3301 3300 3167
f 3167 3187 3093
f 3093 3082 3013
f 3013 2973 2881
f 2881 2861 2805
f 2805 2739 2711
f 2711 2598 2566
f 2598 2345 2566
f 2345 2296 2151
f 1934 1936 1832
f 1936 1750 1832
f 1750 1792 1588
f 1792 1711 1588
f 1711 1587 1588
f 1587 1543 1494
f 1543 1540 1454
f 1540 1585 1493
f 1585 1664 1625
f 1664 1708 1625
f 1708 1787 1665
f 1787 1858 1788
f 1858 1826 1744
f 1826 1707 1744
f 1744 1584 1666
f 1584 1448 1537
f 1448 1406 1452
f 1406 1374 1452
f 1374 1371 1376
f 1376 1377 1457
f 1457 1409 1459
f 1409 1458 1459
f 1458 1542 1545
f 1542 1630 1545
f 1630 1710 1669
f 1669 1790 1832
f 2566 2565 2689
f 2565 2564 2728
f 2564 2687 2728
f 2687 2477 2670
f 2670 2668 2737
f 2668 2761 2737
f 2761 2736 2859
f 2736 2709 2799
f 2709 2708 2822
f 2708 2726 2822
f 2726 2667 2781
f 2667 2725 2781
f 2725 2638 2735
f 2638 2637 2735
f 2637 2724 2735
f 2724 2636 2707
f 2636 2635 2707
f 2635 2555 2510
f 2510 2469 2427
f 2427 2385 2425
f 2425 2333 2424
f 2333 2384 2424
f 2384 2332 2383
f 2383 2466 2384
f 2466 2507 2467
f 2507 2633 2551
f 2633 2664 2551
f 2664 2684 2634
f 2684 2707 2665
f 2724 2820 2735
f 2820 2907 2908
f 2907 2876 2925
f 2925 2875 2926
f 2875 2924 2926
f 2924 2874 2906
f 2906 2873 2923
f 2873 2872 2905
f 2872 2904 2905
f 2904 2871 2921
f 2871 2870 2903
f 2870 2902 2903
f 2902 2920 2903
f 2920 2921 2903
f 2921 2947 2948
f 2948 3006 2961
f 3006 3007 2961
f 3007 3063 3008
f 3063 3119 3075
f 3119 3181 3163
f 3181 3262 3296
f 3262 3294 3295
f 3294 3261 3293
f 3293 3292 3359
f 3292 3327 3328
f 3327 3384 3358
f 3384 3420 3358
f 3420 3453 3483
f 3483 3523 3549
f 3523 3584 3585
f 3584 3618 3585
f 3618 3746 3725
f 3725 3726 3622
f 3726 3911 3778
f 3778 3913 3747
f 3913 3878 3747
f 3878 4052 4011
f 4011 4147 4148
f 5409 5408 5478
f 5408 5447 5478
f 5447 5435 5499
f 5435 5433 5463
f 5463 5461 5514
f 5514 5531 5553
f 5531 5551 5572
f 5572 5595 5640
f 5595 5615 5657
f 5615 5592 5636
f 5636 5654 5699
f 5654 5696 5699
f 5696 5719 5721
f 5719 5738 5741
f 5738 5765 5741
f 5765 5763 5767
f 5763 5784 5767
f 5784 5786 5767
f 5786 5789 5768
f 5789 5788 5772
f 5788 5775 5772
f 5775 5751 5750
f 5751 5709 5707
f 5709 5664 5682
f 5664 5618 5682
f 5618 5576 5575
f 5576 5518 5535
f 5518 5478 5535
f 4148 4112 4012
f 4112 4013 4012
f 4013 4184 4085
f 4085 4244 4113
f 4113 4189 4015
f 4189 4188 4087
f 4188 4190 4087
f 4190 4277 4278
f 4277 4339 4278
f 4339 4442 4409
f 4442 4518 4481
f 4518 4570 4546
f 4570 4592 4594
f 4592 4590 4627
f 4627 4626 4651
f 4651 4652 4653
f 4652 4628 4630
f 4630 4571 4595
f 4571 4547 4595
f 4547 4519 4482
f 4482 4410 4445
f 4410 4377 4445
f 4377 4307 4342
f 4342 4282 4250
f 4250 4192 4219
f 4219 4152 4193
f 4193 4117 4149
f 4117 4118 4149
f 4118 4016 4055
f 4055 3854 4015
f 3854 3729 3832
f 3729 3675 3535
f 3535 3301 3298
f 3301 3167 3188
f 3167 3093 3094
f 3093 3013 3094
f 3013 2881 2932
f 2881 2805 2804
f 2805 2711 2804
f 2711 2566 2689
f 1832 1750 1669
f 1750 1588 1631
f 1588 1587 1495
f 1587 1494 1495
f 1494 1543 1454
f 1454 1540 1493
f 1493 1585 1538
f 1585 1625 1538
f 1625 1708 1665
f 1665 1787 1788
f 1788 1858 1744
f 1744 1666 1788
f 1666 1584 1537
f 1537 1448 1492
f 1448 1452 1492
f 1452 1374 1408
f 1374 1376 1408
f 1376 1457 1456
f 1457 1459 1496
f 1459 1458 1545
f 1545 1630 1669
f 2689 2565 2729
f 2565 2728 2729
f 2728 2687 2802
f 2687 2670 2782
f 2670 2737 2782
f 2737 2761 2879
f 2761 2859 2878
f 2859 2736 2799
f 2799 2709 2822
f 2822 2726 2857
f 2726 2781 2857
f 2781 2725 2821
f 2725 2735 2838
f 2707 2635 2665
f 2635 2510 2554
f 2510 2427 2468
f 2427 2425 2468
f 2425 2424 2509
f 2424 2384 2467
f 2384 2466 2467
f 2467 2507 2551
f 2551 2664 2592
f 2664 2634 2592
f 2634 2684 2665
f 2735 2820 2838
f 2820 2908 2838
f 2908 2907 2925
f 2925 2926 2953
f 2926 2924 2952
f 2924 2906 2951
f 2906 2923 2951
f 2923 2873 2905
f 2905 2904 2922
f 2904 2921 2922
f 2921 2871 2903
f 2921 2948 2922
f 2948 2961 2950
f 2961 3007 2962
f 3007 3008 2986
f 3008 3063 3052
f 3063 3075 3052
f 3075 3119 3163
f 3163 3181 3233
f 3181 3296 3233
f 3296 3262 3295
f 3295 3294 3330
f 3294 3293 3329
f 3293 3359 3360
f 3359 3292 3328
f 3328 3327 3358
f 3358 3420 3421
f 3420 3483 3421
f 3483 3549 3550
f 3549 3523 3585
f 3585 3618 3619
f 3618 3725 3622
f 3622 3726 3624
f 3726 3778 3592
f 3778 3747 3592
f 3747 3878 3748
f 3878 4011 3879
f 4011 4148 3941
f 5478 5447 5517
f 5447 5499 5517
f 5499 5435 5463
f 5463 5514 5499
f 5514 5553 5573
f 5553 5531 5572
f 5572 5640 5599
f 5640 5595 5657
f 5657 5615 5636
f 5636 5699 5657
f 5699 5696 5721
f 5721 5719 5741
f 5741 5765 5742
f 5765 5767 5744
f 5767 5786 5768
f 5768 5789 5771
f 5789 5772 5771
f 5772 5775 5750
f 5750 5751 5707
f 5707 5709 5682
f 5682 5618 5662
f 5618 5575 5602
f 5575 5576 5535
f 5535 5478 5557
f 4148 4012 3941
f 4012 4013 3881
f 4013 4085 3853
f 4085 4113 3971
f 4113 4015 3971
f 4015 4189 4087
f 4087 4190 4055
f 4190 4278 4248
f 4278 4339 4409
f 4409 4442 4481
f 4481 4518 4546
f 4546 4570 4594
f 4594 4592 4629
f 4592 4627 4629
f 4627 4651 4653
f 4653 4652 4654
f 4652 4630 4654
f 4630 4595 4654
f 4595 4547 4550
f 4547 4482 4550
f 4482 4445 4550
f 4445 4377 4411
f 4377 4342 4411
f 4342 4250 4343
f 4250 4219 4283
f 4219 4193 4251
f 4193 4149 4249
f 4149 4118 4190
f 4118 4055 4190
f 4055 4015 4087
f 4015 3854 3832
f 3832 3729 3673
f 3729 3535 3673
f 3535 3298 3432
f 3298 3301 3188
f 3188 3167 3094
f 3094 3013 3030
f 3013 2932 3030
f 2932 2881 2804
f 2804 2711 2689
f 1669 1750 1631
f 1631 1588 1544
f 1588 1495 1496
f 1495 1494 1455
f 1494 1454 1455
f 1454 1493 1451
f 1493 1538 1451
f 1538 1625 1586
f 1625 1665 1586
f 1665 1788 1666
f 1666 1537 1586
f 1537 1492 1586
f 1492 1452 1451
f 1452 1408 1451
f 1408 1376 1456
f 1456 1457 1496
f 1496 1459 1544
f 1459 1545 1544
f 1545 1669 1631
f 2689 2729 2804
f 2729 2728 2840
f 2728 2802 2840
f 2802 2687 2782
f 2782 2737 2879
f 2879 2761 2878
f 2878 2859 2992
f 2859 2799 2928
f 2799 2822 2928
f 2822 2857 2968
f 2857 2781 2856
f 2781 2821 2856
f 2821 2725 2838
f 2665 2635 2593
f 2635 2554 2593
f 2554 2510 2468
f 2468 2425 2509
f 2509 2424 2508
f 2424 2467 2508
f 2467 2551 2508
f 2551 2592 2508
f 2592 2634 2553
f 2634 2665 2593
f 2838 2908 2910
f 2908 2925 2953
f 2953 2926 2966
f 2926 2952 2966
f 2952 2924 2964
f 2924 2951 2964
f 2951 2923 2950
f 2923 2905 2922
f 2922 2948 2950
f 2950 2961 2962
f 2962 3007 2963
f 3007 2986 2963
f 2986 3008 2987
f 3008 3052 2987
f 3052 3075 3009
f 3075 3163 3120
f 3163 3233 3198
f 3233 3296 3394
f 3296 3295 3331
f 3295 3330 3331
f 3330 3294 3329
f 3329 3293 3360
f 3360 3359 3387
f 3359 3328 3385
f 3328 3358 3385
f 3358 3421 3385
f 3421 3483 3484
f 3483 3550 3484
f 3550 3549 3586
f 3549 3585 3586
f 3585 3619 3586
f 3619 3618 3622
f 3622 3624 3626
f 3624 3726 3628
f 3726 3592 3628
f 3592 3747 3593
f 3747 3748 3655
f 3748 3878 3879
f 3879 4011 3941
f 5478 5517 5557
f 5517 5499 5555
f 5499 5514 5573
f 5573 5553 5599
f 5553 5572 5599
f 5599 5640 5658
f 5640 5657 5675
f 5657 5699 5702
f 5699 5721 5742
f 5721 5741 5742
f 5742 5765 5744
f 5744 5767 5745
f 5767 5768 5773
f 5768 5771 5773
f 5771 5772 5748
f 5772 5750 5748
f 5750 5707 5726
f 5707 5682 5680
f 5682 5662 5680
f 5662 5618 5602
f 5602 5575 5557
f 5575 5535 5557
f 3941 4012 3881
f 3881 4013 3807
f 4013 3853 3807
f 3853 4085 3971
f 3971 4015 3832
f 4190 4248 4217
f 4248 4278 4340
f 4278 4409 4340
f 4409 4481 4443
f 4481 4546 4520
f 4546 4594 4572
f 4594 4629 4631
f 4629 4627 4653
f 4653 4654 4629
f 4654 4595 4596
f 4595 4550 4596
f 4550 4445 4485
f 4445 4411 4485
f 4411 4342 4343
f 4343 4250 4283
f 4283 4219 4251
f 4251 4193 4249
f 4249 4149 4217
f 4149 4190 4217
f 3832 3673 3750
f 3673 3535 3432
f 3432 3298 3203
f 3298 3188 3203
f 3188 3094 3092
f 3094 3030 3092
f 3030 2932 2972
f 2932 2804 2840
f 1631 1544 1545
f 1544 1588 1496
f 1496 1495 1456
f 1495 1455 1456
f 1455 1454 1451
f 1451 1538 1492
f 1538 1586 1492
f 1586 1665 1666
f 1451 1408 1455
f 1408 1456 1455
f 2804 2729 2840
f 2840 2802 2930
f 2802 2782 2912
f 2782 2879 2929
f 2879 2878 2993
f 2878 2992 2993
f 2992 2859 2991
f 2859 2928 2991
f 2928 2822 2968
f 2968 2857 2990
f 2857 2856 2927
f 2856 2821 2910
f 2821 2838 2910
f 2593 2554 2553
f 2554 2468 2553
f 2468 2509 2553
f 2509 2508 2592
f 2592 2553 2509
f 2553 2634 2593
f 2910 2908 2967
f 2908 2953 2967
f 2953 2966 2967
f 2966 2952 2988
f 2952 2964 2965
f 2964 2951 2962
f 2951 2950 2962
f 2950 2923 2922
f 2962 2963 2964
f 2963 2986 2965
f 2986 2987 2965
f 2987 3052 2988
f 3052 3009 2988
f 3009 3075 3053
f 3075 3120 3053
f 3120 3163 3198
f 3198 3233 3362
f 3233 3394 3362
f 3394 3296 3392
f 3296 3331 3391
f 3331 3330 3389
f 3330 3329 3361
f 3329 3360 3361
f 3360 3387 3388
f 3387 3359 3386
f 3359 3385 3386
f 3385 3421 3454
f 3421 3484 3485
f 3484 3550 3551
f 3550 3586 3620
f 3586 3619 3621
f 3619 3622 3621
f 3622 3626 3654
f 3626 3624 3628
f 3628 3592 3590
f 3592 3593 3529
f 3593 3747 3655
f 3655 3748 3656
f 3748 3879 3805
f 3879 3941 3806
f 5557 5517 5574
f 5517 5555 5574
f 5555 5499 5573
f 5573 5599 5616
f 5599 5658 5616
f 5658 5640 5675
f 5675 5657 5702
f 5702 5699 5742
f 5742 5744 5746
f 5744 5745 5746
f 5745 5767 5773
f 5773 5771 5748
f 5748 5750 5726
f 5726 5707 5680
f 5680 5662 5679
f 5662 5602 5617
f 5602 5557 5574
f 3941 3881 3806
f 3881 3807 3749
f 3807 3853 3728
f 3853 3971 3832
f 4217 4248 4280
f 4248 4340 4280
f 4340 4409 4443
f 4443 4481 4520
f 4520 4546 4572
f 4572 4594 4631
f 4631 4629 4654
f 4654 4596 4631
f 4596 4550 4548
f 4550 4485 4548
f 4485 4411 4343
f 4343 4283 4308
f 4283 4251 4308
f 4251 4249 4308
f 4249 4217 4280
f 3832 3750 3853
f 3750 3673 3559
f 3673 3432 3559
f 3432 3203 3219
f 3203 3188 3092
f 3092 3030 2972
f 2972 2932 2840
f 2840 2729 2783
f 2840 2930 2972
f 2930 2802 2912
f 2912 2782 2929
f 2929 2879 3011
f 2879 2993 3011
f 2993 2992 3064
f 2992 2991 3091
f 2991 2928 3054
f 2928 2968 3029
f 2968 2990 3078
f 2990 2857 2927
f 2927 2856 2910
f 2910 2967 2927
f 2967 2966 3009
f 2966 2988 3009
f 2988 2952 2965
f 2965 2964 2963
f 2965 2987 2988
f 3009 3053 2967
f 3053 3120 3076
f 3120 3198 3076
f 3198 3362 3363
f 3362 3394 3489
f 3394 3392 3461
f 3392 3296 3391
f 3391 3331 3389
f 3389 3330 3390
f 3330 3361 3390
f 3361 3360 3388
f 3388 3387 3426
f 3387 3386 3424
f 3386 3385 3422
f 3385 3454 3422
f 3454 3421 3485
f 3485 3484 3551
f 3551 3550 3620
f 3620 3586 3621
f 3621 3622 3654
f 3654 3626 3629
f 3626 3628 3590
f 3590 3592 3529
f 3529 3593 3531
f 3593 3655 3531
f 3655 3656 3490
f 3656 3748 3805
f 3805 3879 3806
f 5574 5555 5601
f 5555 5573 5616
f 5616 5658 5678
f 5658 5675 5703
f 5675 5702 5703
f 5702 5742 5746
f 5746 5745 5723
f 5745 5773 5749
f 5773 5748 5749
f 5748 5726 5724
f 5726 5680 5679
f 5679 5662 5659
f 5662 5617 5659
f 5617 5602 5601
f 5602 5574 5601
f 3806 3881 3749
f 3749 3807 3672
f 3807 3728 3672
f 3728 3853 3699
f 4280 4340 4376
f 4340 4443 4376
f 4443 4520 4483
f 4520 4572 4483
f 4572 4631 4597
f 4631 4596 4597
f 4596 4548 4597
f 4548 4485 4484
f 4485 4343 4412
f 4343 4308 4412
f 4308 4249 4280
f 3853 3750 3699
f 3750 3559 3699
f 3559 3432 3397
f 3432 3219 3397
f 3219 3203 3107
f 3203 3092 3107
f 3092 2972 3107
f 2972 2930 3055
f 2930 2912 3055
f 2912 2929 3012
f 2929 3011 3012
f 3011 2993 3104
f 2993 3064 3104
f 3064 2992 3091
f 3091 2991 3054
f 3054 2928 3029
f 3029 2968 3078
f 3078 2990 3077
f 2990 2927 2967
f 2967 3053 3076
f 3076 3198 3164
f 3198 3363 3164
f 3363 3362 3490
f 3362 3489 3490
f 3489 3394 3531
f 3394 3461 3531
f 3461 3392 3488
f 3392 3391 3488
f 3391 3389 3459
f 3389 3390 3428
f 3390 3361 3425
f 3361 3388 3425
f 3388 3426 3425
f 3426 3387 3424
f 3424 3386 3422
f 3422 3454 3455
f 3454 3485 3455
f 3485 3551 3524
f 3551 3620 3587
f 3620 3621 3623
f 3621 3654 3623
f 3654 3629 3627
f 3629 3626 3590
f 3590 3529 3528
f 3529 3531 3461
f 3531 3655 3489
f 3655 3490 3489
f 3490 3656 3363
f 3656 3805 3806
f 5601 5555 5616
f 5616 5678 5660
f 5678 5658 5703
f 5703 5702 5746
f 5746 5723 5703
f 5723 5745 5749
f 5749 5748 5724
f 5724 5726 5679
f 5679 5659 5705
f 5659 5617 5660
f 5617 5601 5616
f 3806 3749 3633
f 3749 3672 3594
f 3672 3728 3595
f 3728 3699 3595
f 4280 4376 4308
f 4376 4443 4483
f 4483 4572 4549
f 4572 4597 4549
f 4597 4548 4549
f 4548 4484 4549
f 4484 4485 4412
f 4412 4308 4376
f 3699 3559 3492
f 3559 3397 3492
f 3397 3219 3266
f 3219 3107 3138
f 3107 2972 3055
f 3055 2912 3012
f 3012 3011 3106
f 3011 3104 3106
f 3104 3064 3136
f 3064 3091 3136
f 3091 3054 3121
f 3054 3029 3102
f 3029 3078 3102
f 3078 3077 3183
f 3077 2990 2967
f 2967 3076 3077
f 3076 3164 3077
f 3164 3363 3183
f 3461 3488 3529
f 3488 3391 3459
f 3459 3389 3428
f 3428 3390 3427
f 3390 3425 3427
f 3425 3426 3457
f 3426 3424 3456
f 3424 3422 3455
f 3455 3485 3524
f 3524 3551 3552
f 3551 3587 3552
f 3587 3620 3623
f 3623 3654 3627
f 3627 3629 3630
f 3629 3590 3591
f 3590 3528 3591
f 3528 3529 3488
f 3363 3656 3533
f 3656 3806 3633
f 5616 5660 5617
f 5660 5678 5705
f 5678 5703 5723
f 5723 5749 5705
f 5749 5724 5705
f 5724 5679 5705
f 5705 5659 5660
f 3633 3749 3594
f 3594 3672 3464
f 3672 3595 3464
f 3595 3699 3492
f 4376 4483 4484
f 4483 4549 4484
f 4484 4412 4376
f 3492 3397 3266
f 3266 3219 3186
f 3219 3138 3186
f 3138 3107 3055
f 3055 3012 3106
f 3106 3104 3217
f 3104 3136 3216
f 3136 3091 3185
f 3091 3121 3215
f 3121 3054 3102
f 3102 3078 3199
f 3078 3183 3199
f 3183 3077 3164
f 3183 3363 3364
f 3488 3459 3528
f 3459 3428 3460
f 3428 3427 3458
f 3427 3425 3458
f 3425 3457 3458
f 3457 3426 3456
f 3456 3424 3455
f 3455 3524 3525
f 3524 3552 3525
f 3552 3587 3625
f 3587 3623 3625
f 3623 3627 3625
f 3627 3630 3589
f 3630 3629 3591
f 3591 3528 3556
f 3363 3533 3364
f 3533 3656 3633
f 5705 5678 5723
f 3633 3594 3463
f 3594 3464 3429
f 3464 3595 3396
f 3595 3492 3396
f 3492 3266 3217
f 3266 3186 3217
f 3186 3138 3106
f 3138 3055 3106
f 3106 3217 3186
f 3217 3104 3216
f 3216 3136 3185
f 3185 3091 3215
f 3215 3121 3184
f 3121 3102 3184
f 3102 3199 3184
f 3199 3183 3364
f 3528 3459 3530
f 3459 3460 3530
f 3460 3428 3458
f 3458 3457 3487
f 3457 3456 3486
f 3456 3455 3526
f 3455 3525 3526
f 3525 3552 3553
f 3552 3625 3553
f 3625 3627 3588
f 3627 3589 3588
f 3589 3630 3556
f 3630 3591 3556
f 3556 3528 3530
f 3364 3533 3462
f 3533 3633 3462
f 3633 3463 3462
f 3463 3594 3429
f 3429 3464 3333
f 3464 3396 3216
f 3396 3492 3217
f 3217 3216 3396
f 3216 3185 3333
f 3185 3215 3333
f 3215 3184 3332
f 3184 3199 3332
f 3199 3364 3332
f 3530 3460 3458
f 3458 3487 3530
f 3487 3457 3527
f 3457 3486 3527
f 3486 3456 3526
f 3526 3525 3553
f 3553 3625 3588
f 3588 3589 3555
f 3589 3556 3555
f 3556 3530 3555
f 3364 3462 3332
f 3462 3463 3332
f 3463 3429 3366
f 3429 3333 3366
f 3333 3464 3216
f 3333 3215 3366
f 3215 3332 3366
f 3530 3487 3555
f 3487 3527 3555
f 3527 3486 3554
f 3486 3526 3554
f 3526 3553 3554
f 3553 3588 3554
f 3588 3555 3554
f 3332 3463 3366
f 3555 3527 3554

