# https://github.com/mikedh/trimesh
v -0.47265625 -0.04296875 0.00390625
v -0.47265625 -0.01171875 -0.01171875
v -0.46484375 -0.04296875 -0.02734375
v -0.46484375 -0.03515625 0.03515625
v -0.46484375 -0.01171875 -0.03515625
v -0.46484375 -0.00390625 0.02734375
v -0.46484375 0.02734375 -0.01953125
v -0.46484375 0.07421875 -0.01953125
v -0.45703125 -0.08984375 -0.01171875
v -0.45703125 -0.08203125 0.01953125
v -0.45703125 -0.06640625 0.05859375
v -0.45703125 -0.04296875 -0.03515625
v -0.45703125 -0.01953125 0.05078125
v -0.45703125 -0.01171875 -0.04296875
v -0.45703125 0.02734375 -0.05078125
v -0.45703125 0.03515625 0.01171875
v -0.45703125 0.06640625 -0.02734375
v -0.45703125 0.07421875 -0.01171875
v -0.45703125 0.09765625 -0.05078125
v -0.45703125 0.10546875 -0.02734375
v -0.44921875 -0.12109375 0.00390625
v -0.44921875 -0.11328125 0.03515625
v -0.44921875 -0.10546875 0.07421875
v -0.44921875 -0.08984375 -0.01171875
v -0.44921875 -0.05078125 -0.03515625
v -0.44921875 -0.03515625 -0.05859375
v -0.44921875 -0.01953125 -0.05078125
v -0.44921875 0.01171875 0.05078125
v -0.44921875 0.01953125 -0.07421875
v -0.44921875 0.04296875 0.03515625
v -0.44921875 0.05859375 -0.07421875
v -0.44921875 0.07421875 -0.09765625
v -0.44921875 0.08203125 -0.08203125
v -0.44921875 0.08203125 0.00390625
v -0.44921875 0.08984375 -0.09765625
v -0.44921875 0.08984375 -0.06640625
v -0.44921875 0.10546875 -0.07421875
v -0.44921875 0.10546875 -0.02734375
v -0.44921875 0.12109375 -0.05078125
v -0.44921875 0.12109375 -0.04296875
v -0.44921875 0.12890625 -0.08203125
v -0.44140625 -0.12109375 -0.00390625
v -0.44140625 -0.11328125 0.03515625
v -0.44140625 -0.05078125 -0.00390625
v -0.44140625 -0.05078125 0.02734375
v -0.44140625 0.00390625 -0.08203125
v -0.44140625 0.01953125 -0.07421875
v -0.44140625 0.05078125 -0.08984375
v -0.44140625 0.11328125 -0.08984375
v -0.44140625 0.12109375 -0.09765625
v -0.44140625 0.12109375 -0.08984375
v -0.44140625 0.12890625 -0.09765625
v -0.44140625 0.12890625 -0.08984375
v -0.44140625 0.12890625 -0.08203125
v -0.44140625 0.12890625 -0.06640625
v -0.44140625 0.13671875 -0.08984375
v -0.44140625 0.13671875 -0.05078125
v -0.43359375 -0.13671875 -0.00390625
v -0.43359375 -0.12890625 0.01171875
v -0.43359375 -0.11328125 0.01171875
v -0.43359375 -0.10546875 0.06640625
v -0.43359375 -0.01171875 0.06640625
v -0.43359375 0.01171875 0.05859375
v -0.43359375 0.05078125 -0.09765625
v -0.43359375 0.05078125 0.04296875
v -0.43359375 0.07421875 -0.12109375
v -0.43359375 0.07421875 -0.10546875
v -0.43359375 0.08984375 -0.10546875
v -0.43359375 0.09765625 -0.12890625
v -0.43359375 0.10546875 -0.10546875
v -0.43359375 0.11328125 -0.10546875
v -0.43359375 0.12109375 -0.09765625
v -0.43359375 0.12109375 -0.08984375
v -0.43359375 0.12109375 -0.01171875
v -0.43359375 0.12890625 -0.09765625
v -0.43359375 0.12890625 -0.08984375
v -0.42578125 -0.06640625 0.06640625
v -0.42578125 -0.05078125 -0.05078125
v -0.42578125 -0.05078125 0.07421875
v -0.42578125 -0.04296875 0.05859375
v -0.42578125 -0.03515625 -0.06640625
v -0.42578125 0.00390625 -0.08984375
v -0.42578125 0.04296875 -0.10546875
v -0.42578125 0.06640625 -0.12890625
v -0.42578125 0.08203125 0.02734375
v -0.42578125 0.12890625 -0.12890625
v -0.42578125 0.14453125 -0.10546875
v -0.42578125 0.14453125 -0.08203125
v -0.42578125 0.14453125 -0.02734375
v -0.42578125 0.16015625 -0.08203125
v -0.41796875 -0.06640625 -0.05078125
v -0.41796875 -0.04296875 0.05078125
v -0.41796875 -0.03515625 0.03515625
v -0.41796875 0.06640625 -0.12890625
v -0.41796875 0.08203125 -0.14453125
v -0.41796875 0.13671875 -0.13671875
v -0.41796875 0.23828125 -0.07421875
v -0.41796875 0.23828125 -0.05859375
v -0.41796875 0.23828125 0.01171875
v -0.41796875 0.26953125 -0.05078125
v -0.41796875 0.33203125 -0.05078125
v -0.41796875 0.35546875 -0.05078125
v -0.41796875 0.35546875 -0.01171875
v -0.41796875 0.35546875 0.01953125
v -0.41015625 -0.09765625 0.10546875
v -0.41015625 -0.08984375 -0.03515625
v -0.41015625 -0.06640625 -0.04296875
v -0.41015625 -0.05078125 -0.05078125
v -0.41015625 -0.01171875 0.07421875
v -0.41015625 0.17578125 -0.12890625
v -0.41015625 0.17578125 -0.05078125
v -0.41015625 0.20703125 0.01171875
v -0.41015625 0.21484375 -0.07421875
v -0.41015625 0.26953125 -0.06640625
v -0.41015625 0.26953125 0.00390625
v -0.41015625 0.33203125 -0.01171875
v -0.41015625 0.33203125 0.02734375
v -0.41015625 0.35546875 -0.05078125
v -0.41015625 0.35546875 -0.01171875
v -0.41015625 0.35546875 0.02734375
v -0.40234375 -0.12890625 -0.02734375
v -0.40234375 -0.09765625 0.08984375
v -0.40234375 -0.08984375 -0.03515625
v -0.40234375 -0.05859375 -0.03515625
v -0.40234375 -0.04296875 0.01171875
v -0.40234375 0.04296875 -0.11328125
v -0.40234375 0.08203125 -0.13671875
v -0.40234375 0.10546875 -0.14453125
v -0.40234375 0.12890625 -0.01953125
v -0.40234375 0.12890625 0.00390625
v -0.40234375 0.14453125 -0.02734375
v -0.40234375 0.14453125 -0.01953125
v -0.40234375 0.16796875 -0.03515625
v -0.40234375 0.33203125 -0.09765625
v -0.40234375 0.33203125 -0.05078125
v -0.40234375 0.33203125 -0.01171875
v -0.40234375 0.35546875 -0.09765625
v -0.40234375 0.35546875 -0.08203125
v -0.40234375 0.35546875 -0.05859375
v -0.40234375 0.35546875 -0.05078125
v -0.40234375 0.35546875 0.01953125
v -0.39453125 -0.12109375 -0.02734375
v -0.39453125 -0.11328125 0.01953125
v -0.39453125 -0.08984375 0.00390625
v -0.39453125 -0.08203125 -0.03515625
v -0.39453125 -0.08203125 0.03515625
v -0.39453125 -0.05859375 -0.01171875
v -0.39453125 -0.05859375 0.01953125
v -0.39453125 -0.05078125 0.03515625
v -0.39453125 -0.04296875 -0.02734375
v -0.39453125 -0.04296875 0.00390625
v -0.39453125 -0.02734375 0.08984375
v -0.39453125 0.00390625 0.08203125
v -0.39453125 0.01171875 0.07421875
v -0.39453125 0.08984375 -0.12890625
v -0.39453125 0.11328125 -0.13671875
v -0.39453125 0.12890625 -0.09765625
v -0.39453125 0.14453125 -0.03515625
v -0.39453125 0.16015625 -0.04296875
v -0.39453125 0.16796875 -0.11328125
v -0.39453125 0.20703125 0.01171875
v -0.39453125 0.21484375 -0.07421875
v -0.39453125 0.23828125 -0.07421875
v -0.39453125 0.23828125 0.01953125
v -0.39453125 0.26171875 -0.06640625
v -0.39453125 0.26171875 0.01171875
v -0.39453125 0.29296875 -0.06640625
v -0.39453125 0.29296875 -0.05078125
v -0.39453125 0.29296875 -0.00390625
v -0.39453125 0.35546875 -0.08203125
v -0.39453125 0.40234375 0.01953125
v -0.38671875 -0.15234375 -0.01171875
v -0.38671875 -0.14453125 -0.02734375
v -0.38671875 -0.14453125 0.00390625
v -0.38671875 -0.14453125 0.02734375
v -0.38671875 -0.12890625 0.02734375
v -0.38671875 -0.12109375 -0.01953125
v -0.38671875 -0.10546875 0.05078125
v -0.38671875 -0.07421875 0.10546875
v -0.38671875 -0.06640625 0.10546875
v -0.38671875 -0.05078125 0.05078125
v -0.38671875 -0.04296875 0.06640625
v -0.38671875 -0.03515625 0.07421875
v -0.38671875 0.05078125 0.06640625
v -0.38671875 0.12890625 -0.05859375
v -0.38671875 0.16015625 -0.13671875
v -0.38671875 0.16015625 -0.10546875
v -0.38671875 0.21484375 -0.07421875
v -0.38671875 0.21484375 0.01171875
v -0.38671875 0.26171875 0.01171875
v -0.38671875 0.29296875 0.01171875
v -0.38671875 0.29296875 0.04296875
v -0.38671875 0.30859375 -0.05859375
v -0.38671875 0.30859375 -0.05078125
v -0.38671875 0.30859375 -0.00390625
v -0.38671875 0.35546875 -0.08203125
v -0.38671875 0.40234375 -0.08203125
v -0.37890625 -0.15234375 0.00390625
v -0.37890625 -0.15234375 0.02734375
v -0.37890625 -0.13671875 -0.01953125
v -0.37890625 -0.13671875 0.05859375
v -0.37890625 -0.12890625 0.00390625
v -0.37890625 -0.11328125 -0.00390625
v -0.37890625 -0.10546875 0.06640625
v -0.37890625 -0.08984375 -0.01953125
v -0.37890625 -0.08203125 0.06640625
v -0.37890625 0.03515625 0.08203125
v -0.37890625 0.07421875 0.05078125
v -0.37890625 0.11328125 -0.04296875
v -0.37890625 0.15234375 -0.13671875
v -0.37890625 0.16015625 -0.13671875
v -0.37890625 0.16015625 -0.12890625
v -0.37890625 0.25390625 -0.06640625
v -0.37890625 0.25390625 -0.00390625
v -0.37890625 0.27734375 -0.06640625
v -0.37890625 0.27734375 0.00390625
v -0.37890625 0.30078125 0.01171875
v -0.37890625 0.30078125 0.06640625
v -0.37890625 0.30859375 -0.12109375
v -0.37890625 0.30859375 0.01171875
v -0.37890625 0.40234375 -0.05078125
v -0.37890625 0.40234375 -0.01171875
v -0.37890625 0.41015625 -0.08203125
v -0.37890625 0.41015625 -0.05078125
v -0.37890625 0.41015625 -0.00390625
v -0.37890625 0.41015625 0.04296875
v -0.37109375 -0.15234375 -0.01171875
v -0.37109375 -0.14453125 -0.00390625
v -0.37109375 -0.14453125 0.05859375
v -0.37109375 -0.12890625 0.06640625
v -0.37109375 -0.07421875 -0.05078125
v -0.37109375 -0.06640625 -0.03515625
v -0.37109375 -0.05078125 -0.07421875
v -0.37109375 -0.05078125 -0.04296875
v -0.37109375 -0.04296875 -0.08984375
v -0.37109375 -0.03515625 0.10546875
v -0.37109375 -0.00390625 -0.09765625
v -0.37109375 0.02734375 -0.10546875
v -0.37109375 0.05859375 -0.11328125
v -0.37109375 0.05859375 0.06640625
v -0.37109375 0.09765625 -0.07421875
v -0.37109375 0.10546875 -0.05859375
v -0.37109375 0.11328125 -0.08203125
v -0.37109375 0.11328125 -0.04296875
v -0.37109375 0.11328125 0.03515625
v -0.37109375 0.12109375 -0.04296875
v -0.37109375 0.12109375 -0.01171875
v -0.37109375 0.13671875 -0.00390625
v -0.37109375 0.15234375 -0.12890625
v -0.37109375 0.23828125 -0.07421875
v -0.37109375 0.23828125 0.01171875
v -0.37109375 0.29296875 -0.06640625
v -0.37109375 0.30859375 -0.08203125
v -0.37109375 0.35546875 0.05859375
v -0.37109375 0.40234375 -0.05859375
v -0.37109375 0.40234375 -0.05078125
v -0.37109375 0.40234375 0.01171875
v -0.37109375 0.40234375 0.03515625
v -0.36328125 -0.12890625 -0.01171875
v -0.36328125 -0.11328125 -0.01953125
v -0.36328125 -0.09765625 -0.02734375
v -0.36328125 -0.00390625 0.08984375
v -0.36328125 0.06640625 -0.11328125
v -0.36328125 0.08984375 -0.11328125
v -0.36328125 0.09765625 -0.11328125
v -0.36328125 0.11328125 -0.02734375
v -0.36328125 0.11328125 0.01953125
v -0.36328125 0.12109375 -0.05859375
v -0.36328125 0.12109375 -0.02734375
v -0.36328125 0.12890625 -0.04296875
v -0.36328125 0.21484375 -0.05078125
v -0.36328125 0.23828125 -0.05078125
v -0.36328125 0.23828125 -0.01171875
v -0.36328125 0.25390625 0.04296875
v -0.36328125 0.26953125 -0.07421875
v -0.36328125 0.26953125 -0.05078125
v -0.36328125 0.26953125 -0.01171875
v -0.36328125 0.28515625 0.03515625
v -0.36328125 0.29296875 0.00390625
v -0.36328125 0.30078125 -0.08203125
v -0.36328125 0.33984375 -0.11328125
v -0.36328125 0.35546875 0.05078125
v -0.36328125 0.40234375 -0.07421875
v -0.36328125 0.40234375 -0.00390625
v -0.35546875 -0.15234375 -0.01171875
v -0.35546875 -0.13671875 -0.01953125
v -0.35546875 -0.09765625 0.07421875
v -0.35546875 -0.04296875 0.08203125
v -0.35546875 -0.00390625 0.08203125
v -0.35546875 0.02734375 0.08984375
v -0.35546875 0.08984375 -0.08203125
v -0.35546875 0.10546875 -0.07421875
v -0.35546875 0.11328125 -0.07421875
v -0.35546875 0.11328125 -0.01953125
v -0.35546875 0.12890625 -0.05859375
v -0.35546875 0.12890625 -0.02734375
v -0.35546875 0.12890625 0.01953125
v -0.35546875 0.14453125 -0.04296875
v -0.35546875 0.15234375 -0.04296875
v -0.35546875 0.16796875 -0.03515625
v -0.35546875 0.19921875 -0.07421875
v -0.35546875 0.19921875 -0.06640625
v -0.35546875 0.19921875 -0.05078125
v -0.35546875 0.19921875 -0.02734375
v -0.35546875 0.19921875 -0.01171875
v -0.35546875 0.21484375 -0.06640625
v -0.35546875 0.21484375 -0.02734375
v -0.35546875 0.21484375 -0.00390625
v -0.35546875 0.23046875 -0.07421875
v -0.35546875 0.24609375 -0.07421875
v -0.35546875 0.24609375 -0.01171875
v -0.35546875 0.25390625 -0.07421875
v -0.35546875 0.26171875 -0.08984375
v -0.35546875 0.26171875 0.06640625
v -0.35546875 0.26953125 0.01171875
v -0.35546875 0.26953125 0.07421875
v -0.35546875 0.28515625 -0.11328125
v -0.35546875 0.28515625 -0.08203125
v -0.35546875 0.29296875 0.02734375
v -0.34765625 -0.16796875 0.00390625
v -0.34765625 -0.14453125 -0.01953125
v -0.34765625 -0.13671875 0.06640625
v -0.34765625 -0.07421875 -0.03515625
v -0.34765625 -0.05078125 0.06640625
v -0.34765625 -0.05078125 0.07421875
v -0.34765625 0.05859375 0.06640625
v -0.34765625 0.06640625 0.06640625
v -0.34765625 0.07421875 -0.10546875
v -0.34765625 0.08203125 -0.10546875
v -0.34765625 0.11328125 -0.01953125
v -0.34765625 0.12109375 -0.01171875
v -0.34765625 0.12890625 -0.07421875
v -0.34765625 0.15234375 -0.05859375
v -0.34765625 0.15234375 -0.01953125
v -0.34765625 0.16796875 -0.05859375
v -0.34765625 0.16796875 -0.01171875
v -0.34765625 0.19921875 -0.00390625
v -0.34765625 0.21484375 -0.00390625
v -0.34765625 0.23828125 -0.00390625
v -0.34765625 0.24609375 -0.07421875
v -0.34765625 0.24609375 0.05859375
v -0.33984375 -0.13671875 0.01171875
v -0.33984375 -0.12890625 -0.01171875
v -0.33984375 -0.12890625 0.01171875
v -0.33984375 -0.12109375 -0.01171875
v -0.33984375 -0.12109375 0.01171875
v -0.33984375 -0.12109375 0.07421875
v -0.33984375 -0.09765625 -0.02734375
v -0.33984375 -0.08203125 -0.04296875
v -0.33984375 -0.05078125 -0.05859375
v -0.33984375 0.02734375 0.07421875
v -0.33984375 0.09765625 -0.08203125
v -0.33984375 0.09765625 0.06640625
v -0.33984375 0.10546875 -0.01953125
v -0.33984375 0.10546875 -0.01171875
v -0.33984375 0.14453125 -0.05859375
v -0.33984375 0.14453125 -0.01953125
v -0.33984375 0.14453125 -0.01171875
v -0.33984375 0.15234375 -0.05859375
v -0.33984375 0.15234375 -0.01953125
v -0.33984375 0.24609375 -0.00390625
v -0.33984375 0.26953125 0.04296875
v -0.33984375 0.27734375 -0.08984375
v -0.33984375 0.37890625 0.07421875
v -0.33203125 -0.17578125 0.02734375
v -0.33203125 -0.16796875 0.00390625
v -0.33203125 -0.16015625 -0.01171875
v -0.33203125 -0.15234375 0.07421875
v -0.33203125 -0.14453125 -0.02734375
v -0.33203125 -0.13671875 0.01171875
v -0.33203125 -0.13671875 0.03515625
v -0.33203125 -0.12890625 -0.01171875
v -0.33203125 -0.12890625 0.03515625
v -0.33203125 -0.10546875 0.08203125
v -0.33203125 0.05078125 0.07421875
v -0.33203125 0.09765625 -0.08203125
v -0.33203125 0.11328125 -0.08203125
v -0.33203125 0.11328125 -0.01953125
v -0.33203125 0.13671875 -0.06640625
v -0.33203125 0.13671875 -0.00390625
v -0.33203125 0.15234375 -0.07421875
v -0.33203125 0.15234375 -0.05859375
v -0.33203125 0.15234375 -0.00390625
v -0.33203125 0.16796875 -0.07421875
v -0.33203125 0.16796875 0.00390625
v -0.33203125 0.19921875 -0.08203125
v -0.33203125 0.19921875 0.01171875
v -0.33203125 0.21484375 0.01171875
v -0.33203125 0.23046875 -0.08203125
v -0.33203125 0.23828125 0.01171875
v -0.33203125 0.24609375 -0.08203125
v -0.33203125 0.24609375 -0.07421875
v -0.33203125 0.26171875 0.01953125
v -0.33203125 0.39453125 -0.11328125
v -0.32421875 -0.16796875 0.05078125
v -0.32421875 -0.16015625 0.06640625
v -0.32421875 -0.12890625 -0.01171875
v -0.32421875 -0.12890625 0.01171875
v -0.32421875 -0.08984375 0.00390625
v -0.32421875 -0.08203125 0.08203125
v -0.32421875 -0.07421875 -0.01953125
v -0.32421875 -0.06640625 0.04296875
v -0.32421875 -0.04296875 -0.05859375
v -0.32421875 0.09765625 0.04296875
v -0.32421875 0.12109375 -0.08203125
v -0.32421875 0.12109375 -0.01171875
v -0.32421875 0.13671875 -0.06640625
v -0.32421875 0.14453125 -0.06640625
v -0.32421875 0.14453125 -0.01171875
v -0.32421875 0.15234375 -0.06640625
v -0.32421875 0.15234375 0.00390625
v -0.32421875 0.16796875 -0.07421875
v -0.32421875 0.16796875 0.00390625
v -0.32421875 0.19921875 0.01171875
v -0.32421875 0.24609375 0.01171875
v -0.32421875 0.24609375 0.07421875
v -0.32421875 0.26171875 -0.11328125
v -0.32421875 0.26171875 -0.08984375
v -0.32421875 0.26171875 -0.08203125
v -0.32421875 0.26171875 0.07421875
v -0.32421875 0.33984375 -0.12109375
v -0.31640625 -0.16796875 0.02734375
v -0.31640625 -0.16015625 -0.01171875
v -0.31640625 -0.16015625 0.01171875
v -0.31640625 -0.13671875 0.02734375
v -0.31640625 -0.12890625 -0.01171875
v -0.31640625 -0.12890625 0.02734375
v -0.31640625 -0.04296875 0.08203125
v -0.31640625 -0.00390625 -0.07421875
v -0.31640625 -0.00390625 0.08203125
v -0.31640625 0.02734375 0.08203125
v -0.31640625 0.05078125 -0.09765625
v -0.31640625 0.05078125 0.08203125
v -0.31640625 0.07421875 0.08203125
v -0.31640625 0.08203125 -0.09765625
v -0.31640625 0.08203125 -0.08203125
v -0.31640625 0.08203125 0.07421875
v -0.31640625 0.10546875 -0.01171875
v -0.31640625 0.10546875 -0.00390625
v -0.31640625 0.10546875 0.04296875
v -0.31640625 0.13671875 -0.00390625
v -0.31640625 0.14453125 -0.00390625
v -0.31640625 0.15234375 -0.07421875
v -0.31640625 0.15234375 0.00390625
v -0.31640625 0.16796875 -0.07421875
v -0.31640625 0.16796875 0.01171875
v -0.31640625 0.19921875 -0.08984375
v -0.31640625 0.19921875 0.01953125
v -0.31640625 0.21484375 0.02734375
v -0.31640625 0.23046875 -0.08984375
v -0.31640625 0.23828125 0.02734375
v -0.31640625 0.23828125 0.07421875
v -0.31640625 0.24609375 -0.08203125
v -0.31640625 0.25390625 -0.08203125
v -0.31640625 0.26171875 0.05859375
v -0.31640625 0.33984375 0.07421875
v -0.31640625 0.39453125 -0.12109375
v -0.31640625 0.41015625 -0.11328125
v -0.31640625 0.41015625 0.06640625
v -0.31640625 0.41796875 -0.09765625
v -0.31640625 0.42578125 -0.05078125
v -0.31640625 0.42578125 -0.00390625
v -0.31640625 0.42578125 0.04296875
v -0.30859375 -0.16015625 0.01171875
v -0.30859375 -0.15234375 -0.00390625
v -0.30859375 -0.14453125 -0.02734375
v -0.30859375 -0.13671875 0.07421875
v -0.30859375 -0.12890625 0.00390625
v -0.30859375 -0.12890625 0.07421875
v -0.30859375 -0.11328125 0.08203125
v -0.30859375 -0.10546875 0.05078125
v -0.30859375 -0.07421875 -0.02734375
v -0.30859375 -0.06640625 0.04296875
v -0.30859375 0.02734375 -0.08984375
v -0.30859375 0.07421875 -0.09765625
v -0.30859375 0.11328125 -0.01953125
v -0.30859375 0.14453125 -0.07421875
v -0.30859375 0.14453125 -0.06640625
v -0.30859375 0.16796875 -0.08203125
v -0.30859375 0.19140625 0.01953125
v -0.30859375 0.19921875 -0.08984375
v -0.30859375 0.24609375 0.01953125
v -0.30859375 0.25390625 0.03515625
v -0.30078125 -0.16015625 0.03515625
v -0.30078125 -0.14453125 -0.01171875
v -0.30078125 -0.14453125 0.07421875
v -0.30078125 -0.13671875 -0.01171875
v -0.30078125 -0.12890625 0.04296875
v -0.30078125 -0.12109375 0.01171875
v -0.30078125 -0.08984375 0.05078125
v -0.30078125 -0.05078125 -0.02734375
v -0.30078125 -0.05078125 0.04296875
v -0.30078125 0.08203125 -0.06640625
v -0.30078125 0.08203125 0.05859375
v -0.30078125 0.08984375 0.05078125
v -0.30078125 0.11328125 -0.07421875
v -0.30078125 0.12109375 -0.07421875
v -0.30078125 0.12109375 -0.01953125
v -0.30078125 0.13671875 -0.06640625
v -0.30078125 0.13671875 -0.01171875
v -0.30078125 0.14453125 -0.06640625
v -0.30078125 0.14453125 -0.01171875
v -0.30078125 0.14453125 0.01171875
v -0.30078125 0.19140625 -0.08984375
v -0.30078125 0.21484375 0.01953125
v -0.30078125 0.23046875 -0.09765625
v -0.30078125 0.24609375 -0.08984375
v -0.30078125 0.25390625 -0.08984375
v -0.30078125 0.25390625 0.06640625
v -0.30078125 0.37890625 0.07421875
v -0.29296875 -0.16015625 0.01953125
v -0.29296875 -0.16015625 0.05078125
v -0.29296875 -0.15234375 0.01171875
v -0.29296875 -0.15234375 0.06640625
v -0.29296875 -0.14453125 -0.00390625
v -0.29296875 -0.13671875 0.00390625
v -0.29296875 -0.13671875 0.03515625
v -0.29296875 -0.12890625 0.03515625
v -0.29296875 -0.12890625 0.04296875
v -0.29296875 -0.12109375 0.05859375
v -0.29296875 -0.09765625 0.08203125
v -0.29296875 -0.04296875 0.05078125
v -0.29296875 0.06640625 0.06640625
v -0.29296875 0.08984375 0.00390625
v -0.29296875 0.09765625 -0.07421875
v -0.29296875 0.09765625 0.01171875
v -0.29296875 0.14453125 -0.07421875
v -0.29296875 0.16796875 0.01171875
v -0.29296875 0.21484375 0.02734375
v -0.29296875 0.23828125 0.01953125
v -0.29296875 0.23828125 0.07421875
v -0.29296875 0.24609375 0.03515625
v -0.29296875 0.24609375 0.06640625
v -0.29296875 0.24609375 0.07421875
v -0.29296875 0.25390625 0.04296875
v -0.29296875 0.26171875 0.07421875
v -0.29296875 0.41015625 0.06640625
v -0.29296875 0.41796875 -0.09765625
v -0.28515625 -0.14453125 0.02734375
v -0.28515625 -0.12890625 0.01171875
v -0.28515625 -0.12890625 0.02734375
v -0.28515625 -0.12890625 0.07421875
v -0.28515625 -0.09765625 0.06640625
v -0.28515625 -0.04296875 -0.03515625
v -0.28515625 -0.00390625 0.05078125
v -0.28515625 0.08984375 -0.03515625
v -0.28515625 0.13671875 -0.05078125
v -0.28515625 0.13671875 -0.02734375
v -0.28515625 0.14453125 -0.04296875
v -0.28515625 0.14453125 -0.02734375
v -0.28515625 0.14453125 -0.00390625
v -0.28515625 0.15234375 -0.03515625
v -0.28515625 0.16796875 -0.07421875
v -0.28515625 0.19140625 0.01953125
v -0.28515625 0.23046875 -0.08984375
v -0.28515625 0.23828125 0.02734375
v -0.28515625 0.41015625 -0.11328125
v -0.28515625 0.44140625 -0.05078125
v -0.28515625 0.44140625 -0.00390625
v -0.28515625 0.44140625 0.04296875
v -0.27734375 -0.49609375 0.09765625
v -0.27734375 -0.49609375 0.16015625
v -0.27734375 -0.46484375 0.15234375
v -0.27734375 -0.14453125 0.01953125
v -0.27734375 -0.13671875 0.01171875
v -0.27734375 -0.12890625 0.06640625
v -0.27734375 -0.11328125 0.07421875
v -0.27734375 0.02734375 0.04296875
v -0.27734375 0.05078125 0.04296875
v -0.27734375 0.05859375 0.04296875
v -0.27734375 0.07421875 0.01171875
v -0.27734375 0.08203125 0.01953125
v -0.27734375 0.09765625 -0.03515625
v -0.27734375 0.11328125 -0.03515625
v -0.27734375 0.12109375 -0.03515625
v -0.27734375 0.14453125 -0.03515625
v -0.27734375 0.15234375 -0.05078125
v -0.27734375 0.16796875 0.00390625
v -0.27734375 0.19140625 -0.08203125
v -0.27734375 0.24609375 -0.08203125
v -0.27734375 0.25390625 -0.10546875
v -0.27734375 0.25390625 -0.08984375
v -0.27734375 0.25390625 0.05859375
v -0.27734375 0.26171875 -0.11328125
v -0.26953125 -0.46484375 0.09765625
v -0.26953125 -0.45703125 0.10546875
v -0.26953125 -0.11328125 0.06640625
v -0.26953125 -0.01171875 -0.05078125
v -0.26953125 0.04296875 -0.06640625
v -0.26953125 0.07421875 -0.06640625
v -0.26953125 0.08203125 -0.04296875
v -0.26953125 0.15234375 -0.03515625
v -0.26953125 0.15234375 -0.02734375
v -0.26953125 0.19140625 0.01171875
v -0.26953125 0.21484375 0.01953125
v -0.26953125 0.22265625 -0.08203125
v -0.26953125 0.23828125 0.01953125
v -0.26953125 0.25390625 0.04296875
v -0.26171875 -0.49609375 0.02734375
v -0.26171875 -0.45703125 0.14453125
v -0.26171875 0.01953125 -0.05859375
v -0.26171875 0.06640625 -0.07421875
v -0.26171875 0.16796875 -0.05078125
v -0.26171875 0.16796875 -0.01171875
v -0.26171875 0.19140625 -0.05859375
v -0.26171875 0.19140625 -0.00390625
v -0.26171875 0.21484375 0.01171875
v -0.26171875 0.24609375 -0.07421875
v -0.26171875 0.24609375 0.01171875
v -0.26171875 0.27734375 0.07421875
v -0.25390625 -0.48046875 0.03515625
v -0.25390625 -0.45703125 0.04296875
v -0.25390625 -0.44921875 0.04296875
v -0.25390625 0.21484375 -0.05078125
v -0.25390625 0.21484375 -0.00390625
v -0.25390625 0.23828125 -0.00390625
v -0.25390625 0.25390625 0.02734375
v -0.25390625 0.26953125 0.01953125
v -0.25390625 0.26953125 0.07421875
v -0.25390625 0.28515625 0.06640625
v -0.24609375 -0.48046875 0.01171875
v -0.24609375 -0.45703125 0.04296875
v -0.24609375 -0.44921875 -0.03515625
v -0.24609375 -0.44921875 0.01171875
v -0.24609375 -0.41796875 -0.00390625
v -0.24609375 -0.40234375 0.00390625
v -0.24609375 -0.30078125 -0.05078125
v -0.24609375 -0.29296875 -0.00390625
v -0.24609375 0.23828125 -0.02734375
v -0.24609375 0.25390625 -0.05078125
v -0.24609375 0.25390625 -0.00390625
v -0.24609375 0.25390625 0.07421875
v -0.24609375 0.26171875 0.06640625
v -0.24609375 0.27734375 -0.04296875
v -0.24609375 0.28515625 0.05078125
v -0.24609375 0.30078125 0.07421875
v -0.23828125 -0.49609375 -0.07421875
v -0.23828125 -0.49609375 -0.04296875
v -0.23828125 -0.49609375 -0.03515625
v -0.23828125 -0.45703125 -0.00390625
v -0.23828125 -0.45703125 0.01171875
v -0.23828125 -0.42578125 0.00390625
v -0.23828125 -0.42578125 0.05859375
v -0.23828125 -0.22265625 0.01171875
v -0.23828125 0.25390625 -0.08984375
v -0.23828125 0.26171875 -0.02734375
v -0.23828125 0.26171875 -0.01953125
v -0.23828125 0.28515625 -0.05859375
v -0.23828125 0.30078125 -0.04296875
v -0.23828125 0.30859375 0.06640625
v -0.23828125 0.31640625 0.05078125
v -0.23046875 -0.49609375 -0.08203125
v -0.23046875 -0.47265625 -0.03515625
v -0.23046875 -0.44921875 -0.03515625
v -0.23046875 -0.41796875 0.00390625
v -0.23046875 -0.41796875 0.05859375
v -0.23046875 -0.39453125 -0.01171875
v -0.23046875 -0.39453125 0.02734375
v -0.23046875 -0.38671875 -0.04296875
v -0.23046875 -0.37109375 0.00390625
v -0.23046875 -0.37109375 0.05859375
v -0.23046875 -0.32421875 -0.03515625
v -0.23046875 -0.21484375 0.01171875
v -0.23046875 0.26171875 -0.07421875
v -0.23046875 0.26171875 -0.02734375
v -0.23046875 0.26171875 -0.01953125
v -0.23046875 0.27734375 -0.04296875
v -0.23046875 0.27734375 0.02734375
v -0.23046875 0.28515625 0.08203125
v -0.23046875 0.30078125 -0.05078125
v -0.23046875 0.30078125 0.01953125
v -0.22265625 -0.49609375 -0.12109375
v -0.22265625 -0.44921875 -0.08203125
v -0.22265625 -0.41015625 0.01953125
v -0.22265625 -0.41015625 0.05078125
v -0.22265625 -0.39453125 0.02734375
v -0.22265625 -0.38671875 -0.07421875
v -0.22265625 -0.38671875 -0.04296875
v -0.22265625 -0.37890625 0.00390625
v -0.22265625 -0.36328125 -0.04296875
v -0.22265625 -0.35546875 -0.04296875
v -0.22265625 -0.21484375 -0.03515625
v -0.22265625 0.24609375 -0.10546875
v -0.22265625 0.25390625 -0.01171875
v -0.22265625 0.26171875 -0.02734375
v -0.22265625 0.27734375 -0.04296875
v -0.22265625 0.28515625 -0.08203125
v -0.22265625 0.28515625 0.01171875
v -0.22265625 0.29296875 -0.05078125
v -0.22265625 0.29296875 0.01171875
v -0.22265625 0.31640625 -0.05078125
v -0.22265625 0.31640625 0.01171875
v -0.22265625 0.31640625 0.01953125
v -0.22265625 0.32421875 -0.06640625
v -0.22265625 0.32421875 -0.05078125
v -0.22265625 0.32421875 0.06640625
v -0.22265625 0.33984375 0.01171875
v -0.22265625 0.33984375 0.03515625
v -0.22265625 0.33984375 0.07421875
v -0.21484375 -0.44921875 -0.08984375
v -0.21484375 -0.41015625 0.04296875
v -0.21484375 -0.40234375 0.04296875
v -0.21484375 -0.40234375 0.05078125
v -0.21484375 -0.38671875 -0.06640625
v -0.21484375 -0.31640625 0.04296875
v -0.21484375 -0.27734375 0.05859375
v -0.21484375 -0.23828125 0.05078125
v -0.21484375 -0.21484375 -0.03515625
v -0.21484375 -0.19921875 0.10546875
v -0.21484375 -0.07421875 0.00390625
v -0.21484375 -0.05859375 0.05078125
v -0.21484375 0.24609375 -0.01171875
v -0.21484375 0.25390625 -0.02734375
v -0.21484375 0.25390625 -0.00390625
v -0.21484375 0.26953125 -0.12890625
v -0.21484375 0.26953125 -0.05078125
v -0.21484375 0.27734375 -0.09765625
v -0.21484375 0.27734375 0.07421875
v -0.21484375 0.27734375 0.08203125
v -0.21484375 0.28515625 -0.05859375
v -0.21484375 0.28515625 0.01171875
v -0.21484375 0.30859375 -0.05859375
v -0.21484375 0.31640625 0.01171875
v -0.21484375 0.32421875 -0.09765625
v -0.21484375 0.32421875 -0.05078125
v -0.21484375 0.33203125 -0.04296875
v -0.21484375 0.33984375 -0.04296875
v -0.21484375 0.33984375 -0.03515625
v -0.21484375 0.33984375 0.01171875
v -0.21484375 0.35546875 -0.07421875
v -0.21484375 0.35546875 -0.02734375
v -0.21484375 0.35546875 -0.00390625
v -0.21484375 0.35546875 0.02734375
v -0.20703125 -0.49609375 -0.13671875
v -0.20703125 -0.45703125 -0.13671875
v -0.20703125 -0.45703125 -0.12890625
v -0.20703125 -0.44921875 -0.08984375
v -0.20703125 -0.44921875 -0.08203125
v -0.20703125 -0.39453125 -0.08203125
v -0.20703125 -0.39453125 -0.07421875
v -0.20703125 -0.36328125 -0.06640625
v -0.20703125 -0.35546875 -0.06640625
v -0.20703125 -0.26953125 0.08203125
v -0.20703125 -0.23828125 0.06640625
v -0.20703125 -0.22265625 0.00390625
v -0.20703125 -0.19921875 0.00390625
v -0.20703125 -0.19140625 0.07421875
v -0.20703125 -0.18359375 0.08984375
v -0.20703125 -0.17578125 0.08984375
v -0.20703125 -0.17578125 0.09765625
v -0.20703125 -0.12109375 0.01171875
v -0.20703125 -0.08984375 0.07421875
v -0.20703125 -0.05078125 0.05859375
v -0.20703125 -0.01171875 0.04296875
v -0.20703125 -0.01171875 0.05078125
v -0.20703125 -0.00390625 -0.00390625
v -0.20703125 0.04296875 0.03515625
v -0.20703125 0.25390625 0.00390625
v -0.20703125 0.26953125 -0.05859375
v -0.20703125 0.27734375 -0.11328125
v -0.20703125 0.28515625 -0.06640625
v -0.20703125 0.28515625 0.01953125
v -0.20703125 0.30078125 -0.05859375
v -0.20703125 0.30859375 -0.06640625
v -0.20703125 0.31640625 -0.05859375
v -0.20703125 0.31640625 0.01171875
v -0.20703125 0.32421875 -0.11328125
v -0.20703125 0.32421875 -0.05078125
v -0.20703125 0.33203125 -0.05859375
v -0.20703125 0.33203125 -0.04296875
v -0.20703125 0.34765625 -0.05078125
v -0.20703125 0.34765625 -0.03515625
v -0.20703125 0.34765625 -0.02734375
v -0.20703125 0.34765625 -0.00390625
v -0.20703125 0.37109375 -0.04296875
v -0.20703125 0.37109375 -0.00390625
v -0.20703125 0.37109375 0.05859375
v -0.19921875 -0.44140625 -0.09765625
v -0.19921875 -0.36328125 -0.07421875
v -0.19921875 -0.31640625 -0.10546875
v -0.19921875 -0.21484375 -0.03515625
v -0.19921875 -0.19921875 -0.03515625
v -0.19921875 -0.19921875 0.04296875
v -0.19921875 -0.17578125 0.01171875
v -0.19921875 -0.17578125 0.05078125
v -0.19921875 -0.13671875 0.07421875
v -0.19921875 -0.09765625 0.08984375
v -0.19921875 -0.08203125 0.08984375
v -0.19921875 0.04296875 0.04296875
v -0.19921875 0.16796875 -0.01953125
v -0.19921875 0.16796875 0.05078125
v -0.19921875 0.17578125 -0.01953125
v -0.19921875 0.17578125 0.03515625
v -0.19921875 0.18359375 -0.04296875
v -0.19921875 0.18359375 -0.01171875
v -0.19921875 0.18359375 0.03515625
v -0.19921875 0.19140625 -0.05078125
v -0.19921875 0.19140625 -0.00390625
v -0.19921875 0.19140625 0.01953125
v -0.19921875 0.19921875 -0.05859375
v -0.19921875 0.19921875 -0.02734375
v -0.19921875 0.19921875 -0.00390625
v -0.19921875 0.20703125 -0.05078125
v -0.19921875 0.21484375 -0.07421875
v -0.19921875 0.21484375 -0.04296875
v -0.19921875 0.22265625 -0.06640625
v -0.19921875 0.22265625 -0.05859375
v -0.19921875 0.23046875 -0.08984375
v -0.19921875 0.23828125 -0.08203125
v -0.19921875 0.23828125 -0.07421875
v -0.19921875 0.23828125 -0.01171875
v -0.19921875 0.24609375 -0.03515625
v -0.19921875 0.24609375 -0.00390625
v -0.19921875 0.30078125 -0.06640625
v -0.19921875 0.31640625 -0.06640625
v -0.19921875 0.31640625 0.01953125
v -0.19921875 0.32421875 -0.08203125
v -0.19921875 0.32421875 -0.07421875
v -0.19921875 0.33203125 -0.07421875
v -0.19921875 0.33984375 -0.12890625
v -0.19921875 0.33984375 -0.05859375
v -0.19921875 0.33984375 0.01171875
v -0.19921875 0.33984375 0.07421875
v -0.19921875 0.34765625 -0.05078125
v -0.19921875 0.34765625 -0.00390625
v -0.19921875 0.34765625 0.01171875
v -0.19921875 0.34765625 0.05078125
v -0.19921875 0.36328125 -0.08203125
v -0.19921875 0.37109375 -0.12109375
v -0.19921875 0.37109375 0.06640625
v -0.19921875 0.37890625 0.01953125
v -0.19921875 0.37890625 0.04296875
v -0.19140625 -0.44921875 -0.12890625
v -0.19140625 -0.44921875 -0.11328125
v -0.19140625 -0.44140625 -0.10546875
v -0.19140625 -0.43359375 -0.09765625
v -0.19140625 -0.34765625 -0.07421875
v -0.19140625 -0.08203125 0.08984375
v -0.19140625 -0.05078125 0.08984375
v -0.19140625 0.05078125 -0.01171875
v -0.19140625 0.13671875 0.02734375
v -0.19140625 0.15234375 0.01171875
v -0.19140625 0.17578125 -0.05078125
v -0.19140625 0.17578125 -0.01953125
v -0.19140625 0.18359375 -0.05078125
v -0.19140625 0.18359375 0.00390625
v -0.19140625 0.19140625 -0.01953125
v -0.19140625 0.19140625 0.02734375
v -0.19140625 0.19140625 0.05859375
v -0.19140625 0.19921875 -0.07421875
v -0.19140625 0.19921875 -0.06640625
v -0.19140625 0.19921875 -0.05078125
v -0.19140625 0.19921875 0.01171875
v -0.19140625 0.19921875 0.03515625
v -0.19140625 0.19921875 0.05078125
v -0.19140625 0.20703125 -0.06640625
v -0.19140625 0.20703125 0.01953125
v -0.19140625 0.20703125 0.02734375
v -0.19140625 0.21484375 -0.08203125
v -0.19140625 0.22265625 -0.08984375
v -0.19140625 0.23046875 -0.09765625
v -0.19140625 0.23046875 0.02734375
v -0.19140625 0.23046875 0.03515625
v -0.19140625 0.24609375 -0.10546875
v -0.19140625 0.24609375 0.01953125
v -0.19140625 0.25390625 -0.09765625
v -0.19140625 0.25390625 -0.08984375
v -0.19140625 0.25390625 0.02734375
v -0.19140625 0.26171875 -0.08203125
v -0.19140625 0.26171875 -0.05859375
v -0.19140625 0.26953125 -0.11328125
v -0.19140625 0.27734375 -0.11328125
v -0.19140625 0.27734375 -0.09765625
v -0.19140625 0.28515625 -0.07421875
v -0.19140625 0.28515625 0.02734375
v -0.19140625 0.30078125 -0.11328125
v -0.19140625 0.30078125 -0.10546875
v -0.19140625 0.30078125 -0.07421875
v -0.19140625 0.30859375 -0.09765625
v -0.19140625 0.30859375 -0.07421875
v -0.19140625 0.31640625 -0.10546875
v -0.19140625 0.31640625 -0.08203125
v -0.19140625 0.31640625 0.01953125
v -0.19140625 0.32421875 -0.08984375
v -0.19140625 0.33203125 0.01171875
v -0.19140625 0.33984375 0.01171875
v -0.19140625 0.33984375 0.05859375
v -0.19140625 0.33984375 0.07421875
v -0.19140625 0.34765625 -0.06640625
v -0.19140625 0.34765625 0.01171875
v -0.19140625 0.35546875 -0.03515625
v -0.19140625 0.35546875 -0.01953125
v -0.19140625 0.35546875 -0.00390625
v -0.19140625 0.37890625 -0.09765625
v -0.19140625 0.37890625 -0.04296875
v -0.19140625 0.37890625 -0.01171875
v -0.19140625 0.38671875 0.04296875
v -0.18359375 -0.46484375 0.17578125
v -0.18359375 -0.45703125 0.16796875
v -0.18359375 -0.27734375 -0.10546875
v -0.18359375 -0.08203125 -0.08984375
v -0.18359375 -0.01171875 -0.06640625
v -0.18359375 -0.01171875 0.08984375
v -0.18359375 0.00390625 -0.01953125
v -0.18359375 0.03515625 0.07421875
v -0.18359375 0.16796875 -0.01953125
v -0.18359375 0.16796875 -0.01171875
v -0.18359375 0.16796875 0.01171875
v -0.18359375 0.17578125 -0.05078125
v -0.18359375 0.18359375 0.02734375
v -0.18359375 0.18359375 0.07421875
v -0.18359375 0.19140625 -0.08203125
v -0.18359375 0.19140625 -0.07421875
v -0.18359375 0.19140625 -0.01953125
v -0.18359375 0.19921875 -0.02734375
v -0.18359375 0.19921875 -0.00390625
v -0.18359375 0.19921875 0.04296875
v -0.18359375 0.20703125 -0.08984375
v -0.18359375 0.20703125 -0.04296875
v -0.18359375 0.20703125 0.03515625
v -0.18359375 0.21484375 -0.10546875
v -0.18359375 0.21484375 0.05859375
v -0.18359375 0.21484375 0.06640625
v -0.18359375 0.22265625 -0.08203125
v -0.18359375 0.22265625 0.04296875
v -0.18359375 0.23046875 -0.09765625
v -0.18359375 0.23828125 -0.12109375
v -0.18359375 0.23828125 0.07421875
v -0.18359375 0.25390625 -0.10546875
v -0.18359375 0.25390625 0.03515625
v -0.18359375 0.26171875 -0.12890625
v -0.18359375 0.27734375 -0.12109375
v -0.18359375 0.28515625 0.02734375
v -0.18359375 0.29296875 -0.11328125
v -0.18359375 0.30078125 -0.12109375
v -0.18359375 0.30859375 -0.11328125
v -0.18359375 0.30859375 -0.08984375
v -0.18359375 0.30859375 -0.07421875
v -0.18359375 0.31640625 -0.11328125
v -0.18359375 0.31640625 0.03515625
v -0.18359375 0.33203125 -0.09765625
v -0.18359375 0.33984375 -0.08203125
v -0.18359375 0.33984375 0.01953125
v -0.18359375 0.34765625 0.01171875
v -0.18359375 0.35546875 -0.05078125
v -0.18359375 0.35546875 0.00390625
v -0.18359375 0.36328125 -0.03515625
v -0.18359375 0.36328125 -0.01953125
v -0.18359375 0.39453125 -0.05078125
v -0.18359375 0.40234375 -0.00390625
v -0.17578125 -0.49609375 0.17578125
v -0.17578125 -0.41796875 0.05859375
v -0.17578125 -0.41796875 0.06640625
v -0.17578125 -0.41015625 0.05078125
v -0.17578125 -0.41015625 0.05859375
v -0.17578125 -0.24609375 -0.08984375
v -0.17578125 -0.01171875 -0.08203125
v -0.17578125 -0.01171875 -0.03515625
v -0.17578125 -0.01171875 0.01953125
v -0.17578125 -0.00390625 0.01953125
v -0.17578125 0.04296875 -0.06640625
v -0.17578125 0.05078125 0.04296875
v -0.17578125 0.14453125 0.02734375
v -0.17578125 0.16015625 0.01171875
v -0.17578125 0.16796875 -0.05078125
v -0.17578125 0.17578125 -0.01171875
v -0.17578125 0.17578125 0.03515625
v -0.17578125 0.19140625 -0.00390625
v -0.17578125 0.19921875 -0.05078125
v -0.17578125 0.19921875 -0.02734375
v -0.17578125 0.19921875 0.01953125
v -0.17578125 0.19921875 0.05078125
v -0.17578125 0.20703125 -0.06640625
v -0.17578125 0.20703125 -0.04296875
v -0.17578125 0.20703125 0.01953125
v -0.17578125 0.20703125 0.08984375
v -0.17578125 0.21484375 0.05078125
v -0.17578125 0.22265625 -0.05859375
v -0.17578125 0.23046875 0.02734375
v -0.17578125 0.23046875 0.05078125
v -0.17578125 0.23828125 -0.06640625
v -0.17578125 0.23828125 -0.04296875
v -0.17578125 0.23828125 -0.00390625
v -0.17578125 0.23828125 0.05859375
v -0.17578125 0.23828125 0.06640625
v -0.17578125 0.24609375 -0.09765625
v -0.17578125 0.24609375 -0.05859375
v -0.17578125 0.24609375 -0.03515625
v -0.17578125 0.24609375 -0.01171875
v -0.17578125 0.24609375 0.01171875
v -0.17578125 0.25390625 -0.10546875
v -0.17578125 0.26171875 -0.08203125
v -0.17578125 0.26171875 0.04296875
v -0.17578125 0.26171875 0.06640625
v -0.17578125 0.26171875 0.08203125
v -0.17578125 0.26953125 -0.10546875
v -0.17578125 0.26953125 -0.06640625
v -0.17578125 0.27734375 -0.12109375
v -0.17578125 0.28515625 -0.08984375
v -0.17578125 0.28515625 0.04296875
v -0.17578125 0.28515625 0.07421875
v -0.17578125 0.28515625 0.08984375
v -0.17578125 0.29296875 -0.12890625
v -0.17578125 0.29296875 -0.10546875
v -0.17578125 0.29296875 -0.07421875
v -0.17578125 0.30078125 -0.12890625
v -0.17578125 0.30078125 -0.08984375
v -0.17578125 0.30859375 -0.10546875
v -0.17578125 0.30859375 -0.08203125
v -0.17578125 0.31640625 -0.12890625
v -0.17578125 0.31640625 -0.12109375
v -0.17578125 0.33203125 -0.10546875
v -0.17578125 0.33203125 -0.09765625
v -0.17578125 0.34765625 -0.07421875
v -0.17578125 0.34765625 0.00390625
v -0.17578125 0.35546875 -0.01171875
v -0.17578125 0.36328125 0.02734375
v -0.17578125 0.37109375 0.05078125
v -0.16796875 -0.46484375 0.12109375
v -0.16796875 -0.42578125 0.07421875
v -0.16796875 -0.22265625 -0.07421875
v -0.16796875 -0.14453125 -0.07421875
v -0.16796875 -0.03515625 0.05078125
v -0.16796875 -0.00390625 0.08203125
v -0.16796875 0.00390625 -0.05859375
v -0.16796875 0.03515625 -0.08203125
v -0.16796875 0.03515625 0.07421875
v -0.16796875 0.05859375 -0.01171875
v -0.16796875 0.12890625 0.05859375
v -0.16796875 0.16015625 -0.01953125
v -0.16796875 0.16015625 0.01171875
v -0.16796875 0.16796875 -0.05859375
v -0.16796875 0.17578125 0.01953125
v -0.16796875 0.18359375 -0.04296875
v -0.16796875 0.19140625 -0.08203125
v -0.16796875 0.19140625 0.01953125
v -0.16796875 0.19921875 -0.02734375
v -0.16796875 0.19921875 0.01953125
v -0.16796875 0.20703125 -0.09765625
v -0.16796875 0.20703125 -0.04296875
v -0.16796875 0.20703125 0.03515625
v -0.16796875 0.21484375 -0.11328125
v -0.16796875 0.21484375 -0.01953125
v -0.16796875 0.22265625 -0.08203125
v -0.16796875 0.22265625 -0.05859375
v -0.16796875 0.22265625 -0.03515625
v -0.16796875 0.22265625 -0.00390625
v -0.16796875 0.23046875 -0.10546875
v -0.16796875 0.23046875 -0.04296875
v -0.16796875 0.23046875 0.00390625
v -0.16796875 0.23828125 -0.12890625
v -0.16796875 0.23828125 -0.06640625
v -0.16796875 0.23828125 0.05859375
v -0.16796875 0.23828125 0.09765625
v -0.16796875 0.24609375 -0.08984375
v -0.16796875 0.26171875 -0.13671875
v -0.16796875 0.26171875 -0.11328125
v -0.16796875 0.26171875 -0.07421875
v -0.16796875 0.26171875 0.05859375
v -0.16796875 0.26953125 -0.09765625
v -0.16796875 0.27734375 -0.12109375
v -0.16796875 0.28515625 -0.08203125
v -0.16796875 0.28515625 0.06640625
v -0.16796875 0.29296875 -0.13671875
v -0.16796875 0.30078125 -0.12890625
v -0.16796875 0.30078125 -0.08984375
v -0.16796875 0.30859375 -0.08203125
v -0.16796875 0.30859375 0.04296875
v -0.16796875 0.31640625 -0.12109375
v -0.16796875 0.31640625 0.07421875
v -0.16796875 0.33203125 -0.12890625
v -0.16796875 0.33203125 -0.10546875
v -0.16796875 0.33203125 -0.09765625
v -0.16796875 0.33984375 -0.09765625
v -0.16796875 0.33984375 -0.08203125
v -0.16796875 0.33984375 0.04296875
v -0.16796875 0.34765625 -0.12890625
v -0.16796875 0.34765625 -0.10546875
v -0.16796875 0.34765625 -0.08984375
v -0.16796875 0.34765625 0.02734375
v -0.16796875 0.35546875 -0.01171875
v -0.16796875 0.36328125 -0.05859375
v -0.16796875 0.36328125 -0.04296875
v -0.16796875 0.36328125 -0.01953125
v -0.16796875 0.37109375 -0.09765625
v -0.16015625 -0.49609375 0.12109375
v -0.16015625 -0.45703125 0.12109375
v -0.16015625 -0.19921875 -0.05859375
v -0.16015625 -0.01953125 -0.02734375
v -0.16015625 -0.01171875 -0.05859375
v -0.16015625 -0.00390625 0.05859375
v -0.16015625 0.03515625 0.04296875
v -0.16015625 0.04296875 -0.01171875
v -0.16015625 0.04296875 0.06640625
v -0.16015625 0.16015625 0.03515625
v -0.16015625 0.16796875 -0.01953125
v -0.16015625 0.16796875 0.01953125
v -0.16015625 0.18359375 0.03515625
v -0.16015625 0.19140625 -0.09765625
v -0.16015625 0.19921875 -0.07421875
v -0.16015625 0.19921875 -0.02734375
v -0.16015625 0.19921875 -0.01171875
v -0.16015625 0.19921875 -0.00390625
v -0.16015625 0.20703125 -0.04296875
v -0.16015625 0.20703125 -0.01953125
v -0.16015625 0.20703125 0.01953125
v -0.16015625 0.20703125 0.05078125
v -0.16015625 0.21484375 -0.08984375
v -0.16015625 0.21484375 -0.03515625
v -0.16015625 0.21484375 -0.00390625
v -0.16015625 0.21484375 0.05078125
v -0.16015625 0.22265625 -0.05859375
v -0.16015625 0.22265625 0.02734375
v -0.16015625 0.23046875 -0.05078125
v -0.16015625 0.23046875 -0.04296875
v -0.16015625 0.23046875 0.01171875
v -0.16015625 0.23046875 0.05078125
v -0.16015625 0.23828125 -0.09765625
v -0.16015625 0.23828125 -0.06640625
v -0.16015625 0.23828125 -0.03515625
v -0.16015625 0.23828125 -0.01171875
v -0.16015625 0.23828125 -0.00390625
v -0.16015625 0.23828125 0.05859375
v -0.16015625 0.24609375 -0.05859375
v -0.16015625 0.24609375 0.01171875
v -0.16015625 0.26171875 -0.10546875
v -0.16015625 0.26171875 -0.07421875
v -0.16015625 0.26171875 0.05078125
v -0.16015625 0.26171875 0.05859375
v -0.16015625 0.26171875 0.10546875
v -0.16015625 0.26953125 -0.06640625
v -0.16015625 0.28515625 -0.11328125
v -0.16015625 0.28515625 -0.08203125
v -0.16015625 0.28515625 -0.07421875
v -0.16015625 0.28515625 0.04296875
v -0.16015625 0.29296875 -0.09765625
v -0.16015625 0.30078125 -0.12109375
v -0.16015625 0.30078125 -0.08203125
v -0.16015625 0.30859375 -0.10546875
v -0.16015625 0.30859375 0.04296875
v -0.16015625 0.30859375 0.06640625
v -0.16015625 0.31640625 -0.14453125
v -0.16015625 0.31640625 -0.11328125
v -0.16015625 0.31640625 0.08984375
v -0.16015625 0.32421875 -0.10546875
v -0.16015625 0.32421875 0.06640625
v -0.16015625 0.33203125 -0.15234375
v -0.16015625 0.33203125 -0.09765625
v -0.16015625 0.33203125 0.05078125
v -0.16015625 0.33203125 0.06640625
v -0.16015625 0.33203125 0.08203125
v -0.16015625 0.33984375 -0.10546875
v -0.16015625 0.33984375 -0.08203125
v -0.16015625 0.33984375 0.05859375
v -0.16015625 0.34765625 -0.16015625
v -0.16015625 0.34765625 -0.07421875
v -0.16015625 0.34765625 0.00390625
v -0.16015625 0.34765625 0.02734375
v -0.16015625 0.34765625 0.04296875
v -0.16015625 0.35546875 -0.01171875
v -0.16015625 0.35546875 -0.00390625
v -0.16015625 0.35546875 0.01171875
v -0.16015625 0.36328125 -0.08203125
v -0.16015625 0.36328125 -0.05859375
v -0.16015625 0.36328125 -0.01953125
v -0.16015625 0.37109375 -0.16796875
v -0.16015625 0.37109375 -0.12890625
v -0.16015625 0.37109375 -0.09765625
v -0.16015625 0.37109375 -0.04296875
v -0.16015625 0.37109375 -0.02734375
v -0.16015625 0.37890625 -0.07421875
v -0.16015625 0.38671875 -0.05078125
v -0.16015625 0.39453125 -0.16796875
v -0.16015625 0.39453125 -0.12890625
v -0.16015625 0.39453125 -0.09765625
v -0.16015625 0.41015625 -0.16015625
v -0.16015625 0.41015625 -0.12890625
v -0.16015625 0.41015625 -0.09765625
v -0.16015625 0.42578125 -0.14453125
v -0.16015625 0.42578125 -0.12890625
v -0.16015625 0.42578125 -0.10546875
v -0.16015625 0.44140625 -0.12890625
v -0.16015625 0.44140625 -0.11328125
v -0.15234375 -0.41796875 0.03515625
v -0.15234375 -0.37890625 0.05859375
v -0.15234375 -0.02734375 0.01953125
v -0.15234375 -0.00390625 0.01953125
v -0.15234375 0.03515625 -0.08203125
v -0.15234375 0.04296875 -0.06640625
v -0.15234375 0.13671875 0.05859375
v -0.15234375 0.16796875 -0.05859375
v -0.15234375 0.16796875 0.08984375
v -0.15234375 0.17578125 -0.01171875
v -0.15234375 0.17578125 0.02734375
v -0.15234375 0.18359375 -0.01171875
v -0.15234375 0.18359375 0.02734375
v -0.15234375 0.18359375 0.03515625
v -0.15234375 0.19140625 0.03515625
v -0.15234375 0.19921875 0.03515625
v -0.15234375 0.19921875 0.04296875
v -0.15234375 0.21484375 0.05078125
v -0.15234375 0.22265625 0.02734375
v -0.15234375 0.22265625 0.05078125
v -0.15234375 0.23046875 -0.03515625
v -0.15234375 0.23046875 -0.01171875
v -0.15234375 0.23046875 -0.00390625
v -0.15234375 0.23828125 0.01171875
v -0.15234375 0.23828125 0.05078125
v -0.15234375 0.26171875 0.05078125
v -0.15234375 0.28515625 0.05078125
v -0.15234375 0.28515625 0.05859375
v -0.15234375 0.29296875 0.10546875
v -0.15234375 0.30859375 0.05078125
v -0.15234375 0.30859375 0.05859375
v -0.15234375 0.31640625 0.05859375
v -0.15234375 0.32421875 0.05078125
v -0.15234375 0.33203125 0.05859375
v -0.15234375 0.33984375 0.06640625
v -0.15234375 0.34765625 0.05078125
v -0.15234375 0.35546875 -0.01171875
v -0.15234375 0.35546875 0.01953125
v -0.15234375 0.35546875 0.03515625
v -0.15234375 0.36328125 -0.01953125
v -0.15234375 0.37890625 -0.09765625
v -0.15234375 0.37890625 -0.02734375
v -0.15234375 0.38671875 -0.09765625
v -0.15234375 0.38671875 -0.08984375
v -0.15234375 0.38671875 -0.07421875
v -0.15234375 0.38671875 -0.05078125
v -0.15234375 0.38671875 -0.03515625
v -0.14453125 -0.48046875 0.06640625
v -0.14453125 -0.45703125 0.05859375
v -0.14453125 -0.45703125 0.06640625
v -0.14453125 -0.44921875 0.06640625
v -0.14453125 -0.41015625 0.03515625
v -0.14453125 -0.41015625 0.04296875
v -0.14453125 -0.31640625 0.05859375
v -0.14453125 -0.26953125 0.08984375
v -0.14453125 -0.17578125 0.09765625
v -0.14453125 -0.03515625 0.04296875
v -0.14453125 -0.02734375 -0.05078125
v -0.14453125 -0.01953125 -0.01953125
v -0.14453125 0.02734375 -0.05859375
v -0.14453125 0.14453125 0.05078125
v -0.14453125 0.16796875 -0.01171875
v -0.14453125 0.17578125 -0.05859375
v -0.14453125 0.18359375 -0.05859375
v -0.14453125 0.18359375 -0.01171875
v -0.14453125 0.18359375 0.02734375
v -0.14453125 0.18359375 0.10546875
v -0.14453125 0.19140625 -0.09765625
v -0.14453125 0.21484375 -0.12890625
v -0.14453125 0.21484375 -0.11328125
v -0.14453125 0.23828125 -0.14453125
v -0.14453125 0.23828125 -0.12890625
v -0.14453125 0.24609375 -0.17578125
v -0.14453125 0.26171875 -0.15234375
v -0.14453125 0.26171875 -0.13671875
v -0.14453125 0.29296875 -0.13671875
v -0.14453125 0.31640625 0.09765625
v -0.14453125 0.33984375 0.08984375
v -0.14453125 0.36328125 -0.00390625
v -0.14453125 0.36328125 0.00390625
v -0.14453125 0.37109375 -0.01171875
v -0.14453125 0.37890625 -0.01953125
v -0.14453125 0.38671875 -0.08984375
v -0.14453125 0.38671875 -0.07421875
v -0.14453125 0.38671875 -0.02734375
v -0.14453125 0.39453125 -0.05859375
v -0.14453125 0.39453125 -0.04296875
v -0.13671875 -0.49609375 0.06640625
v -0.13671875 -0.45703125 0.03515625
v -0.13671875 -0.43359375 -0.08984375
v -0.13671875 -0.42578125 0.02734375
v -0.13671875 -0.39453125 -0.06640625
v -0.13671875 -0.36328125 -0.06640625
v -0.13671875 -0.19921875 0.11328125
v -0.13671875 -0.18359375 0.09765625
v -0.13671875 0.00390625 -0.05859375
v -0.13671875 0.00390625 -0.02734375
v -0.13671875 0.01171875 -0.08984375
v -0.13671875 0.01171875 -0.07421875
v -0.13671875 0.02734375 0.01953125
v -0.13671875 0.13671875 0.06640625
v -0.13671875 0.16796875 0.03515625
v -0.13671875 0.18359375 -0.05859375
v -0.13671875 0.19921875 -0.08984375
v -0.13671875 0.20703125 -0.16015625
v -0.13671875 0.20703125 0.12109375
v -0.13671875 0.23828125 -0.18359375
v -0.13671875 0.26171875 -0.16015625
v -0.13671875 0.29296875 -0.14453125
v -0.13671875 0.31640625 -0.14453125
v -0.13671875 0.33203125 -0.15234375
v -0.13671875 0.34765625 -0.16015625
v -0.13671875 0.34765625 0.06640625
v -0.13671875 0.37109375 -0.16015625
v -0.13671875 0.39453125 -0.16015625
v -0.13671875 0.39453125 -0.08984375
v -0.13671875 0.39453125 -0.05859375
v -0.13671875 0.39453125 -0.03515625
v -0.13671875 0.41015625 -0.15234375
v -0.13671875 0.41015625 -0.09765625
v -0.13671875 0.42578125 -0.14453125
v -0.13671875 0.42578125 -0.10546875
v -0.13671875 0.43359375 -0.12890625
v -0.13671875 0.44140625 -0.11328125
v -0.12890625 -0.48046875 0.03515625
v -0.12890625 -0.45703125 0.01953125
v -0.12890625 -0.44921875 0.03515625
v -0.12890625 -0.41796875 0.02734375
v -0.12890625 -0.41015625 0.01171875
v -0.12890625 -0.40234375 0.01953125
v -0.12890625 -0.35546875 -0.07421875
v -0.12890625 -0.27734375 0.06640625
v -0.12890625 -0.23828125 0.05859375
v -0.12890625 -0.20703125 0.05859375
v -0.12890625 -0.01171875 0.04296875
v -0.12890625 0.02734375 -0.02734375
v -0.12890625 0.04296875 -0.06640625
v -0.12890625 0.05859375 0.01171875
v -0.12890625 0.12109375 -0.12890625
v -0.12890625 0.12109375 -0.12109375
v -0.12890625 0.13671875 0.05859375
v -0.12890625 0.14453125 -0.01171875
v -0.12890625 0.16796875 -0.14453125
v -0.12890625 0.16796875 -0.05859375
v -0.12890625 0.17578125 -0.12890625
v -0.12890625 0.19921875 -0.08984375
v -0.12890625 0.21484375 -0.12109375
v -0.12890625 0.22265625 -0.11328125
v -0.12890625 0.31640625 -0.15234375
v -0.12890625 0.33203125 -0.16015625
v -0.12890625 0.34765625 -0.16015625
v -0.12890625 0.35546875 0.05078125
v -0.12890625 0.37109375 -0.16796875
v -0.12890625 0.38671875 -0.16796875
v -0.12890625 0.40234375 -0.08984375
v -0.12890625 0.41015625 -0.16015625
v -0.12890625 0.41015625 -0.09765625
v -0.12890625 0.43359375 -0.14453125
v -0.12890625 0.43359375 -0.10546875
v -0.12890625 0.44140625 -0.12890625
v -0.12890625 0.44140625 -0.10546875
v -0.12109375 -0.47265625 -0.01171875
v -0.12109375 -0.44921875 -0.05078125
v -0.12109375 -0.39453125 -0.05078125
v -0.12109375 -0.38671875 -0.01171875
v -0.12109375 -0.37890625 0.00390625
v -0.12109375 -0.36328125 -0.05078125
v -0.12109375 -0.22265625 -0.06640625
v -0.12109375 -0.19921875 -0.05859375
v -0.12109375 -0.01953125 -0.05859375
v -0.12109375 0.08203125 -0.01953125
v -0.12109375 0.09765625 -0.01953125
v -0.12109375 0.11328125 -0.12109375
v -0.12109375 0.11328125 -0.11328125
v -0.12109375 0.12890625 0.08984375
v -0.12109375 0.14453125 0.04296875
v -0.12109375 0.16015625 0.04296875
v -0.12109375 0.24609375 0.13671875
v -0.12109375 0.35546875 0.03515625
v -0.11328125 -0.44921875 -0.00390625
v -0.11328125 -0.44140625 -0.08984375
v -0.11328125 -0.38671875 -0.01171875
v -0.11328125 -0.35546875 -0.05078125
v -0.11328125 -0.35546875 -0.00390625
v -0.11328125 -0.33203125 -0.08984375
v -0.11328125 -0.01171875 -0.08984375
v -0.11328125 -0.01171875 -0.08203125
v -0.11328125 0.01171875 0.05078125
v -0.11328125 0.03515625 -0.07421875
v -0.11328125 0.04296875 -0.06640625
v -0.11328125 0.05078125 -0.08203125
v -0.11328125 0.05859375 -0.04296875
v -0.11328125 0.07421875 -0.05859375
v -0.11328125 0.07421875 -0.01171875
v -0.11328125 0.09765625 -0.04296875
v -0.11328125 0.12890625 0.08984375
v -0.11328125 0.14453125 -0.06640625
v -0.11328125 0.14453125 0.05859375
v -0.11328125 0.28515625 0.13671875
v -0.11328125 0.33984375 0.09765625
v -0.11328125 0.35546875 0.01953125
v -0.11328125 0.39453125 -0.08984375
v -0.10546875 -0.49609375 -0.01953125
v -0.10546875 -0.44921875 -0.10546875
v -0.10546875 -0.44921875 -0.05859375
v -0.10546875 -0.44921875 -0.01171875
v -0.10546875 -0.44140625 -0.07421875
v -0.10546875 -0.44140625 0.00390625
v -0.10546875 -0.38671875 -0.04296875
v -0.10546875 -0.22265625 -0.03515625
v -0.10546875 -0.19921875 -0.03515625
v -0.10546875 -0.19921875 0.00390625
v -0.10546875 -0.16796875 0.08203125
v -0.10546875 0.02734375 -0.06640625
v -0.10546875 0.04296875 0.05859375
v -0.10546875 0.07421875 -0.07421875
v -0.10546875 0.07421875 -0.05859375
v -0.10546875 0.09765625 -0.05078125
v -0.10546875 0.10546875 -0.00390625
v -0.10546875 0.15234375 0.11328125
v -0.10546875 0.19140625 -0.10546875
v -0.10546875 0.20703125 -0.11328125
v -0.10546875 0.21484375 -0.12109375
v -0.10546875 0.30859375 -0.15234375
v -0.10546875 0.31640625 -0.14453125
v -0.10546875 0.31640625 0.12109375
v -0.10546875 0.32421875 -0.15234375
v -0.10546875 0.33984375 -0.15234375
v -0.10546875 0.34765625 0.08203125
v -0.10546875 0.36328125 -0.00390625
v -0.10546875 0.36328125 0.00390625
v -0.09765625 -0.49609375 -0.05078125
v -0.09765625 -0.45703125 -0.11328125
v -0.09765625 -0.44921875 -0.08984375
v -0.09765625 -0.44921875 -0.04296875
v -0.09765625 -0.29296875 -0.09765625
v -0.09765625 -0.25390625 -0.08203125
v -0.09765625 -0.22265625 0.00390625
v -0.09765625 -0.15234375 -0.07421875
v -0.09765625 -0.14453125 0.09765625
v -0.09765625 -0.12109375 0.10546875
v -0.09765625 -0.11328125 0.09765625
v -0.09765625 -0.08203125 -0.08984375
v -0.09765625 -0.05859375 0.10546875
v -0.09765625 0.01171875 -0.09765625
v -0.09765625 0.07421875 -0.05078125
v -0.09765625 0.08203125 0.05859375
v -0.09765625 0.10546875 0.05078125
v -0.09765625 0.14453125 0.08203125
v -0.09765625 0.15234375 0.11328125
v -0.09765625 0.18359375 0.13671875
v -0.09765625 0.30859375 -0.14453125
v -0.09765625 0.33203125 -0.14453125
v -0.09765625 0.34765625 -0.16015625
v -0.09765625 0.37109375 -0.16015625
v -0.09765625 0.37109375 -0.00390625
v -0.09765625 0.38671875 -0.16015625
v -0.09765625 0.39453125 -0.05859375
v -0.09765625 0.39453125 -0.03515625
v -0.09765625 0.40234375 -0.09765625
v -0.09765625 0.41015625 -0.16015625
v -0.09765625 0.41015625 -0.10546875
v -0.09765625 0.43359375 -0.14453125
v -0.09765625 0.43359375 -0.10546875
v -0.09765625 0.44140625 -0.12890625
v -0.09765625 0.44140625 -0.10546875
v -0.08984375 -0.49609375 -0.05859375
v -0.08984375 -0.44921875 -0.05859375
v -0.08984375 -0.33203125 -0.04296875
v -0.08984375 -0.32421875 -0.00390625
v -0.08984375 -0.08203125 0.10546875
v -0.08984375 -0.05859375 0.08203125
v -0.08984375 -0.03515625 -0.05078125
v -0.08984375 -0.01953125 -0.05078125
v -0.08984375 0.00390625 -0.08203125
v -0.08984375 0.06640625 0.05078125
v -0.08984375 0.09765625 0.05859375
v -0.08984375 0.10546875 -0.04296875
v -0.08984375 0.16015625 -0.08984375
v -0.08984375 0.29296875 -0.15234375
v -0.08984375 0.31640625 -0.13671875
v -0.08984375 0.35546875 0.05078125
v -0.08984375 0.37890625 -0.01953125
v -0.08984375 0.38671875 -0.02734375
v -0.08984375 0.39453125 -0.08984375
v -0.08203125 -0.49609375 -0.10546875
v -0.08203125 -0.45703125 -0.08984375
v -0.08203125 -0.22265625 0.00390625
v -0.08203125 -0.21484375 -0.03515625
v -0.08203125 -0.06640625 -0.03515625
v -0.08203125 -0.05078125 0.05859375
v -0.08203125 0.15234375 0.11328125
v -0.08203125 0.17578125 0.14453125
v -0.08203125 0.30859375 -0.14453125
v -0.08203125 0.33203125 -0.14453125
v -0.08203125 0.34765625 0.03515625
v -0.08203125 0.38671875 0.01953125
v -0.08203125 0.39453125 -0.02734375
v -0.08203125 0.39453125 -0.01953125
v -0.08203125 0.40234375 -0.00390625
v -0.08203125 0.41015625 -0.02734375
v -0.08203125 0.43359375 -0.00390625
v -0.08203125 0.43359375 0.01953125
v -0.08203125 0.44140625 -0.02734375
v -0.08203125 0.45703125 0.01953125
v -0.08203125 0.46484375 -0.02734375
v -0.08203125 0.46484375 -0.00390625
v -0.07421875 -0.49609375 -0.08203125
v -0.07421875 -0.24609375 -0.05078125
v -0.07421875 -0.16015625 0.01953125
v -0.07421875 -0.07421875 -0.06640625
v -0.07421875 -0.07421875 -0.05859375
v -0.07421875 -0.04296875 -0.04296875
v -0.07421875 -0.03515625 0.06640625
v -0.07421875 -0.00390625 -0.10546875
v -0.07421875 0.00390625 -0.04296875
v -0.07421875 0.04296875 -0.11328125
v -0.07421875 0.10546875 -0.06640625
v -0.07421875 0.27734375 -0.14453125
v -0.07421875 0.31640625 -0.14453125
v -0.07421875 0.34765625 0.01953125
v -0.07421875 0.34765625 0.07421875
v -0.07421875 0.34765625 0.09765625
v -0.07421875 0.35546875 -0.00390625
v -0.07421875 0.39453125 -0.07421875
v -0.06640625 -0.27734375 -0.05859375
v -0.06640625 -0.25390625 -0.01171875
v -0.06640625 -0.11328125 0.02734375
v -0.06640625 -0.08203125 -0.01171875
v -0.06640625 -0.07421875 -0.01171875
v -0.06640625 -0.01171875 0.06640625
v -0.06640625 -0.00390625 -0.09765625
v -0.06640625 0.03515625 -0.05859375
v -0.06640625 0.05859375 -0.05859375
v -0.06640625 0.07421875 -0.09765625
v -0.06640625 0.07421875 0.09765625
v -0.06640625 0.08984375 -0.08203125
v -0.06640625 0.09765625 -0.07421875
v -0.06640625 0.09765625 0.08984375
v -0.06640625 0.11328125 0.09765625
v -0.06640625 0.23046875 0.16796875
v -0.06640625 0.27734375 -0.12890625
v -0.06640625 0.33203125 0.12890625
v -0.06640625 0.33984375 0.07421875
v -0.06640625 0.33984375 0.09765625
v -0.06640625 0.34765625 0.05078125
v -0.06640625 0.35546875 -0.01171875
v -0.06640625 0.35546875 0.00390625
v -0.06640625 0.36328125 -0.01171875
v -0.06640625 0.37890625 -0.01953125
v -0.06640625 0.38671875 -0.01953125
v -0.06640625 0.40234375 -0.04296875
v -0.06640625 0.40234375 -0.01953125
v -0.06640625 0.41015625 -0.02734375
v -0.06640625 0.42578125 -0.13671875
v -0.06640625 0.42578125 -0.11328125
v -0.06640625 0.44140625 -0.12890625
v -0.06640625 0.44140625 -0.11328125
v -0.06640625 0.46484375 -0.00390625
v -0.05859375 -0.28515625 -0.01953125
v -0.05859375 -0.12890625 0.01953125
v -0.05859375 -0.12109375 0.02734375
v -0.05859375 -0.10546875 -0.01953125
v -0.05859375 -0.08984375 -0.01953125
v -0.05859375 -0.08203125 0.02734375
v -0.05859375 -0.07421875 0.02734375
v -0.05859375 -0.06640625 -0.01171875
v -0.05859375 -0.05078125 0.06640625
v -0.05859375 -0.03515625 -0.04296875
v -0.05859375 0.01171875 -0.08984375
v -0.05859375 0.01953125 0.08203125
v -0.05859375 0.02734375 -0.08203125
v -0.05859375 0.04296875 -0.08203125
v -0.05859375 0.05859375 -0.06640625
v -0.05859375 0.22265625 0.17578125
v -0.05859375 0.29296875 -0.13671875
v -0.05859375 0.29296875 -0.12109375
v -0.05859375 0.31640625 0.06640625
v -0.05859375 0.31640625 0.08203125
v -0.05859375 0.31640625 0.10546875
v -0.05859375 0.32421875 -0.13671875
v -0.05859375 0.32421875 0.03515625
v -0.05859375 0.32421875 0.06640625
v -0.05859375 0.32421875 0.08203125
v -0.05859375 0.32421875 0.11328125
v -0.05859375 0.33203125 -0.15234375
v -0.05859375 0.33203125 0.03515625
v -0.05859375 0.33203125 0.05078125
v -0.05859375 0.33203125 0.07421875
v -0.05859375 0.33203125 0.08984375
v -0.05859375 0.33203125 0.12109375
v -0.05859375 0.33984375 -0.16015625
v -0.05859375 0.33984375 -0.12890625
v -0.05859375 0.33984375 -0.00390625
v -0.05859375 0.33984375 0.00390625
v -0.05859375 0.33984375 0.03515625
v -0.05859375 0.33984375 0.05078125
v -0.05859375 0.34765625 -0.16796875
v -0.05859375 0.34765625 -0.12109375
v -0.05859375 0.35546875 -0.16015625
v -0.05859375 0.36328125 0.02734375
v -0.05859375 0.37109375 -0.15234375
v -0.05859375 0.37890625 -0.00390625
v -0.05859375 0.37890625 0.02734375
v -0.05859375 0.38671875 -0.08203125
v -0.05859375 0.39453125 -0.15234375
v -0.05859375 0.39453125 -0.10546875
v -0.05859375 0.39453125 -0.07421875
v -0.05859375 0.39453125 -0.01953125
v -0.05859375 0.39453125 -0.00390625
v -0.05859375 0.41015625 -0.15234375
v -0.05859375 0.41015625 -0.10546875
v -0.05859375 0.41015625 -0.04296875
v -0.05859375 0.41015625 -0.02734375
v -0.05859375 0.41015625 -0.01953125
v -0.05859375 0.41015625 0.04296875
v -0.05859375 0.42578125 -0.14453125
v -0.05859375 0.42578125 -0.11328125
v -0.05859375 0.43359375 0.02734375
v -0.05859375 0.43359375 0.04296875
v -0.05859375 0.44140625 -0.02734375
v -0.05859375 0.44140625 -0.01953125
v -0.05859375 0.45703125 0.01953125
v -0.05859375 0.45703125 0.04296875
v -0.05859375 0.46484375 -0.02734375
v -0.05859375 0.46484375 -0.01953125
v -0.05859375 0.46484375 0.01953125
v -0.05859375 0.47265625 -0.02734375
v -0.05859375 0.47265625 -0.01171875
v -0.05859375 0.47265625 -0.00390625
v -0.05078125 -0.06640625 0.02734375
v -0.05078125 -0.00390625 -0.04296875
v -0.05078125 0.04296875 0.08203125
v -0.05078125 0.08984375 0.09765625
v -0.05078125 0.16796875 0.14453125
v -0.05078125 0.20703125 -0.12890625
v -0.05078125 0.20703125 -0.12109375
v -0.05078125 0.21484375 0.18359375
v -0.05078125 0.23046875 0.18359375
v -0.05078125 0.24609375 0.17578125
v -0.05078125 0.26953125 0.16015625
v -0.05078125 0.31640625 0.01171875
v -0.05078125 0.31640625 0.03515625
v -0.05078125 0.31640625 0.05078125
v -0.05078125 0.31640625 0.09765625
v -0.05078125 0.32421875 0.01953125
v -0.05078125 0.32421875 0.05078125
v -0.05078125 0.33203125 -0.15234375
v -0.05078125 0.33203125 -0.13671875
v -0.05078125 0.33203125 -0.00390625
v -0.05078125 0.33203125 0.00390625
v -0.05078125 0.33203125 0.01171875
v -0.05078125 0.33984375 -0.16015625
v -0.05078125 0.33984375 -0.01171875
v -0.05078125 0.34765625 -0.16015625
v -0.05078125 0.34765625 -0.14453125
v -0.05078125 0.35546875 -0.15234375
v -0.05078125 0.35546875 -0.13671875
v -0.05078125 0.35546875 -0.12109375
v -0.05078125 0.35546875 -0.01953125
v -0.05078125 0.35546875 0.05078125
v -0.05078125 0.36328125 -0.14453125
v -0.05078125 0.36328125 -0.01953125
v -0.05078125 0.37109375 -0.00390625
v -0.05078125 0.37890625 -0.09765625
v -0.05078125 0.37890625 -0.02734375
v -0.05078125 0.38671875 -0.10546875
v -0.05078125 0.38671875 -0.01953125
v -0.05078125 0.39453125 -0.16015625
v -0.05078125 0.40234375 -0.05859375
v -0.05078125 0.41015625 -0.15234375
v -0.05078125 0.41015625 -0.10546875
v -0.05078125 0.41015625 -0.04296875
v -0.05078125 0.44140625 -0.04296875
v -0.05078125 0.46484375 -0.04296875
v -0.05078125 0.46484375 0.03515625
v -0.05078125 0.47265625 -0.03515625
v -0.05078125 0.47265625 0.01953125
v -0.05078125 0.48046875 -0.01171875
v -0.05078125 0.48046875 -0.00390625
v -0.04296875 -0.06640625 -0.01953125
v -0.04296875 -0.02734375 -0.10546875
v -0.04296875 -0.00390625 -0.11328125
v -0.04296875 -0.00390625 -0.05078125
v -0.04296875 0.01953125 -0.08984375
v -0.04296875 0.02734375 -0.08984375
v -0.04296875 0.02734375 -0.05078125
v -0.04296875 0.04296875 -0.12890625
v -0.04296875 0.04296875 -0.08203125
v -0.04296875 0.05078125 -0.05859375
v -0.04296875 0.05859375 -0.12109375
v -0.04296875 0.07421875 -0.09765625
v -0.04296875 0.08203125 -0.08984375
v -0.04296875 0.11328125 -0.12109375
v -0.04296875 0.11328125 -0.11328125
v -0.04296875 0.15234375 0.16015625
v -0.04296875 0.16015625 -0.09765625
v -0.04296875 0.30859375 -0.12109375
v -0.04296875 0.31640625 -0.13671875
v -0.04296875 0.34765625 0.01953125
v -0.04296875 0.35546875 -0.00390625
v -0.04296875 0.35546875 0.02734375
v -0.04296875 0.36328125 -0.12890625
v -0.04296875 0.37109375 -0.15234375
v -0.04296875 0.37109375 0.05859375
v -0.04296875 0.39453125 -0.06640625
v -0.04296875 0.48046875 -0.02734375
v -0.03515625 -0.06640625 0.02734375
v -0.03515625 -0.05859375 0.12109375
v -0.03515625 -0.04296875 0.07421875
v -0.03515625 -0.03515625 -0.05078125
v -0.03515625 -0.02734375 -0.08984375
v -0.03515625 -0.01171875 0.07421875
v -0.03515625 0.00390625 -0.09765625
v -0.03515625 0.01171875 0.15234375
v -0.03515625 0.01953125 0.08984375
v -0.03515625 0.03515625 -0.08984375
v -0.03515625 0.04296875 0.08203125
v -0.03515625 0.04296875 0.16015625
v -0.03515625 0.05078125 -0.06640625
v -0.03515625 0.05859375 -0.11328125
v -0.03515625 0.05859375 0.09765625
v -0.03515625 0.05859375 0.13671875
v -0.03515625 0.07421875 0.09765625
v -0.03515625 0.08984375 -0.08203125
v -0.03515625 0.08984375 0.12890625
v -0.03515625 0.09765625 -0.07421875
v -0.03515625 0.12109375 -0.12890625
v -0.03515625 0.12109375 -0.11328125
v -0.03515625 0.17578125 0.16015625
v -0.03515625 0.21484375 -0.12890625
v -0.03515625 0.21484375 -0.12109375
v -0.03515625 0.26171875 -0.15234375
v -0.03515625 0.30078125 0.13671875
v -0.03515625 0.30078125 0.14453125
v -0.03515625 0.30859375 0.12890625
v -0.03515625 0.32421875 0.04296875
v -0.03515625 0.33203125 -0.11328125
v -0.03515625 0.33984375 -0.12890625
v -0.03515625 0.34765625 -0.11328125
v -0.03515625 0.34765625 -0.09765625
v -0.03515625 0.37109375 -0.08984375
v -0.03515625 0.38671875 -0.07421875
v -0.03515625 0.38671875 -0.06640625
v -0.03515625 0.40234375 0.07421875
v -0.03515625 0.41015625 -0.05859375
v -0.03515625 0.42578125 0.07421875
v -0.03515625 0.44140625 -0.05859375
v -0.03515625 0.45703125 0.06640625
v -0.03515625 0.46484375 -0.05078125
v -0.03515625 0.46484375 0.05078125
v -0.03515625 0.46484375 0.05859375
v -0.03515625 0.48046875 -0.04296875
v -0.03515625 0.48046875 0.02734375
v -0.03515625 0.48828125 -0.02734375
v -0.03515625 0.48828125 -0.01171875
v -0.03515625 0.48828125 0.00390625
v -0.02734375 0.02734375 -0.08984375
v -0.02734375 0.16796875 -0.14453125
v -0.02734375 0.17578125 -0.12890625
v -0.02734375 0.20703125 -0.16796875
v -0.02734375 0.21484375 -0.12890625
v -0.02734375 0.23828125 -0.17578125
v -0.02734375 0.26953125 -0.13671875
v -0.02734375 0.27734375 -0.12890625
v -0.02734375 0.29296875 -0.12109375
v -0.02734375 0.30078125 0.11328125
v -0.02734375 0.30078125 0.12109375
v -0.02734375 0.33984375 0.04296875
v -0.02734375 0.34765625 0.05078125
v -0.02734375 0.36328125 -0.08203125
v -0.02734375 0.44140625 0.08203125
v -0.01953125 0.21484375 -0.15234375
v -0.01953125 0.22265625 -0.13671875
v -0.01953125 0.23046875 -0.18359375
v -0.01953125 0.23046875 -0.12890625
v -0.01953125 0.23828125 -0.16796875
v -0.01953125 0.25390625 -0.15234375
v -0.01953125 0.26171875 -0.13671875
v -0.01953125 0.30859375 -0.11328125
v -0.01953125 0.33203125 -0.10546875
v -0.01953125 0.34765625 -0.09765625
v -0.01953125 0.37109375 0.08203125
v -0.01953125 0.39453125 -0.07421875
v -0.01953125 0.40234375 -0.06640625
v -0.01953125 0.41015625 -0.06640625
v -0.01953125 0.41015625 0.07421875
v -0.01953125 0.42578125 0.07421875
v -0.01953125 0.44140625 -0.07421875
v -0.01953125 0.45703125 0.08203125
v -0.01953125 0.47265625 -0.06640625
v -0.01953125 0.47265625 0.05859375
v -0.01953125 0.47265625 0.06640625
v -0.01953125 0.48828125 -0.05078125
v -0.01953125 0.48828125 0.03515625
v -0.01953125 0.49609375 -0.02734375
v -0.01953125 0.49609375 -0.01171875
v -0.01953125 0.49609375 0.01171875
v -0.01171875 0.23828125 -0.14453125
v -0.01171875 0.24609375 -0.12890625
v -0.01171875 0.36328125 -0.08203125
v -0.01171875 0.41015625 0.08203125
v -0.01171875 0.42578125 0.09765625
v -0.01171875 0.44140625 0.08984375
v 0.00390625 -0.07421875 0.03515625
v 0.00390625 -0.06640625 -0.02734375
v 0.00390625 -0.06640625 0.05859375
v 0.00390625 -0.05859375 0.12109375
v 0.00390625 -0.04296875 -0.09765625
v 0.00390625 -0.04296875 -0.08203125
v 0.00390625 -0.03515625 -0.05078125
v 0.00390625 -0.02734375 -0.08984375
v 0.00390625 -0.00390625 -0.11328125
v 0.00390625 -0.00390625 -0.05859375
v 0.00390625 0.00390625 -0.09765625
v 0.00390625 0.01171875 0.15234375
v 0.00390625 0.02734375 -0.09765625
v 0.00390625 0.02734375 -0.05078125
v 0.00390625 0.04296875 -0.12890625
v 0.00390625 0.04296875 0.16015625
v 0.00390625 0.05078125 -0.11328125
v 0.00390625 0.05078125 -0.06640625
v 0.00390625 0.05078125 -0.05859375
v 0.00390625 0.05859375 -0.12890625
v 0.00390625 0.05859375 0.09765625
v 0.00390625 0.05859375 0.13671875
v 0.00390625 0.07421875 0.09765625
v 0.00390625 0.08984375 -0.08203125
v 0.00390625 0.08984375 0.13671875
v 0.00390625 0.09765625 -0.07421875
v 0.00390625 0.15234375 0.16015625
v 0.00390625 0.16015625 -0.09765625
v 0.00390625 0.17578125 0.16015625
v 0.00390625 0.21484375 -0.11328125
v 0.00390625 0.21484375 0.18359375
v 0.00390625 0.23046875 -0.12109375
v 0.00390625 0.23046875 0.18359375
v 0.00390625 0.24609375 -0.12890625
v 0.00390625 0.24609375 0.17578125
v 0.00390625 0.26953125 -0.12890625
v 0.00390625 0.26953125 0.16015625
v 0.00390625 0.27734375 -0.12890625
v 0.00390625 0.29296875 -0.12109375
v 0.00390625 0.29296875 0.06640625
v 0.00390625 0.29296875 0.12109375
v 0.00390625 0.29296875 0.13671875
v 0.00390625 0.29296875 0.14453125
v 0.00390625 0.30078125 0.05078125
v 0.00390625 0.30078125 0.12109375
v 0.00390625 0.30078125 0.12890625
v 0.00390625 0.31640625 -0.11328125
v 0.00390625 0.31640625 0.05078125
v 0.00390625 0.33203125 0.05078125
v 0.00390625 0.33984375 0.05078125
v 0.00390625 0.34765625 -0.10546875
v 0.00390625 0.34765625 0.07421875
v 0.00390625 0.36328125 -0.08984375
v 0.00390625 0.36328125 0.08203125
v 0.00390625 0.36328125 0.09765625
v 0.00390625 0.39453125 -0.07421875
v 0.00390625 0.40234375 -0.06640625
v 0.00390625 0.41015625 -0.06640625
v 0.00390625 0.41015625 0.08203125
v 0.00390625 0.42578125 0.08984375
v 0.00390625 0.44140625 -0.06640625
v 0.00390625 0.44140625 0.08984375
v 0.00390625 0.45703125 0.08203125
v 0.00390625 0.47265625 -0.05859375
v 0.00390625 0.47265625 0.07421875
v 0.00390625 0.48046875 0.05859375
v 0.00390625 0.48828125 -0.04296875
v 0.00390625 0.48828125 0.03515625
v 0.00390625 0.49609375 -0.02734375
v 0.00390625 0.49609375 -0.01171875
v 0.00390625 0.49609375 0.01171875
v 0.01171875 0.23828125 -0.14453125
v 0.01171875 0.24609375 -0.12890625
v 0.01171875 0.36328125 -0.08203125
v 0.01171875 0.41015625 0.08203125
v 0.01171875 0.42578125 0.09765625
v 0.01171875 0.44140625 0.08984375
v 0.01953125 0.21484375 -0.15234375
v 0.01953125 0.22265625 -0.13671875
v 0.01953125 0.23046875 -0.18359375
v 0.01953125 0.23046875 -0.12890625
v 0.01953125 0.23828125 -0.16796875
v 0.01953125 0.25390625 -0.15234375
v 0.01953125 0.26171875 -0.13671875
v 0.01953125 0.30859375 -0.11328125
v 0.01953125 0.33203125 -0.10546875
v 0.01953125 0.34765625 -0.09765625
v 0.01953125 0.37109375 0.08203125
v 0.01953125 0.39453125 -0.07421875
v 0.01953125 0.40234375 -0.06640625
v 0.01953125 0.41015625 -0.06640625
v 0.01953125 0.41015625 0.07421875
v 0.01953125 0.42578125 0.07421875
v 0.01953125 0.44140625 -0.07421875
v 0.01953125 0.45703125 0.08203125
v 0.01953125 0.47265625 -0.06640625
v 0.01953125 0.47265625 0.05859375
v 0.01953125 0.47265625 0.06640625
v 0.01953125 0.48828125 -0.05078125
v 0.01953125 0.48828125 0.03515625
v 0.01953125 0.49609375 -0.02734375
v 0.01953125 0.49609375 -0.01171875
v 0.01953125 0.49609375 0.01171875
v 0.02734375 0.02734375 -0.08984375
v 0.02734375 0.16796875 -0.14453125
v 0.02734375 0.17578125 -0.12890625
v 0.02734375 0.20703125 -0.16796875
v 0.02734375 0.21484375 -0.12890625
v 0.02734375 0.23828125 -0.17578125
v 0.02734375 0.26953125 -0.13671875
v 0.02734375 0.27734375 -0.12890625
v 0.02734375 0.29296875 -0.12109375
v 0.02734375 0.30078125 0.11328125
v 0.02734375 0.30078125 0.12109375
v 0.02734375 0.33984375 0.04296875
v 0.02734375 0.34765625 0.05078125
v 0.02734375 0.36328125 -0.08203125
v 0.02734375 0.44140625 0.08203125
v 0.03515625 -0.06640625 0.02734375
v 0.03515625 -0.05859375 0.12109375
v 0.03515625 -0.04296875 0.07421875
v 0.03515625 -0.03515625 -0.05078125
v 0.03515625 -0.02734375 -0.08984375
v 0.03515625 -0.01171875 0.07421875
v 0.03515625 0.00390625 -0.09765625
v 0.03515625 0.01171875 0.15234375
v 0.03515625 0.01953125 0.08984375
v 0.03515625 0.03515625 -0.08984375
v 0.03515625 0.04296875 0.08203125
v 0.03515625 0.04296875 0.16015625
v 0.03515625 0.05078125 -0.06640625
v 0.03515625 0.05859375 -0.11328125
v 0.03515625 0.05859375 0.09765625
v 0.03515625 0.05859375 0.13671875
v 0.03515625 0.07421875 0.09765625
v 0.03515625 0.08984375 -0.08203125
v 0.03515625 0.08984375 0.12890625
v 0.03515625 0.09765625 -0.07421875
v 0.03515625 0.12109375 -0.12890625
v 0.03515625 0.12109375 -0.11328125
v 0.03515625 0.17578125 0.16015625
v 0.03515625 0.21484375 -0.12890625
v 0.03515625 0.21484375 -0.12109375
v 0.03515625 0.26171875 -0.15234375
v 0.03515625 0.30078125 0.13671875
v 0.03515625 0.30078125 0.14453125
v 0.03515625 0.30859375 0.12890625
v 0.03515625 0.32421875 0.04296875
v 0.03515625 0.33203125 -0.11328125
v 0.03515625 0.33984375 -0.12890625
v 0.03515625 0.34765625 -0.11328125
v 0.03515625 0.34765625 -0.09765625
v 0.03515625 0.37109375 -0.08984375
v 0.03515625 0.38671875 -0.07421875
v 0.03515625 0.38671875 -0.06640625
v 0.03515625 0.40234375 0.07421875
v 0.03515625 0.41015625 -0.05859375
v 0.03515625 0.42578125 0.07421875
v 0.03515625 0.44140625 -0.05859375
v 0.03515625 0.45703125 0.06640625
v 0.03515625 0.46484375 -0.05078125
v 0.03515625 0.46484375 0.05078125
v 0.03515625 0.46484375 0.05859375
v 0.03515625 0.48046875 -0.04296875
v 0.03515625 0.48046875 0.02734375
v 0.03515625 0.48828125 -0.02734375
v 0.03515625 0.48828125 -0.01171875
v 0.03515625 0.48828125 0.00390625
v 0.04296875 -0.06640625 -0.01953125
v 0.04296875 -0.02734375 -0.10546875
v 0.04296875 -0.00390625 -0.11328125
v 0.04296875 -0.00390625 -0.05078125
v 0.04296875 0.01953125 -0.08984375
v 0.04296875 0.02734375 -0.08984375
v 0.04296875 0.02734375 -0.05078125
v 0.04296875 0.04296875 -0.12890625
v 0.04296875 0.04296875 -0.08203125
v 0.04296875 0.05078125 -0.05859375
v 0.04296875 0.05859375 -0.12109375
v 0.04296875 0.07421875 -0.09765625
v 0.04296875 0.08203125 -0.08984375
v 0.04296875 0.11328125 -0.12109375
v 0.04296875 0.11328125 -0.11328125
v 0.04296875 0.15234375 0.16015625
v 0.04296875 0.16015625 -0.09765625
v 0.04296875 0.30859375 -0.12109375
v 0.04296875 0.31640625 -0.13671875
v 0.04296875 0.34765625 0.01953125
v 0.04296875 0.35546875 -0.00390625
v 0.04296875 0.35546875 0.02734375
v 0.04296875 0.36328125 -0.12890625
v 0.04296875 0.37109375 -0.15234375
v 0.04296875 0.37109375 0.05859375
v 0.04296875 0.39453125 -0.06640625
v 0.04296875 0.48046875 -0.02734375
v 0.05078125 -0.06640625 0.02734375
v 0.05078125 -0.00390625 -0.04296875
v 0.05078125 0.04296875 0.08203125
v 0.05078125 0.08984375 0.09765625
v 0.05078125 0.16796875 0.14453125
v 0.05078125 0.20703125 -0.12890625
v 0.05078125 0.20703125 -0.12109375
v 0.05078125 0.21484375 0.18359375
v 0.05078125 0.23046875 0.18359375
v 0.05078125 0.24609375 0.17578125
v 0.05078125 0.26953125 0.16015625
v 0.05078125 0.31640625 0.01171875
v 0.05078125 0.31640625 0.03515625
v 0.05078125 0.31640625 0.05078125
v 0.05078125 0.31640625 0.09765625
v 0.05078125 0.32421875 0.01953125
v 0.05078125 0.32421875 0.05078125
v 0.05078125 0.33203125 -0.15234375
v 0.05078125 0.33203125 -0.13671875
v 0.05078125 0.33203125 -0.00390625
v 0.05078125 0.33203125 0.00390625
v 0.05078125 0.33203125 0.01171875
v 0.05078125 0.33984375 -0.16015625
v 0.05078125 0.33984375 -0.01171875
v 0.05078125 0.34765625 -0.16015625
v 0.05078125 0.34765625 -0.14453125
v 0.05078125 0.35546875 -0.15234375
v 0.05078125 0.35546875 -0.13671875
v 0.05078125 0.35546875 -0.12109375
v 0.05078125 0.35546875 -0.01953125
v 0.05078125 0.35546875 0.05078125
v 0.05078125 0.36328125 -0.14453125
v 0.05078125 0.36328125 -0.01953125
v 0.05078125 0.37109375 -0.00390625
v 0.05078125 0.37890625 -0.09765625
v 0.05078125 0.37890625 -0.02734375
v 0.05078125 0.38671875 -0.10546875
v 0.05078125 0.38671875 -0.01953125
v 0.05078125 0.39453125 -0.16015625
v 0.05078125 0.40234375 -0.05859375
v 0.05078125 0.41015625 -0.15234375
v 0.05078125 0.41015625 -0.10546875
v 0.05078125 0.41015625 -0.04296875
v 0.05078125 0.44140625 -0.04296875
v 0.05078125 0.46484375 -0.04296875
v 0.05078125 0.46484375 0.03515625
v 0.05078125 0.47265625 -0.03515625
v 0.05078125 0.47265625 0.01953125
v 0.05078125 0.48046875 -0.01171875
v 0.05078125 0.48046875 -0.00390625
v 0.05859375 -0.12890625 0.01953125
v 0.05859375 -0.12109375 0.02734375
v 0.05859375 -0.10546875 -0.01953125
v 0.05859375 -0.08984375 -0.01953125
v 0.05859375 -0.08203125 0.02734375
v 0.05859375 -0.07421875 0.02734375
v 0.05859375 -0.06640625 -0.01171875
v 0.05859375 -0.05078125 0.06640625
v 0.05859375 -0.03515625 -0.04296875
v 0.05859375 0.01171875 -0.08984375
v 0.05859375 0.01953125 0.08203125
v 0.05859375 0.02734375 -0.08203125
v 0.05859375 0.04296875 -0.08203125
v 0.05859375 0.05859375 -0.06640625
v 0.05859375 0.22265625 0.17578125
v 0.05859375 0.29296875 -0.13671875
v 0.05859375 0.29296875 -0.12109375
v 0.05859375 0.31640625 0.06640625
v 0.05859375 0.31640625 0.08203125
v 0.05859375 0.31640625 0.10546875
v 0.05859375 0.32421875 -0.13671875
v 0.05859375 0.32421875 0.03515625
v 0.05859375 0.32421875 0.06640625
v 0.05859375 0.32421875 0.08203125
v 0.05859375 0.32421875 0.11328125
v 0.05859375 0.33203125 -0.15234375
v 0.05859375 0.33203125 0.03515625
v 0.05859375 0.33203125 0.05078125
v 0.05859375 0.33203125 0.07421875
v 0.05859375 0.33203125 0.08984375
v 0.05859375 0.33203125 0.12109375
v 0.05859375 0.33984375 -0.16015625
v 0.05859375 0.33984375 -0.12890625
v 0.05859375 0.33984375 -0.00390625
v 0.05859375 0.33984375 0.00390625
v 0.05859375 0.33984375 0.03515625
v 0.05859375 0.33984375 0.05078125
v 0.05859375 0.34765625 -0.16796875
v 0.05859375 0.34765625 -0.12109375
v 0.05859375 0.35546875 -0.16015625
v 0.05859375 0.36328125 0.02734375
v 0.05859375 0.37109375 -0.15234375
v 0.05859375 0.37890625 -0.00390625
v 0.05859375 0.37890625 0.02734375
v 0.05859375 0.38671875 -0.08203125
v 0.05859375 0.39453125 -0.15234375
v 0.05859375 0.39453125 -0.10546875
v 0.05859375 0.39453125 -0.07421875
v 0.05859375 0.39453125 -0.01953125
v 0.05859375 0.39453125 -0.00390625
v 0.05859375 0.41015625 -0.15234375
v 0.05859375 0.41015625 -0.10546875
v 0.05859375 0.41015625 -0.04296875
v 0.05859375 0.41015625 -0.02734375
v 0.05859375 0.41015625 -0.01953125
v 0.05859375 0.41015625 0.04296875
v 0.05859375 0.42578125 -0.14453125
v 0.05859375 0.42578125 -0.11328125
v 0.05859375 0.43359375 0.02734375
v 0.05859375 0.43359375 0.04296875
v 0.05859375 0.44140625 -0.02734375
v 0.05859375 0.44140625 -0.01953125
v 0.05859375 0.45703125 0.01953125
v 0.05859375 0.45703125 0.04296875
v 0.05859375 0.46484375 -0.02734375
v 0.05859375 0.46484375 -0.01953125
v 0.05859375 0.46484375 0.01953125
v 0.05859375 0.47265625 -0.02734375
v 0.05859375 0.47265625 -0.01171875
v 0.05859375 0.47265625 -0.00390625
v 0.06640625 -0.28515625 -0.01171875
v 0.06640625 -0.24609375 -0.00390625
v 0.06640625 -0.23828125 -0.05078125
v 0.06640625 -0.11328125 0.02734375
v 0.06640625 -0.08203125 -0.01171875
v 0.06640625 -0.07421875 -0.01171875
v 0.06640625 -0.01171875 0.06640625
v 0.06640625 -0.00390625 -0.09765625
v 0.06640625 0.03515625 -0.05859375
v 0.06640625 0.05859375 -0.05859375
v 0.06640625 0.07421875 -0.09765625
v 0.06640625 0.07421875 0.09765625
v 0.06640625 0.08984375 -0.08203125
v 0.06640625 0.09765625 -0.07421875
v 0.06640625 0.09765625 0.08984375
v 0.06640625 0.11328125 0.09765625
v 0.06640625 0.23046875 0.16796875
v 0.06640625 0.27734375 -0.12890625
v 0.06640625 0.33203125 0.12890625
v 0.06640625 0.33984375 0.07421875
v 0.06640625 0.33984375 0.09765625
v 0.06640625 0.34765625 0.05078125
v 0.06640625 0.35546875 -0.01171875
v 0.06640625 0.35546875 0.00390625
v 0.06640625 0.36328125 -0.01171875
v 0.06640625 0.37890625 -0.01953125
v 0.06640625 0.38671875 -0.01953125
v 0.06640625 0.40234375 -0.04296875
v 0.06640625 0.40234375 -0.01953125
v 0.06640625 0.41015625 -0.02734375
v 0.06640625 0.42578125 -0.13671875
v 0.06640625 0.42578125 -0.11328125
v 0.06640625 0.44140625 -0.12890625
v 0.06640625 0.44140625 -0.11328125
v 0.06640625 0.46484375 -0.00390625
v 0.07421875 -0.32421875 -0.02734375
v 0.07421875 -0.26953125 -0.06640625
v 0.07421875 -0.17578125 0.01171875
v 0.07421875 -0.16015625 0.01953125
v 0.07421875 -0.07421875 -0.06640625
v 0.07421875 -0.07421875 -0.05859375
v 0.07421875 -0.04296875 -0.04296875
v 0.07421875 -0.03515625 0.06640625
v 0.07421875 -0.00390625 -0.10546875
v 0.07421875 0.00390625 -0.04296875
v 0.07421875 0.04296875 -0.11328125
v 0.07421875 0.10546875 -0.06640625
v 0.07421875 0.27734375 -0.14453125
v 0.07421875 0.31640625 -0.14453125
v 0.07421875 0.34765625 0.01953125
v 0.07421875 0.34765625 0.07421875
v 0.07421875 0.34765625 0.09765625
v 0.07421875 0.35546875 -0.00390625
v 0.07421875 0.39453125 -0.07421875
v 0.08203125 -0.49609375 -0.07421875
v 0.08203125 -0.31640625 -0.00390625
v 0.08203125 -0.30859375 -0.07421875
v 0.08203125 -0.23046875 0.00390625
v 0.08203125 -0.08203125 -0.08984375
v 0.08203125 -0.06640625 -0.03515625
v 0.08203125 -0.05078125 0.05859375
v 0.08203125 0.15234375 0.11328125
v 0.08203125 0.17578125 0.14453125
v 0.08203125 0.30859375 -0.14453125
v 0.08203125 0.33203125 -0.14453125
v 0.08203125 0.34765625 0.03515625
v 0.08203125 0.38671875 0.01953125
v 0.08203125 0.39453125 -0.02734375
v 0.08203125 0.39453125 -0.01953125
v 0.08203125 0.40234375 -0.00390625
v 0.08203125 0.41015625 -0.02734375
v 0.08203125 0.43359375 -0.00390625
v 0.08203125 0.43359375 0.01953125
v 0.08203125 0.44140625 -0.02734375
v 0.08203125 0.45703125 0.01953125
v 0.08203125 0.46484375 -0.02734375
v 0.08203125 0.46484375 -0.00390625
v 0.08984375 -0.49609375 -0.09765625
v 0.08984375 -0.45703125 -0.09765625
v 0.08984375 -0.45703125 -0.07421875
v 0.08984375 -0.44921875 -0.09765625
v 0.08984375 -0.44921875 -0.08203125
v 0.08984375 -0.23046875 0.00390625
v 0.08984375 -0.08203125 0.10546875
v 0.08984375 -0.05859375 0.08203125
v 0.08984375 -0.03515625 -0.05078125
v 0.08984375 -0.01953125 -0.05078125
v 0.08984375 0.00390625 -0.08203125
v 0.08984375 0.06640625 0.05078125
v 0.08984375 0.09765625 0.05859375
v 0.08984375 0.10546875 -0.04296875
v 0.08984375 0.16015625 -0.08984375
v 0.08984375 0.29296875 -0.15234375
v 0.08984375 0.31640625 -0.13671875
v 0.08984375 0.35546875 0.05078125
v 0.08984375 0.37890625 -0.01953125
v 0.08984375 0.38671875 -0.02734375
v 0.08984375 0.39453125 -0.08984375
v 0.09765625 -0.49609375 -0.04296875
v 0.09765625 -0.44921875 -0.06640625
v 0.09765625 -0.43359375 -0.02734375
v 0.09765625 -0.24609375 -0.08984375
v 0.09765625 -0.22265625 -0.07421875
v 0.09765625 -0.22265625 0.01171875
v 0.09765625 -0.19921875 0.01171875
v 0.09765625 -0.17578125 -0.05859375
v 0.09765625 -0.15234375 -0.07421875
v 0.09765625 -0.14453125 0.09765625
v 0.09765625 -0.12109375 0.10546875
v 0.09765625 -0.11328125 0.09765625
v 0.09765625 -0.05859375 0.10546875
v 0.09765625 0.01171875 -0.09765625
v 0.09765625 0.07421875 -0.05078125
v 0.09765625 0.08203125 0.05859375
v 0.09765625 0.10546875 0.05078125
v 0.09765625 0.14453125 0.08203125
v 0.09765625 0.15234375 0.11328125
v 0.09765625 0.18359375 0.13671875
v 0.09765625 0.30859375 -0.14453125
v 0.09765625 0.33203125 -0.14453125
v 0.09765625 0.34765625 -0.16015625
v 0.09765625 0.37109375 -0.16015625
v 0.09765625 0.37109375 -0.00390625
v 0.09765625 0.38671875 -0.16015625
v 0.09765625 0.39453125 -0.05859375
v 0.09765625 0.39453125 -0.03515625
v 0.09765625 0.40234375 -0.09765625
v 0.09765625 0.41015625 -0.16015625
v 0.09765625 0.41015625 -0.10546875
v 0.09765625 0.43359375 -0.14453125
v 0.09765625 0.43359375 -0.10546875
v 0.09765625 0.44140625 -0.12890625
v 0.09765625 0.44140625 -0.10546875
v 0.10546875 -0.47265625 -0.03515625
v 0.10546875 -0.44140625 -0.02734375
v 0.10546875 -0.44140625 -0.01171875
v 0.10546875 -0.43359375 0.00390625
v 0.10546875 -0.42578125 -0.05078125
v 0.10546875 -0.40234375 -0.00390625
v 0.10546875 -0.34765625 -0.03515625
v 0.10546875 -0.23828125 0.05859375
v 0.10546875 -0.20703125 -0.06640625
v 0.10546875 -0.18359375 -0.05859375
v 0.10546875 0.02734375 -0.06640625
v 0.10546875 0.04296875 0.05859375
v 0.10546875 0.07421875 -0.07421875
v 0.10546875 0.07421875 -0.05859375
v 0.10546875 0.09765625 -0.05078125
v 0.10546875 0.10546875 -0.00390625
v 0.10546875 0.15234375 0.11328125
v 0.10546875 0.19140625 -0.10546875
v 0.10546875 0.20703125 -0.11328125
v 0.10546875 0.21484375 -0.12109375
v 0.10546875 0.30859375 -0.15234375
v 0.10546875 0.31640625 -0.14453125
v 0.10546875 0.31640625 0.12109375
v 0.10546875 0.32421875 -0.15234375
v 0.10546875 0.33984375 -0.15234375
v 0.10546875 0.34765625 0.08203125
v 0.10546875 0.36328125 -0.00390625
v 0.10546875 0.36328125 0.00390625
v 0.11328125 -0.49609375 -0.01171875
v 0.11328125 -0.44921875 -0.05078125
v 0.11328125 -0.44140625 -0.01171875
v 0.11328125 -0.42578125 -0.05078125
v 0.11328125 -0.41015625 -0.05078125
v 0.11328125 -0.41015625 0.01171875
v 0.11328125 -0.40234375 -0.03515625
v 0.11328125 -0.35546875 -0.03515625
v 0.11328125 -0.34765625 -0.01171875
v 0.11328125 -0.33203125 -0.07421875
v 0.11328125 -0.27734375 -0.09765625
v 0.11328125 -0.25390625 0.05859375
v 0.11328125 -0.24609375 0.05859375
v 0.11328125 -0.23046875 0.05859375
v 0.11328125 -0.22265625 -0.05859375
v 0.11328125 -0.21484375 -0.04296875
v 0.11328125 -0.19921875 -0.04296875
v 0.11328125 -0.17578125 0.08203125
v 0.11328125 -0.16015625 0.08203125
v 0.11328125 -0.01171875 -0.08984375
v 0.11328125 -0.01171875 -0.08203125
v 0.11328125 0.01171875 0.05078125
v 0.11328125 0.03515625 -0.07421875
v 0.11328125 0.04296875 -0.06640625
v 0.11328125 0.05078125 -0.08203125
v 0.11328125 0.05859375 -0.04296875
v 0.11328125 0.07421875 -0.05859375
v 0.11328125 0.07421875 -0.01171875
v 0.11328125 0.09765625 -0.04296875
v 0.11328125 0.12890625 0.08984375
v 0.11328125 0.14453125 -0.06640625
v 0.11328125 0.14453125 0.05859375
v 0.11328125 0.28515625 0.13671875
v 0.11328125 0.33984375 0.09765625
v 0.11328125 0.35546875 0.01953125
v 0.11328125 0.39453125 -0.08984375
v 0.12109375 -0.49609375 0.03515625
v 0.12109375 -0.47265625 -0.01171875
v 0.12109375 -0.44921875 -0.01171875
v 0.12109375 -0.43359375 0.00390625
v 0.12109375 -0.40234375 -0.05078125
v 0.12109375 -0.40234375 -0.03515625
v 0.12109375 -0.39453125 -0.00390625
v 0.12109375 -0.37109375 -0.05078125
v 0.12109375 -0.36328125 -0.03515625
v 0.12109375 -0.36328125 -0.00390625
v 0.12109375 -0.24609375 0.05859375
v 0.12109375 -0.23828125 0.09765625
v 0.12109375 -0.21484375 0.05078125
v 0.12109375 -0.01953125 -0.05859375
v 0.12109375 0.08203125 -0.01953125
v 0.12109375 0.09765625 -0.01953125
v 0.12109375 0.11328125 -0.12109375
v 0.12109375 0.11328125 -0.11328125
v 0.12109375 0.12890625 0.08984375
v 0.12109375 0.14453125 0.04296875
v 0.12109375 0.16015625 0.04296875
v 0.12109375 0.24609375 0.13671875
v 0.12109375 0.35546875 0.03515625
v 0.12890625 -0.49609375 0.00390625
v 0.12890625 -0.49609375 0.08984375
v 0.12890625 -0.48828125 0.00390625
v 0.12890625 -0.47265625 0.00390625
v 0.12890625 -0.44921875 0.03515625
v 0.12890625 -0.42578125 0.02734375
v 0.12890625 -0.41015625 0.01171875
v 0.12890625 -0.35546875 -0.05859375
v 0.12890625 -0.33984375 -0.07421875
v 0.12890625 -0.30078125 -0.09765625
v 0.12890625 -0.23046875 0.08984375
v 0.12890625 -0.21484375 0.08984375
v 0.12890625 -0.19921875 0.06640625
v 0.12890625 -0.01171875 0.04296875
v 0.12890625 0.02734375 -0.02734375
v 0.12890625 0.04296875 -0.06640625
v 0.12890625 0.05859375 0.01171875
v 0.12890625 0.12109375 -0.12890625
v 0.12890625 0.12109375 -0.12109375
v 0.12890625 0.13671875 0.05859375
v 0.12890625 0.14453125 -0.01171875
v 0.12890625 0.16796875 -0.14453125
v 0.12890625 0.16796875 -0.05859375
v 0.12890625 0.17578125 -0.12890625
v 0.12890625 0.19921875 -0.08984375
v 0.12890625 0.21484375 -0.12109375
v 0.12890625 0.22265625 -0.11328125
v 0.12890625 0.31640625 -0.15234375
v 0.12890625 0.33203125 -0.16015625
v 0.12890625 0.34765625 -0.16015625
v 0.12890625 0.35546875 0.05078125
v 0.12890625 0.37109375 -0.16796875
v 0.12890625 0.38671875 -0.16796875
v 0.12890625 0.40234375 -0.08984375
v 0.12890625 0.41015625 -0.16015625
v 0.12890625 0.41015625 -0.09765625
v 0.12890625 0.43359375 -0.14453125
v 0.12890625 0.43359375 -0.10546875
v 0.12890625 0.44140625 -0.12890625
v 0.12890625 0.44140625 -0.10546875
v 0.13671875 -0.49609375 0.03515625
v 0.13671875 -0.49609375 0.04296875
v 0.13671875 -0.48828125 0.04296875
v 0.13671875 -0.45703125 -0.12109375
v 0.13671875 -0.44921875 -0.12109375
v 0.13671875 -0.44921875 0.02734375
v 0.13671875 -0.42578125 0.01953125
v 0.13671875 -0.31640625 -0.08984375
v 0.13671875 -0.30859375 0.05859375
v 0.13671875 -0.20703125 0.06640625
v 0.13671875 -0.20703125 0.08203125
v 0.13671875 -0.20703125 0.09765625
v 0.13671875 -0.20703125 0.10546875
v 0.13671875 0.00390625 -0.05859375
v 0.13671875 0.00390625 -0.02734375
v 0.13671875 0.01171875 -0.08984375
v 0.13671875 0.01171875 -0.07421875
v 0.13671875 0.02734375 0.01953125
v 0.13671875 0.13671875 0.06640625
v 0.13671875 0.16796875 0.03515625
v 0.13671875 0.18359375 -0.05859375
v 0.13671875 0.19921875 -0.08984375
v 0.13671875 0.20703125 -0.16015625
v 0.13671875 0.20703125 0.12109375
v 0.13671875 0.23828125 -0.18359375
v 0.13671875 0.26171875 -0.16015625
v 0.13671875 0.29296875 -0.14453125
v 0.13671875 0.31640625 -0.14453125
v 0.13671875 0.33203125 -0.15234375
v 0.13671875 0.34765625 -0.16015625
v 0.13671875 0.34765625 0.06640625
v 0.13671875 0.37109375 -0.16015625
v 0.13671875 0.39453125 -0.16015625
v 0.13671875 0.39453125 -0.08984375
v 0.13671875 0.39453125 -0.05859375
v 0.13671875 0.39453125 -0.03515625
v 0.13671875 0.41015625 -0.15234375
v 0.13671875 0.41015625 -0.09765625
v 0.13671875 0.42578125 -0.14453125
v 0.13671875 0.42578125 -0.10546875
v 0.13671875 0.43359375 -0.12890625
v 0.13671875 0.44140625 -0.11328125
v 0.14453125 -0.49609375 -0.12109375
v 0.14453125 -0.49609375 0.08984375
v 0.14453125 -0.44921875 0.08203125
v 0.14453125 -0.44140625 -0.10546875
v 0.14453125 -0.31640625 0.05859375
v 0.14453125 -0.18359375 0.07421875
v 0.14453125 -0.03515625 0.04296875
v 0.14453125 -0.02734375 -0.05078125
v 0.14453125 -0.01953125 -0.01953125
v 0.14453125 0.02734375 -0.05859375
v 0.14453125 0.14453125 0.05078125
v 0.14453125 0.16796875 -0.01171875
v 0.14453125 0.17578125 -0.05859375
v 0.14453125 0.18359375 -0.05859375
v 0.14453125 0.18359375 -0.01171875
v 0.14453125 0.18359375 0.02734375
v 0.14453125 0.18359375 0.10546875
v 0.14453125 0.19140625 -0.09765625
v 0.14453125 0.21484375 -0.12890625
v 0.14453125 0.21484375 -0.11328125
v 0.14453125 0.23828125 -0.14453125
v 0.14453125 0.23828125 -0.12890625
v 0.14453125 0.24609375 -0.17578125
v 0.14453125 0.26171875 -0.15234375
v 0.14453125 0.26171875 -0.13671875
v 0.14453125 0.29296875 -0.13671875
v 0.14453125 0.31640625 0.09765625
v 0.14453125 0.33984375 0.08984375
v 0.14453125 0.36328125 -0.00390625
v 0.14453125 0.36328125 0.00390625
v 0.14453125 0.37109375 -0.01171875
v 0.14453125 0.37890625 -0.01953125
v 0.14453125 0.38671875 -0.08984375
v 0.14453125 0.38671875 -0.07421875
v 0.14453125 0.38671875 -0.02734375
v 0.14453125 0.39453125 -0.05859375
v 0.14453125 0.39453125 -0.04296875
v 0.15234375 -0.49609375 0.15234375
v 0.15234375 -0.43359375 -0.08984375
v 0.15234375 -0.42578125 0.05859375
v 0.15234375 -0.39453125 0.05078125
v 0.15234375 -0.36328125 0.05859375
v 0.15234375 -0.34765625 0.05859375
v 0.15234375 -0.31640625 0.06640625
v 0.15234375 -0.30859375 0.08203125
v 0.15234375 -0.18359375 0.08984375
v 0.15234375 -0.02734375 0.01953125
v 0.15234375 -0.00390625 0.01953125
v 0.15234375 0.03515625 -0.08203125
v 0.15234375 0.04296875 -0.06640625
v 0.15234375 0.13671875 0.05859375
v 0.15234375 0.16796875 -0.05859375
v 0.15234375 0.16796875 0.08984375
v 0.15234375 0.17578125 -0.01171875
v 0.15234375 0.17578125 0.02734375
v 0.15234375 0.18359375 -0.01171875
v 0.15234375 0.18359375 0.02734375
v 0.15234375 0.18359375 0.03515625
v 0.15234375 0.19140625 0.03515625
v 0.15234375 0.19921875 0.03515625
v 0.15234375 0.19921875 0.04296875
v 0.15234375 0.21484375 0.05078125
v 0.15234375 0.22265625 0.02734375
v 0.15234375 0.22265625 0.05078125
v 0.15234375 0.23046875 -0.03515625
v 0.15234375 0.23046875 -0.01171875
v 0.15234375 0.23046875 -0.00390625
v 0.15234375 0.23828125 0.01171875
v 0.15234375 0.23828125 0.05078125
v 0.15234375 0.26171875 0.05078125
v 0.15234375 0.28515625 0.05078125
v 0.15234375 0.28515625 0.05859375
v 0.15234375 0.29296875 0.10546875
v 0.15234375 0.30859375 0.05078125
v 0.15234375 0.30859375 0.05859375
v 0.15234375 0.31640625 0.05859375
v 0.15234375 0.32421875 0.05078125
v 0.15234375 0.33203125 0.05859375
v 0.15234375 0.33984375 0.06640625
v 0.15234375 0.34765625 0.05078125
v 0.15234375 0.35546875 -0.01171875
v 0.15234375 0.35546875 0.01953125
v 0.15234375 0.35546875 0.03515625
v 0.15234375 0.36328125 -0.01953125
v 0.15234375 0.37890625 -0.09765625
v 0.15234375 0.37890625 -0.02734375
v 0.15234375 0.38671875 -0.09765625
v 0.15234375 0.38671875 -0.08984375
v 0.15234375 0.38671875 -0.07421875
v 0.15234375 0.38671875 -0.05078125
v 0.15234375 0.38671875 -0.03515625
v 0.16015625 -0.49609375 -0.09765625
v 0.16015625 -0.49609375 0.16796875
v 0.16015625 -0.46484375 0.14453125
v 0.16015625 -0.44921875 0.09765625
v 0.16015625 -0.44921875 0.10546875
v 0.16015625 -0.40234375 0.05078125
v 0.16015625 -0.40234375 0.05859375
v 0.16015625 -0.37109375 0.04296875
v 0.16015625 -0.01953125 -0.02734375
v 0.16015625 -0.01171875 -0.05859375
v 0.16015625 -0.00390625 0.05859375
v 0.16015625 0.03515625 0.04296875
v 0.16015625 0.04296875 -0.01171875
v 0.16015625 0.04296875 0.06640625
v 0.16015625 0.16015625 0.03515625
v 0.16015625 0.16796875 -0.01953125
v 0.16015625 0.16796875 0.01953125
v 0.16015625 0.18359375 0.03515625
v 0.16015625 0.19140625 -0.09765625
v 0.16015625 0.19921875 -0.07421875
v 0.16015625 0.19921875 -0.02734375
v 0.16015625 0.19921875 -0.01171875
v 0.16015625 0.19921875 -0.00390625
v 0.16015625 0.20703125 -0.04296875
v 0.16015625 0.20703125 -0.01953125
v 0.16015625 0.20703125 0.01953125
v 0.16015625 0.20703125 0.05078125
v 0.16015625 0.21484375 -0.08984375
v 0.16015625 0.21484375 -0.03515625
v 0.16015625 0.21484375 -0.00390625
v 0.16015625 0.21484375 0.05078125
v 0.16015625 0.22265625 -0.05859375
v 0.16015625 0.22265625 0.02734375
v 0.16015625 0.23046875 -0.05078125
v 0.16015625 0.23046875 -0.04296875
v 0.16015625 0.23046875 0.01171875
v 0.16015625 0.23046875 0.05078125
v 0.16015625 0.23828125 -0.09765625
v 0.16015625 0.23828125 -0.06640625
v 0.16015625 0.23828125 -0.03515625
v 0.16015625 0.23828125 -0.01171875
v 0.16015625 0.23828125 -0.00390625
v 0.16015625 0.23828125 0.05859375
v 0.16015625 0.24609375 -0.05859375
v 0.16015625 0.24609375 0.01171875
v 0.16015625 0.26171875 -0.10546875
v 0.16015625 0.26171875 -0.07421875
v 0.16015625 0.26171875 0.05078125
v 0.16015625 0.26171875 0.05859375
v 0.16015625 0.26171875 0.10546875
v 0.16015625 0.26953125 -0.06640625
v 0.16015625 0.28515625 -0.11328125
v 0.16015625 0.28515625 -0.08203125
v 0.16015625 0.28515625 -0.07421875
v 0.16015625 0.28515625 0.04296875
v 0.16015625 0.29296875 -0.09765625
v 0.16015625 0.30078125 -0.12109375
v 0.16015625 0.30078125 -0.08203125
v 0.16015625 0.30859375 -0.10546875
v 0.16015625 0.30859375 0.04296875
v 0.16015625 0.30859375 0.06640625
v 0.16015625 0.31640625 -0.14453125
v 0.16015625 0.31640625 -0.11328125
v 0.16015625 0.31640625 0.08984375
v 0.16015625 0.32421875 -0.10546875
v 0.16015625 0.32421875 0.06640625
v 0.16015625 0.33203125 -0.15234375
v 0.16015625 0.33203125 -0.09765625
v 0.16015625 0.33203125 0.05078125
v 0.16015625 0.33203125 0.06640625
v 0.16015625 0.33203125 0.08203125
v 0.16015625 0.33984375 -0.10546875
v 0.16015625 0.33984375 -0.08203125
v 0.16015625 0.33984375 0.05859375
v 0.16015625 0.34765625 -0.16015625
v 0.16015625 0.34765625 -0.07421875
v 0.16015625 0.34765625 0.00390625
v 0.16015625 0.34765625 0.02734375
v 0.16015625 0.34765625 0.04296875
v 0.16015625 0.35546875 -0.01171875
v 0.16015625 0.35546875 -0.00390625
v 0.16015625 0.35546875 0.01171875
v 0.16015625 0.36328125 -0.08203125
v 0.16015625 0.36328125 -0.05859375
v 0.16015625 0.36328125 -0.01953125
v 0.16015625 0.37109375 -0.16796875
v 0.16015625 0.37109375 -0.12890625
v 0.16015625 0.37109375 -0.09765625
v 0.16015625 0.37109375 -0.04296875
v 0.16015625 0.37109375 -0.02734375
v 0.16015625 0.37890625 -0.07421875
v 0.16015625 0.38671875 -0.05078125
v 0.16015625 0.39453125 -0.16796875
v 0.16015625 0.39453125 -0.12890625
v 0.16015625 0.39453125 -0.09765625
v 0.16015625 0.41015625 -0.16015625
v 0.16015625 0.41015625 -0.12890625
v 0.16015625 0.41015625 -0.09765625
v 0.16015625 0.42578125 -0.14453125
v 0.16015625 0.42578125 -0.12890625
v 0.16015625 0.42578125 -0.10546875
v 0.16015625 0.44140625 -0.12890625
v 0.16015625 0.44140625 -0.11328125
v 0.16796875 -0.49609375 -0.05859375
v 0.16796875 -0.46484375 0.16015625
v 0.16796875 -0.42578125 -0.07421875
v 0.16796875 -0.18359375 -0.05078125
v 0.16796875 -0.17578125 -0.05078125
v 0.16796875 -0.03515625 0.05078125
v 0.16796875 -0.00390625 0.08203125
v 0.16796875 0.00390625 -0.05859375
v 0.16796875 0.03515625 -0.08203125
v 0.16796875 0.03515625 0.07421875
v 0.16796875 0.05859375 -0.01171875
v 0.16796875 0.12890625 0.05859375
v 0.16796875 0.16015625 -0.01953125
v 0.16796875 0.16015625 0.01171875
v 0.16796875 0.16796875 -0.05859375
v 0.16796875 0.17578125 0.01953125
v 0.16796875 0.18359375 -0.04296875
v 0.16796875 0.19140625 -0.08203125
v 0.16796875 0.19140625 0.01953125
v 0.16796875 0.19921875 -0.02734375
v 0.16796875 0.19921875 0.01953125
v 0.16796875 0.20703125 -0.09765625
v 0.16796875 0.20703125 -0.04296875
v 0.16796875 0.20703125 0.03515625
v 0.16796875 0.21484375 -0.11328125
v 0.16796875 0.21484375 -0.01953125
v 0.16796875 0.22265625 -0.08203125
v 0.16796875 0.22265625 -0.05859375
v 0.16796875 0.22265625 -0.03515625
v 0.16796875 0.22265625 -0.00390625
v 0.16796875 0.23046875 -0.10546875
v 0.16796875 0.23046875 -0.04296875
v 0.16796875 0.23046875 0.00390625
v 0.16796875 0.23828125 -0.12890625
v 0.16796875 0.23828125 -0.06640625
v 0.16796875 0.23828125 0.05859375
v 0.16796875 0.23828125 0.09765625
v 0.16796875 0.24609375 -0.08984375
v 0.16796875 0.26171875 -0.13671875
v 0.16796875 0.26171875 -0.11328125
v 0.16796875 0.26171875 -0.07421875
v 0.16796875 0.26171875 0.05859375
v 0.16796875 0.26953125 -0.09765625
v 0.16796875 0.27734375 -0.12109375
v 0.16796875 0.28515625 -0.08203125
v 0.16796875 0.28515625 0.06640625
v 0.16796875 0.29296875 -0.13671875
v 0.16796875 0.30078125 -0.12890625
v 0.16796875 0.30078125 -0.08984375
v 0.16796875 0.30859375 -0.08203125
v 0.16796875 0.30859375 0.04296875
v 0.16796875 0.31640625 -0.12109375
v 0.16796875 0.31640625 0.07421875
v 0.16796875 0.33203125 -0.12890625
v 0.16796875 0.33203125 -0.10546875
v 0.16796875 0.33203125 -0.09765625
v 0.16796875 0.33984375 -0.09765625
v 0.16796875 0.33984375 -0.08203125
v 0.16796875 0.33984375 0.04296875
v 0.16796875 0.34765625 -0.12890625
v 0.16796875 0.34765625 -0.10546875
v 0.16796875 0.34765625 -0.08984375
v 0.16796875 0.34765625 0.02734375
v 0.16796875 0.35546875 -0.01171875
v 0.16796875 0.36328125 -0.05859375
v 0.16796875 0.36328125 -0.04296875
v 0.16796875 0.36328125 -0.01953125
v 0.16796875 0.37109375 -0.09765625
v 0.17578125 -0.21484375 -0.04296875
v 0.17578125 -0.20703125 0.05859375
v 0.17578125 -0.19921875 -0.04296875
v 0.17578125 -0.18359375 0.07421875
v 0.17578125 -0.15234375 -0.07421875
v 0.17578125 -0.01171875 -0.08203125
v 0.17578125 -0.01171875 -0.03515625
v 0.17578125 -0.01171875 0.01953125
v 0.17578125 -0.00390625 0.01953125
v 0.17578125 0.05078125 0.04296875
v 0.17578125 0.14453125 0.02734375
v 0.17578125 0.16015625 0.01171875
v 0.17578125 0.16796875 -0.05078125
v 0.17578125 0.17578125 -0.01171875
v 0.17578125 0.17578125 0.03515625
v 0.17578125 0.19140625 -0.00390625
v 0.17578125 0.19921875 -0.05078125
v 0.17578125 0.19921875 -0.02734375
v 0.17578125 0.19921875 0.01953125
v 0.17578125 0.19921875 0.05078125
v 0.17578125 0.20703125 -0.06640625
v 0.17578125 0.20703125 -0.04296875
v 0.17578125 0.20703125 0.01953125
v 0.17578125 0.20703125 0.08984375
v 0.17578125 0.21484375 0.05078125
v 0.17578125 0.22265625 -0.05859375
v 0.17578125 0.23046875 0.02734375
v 0.17578125 0.23046875 0.05078125
v 0.17578125 0.23828125 -0.06640625
v 0.17578125 0.23828125 -0.04296875
v 0.17578125 0.23828125 -0.00390625
v 0.17578125 0.23828125 0.05859375
v 0.17578125 0.23828125 0.06640625
v 0.17578125 0.24609375 -0.09765625
v 0.17578125 0.24609375 -0.05859375
v 0.17578125 0.24609375 -0.03515625
v 0.17578125 0.24609375 -0.01171875
v 0.17578125 0.24609375 0.01171875
v 0.17578125 0.25390625 -0.10546875
v 0.17578125 0.26171875 -0.08203125
v 0.17578125 0.26171875 0.04296875
v 0.17578125 0.26171875 0.06640625
v 0.17578125 0.26171875 0.08203125
v 0.17578125 0.26953125 -0.10546875
v 0.17578125 0.26953125 -0.06640625
v 0.17578125 0.27734375 -0.12109375
v 0.17578125 0.28515625 -0.08984375
v 0.17578125 0.28515625 0.04296875
v 0.17578125 0.28515625 0.07421875
v 0.17578125 0.28515625 0.08984375
v 0.17578125 0.29296875 -0.12890625
v 0.17578125 0.29296875 -0.10546875
v 0.17578125 0.29296875 -0.07421875
v 0.17578125 0.30078125 -0.12890625
v 0.17578125 0.30078125 -0.08984375
v 0.17578125 0.30859375 -0.10546875
v 0.17578125 0.30859375 -0.08203125
v 0.17578125 0.31640625 -0.12890625
v 0.17578125 0.31640625 -0.12109375
v 0.17578125 0.33203125 -0.10546875
v 0.17578125 0.33203125 -0.09765625
v 0.17578125 0.34765625 -0.07421875
v 0.17578125 0.34765625 0.00390625
v 0.17578125 0.35546875 -0.01171875
v 0.17578125 0.36328125 0.02734375
v 0.17578125 0.37109375 0.05078125
v 0.18359375 -0.45703125 -0.12890625
v 0.18359375 -0.44921875 -0.12890625
v 0.18359375 -0.44140625 -0.12109375
v 0.18359375 -0.35546875 -0.07421875
v 0.18359375 -0.31640625 -0.09765625
v 0.18359375 -0.30078125 -0.10546875
v 0.18359375 -0.21484375 -0.05078125
v 0.18359375 -0.19140625 0.05078125
v 0.18359375 -0.18359375 0.08984375
v 0.18359375 -0.17578125 0.05859375
v 0.18359375 -0.08203125 -0.08984375
v 0.18359375 -0.01171875 0.08984375
v 0.18359375 0.00390625 -0.01953125
v 0.18359375 0.03515625 0.07421875
v 0.18359375 0.16796875 -0.01953125
v 0.18359375 0.16796875 -0.01171875
v 0.18359375 0.16796875 0.01171875
v 0.18359375 0.17578125 -0.05078125
v 0.18359375 0.18359375 0.02734375
v 0.18359375 0.18359375 0.07421875
v 0.18359375 0.19140625 -0.08203125
v 0.18359375 0.19140625 -0.07421875
v 0.18359375 0.19140625 -0.01953125
v 0.18359375 0.19921875 -0.02734375
v 0.18359375 0.19921875 -0.00390625
v 0.18359375 0.19921875 0.04296875
v 0.18359375 0.20703125 -0.08984375
v 0.18359375 0.20703125 -0.04296875
v 0.18359375 0.20703125 0.03515625
v 0.18359375 0.21484375 -0.10546875
v 0.18359375 0.21484375 0.05859375
v 0.18359375 0.21484375 0.06640625
v 0.18359375 0.22265625 -0.08203125
v 0.18359375 0.22265625 0.04296875
v 0.18359375 0.23046875 -0.09765625
v 0.18359375 0.23828125 -0.12109375
v 0.18359375 0.23828125 0.07421875
v 0.18359375 0.25390625 -0.10546875
v 0.18359375 0.25390625 0.03515625
v 0.18359375 0.26171875 -0.12890625
v 0.18359375 0.27734375 -0.12109375
v 0.18359375 0.28515625 0.02734375
v 0.18359375 0.29296875 -0.11328125
v 0.18359375 0.30078125 -0.12109375
v 0.18359375 0.30859375 -0.11328125
v 0.18359375 0.30859375 -0.08984375
v 0.18359375 0.30859375 -0.07421875
v 0.18359375 0.31640625 -0.11328125
v 0.18359375 0.31640625 0.03515625
v 0.18359375 0.33203125 -0.09765625
v 0.18359375 0.33984375 -0.08203125
v 0.18359375 0.33984375 0.01953125
v 0.18359375 0.34765625 0.01171875
v 0.18359375 0.35546875 -0.05078125
v 0.18359375 0.35546875 0.00390625
v 0.18359375 0.36328125 -0.03515625
v 0.18359375 0.36328125 -0.01953125
v 0.18359375 0.39453125 -0.05078125
v 0.18359375 0.40234375 -0.00390625
v 0.19140625 -0.49609375 -0.13671875
v 0.19140625 -0.43359375 -0.09765625
v 0.19140625 -0.40234375 -0.06640625
v 0.19140625 -0.37109375 -0.06640625
v 0.19140625 -0.33203125 -0.08984375
v 0.19140625 -0.27734375 -0.10546875
v 0.19140625 -0.24609375 -0.08984375
v 0.19140625 -0.22265625 -0.07421875
v 0.19140625 -0.21484375 0.05078125
v 0.19140625 -0.20703125 -0.05859375
v 0.19140625 -0.20703125 0.08984375
v 0.19140625 -0.19921875 0.07421875
v 0.19140625 -0.16796875 0.01171875
v 0.19140625 -0.16015625 0.05859375
v 0.19140625 -0.08203125 0.08984375
v 0.19140625 -0.05078125 0.08984375
v 0.19140625 -0.00390625 -0.04296875
v 0.19140625 0.05078125 -0.04296875
v 0.19140625 0.13671875 0.02734375
v 0.19140625 0.15234375 0.01171875
v 0.19140625 0.17578125 -0.05078125
v 0.19140625 0.17578125 -0.01953125
v 0.19140625 0.18359375 -0.05078125
v 0.19140625 0.18359375 0.00390625
v 0.19140625 0.19140625 -0.01953125
v 0.19140625 0.19140625 0.02734375
v 0.19140625 0.19140625 0.05859375
v 0.19140625 0.19921875 -0.07421875
v 0.19140625 0.19921875 -0.06640625
v 0.19140625 0.19921875 -0.05078125
v 0.19140625 0.19921875 0.01171875
v 0.19140625 0.19921875 0.03515625
v 0.19140625 0.19921875 0.05078125
v 0.19140625 0.20703125 -0.06640625
v 0.19140625 0.20703125 0.01953125
v 0.19140625 0.20703125 0.02734375
v 0.19140625 0.21484375 -0.08203125
v 0.19140625 0.22265625 -0.08984375
v 0.19140625 0.23046875 -0.09765625
v 0.19140625 0.23046875 0.02734375
v 0.19140625 0.23046875 0.03515625
v 0.19140625 0.24609375 -0.10546875
v 0.19140625 0.24609375 0.01953125
v 0.19140625 0.25390625 -0.09765625
v 0.19140625 0.25390625 -0.08984375
v 0.19140625 0.25390625 0.02734375
v 0.19140625 0.26171875 -0.08203125
v 0.19140625 0.26171875 -0.05859375
v 0.19140625 0.26953125 -0.11328125
v 0.19140625 0.27734375 -0.11328125
v 0.19140625 0.27734375 -0.09765625
v 0.19140625 0.28515625 -0.07421875
v 0.19140625 0.28515625 0.02734375
v 0.19140625 0.30078125 -0.11328125
v 0.19140625 0.30078125 -0.10546875
v 0.19140625 0.30078125 -0.07421875
v 0.19140625 0.30859375 -0.09765625
v 0.19140625 0.30859375 -0.07421875
v 0.19140625 0.31640625 -0.10546875
v 0.19140625 0.31640625 -0.08203125
v 0.19140625 0.31640625 0.01953125
v 0.19140625 0.32421875 -0.08984375
v 0.19140625 0.33203125 0.01171875
v 0.19140625 0.33984375 0.01171875
v 0.19140625 0.33984375 0.05859375
v 0.19140625 0.33984375 0.07421875
v 0.19140625 0.34765625 -0.06640625
v 0.19140625 0.34765625 0.01171875
v 0.19140625 0.35546875 -0.03515625
v 0.19140625 0.35546875 -0.01953125
v 0.19140625 0.35546875 -0.00390625
v 0.19140625 0.37890625 -0.09765625
v 0.19140625 0.37890625 -0.04296875
v 0.19140625 0.37890625 -0.01171875
v 0.19140625 0.38671875 0.04296875
v 0.19921875 -0.42578125 -0.08203125
v 0.19921875 -0.40234375 -0.06640625
v 0.19921875 -0.37109375 -0.06640625
v 0.19921875 -0.33203125 -0.07421875
v 0.19921875 -0.21484375 0.01171875
v 0.19921875 -0.20703125 0.08203125
v 0.19921875 -0.19921875 0.01171875
v 0.19921875 -0.17578125 0.01171875
v 0.19921875 -0.09765625 0.08984375
v 0.19921875 -0.08203125 0.08984375
v 0.19921875 0.00390625 -0.01171875
v 0.19921875 0.04296875 0.04296875
v 0.19921875 0.05078125 0.01953125
v 0.19921875 0.05859375 -0.01171875
v 0.19921875 0.16796875 -0.01953125
v 0.19921875 0.16796875 0.05078125
v 0.19921875 0.17578125 -0.01953125
v 0.19921875 0.17578125 0.03515625
v 0.19921875 0.18359375 -0.04296875
v 0.19921875 0.18359375 -0.01171875
v 0.19921875 0.18359375 0.03515625
v 0.19921875 0.19140625 -0.05078125
v 0.19921875 0.19140625 -0.00390625
v 0.19921875 0.19140625 0.01953125
v 0.19921875 0.19921875 -0.05859375
v 0.19921875 0.19921875 -0.02734375
v 0.19921875 0.19921875 -0.00390625
v 0.19921875 0.20703125 -0.05078125
v 0.19921875 0.21484375 -0.07421875
v 0.19921875 0.21484375 -0.04296875
v 0.19921875 0.22265625 -0.06640625
v 0.19921875 0.22265625 -0.05859375
v 0.19921875 0.23046875 -0.08984375
v 0.19921875 0.23828125 -0.08203125
v 0.19921875 0.23828125 -0.07421875
v 0.19921875 0.23828125 -0.01171875
v 0.19921875 0.24609375 -0.03515625
v 0.19921875 0.24609375 -0.00390625
v 0.19921875 0.30078125 -0.06640625
v 0.19921875 0.31640625 -0.06640625
v 0.19921875 0.31640625 0.01953125
v 0.19921875 0.32421875 -0.08203125
v 0.19921875 0.32421875 -0.07421875
v 0.19921875 0.33203125 -0.07421875
v 0.19921875 0.33984375 -0.12890625
v 0.19921875 0.33984375 -0.05859375
v 0.19921875 0.33984375 0.01171875
v 0.19921875 0.33984375 0.07421875
v 0.19921875 0.34765625 -0.05078125
v 0.19921875 0.34765625 -0.00390625
v 0.19921875 0.34765625 0.01171875
v 0.19921875 0.34765625 0.05078125
v 0.19921875 0.36328125 -0.08203125
v 0.19921875 0.37109375 -0.12109375
v 0.19921875 0.37109375 0.06640625
v 0.19921875 0.37890625 0.01953125
v 0.19921875 0.37890625 0.04296875
v 0.20703125 -0.44921875 -0.12890625
v 0.20703125 -0.40234375 0.05078125
v 0.20703125 -0.40234375 0.05859375
v 0.20703125 -0.39453125 0.05078125
v 0.20703125 -0.37109375 0.04296875
v 0.20703125 -0.35546875 -0.06640625
v 0.20703125 -0.33984375 -0.05078125
v 0.20703125 -0.33984375 -0.04296875
v 0.20703125 -0.31640625 0.05859375
v 0.20703125 -0.23046875 0.01171875
v 0.20703125 -0.23046875 0.05859375
v 0.20703125 -0.23046875 0.08984375
v 0.20703125 -0.23046875 0.09765625
v 0.20703125 -0.21484375 0.08984375
v 0.20703125 -0.17578125 0.09765625
v 0.20703125 -0.17578125 0.10546875
v 0.20703125 -0.07421875 -0.04296875
v 0.20703125 -0.05078125 0.02734375
v 0.20703125 -0.05078125 0.05859375
v 0.20703125 -0.04296875 0.05078125
v 0.20703125 -0.01171875 0.01953125
v 0.20703125 -0.01171875 0.04296875
v 0.20703125 -0.01171875 0.05078125
v 0.20703125 0.04296875 0.03515625
v 0.20703125 0.25390625 0.00390625
v 0.20703125 0.26953125 -0.05859375
v 0.20703125 0.27734375 -0.11328125
v 0.20703125 0.28515625 -0.06640625
v 0.20703125 0.28515625 0.01953125
v 0.20703125 0.30078125 -0.05859375
v 0.20703125 0.30859375 -0.06640625
v 0.20703125 0.31640625 -0.05859375
v 0.20703125 0.31640625 0.01171875
v 0.20703125 0.32421875 -0.11328125
v 0.20703125 0.32421875 -0.05078125
v 0.20703125 0.33203125 -0.05859375
v 0.20703125 0.33203125 -0.04296875
v 0.20703125 0.34765625 -0.05078125
v 0.20703125 0.34765625 -0.03515625
v 0.20703125 0.34765625 -0.02734375
v 0.20703125 0.34765625 -0.00390625
v 0.20703125 0.37109375 -0.04296875
v 0.20703125 0.37109375 -0.00390625
v 0.20703125 0.37109375 0.05859375
v 0.21484375 -0.47265625 -0.02734375
v 0.21484375 -0.45703125 -0.12890625
v 0.21484375 -0.44921875 -0.10546875
v 0.21484375 -0.44921875 -0.02734375
v 0.21484375 -0.43359375 -0.01953125
v 0.21484375 -0.40234375 -0.07421875
v 0.21484375 -0.37109375 -0.06640625
v 0.21484375 -0.36328125 0.05859375
v 0.21484375 -0.34765625 0.05859375
v 0.21484375 -0.33984375 -0.05859375
v 0.21484375 -0.32421875 -0.08203125
v 0.21484375 -0.31640625 0.01953125
v 0.21484375 -0.30859375 0.03515625
v 0.21484375 -0.30859375 0.06640625
v 0.21484375 -0.20703125 0.09765625
v 0.21484375 -0.20703125 0.10546875
v 0.21484375 -0.10546875 0.01953125
v 0.21484375 -0.10546875 0.04296875
v 0.21484375 -0.08984375 0.05078125
v 0.21484375 -0.08203125 0.01953125
v 0.21484375 -0.07421875 0.05859375
v 0.21484375 0.24609375 -0.01171875
v 0.21484375 0.25390625 -0.02734375
v 0.21484375 0.25390625 -0.00390625
v 0.21484375 0.26953125 -0.12890625
v 0.21484375 0.26953125 -0.05078125
v 0.21484375 0.27734375 -0.09765625
v 0.21484375 0.27734375 0.07421875
v 0.21484375 0.27734375 0.08203125
v 0.21484375 0.28515625 -0.05859375
v 0.21484375 0.28515625 0.01171875
v 0.21484375 0.30859375 -0.05859375
v 0.21484375 0.31640625 0.01171875
v 0.21484375 0.32421875 -0.09765625
v 0.21484375 0.32421875 -0.05078125
v 0.21484375 0.33203125 -0.04296875
v 0.21484375 0.33984375 -0.04296875
v 0.21484375 0.33984375 -0.03515625
v 0.21484375 0.33984375 0.01171875
v 0.21484375 0.35546875 -0.07421875
v 0.21484375 0.35546875 -0.02734375
v 0.21484375 0.35546875 -0.00390625
v 0.21484375 0.35546875 0.02734375
v 0.22265625 -0.49609375 -0.14453125
v 0.22265625 -0.49609375 -0.02734375
v 0.22265625 -0.46484375 -0.02734375
v 0.22265625 -0.45703125 -0.10546875
v 0.22265625 -0.44921875 -0.08203125
v 0.22265625 -0.44921875 -0.02734375
v 0.22265625 -0.42578125 -0.06640625
v 0.22265625 -0.42578125 0.01953125
v 0.22265625 -0.40234375 -0.01171875
v 0.22265625 -0.39453125 0.01171875
v 0.22265625 -0.37109375 -0.04296875
v 0.22265625 -0.36328125 -0.02734375
v 0.22265625 -0.36328125 0.02734375
v 0.22265625 -0.30078125 0.02734375
v 0.22265625 -0.30078125 0.05859375
v 0.22265625 -0.21484375 0.06640625
v 0.22265625 0.24609375 -0.10546875
v 0.22265625 0.25390625 -0.01171875
v 0.22265625 0.26171875 -0.02734375
v 0.22265625 0.27734375 -0.04296875
v 0.22265625 0.28515625 -0.08203125
v 0.22265625 0.28515625 0.01171875
v 0.22265625 0.29296875 -0.05078125
v 0.22265625 0.29296875 0.01171875
v 0.22265625 0.31640625 -0.05078125
v 0.22265625 0.31640625 0.01171875
v 0.22265625 0.31640625 0.01953125
v 0.22265625 0.32421875 -0.06640625
v 0.22265625 0.32421875 -0.05078125
v 0.22265625 0.32421875 0.06640625
v 0.22265625 0.33984375 0.01171875
v 0.22265625 0.33984375 0.03515625
v 0.22265625 0.33984375 0.07421875
v 0.23046875 -0.49609375 -0.11328125
v 0.23046875 -0.49609375 -0.01953125
v 0.23046875 -0.48828125 -0.01953125
v 0.23046875 -0.46484375 -0.08203125
v 0.23046875 -0.44921875 -0.05859375
v 0.23046875 -0.42578125 0.01953125
v 0.23046875 -0.42578125 0.05859375
v 0.23046875 -0.40234375 -0.01171875
v 0.23046875 -0.39453125 0.01953125
v 0.23046875 -0.37109375 -0.04296875
v 0.23046875 -0.32421875 -0.01953125
v 0.23046875 -0.26953125 -0.05859375
v 0.23046875 -0.19921875 0.01953125
v 0.23046875 0.26171875 -0.07421875
v 0.23046875 0.26171875 -0.02734375
v 0.23046875 0.26171875 -0.01953125
v 0.23046875 0.27734375 -0.04296875
v 0.23046875 0.27734375 0.02734375
v 0.23046875 0.28515625 0.08203125
v 0.23046875 0.30078125 -0.05078125
v 0.23046875 0.30078125 0.01953125
v 0.23828125 -0.49609375 -0.08203125
v 0.23828125 -0.49609375 0.03515625
v 0.23828125 -0.48828125 0.03515625
v 0.23828125 -0.46484375 -0.05859375
v 0.23828125 -0.44921875 -0.03515625
v 0.23828125 -0.44921875 0.01171875
v 0.23828125 -0.40234375 -0.01953125
v 0.23828125 -0.31640625 -0.02734375
v 0.23828125 -0.30078125 -0.06640625
v 0.23828125 0.25390625 -0.08984375
v 0.23828125 0.26171875 -0.02734375
v 0.23828125 0.26171875 -0.01953125
v 0.23828125 0.28515625 -0.05859375
v 0.23828125 0.30078125 -0.04296875
v 0.23828125 0.30859375 0.06640625
v 0.23828125 0.31640625 0.05078125
v 0.24609375 -0.49609375 -0.05859375
v 0.24609375 -0.46484375 -0.03515625
v 0.24609375 -0.44921875 0.01171875
v 0.24609375 -0.42578125 -0.01953125
v 0.24609375 -0.28515625 -0.01171875
v 0.24609375 -0.26171875 -0.01171875
v 0.24609375 -0.22265625 0.01953125
v 0.24609375 0.23828125 -0.02734375
v 0.24609375 0.25390625 -0.05078125
v 0.24609375 0.25390625 -0.00390625
v 0.24609375 0.25390625 0.07421875
v 0.24609375 0.26171875 0.06640625
v 0.24609375 0.27734375 -0.04296875
v 0.24609375 0.28515625 0.05078125
v 0.24609375 0.30078125 0.07421875
v 0.25390625 -0.49609375 -0.03515625
v 0.25390625 -0.49609375 0.02734375
v 0.25390625 -0.44921875 0.09765625
v 0.25390625 0.21484375 -0.05078125
v 0.25390625 0.21484375 -0.00390625
v 0.25390625 0.23828125 -0.00390625
v 0.25390625 0.25390625 0.02734375
v 0.25390625 0.26953125 0.01953125
v 0.25390625 0.26953125 0.07421875
v 0.25390625 0.28515625 0.06640625
v 0.26171875 -0.44921875 0.07421875
v 0.26171875 0.01953125 -0.05859375
v 0.26171875 0.06640625 -0.07421875
v 0.26171875 0.16796875 -0.05078125
v 0.26171875 0.16796875 -0.01171875
v 0.26171875 0.19140625 -0.05859375
v 0.26171875 0.19140625 -0.00390625
v 0.26171875 0.21484375 0.01171875
v 0.26171875 0.24609375 -0.07421875
v 0.26171875 0.24609375 0.01171875
v 0.26171875 0.27734375 0.07421875
v 0.26953125 -0.44921875 0.08203125
v 0.26953125 -0.11328125 0.06640625
v 0.26953125 -0.01171875 -0.05078125
v 0.26953125 0.04296875 -0.06640625
v 0.26953125 0.07421875 -0.06640625
v 0.26953125 0.08203125 -0.04296875
v 0.26953125 0.15234375 -0.03515625
v 0.26953125 0.15234375 -0.02734375
v 0.26953125 0.19140625 0.01171875
v 0.26953125 0.21484375 0.01953125
v 0.26953125 0.22265625 -0.08203125
v 0.26953125 0.23828125 0.01953125
v 0.26953125 0.25390625 0.04296875
v 0.27734375 -0.46484375 0.14453125
v 0.27734375 -0.46484375 0.15234375
v 0.27734375 -0.14453125 0.01953125
v 0.27734375 -0.13671875 0.01171875
v 0.27734375 -0.12890625 0.06640625
v 0.27734375 -0.11328125 0.07421875
v 0.27734375 0.02734375 0.04296875
v 0.27734375 0.05078125 0.04296875
v 0.27734375 0.05859375 0.04296875
v 0.27734375 0.07421875 0.01171875
v 0.27734375 0.08203125 0.01953125
v 0.27734375 0.09765625 -0.03515625
v 0.27734375 0.11328125 -0.03515625
v 0.27734375 0.12109375 -0.03515625
v 0.27734375 0.14453125 -0.03515625
v 0.27734375 0.15234375 -0.05078125
v 0.27734375 0.16796875 0.00390625
v 0.27734375 0.19140625 -0.08203125
v 0.27734375 0.24609375 -0.08203125
v 0.27734375 0.25390625 -0.10546875
v 0.27734375 0.25390625 -0.08984375
v 0.27734375 0.25390625 0.05859375
v 0.27734375 0.26171875 -0.11328125
v 0.28515625 -0.49609375 0.08203125
v 0.28515625 -0.49609375 0.14453125
v 0.28515625 -0.49609375 0.16015625
v 0.28515625 -0.14453125 0.02734375
v 0.28515625 -0.12890625 0.01171875
v 0.28515625 -0.12890625 0.02734375
v 0.28515625 -0.12890625 0.07421875
v 0.28515625 -0.09765625 0.06640625
v 0.28515625 -0.04296875 -0.03515625
v 0.28515625 -0.00390625 0.05078125
v 0.28515625 0.08984375 -0.03515625
v 0.28515625 0.13671875 -0.05078125
v 0.28515625 0.13671875 -0.02734375
v 0.28515625 0.14453125 -0.04296875
v 0.28515625 0.14453125 -0.02734375
v 0.28515625 0.14453125 -0.00390625
v 0.28515625 0.15234375 -0.03515625
v 0.28515625 0.16796875 -0.07421875
v 0.28515625 0.19140625 0.01953125
v 0.28515625 0.23046875 -0.08984375
v 0.28515625 0.23828125 0.02734375
v 0.28515625 0.41015625 -0.11328125
v 0.28515625 0.44140625 -0.05078125
v 0.28515625 0.44140625 -0.00390625
v 0.28515625 0.44140625 0.04296875
v 0.29296875 -0.16015625 0.01953125
v 0.29296875 -0.16015625 0.05078125
v 0.29296875 -0.15234375 0.01171875
v 0.29296875 -0.15234375 0.06640625
v 0.29296875 -0.14453125 -0.00390625
v 0.29296875 -0.13671875 0.00390625
v 0.29296875 -0.13671875 0.03515625
v 0.29296875 -0.12890625 0.03515625
v 0.29296875 -0.12890625 0.04296875
v 0.29296875 -0.12109375 0.05859375
v 0.29296875 -0.09765625 0.08203125
v 0.29296875 -0.04296875 0.05078125
v 0.29296875 0.06640625 0.06640625
v 0.29296875 0.08984375 0.00390625
v 0.29296875 0.09765625 -0.07421875
v 0.29296875 0.09765625 0.01171875
v 0.29296875 0.14453125 -0.07421875
v 0.29296875 0.16796875 0.01171875
v 0.29296875 0.21484375 0.02734375
v 0.29296875 0.23828125 0.01953125
v 0.29296875 0.23828125 0.07421875
v 0.29296875 0.24609375 0.03515625
v 0.29296875 0.24609375 0.06640625
v 0.29296875 0.24609375 0.07421875
v 0.29296875 0.25390625 0.04296875
v 0.29296875 0.26171875 0.07421875
v 0.29296875 0.41015625 0.06640625
v 0.29296875 0.41796875 -0.09765625
v 0.30078125 -0.16015625 0.03515625
v 0.30078125 -0.14453125 -0.01171875
v 0.30078125 -0.14453125 0.07421875
v 0.30078125 -0.13671875 -0.01171875
v 0.30078125 -0.12890625 0.04296875
v 0.30078125 -0.12109375 0.01171875
v 0.30078125 -0.08984375 0.05078125
v 0.30078125 -0.05078125 -0.02734375
v 0.30078125 -0.05078125 0.04296875
v 0.30078125 0.08203125 -0.06640625
v 0.30078125 0.08203125 0.05859375
v 0.30078125 0.08984375 0.05078125
v 0.30078125 0.11328125 -0.07421875
v 0.30078125 0.12109375 -0.07421875
v 0.30078125 0.12109375 -0.01953125
v 0.30078125 0.13671875 -0.06640625
v 0.30078125 0.13671875 -0.01171875
v 0.30078125 0.14453125 -0.06640625
v 0.30078125 0.14453125 -0.01171875
v 0.30078125 0.14453125 0.01171875
v 0.30078125 0.19140625 -0.08984375
v 0.30078125 0.21484375 0.01953125
v 0.30078125 0.23046875 -0.09765625
v 0.30078125 0.24609375 -0.08984375
v 0.30078125 0.25390625 -0.08984375
v 0.30078125 0.25390625 0.06640625
v 0.30078125 0.37890625 0.07421875
v 0.30859375 -0.16015625 0.01171875
v 0.30859375 -0.15234375 -0.00390625
v 0.30859375 -0.14453125 -0.02734375
v 0.30859375 -0.13671875 0.07421875
v 0.30859375 -0.12890625 0.00390625
v 0.30859375 -0.12890625 0.07421875
v 0.30859375 -0.11328125 0.08203125
v 0.30859375 -0.10546875 0.05078125
v 0.30859375 -0.07421875 -0.02734375
v 0.30859375 -0.06640625 0.04296875
v 0.30859375 0.02734375 -0.08984375
v 0.30859375 0.07421875 -0.09765625
v 0.30859375 0.11328125 -0.01953125
v 0.30859375 0.14453125 -0.07421875
v 0.30859375 0.14453125 -0.06640625
v 0.30859375 0.16796875 -0.08203125
v 0.30859375 0.19140625 0.01953125
v 0.30859375 0.19921875 -0.08984375
v 0.30859375 0.24609375 0.01953125
v 0.30859375 0.25390625 0.03515625
v 0.31640625 -0.16796875 0.02734375
v 0.31640625 -0.16015625 -0.01171875
v 0.31640625 -0.16015625 0.01171875
v 0.31640625 -0.13671875 0.02734375
v 0.31640625 -0.12890625 -0.01171875
v 0.31640625 -0.12890625 0.02734375
v 0.31640625 -0.04296875 0.08203125
v 0.31640625 -0.00390625 -0.07421875
v 0.31640625 -0.00390625 0.08203125
v 0.31640625 0.02734375 0.08203125
v 0.31640625 0.05078125 -0.09765625
v 0.31640625 0.05078125 0.08203125
v 0.31640625 0.07421875 0.08203125
v 0.31640625 0.08203125 -0.09765625
v 0.31640625 0.08203125 -0.08203125
v 0.31640625 0.08203125 0.07421875
v 0.31640625 0.10546875 -0.01171875
v 0.31640625 0.10546875 -0.00390625
v 0.31640625 0.10546875 0.04296875
v 0.31640625 0.13671875 -0.00390625
v 0.31640625 0.14453125 -0.00390625
v 0.31640625 0.15234375 -0.07421875
v 0.31640625 0.15234375 0.00390625
v 0.31640625 0.16796875 -0.07421875
v 0.31640625 0.16796875 0.01171875
v 0.31640625 0.19921875 -0.08984375
v 0.31640625 0.19921875 0.01953125
v 0.31640625 0.21484375 0.02734375
v 0.31640625 0.23046875 -0.08984375
v 0.31640625 0.23828125 0.02734375
v 0.31640625 0.23828125 0.07421875
v 0.31640625 0.24609375 -0.08203125
v 0.31640625 0.25390625 -0.08203125
v 0.31640625 0.26171875 0.05859375
v 0.31640625 0.33984375 0.07421875
v 0.31640625 0.39453125 -0.12109375
v 0.31640625 0.41015625 -0.11328125
v 0.31640625 0.41015625 0.06640625
v 0.31640625 0.41796875 -0.09765625
v 0.31640625 0.42578125 -0.05078125
v 0.31640625 0.42578125 -0.00390625
v 0.31640625 0.42578125 0.04296875
v 0.32421875 -0.16796875 0.05078125
v 0.32421875 -0.16015625 0.06640625
v 0.32421875 -0.12890625 -0.01171875
v 0.32421875 -0.12890625 0.01171875
v 0.32421875 -0.08984375 0.00390625
v 0.32421875 -0.08203125 0.08203125
v 0.32421875 -0.07421875 -0.01953125
v 0.32421875 -0.06640625 0.04296875
v 0.32421875 -0.04296875 -0.05859375
v 0.32421875 0.09765625 0.04296875
v 0.32421875 0.12109375 -0.08203125
v 0.32421875 0.12109375 -0.01171875
v 0.32421875 0.13671875 -0.06640625
v 0.32421875 0.14453125 -0.06640625
v 0.32421875 0.14453125 -0.01171875
v 0.32421875 0.15234375 -0.06640625
v 0.32421875 0.15234375 0.00390625
v 0.32421875 0.16796875 -0.07421875
v 0.32421875 0.16796875 0.00390625
v 0.32421875 0.19921875 0.01171875
v 0.32421875 0.24609375 0.01171875
v 0.32421875 0.24609375 0.07421875
v 0.32421875 0.26171875 -0.11328125
v 0.32421875 0.26171875 -0.08984375
v 0.32421875 0.26171875 -0.08203125
v 0.32421875 0.26171875 0.07421875
v 0.32421875 0.33984375 -0.12109375
v 0.33203125 -0.17578125 0.02734375
v 0.33203125 -0.16796875 0.00390625
v 0.33203125 -0.16015625 -0.01171875
v 0.33203125 -0.15234375 0.07421875
v 0.33203125 -0.14453125 -0.02734375
v 0.33203125 -0.13671875 0.01171875
v 0.33203125 -0.13671875 0.03515625
v 0.33203125 -0.12890625 -0.01171875
v 0.33203125 -0.12890625 0.03515625
v 0.33203125 -0.10546875 0.08203125
v 0.33203125 0.05078125 0.07421875
v 0.33203125 0.09765625 -0.08203125
v 0.33203125 0.11328125 -0.08203125
v 0.33203125 0.11328125 -0.01953125
v 0.33203125 0.13671875 -0.06640625
v 0.33203125 0.13671875 -0.00390625
v 0.33203125 0.15234375 -0.07421875
v 0.33203125 0.15234375 -0.05859375
v 0.33203125 0.15234375 -0.00390625
v 0.33203125 0.16796875 -0.07421875
v 0.33203125 0.16796875 0.00390625
v 0.33203125 0.19921875 -0.08203125
v 0.33203125 0.19921875 0.01171875
v 0.33203125 0.21484375 0.01171875
v 0.33203125 0.23046875 -0.08203125
v 0.33203125 0.23828125 0.01171875
v 0.33203125 0.24609375 -0.08203125
v 0.33203125 0.24609375 -0.07421875
v 0.33203125 0.26171875 0.01953125
v 0.33203125 0.39453125 -0.11328125
v 0.33984375 -0.13671875 0.01171875
v 0.33984375 -0.12890625 -0.01171875
v 0.33984375 -0.12890625 0.01171875
v 0.33984375 -0.12109375 -0.01171875
v 0.33984375 -0.12109375 0.01171875
v 0.33984375 -0.12109375 0.07421875
v 0.33984375 -0.09765625 -0.02734375
v 0.33984375 -0.08203125 -0.04296875
v 0.33984375 -0.05078125 -0.05859375
v 0.33984375 0.02734375 0.07421875
v 0.33984375 0.09765625 -0.08203125
v 0.33984375 0.09765625 0.06640625
v 0.33984375 0.10546875 -0.01953125
v 0.33984375 0.10546875 -0.01171875
v 0.33984375 0.14453125 -0.05859375
v 0.33984375 0.14453125 -0.01953125
v 0.33984375 0.14453125 -0.01171875
v 0.33984375 0.15234375 -0.05859375
v 0.33984375 0.15234375 -0.01953125
v 0.33984375 0.24609375 -0.00390625
v 0.33984375 0.26953125 0.04296875
v 0.33984375 0.27734375 -0.08984375
v 0.33984375 0.37890625 0.07421875
v 0.34765625 -0.16796875 0.00390625
v 0.34765625 -0.14453125 -0.01953125
v 0.34765625 -0.13671875 0.06640625
v 0.34765625 -0.07421875 -0.03515625
v 0.34765625 -0.05078125 0.06640625
v 0.34765625 -0.05078125 0.07421875
v 0.34765625 0.05859375 0.06640625
v 0.34765625 0.06640625 0.06640625
v 0.34765625 0.07421875 -0.10546875
v 0.34765625 0.08203125 -0.10546875
v 0.34765625 0.11328125 -0.01953125
v 0.34765625 0.12109375 -0.01171875
v 0.34765625 0.12890625 -0.07421875
v 0.34765625 0.15234375 -0.05859375
v 0.34765625 0.15234375 -0.01953125
v 0.34765625 0.16796875 -0.05859375
v 0.34765625 0.16796875 -0.01171875
v 0.34765625 0.19921875 -0.00390625
v 0.34765625 0.21484375 -0.00390625
v 0.34765625 0.23828125 -0.00390625
v 0.34765625 0.24609375 -0.07421875
v 0.34765625 0.24609375 0.05859375
v 0.35546875 -0.15234375 -0.01171875
v 0.35546875 -0.13671875 -0.01953125
v 0.35546875 -0.09765625 0.07421875
v 0.35546875 -0.04296875 0.08203125
v 0.35546875 -0.00390625 0.08203125
v 0.35546875 0.02734375 0.08984375
v 0.35546875 0.08984375 -0.08203125
v 0.35546875 0.10546875 -0.07421875
v 0.35546875 0.11328125 -0.07421875
v 0.35546875 0.11328125 -0.01953125
v 0.35546875 0.12890625 -0.05859375
v 0.35546875 0.12890625 -0.02734375
v 0.35546875 0.12890625 0.01953125
v 0.35546875 0.14453125 -0.04296875
v 0.35546875 0.15234375 -0.04296875
v 0.35546875 0.16796875 -0.03515625
v 0.35546875 0.19921875 -0.07421875
v 0.35546875 0.19921875 -0.06640625
v 0.35546875 0.19921875 -0.05078125
v 0.35546875 0.19921875 -0.02734375
v 0.35546875 0.19921875 -0.01171875
v 0.35546875 0.21484375 -0.06640625
v 0.35546875 0.21484375 -0.02734375
v 0.35546875 0.21484375 -0.00390625
v 0.35546875 0.23046875 -0.07421875
v 0.35546875 0.24609375 -0.07421875
v 0.35546875 0.24609375 -0.01171875
v 0.35546875 0.25390625 -0.07421875
v 0.35546875 0.26171875 -0.08984375
v 0.35546875 0.26171875 0.06640625
v 0.35546875 0.26953125 0.01171875
v 0.35546875 0.26953125 0.07421875
v 0.35546875 0.28515625 -0.11328125
v 0.35546875 0.28515625 -0.08203125
v 0.35546875 0.29296875 0.02734375
v 0.36328125 -0.12890625 -0.01171875
v 0.36328125 -0.11328125 -0.01953125
v 0.36328125 -0.09765625 -0.02734375
v 0.36328125 -0.00390625 0.08984375
v 0.36328125 0.06640625 -0.11328125
v 0.36328125 0.08984375 -0.11328125
v 0.36328125 0.09765625 -0.11328125
v 0.36328125 0.11328125 -0.02734375
v 0.36328125 0.11328125 0.01953125
v 0.36328125 0.12109375 -0.05859375
v 0.36328125 0.12109375 -0.02734375
v 0.36328125 0.12890625 -0.04296875
v 0.36328125 0.21484375 -0.05078125
v 0.36328125 0.23828125 -0.05078125
v 0.36328125 0.23828125 -0.01171875
v 0.36328125 0.25390625 0.04296875
v 0.36328125 0.26953125 -0.07421875
v 0.36328125 0.26953125 -0.05078125
v 0.36328125 0.26953125 -0.01171875
v 0.36328125 0.28515625 0.03515625
v 0.36328125 0.29296875 0.00390625
v 0.36328125 0.30078125 -0.08203125
v 0.36328125 0.33984375 -0.11328125
v 0.36328125 0.35546875 0.05078125
v 0.36328125 0.40234375 -0.07421875
v 0.36328125 0.40234375 -0.00390625
v 0.37109375 -0.15234375 -0.01171875
v 0.37109375 -0.14453125 -0.00390625
v 0.37109375 -0.14453125 0.05859375
v 0.37109375 -0.12890625 0.06640625
v 0.37109375 -0.07421875 -0.05078125
v 0.37109375 -0.06640625 -0.03515625
v 0.37109375 -0.05078125 -0.07421875
v 0.37109375 -0.05078125 -0.04296875
v 0.37109375 -0.04296875 -0.08984375
v 0.37109375 -0.03515625 0.10546875
v 0.37109375 -0.00390625 -0.09765625
v 0.37109375 0.02734375 -0.10546875
v 0.37109375 0.05859375 -0.11328125
v 0.37109375 0.05859375 0.06640625
v 0.37109375 0.09765625 -0.07421875
v 0.37109375 0.10546875 -0.05859375
v 0.37109375 0.11328125 -0.08203125
v 0.37109375 0.11328125 -0.04296875
v 0.37109375 0.11328125 0.03515625
v 0.37109375 0.12109375 -0.04296875
v 0.37109375 0.12109375 -0.01171875
v 0.37109375 0.13671875 -0.00390625
v 0.37109375 0.15234375 -0.12890625
v 0.37109375 0.23828125 -0.07421875
v 0.37109375 0.23828125 0.01171875
v 0.37109375 0.29296875 -0.06640625
v 0.37109375 0.30859375 -0.08203125
v 0.37109375 0.35546875 0.05859375
v 0.37109375 0.40234375 -0.05859375
v 0.37109375 0.40234375 -0.05078125
v 0.37109375 0.40234375 0.01171875
v 0.37109375 0.40234375 0.03515625
v 0.37890625 -0.15234375 0.00390625
v 0.37890625 -0.15234375 0.02734375
v 0.37890625 -0.13671875 -0.01953125
v 0.37890625 -0.13671875 0.05859375
v 0.37890625 -0.12890625 0.00390625
v 0.37890625 -0.11328125 -0.00390625
v 0.37890625 -0.10546875 0.06640625
v 0.37890625 -0.08984375 -0.01953125
v 0.37890625 -0.08203125 0.06640625
v 0.37890625 0.03515625 0.08203125
v 0.37890625 0.07421875 0.05078125
v 0.37890625 0.11328125 -0.04296875
v 0.37890625 0.15234375 -0.13671875
v 0.37890625 0.16015625 -0.13671875
v 0.37890625 0.16015625 -0.12890625
v 0.37890625 0.25390625 -0.06640625
v 0.37890625 0.25390625 -0.00390625
v 0.37890625 0.27734375 -0.06640625
v 0.37890625 0.27734375 0.00390625
v 0.37890625 0.30078125 0.01171875
v 0.37890625 0.30078125 0.06640625
v 0.37890625 0.30859375 -0.12109375
v 0.37890625 0.30859375 0.01171875
v 0.37890625 0.40234375 -0.05078125
v 0.37890625 0.40234375 -0.01171875
v 0.37890625 0.41015625 -0.08203125
v 0.37890625 0.41015625 -0.05078125
v 0.37890625 0.41015625 -0.00390625
v 0.37890625 0.41015625 0.04296875
v 0.38671875 -0.15234375 -0.01171875
v 0.38671875 -0.14453125 -0.02734375
v 0.38671875 -0.14453125 0.00390625
v 0.38671875 -0.14453125 0.02734375
v 0.38671875 -0.12890625 0.02734375
v 0.38671875 -0.12109375 -0.01953125
v 0.38671875 -0.10546875 0.05078125
v 0.38671875 -0.07421875 0.10546875
v 0.38671875 -0.06640625 0.10546875
v 0.38671875 -0.05078125 0.05078125
v 0.38671875 -0.04296875 0.06640625
v 0.38671875 -0.03515625 0.07421875
v 0.38671875 0.05078125 0.06640625
v 0.38671875 0.12890625 -0.05859375
v 0.38671875 0.16015625 -0.13671875
v 0.38671875 0.16015625 -0.10546875
v 0.38671875 0.21484375 -0.07421875
v 0.38671875 0.21484375 0.01171875
v 0.38671875 0.26171875 0.01171875
v 0.38671875 0.29296875 0.01171875
v 0.38671875 0.29296875 0.04296875
v 0.38671875 0.30859375 -0.05859375
v 0.38671875 0.30859375 -0.05078125
v 0.38671875 0.30859375 -0.00390625
v 0.38671875 0.35546875 -0.08203125
v 0.38671875 0.40234375 -0.08203125
v 0.39453125 -0.12109375 -0.02734375
v 0.39453125 -0.11328125 0.01953125
v 0.39453125 -0.08984375 0.00390625
v 0.39453125 -0.08203125 -0.03515625
v 0.39453125 -0.08203125 0.03515625
v 0.39453125 -0.05859375 -0.01171875
v 0.39453125 -0.05859375 0.01953125
v 0.39453125 -0.05078125 0.03515625
v 0.39453125 -0.04296875 -0.02734375
v 0.39453125 -0.04296875 0.00390625
v 0.39453125 -0.02734375 0.08984375
v 0.39453125 0.00390625 0.08203125
v 0.39453125 0.01171875 0.07421875
v 0.39453125 0.08984375 -0.12890625
v 0.39453125 0.11328125 -0.13671875
v 0.39453125 0.12890625 -0.09765625
v 0.39453125 0.14453125 -0.03515625
v 0.39453125 0.16015625 -0.04296875
v 0.39453125 0.16796875 -0.11328125
v 0.39453125 0.20703125 0.01171875
v 0.39453125 0.21484375 -0.07421875
v 0.39453125 0.23828125 -0.07421875
v 0.39453125 0.23828125 0.01953125
v 0.39453125 0.26171875 -0.06640625
v 0.39453125 0.26171875 0.01171875
v 0.39453125 0.29296875 -0.06640625
v 0.39453125 0.29296875 -0.05078125
v 0.39453125 0.29296875 -0.00390625
v 0.39453125 0.35546875 -0.08203125
v 0.39453125 0.40234375 0.01953125
v 0.40234375 -0.12890625 -0.02734375
v 0.40234375 -0.09765625 0.08984375
v 0.40234375 -0.08984375 -0.03515625
v 0.40234375 -0.05859375 -0.03515625
v 0.40234375 -0.04296875 0.01171875
v 0.40234375 0.04296875 -0.11328125
v 0.40234375 0.08203125 -0.13671875
v 0.40234375 0.10546875 -0.14453125
v 0.40234375 0.12890625 -0.01953125
v 0.40234375 0.12890625 0.00390625
v 0.40234375 0.14453125 -0.02734375
v 0.40234375 0.14453125 -0.01953125
v 0.40234375 0.16796875 -0.03515625
v 0.40234375 0.33203125 -0.09765625
v 0.40234375 0.33203125 -0.05078125
v 0.40234375 0.33203125 -0.01171875
v 0.40234375 0.35546875 -0.09765625
v 0.40234375 0.35546875 -0.08203125
v 0.40234375 0.35546875 -0.05859375
v 0.40234375 0.35546875 -0.05078125
v 0.40234375 0.35546875 0.01953125
v 0.41015625 -0.09765625 0.10546875
v 0.41015625 -0.08984375 -0.03515625
v 0.41015625 -0.06640625 -0.04296875
v 0.41015625 -0.05078125 -0.05078125
v 0.41015625 -0.01171875 0.07421875
v 0.41015625 0.17578125 -0.12890625
v 0.41015625 0.17578125 -0.05078125
v 0.41015625 0.20703125 0.01171875
v 0.41015625 0.21484375 -0.07421875
v 0.41015625 0.26953125 -0.06640625
v 0.41015625 0.26953125 0.00390625
v 0.41015625 0.33203125 -0.01171875
v 0.41015625 0.33203125 0.02734375
v 0.41015625 0.35546875 -0.05078125
v 0.41015625 0.35546875 -0.01171875
v 0.41015625 0.35546875 0.02734375
v 0.41796875 -0.06640625 -0.05078125
v 0.41796875 -0.04296875 0.05078125
v 0.41796875 -0.03515625 0.03515625
v 0.41796875 0.06640625 -0.12890625
v 0.41796875 0.08203125 -0.14453125
v 0.41796875 0.13671875 -0.13671875
v 0.41796875 0.23828125 -0.07421875
v 0.41796875 0.23828125 -0.05859375
v 0.41796875 0.23828125 0.01171875
v 0.41796875 0.26953125 -0.05078125
v 0.41796875 0.33203125 -0.05078125
v 0.41796875 0.35546875 -0.05078125
v 0.41796875 0.35546875 -0.01171875
v 0.41796875 0.35546875 0.01953125
v 0.42578125 -0.06640625 0.06640625
v 0.42578125 -0.05078125 -0.05078125
v 0.42578125 -0.05078125 0.07421875
v 0.42578125 -0.04296875 0.05859375
v 0.42578125 -0.03515625 -0.06640625
v 0.42578125 0.00390625 -0.08984375
v 0.42578125 0.04296875 -0.10546875
v 0.42578125 0.06640625 -0.12890625
v 0.42578125 0.08203125 0.02734375
v 0.42578125 0.12890625 -0.12890625
v 0.42578125 0.14453125 -0.10546875
v 0.42578125 0.14453125 -0.08203125
v 0.42578125 0.14453125 -0.02734375
v 0.42578125 0.16015625 -0.08203125
v 0.43359375 -0.13671875 -0.00390625
v 0.43359375 -0.12890625 0.01171875
v 0.43359375 -0.11328125 0.01171875
v 0.43359375 -0.10546875 0.06640625
v 0.43359375 -0.01171875 0.06640625
v 0.43359375 0.01171875 0.05859375
v 0.43359375 0.05078125 -0.09765625
v 0.43359375 0.05078125 0.04296875
v 0.43359375 0.07421875 -0.12109375
v 0.43359375 0.07421875 -0.10546875
v 0.43359375 0.08984375 -0.10546875
v 0.43359375 0.09765625 -0.12890625
v 0.43359375 0.10546875 -0.10546875
v 0.43359375 0.11328125 -0.10546875
v 0.43359375 0.12109375 -0.09765625
v 0.43359375 0.12109375 -0.08984375
v 0.43359375 0.12109375 -0.01171875
v 0.43359375 0.12890625 -0.09765625
v 0.43359375 0.12890625 -0.08984375
v 0.44140625 -0.12109375 -0.00390625
v 0.44140625 -0.11328125 0.03515625
v 0.44140625 -0.05078125 -0.00390625
v 0.44140625 -0.05078125 0.02734375
v 0.44140625 0.00390625 -0.08203125
v 0.44140625 0.01953125 -0.07421875
v 0.44140625 0.05078125 -0.08984375
v 0.44140625 0.11328125 -0.08984375
v 0.44140625 0.12109375 -0.09765625
v 0.44140625 0.12109375 -0.08984375
v 0.44140625 0.12890625 -0.09765625
v 0.44140625 0.12890625 -0.08984375
v 0.44140625 0.12890625 -0.08203125
v 0.44140625 0.12890625 -0.06640625
v 0.44140625 0.13671875 -0.08984375
v 0.44140625 0.13671875 -0.05078125
v 0.44921875 -0.12109375 0.00390625
v 0.44921875 -0.11328125 0.03515625
v 0.44921875 -0.10546875 0.07421875
v 0.44921875 -0.08984375 -0.01171875
v 0.44921875 -0.05078125 -0.03515625
v 0.44921875 -0.03515625 -0.05859375
v 0.44921875 -0.01953125 -0.05078125
v 0.44921875 0.01171875 0.05078125
v 0.44921875 0.01953125 -0.07421875
v 0.44921875 0.04296875 0.03515625
v 0.44921875 0.05859375 -0.07421875
v 0.44921875 0.07421875 -0.09765625
v 0.44921875 0.08203125 -0.08203125
v 0.44921875 0.08203125 0.00390625
v 0.44921875 0.08984375 -0.09765625
v 0.44921875 0.08984375 -0.06640625
v 0.44921875 0.10546875 -0.07421875
v 0.44921875 0.10546875 -0.02734375
v 0.44921875 0.12109375 -0.05078125
v 0.44921875 0.12109375 -0.04296875
v 0.44921875 0.12890625 -0.08203125
v 0.45703125 -0.08984375 -0.01171875
v 0.45703125 -0.08203125 0.01953125
v 0.45703125 -0.06640625 0.05859375
v 0.45703125 -0.04296875 -0.03515625
v 0.45703125 -0.01953125 0.05078125
v 0.45703125 -0.01171875 -0.04296875
v 0.45703125 0.02734375 -0.05078125
v 0.45703125 0.03515625 0.01171875
v 0.45703125 0.06640625 -0.02734375
v 0.45703125 0.07421875 -0.01171875
v 0.45703125 0.09765625 -0.05078125
v 0.45703125 0.10546875 -0.02734375
v 0.46484375 -0.04296875 -0.02734375
v 0.46484375 -0.03515625 0.03515625
v 0.46484375 -0.01171875 -0.03515625
v 0.46484375 -0.00390625 0.02734375
v 0.46484375 0.02734375 -0.01953125
v 0.46484375 0.07421875 -0.01953125
v 0.47265625 -0.04296875 0.00390625
v 0.47265625 -0.01171875 -0.01171875
f 561 562 563
f 561 563 585
f 563 562 951
f 562 561 951
f 561 585 599
f 585 563 586
f 563 951 898
f 951 561 1086
f 561 599 1271
f 599 585 612
f 585 586 643
f 586 563 600
f 563 898 600
f 898 951 1019
f 951 1086 1019
f 1086 561 1271
f 1271 599 1231
f 599 612 611
f 612 585 643
f 643 586 1087
f 586 600 1087
f 600 898 899
f 898 1019 899
f 1019 1086 1233
f 1086 1271 1233
f 1271 1231 1233
f 1231 599 611
f 611 612 622
f 612 643 613
f 643 1087 1020
f 1087 600 899
f 899 1019 1087
f 1019 1233 1087
f 1233 1231 1232
f 1231 611 621
f 611 622 641
f 622 612 613
f 613 643 624
f 643 1020 656
f 1020 1087 1233
f 1233 1232 1234
f 1232 1231 1308
f 1231 621 1308
f 621 611 641
f 641 622 613
f 613 624 641
f 624 643 642
f 643 656 655
f 656 1020 953
f 1020 1233 1234
f 1234 1232 1310
f 1232 1308 1272
f 1308 621 641
f 641 624 640
f 624 642 640
f 642 643 655
f 655 656 675
f 656 953 675
f 953 1020 1274
f 1020 1234 1274
f 1234 1310 1274
f 1310 1232 1272
f 1272 1308 641
f 641 640 1272
f 640 642 654
f 642 655 625
f 655 675 674
f 675 953 952
f 953 1274 952
f 1274 1310 1309
f 1310 1272 1309
f 1272 640 1309
f 640 654 653
f 654 642 625
f 625 655 626
f 655 674 676
f 674 675 701
f 675 952 954
f 952 1274 1184
f 1274 1309 1363
f 1309 640 653
f 653 654 639
f 654 625 623
f 625 626 659
f 626 655 676
f 676 674 701
f 701 675 954
f 954 952 1184
f 1184 1274 1311
f 1274 1363 1391
f 1363 1309 1345
f 1309 653 1345
f 653 639 1386
f 639 654 638
f 654 623 638
f 623 625 659
f 659 626 657
f 626 676 657
f 676 701 702
f 701 954 702
f 954 1184 1235
f 1184 1311 1235
f 1311 1274 1391
f 1391 1363 1389
f 1363 1345 1386
f 1345 653 1386
f 1386 639 638
f 638 623 637
f 623 659 673
f 659 657 678
f 657 676 679
f 676 702 703
f 702 954 703
f 954 1235 955
f 1235 1311 1312
f 1311 1391 1365
f 1391 1389 1418
f 1389 1363 1386
f 1386 638 1415
f 638 637 1415
f 637 623 673
f 673 659 677
f 659 678 677
f 678 657 680
f 657 679 680
f 679 676 658
f 676 703 658
f 703 954 955
f 955 1235 1236
f 1235 1312 1236
f 1312 1311 1365
f 1365 1391 1392
f 1391 1418 1392
f 1418 1389 1415
f 1389 1386 1415
f 1415 637 652
f 637 673 652
f 673 677 738
f 677 678 704
f 678 680 704
f 680 679 681
f 679 658 660
f 658 703 661
f 703 955 661
f 955 1236 1185
f 1236 1312 1313
f 1312 1365 1348
f 1365 1392 1348
f 1392 1418 1347
f 1418 1415 1451
f 1415 652 1450
f 652 673 700
f 673 738 700
f 738 677 739
f 677 704 739
f 704 680 741
f 680 681 741
f 681 679 660
f 660 658 661
f 661 955 1185
f 1185 1236 1313
f 1313 1312 1348
f 1348 1392 1347
f 1347 1418 1346
f 1418 1451 1388
f 1451 1415 1450
f 1450 652 1491
f 652 700 672
f 700 738 737
f 738 739 778
f 739 704 740
f 704 741 740
f 741 681 742
f 681 660 705
f 660 661 705
f 661 1185 1237
f 1185 1313 1349
f 1313 1348 1349
f 1348 1347 1350
f 1347 1346 1388
f 1346 1418 1388
f 1388 1451 1470
f 1451 1450 1491
f 1491 652 672
f 672 700 736
f 700 737 736
f 737 738 778
f 778 739 836
f 739 740 836
f 740 741 779
f 741 742 779
f 742 681 662
f 681 705 662
f 705 661 1237
f 1237 1185 1349
f 1349 1348 1350
f 1350 1347 1275
f 1347 1388 1390
f 1388 1470 1417
f 1470 1451 1491
f 1491 672 734
f 672 736 734
f 736 737 834
f 737 778 834
f 778 836 835
f 836 740 1273
f 740 779 1275
f 779 742 837
f 742 662 837
f 662 705 628
f 705 1237 743
f 1237 1349 1367
f 1349 1350 1366
f 1350 1275 1276
f 1275 1347 1390
f 1390 1388 1417
f 1417 1470 1416
f 1470 1491 1469
f 1491 734 1469
f 734 736 735
f 736 834 833
f 834 778 835
f 835 836 1273
f 1273 740 1275
f 1275 779 1276
f 779 837 1276
f 837 662 627
f 662 628 627
f 628 705 706
f 705 743 706
f 743 1237 1238
f 1237 1367 1453
f 1367 1349 1366
f 1366 1350 1276
f 1275 1390 1273
f 1390 1417 1364
f 1417 1416 1387
f 1416 1470 1469
f 1469 734 735
f 735 736 833
f 833 834 1387
f 834 835 1364
f 835 1273 1364
f 1276 837 1314
f 837 627 780
f 627 628 644
f 628 706 644
f 706 743 709
f 743 1238 709
f 1238 1237 1315
f 1237 1453 1510
f 1453 1367 1366
f 1366 1276 1314
f 1273 1390 1364
f 1364 1417 1387
f 1387 1416 833
f 1416 1469 735
f 735 833 1416
f 1387 834 1364
f 1314 837 780
f 780 627 682
f 627 644 682
f 644 706 707
f 706 709 748
f 709 1238 1277
f 1238 1315 1277
f 1315 1237 1510
f 1510 1453 1543
f 1453 1366 1452
f 1366 1314 1368
f 1314 780 1368
f 780 682 900
f 682 644 663
f 644 707 663
f 707 706 748
f 748 709 750
f 709 1277 750
f 1277 1315 1278
f 1315 1510 1471
f 1510 1543 1509
f 1543 1453 1452
f 1452 1366 1368
f 1368 780 900
f 900 682 708
f 682 663 708
f 663 707 745
f 707 748 744
f 748 750 749
f 750 1277 1239
f 1277 1278 1239
f 1278 1315 1316
f 1315 1471 1316
f 1471 1510 1492
f 1510 1509 1492
f 1509 1543 1452
f 1452 1368 1419
f 1368 900 1419
f 900 708 956
f 708 663 745
f 745 707 744
f 744 748 747
f 748 749 747
f 749 750 1239
f 1239 1278 749
f 1278 1316 747
f 1316 1471 1421
f 1471 1492 1472
f 1492 1509 1420
f 1509 1452 1419
f 1419 900 956
f 956 708 781
f 708 745 781
f 745 744 746
f 744 747 746
f 747 749 1278
f 747 1316 783
f 1316 1421 1395
f 1421 1471 1393
f 1471 1472 1393
f 1472 1492 1420
f 1420 1509 1419
f 1419 956 1420
f 956 781 1021
f 781 745 746
f 746 747 783
f 783 1316 1317
f 1316 1395 1317
f 1395 1421 1394
f 1421 1393 1394
f 1393 1472 1351
f 1472 1420 1351
f 1420 956 1351
f 956 1021 1351
f 1021 781 782
f 781 746 782
f 746 783 785
f 783 1317 785
f 1317 1395 1493
f 1395 1394 1422
f 1394 1393 1351
f 1351 1021 1352
f 1021 782 1088
f 782 746 784
f 746 785 784
f 785 1317 1396
f 1317 1493 1396
f 1493 1395 1422
f 1422 1394 1352
f 1394 1351 1352
f 1352 1021 1088
f 1088 782 784
f 784 785 786
f 785 1396 786
f 1396 1493 1544
f 1493 1422 1544
f 1422 1352 1088
f 1088 784 751
f 784 786 751
f 786 1396 1423
f 1396 1544 1423
f 1544 1422 1546
f 1422 1088 1022
f 1088 751 1022
f 751 786 752
f 786 1423 787
f 1423 1544 1545
f 1544 1546 1545
f 1546 1422 1426
f 1422 1022 1426
f 1022 751 710
f 751 752 710
f 752 786 787
f 787 1423 788
f 1423 1545 1424
f 1545 1546 1547
f 1546 1426 1494
f 1426 1022 901
f 1022 710 901
f 710 752 711
f 752 787 788
f 788 1423 1424
f 1424 1545 1425
f 1545 1547 1511
f 1547 1546 1494
f 1494 1426 1369
f 1426 901 1369
f 901 710 902
f 710 711 754
f 711 752 753
f 752 788 753
f 788 1424 838
f 1424 1425 838
f 1425 1545 1511
f 1511 1547 1512
f 1547 1494 1495
f 1494 1369 1370
f 1369 901 957
f 901 902 957
f 902 710 756
f 710 754 756
f 754 711 753
f 753 788 838
f 838 1425 839
f 1425 1511 1454
f 1511 1512 1548
f 1512 1547 1495
f 1495 1494 1370
f 1370 1369 1281
f 1369 957 1281
f 957 902 1026
f 902 756 840
f 756 754 840
f 754 753 755
f 753 838 839
f 839 1425 1454
f 1454 1511 1548
f 1548 1512 1513
f 1512 1495 1473
f 1495 1370 1473
f 1370 1281 1282
f 1281 957 1026
f 1026 902 961
f 902 840 961
f 840 754 757
f 754 755 757
f 755 753 903
f 753 839 903
f 839 1454 903
f 1454 1548 1549
f 1548 1513 1549
f 1513 1512 1473
f 1473 1370 1353
f 1370 1282 1353
f 1282 1281 1189
f 1281 1026 1188
f 1026 961 1189
f 961 840 1028
f 840 757 1028
f 757 755 789
f 755 903 789
f 903 1454 1427
f 1454 1549 1427
f 1549 1513 1614
f 1513 1473 1496
f 1473 1353 1456
f 1353 1282 1279
f 1282 1189 1279
f 1189 1281 1188
f 1188 1026 1189
f 1189 961 1028
f 1028 757 962
f 757 789 962
f 789 903 905
f 903 1427 1024
f 1427 1549 1455
f 1549 1614 1455
f 1614 1513 1550
f 1513 1496 1550
f 1496 1473 1456
f 1456 1353 1242
f 1353 1279 1090
f 1279 1189 1243
f 1189 1028 1093
f 1028 962 1093
f 962 789 1094
f 789 905 1094
f 905 903 1024
f 1024 1427 1455
f 1455 1614 1474
f 1614 1550 1691
f 1550 1496 1552
f 1496 1456 1552
f 1456 1242 1457
f 1242 1353 1089
f 1353 1090 1241
f 1090 1279 1025
f 1279 1243 1025
f 1243 1189 1093
f 1093 962 1092
f 962 1094 1092
f 1094 905 1027
f 905 1024 1027
f 1024 1455 1091
f 1455 1474 1240
f 1474 1614 1551
f 1614 1691 1551
f 1691 1550 1664
f 1550 1552 1664
f 1552 1456 1457
f 1457 1242 1280
f 1242 1089 1186
f 1089 1353 1241
f 1241 1090 1089
f 1090 1025 958
f 1025 1243 904
f 1243 1093 904
f 1093 1092 904
f 1092 1094 1091
f 1094 1027 1024
f 1024 1091 1094
f 1091 1455 1023
f 1455 1240 1023
f 1240 1474 1497
f 1474 1551 1497
f 1551 1691 1693
f 1691 1664 1789
f 1664 1552 1694
f 1552 1457 1615
f 1457 1280 1499
f 1280 1242 1186
f 1186 1089 959
f 1089 1090 958
f 958 1025 904
f 904 1092 960
f 1092 1091 960
f 1091 1023 959
f 1023 1240 1186
f 1240 1497 1318
f 1497 1551 1514
f 1551 1693 1514
f 1693 1691 1692
f 1691 1789 1788
f 1789 1664 1694
f 1694 1552 1615
f 1615 1457 1499
f 1499 1280 1319
f 1280 1186 1187
f 1186 959 1023
f 959 1089 958
f 958 904 959
f 904 960 959
f 960 1091 959
f 1186 1240 1318
f 1318 1497 1514
f 1514 1693 1696
f 1693 1692 1698
f 1692 1691 1790
f 1691 1788 1790
f 1788 1789 1906
f 1789 1694 1794
f 1694 1615 1667
f 1615 1499 1670
f 1499 1319 1516
f 1319 1280 1187
f 1187 1186 1318
f 1318 1514 1371
f 1514 1696 1699
f 1696 1693 1698
f 1698 1692 1791
f 1692 1790 1791
f 1790 1788 1906
f 1906 1789 1956
f 1789 1794 1909
f 1794 1694 1667
f 1667 1615 1670
f 1670 1499 1516
f 1516 1319 1375
f 1319 1187 1283
f 1187 1318 1371
f 1371 1514 1554
f 1514 1699 1554
f 1699 1696 1698
f 1698 1791 1799
f 1791 1790 1907
f 1790 1906 1907
f 1906 1956 2039
f 1956 1789 1909
f 1909 1794 1959
f 1794 1667 1797
f 1667 1670 1797
f 1670 1516 1517
f 1516 1375 1429
f 1375 1319 1283
f 1283 1187 1371
f 1371 1554 1398
f 1554 1699 1616
f 1699 1698 1701
f 1698 1799 1702
f 1799 1791 1913
f 1791 1907 1913
f 1907 1906 1908
f 1906 2039 1983
f 2039 1956 2041
f 1956 1909 2041
f 1909 1959 1984
f 1959 1794 1797
f 1797 1670 1801
f 1670 1517 1673
f 1517 1516 1429
f 1429 1375 1377
f 1375 1283 1321
f 1283 1371 1398
f 1398 1554 1616
f 1616 1699 1701
f 1701 1698 1702
f 1702 1799 1803
f 1799 1913 1917
f 1913 1907 1908
f 1908 1906 2040
f 1906 1983 2040
f 1983 2039 2108
f 2039 2041 2144
f 2041 1909 1984
f 1984 1959 1962
f 1959 1797 1962
f 1797 1801 1962
f 1801 1670 1806
f 1670 1673 1806
f 1673 1517 1557
f 1517 1429 1400
f 1429 1377 1400
f 1377 1375 1321
f 1321 1283 1398
f 1398 1616 1459
f 1616 1701 1519
f 1701 1702 1706
f 1702 1803 1706
f 1803 1799 1917
f 1917 1913 1916
f 1913 1908 1911
f 1908 2040 2109
f 2040 1983 2163
f 1983 2108 2038
f 2108 2039 2144
f 2144 2041 2188
f 2041 1984 2189
f 1984 1962 2147
f 1962 1801 1806
f 1806 1673 1805
f 1673 1557 1703
f 1557 1517 1400
f 1400 1377 1354
f 1377 1321 1459
f 1321 1398 1459
f 1459 1616 1519
f 1519 1701 1707
f 1701 1706 1705
f 1706 1803 1809
f 1803 1917 1921
f 1917 1916 1921
f 1916 1913 1914
f 1913 1911 1914
f 1911 1908 2109
f 2109 2040 2145
f 2040 2163 2145
f 2163 1983 2187
f 1983 2038 2187
f 2038 2108 2037
f 2108 2144 2162
f 2144 2188 2162
f 2188 2041 2189
f 2189 1984 2147
f 2147 1962 2111
f 1962 1806 1965
f 1806 1805 1965
f 1805 1673 1703
f 1703 1557 1556
f 1557 1400 1373
f 1400 1354 1378
f 1354 1377 1459
f 1459 1519 1430
f 1519 1707 1522
f 1707 1701 1705
f 1705 1706 1808
f 1706 1809 1808
f 1809 1803 1921
f 1921 1916 1920
f 1916 1914 1985
f 1914 1911 2109
f 2109 2145 2336
f 2145 2163 2411
f 2163 2187 2411
f 2187 2038 2213
f 2038 2037 2186
f 2037 2108 2107
f 2108 2162 2107
f 2162 2188 2313
f 2188 2189 2413
f 2189 2147 2377
f 2147 2111 2337
f 2111 1962 2112
f 1962 1965 2112
f 1965 1805 1918
f 1805 1703 1708
f 1703 1556 1672
f 1556 1557 1373
f 1373 1400 1376
f 1400 1378 1376
f 1378 1354 1355
f 1354 1459 1430
f 1430 1519 1522
f 1522 1707 1617
f 1707 1705 1808
f 1808 1809 1921
f 1921 1920 1808
f 1920 1916 1922
f 1916 1985 2114
f 1985 1914 2043
f 1914 2109 2043
f 2109 2336 2285
f 2336 2145 2411
f 2411 2187 2604
f 2187 2213 2605
f 2213 2038 2186
f 2186 2037 2106
f 2037 2107 2106
f 2107 2162 2143
f 2162 2313 2284
f 2313 2188 2413
f 2413 2189 2377
f 2377 2147 2337
f 2337 2111 2289
f 2111 2112 2215
f 2112 1965 2046
f 1965 1918 2046
f 1918 1805 1923
f 1805 1708 1811
f 1708 1703 1676
f 1703 1672 1676
f 1672 1556 1669
f 1556 1373 1397
f 1373 1376 1320
f 1376 1378 1401
f 1378 1355 1402
f 1355 1354 1430
f 1430 1522 1460
f 1522 1617 1523
f 1617 1707 1709
f 1707 1808 1810
f 1808 1920 1922
f 1922 1916 2114
f 2114 1985 2191
f 1985 2043 2247
f 2043 2109 2285
f 2285 2336 2452
f 2336 2411 2451
f 2411 2604 2451
f 2604 2187 2506
f 2187 2605 2506
f 2605 2213 2744
f 2213 2186 2744
f 2186 2106 2212
f 2106 2107 2036
f 2107 2143 2036
f 2143 2162 2284
f 2284 2313 2379
f 2313 2413 2504
f 2413 2377 2451
f 2377 2337 2452
f 2337 2289 2380
f 2289 2111 2215
f 2215 2112 2249
f 2112 2046 2249
f 2046 1918 2045
f 1918 1923 1968
f 1923 1805 1811
f 1811 1708 1813
f 1708 1676 1520
f 1676 1672 1675
f 1672 1669 1700
f 1669 1556 1555
f 1556 1397 1555
f 1397 1373 1372
f 1373 1320 1372
f 1320 1376 1399
f 1376 1401 1399
f 1401 1378 1461
f 1378 1402 1461
f 1402 1355 1460
f 1355 1430 1460
f 1460 1522 1523
f 1523 1617 1709
f 1709 1707 1810
f 1810 1808 1922
f 1922 2114 2117
f 2114 2191 2216
f 2191 1985 2247
f 2247 2043 2285
f 2285 2452 2380
f 2452 2336 2451
f 2451 2604 2674
f 2604 2506 2674
f 2506 2605 2509
f 2605 2744 2746
f 2744 2186 2807
f 2186 2212 2807
f 2212 2106 2034
f 2106 2036 2034
f 2036 2143 2142
f 2143 2284 2142
f 2284 2379 2378
f 2379 2313 2376
f 2313 2504 2412
f 2504 2413 2451
f 2451 2377 2452
f 2452 2337 2380
f 2380 2289 2339
f 2289 2215 2291
f 2215 2249 2291
f 2249 2046 2287
f 2046 2045 2287
f 2045 1918 1964
f 1918 1968 1964
f 1968 1923 2115
f 1923 1811 1813
f 1813 1708 1710
f 1708 1520 1521
f 1520 1676 1518
f 1676 1675 1518
f 1675 1672 1700
f 1700 1669 1741
f 1669 1555 1668
f 1555 1397 1458
f 1397 1372 1458
f 1372 1320 1374
f 1320 1399 1374
f 1399 1401 1521
f 1401 1461 1521
f 1461 1402 1325
f 1402 1460 1431
f 1460 1523 1431
f 1523 1709 1679
f 1709 1810 1812
f 1810 1922 1924
f 1922 2117 1986
f 2117 2114 2216
f 2216 2191 2314
f 2191 2247 2339
f 2247 2285 2380
f 2451 2674 2504
f 2674 2506 2675
f 2506 2509 2507
f 2509 2605 2608
f 2605 2746 2608
f 2746 2744 2878
f 2744 2807 2942
f 2807 2212 2806
f 2212 2034 2211
f 2034 2036 2035
f 2036 2142 2035
f 2142 2284 2283
f 2284 2378 2283
f 2378 2379 2454
f 2379 2376 2454
f 2376 2313 2505
f 2313 2412 2505
f 2412 2504 2505
f 2380 2339 2247
f 2339 2289 2291
f 2291 2249 2314
f 2249 2287 2290
f 2287 2045 2246
f 2045 1964 1961
f 1964 1968 1967
f 1968 2115 2113
f 2115 1923 2116
f 1923 1813 1925
f 1813 1710 1815
f 1710 1708 1521
f 1521 1520 1399
f 1520 1518 1399
f 1518 1675 1674
f 1675 1700 1704
f 1700 1741 1704
f 1741 1669 1668
f 1668 1555 1553
f 1555 1458 1553
f 1458 1372 1428
f 1372 1374 1428
f 1374 1399 1518
f 1521 1461 1501
f 1461 1325 1380
f 1325 1402 1431
f 1431 1523 1359
f 1523 1679 1475
f 1679 1709 1812
f 1812 1810 1924
f 1924 1922 1986
f 1986 2117 2118
f 2117 2216 2192
f 2216 2314 2315
f 2314 2191 2291
f 2191 2339 2291
f 2504 2674 2673
f 2674 2675 2745
f 2675 2506 2507
f 2507 2509 2676
f 2509 2608 2746
f 2746 2878 2509
f 2878 2744 2946
f 2744 2942 2946
f 2942 2807 2806
f 2806 2212 2211
f 2211 2034 2210
f 2034 2035 2033
f 2035 2142 2161
f 2142 2283 2161
f 2283 2378 2672
f 2378 2454 2453
f 2454 2376 2414
f 2376 2505 2606
f 2505 2504 2673
f 2314 2249 2292
f 2249 2290 2292
f 2290 2287 2338
f 2287 2246 2286
f 2246 2045 2044
f 2045 1961 2044
f 1961 1964 1915
f 1964 1967 1915
f 1967 1968 2113
f 2113 2115 2248
f 2115 2116 2248
f 2116 1923 1925
f 1925 1813 1815
f 1815 1710 1680
f 1710 1521 1501
f 1518 1674 1500
f 1674 1675 1704
f 1704 1741 1804
f 1741 1668 1697
f 1668 1553 1697
f 1553 1458 1515
f 1458 1428 1498
f 1428 1374 1500
f 1374 1518 1500
f 1501 1461 1380
f 1380 1325 1245
f 1325 1431 1359
f 1359 1523 1432
f 1523 1475 1432
f 1475 1679 1618
f 1679 1812 1814
f 1812 1924 1971
f 1924 1986 2118
f 2118 2117 2192
f 2192 2216 2315
f 2315 2314 2292
f 2673 2674 2745
f 2745 2675 2507
f 2507 2676 2508
f 2676 2509 2878
f 2878 2946 2947
f 2946 2942 2945
f 2942 2806 2876
f 2806 2211 2876
f 2211 2210 2876
f 2210 2034 2033
f 2033 2035 2209
f 2035 2161 2209
f 2161 2283 2743
f 2283 2672 2743
f 2672 2378 2607
f 2378 2453 2607
f 2453 2454 2607
f 2454 2414 2508
f 2414 2376 2606
f 2606 2505 2673
f 2292 2290 2250
f 2290 2338 2248
f 2338 2287 2286
f 2286 2246 2190
f 2246 2044 2190
f 2044 1961 1960
f 1961 1915 1891
f 1915 1967 1919
f 1967 2113 1966
f 2113 2248 2288
f 2248 2116 2250
f 2116 1925 2149
f 1925 1815 1972
f 1815 1680 1715
f 1680 1710 1501
f 1500 1674 1671
f 1674 1704 1807
f 1704 1804 1807
f 1804 1741 1800
f 1741 1697 1798
f 1697 1553 1515
f 1515 1458 1498
f 1498 1428 1500
f 1501 1380 1462
f 1380 1245 1327
f 1245 1325 1359
f 1359 1432 1381
f 1432 1475 1433
f 1475 1618 1476
f 1618 1679 1713
f 1679 1814 1713
f 1814 1812 1971
f 1971 1924 2118
f 2118 2192 2217
f 2192 2315 2251
f 2315 2292 2251
f 2673 2745 2606
f 2745 2507 2508
f 2508 2676 2609
f 2676 2878 2947
f 2947 2946 2945
f 2945 2942 2943
f 2942 2876 2988
f 2876 2210 2875
f 2210 2033 2141
f 2033 2209 2208
f 2209 2161 2671
f 2161 2743 2671
f 2743 2672 2940
f 2672 2607 2808
f 2607 2454 2809
f 2454 2508 2609
f 2508 2414 2606
f 2292 2250 2193
f 2250 2290 2248
f 2248 2338 2288
f 2338 2286 2288
f 2286 2190 2214
f 2190 2044 2042
f 2044 1960 2042
f 1960 1961 1891
f 1891 1915 1919
f 1919 1967 1966
f 1966 2113 2148
f 2113 2288 2148
f 2250 2116 2193
f 2116 2149 2193
f 2149 1925 1972
f 1972 1815 1930
f 1815 1715 1817
f 1715 1680 1620
f 1680 1501 1462
f 1500 1671 1498
f 1671 1674 1802
f 1674 1807 1802
f 1807 1804 1919
f 1804 1800 1891
f 1800 1741 1798
f 1798 1697 1795
f 1697 1515 1695
f 1515 1498 1695
f 1462 1380 1327
f 1327 1245 1248
f 1245 1359 1285
f 1359 1381 1360
f 1381 1432 1379
f 1432 1433 1379
f 1433 1475 1476
f 1476 1618 1713
f 1713 1814 1816
f 1814 1971 1928
f 1971 2118 2164
f 2118 2217 2319
f 2217 2192 2251
f 2251 2292 2193
f 2606 2745 2508
f 2609 2676 2879
f 2676 2947 2879
f 2947 2945 2944
f 2945 2943 2944
f 2943 2942 2988
f 2988 2876 2875
f 2875 2210 2805
f 2210 2141 2282
f 2141 2033 2208
f 2208 2209 2603
f 2209 2671 2603
f 2671 2743 2940
f 2940 2672 2808
f 2808 2607 2809
f 2809 2454 2609
f 2288 2286 2214
f 2214 2190 2146
f 2190 2042 2110
f 2042 1960 1912
f 1960 1891 1912
f 1891 1919 1804
f 1919 1966 1807
f 1966 2148 1963
f 2148 2288 2214
f 2193 2149 2294
f 2149 1972 2194
f 1972 1930 1989
f 1930 1815 1817
f 1817 1715 1759
f 1715 1620 1714
f 1620 1680 1462
f 1498 1671 1666
f 1671 1802 1796
f 1802 1807 1966
f 1891 1800 1798
f 1798 1795 1912
f 1795 1697 1695
f 1695 1498 1665
f 1462 1327 1404
f 1327 1248 1286
f 1248 1245 1285
f 1285 1359 1360
f 1360 1381 1244
f 1381 1379 1324
f 1379 1433 1403
f 1433 1476 1403
f 1476 1713 1621
f 1713 1816 1818
f 1816 1814 1928
f 1928 1971 1987
f 1971 2164 1987
f 2164 2118 2218
f 2118 2319 2218
f 2319 2217 2343
f 2217 2251 2343
f 2251 2193 2343
f 2609 2879 2880
f 2879 2947 2944
f 2944 2943 2941
f 2943 2988 2941
f 2988 2875 2985
f 2875 2805 2985
f 2805 2210 2282
f 2282 2141 2140
f 2141 2208 2140
f 2208 2603 2245
f 2603 2671 2804
f 2671 2940 2984
f 2940 2808 2941
f 2808 2809 2877
f 2809 2609 2880
f 2214 2146 2148
f 2146 2190 2110
f 2110 2042 1912
f 1912 1891 1798
f 1966 1963 1802
f 1963 2148 2146
f 2193 2294 2343
f 2294 2149 2194
f 2194 1972 1989
f 1989 1930 1929
f 1930 1817 1868
f 1817 1759 1819
f 1759 1715 1714
f 1714 1620 1619
f 1620 1462 1404
f 1498 1666 1665
f 1666 1671 1796
f 1796 1802 1963
f 1912 1795 1910
f 1795 1695 1793
f 1695 1665 1793
f 1404 1327 1286
f 1286 1248 1247
f 1248 1285 1249
f 1285 1360 1244
f 1244 1381 1324
f 1324 1379 1358
f 1379 1403 1358
f 1403 1476 1434
f 1476 1621 1558
f 1621 1713 1818
f 1818 1816 1928
f 1928 1987 2165
f 1987 2164 2165
f 2164 2218 2219
f 2218 2319 2295
f 2319 2343 2416
f 2880 2879 2877
f 2879 2944 2877
f 2944 2941 2877
f 2941 2988 2987
f 2988 2985 2986
f 2985 2805 2804
f 2805 2282 2281
f 2282 2140 2281
f 2140 2208 2245
f 2245 2603 2602
f 2603 2804 2602
f 2804 2671 2984
f 2984 2940 2987
f 2940 2941 2987
f 2941 2808 2877
f 2877 2809 2880
f 2146 2110 1910
f 2110 1912 1910
f 1963 2146 1958
f 2343 2294 2416
f 2294 2194 2345
f 2194 1989 2253
f 1989 1929 1988
f 1929 1930 1868
f 1868 1817 1819
f 1819 1759 1821
f 1759 1714 1757
f 1714 1619 1757
f 1619 1620 1405
f 1620 1404 1405
f 1665 1666 1796
f 1796 1963 1958
f 1910 1795 1793
f 1793 1665 1792
f 1404 1286 1329
f 1286 1247 1329
f 1247 1248 1195
f 1248 1249 1195
f 1249 1285 1197
f 1285 1244 1095
f 1244 1324 1284
f 1324 1358 1284
f 1358 1403 1192
f 1403 1434 1250
f 1434 1476 1558
f 1558 1621 1622
f 1621 1818 1820
f 1818 1928 1990
f 1928 2165 1990
f 2165 2164 2219
f 2219 2218 2293
f 2218 2295 2293
f 2295 2319 2320
f 2319 2416 2382
f 2987 2988 2986
f 2986 2985 2987
f 2985 2804 2984
f 2804 2805 2874
f 2805 2281 2742
f 2281 2140 2335
f 2140 2245 2207
f 2245 2602 2280
f 2602 2804 2874
f 2984 2987 2985
f 2146 1910 1957
f 1958 2146 1957
f 2416 2294 2345
f 2345 2194 2253
f 2253 1989 2254
f 1989 1988 2254
f 1988 1929 1866
f 1929 1868 1866
f 1868 1819 1821
f 1821 1759 1783
f 1759 1757 1782
f 1757 1619 1745
f 1619 1405 1406
f 1405 1404 1329
f 1665 1796 1792
f 1796 1958 1957
f 1910 1793 1957
f 1793 1792 1957
f 1329 1247 1287
f 1247 1195 1193
f 1195 1249 1196
f 1249 1197 1196
f 1197 1285 1095
f 1095 1244 1190
f 1244 1284 1190
f 1284 1358 1190
f 1358 1192 1190
f 1192 1403 1250
f 1250 1434 1289
f 1434 1558 1524
f 1558 1622 1524
f 1622 1621 1820
f 1820 1818 1990
f 1990 2165 2047
f 2165 2219 2252
f 2219 2293 2252
f 2293 2295 2342
f 2295 2320 2415
f 2320 2319 2382
f 2382 2416 2419
f 2874 2805 2742
f 2742 2281 2335
f 2335 2140 2207
f 2207 2245 2280
f 2280 2602 2669
f 2602 2874 2669
f 2416 2345 2419
f 2345 2253 2383
f 2253 2254 2347
f 2254 1988 2255
f 1988 1866 1895
f 1866 1868 1859
f 1868 1821 1860
f 1821 1783 1823
f 1783 1759 1782
f 1782 1757 1756
f 1757 1745 1756
f 1745 1619 1406
f 1406 1405 1329
f 1792 1796 1957
f 1329 1287 1406
f 1287 1247 1251
f 1247 1193 1246
f 1193 1195 1196
f 1196 1197 1200
f 1197 1095 1033
f 1095 1190 963
f 1190 1192 1029
f 1192 1250 911
f 1250 1289 976
f 1289 1434 1524
f 1524 1622 1623
f 1622 1820 1623
f 1820 1990 1991
f 1990 2047 1991
f 2047 2165 2220
f 2165 2252 2220
f 2252 2293 2318
f 2293 2342 2318
f 2342 2295 2415
f 2415 2320 2382
f 2382 2419 2420
f 2874 2742 2873
f 2742 2335 2740
f 2335 2207 2312
f 2207 2280 2206
f 2280 2669 2279
f 2669 2874 2873
f 2419 2345 2383
f 2383 2253 2347
f 2347 2254 2255
f 2255 1988 1895
f 1895 1866 1865
f 1866 1859 1865
f 1859 1868 1860
f 1860 1821 1823
f 1823 1783 1762
f 1783 1782 1762
f 1782 1756 1760
f 1756 1745 1743
f 1745 1406 1330
f 1406 1287 1331
f 1287 1251 1253
f 1251 1247 1246
f 1246 1193 1191
f 1193 1196 1194
f 1196 1200 1199
f 1200 1197 1036
f 1197 1033 1036
f 1033 1095 963
f 963 1190 841
f 1190 1029 841
f 1029 1192 911
f 911 1250 976
f 976 1289 1054
f 1289 1524 1361
f 1524 1623 1624
f 1623 1820 1822
f 1820 1991 1992
f 1991 2047 2119
f 2047 2220 2119
f 2220 2252 2421
f 2252 2318 2457
f 2318 2342 2381
f 2342 2415 2381
f 2415 2382 2510
f 2382 2420 2462
f 2420 2419 2460
f 2873 2742 2740
f 2740 2335 2800
f 2335 2312 2800
f 2312 2207 2206
f 2206 2280 2279
f 2279 2669 2667
f 2669 2873 2667
f 2419 2383 2418
f 2383 2347 2418
f 2347 2255 2384
f 2255 1895 2348
f 1895 1865 1893
f 1865 1859 1869
f 1859 1860 1871
f 1860 1823 1871
f 1823 1762 1747
f 1762 1782 1761
f 1782 1760 1761
f 1760 1756 1758
f 1756 1743 1742
f 1743 1745 1328
f 1745 1330 1328
f 1330 1406 1331
f 1331 1287 1253
f 1253 1251 1042
f 1251 1246 1191
f 1191 1193 1096
f 1193 1194 1096
f 1194 1196 1199
f 1199 1200 1203
f 1200 1036 1041
f 1036 1033 966
f 1033 963 964
f 963 841 964
f 841 1029 791
f 1029 911 791
f 911 976 849
f 976 1054 923
f 1054 1289 1361
f 1361 1524 1624
f 1624 1623 1822
f 1822 1820 1992
f 1992 1991 2119
f 2119 2220 2386
f 2220 2421 2386
f 2421 2252 2457
f 2457 2318 2455
f 2318 2381 2455
f 2381 2415 2455
f 2415 2510 2455
f 2510 2382 2462
f 2462 2420 2461
f 2420 2460 2461
f 2460 2419 2418
f 2873 2740 2871
f 2740 2800 2871
f 2800 2312 2372
f 2312 2206 2277
f 2206 2279 2185
f 2279 2667 2278
f 2667 2873 2871
f 2418 2347 2384
f 2384 2255 2349
f 2255 2348 2349
f 2348 1895 2346
f 1895 1893 2346
f 1893 1865 1892
f 1865 1869 1867
f 1869 1859 1870
f 1859 1871 1870
f 1871 1823 1897
f 1823 1747 1825
f 1747 1762 1761
f 1761 1760 1746
f 1760 1758 1746
f 1758 1756 1744
f 1756 1742 1744
f 1742 1743 1712
f 1743 1328 1323
f 1328 1330 1252
f 1330 1331 1252
f 1331 1253 1255
f 1253 1042 1051
f 1042 1251 1099
f 1251 1191 1099
f 1191 1096 1032
f 1096 1194 1097
f 1194 1199 1198
f 1199 1203 1198
f 1203 1200 1111
f 1200 1041 1111
f 1041 1036 971
f 1036 966 914
f 966 1033 964
f 964 841 842
f 841 791 842
f 791 911 849
f 849 976 923
f 923 1054 928
f 1054 1361 1130
f 1361 1624 1382
f 1624 1822 1824
f 1822 1992 1993
f 1992 2119 1993
f 2119 2386 2321
f 2386 2421 2690
f 2421 2457 2752
f 2457 2455 2610
f 2455 2510 2677
f 2510 2462 2614
f 2462 2461 2465
f 2461 2460 2458
f 2460 2418 2458
f 2871 2800 2933
f 2800 2372 2668
f 2372 2312 2373
f 2312 2277 2333
f 2277 2206 2185
f 2185 2279 2278
f 2278 2667 2739
f 2667 2871 2739
f 2418 2384 2422
f 2384 2349 2424
f 2349 2348 2423
f 2348 2346 2423
f 2346 1893 2341
f 1893 1892 1927
f 1892 1865 1894
f 1865 1867 1894
f 1867 1869 1896
f 1869 1870 1896
f 1870 1871 1897
f 1897 1823 1825
f 1825 1747 1748
f 1747 1761 1716
f 1761 1746 1716
f 1746 1758 1256
f 1758 1744 1288
f 1744 1742 1288
f 1742 1712 1711
f 1712 1743 1323
f 1323 1328 1322
f 1328 1252 1326
f 1252 1331 1255
f 1255 1253 1051
f 1051 1042 927
f 1042 1099 921
f 1099 1191 1032
f 1032 1096 1030
f 1096 1097 1030
f 1097 1194 1198
f 1198 1203 1201
f 1203 1111 1123
f 1111 1041 977
f 1041 971 920
f 971 1036 914
f 914 966 1034
f 966 964 907
f 964 842 907
f 842 791 793
f 791 849 793
f 849 923 855
f 923 928 985
f 928 1054 1130
f 1130 1361 1382
f 1382 1624 1718
f 1624 1824 1718
f 1824 1822 1993
f 1993 2119 2321
f 2321 2386 2635
f 2386 2690 2635
f 2690 2421 2752
f 2752 2457 2610
f 2610 2455 2810
f 2455 2677 2810
f 2677 2510 2614
f 2614 2462 2617
f 2462 2465 2617
f 2465 2461 2464
f 2461 2458 2459
f 2458 2418 2417
f 2871 2933 2739
f 2933 2800 2934
f 2800 2668 2803
f 2668 2372 2410
f 2372 2373 2410
f 2373 2312 2334
f 2312 2333 2334
f 2333 2277 2310
f 2277 2185 2243
f 2185 2278 2160
f 2278 2739 2244
f 2418 2422 2417
f 2422 2384 2424
f 2424 2349 2426
f 2349 2423 2426
f 2423 2346 2344
f 2346 2341 2340
f 2341 1893 1927
f 1927 1892 1926
f 1892 1894 2385
f 1894 1867 2385
f 1867 1896 2427
f 1896 1870 1931
f 1870 1897 1931
f 1897 1825 1898
f 1825 1748 1826
f 1748 1747 1525
f 1747 1716 1525
f 1716 1746 1291
f 1746 1256 1291
f 1256 1758 1290
f 1758 1288 1290
f 1288 1742 1326
f 1742 1711 1322
f 1711 1712 1678
f 1712 1323 1357
f 1323 1322 1356
f 1322 1328 1326
f 1326 1252 1288
f 1252 1255 1254
f 1255 1051 1056
f 1051 927 931
f 927 1042 921
f 921 1099 912
f 1099 1032 912
f 1032 1030 909
f 1030 1097 1031
f 1097 1198 1098
f 1198 1201 1098
f 1201 1203 1123
f 1123 1111 1053
f 1111 977 1053
f 977 1041 920
f 920 971 853
f 971 914 847
f 914 1034 969
f 1034 966 907
f 907 842 790
f 842 793 790
f 793 849 796
f 849 855 796
f 855 923 922
f 923 985 922
f 985 928 995
f 928 1130 995
f 1130 1382 1212
f 1382 1718 1409
f 1718 1824 1830
f 1824 1993 1933
f 1993 2321 2296
f 2321 2635 2545
f 2635 2690 2764
f 2690 2752 2818
f 2752 2610 2882
f 2610 2810 2882
f 2810 2677 2678
f 2677 2614 2678
f 2614 2617 2680
f 2617 2465 2622
f 2465 2464 2468
f 2464 2461 2459
f 2459 2458 2511
f 2458 2417 2456
f 2739 2933 2801
f 2933 2934 3056
f 2934 2800 2937
f 2800 2803 2872
f 2803 2668 2670
f 2668 2410 2670
f 2410 2373 2450
f 2373 2334 2374
f 2334 2333 2374
f 2333 2310 2311
f 2310 2277 2276
f 2277 2243 2276
f 2243 2185 2160
f 2160 2278 2244
f 2244 2739 2801
f 2417 2422 2456
f 2422 2424 2623
f 2424 2426 2632
f 2426 2423 2425
f 2423 2344 2385
f 2344 2346 2340
f 2340 2341 2316
f 2341 1927 2317
f 1927 1926 1970
f 1926 1892 2340
f 1892 2385 2344
f 2385 1867 2387
f 1867 2427 2387
f 2427 1896 2388
f 1896 1931 2388
f 1931 1897 2120
f 1897 1898 2120
f 1898 1825 1826
f 1826 1748 1749
f 1748 1525 1560
f 1525 1716 1502
f 1716 1291 1502
f 1291 1256 1257
f 1256 1290 1254
f 1290 1288 1254
f 1326 1742 1322
f 1322 1711 1677
f 1711 1678 1677
f 1678 1712 1357
f 1357 1323 1356
f 1356 1322 1677
f 1288 1252 1254
f 1254 1255 1257
f 1255 1056 1258
f 1056 1051 931
f 931 927 864
f 927 921 864
f 921 912 850
f 912 1032 909
f 909 1030 906
f 1030 1031 906
f 1031 1097 1098
f 1098 1201 1107
f 1201 1123 1208
f 1123 1053 1129
f 1053 977 984
f 977 920 922
f 920 853 854
f 853 971 847
f 847 914 852
f 914 969 852
f 969 1034 1100
f 1034 907 965
f 907 790 965
f 790 793 792
f 793 796 795
f 796 855 799
f 855 922 854
f 922 985 977
f 985 995 994
f 995 1130 1212
f 1212 1382 1409
f 1409 1718 1526
f 1718 1830 1717
f 1830 1824 1933
f 1933 1993 2296
f 2296 2321 2545
f 2545 2635 2769
f 2635 2764 2769
f 2764 2690 2818
f 2818 2752 2882
f 2882 2810 2811
f 2810 2678 2811
f 2678 2614 2680
f 2680 2617 2755
f 2617 2622 2685
f 2622 2465 2526
f 2465 2468 2526
f 2468 2464 2463
f 2464 2459 2463
f 2459 2511 2512
f 2511 2458 2456
f 2801 2933 3056
f 3056 2934 3026
f 2934 2937 3026
f 2937 2800 2872
f 2872 2803 2802
f 2803 2670 2741
f 2670 2410 2450
f 2450 2373 2374
f 2374 2333 2311
f 2311 2310 2275
f 2310 2276 2275
f 2276 2243 2275
f 2243 2160 2104
f 2160 2244 2104
f 2244 2801 2205
f 2456 2422 2514
f 2422 2623 2514
f 2623 2424 2632
f 2632 2426 2637
f 2426 2425 2428
f 2425 2423 2385
f 2344 2340 1892
f 2340 2316 1969
f 2316 2341 2317
f 2317 1927 1970
f 1970 1926 1969
f 1926 2340 1969
f 2385 2387 2425
f 2387 2427 2425
f 2427 2388 2428
f 2388 1931 2150
f 1931 2120 2150
f 2120 1898 2049
f 1898 1826 1899
f 1826 1749 1834
f 1749 1748 1560
f 1560 1525 1559
f 1525 1502 1559
f 1502 1291 1292
f 1291 1257 1292
f 1257 1256 1254
f 1677 1678 1357
f 1357 1356 1677
f 1257 1255 1258
f 1258 1056 1064
f 1056 931 1003
f 931 864 871
f 864 921 860
f 921 850 860
f 850 912 845
f 912 909 845
f 909 906 844
f 906 1031 908
f 1031 1098 967
f 1098 1107 967
f 1107 1201 1208
f 1208 1123 1129
f 1129 1053 1059
f 1053 984 1059
f 984 977 985
f 922 920 854
f 854 853 799
f 853 847 799
f 847 852 797
f 852 969 856
f 969 1100 973
f 1100 1034 965
f 965 790 843
f 790 792 843
f 792 793 795
f 795 796 799
f 799 855 854
f 985 994 984
f 994 995 1001
f 995 1212 1002
f 1212 1409 1260
f 1409 1526 1383
f 1526 1718 1717
f 1717 1830 1829
f 1830 1933 1932
f 1933 2296 2258
f 2296 2545 2477
f 2545 2769 2709
f 2769 2764 2699
f 2764 2818 2824
f 2818 2882 2884
f 2882 2811 2884
f 2811 2678 2748
f 2678 2680 2748
f 2680 2755 2615
f 2755 2617 2685
f 2685 2622 2761
f 2622 2526 2691
f 2526 2468 2538
f 2468 2463 2466
f 2463 2459 2512
f 2512 2511 2611
f 2511 2456 2613
f 2801 3056 2799
f 3056 3026 3087
f 3026 2937 2982
f 2937 2872 2802
f 2802 2803 2741
f 2741 2670 2450
f 2450 2374 2741
f 2374 2311 2375
f 2311 2275 2449
f 2275 2243 2104
f 2104 2244 2205
f 2205 2801 2799
f 2456 2514 2613
f 2514 2623 2762
f 2623 2632 2768
f 2632 2637 2772
f 2637 2426 2429
f 2426 2428 2429
f 2428 2425 2427
f 1969 2316 2317
f 2317 1970 1969
f 2428 2388 2389
f 2388 2150 2389
f 2150 2120 2048
f 2120 2049 2048
f 2049 1898 1899
f 1899 1826 1834
f 1834 1749 1763
f 1749 1560 1763
f 1560 1559 1682
f 1559 1502 1477
f 1502 1292 1463
f 1292 1257 1258
f 1258 1064 1259
f 1064 1056 1003
f 1003 931 871
f 871 864 986
f 864 860 924
f 860 850 924
f 850 845 797
f 845 909 844
f 844 906 846
f 906 908 846
f 908 1031 967
f 967 1107 972
f 1107 1208 1117
f 1208 1129 1209
f 1129 1059 1211
f 1059 984 994
f 799 847 795
f 847 797 795
f 797 852 856
f 856 969 973
f 973 1100 1044
f 1100 965 1035
f 965 843 913
f 843 792 794
f 792 795 794
f 994 1001 1063
f 1001 995 1002
f 1002 1212 1260
f 1260 1409 1383
f 1383 1526 1506
f 1526 1717 1574
f 1717 1829 1833
f 1829 1830 1932
f 1932 1933 2121
f 1933 2258 2121
f 2258 2296 2477
f 2477 2545 2709
f 2709 2769 2699
f 2699 2764 2763
f 2764 2824 2763
f 2824 2818 2887
f 2818 2884 2887
f 2884 2811 2881
f 2811 2748 2881
f 2748 2680 2615
f 2615 2755 2683
f 2755 2685 2816
f 2685 2761 2822
f 2761 2622 2691
f 2691 2526 2634
f 2526 2538 2634
f 2538 2468 2466
f 2466 2463 2513
f 2463 2512 2513
f 2512 2611 2612
f 2611 2511 2613
f 2799 3056 3087
f 3087 3026 2935
f 3026 2982 2935
f 2982 2937 2938
f 2937 2802 2938
f 2802 2741 2374
f 2374 2375 2939
f 2375 2311 2936
f 2311 2449 2981
f 2449 2275 2371
f 2275 2104 2371
f 2104 2205 2105
f 2205 2799 2204
f 2613 2514 2753
f 2514 2762 2753
f 2762 2623 2768
f 2768 2632 2772
f 2772 2637 2717
f 2637 2429 2645
f 2429 2428 2389
f 2389 2150 2195
f 2150 2048 2166
f 2048 2049 1974
f 2049 1899 1872
f 1899 1834 1872
f 1834 1763 1838
f 1763 1560 1681
f 1560 1682 1681
f 1682 1559 1503
f 1559 1477 1503
f 1477 1502 1463
f 1463 1292 1332
f 1292 1258 1259
f 1259 1064 1142
f 1064 1003 1010
f 1003 871 934
f 871 986 996
f 986 864 924
f 924 850 856
f 850 797 856
f 797 845 844
f 844 846 795
f 846 908 848
f 908 967 910
f 967 972 910
f 972 1107 1117
f 1117 1208 1209
f 1209 1129 1211
f 1211 1059 1063
f 1059 994 1063
f 795 797 794
f 795 797 844
f 856 973 924
f 973 1044 924
f 1044 1100 1108
f 1100 1035 1108
f 1035 965 913
f 913 843 794
f 1063 1001 1141
f 1001 1002 1070
f 1002 1260 1144
f 1260 1383 1261
f 1383 1506 1412
f 1506 1526 1574
f 1574 1717 1719
f 1717 1833 1719
f 1833 1829 1932
f 1932 2121 2063
f 2121 2258 2297
f 2258 2477 2431
f 2477 2709 2716
f 2709 2699 2708
f 2699 2763 2691
f 2763 2824 2823
f 2824 2887 2890
f 2887 2884 2886
f 2884 2881 2883
f 2881 2748 2679
f 2748 2615 2679
f 2615 2683 2515
f 2683 2755 2821
f 2755 2816 2821
f 2816 2685 2822
f 2822 2761 2823
f 2761 2691 2763
f 2691 2634 2698
f 2634 2538 2544
f 2538 2466 2473
f 2466 2513 2522
f 2513 2512 2612
f 2612 2611 2747
f 2611 2613 2750
f 2799 3087 3086
f 3087 2935 3024
f 2935 2982 2936
f 2982 2938 2983
f 2938 2802 2374
f 2374 2939 2938
f 2939 2375 2983
f 2375 2936 2983
f 2936 2311 2981
f 2981 2449 2932
f 2449 2371 2448
f 2371 2104 2158
f 2104 2105 2103
f 2105 2205 2204
f 2204 2799 2798
f 2613 2753 2750
f 2753 2762 2819
f 2762 2768 2833
f 2768 2772 2833
f 2772 2717 2840
f 2717 2637 2645
f 2645 2429 2430
f 2429 2389 2430
f 2389 2195 2350
f 2195 2150 2166
f 2166 2048 2151
f 2048 1974 2151
f 1974 2049 1973
f 2049 1872 1973
f 1872 1834 1838
f 1838 1763 1764
f 1763 1681 1764
f 1681 1682 1722
f 1682 1503 1564
f 1503 1477 1464
f 1477 1463 1407
f 1463 1332 1407
f 1332 1292 1293
f 1292 1259 1293
f 1259 1142 1293
f 1142 1064 1010
f 1010 1003 934
f 934 871 996
f 996 986 1055
f 986 924 1044
f 795 846 848
f 848 908 910
f 910 972 917
f 972 1117 980
f 1117 1209 1128
f 1209 1211 1210
f 1211 1063 1214
f 794 797 851
f 797 795 798
f 1044 1108 1055
f 1108 1035 1039
f 1035 913 918
f 913 794 851
f 1063 1141 1214
f 1141 1001 1070
f 1070 1002 1144
f 1144 1260 1261
f 1261 1383 1412
f 1412 1506 1505
f 1506 1574 1528
f 1574 1719 1568
f 1719 1833 1751
f 1833 1932 1934
f 1932 2063 1934
f 2063 2121 2154
f 2121 2297 2154
f 2297 2258 2431
f 2431 2477 2716
f 2716 2709 2715
f 2709 2708 2715
f 2708 2699 2698
f 2699 2691 2698
f 2763 2823 2761
f 2823 2824 2890
f 2890 2887 2886
f 2886 2884 2883
f 2883 2881 2812
f 2881 2679 2812
f 2679 2615 2515
f 2515 2683 2687
f 2683 2821 2825
f 2821 2816 2888
f 2816 2822 2890
f 2822 2823 2890
f 2698 2634 2640
f 2634 2544 2640
f 2544 2538 2473
f 2473 2466 2522
f 2522 2513 2681
f 2513 2612 2681
f 2612 2747 2749
f 2747 2611 2750
f 2799 3086 2798
f 3086 3087 3085
f 3087 3024 3085
f 3024 2935 3025
f 2935 2936 3025
f 2936 2982 2983
f 2983 2938 2939
f 2936 2981 3025
f 2981 2932 3025
f 2932 2449 2448
f 2448 2371 2409
f 2371 2158 2309
f 2158 2104 2103
f 2103 2105 2139
f 2105 2204 2139
f 2204 2798 2797
f 2750 2753 2814
f 2753 2819 2814
f 2819 2762 2829
f 2762 2833 2829
f 2833 2772 2840
f 2840 2717 2775
f 2717 2645 2724
f 2645 2430 2557
f 2430 2389 2390
f 2389 2350 2390
f 2350 2195 2256
f 2195 2166 2256
f 2166 2151 2196
f 2151 1974 2053
f 1974 1973 1937
f 1973 1872 1873
f 1872 1838 1873
f 1838 1764 1765
f 1764 1681 1721
f 1681 1722 1721
f 1722 1682 1632
f 1682 1564 1632
f 1564 1503 1478
f 1503 1464 1478
f 1464 1477 1435
f 1477 1407 1435
f 1407 1332 1410
f 1332 1293 1333
f 1293 1142 1147
f 1142 1010 1071
f 1010 934 936
f 934 996 1004
f 996 1055 1060
f 1055 986 1044
f 795 848 798
f 848 910 917
f 917 972 980
f 980 1117 1128
f 1128 1209 1210
f 1210 1211 1214
f 851 797 800
f 797 798 801
f 1055 1108 1118
f 1108 1039 1118
f 1039 1035 918
f 918 913 851
f 1214 1141 1146
f 1141 1070 1146
f 1070 1144 1150
f 1144 1261 1151
f 1261 1412 1296
f 1412 1505 1465
f 1505 1506 1528
f 1528 1574 1568
f 1568 1719 1563
f 1719 1751 1563
f 1751 1833 1832
f 1833 1934 1901
f 1934 2063 2057
f 2063 2154 2123
f 2154 2297 2261
f 2297 2431 2432
f 2431 2716 2559
f 2716 2715 2651
f 2715 2708 2644
f 2708 2698 2640
f 2890 2886 2816
f 2886 2883 2885
f 2883 2812 2885
f 2812 2679 2754
f 2679 2515 2616
f 2515 2687 2625
f 2687 2683 2825
f 2825 2821 2888
f 2888 2816 2886
f 2640 2544 2476
f 2544 2473 2474
f 2473 2522 2532
f 2522 2681 2686
f 2681 2612 2749
f 2749 2747 2815
f 2747 2750 2813
f 2798 3086 3055
f 3086 3085 3055
f 3085 3024 2979
f 3024 3025 2980
f 3025 2932 2980
f 2932 2448 2976
f 2448 2409 2447
f 2409 2371 2309
f 2309 2158 2272
f 2158 2103 2138
f 2103 2139 2138
f 2139 2204 2274
f 2204 2797 2274
f 2797 2798 3055
f 2750 2814 2813
f 2814 2819 2888
f 2819 2829 2765
f 2829 2833 2765
f 2833 2840 2700
f 2840 2775 2710
f 2775 2717 2724
f 2724 2645 2557
f 2557 2430 2390
f 2390 2350 2351
f 2350 2256 2259
f 2256 2166 2221
f 2166 2196 2221
f 2196 2151 2167
f 2151 2053 2167
f 2053 1974 2001
f 1974 1937 2001
f 1937 1973 1936
f 1973 1873 1936
f 1873 1838 1874
f 1838 1765 1840
f 1765 1764 1721
f 1721 1722 1724
f 1722 1632 1576
f 1632 1564 1569
f 1564 1478 1569
f 1478 1464 1436
f 1464 1435 1408
f 1435 1407 1408
f 1407 1410 1408
f 1410 1332 1333
f 1333 1293 1294
f 1293 1147 1294
f 1147 1142 1071
f 1071 1010 936
f 936 934 1004
f 1004 996 1060
f 1060 1055 1118
f 798 848 858
f 848 917 858
f 917 980 925
f 980 1128 993
f 1128 1210 1135
f 1210 1214 1213
f 851 800 804
f 800 797 801
f 801 798 802
f 1118 1039 1048
f 1039 918 926
f 918 851 859
f 1214 1146 1215
f 1146 1070 1150
f 1150 1144 1151
f 1151 1261 1296
f 1296 1412 1465
f 1465 1505 1529
f 1505 1528 1527
f 1528 1568 1573
f 1568 1563 1567
f 1563 1751 1628
f 1751 1832 1750
f 1832 1833 1901
f 1901 1934 2052
f 1934 2057 2052
f 2057 2063 2123
f 2123 2154 2153
f 2154 2261 2153
f 2261 2297 2432
f 2432 2431 2559
f 2559 2716 2651
f 2651 2715 2556
f 2715 2644 2556
f 2644 2708 2640
f 2886 2885 2888
f 2885 2812 2754
f 2754 2679 2616
f 2616 2515 2523
f 2515 2625 2523
f 2625 2687 2765
f 2687 2825 2765
f 2825 2888 2819
f 2888 2886 2885
f 2640 2476 2644
f 2476 2544 2474
f 2474 2473 2532
f 2532 2522 2686
f 2686 2681 2751
f 2681 2749 2751
f 2749 2815 2817
f 2815 2747 2813
f 3055 3085 3073
f 3085 2979 3072
f 2979 3024 2980
f 2980 2932 2976
f 2976 2448 2447
f 2447 2409 2309
f 2309 2272 2271
f 2272 2158 2138
f 2138 2139 2159
f 2139 2274 2159
f 2274 2797 2738
f 2797 3055 3073
f 2813 2814 2888
f 2819 2765 2825
f 2765 2833 2700
f 2700 2840 2710
f 2710 2775 2718
f 2775 2724 2777
f 2724 2557 2652
f 2557 2390 2562
f 2390 2351 2391
f 2351 2350 2259
f 2259 2256 2257
f 2256 2221 2257
f 2221 2196 2257
f 2196 2167 2222
f 2167 2053 2058
f 2053 2001 2058
f 2001 1937 2065
f 1937 1936 1939
f 1936 1873 1874
f 1874 1838 1840
f 1840 1765 1784
f 1765 1721 1724
f 1724 1722 1723
f 1722 1576 1582
f 1576 1632 1631
f 1632 1569 1631
f 1569 1478 1575
f 1478 1436 1411
f 1436 1464 1408
f 1408 1410 1436
f 1410 1333 1334
f 1333 1294 1334
f 1294 1147 1155
f 1147 1071 1155
f 1071 936 1012
f 936 1004 1008
f 1004 1060 1136
f 1060 1118 1126
f 798 858 802
f 858 917 925
f 925 980 993
f 993 1128 1135
f 1135 1210 1213
f 1213 1214 1215
f 851 804 859
f 804 800 806
f 800 801 803
f 801 802 916
f 1118 1048 1126
f 1048 1039 926
f 926 918 859
f 1215 1146 1217
f 1146 1150 1217
f 1150 1151 1154
f 1151 1296 1218
f 1296 1465 1335
f 1465 1529 1479
f 1529 1505 1527
f 1527 1528 1573
f 1573 1568 1567
f 1567 1563 1562
f 1563 1628 1562
f 1628 1751 1750
f 1750 1832 1828
f 1832 1901 1900
f 1901 2052 1997
f 2052 2057 2056
f 2057 2123 2062
f 2123 2153 2122
f 2153 2261 2197
f 2261 2432 2393
f 2432 2559 2566
f 2559 2651 2565
f 2651 2556 2561
f 2556 2644 2479
f 2886 2888 2889
f 2888 2885 2820
f 2885 2754 2820
f 2754 2616 2759
f 2616 2523 2620
f 2523 2625 2636
f 2625 2765 2700
f 2885 2886 2813
f 2644 2476 2479
f 2476 2474 2475
f 2474 2532 2543
f 2532 2686 2694
f 2686 2751 2758
f 2751 2749 2817
f 2817 2815 2886
f 2815 2813 2886
f 3073 3085 3072
f 3072 2979 3054
f 2979 2980 3023
f 2980 2976 3023
f 2976 2447 2975
f 2447 2309 2446
f 2309 2271 2308
f 2271 2272 2242
f 2272 2138 2242
f 2138 2159 2242
f 2159 2274 2332
f 2274 2738 2332
f 2738 2797 3073
f 2813 2888 2885
f 2700 2710 2636
f 2710 2718 2641
f 2718 2775 2777
f 2777 2724 2652
f 2652 2557 2562
f 2562 2390 2391
f 2391 2351 2352
f 2351 2259 2352
f 2259 2257 2222
f 2257 2196 2222
f 2222 2167 2260
f 2167 2058 2064
f 2058 2001 2000
f 2001 2065 2000
f 2065 1937 2071
f 1937 1939 1938
f 1939 1936 1874
f 1874 1840 1861
f 1840 1784 1843
f 1784 1765 1754
f 1765 1724 1754
f 1724 1723 1754
f 1723 1722 1582
f 1582 1576 1639
f 1576 1631 1639
f 1631 1569 1575
f 1575 1478 1411
f 1411 1436 1410
f 1410 1334 1411
f 1334 1294 1295
f 1294 1155 1295
f 1155 1071 1077
f 1071 1012 1077
f 1012 936 1008
f 1008 1004 1136
f 1136 1060 1126
f 802 858 857
f 858 925 863
f 925 993 930
f 993 1135 1000
f 1135 1213 1140
f 1213 1215 1140
f 859 804 808
f 804 806 809
f 806 800 803
f 803 801 805
f 801 916 915
f 916 802 857
f 1126 1048 1057
f 1048 926 991
f 926 859 861
f 1215 1217 1216
f 1217 1150 1154
f 1154 1151 1218
f 1218 1296 1335
f 1335 1465 1479
f 1479 1529 1579
f 1529 1527 1580
f 1527 1573 1572
f 1573 1567 1572
f 1567 1562 1566
f 1562 1628 1828
f 1628 1750 1828
f 1828 1832 1900
f 1900 1901 1997
f 1997 2052 2051
f 2052 2056 2051
f 2056 2057 2062
f 2062 2123 2122
f 2122 2153 2124
f 2153 2197 2124
f 2197 2261 2393
f 2393 2432 2566
f 2566 2559 2565
f 2565 2651 2561
f 2561 2556 2479
f 2886 2889 2817
f 2889 2888 2892
f 2888 2820 2891
f 2820 2754 2759
f 2759 2616 2620
f 2620 2523 2533
f 2523 2636 2533
f 2636 2625 2700
f 2479 2476 2475
f 2475 2474 2543
f 2543 2532 2694
f 2694 2686 2758
f 2758 2751 2817
f 3073 3072 2978
f 3072 3054 2931
f 3054 2979 3023
f 3023 2976 2975
f 2975 2447 2446
f 2446 2309 2306
f 2309 2308 2305
f 2308 2271 2331
f 2271 2242 2331
f 2242 2159 2273
f 2159 2332 2273
f 2332 2738 2737
f 2738 3073 2978
f 2636 2710 2641
f 2641 2718 2551
f 2718 2777 2722
f 2777 2652 2726
f 2652 2562 2570
f 2562 2391 2570
f 2391 2352 2392
f 2352 2259 2260
f 2259 2222 2260
f 2260 2167 2064
f 2064 2058 2000
f 2000 2065 2008
f 2065 2071 2008
f 2071 1937 1938
f 1938 1939 1904
f 1939 1874 1904
f 1874 1861 1904
f 1861 1840 1843
f 1843 1784 1767
f 1784 1754 1767
f 1754 1723 1725
f 1723 1582 1642
f 1582 1639 1641
f 1639 1631 1636
f 1631 1575 1636
f 1575 1411 1437
f 1411 1334 1437
f 1334 1295 1336
f 1295 1155 1166
f 1155 1077 1167
f 1077 1012 1078
f 1012 1008 1072
f 1008 1136 1139
f 1136 1126 1132
f 857 858 863
f 863 925 930
f 930 993 1000
f 1000 1135 1140
f 1140 1215 1216
f 859 808 861
f 808 804 809
f 809 806 810
f 806 803 805
f 805 801 915
f 915 916 968
f 916 857 975
f 1126 1057 1132
f 1057 1048 991
f 991 926 861
f 1216 1217 1149
f 1217 1154 1149
f 1154 1218 1159
f 1218 1335 1219
f 1335 1479 1362
f 1479 1579 1504
f 1579 1529 1580
f 1580 1527 1572
f 1572 1567 1566
f 1566 1562 1561
f 1562 1828 1827
f 1828 1900 1997
f 1997 2051 1828
f 2051 2056 2055
f 2056 2062 2061
f 2062 2122 2061
f 2122 2124 2069
f 2124 2197 2168
f 2197 2393 2353
f 2393 2566 2483
f 2566 2565 2569
f 2565 2561 2482
f 2561 2479 2480
f 2817 2889 2827
f 2889 2892 2893
f 2892 2888 2891
f 2891 2820 2895
f 2820 2759 2828
f 2759 2620 2767
f 2620 2533 2629
f 2533 2636 2641
f 2479 2475 2478
f 2475 2543 2550
f 2543 2694 2707
f 2694 2758 2766
f 2758 2817 2827
f 2978 3072 2977
f 3072 2931 2977
f 2931 3054 3022
f 3054 3023 3022
f 3023 2975 3052
f 2975 2446 2928
f 2446 2306 2503
f 2306 2309 2305
f 2305 2308 2304
f 2308 2331 2330
f 2331 2242 2273
f 2273 2332 2370
f 2332 2737 2370
f 2737 2738 2978
f 2641 2551 2541
f 2551 2718 2722
f 2722 2777 2726
f 2726 2652 2658
f 2652 2570 2658
f 2570 2391 2392
f 2392 2352 2354
f 2352 2260 2223
f 2260 2064 2223
f 2064 2000 2005
f 2000 2008 2005
f 2008 2071 2010
f 2071 1938 2011
f 1938 1904 1940
f 1904 1861 1876
f 1861 1843 1876
f 1843 1767 1768
f 1767 1754 1727
f 1754 1725 1727
f 1725 1723 1642
f 1642 1582 1641
f 1641 1639 1640
f 1639 1636 1638
f 1636 1575 1581
f 1575 1437 1581
f 1437 1334 1336
f 1336 1295 1297
f 1295 1166 1297
f 1166 1155 1167
f 1167 1077 1078
f 1078 1012 1072
f 1072 1008 1139
f 1139 1136 1132
f 857 863 862
f 863 930 868
f 930 1000 933
f 1000 1140 1068
f 1140 1216 1068
f 861 808 866
f 808 809 866
f 809 810 867
f 810 806 807
f 806 805 807
f 805 915 919
f 915 968 970
f 968 916 975
f 975 857 862
f 1132 1057 1061
f 1057 991 998
f 991 861 929
f 1216 1149 1068
f 1149 1154 1076
f 1154 1159 1076
f 1159 1218 1219
f 1219 1335 1362
f 1362 1479 1504
f 1504 1579 1635
f 1579 1580 1570
f 1580 1572 1571
f 1572 1566 1571
f 1566 1561 1630
f 1561 1562 1827
f 1827 1828 2051
f 2051 2055 2050
f 2055 2056 2061
f 2061 2122 2069
f 2069 2124 2068
f 2124 2168 2068
f 2168 2197 2353
f 2353 2393 2483
f 2483 2566 2569
f 2569 2565 2482
f 2482 2561 2480
f 2480 2479 2478
f 2827 2889 2893
f 2893 2892 2757
f 2892 2891 2894
f 2891 2895 2897
f 2895 2820 2828
f 2828 2759 2767
f 2767 2620 2629
f 2629 2533 2541
f 2533 2641 2541
f 2478 2475 2550
f 2550 2543 2707
f 2707 2694 2766
f 2766 2758 2827
f 2978 2977 2870
f 2977 2931 2930
f 2931 3022 2930
f 3022 3023 3052
f 3052 2975 3020
f 2975 2928 3020
f 2928 2446 2503
f 2503 2306 2445
f 2306 2305 2241
f 2305 2304 2270
f 2304 2308 2307
f 2308 2330 2307
f 2330 2331 2796
f 2331 2273 2370
f 2370 2737 2331
f 2737 2978 2796
f 2541 2551 2547
f 2551 2722 2554
f 2722 2726 2653
f 2726 2658 2659
f 2658 2570 2582
f 2570 2392 2581
f 2392 2354 2394
f 2354 2352 2223
f 2223 2064 2070
f 2064 2005 2070
f 2005 2008 2007
f 2008 2010 2009
f 2010 2071 2011
f 2011 1938 1940
f 1940 1904 1942
f 1904 1876 1942
f 1876 1843 1877
f 1843 1768 1844
f 1768 1767 1689
f 1767 1727 1689
f 1727 1725 1726
f 1725 1642 1648
f 1642 1641 1686
f 1641 1640 1645
f 1640 1639 1638
f 1638 1636 1581
f 1581 1437 1583
f 1437 1336 1438
f 1336 1297 1337
f 1297 1166 1173
f 1166 1167 1174
f 1167 1078 1085
f 1078 1072 1152
f 1072 1139 1145
f 1139 1132 1137
f 862 863 868
f 868 930 933
f 933 1000 1068
f 861 866 929
f 866 809 867
f 867 810 869
f 810 807 978
f 807 805 919
f 919 915 970
f 970 968 1103
f 968 975 1038
f 975 862 979
f 1132 1061 1137
f 1061 1057 998
f 998 991 929
f 1068 1149 940
f 1149 1076 940
f 1076 1159 1080
f 1159 1219 1158
f 1219 1362 1222
f 1362 1504 1384
f 1504 1635 1578
f 1635 1579 1570
f 1570 1580 1571
f 1571 1566 1630
f 1630 1561 1627
f 1561 1827 1627
f 1827 2051 2050
f 2050 2055 1999
f 2055 2061 2060
f 2061 2069 2060
f 2069 2068 2059
f 2068 2168 2152
f 2168 2353 2322
f 2353 2483 2484
f 2483 2569 2574
f 2569 2482 2564
f 2482 2480 2481
f 2480 2478 2555
f 2827 2893 2826
f 2893 2757 2826
f 2757 2892 2756
f 2892 2894 2896
f 2894 2891 2897
f 2897 2895 2900
f 2895 2828 2899
f 2828 2767 2830
f 2767 2629 2705
f 2629 2541 2638
f 2478 2550 2555
f 2550 2707 2714
f 2707 2766 2771
f 2766 2827 2832
f 2978 2870 2796
f 2870 2977 2930
f 2930 3022 2929
f 3022 3052 3051
f 3052 3020 3019
f 3020 2928 2927
f 2928 2503 2927
f 2503 2445 2927
f 2445 2306 2329
f 2306 2241 2269
f 2241 2305 2270
f 2270 2304 2268
f 2304 2307 2795
f 2307 2330 2795
f 2330 2796 2736
f 2796 2331 2737
f 2541 2547 2638
f 2547 2551 2554
f 2554 2722 2653
f 2653 2726 2659
f 2659 2658 2582
f 2582 2570 2581
f 2581 2392 2394
f 2394 2354 2355
f 2354 2223 2224
f 2223 2070 2072
f 2070 2005 2007
f 2007 2008 2009
f 2009 2010 2014
f 2010 2011 1978
f 2011 1940 2017
f 1940 1942 1941
f 1942 1876 1981
f 1876 1877 1981
f 1877 1843 1844
f 1844 1768 1769
f 1768 1689 1653
f 1689 1727 1726
f 1726 1725 1648
f 1648 1642 1686
f 1686 1641 1645
f 1645 1640 1585
f 1640 1638 1583
f 1638 1581 1583
f 1583 1437 1438
f 1438 1336 1337
f 1337 1297 1298
f 1297 1173 1298
f 1173 1166 1174
f 1174 1167 1085
f 1085 1078 1152
f 1152 1072 1074
f 1072 1145 1148
f 1145 1139 1137
f 862 868 865
f 868 933 875
f 933 1068 940
f 929 866 932
f 866 867 932
f 867 869 872
f 869 810 981
f 810 978 981
f 978 807 919
f 919 970 974
f 970 1103 1101
f 1103 968 1038
f 1038 975 979
f 979 862 865
f 1137 1061 1065
f 1061 998 1006
f 998 929 932
f 940 1076 883
f 1076 1080 883
f 1080 1159 1158
f 1158 1219 1222
f 1222 1362 1384
f 1384 1504 1531
f 1504 1578 1531
f 1578 1635 1634
f 1635 1570 1629
f 1570 1571 1565
f 1571 1630 1565
f 1630 1627 1626
f 1627 1827 1626
f 1827 2050 1996
f 2050 1999 1996
f 1999 2055 2060
f 2060 2069 2059
f 2059 2068 2004
f 2068 2152 2004
f 2152 2168 2322
f 2322 2353 2484
f 2484 2483 2574
f 2574 2569 2657
f 2569 2564 2657
f 2564 2482 2481
f 2481 2480 2555
f 2827 2826 2832
f 2826 2757 2689
f 2757 2756 2682
f 2756 2892 2896
f 2896 2894 2897
f 2897 2900 2901
f 2900 2895 2899
f 2899 2828 2830
f 2830 2767 2705
f 2705 2629 2638
f 2555 2550 2714
f 2714 2707 2771
f 2771 2766 2832
f 2796 2870 2736
f 2870 2930 2929
f 2929 3022 2869
f 3022 3051 3021
f 3051 3052 3019
f 3019 3020 3018
f 3020 2927 2925
f 2927 2445 2925
f 2445 2329 2501
f 2329 2306 2269
f 2269 2241 2203
f 2241 2270 2203
f 2270 2268 2203
f 2268 2304 2267
f 2304 2795 2794
f 2795 2330 2736
f 2638 2547 2642
f 2547 2554 2552
f 2554 2653 2560
f 2653 2659 2567
f 2659 2582 2666
f 2582 2581 2589
f 2581 2394 2588
f 2394 2355 2395
f 2355 2354 2224
f 2224 2223 2072
f 2072 2070 2007
f 2007 2009 2072
f 2009 2014 2074
f 2014 2010 1978
f 1978 2011 2017
f 2017 1940 1941
f 1941 1942 1981
f 1981 1877 2022
f 1877 1844 1878
f 1844 1769 1845
f 1769 1768 1653
f 1653 1689 1591
f 1689 1726 1591
f 1726 1648 1588
f 1648 1686 1650
f 1686 1645 1687
f 1645 1585 1687
f 1585 1640 1583
f 1583 1438 1585
f 1438 1337 1440
f 1337 1298 1339
f 1298 1173 1176
f 1173 1174 1177
f 1174 1085 1175
f 1085 1152 1168
f 1152 1074 1079
f 1074 1072 1148
f 1148 1145 1143
f 1145 1137 1143
f 865 868 758
f 868 875 762
f 875 933 940
f 932 867 872
f 872 869 873
f 869 981 992
f 981 978 1045
f 978 919 974
f 974 970 1101
f 1103 970 1037
f 1103 1038 1106
f 1038 979 1113
f 979 865 990
f 1137 1065 1143
f 1065 1061 1006
f 1006 998 932
f 940 883 875
f 883 1080 816
f 1080 1158 1162
f 1158 1222 1162
f 1222 1384 1221
f 1384 1531 1414
f 1531 1578 1577
f 1578 1634 1577
f 1634 1635 1629
f 1629 1570 1565
f 1565 1630 1626
f 1626 1827 1831
f 1827 1996 1995
f 1996 1999 1995
f 1999 2060 2054
f 2060 2059 2054
f 2059 2004 1998
f 2004 2152 2067
f 2152 2322 2298
f 2322 2484 2487
f 2484 2574 2573
f 2574 2657 2661
f 2657 2564 2781
f 2564 2481 2649
f 2481 2555 2649
f 2832 2826 2831
f 2826 2689 2831
f 2689 2757 2682
f 2682 2756 2684
f 2756 2896 2760
f 2896 2897 2898
f 2897 2901 2898
f 2901 2900 2836
f 2900 2899 2835
f 2899 2830 2835
f 2830 2705 2770
f 2705 2638 2712
f 2555 2714 2649
f 2714 2771 2774
f 2771 2832 2837
f 2736 2870 2929
f 2929 2869 2795
f 2869 3022 3021
f 3021 3051 3071
f 3051 3019 2972
f 3019 3018 2972
f 3018 3020 2925
f 2925 2445 2501
f 2501 2329 2369
f 2329 2269 2239
f 2269 2203 2239
f 2203 2268 2240
f 2268 2267 2240
f 2267 2304 2601
f 2304 2794 2601
f 2794 2795 2869
f 2795 2736 2929
f 2638 2642 2712
f 2642 2547 2552
f 2552 2554 2560
f 2560 2653 2563
f 2653 2567 2655
f 2567 2659 2666
f 2666 2582 2589
f 2589 2581 2588
f 2588 2394 2395
f 2395 2355 2357
f 2355 2224 2226
f 2224 2072 2074
f 2072 2009 2074
f 2074 2014 1979
f 2014 1978 1979
f 1978 2017 2019
f 2017 1941 2077
f 1941 1981 2080
f 1981 2022 2080
f 2022 1877 1878
f 1878 1844 1845
f 1845 1769 1848
f 1769 1653 1729
f 1653 1591 1508
f 1591 1726 1588
f 1588 1648 1650
f 1650 1686 1687
f 1687 1585 1652
f 1585 1438 1440
f 1440 1337 1339
f 1339 1298 1302
f 1298 1176 1302
f 1176 1173 1177
f 1177 1174 1175
f 1175 1085 1168
f 1168 1152 1079
f 1079 1074 1153
f 1074 1148 1153
f 1148 1143 1073
f 865 758 813
f 758 868 762
f 762 875 883
f 932 872 935
f 872 873 876
f 873 869 992
f 992 981 1052
f 981 1045 1052
f 1045 978 974
f 974 1101 1104
f 970 974 1037
f 1106 1038 1113
f 1113 979 990
f 990 865 983
f 1143 1065 1069
f 1065 1006 1069
f 1006 932 935
f 883 816 762
f 816 1080 943
f 1080 1162 1157
f 1162 1222 1221
f 1221 1384 1414
f 1414 1531 1413
f 1531 1577 1530
f 1577 1634 1633
f 1634 1629 1625
f 1629 1565 1626
f 1626 1831 1835
f 1831 1827 1995
f 1995 1999 2054
f 2054 2059 1998
f 1998 2004 2003
f 2004 2067 2003
f 2067 2152 2126
f 2152 2298 2126
f 2298 2322 2487
f 2487 2484 2573
f 2573 2574 2661
f 2661 2657 2852
f 2657 2781 2852
f 2781 2564 2649
f 2832 2831 2837
f 2831 2689 2693
f 2689 2682 2619
f 2682 2684 2518
f 2684 2756 2760
f 2760 2896 2898
f 2898 2901 2692
f 2901 2836 2838
f 2836 2900 2835
f 2835 2830 2770
f 2770 2705 2712
f 2649 2714 2774
f 2774 2771 2837
f 2869 3021 2974
f 3021 3071 3053
f 3071 3051 3084
f 3051 2972 3084
f 2972 3018 3070
f 3018 2925 3049
f 2925 2501 2926
f 2501 2369 2502
f 2369 2329 2303
f 2329 2239 2303
f 2239 2203 2238
f 2203 2240 2237
f 2240 2267 2237
f 2267 2601 2265
f 2601 2794 2867
f 2794 2869 2868
f 2712 2642 2720
f 2642 2552 2646
f 2552 2560 2558
f 2560 2563 2558
f 2563 2653 2655
f 2655 2567 2660
f 2567 2666 2583
f 2666 2589 2590
f 2589 2588 2592
f 2588 2395 2591
f 2395 2357 2399
f 2357 2355 2226
f 2226 2224 2074
f 2074 1979 2021
f 1979 1978 2019
f 2019 2017 2077
f 2077 1941 2080
f 2080 2022 2156
f 2022 1878 1944
f 1878 1845 1848
f 1848 1769 1772
f 1769 1729 1772
f 1729 1653 1596
f 1653 1508 1535
f 1508 1591 1588
f 1588 1650 1590
f 1650 1687 1652
f 1652 1585 1589
f 1585 1440 1589
f 1440 1339 1444
f 1339 1302 1341
f 1302 1176 1179
f 1176 1177 1179
f 1177 1175 1178
f 1175 1168 1226
f 1168 1079 1163
f 1079 1153 1156
f 1153 1148 1073
f 1073 1143 1069
f 865 813 983
f 813 758 714
f 758 762 721
f 935 872 876
f 876 873 877
f 873 992 999
f 992 1052 1058
f 1052 1045 1112
f 1045 974 1104
f 1104 1101 1105
f 1037 974 1040
f 1106 1113 1202
f 1113 990 1125
f 990 983 1122
f 1069 1006 1011
f 1006 935 1011
f 762 816 766
f 816 943 885
f 943 1080 1157
f 1157 1162 1161
f 1162 1221 1161
f 1221 1414 1263
f 1414 1413 1262
f 1413 1531 1507
f 1531 1530 1507
f 1530 1577 1637
f 1577 1633 1637
f 1633 1634 1625
f 1625 1629 1626
f 1626 1835 1720
f 1835 1831 1995
f 1995 2054 1998
f 1998 2003 1994
f 2003 2067 2066
f 2067 2126 2066
f 2126 2298 2263
f 2298 2487 2486
f 2487 2573 2577
f 2573 2661 2577
f 2661 2852 2907
f 2852 2781 2844
f 2781 2649 2774
f 2837 2831 2834
f 2831 2693 2834
f 2693 2689 2619
f 2619 2682 2518
f 2518 2684 2618
f 2684 2760 2688
f 2760 2898 2692
f 2692 2901 2695
f 2901 2838 2695
f 2838 2836 2841
f 2836 2835 2773
f 2835 2770 2773
f 2770 2712 2773
f 2774 2837 2844
f 2869 2974 2973
f 2974 3021 3053
f 3053 3071 3017
f 3071 3084 3017
f 3084 2972 2971
f 2972 3070 2971
f 3070 3018 3083
f 3018 3049 3083
f 3049 2925 2926
f 2926 2501 2502
f 2502 2369 2328
f 2369 2303 2302
f 2303 2239 2238
f 2238 2203 2266
f 2203 2237 2266
f 2237 2267 2265
f 2265 2601 2202
f 2601 2867 2443
f 2867 2794 2868
f 2868 2869 2973
f 2712 2720 2773
f 2720 2642 2646
f 2646 2552 2558
f 2558 2563 2654
f 2563 2655 2568
f 2655 2660 2568
f 2660 2567 2583
f 2583 2666 2590
f 2590 2589 2592
f 2592 2588 2591
f 2591 2395 2399
f 2399 2357 2359
f 2357 2226 2230
f 2226 2074 2078
f 2074 2021 2078
f 2021 1979 2019
f 2019 2077 2079
f 2077 2080 2156
f 2156 2022 2130
f 2022 1944 2085
f 1944 1878 1881
f 1878 1848 1881
f 1848 1772 1774
f 1772 1729 1731
f 1729 1596 1656
f 1596 1653 1535
f 1535 1508 1441
f 1508 1588 1590
f 1590 1650 1655
f 1650 1652 1655
f 1652 1589 1654
f 1589 1440 1444
f 1444 1339 1341
f 1341 1302 1304
f 1302 1179 1304
f 1179 1177 1180
f 1177 1178 1181
f 1178 1175 1226
f 1226 1168 1224
f 1168 1163 1171
f 1163 1079 1156
f 1156 1153 1014
f 1153 1073 1075
f 1073 1069 1013
f 983 813 989
f 813 714 712
f 714 758 721
f 721 762 766
f 935 876 939
f 876 877 881
f 877 873 999
f 999 992 1058
f 1058 1052 1119
f 1052 1112 1119
f 1112 1045 1104
f 1104 974 1112
f 974 1045 1040
f 1104 1105 1109
f 1105 1101 1102
f 1202 1113 1125
f 1125 990 1122
f 1122 983 989
f 1069 1011 1013
f 1011 935 939
f 766 816 885
f 885 943 944
f 943 1157 944
f 1157 1161 1160
f 1161 1221 1263
f 1263 1414 1262
f 1262 1413 1264
f 1413 1507 1439
f 1507 1530 1532
f 1530 1637 1643
f 1637 1633 1684
f 1633 1625 1683
f 1625 1626 1720
f 1720 1835 1752
f 1835 1995 1935
f 1995 1998 1994
f 1994 2003 2002
f 2003 2066 2002
f 2066 2126 2125
f 2126 2263 2262
f 2263 2298 2486
f 2486 2487 2577
f 2577 2661 2572
f 2661 2907 2784
f 2907 2852 2952
f 2852 2844 2952
f 2844 2781 2774
f 2837 2834 2948
f 2834 2693 2704
f 2693 2619 2528
f 2619 2518 2521
f 2618 2684 2688
f 2684 2518 2516
f 2688 2760 2692
f 2692 2695 2626
f 2695 2838 2706
f 2838 2841 2842
f 2841 2836 2773
f 2844 2837 2952
f 2973 2974 3017
f 2974 3053 3017
f 3017 3084 3069
f 3084 2971 3069
f 2971 3070 3013
f 3070 3083 3097
f 3083 3049 3106
f 3049 2926 3050
f 2926 2502 3050
f 2502 2328 2444
f 2328 2369 2368
f 2369 2302 2368
f 2302 2303 2266
f 2303 2238 2266
f 2266 2237 2302
f 2237 2265 2302
f 2265 2202 2182
f 2202 2601 2443
f 2443 2867 2793
f 2867 2868 2973
f 2773 2720 2776
f 2720 2646 2650
f 2646 2558 2650
f 2558 2654 2650
f 2654 2563 2568
f 2568 2660 2571
f 2660 2583 2578
f 2583 2590 2491
f 2590 2592 2593
f 2592 2591 2594
f 2591 2399 2594
f 2399 2359 2401
f 2359 2357 2230
f 2230 2226 2078
f 2078 2021 2023
f 2021 2019 2024
f 2019 2079 2024
f 2079 2077 2156
f 2156 2130 2227
f 2130 2022 2085
f 2085 1944 2025
f 1944 1881 1946
f 1881 1848 1883
f 1848 1774 1851
f 1774 1772 1731
f 1731 1729 1656
f 1656 1596 1537
f 1596 1535 1481
f 1535 1441 1481
f 1441 1508 1468
f 1508 1590 1468
f 1590 1655 1595
f 1655 1652 1654
f 1654 1589 1594
f 1589 1444 1594
f 1444 1341 1446
f 1341 1304 1306
f 1304 1179 1306
f 1179 1180 1182
f 1180 1177 1181
f 1181 1178 1305
f 1178 1226 1303
f 1226 1224 1227
f 1224 1168 1171
f 1171 1163 1164
f 1163 1156 1164
f 1156 1014 1082
f 1014 1153 1075
f 1075 1073 1013
f 989 813 811
f 813 712 811
f 712 714 684
f 714 721 688
f 721 766 723
f 939 876 881
f 881 877 879
f 877 999 1007
f 999 1058 1062
f 1058 1119 1127
f 1119 1112 1114
f 1112 1104 1109
f 1045 1112 1040
f 1109 1105 1043
f 1105 1102 1110
f 1202 1125 1207
f 1125 1122 1206
f 1122 989 1121
f 1013 1011 941
f 1011 939 941
f 766 885 822
f 885 944 886
f 944 1157 1015
f 1157 1160 1015
f 1160 1161 1220
f 1161 1263 1220
f 1263 1262 1220
f 1262 1264 1223
f 1264 1413 1439
f 1439 1507 1532
f 1532 1530 1643
f 1643 1637 1684
f 1684 1633 1683
f 1683 1625 1720
f 1720 1752 1683
f 1752 1835 1836
f 1835 1935 1902
f 1935 1995 1994
f 1994 2002 1975
f 2002 2066 2006
f 2066 2125 2006
f 2125 2126 2155
f 2126 2262 2155
f 2262 2263 2433
f 2263 2486 2434
f 2486 2577 2576
f 2577 2572 2576
f 2572 2661 2784
f 2784 2907 2854
f 2907 2952 2956
f 2837 2948 2952
f 2948 2834 2904
f 2834 2704 2697
f 2704 2693 2528
f 2528 2619 2521
f 2618 2688 2621
f 2688 2684 2516
f 2688 2692 2626
f 2626 2695 2633
f 2695 2706 2633
f 2706 2838 2842
f 2842 2841 2845
f 2841 2773 2776
f 2973 3017 2867
f 3017 3069 3048
f 3069 2971 3013
f 3013 3070 3045
f 3070 3097 3066
f 3097 3083 3153
f 3083 3106 3153
f 3106 3049 3050
f 3050 2502 2444
f 2444 2328 2327
f 2328 2368 2327
f 2368 2302 2301
f 2302 2265 2236
f 2265 2182 2236
f 2182 2202 2184
f 2202 2443 2408
f 2443 2793 2408
f 2793 2867 2970
f 2776 2720 2725
f 2720 2650 2725
f 2650 2654 2727
f 2654 2568 2656
f 2568 2571 2728
f 2571 2660 2578
f 2578 2583 2586
f 2583 2491 2489
f 2491 2590 2593
f 2593 2592 2596
f 2592 2594 2595
f 2594 2399 2401
f 2401 2359 2403
f 2359 2230 2232
f 2230 2078 2083
f 2078 2023 2083
f 2023 2021 2024
f 2024 2079 2084
f 2079 2156 2200
f 2156 2227 2200
f 2227 2130 2170
f 2130 2085 2170
f 2085 2025 2132
f 2025 1944 1946
f 1946 1881 1883
f 1883 1848 1851
f 1851 1774 1777
f 1774 1731 1733
f 1731 1656 1657
f 1656 1537 1597
f 1537 1596 1481
f 1481 1441 1442
f 1441 1468 1385
f 1468 1590 1443
f 1590 1595 1443
f 1595 1655 1601
f 1655 1654 1601
f 1654 1594 1600
f 1594 1444 1446
f 1446 1341 1343
f 1341 1306 1343
f 1306 1179 1182
f 1182 1180 1183
f 1180 1181 1183
f 1181 1305 1183
f 1305 1178 1303
f 1303 1226 1299
f 1226 1227 1299
f 1227 1224 1171
f 1171 1164 1172
f 1164 1156 1082
f 1082 1014 945
f 1014 1075 942
f 1075 1013 942
f 989 811 988
f 811 712 812
f 712 684 713
f 684 714 688
f 688 721 723
f 723 766 822
f 939 881 941
f 881 879 884
f 879 877 1007
f 1007 999 1062
f 1062 1058 1127
f 1127 1119 1124
f 1119 1114 1124
f 1114 1112 1109
f 1109 1043 1046
f 1043 1105 1047
f 1105 1110 1047
f 1110 1102 1106
f 1207 1125 1206
f 1206 1122 1121
f 1121 989 1120
f 1013 941 942
f 822 885 886
f 886 944 890
f 944 1015 946
f 1015 1160 1081
f 1160 1220 1165
f 1220 1262 1223
f 1223 1264 1225
f 1264 1439 1265
f 1439 1532 1466
f 1532 1643 1646
f 1643 1684 1646
f 1684 1683 1685
f 1683 1752 1685
f 1752 1836 1837
f 1836 1835 1902
f 1902 1935 1975
f 1935 1994 1975
f 1975 2002 1976
f 2002 2006 1976
f 2006 2125 2012
f 2125 2155 2127
f 2155 2262 2225
f 2262 2433 2435
f 2433 2263 2434
f 2434 2486 2576
f 2576 2572 2575
f 2572 2784 2785
f 2784 2854 2785
f 2854 2907 2956
f 2956 2952 2998
f 2952 2948 2998
f 2948 2904 2991
f 2904 2834 2697
f 2697 2704 2537
f 2704 2528 2540
f 2528 2521 2467
f 2621 2688 2626
f 2688 2516 2519
f 2626 2633 2527
f 2633 2706 2639
f 2706 2842 2713
f 2842 2845 2846
f 2845 2841 2776
f 2867 3017 3015
f 3017 3048 3015
f 3048 3069 3082
f 3069 3013 3082
f 3013 3045 3012
f 3045 3070 3066
f 3066 3097 3153
f 3153 3106 3154
f 3106 3050 3117
f 3050 2444 3098
f 2444 2327 2407
f 2327 2368 2363
f 2368 2301 2326
f 2301 2302 2236
f 2236 2182 2157
f 2182 2184 2183
f 2184 2202 2408
f 2408 2793 2735
f 2793 2970 2924
f 2970 2867 3015
f 2776 2725 2780
f 2725 2650 2727
f 2727 2654 2656
f 2656 2568 2728
f 2728 2571 2663
f 2571 2578 2579
f 2578 2586 2579
f 2586 2583 2489
f 2489 2491 2492
f 2491 2593 2400
f 2593 2596 2402
f 2596 2592 2595
f 2595 2594 2597
f 2594 2401 2403
f 2403 2359 2361
f 2359 2232 2361
f 2232 2230 2083
f 2083 2023 2089
f 2023 2024 2090
f 2024 2084 2090
f 2084 2079 2229
f 2079 2200 2229
f 2200 2227 2299
f 2227 2170 2228
f 2170 2085 2132
f 2132 2025 2086
f 2025 1946 2026
f 1946 1883 1948
f 1883 1851 1886
f 1851 1777 1854
f 1777 1774 1736
f 1774 1733 1736
f 1733 1731 1657
f 1657 1656 1597
f 1597 1537 1536
f 1537 1481 1482
f 1481 1442 1482
f 1442 1441 1301
f 1441 1385 1300
f 1385 1468 1443
f 1443 1595 1445
f 1595 1601 1539
f 1601 1654 1600
f 1600 1594 1538
f 1594 1446 1538
f 1446 1343 1448
f 1343 1306 1307
f 1306 1182 1307
f 1182 1183 1307
f 1183 1305 1307
f 1305 1303 1342
f 1303 1299 1340
f 1299 1227 1266
f 1227 1171 1228
f 1171 1172 1228
f 1172 1164 1169
f 1164 1082 1083
f 1082 945 1083
f 945 1014 889
f 1014 942 889
f 989 988 1120
f 988 811 812
f 812 712 713
f 713 684 685
f 684 688 690
f 688 723 690
f 723 822 729
f 941 881 884
f 884 879 817
f 879 1007 937
f 1007 1062 1066
f 1062 1127 1133
f 1127 1124 1131
f 1124 1114 1049
f 1114 1109 1046
f 1046 1043 1047
f 1047 1110 1050
f 1110 1106 1116
f 1207 1206 1116
f 1206 1121 1205
f 1121 1120 1204
f 942 941 884
f 822 886 826
f 886 890 826
f 890 944 946
f 946 1015 1016
f 1015 1081 1016
f 1081 1160 1165
f 1165 1220 1223
f 1223 1225 1165
f 1225 1264 1265
f 1265 1439 1466
f 1466 1532 1533
f 1532 1646 1533
f 1646 1684 1647
f 1684 1685 1647
f 1685 1752 1753
f 1752 1837 1753
f 1837 1836 1902
f 1902 1975 1977
f 1975 1976 1977
f 1976 2006 2012
f 2012 2125 2127
f 2127 2155 2225
f 2225 2262 2435
f 2435 2433 2488
f 2433 2434 2485
f 2434 2576 2485
f 2576 2575 2485
f 2575 2572 2729
f 2572 2785 2729
f 2785 2854 2855
f 2854 2956 2913
f 2956 2998 3000
f 2998 2948 2991
f 2991 2904 2989
f 2904 2697 2703
f 2697 2537 2703
f 2537 2704 2540
f 2540 2528 2467
f 2621 2626 2527
f 2626 2688 2519
f 2519 2516 2520
f 2527 2633 2534
f 2633 2639 2534
f 2639 2706 2713
f 2713 2842 2846
f 2846 2845 2850
f 2845 2776 2780
f 3015 3048 3068
f 3048 3082 3068
f 3082 3013 3012
f 3012 3045 2323
f 3045 3066 3046
f 3066 3153 2406
f 3153 3154 2406
f 3154 3106 3130
f 3106 3117 3131
f 3117 3050 3098
f 3098 2444 2499
f 2444 2407 2499
f 2407 2327 2300
f 2327 2363 2300
f 2363 2368 2365
f 2368 2326 3016
f 2326 2301 2264
f 2301 2236 2201
f 2236 2157 2201
f 2157 2182 2181
f 2182 2183 2181
f 2183 2184 2367
f 2184 2408 2367
f 2408 2735 2367
f 2735 2793 2924
f 2924 2970 2969
f 2970 3015 3014
f 2780 2725 2782
f 2725 2727 2782
f 2727 2656 2783
f 2656 2728 2783
f 2728 2663 2786
f 2663 2571 2579
f 2579 2586 2587
f 2586 2489 2492
f 2492 2491 2396
f 2491 2400 2396
f 2400 2593 2402
f 2402 2596 2598
f 2596 2595 2598
f 2595 2597 2598
f 2597 2594 2403
f 2403 2361 2404
f 2361 2232 2234
f 2232 2083 2133
f 2083 2089 2133
f 2089 2023 2090
f 2090 2084 2134
f 2084 2229 2231
f 2229 2200 2299
f 2299 2227 2397
f 2227 2228 2398
f 2228 2170 2171
f 2170 2132 2171
f 2132 2086 2131
f 2086 2025 2026
f 2026 1946 1948
f 1948 1883 1951
f 1883 1886 1951
f 1886 1851 1854
f 1854 1777 1779
f 1777 1736 1738
f 1736 1733 1660
f 1733 1657 1658
f 1657 1597 1604
f 1597 1536 1598
f 1536 1537 1482
f 1482 1442 1467
f 1442 1301 1467
f 1301 1441 1300
f 1300 1385 1299
f 1385 1443 1338
f 1443 1445 1338
f 1445 1595 1539
f 1539 1601 1541
f 1601 1600 1540
f 1600 1538 1540
f 1538 1446 1448
f 1448 1343 1344
f 1343 1307 1344
f 1307 1305 1342
f 1342 1303 1340
f 1340 1299 1338
f 1299 1266 1300
f 1266 1227 1228
f 1228 1172 1229
f 1172 1169 1230
f 1169 1164 1083
f 1083 945 947
f 945 889 824
f 889 942 819
f 1120 988 982
f 988 812 870
f 812 713 716
f 713 685 716
f 685 684 666
f 684 690 666
f 690 723 692
f 723 729 692
f 729 822 774
f 884 817 819
f 817 879 937
f 937 1007 1066
f 1066 1062 1133
f 1133 1127 1131
f 1131 1124 987
f 1124 1049 987
f 1049 1114 1046
f 1046 1047 1049
f 1047 1050 1049
f 1050 1110 1116
f 1116 1106 1207
f 1116 1206 1050
f 1206 1205 1050
f 1205 1121 1204
f 1204 1120 1115
f 942 884 819
f 822 826 825
f 826 890 893
f 890 946 893
f 946 1016 893
f 1016 1081 1084
f 1081 1165 1084
f 1165 1225 1170
f 1225 1265 1268
f 1265 1466 1268
f 1466 1533 1467
f 1533 1646 1649
f 1646 1647 1649
f 1647 1685 1584
f 1685 1753 1584
f 1753 1837 1839
f 1837 1902 1903
f 1902 1977 1903
f 1977 1976 2016
f 1976 2012 2015
f 2012 2127 2015
f 2127 2225 2198
f 2225 2435 2436
f 2435 2488 2490
f 2488 2433 2485
f 2485 2575 2580
f 2575 2729 2662
f 2729 2785 2787
f 2785 2855 2859
f 2855 2854 2913
f 2913 2956 3000
f 3000 2998 3032
f 2998 2991 3032
f 2991 2989 3028
f 2989 2904 2902
f 2904 2703 2902
f 2703 2537 2536
f 2537 2540 2471
f 2540 2467 2472
f 2527 2626 2519
f 2519 2520 2524
f 2520 2516 2517
f 2527 2534 2529
f 2534 2639 2542
f 2639 2713 2643
f 2713 2846 2721
f 2846 2850 2848
f 2850 2845 2780
f 3015 3068 3047
f 3068 3082 3096
f 3082 3012 3096
f 3012 2323 2264
f 2323 3045 2325
f 3045 3046 2325
f 3046 3066 3067
f 3066 2406 2364
f 2406 3154 2442
f 3154 3130 3155
f 3130 3106 3131
f 3131 3117 3098
f 3098 2499 3131
f 2499 2407 2500
f 2407 2300 2324
f 2300 2363 2324
f 2363 2365 2364
f 2365 2368 3067
f 2368 3016 3046
f 3016 2326 2968
f 2326 2264 2323
f 2264 2301 2201
f 2201 2157 2599
f 2157 2181 2180
f 2181 2183 2367
f 2367 2735 2734
f 2735 2924 2734
f 2924 2969 2733
f 2969 2970 3014
f 3014 3015 3047
f 2780 2782 2850
f 2782 2727 2783
f 2783 2728 2858
f 2728 2786 2858
f 2786 2663 2664
f 2663 2579 2664
f 2579 2587 2584
f 2587 2586 2493
f 2586 2492 2493
f 2492 2396 2437
f 2396 2400 2358
f 2400 2402 2360
f 2402 2598 2404
f 2598 2597 2404
f 2597 2403 2404
f 2404 2361 2362
f 2361 2234 2362
f 2234 2232 2133
f 2133 2089 2135
f 2089 2090 2135
f 2090 2134 2136
f 2134 2084 2231
f 2231 2229 2356
f 2229 2299 2356
f 2299 2397 2396
f 2397 2227 2398
f 2398 2228 2199
f 2228 2171 2199
f 2171 2132 2131
f 2131 2086 2087
f 2086 2026 2093
f 2026 1948 2027
f 1948 1951 2029
f 1951 1886 1953
f 1886 1854 1888
f 1854 1779 1856
f 1779 1777 1738
f 1738 1736 1690
f 1736 1660 1690
f 1660 1733 1658
f 1658 1657 1604
f 1604 1597 1598
f 1598 1536 1592
f 1536 1482 1592
f 1482 1467 1534
f 1467 1301 1268
f 1301 1300 1269
f 1299 1385 1338
f 1338 1445 1340
f 1445 1539 1447
f 1539 1541 1447
f 1541 1601 1540
f 1540 1538 1448
f 1448 1344 1449
f 1344 1307 1342
f 1342 1340 1447
f 1300 1266 1269
f 1266 1228 1267
f 1228 1229 1267
f 1229 1172 1230
f 1230 1169 1170
f 1169 1083 1170
f 1083 947 1084
f 947 945 891
f 945 824 891
f 824 889 821
f 889 819 821
f 1120 982 1115
f 982 988 870
f 870 812 759
f 812 716 759
f 716 685 686
f 685 666 665
f 666 690 631
f 690 692 671
f 692 729 697
f 729 774 732
f 774 822 825
f 819 817 818
f 817 937 882
f 937 1066 1009
f 1066 1133 1138
f 1133 1131 1134
f 1131 987 997
f 987 1049 982
f 1049 1050 1115
f 1050 1205 1204
f 1204 1115 1050
f 825 826 893
f 893 1016 948
f 1016 1084 948
f 1084 1165 1170
f 1170 1225 1230
f 1225 1268 1230
f 1268 1466 1467
f 1467 1533 1534
f 1533 1649 1534
f 1649 1647 1651
f 1647 1584 1586
f 1584 1753 1644
f 1753 1839 1644
f 1839 1837 1903
f 1903 1977 2073
f 1977 2016 2073
f 2016 1976 2015
f 2015 2127 2128
f 2127 2198 2128
f 2198 2225 2436
f 2436 2435 2490
f 2490 2488 2580
f 2488 2485 2580
f 2580 2575 2662
f 2662 2729 2730
f 2729 2787 2730
f 2787 2785 2859
f 2859 2855 2917
f 2855 2913 2917
f 2913 3000 3006
f 3000 3032 3034
f 3032 2991 3028
f 3028 2989 2990
f 2989 2902 2903
f 2902 2703 2702
f 2703 2536 2535
f 2536 2537 2471
f 2471 2540 2472
f 2527 2519 2524
f 2524 2520 2627
f 2520 2517 2525
f 2527 2529 2524
f 2529 2534 2539
f 2534 2542 2539
f 2542 2639 2643
f 2643 2713 2721
f 2721 2846 2848
f 2848 2850 2853
f 3047 3068 3081
f 3068 3096 3081
f 3096 3012 3081
f 3012 2264 2599
f 2325 3045 3067
f 2325 3046 2326
f 3046 3067 2368
f 3067 3066 2364
f 2364 2406 2324
f 2406 2442 2498
f 2442 3154 3155
f 3155 3130 3131
f 3131 2499 2600
f 2499 2500 2600
f 2500 2407 2324
f 2324 2363 2364
f 2364 2365 3067
f 3046 3016 2968
f 2968 2326 3046
f 2264 2201 2599
f 2599 2157 2496
f 2157 2180 2496
f 2180 2181 2366
f 2181 2367 2366
f 2367 2734 2366
f 2734 2924 2733
f 2733 2969 3011
f 2969 3014 3011
f 3014 3047 3044
f 2850 2782 2853
f 2782 2783 2853
f 2783 2858 2910
f 2858 2786 2915
f 2786 2664 2788
f 2664 2579 2584
f 2584 2587 2495
f 2587 2493 2494
f 2493 2492 2437
f 2437 2396 2397
f 2396 2358 2356
f 2358 2400 2360
f 2360 2402 2404
f 2404 2362 2360
f 2362 2234 2235
f 2234 2133 2135
f 2135 2090 2136
f 2136 2134 2233
f 2134 2231 2233
f 2231 2356 2358
f 2356 2299 2396
f 2397 2398 2440
f 2398 2199 2439
f 2199 2171 2129
f 2171 2131 2081
f 2131 2087 2081
f 2087 2086 2093
f 2093 2026 2027
f 2027 1948 2029
f 2029 1951 1982
f 1951 1953 1982
f 1953 1886 1888
f 1888 1854 1856
f 1856 1779 1780
f 1779 1738 1739
f 1738 1690 1739
f 1690 1660 1611
f 1660 1658 1611
f 1658 1604 1608
f 1604 1598 1605
f 1598 1592 1593
f 1592 1482 1534
f 1268 1301 1270
f 1301 1269 1270
f 1340 1445 1447
f 1447 1541 1449
f 1541 1540 1449
f 1540 1448 1449
f 1449 1344 1447
f 1344 1342 1447
f 1269 1266 1267
f 1267 1229 1269
f 1229 1230 1270
f 1170 1083 1084
f 1084 947 948
f 947 891 892
f 891 824 772
f 824 821 771
f 821 819 818
f 1115 982 1049
f 982 870 987
f 870 759 874
f 759 716 720
f 716 686 720
f 686 685 665
f 665 666 647
f 666 631 647
f 631 690 618
f 690 671 618
f 671 692 693
f 692 697 693
f 697 729 732
f 732 774 731
f 774 825 773
f 818 817 882
f 882 937 1009
f 1009 1066 1138
f 1138 1133 1134
f 1134 1131 997
f 997 987 870
f 825 893 892
f 893 948 892
f 1230 1268 1270
f 1534 1649 1651
f 1651 1647 1586
f 1586 1584 1593
f 1584 1644 1587
f 1644 1839 1841
f 1839 1903 2013
f 1903 2073 2013
f 2073 2016 2075
f 2016 2015 2018
f 2015 2128 2018
f 2128 2198 2199
f 2198 2436 2439
f 2436 2490 2439
f 2490 2580 2585
f 2580 2662 2665
f 2662 2730 2665
f 2730 2787 2862
f 2787 2859 2862
f 2859 2917 2862
f 2917 2913 2916
f 2913 3006 2964
f 3006 3000 3036
f 3000 3034 3036
f 3034 3032 3028
f 3028 2990 3029
f 2990 2989 2903
f 2903 2902 2702
f 2702 2703 2535
f 2535 2536 2469
f 2536 2471 2470
f 2471 2472 2531
f 2524 2627 2630
f 2627 2520 2624
f 2520 2525 2624
f 2525 2517 2521
f 2524 2529 2627
f 2529 2539 2630
f 2539 2542 2546
f 2542 2643 2548
f 2643 2721 2647
f 2721 2848 2778
f 2848 2853 2908
f 3047 3081 3065
f 3081 3012 3065
f 3012 2599 3065
f 2325 3067 2365
f 2324 2406 2500
f 2406 2498 2500
f 2498 2442 2600
f 2442 3155 2497
f 3155 3131 2497
f 3131 2600 2497
f 2600 2500 2498
f 2599 2496 3044
f 2496 2180 2405
f 2180 2366 2405
f 2366 2734 2733
f 2733 3011 2792
f 3011 3014 3044
f 3044 3047 3065
f 2853 2783 2910
f 2910 2858 2912
f 2858 2915 2912
f 2915 2786 2860
f 2786 2788 2860
f 2788 2664 2665
f 2664 2584 2585
f 2584 2495 2585
f 2495 2587 2494
f 2494 2493 2438
f 2493 2437 2438
f 2437 2397 2440
f 2358 2360 2233
f 2360 2362 2233
f 2362 2235 2233
f 2235 2234 2135
f 2135 2136 2235
f 2136 2233 2235
f 2233 2231 2358
f 2440 2398 2441
f 2398 2439 2441
f 2439 2199 2198
f 2199 2129 2128
f 2129 2171 2081
f 2081 2087 2082
f 2087 2093 2094
f 2093 2027 2097
f 2027 2029 2100
f 2029 1982 2100
f 1982 1953 1954
f 1953 1888 1954
f 1888 1856 1889
f 1856 1780 1857
f 1780 1779 1739
f 1739 1690 1662
f 1690 1611 1662
f 1611 1658 1608
f 1608 1604 1605
f 1605 1598 1484
f 1598 1593 1483
f 1593 1592 1586
f 1592 1534 1651
f 1270 1269 1229
f 948 947 892
f 892 891 773
f 891 772 773
f 772 824 771
f 771 821 769
f 821 818 769
f 870 874 997
f 874 759 761
f 759 720 761
f 720 686 689
f 686 665 667
f 665 647 646
f 647 631 629
f 631 618 609
f 618 671 668
f 671 693 668
f 693 697 698
f 697 732 733
f 732 731 776
f 731 774 773
f 773 825 892
f 818 882 815
f 882 1009 938
f 1009 1138 1067
f 1138 1134 1067
f 1134 997 1005
f 1651 1586 1592
f 1593 1584 1587
f 1587 1644 1688
f 1644 1841 1688
f 1841 1839 2013
f 2013 2073 2076
f 2073 2075 2082
f 2075 2016 2020
f 2016 2018 2020
f 2018 2128 2129
f 2439 2490 2495
f 2490 2585 2495
f 2585 2580 2665
f 2665 2730 2789
f 2730 2862 2789
f 2862 2917 2916
f 2916 2913 2964
f 2964 3006 3009
f 3006 3036 3041
f 3036 3034 3064
f 3034 3028 3059
f 3028 3029 3059
f 3029 2990 2993
f 2990 2903 2993
f 2903 2702 2839
f 2702 2535 2696
f 2535 2469 2530
f 2469 2536 2470
f 2470 2471 2631
f 2471 2531 2631
f 2531 2472 2521
f 2630 2627 2631
f 2630 2627 2529
f 2627 2624 2628
f 2624 2525 2628
f 2525 2521 2531
f 2630 2539 2701
f 2539 2546 2701
f 2546 2542 2548
f 2548 2643 2647
f 2647 2721 2778
f 2778 2848 2908
f 2908 2853 2910
f 3065 2599 3044
f 2600 2442 2497
f 3044 2496 3011
f 2496 2405 2792
f 2405 2366 2733
f 2733 2792 2405
f 2792 3011 2496
f 2910 2912 2909
f 2912 2915 2961
f 2915 2860 2962
f 2860 2788 2861
f 2788 2665 2789
f 2665 2664 2585
f 2495 2494 2441
f 2494 2438 2440
f 2438 2437 2440
f 2440 2441 2494
f 2441 2439 2495
f 2129 2081 2020
f 2081 2082 2075
f 2082 2087 2172
f 2087 2094 2173
f 2094 2093 2097
f 2097 2027 2100
f 2100 1982 2031
f 1982 1954 2031
f 1954 1888 1889
f 1889 1856 1857
f 1857 1780 1781
f 1780 1739 1740
f 1739 1662 1663
f 1662 1611 1612
f 1611 1608 1612
f 1608 1605 1609
f 1605 1484 1487
f 1484 1598 1483
f 1483 1593 1480
f 773 772 728
f 772 771 728
f 771 769 770
f 769 818 815
f 997 874 1005
f 874 761 878
f 761 720 814
f 720 689 763
f 689 686 667
f 667 665 646
f 646 647 629
f 629 631 616
f 631 609 616
f 609 618 617
f 618 668 617
f 668 693 651
f 693 698 651
f 698 697 733
f 733 732 776
f 776 731 775
f 731 773 728
f 815 882 938
f 938 1009 1067
f 1067 1134 1005
f 1593 1587 1480
f 1587 1688 1480
f 1688 1841 1842
f 1841 2013 1980
f 2013 2076 1980
f 2076 2073 2082
f 2075 2020 2081
f 2020 2018 2129
f 2789 2862 2861
f 2862 2916 2861
f 2916 2964 2963
f 2964 3009 3008
f 3009 3006 3041
f 3041 3036 3037
f 3036 3064 3037
f 3064 3034 3103
f 3034 3059 3090
f 3059 3029 3058
f 3029 2993 3030
f 2993 2903 2949
f 2903 2839 2949
f 2839 2702 2696
f 2696 2535 2530
f 2530 2469 2631
f 2469 2470 2631
f 2631 2531 2525
f 2630 2631 2530
f 2631 2627 2628
f 2628 2525 2631
f 2630 2701 2696
f 2701 2546 2711
f 2546 2548 2549
f 2548 2647 2553
f 2647 2778 2723
f 2778 2908 2851
f 2908 2910 2909
f 2909 2912 2959
f 2912 2961 2959
f 2961 2915 2962
f 2962 2860 2963
f 2860 2861 2963
f 2861 2788 2789
f 2082 2081 2020
f 2082 2172 2169
f 2172 2087 2173
f 2173 2094 2176
f 2094 2097 2098
f 2097 2100 2101
f 2100 2031 2101
f 2031 1954 2032
f 1954 1889 1955
f 1889 1857 1890
f 1857 1781 1858
f 1781 1780 1740
f 1740 1739 1663
f 1663 1662 1612
f 1612 1608 1609
f 1609 1605 1487
f 1487 1484 1485
f 1484 1483 1485
f 1483 1480 1485
f 728 771 770
f 770 769 768
f 769 815 768
f 1005 874 878
f 878 761 814
f 814 720 763
f 763 689 722
f 689 667 670
f 667 646 634
f 646 629 630
f 629 616 615
f 616 609 607
f 609 617 597
f 617 668 635
f 668 651 635
f 651 698 696
f 698 733 827
f 733 776 831
f 776 775 896
f 775 731 727
f 731 728 727
f 815 938 880
f 938 1067 1005
f 1480 1688 1599
f 1688 1842 1766
f 1842 1841 1980
f 1980 2076 2169
f 2076 2082 2169
f 2861 2916 2963
f 2963 2964 3008
f 3008 3009 2966
f 3009 3041 3010
f 3041 3037 3042
f 3037 3064 3061
f 3064 3103 3061
f 3103 3034 3090
f 3090 3059 3076
f 3059 3058 3076
f 3058 3029 3030
f 3030 2993 2997
f 2993 2949 2997
f 2949 2839 2843
f 2839 2696 2701
f 2696 2530 2630
f 2630 2696 2631
f 2701 2711 2839
f 2711 2546 2549
f 2549 2548 2553
f 2553 2647 2723
f 2723 2778 2851
f 2851 2908 2909
f 2909 2959 2906
f 2959 2961 2960
f 2961 2962 3005
f 2962 2963 3005
f 2169 2172 2174
f 2172 2173 2174
f 2173 2176 2174
f 2176 2094 2098
f 2098 2097 2101
f 2101 2031 2032
f 2032 1954 1955
f 1955 1889 1890
f 1890 1857 1858
f 1858 1781 1855
f 1781 1740 1778
f 1740 1663 1737
f 1663 1612 1613
f 1612 1609 1542
f 1609 1487 1489
f 1487 1485 1489
f 1485 1480 1486
f 728 770 726
f 770 768 726
f 768 815 765
f 1005 878 938
f 878 814 880
f 814 763 764
f 763 722 764
f 722 689 670
f 670 667 649
f 667 634 649
f 634 646 630
f 630 629 614
f 629 615 614
f 615 616 607
f 607 609 597
f 597 617 556
f 617 635 598
f 635 651 650
f 651 696 650
f 696 698 827
f 827 733 831
f 831 776 896
f 896 775 895
f 775 727 730
f 727 728 726
f 815 880 764
f 880 938 878
f 1480 1599 1602
f 1599 1688 1728
f 1688 1766 1728
f 1766 1842 1785
f 1842 1980 1875
f 1980 2169 2088
f 2963 3008 3005
f 3008 2966 2965
f 2966 3009 3010
f 3010 3041 3042
f 3042 3037 3080
f 3037 3061 3080
f 3061 3103 3102
f 3103 3090 3115
f 3090 3076 3088
f 3076 3058 3075
f 3058 3030 3060
f 3030 2997 3033
f 2997 2949 2951
f 2949 2843 2951
f 2843 2839 2711
f 2711 2549 2719
f 2549 2553 2648
f 2553 2723 2648
f 2723 2851 2779
f 2851 2909 2906
f 2906 2959 2958
f 2959 2960 2958
f 2960 2961 3005
f 2169 2174 2175
f 2174 2176 2178
f 2176 2098 2178
f 2098 2101 2137
f 2101 2032 2102
f 2032 1955 1952
f 1955 1890 1887
f 1890 1858 1855
f 1855 1781 1778
f 1778 1740 1737
f 1737 1663 1661
f 1663 1613 1661
f 1613 1612 1542
f 1542 1609 1489
f 1489 1485 1490
f 1485 1486 1488
f 1486 1480 1602
f 726 768 725
f 768 765 725
f 765 815 764
f 880 814 764
f 764 722 765
f 722 670 691
f 670 649 691
f 649 634 648
f 634 630 648
f 630 614 608
f 614 615 606
f 615 607 606
f 607 597 595
f 597 556 595
f 556 617 598
f 598 635 583
f 635 650 620
f 650 696 718
f 696 827 887
f 827 831 1017
f 831 896 950
f 896 895 950
f 895 775 730
f 730 727 694
f 727 726 694
f 1602 1599 1603
f 1599 1728 1603
f 1728 1766 1770
f 1766 1785 1770
f 1785 1842 1846
f 1842 1875 1862
f 1875 1980 1943
f 1980 2088 1943
f 2088 2169 2091
f 3005 3008 3004
f 3008 2965 3004
f 2965 2966 2865
f 2966 3010 2922
f 3010 3042 2918
f 3042 3080 3040
f 3080 3061 3094
f 3061 3102 3094
f 3102 3103 3115
f 3115 3090 3101
f 3090 3088 3101
f 3088 3076 3075
f 3075 3058 3060
f 3060 3030 3033
f 3033 2997 2953
f 2997 2951 2905
f 2951 2843 2847
f 2843 2711 2719
f 2719 2549 2648
f 2648 2723 2779
f 2779 2851 2906
f 2906 2958 2955
f 2958 2960 3003
f 2960 3005 3003
f 2169 2175 2091
f 2175 2174 2177
f 2174 2178 2179
f 2178 2098 2137
f 2137 2101 2102
f 2102 2032 2030
f 2032 1952 2030
f 1952 1955 1887
f 1887 1890 1855
f 1855 1778 1775
f 1778 1737 1775
f 1737 1661 1734
f 1661 1613 1610
f 1613 1542 1610
f 1542 1489 1490
f 1490 1485 1488
f 1488 1486 1602
f 726 725 694
f 725 765 691
f 765 722 691
f 691 649 695
f 649 648 694
f 648 630 664
f 630 608 664
f 608 614 596
f 614 606 605
f 606 607 594
f 607 595 594
f 595 556 529
f 556 598 532
f 598 583 535
f 583 635 620
f 620 650 718
f 718 696 887
f 887 827 1017
f 1017 831 832
f 831 950 832
f 950 895 949
f 895 730 828
f 730 694 724
f 1602 1603 1607
f 1603 1728 1730
f 1728 1770 1730
f 1770 1785 1771
f 1785 1846 1786
f 1846 1842 1862
f 1862 1875 1879
f 1875 1943 1879
f 1943 2088 2092
f 2088 2091 2092
f 3005 3004 3003
f 3004 2965 3007
f 2965 2865 2864
f 2865 2966 2922
f 2922 3010 2918
f 2918 3042 3040
f 3040 3080 3079
f 3080 3094 3079
f 3094 3102 3129
f 3102 3115 3128
f 3115 3101 3113
f 3101 3088 3100
f 3088 3075 3089
f 3075 3060 3093
f 3060 3033 3063
f 3033 2953 2999
f 2953 2997 2905
f 2905 2951 2847
f 2847 2843 2719
f 2719 2648 2779
f 2779 2906 2849
f 2906 2955 2954
f 2955 2958 3002
f 2958 3003 3002
f 2091 2175 2177
f 2177 2174 2179
f 2179 2178 2137
f 2137 2102 2099
f 2102 2030 2099
f 2030 1952 1949
f 1952 1887 1884
f 1887 1855 1884
f 1855 1775 1853
f 1775 1737 1734
f 1734 1661 1659
f 1661 1610 1659
f 1610 1542 1606
f 1542 1490 1606
f 1490 1488 1606
f 1488 1602 1606
f 694 725 695
f 725 691 695
f 695 649 694
f 694 648 687
f 648 664 687
f 664 608 645
f 608 596 580
f 596 614 605
f 605 606 604
f 606 594 578
f 594 595 554
f 595 529 554
f 529 556 530
f 556 532 530
f 532 598 535
f 535 583 509
f 583 620 633
f 620 718 633
f 718 887 888
f 887 1017 1018
f 1017 832 1018
f 832 950 897
f 950 949 558
f 949 895 828
f 828 730 724
f 724 694 687
f 1602 1607 1606
f 1607 1603 1730
f 1730 1770 1771
f 1771 1785 1786
f 1786 1846 1847
f 1846 1862 1863
f 1862 1879 1880
f 1879 1943 1945
f 1943 2092 1945
f 2092 2091 2096
f 3003 3004 3038
f 3004 3007 3038
f 3007 2965 2864
f 2864 2865 2791
f 2865 2922 2791
f 2922 2918 2731
f 2918 3040 2856
f 3040 3079 2995
f 3079 3094 3105
f 3094 3129 3151
f 3129 3102 3173
f 3102 3128 3173
f 3128 3115 3113
f 3113 3101 3100
f 3100 3088 3099
f 3088 3089 3099
f 3089 3075 3093
f 3093 3060 3078
f 3060 3063 3078
f 3063 3033 2999
f 2999 2953 2954
f 2953 2905 2954
f 2905 2847 2849
f 2847 2719 2779
f 2779 2849 2847
f 2849 2906 2954
f 2954 2955 2999
f 2955 3002 3035
f 3002 3003 3038
f 2091 2177 2095
f 2177 2179 2095
f 2179 2137 2095
f 2137 2099 2095
f 2099 2030 2028
f 2030 1949 2028
f 1949 1952 1884
f 1884 1855 1853
f 1853 1775 1852
f 1775 1734 1735
f 1734 1659 1735
f 1659 1610 1606
f 687 664 717
f 664 645 717
f 645 608 582
f 608 580 582
f 580 596 555
f 596 605 579
f 605 604 603
f 604 606 578
f 578 594 554
f 554 529 480
f 529 530 505
f 530 532 482
f 532 535 483
f 535 509 483
f 509 583 533
f 583 633 533
f 633 718 632
f 718 888 719
f 888 887 1018
f 1018 832 777
f 832 897 777
f 897 950 560
f 950 558 559
f 558 949 538
f 949 828 894
f 828 724 767
f 724 687 717
f 1606 1607 1659
f 1607 1730 1732
f 1730 1771 1755
f 1771 1786 1787
f 1786 1847 1787
f 1847 1846 1863
f 1863 1862 1880
f 1880 1879 1945
f 1945 2092 2096
f 2096 2091 2095
f 3038 3007 3001
f 3007 2864 2919
f 2864 2791 2790
f 2791 2922 2923
f 2922 2731 2923
f 2731 2918 2856
f 2856 3040 2995
f 2995 3079 3105
f 3105 3094 3151
f 3151 3129 3202
f 3129 3173 3199
f 3173 3128 3126
f 3128 3113 3126
f 3113 3100 3112
f 3100 3099 3112
f 3099 3089 3114
f 3089 3093 3077
f 3093 3078 3077
f 3078 3063 3035
f 3063 2999 3035
f 2954 2905 2849
f 2999 2955 3035
f 3035 3002 3039
f 3002 3038 3039
f 2095 2099 2028
f 2028 1949 1950
f 1949 1884 1950
f 1884 1853 1852
f 1852 1775 1776
f 1775 1735 1776
f 1735 1659 1607
f 717 645 683
f 645 582 581
f 582 580 508
f 580 555 507
f 555 596 579
f 579 605 603
f 603 604 592
f 604 578 551
f 578 554 528
f 554 480 528
f 480 529 505
f 505 530 451
f 530 482 451
f 482 532 483
f 483 509 455
f 509 533 452
f 533 633 531
f 633 632 531
f 632 718 719
f 719 888 823
f 888 1018 777
f 777 897 830
f 897 560 537
f 560 950 559
f 559 558 461
f 558 538 461
f 538 949 894
f 894 828 767
f 767 724 717
f 1607 1732 1735
f 1732 1730 1755
f 1755 1771 1787
f 1787 1847 1849
f 1847 1863 1864
f 1863 1880 1864
f 1880 1945 1905
f 1945 2096 1947
f 2096 2095 2028
f 3038 3001 3031
f 3001 3007 2919
f 2919 2864 2790
f 2790 2791 3175
f 2791 2923 2866
f 2923 2731 2732
f 2731 2856 2732
f 2856 2995 2857
f 2995 3105 3092
f 3105 3151 3092
f 3151 3202 3231
f 3202 3129 3199
f 3199 3173 3197
f 3173 3126 3196
f 3126 3113 3125
f 3113 3112 3125
f 3112 3099 3111
f 3099 3114 3127
f 3114 3089 3057
f 3089 3077 3057
f 3077 3078 3038
f 3078 3035 3039
f 3039 3038 3078
f 2028 1950 2096
f 1950 1884 1885
f 1884 1852 1885
f 1852 1776 1773
f 1776 1735 1732
f 717 683 760
f 683 645 581
f 581 582 508
f 508 580 507
f 507 555 506
f 555 579 504
f 579 603 553
f 603 592 577
f 592 604 593
f 604 551 593
f 551 578 503
f 578 528 503
f 528 480 446
f 480 505 448
f 505 451 449
f 451 482 415
f 482 483 393
f 483 455 393
f 455 509 452
f 452 533 531
f 531 632 534
f 632 719 619
f 719 823 669
f 823 888 777
f 777 830 823
f 830 897 537
f 537 560 463
f 560 559 463
f 559 461 462
f 461 538 460
f 538 894 557
f 894 767 820
f 767 717 760
f 1732 1755 1773
f 1755 1787 1773
f 1787 1849 1850
f 1849 1847 1864
f 1864 1880 1905
f 1905 1945 1947
f 1947 2096 1950
f 3038 3031 3077
f 3031 3001 2994
f 3001 2919 2957
f 2919 2790 2863
f 2790 3175 3205
f 3175 2791 3176
f 2791 2866 3177
f 2866 2923 2967
f 2923 2732 2967
f 2732 2856 2857
f 2857 2995 2996
f 2995 3092 3091
f 3092 3151 3200
f 3151 3231 3200
f 3231 3202 3252
f 3202 3199 3252
f 3199 3197 3251
f 3197 3173 3196
f 3196 3126 3171
f 3126 3125 3171
f 3125 3112 3146
f 3112 3111 3110
f 3111 3099 3127
f 3127 3114 3148
f 3114 3057 3074
f 3057 3077 3031
f 1950 1885 1947
f 1885 1852 1882
f 1852 1773 1850
f 1773 1776 1732
f 760 683 715
f 683 581 584
f 581 508 417
f 508 507 454
f 507 506 453
f 506 555 504
f 504 579 553
f 553 603 577
f 577 592 552
f 592 593 552
f 593 551 550
f 551 503 502
f 503 528 446
f 446 480 448
f 448 505 449
f 449 451 390
f 451 415 390
f 415 482 393
f 393 455 362
f 455 452 341
f 452 531 534
f 534 632 619
f 619 719 669
f 669 823 636
f 823 830 699
f 830 537 699
f 537 463 459
f 463 559 462
f 462 461 225
f 461 460 223
f 460 538 458
f 538 557 458
f 557 894 829
f 894 820 829
f 820 767 760
f 1773 1787 1850
f 1850 1849 1864
f 1864 1905 1882
f 1905 1947 1882
f 3031 2994 3057
f 2994 3001 2957
f 2957 2919 2863
f 2863 2790 3205
f 3205 3175 3292
f 3175 3176 3292
f 3176 2791 3177
f 3177 2866 3204
f 2866 2967 2921
f 2967 2732 2857
f 2857 2996 2914
f 2996 2995 3091
f 3091 3092 3198
f 3092 3200 3198
f 3200 3231 3283
f 3231 3252 3286
f 3252 3199 3251
f 3251 3197 3282
f 3197 3196 3227
f 3196 3171 3249
f 3171 3125 3146
f 3146 3112 3110
f 3110 3111 3109
f 3111 3127 3147
f 3127 3148 3172
f 3148 3114 3150
f 3114 3074 3150
f 3074 3057 2994
f 1947 1885 1882
f 1882 1852 1850
f 760 715 820
f 715 683 584
f 584 581 417
f 417 508 454
f 454 507 453
f 453 506 450
f 506 504 481
f 504 553 479
f 553 577 527
f 577 552 549
f 552 593 550
f 550 551 502
f 502 503 442
f 503 446 444
f 446 448 414
f 448 449 414
f 449 390 388
f 390 415 339
f 415 393 361
f 393 362 315
f 362 455 341
f 341 452 416
f 452 534 416
f 534 619 536
f 619 669 636
f 636 823 699
f 699 537 510
f 537 459 510
f 459 463 226
f 463 462 226
f 462 225 226
f 225 461 224
f 461 223 224
f 223 460 458
f 458 557 457
f 557 829 457
f 829 820 457
f 1850 1864 1882
f 2994 2957 2950
f 2957 2863 2911
f 2863 3205 3174
f 3205 3292 3291
f 3292 3176 3293
f 3176 3177 3294
f 3177 3204 3294
f 3204 2866 2921
f 2921 2967 2914
f 2967 2857 2914
f 2914 2996 3062
f 2996 3091 3104
f 3091 3198 3201
f 3198 3200 3283
f 3283 3231 3286
f 3286 3252 3350
f 3252 3251 3350
f 3251 3282 3315
f 3282 3197 3227
f 3227 3196 3249
f 3249 3171 3195
f 3171 3146 3195
f 3146 3110 3168
f 3110 3109 3123
f 3109 3111 3147
f 3147 3127 3172
f 3172 3148 3229
f 3148 3150 3230
f 3150 3074 3149
f 3074 2994 3027
f 820 715 421
f 715 584 421
f 584 417 421
f 417 454 418
f 454 453 419
f 453 450 389
f 450 506 481
f 481 504 479
f 479 553 527
f 527 577 549
f 549 552 576
f 552 550 576
f 550 502 500
f 502 442 441
f 442 503 444
f 444 446 411
f 446 414 413
f 414 449 388
f 388 390 339
f 339 415 361
f 361 393 315
f 315 362 319
f 362 341 274
f 341 416 314
f 416 534 536
f 536 619 610
f 619 636 610
f 636 699 456
f 699 510 456
f 510 459 364
f 459 226 364
f 226 225 258
f 225 224 256
f 224 223 283
f 223 458 394
f 458 457 394
f 457 820 421
f 2994 2950 3027
f 2950 2957 2911
f 2911 2863 2920
f 2863 3174 2920
f 3174 3205 3289
f 3205 3291 3289
f 3291 3292 3515
f 3292 3293 3517
f 3293 3176 3294
f 3294 3204 3290
f 3204 2921 3043
f 2921 2914 3043
f 2914 3062 3095
f 3062 2996 3104
f 3104 3091 3201
f 3201 3198 3283
f 3283 3286 3396
f 3286 3350 3372
f 3350 3251 3315
f 3315 3282 3347
f 3282 3227 3280
f 3227 3249 3279
f 3249 3195 3277
f 3195 3146 3225
f 3146 3168 3225
f 3168 3110 3124
f 3110 3123 3124
f 3123 3109 3145
f 3109 3147 3170
f 3147 3172 3226
f 3172 3229 3228
f 3229 3148 3230
f 3230 3150 3149
f 3149 3074 3027
f 421 417 317
f 417 418 363
f 418 454 419
f 419 453 392
f 453 389 392
f 389 450 386
f 450 481 447
f 481 479 445
f 479 527 477
f 527 549 501
f 549 576 547
f 576 550 548
f 550 500 548
f 500 502 441
f 441 442 409
f 442 444 411
f 411 446 413
f 413 414 387
f 414 388 387
f 388 339 338
f 339 361 311
f 361 315 311
f 315 319 279
f 319 362 278
f 362 274 278
f 274 341 314
f 314 416 420
f 416 536 420
f 536 610 456
f 610 636 456
f 456 510 364
f 364 226 254
f 226 258 254
f 258 225 284
f 225 256 284
f 256 224 283
f 283 223 170
f 223 394 170
f 394 457 421
f 3027 2950 2992
f 2950 2911 2992
f 2911 2920 3288
f 2920 3174 3288
f 3174 3289 3288
f 3289 3291 3515
f 3515 3292 3516
f 3292 3517 3516
f 3517 3293 3518
f 3293 3294 3518
f 3294 3290 3518
f 3290 3204 3232
f 3204 3043 3232
f 3043 2914 3095
f 3095 3062 3104
f 3104 3201 3203
f 3201 3283 3316
f 3283 3396 3316
f 3396 3286 3372
f 3372 3350 3427
f 3350 3315 3371
f 3315 3347 3394
f 3347 3282 3280
f 3280 3227 3279
f 3279 3249 3277
f 3277 3195 3225
f 3225 3168 3224
f 3168 3124 3167
f 3124 3123 3169
f 3123 3145 3169
f 3145 3109 3170
f 3170 3147 3226
f 3226 3172 3228
f 3228 3229 3284
f 3229 3230 3285
f 3230 3149 3317
f 3149 3027 3152
f 421 317 219
f 317 417 363
f 363 418 313
f 418 419 392
f 392 389 340
f 389 386 301
f 386 450 447
f 447 481 445
f 445 479 477
f 477 527 501
f 501 549 547
f 547 576 575
f 576 548 575
f 548 500 498
f 500 441 498
f 441 409 380
f 409 442 411
f 411 413 385
f 413 387 385
f 387 388 338
f 338 339 308
f 339 311 273
f 311 315 277
f 315 279 277
f 279 319 278
f 278 274 192
f 274 314 192
f 314 420 316
f 420 536 456
f 456 364 254
f 254 258 282
f 258 284 257
f 284 256 222
f 256 283 255
f 283 170 196
f 170 394 281
f 394 421 281
f 3027 2992 3152
f 2992 2911 3321
f 2911 3288 3321
f 3288 3289 3351
f 3289 3515 3351
f 3515 3516 3456
f 3516 3517 3487
f 3517 3518 3489
f 3518 3290 3374
f 3290 3232 3374
f 3232 3043 3287
f 3043 3095 3287
f 3095 3104 3116
f 3104 3203 3116
f 3203 3201 3316
f 3316 3396 3426
f 3396 3372 3447
f 3372 3427 3431
f 3427 3350 3371
f 3371 3315 3394
f 3394 3347 3345
f 3347 3280 3345
f 3280 3279 3314
f 3279 3277 3314
f 3277 3225 3275
f 3225 3224 3273
f 3224 3168 3167
f 3167 3124 3169
f 3169 3145 3166
f 3145 3170 3194
f 3170 3226 3248
f 3226 3228 3250
f 3228 3284 3281
f 3284 3229 3285
f 3285 3230 3317
f 3317 3149 3152
f 421 219 281
f 219 317 280
f 317 363 280
f 363 313 318
f 313 418 391
f 418 392 391
f 392 340 391
f 340 389 309
f 389 301 309
f 301 386 384
f 386 447 412
f 447 445 412
f 445 477 443
f 477 501 478
f 501 547 499
f 547 575 497
f 575 548 498
f 498 441 406
f 441 380 406
f 380 409 358
f 409 411 383
f 411 385 383
f 385 387 336
f 387 338 337
f 338 308 337
f 308 339 273
f 273 311 310
f 311 277 276
f 277 279 216
f 279 278 217
f 278 192 217
f 192 314 218
f 314 316 218
f 316 420 456
f 456 254 218
f 254 282 218
f 282 258 120
f 258 257 171
f 257 284 222
f 222 256 221
f 256 255 221
f 255 283 197
f 283 196 197
f 196 170 140
f 170 281 137
f 3152 2992 3321
f 3321 3288 3351
f 3351 3515 3573
f 3515 3456 3573
f 3456 3516 3487
f 3487 3517 3457
f 3517 3489 3457
f 3489 3518 3485
f 3518 3374 3485
f 3374 3232 3287
f 3287 3095 3116
f 3116 3203 3287
f 3203 3316 3320
f 3316 3426 3320
f 3426 3396 3447
f 3447 3372 3451
f 3372 3431 3451
f 3431 3427 3452
f 3427 3371 3423
f 3371 3394 3423
f 3394 3345 3393
f 3345 3280 3314
f 3314 3277 3313
f 3277 3275 3311
f 3275 3225 3273
f 3273 3224 3272
f 3224 3167 3222
f 3167 3169 3144
f 3169 3166 3144
f 3166 3145 3194
f 3194 3170 3248
f 3248 3226 3250
f 3250 3228 3281
f 3281 3284 3346
f 3284 3285 3319
f 3285 3317 3318
f 3317 3152 3321
f 281 219 137
f 219 280 253
f 280 363 318
f 318 313 275
f 313 391 312
f 391 340 312
f 340 309 272
f 309 301 306
f 301 384 335
f 384 386 412
f 412 445 443
f 443 477 478
f 478 501 499
f 499 547 497
f 497 575 496
f 575 498 574
f 498 406 476
f 406 380 331
f 380 358 357
f 358 409 383
f 383 385 336
f 336 387 337
f 337 308 305
f 308 273 307
f 273 310 272
f 310 311 276
f 276 277 214
f 277 216 214
f 216 279 217
f 217 192 220
f 192 218 282
f 218 316 456
f 282 120 192
f 120 258 171
f 171 257 141
f 257 222 119
f 222 221 118
f 221 255 139
f 255 197 139
f 197 196 138
f 196 140 139
f 140 170 102
f 170 137 102
f 3321 3351 3454
f 3351 3573 3454
f 3573 3456 3543
f 3456 3487 3486
f 3487 3457 3514
f 3457 3489 3488
f 3489 3485 3455
f 3485 3374 3287
f 3287 3203 3320
f 3320 3426 3428
f 3426 3447 3539
f 3447 3451 3539
f 3451 3431 3452
f 3452 3427 3450
f 3427 3423 3450
f 3423 3394 3446
f 3394 3393 3420
f 3393 3345 3344
f 3345 3314 3344
f 3314 3313 3344
f 3313 3277 3311
f 3311 3275 3273
f 3273 3272 3309
f 3272 3224 3222
f 3222 3167 3165
f 3167 3144 3165
f 3144 3166 3164
f 3166 3194 3223
f 3194 3248 3246
f 3248 3250 3276
f 3250 3281 3278
f 3281 3346 3343
f 3346 3284 3349
f 3284 3319 3349
f 3319 3285 3318
f 3318 3317 3373
f 3317 3321 3429
f 137 219 134
f 219 253 134
f 253 280 318
f 318 275 276
f 275 313 312
f 312 340 310
f 340 272 310
f 272 309 306
f 306 301 302
f 301 335 302
f 335 384 381
f 384 412 410
f 412 443 410
f 443 478 408
f 478 499 407
f 499 497 407
f 497 496 405
f 496 575 574
f 574 498 476
f 476 406 378
f 406 331 378
f 331 380 357
f 357 358 360
f 358 383 334
f 383 336 334
f 336 337 305
f 305 308 307
f 307 273 272
f 310 276 275
f 276 214 213
f 214 216 190
f 216 217 191
f 217 220 191
f 220 192 117
f 192 120 117
f 120 171 104
f 171 141 104
f 141 257 119
f 119 222 118
f 118 221 139
f 139 197 138
f 138 196 139
f 139 140 118
f 140 102 103
f 102 137 101
f 3321 3454 3511
f 3454 3573 3591
f 3573 3543 3594
f 3543 3456 3544
f 3456 3486 3544
f 3486 3487 3513
f 3487 3514 3513
f 3514 3457 3488
f 3488 3489 3574
f 3489 3455 3611
f 3455 3485 3510
f 3485 3287 3510
f 3287 3320 3428
f 3428 3426 3510
f 3426 3539 3510
f 3539 3451 3509
f 3451 3452 3509
f 3452 3450 3508
f 3450 3423 3449
f 3423 3446 3422
f 3446 3394 3420
f 3420 3393 3392
f 3393 3344 3392
f 3344 3313 3342
f 3313 3311 3342
f 3311 3273 3309
f 3309 3272 3337
f 3272 3222 3220
f 3222 3165 3220
f 3165 3144 3143
f 3144 3164 3143
f 3164 3166 3223
f 3223 3194 3246
f 3246 3248 3276
f 3276 3250 3278
f 3278 3281 3343
f 3343 3346 3413
f 3346 3349 3395
f 3349 3319 3318
f 3318 3373 3425
f 3373 3317 3429
f 3429 3321 3511
f 137 134 101
f 134 253 135
f 253 318 276
f 275 312 310
f 272 306 271
f 306 302 271
f 302 335 303
f 335 381 333
f 381 384 410
f 410 443 408
f 408 478 407
f 407 497 405
f 405 496 377
f 496 574 525
f 574 476 573
f 476 378 438
f 378 331 330
f 331 357 296
f 357 360 299
f 360 358 334
f 334 336 300
f 336 305 300
f 305 307 304
f 307 272 271
f 276 213 215
f 213 214 250
f 214 190 251
f 190 216 191
f 191 220 195
f 220 117 136
f 117 120 103
f 120 104 103
f 104 141 119
f 119 118 140
f 140 103 119
f 103 102 116
f 102 101 116
f 3511 3454 3591
f 3591 3573 3623
f 3573 3594 3623
f 3594 3543 3593
f 3543 3544 3592
f 3544 3486 3593
f 3486 3513 3593
f 3513 3514 3609
f 3514 3488 3610
f 3488 3574 3595
f 3574 3489 3611
f 3611 3455 3539
f 3455 3510 3539
f 3510 3287 3428
f 3539 3509 3512
f 3509 3452 3508
f 3508 3450 3506
f 3450 3449 3506
f 3449 3423 3422
f 3422 3446 3445
f 3446 3420 3419
f 3420 3392 3417
f 3392 3344 3391
f 3344 3342 3391
f 3342 3311 3340
f 3311 3309 3340
f 3309 3337 3368
f 3337 3272 3306
f 3272 3220 3306
f 3220 3165 3143
f 3143 3164 3219
f 3164 3223 3221
f 3223 3246 3247
f 3246 3276 3274
f 3276 3278 3312
f 3278 3343 3312
f 3343 3413 3341
f 3413 3346 3421
f 3346 3395 3421
f 3395 3349 3348
f 3349 3318 3348
f 3318 3425 3348
f 3425 3373 3430
f 3373 3429 3453
f 3429 3511 3453
f 101 134 135
f 135 253 193
f 253 276 252
f 271 302 303
f 303 335 300
f 335 333 299
f 333 381 382
f 381 410 382
f 410 408 382
f 408 407 379
f 407 405 379
f 405 377 332
f 377 496 376
f 496 525 376
f 525 574 573
f 573 476 438
f 438 378 354
f 378 330 354
f 330 331 296
f 296 357 298
f 357 299 298
f 299 360 334
f 334 300 299
f 300 305 304
f 304 307 303
f 307 271 303
f 276 215 252
f 215 213 165
f 213 250 165
f 250 214 251
f 251 190 164
f 190 191 166
f 191 195 169
f 195 220 136
f 136 117 116
f 117 103 116
f 103 104 119
f 116 101 135
f 3511 3591 3588
f 3591 3623 3622
f 3623 3594 3624
f 3594 3593 3609
f 3593 3543 3592
f 3592 3544 3593
f 3593 3513 3609
f 3609 3514 3610
f 3610 3488 3595
f 3595 3574 3625
f 3574 3611 3625
f 3611 3539 3608
f 3539 3512 3608
f 3512 3509 3538
f 3509 3508 3538
f 3508 3506 3537
f 3506 3449 3505
f 3449 3422 3448
f 3422 3445 3395
f 3445 3446 3419
f 3419 3420 3417
f 3417 3392 3391
f 3391 3342 3340
f 3340 3309 3368
f 3368 3337 3367
f 3337 3306 3386
f 3306 3220 3245
f 3220 3143 3142
f 3143 3219 3218
f 3219 3164 3221
f 3221 3223 3247
f 3247 3246 3274
f 3274 3276 3312
f 3312 3343 3341
f 3341 3413 3390
f 3413 3421 3418
f 3421 3395 3445
f 3395 3348 3424
f 3348 3425 3424
f 3425 3430 3448
f 3430 3373 3453
f 3453 3511 3484
f 135 193 194
f 193 253 252
f 303 300 304
f 300 335 299
f 299 333 359
f 382 408 379
f 379 405 332
f 332 377 293
f 377 376 292
f 376 525 493
f 525 573 493
f 573 438 546
f 438 354 355
f 354 330 294
f 330 296 269
f 296 298 270
f 298 299 359
f 252 215 193
f 215 165 167
f 165 250 163
f 250 251 189
f 251 164 189
f 164 190 166
f 166 191 115
f 191 169 115
f 169 195 194
f 195 136 194
f 136 116 135
f 3511 3588 3484
f 3588 3591 3622
f 3622 3623 3607
f 3623 3624 3607
f 3624 3594 3610
f 3594 3609 3610
f 3610 3595 3625
f 3625 3611 3624
f 3611 3608 3624
f 3608 3512 3590
f 3512 3538 3542
f 3538 3508 3537
f 3537 3506 3482
f 3506 3505 3481
f 3505 3449 3507
f 3449 3448 3430
f 3448 3422 3424
f 3422 3395 3424
f 3445 3419 3444
f 3419 3417 3416
f 3417 3391 3412
f 3391 3340 3389
f 3340 3368 3389
f 3368 3367 3370
f 3367 3337 3386
f 3386 3306 3335
f 3306 3245 3335
f 3245 3220 3142
f 3142 3143 3218
f 3218 3219 3305
f 3219 3221 3307
f 3221 3247 3307
f 3247 3274 3308
f 3274 3312 3310
f 3312 3341 3310
f 3341 3390 3338
f 3390 3413 3414
f 3413 3418 3414
f 3418 3421 3445
f 3424 3425 3448
f 3430 3453 3484
f 135 194 136
f 194 193 168
f 382 379 356
f 379 332 356
f 332 293 295
f 293 377 292
f 292 376 352
f 376 493 352
f 493 573 546
f 546 438 439
f 438 355 439
f 355 354 294
f 294 330 269
f 269 296 270
f 270 298 356
f 298 359 356
f 193 215 167
f 167 165 114
f 165 163 114
f 163 250 188
f 250 189 188
f 189 164 161
f 164 166 115
f 115 169 100
f 169 194 168
f 3484 3588 3589
f 3588 3622 3589
f 3622 3607 3589
f 3607 3624 3608
f 3624 3610 3625
f 3608 3590 3607
f 3590 3512 3542
f 3542 3538 3572
f 3538 3537 3569
f 3537 3482 3567
f 3482 3506 3481
f 3481 3505 3568
f 3505 3507 3568
f 3507 3449 3483
f 3449 3430 3484
f 3445 3444 3418
f 3444 3419 3415
f 3419 3416 3415
f 3416 3417 3412
f 3412 3391 3389
f 3389 3368 3370
f 3370 3367 3411
f 3367 3386 3408
f 3386 3335 3385
f 3335 3245 3269
f 3245 3142 3141
f 3142 3218 3192
f 3218 3305 3334
f 3305 3219 3307
f 3307 3247 3308
f 3308 3274 3310
f 3310 3341 3338
f 3338 3390 3388
f 3390 3414 3415
f 3414 3418 3444
f 168 193 167
f 382 356 359
f 356 332 295
f 295 293 268
f 293 292 242
f 292 352 291
f 352 493 436
f 493 546 591
f 546 439 524
f 439 355 247
f 355 294 247
f 294 269 266
f 269 270 246
f 270 356 295
f 167 114 168
f 114 163 97
f 163 188 162
f 188 189 162
f 189 161 162
f 161 164 112
f 164 115 99
f 115 100 99
f 100 169 168
f 3484 3589 3540
f 3589 3607 3590
f 3590 3542 3541
f 3542 3572 3541
f 3572 3538 3606
f 3538 3569 3606
f 3569 3537 3567
f 3567 3482 3536
f 3482 3481 3536
f 3481 3568 3566
f 3568 3507 3570
f 3507 3483 3540
f 3483 3449 3484
f 3444 3415 3414
f 3415 3416 3412
f 3412 3389 3411
f 3389 3370 3411
f 3411 3367 3410
f 3367 3408 3410
f 3408 3386 3385
f 3385 3335 3364
f 3335 3269 3364
f 3269 3245 3141
f 3141 3142 3192
f 3192 3218 3333
f 3218 3334 3333
f 3334 3305 3387
f 3305 3307 3336
f 3307 3308 3336
f 3308 3310 3339
f 3310 3338 3339
f 3338 3388 3339
f 3388 3390 3411
f 3390 3415 3412
f 295 268 246
f 268 293 242
f 242 292 291
f 291 352 436
f 436 493 591
f 591 546 524
f 524 439 247
f 247 294 266
f 266 269 246
f 246 270 295
f 168 114 100
f 114 97 100
f 97 163 113
f 163 162 113
f 162 161 113
f 161 112 113
f 112 164 99
f 99 100 98
f 3484 3540 3483
f 3540 3589 3541
f 3589 3590 3541
f 3541 3572 3571
f 3572 3606 3621
f 3606 3569 3567
f 3567 3536 3564
f 3536 3481 3535
f 3481 3566 3535
f 3566 3568 3605
f 3568 3570 3605
f 3570 3507 3540
f 3412 3411 3390
f 3411 3410 3369
f 3410 3408 3443
f 3408 3385 3442
f 3385 3364 3406
f 3364 3269 3365
f 3269 3141 3163
f 3141 3192 3215
f 3192 3333 3215
f 3333 3334 3404
f 3334 3387 3405
f 3387 3305 3336
f 3336 3308 3339
f 3388 3411 3369
f 246 268 244
f 268 242 244
f 242 291 241
f 291 436 329
f 436 591 590
f 591 524 571
f 524 247 526
f 247 266 244
f 266 246 244
f 100 97 98
f 97 113 98
f 113 112 98
f 112 99 98
f 3540 3541 3571
f 3571 3572 3621
f 3621 3606 3620
f 3606 3567 3620
f 3567 3564 3603
f 3564 3536 3565
f 3536 3535 3565
f 3535 3566 3565
f 3566 3605 3618
f 3605 3570 3571
f 3570 3540 3571
f 3369 3410 3366
f 3410 3443 3366
f 3443 3408 3442
f 3442 3385 3406
f 3406 3364 3365
f 3365 3269 3270
f 3269 3163 3270
f 3163 3141 3215
f 3215 3333 3362
f 3333 3404 3362
f 3404 3334 3405
f 3405 3387 3407
f 3387 3336 3366
f 3336 3339 3366
f 244 242 209
f 242 241 209
f 241 291 243
f 291 329 243
f 329 436 435
f 436 590 435
f 590 591 602
f 591 571 602
f 571 524 572
f 524 526 572
f 526 247 248
f 247 244 209
f 3571 3621 3605
f 3621 3620 3619
f 3620 3567 3603
f 3603 3564 3604
f 3564 3565 3604
f 3565 3566 3604
f 3566 3618 3604
f 3618 3605 3621
f 3369 3366 3339
f 3366 3443 3407
f 3443 3442 3477
f 3442 3406 3439
f 3406 3365 3478
f 3365 3270 3478
f 3270 3163 3191
f 3163 3215 3122
f 3215 3362 3267
f 3362 3404 3403
f 3404 3405 3473
f 3405 3407 3441
f 3407 3387 3366
f 209 241 185
f 241 243 185
f 243 329 265
f 329 435 475
f 435 590 475
f 590 602 475
f 602 571 589
f 571 572 570
f 572 526 495
f 526 248 440
f 248 247 209
f 3621 3619 3618
f 3619 3620 3603
f 3603 3604 3619
f 3604 3618 3619
f 3407 3443 3477
f 3477 3442 3439
f 3439 3406 3478
f 3478 3270 3191
f 3191 3163 3122
f 3122 3215 3267
f 3267 3362 3403
f 3403 3404 3473
f 3473 3405 3441
f 3441 3407 3477
f 209 185 248
f 185 243 157
f 243 265 157
f 265 329 328
f 329 475 328
f 475 602 589
f 589 571 569
f 571 570 569
f 570 572 523
f 572 495 523
f 495 526 440
f 440 248 297
f 3477 3439 3475
f 3439 3478 3475
f 3478 3191 3193
f 3191 3122 3139
f 3122 3267 3121
f 3267 3403 3384
f 3403 3473 3472
f 3473 3441 3475
f 3441 3477 3475
f 248 185 158
f 185 157 158
f 157 265 212
f 265 328 264
f 328 475 432
f 475 589 432
f 589 569 601
f 569 570 523
f 523 495 494
f 495 440 494
f 440 297 404
f 297 248 158
f 3475 3478 3501
f 3478 3193 3479
f 3193 3191 3140
f 3191 3139 3140
f 3139 3122 3108
f 3122 3121 3108
f 3121 3267 3266
f 3267 3384 3266
f 3384 3403 3474
f 3403 3472 3474
f 3472 3473 3501
f 3473 3475 3501
f 158 157 159
f 157 212 187
f 212 265 264
f 264 328 263
f 328 432 263
f 432 589 474
f 589 601 474
f 601 569 568
f 569 523 433
f 523 494 434
f 494 440 404
f 404 297 267
f 297 158 131
f 3501 3478 3479
f 3479 3193 3271
f 3193 3140 3217
f 3140 3139 3138
f 3139 3108 3120
f 3108 3121 3244
f 3121 3266 3244
f 3266 3384 3244
f 3384 3474 3438
f 3474 3472 3532
f 3472 3501 3532
f 158 159 131
f 159 157 187
f 187 212 160
f 212 264 249
f 264 263 155
f 263 432 239
f 432 474 238
f 474 601 429
f 601 568 588
f 568 569 431
f 569 433 431
f 433 523 434
f 434 494 437
f 494 404 437
f 404 267 353
f 267 297 131
f 3501 3479 3532
f 3479 3271 3409
f 3271 3193 3217
f 3217 3140 3190
f 3140 3138 3190
f 3138 3139 3137
f 3139 3120 3137
f 3120 3108 3244
f 3244 3384 3383
f 3384 3438 3383
f 3438 3474 3560
f 3474 3532 3560
f 131 159 133
f 159 187 133
f 187 160 133
f 160 212 211
f 212 249 211
f 249 264 155
f 155 263 239
f 239 432 238
f 238 474 237
f 474 429 237
f 429 601 588
f 588 568 545
f 568 431 545
f 431 433 375
f 433 434 375
f 434 437 375
f 437 404 353
f 353 267 245
f 267 131 129
f 3532 3479 3561
f 3479 3409 3561
f 3409 3271 3304
f 3271 3217 3216
f 3217 3190 3216
f 3190 3138 3137
f 3137 3120 3107
f 3120 3244 3263
f 3244 3383 3263
f 3383 3438 3437
f 3438 3560 3504
f 3560 3532 3561
f 131 133 132
f 133 160 111
f 160 211 110
f 211 249 210
f 249 155 210
f 155 239 127
f 239 238 126
f 238 237 82
f 237 429 235
f 429 588 403
f 588 545 544
f 545 431 430
f 431 375 351
f 375 437 327
f 437 353 327
f 353 245 208
f 245 267 129
f 129 131 132
f 3561 3409 3585
f 3409 3304 3440
f 3304 3271 3216
f 3216 3190 3265
f 3190 3137 3264
f 3137 3107 3136
f 3107 3120 3243
f 3120 3263 3243
f 3263 3383 3436
f 3383 3437 3436
f 3437 3438 3504
f 3504 3560 3534
f 3560 3561 3562
f 132 133 89
f 133 111 89
f 111 160 110
f 110 211 186
f 211 210 186
f 210 155 156
f 155 127 156
f 127 239 94
f 239 126 94
f 126 238 82
f 82 237 235
f 235 429 403
f 403 588 544
f 544 545 522
f 545 430 522
f 430 431 351
f 351 375 326
f 375 327 326
f 327 353 208
f 208 245 85
f 245 129 130
f 129 132 130
f 3561 3585 3562
f 3585 3409 3440
f 3440 3304 3363
f 3304 3216 3268
f 3216 3265 3268
f 3265 3190 3264
f 3264 3137 3262
f 3137 3136 3262
f 3136 3107 3119
f 3107 3243 3260
f 3243 3263 3469
f 3263 3436 3470
f 3436 3437 3558
f 3437 3504 3480
f 3504 3534 3563
f 3534 3560 3562
f 132 89 74
f 89 111 57
f 111 110 90
f 110 186 96
f 186 210 96
f 210 156 96
f 156 127 128
f 127 94 95
f 94 126 84
f 126 82 83
f 82 235 81
f 235 403 350
f 403 544 491
f 544 522 491
f 522 430 428
f 430 351 289
f 351 326 290
f 326 327 208
f 208 85 65
f 85 245 130
f 130 132 74
f 3562 3585 3587
f 3585 3440 3583
f 3440 3363 3476
f 3363 3304 3268
f 3268 3265 3332
f 3265 3264 3332
f 3264 3262 3332
f 3262 3136 3162
f 3136 3119 3162
f 3119 3107 3260
f 3260 3243 3468
f 3243 3469 3468
f 3469 3263 3470
f 3470 3436 3558
f 3558 3437 3480
f 3480 3504 3503
f 3504 3563 3503
f 3563 3534 3587
f 3534 3562 3587
f 74 89 57
f 57 111 90
f 90 110 87
f 110 96 87
f 96 156 128
f 128 127 95
f 95 94 84
f 84 126 83
f 83 82 46
f 82 81 46
f 81 235 233
f 235 350 233
f 350 403 491
f 491 522 492
f 522 428 492
f 428 430 289
f 289 351 262
f 351 290 262
f 290 326 240
f 326 208 240
f 208 65 184
f 65 85 30
f 85 130 34
f 130 74 34
f 3587 3585 3586
f 3585 3583 3586
f 3583 3440 3476
f 3476 3363 3500
f 3363 3268 3382
f 3268 3332 3382
f 3332 3262 3361
f 3262 3162 3261
f 3162 3119 3161
f 3119 3260 3303
f 3260 3468 3466
f 3468 3469 3631
f 3469 3470 3580
f 3470 3558 3581
f 3558 3480 3502
f 3480 3503 3502
f 3503 3563 3601
f 3563 3587 3602
f 74 57 38
f 57 90 88
f 90 87 88
f 87 96 86
f 96 128 86
f 128 95 69
f 95 84 69
f 84 83 66
f 83 46 64
f 46 81 26
f 81 233 108
f 233 350 231
f 350 491 349
f 491 492 472
f 492 428 325
f 428 289 288
f 289 262 288
f 262 290 207
f 290 240 207
f 240 208 184
f 184 65 63
f 65 30 28
f 30 85 34
f 34 74 38
f 3587 3586 3638
f 3586 3583 3584
f 3583 3476 3584
f 3476 3500 3634
f 3500 3363 3382
f 3382 3332 3381
f 3332 3361 3381
f 3361 3262 3261
f 3261 3162 3189
f 3162 3161 3189
f 3161 3119 3303
f 3303 3260 3466
f 3466 3468 3631
f 3631 3469 3580
f 3580 3470 3615
f 3470 3581 3615
f 3581 3558 3559
f 3558 3502 3559
f 3502 3503 3533
f 3503 3601 3533
f 3601 3563 3602
f 3602 3587 3638
f 38 57 40
f 57 88 55
f 88 87 56
f 87 86 52
f 86 128 69
f 69 84 66
f 66 83 64
f 64 46 47
f 46 26 47
f 26 81 78
f 81 108 78
f 108 233 107
f 233 231 107
f 231 350 349
f 349 491 472
f 472 492 473
f 492 325 473
f 325 428 288
f 288 262 236
f 262 207 153
f 207 240 184
f 184 63 154
f 63 65 28
f 28 30 6
f 30 34 16
f 34 38 18
f 3638 3586 3656
f 3586 3584 3656
f 3584 3476 3634
f 3634 3500 3647
f 3500 3382 3381
f 3381 3361 3402
f 3361 3261 3401
f 3261 3189 3259
f 3189 3161 3213
f 3161 3303 3213
f 3303 3466 3360
f 3466 3631 3630
f 3631 3580 3632
f 3580 3615 3633
f 3615 3581 3616
f 3581 3559 3582
f 3559 3502 3617
f 3502 3533 3617
f 3533 3601 3617
f 3601 3602 3639
f 3602 3638 3674
f 38 40 20
f 40 57 39
f 57 55 39
f 55 88 56
f 56 87 52
f 52 86 50
f 86 69 71
f 69 66 68
f 66 64 67
f 64 47 29
f 47 26 27
f 26 78 25
f 78 108 91
f 108 107 91
f 107 231 124
f 231 349 323
f 349 472 401
f 472 473 402
f 473 325 402
f 325 288 182
f 288 236 183
f 236 262 153
f 153 207 154
f 207 184 154
f 154 63 109
f 63 28 62
f 28 6 4
f 6 30 16
f 16 34 18
f 18 38 8
f 3638 3656 3674
f 3656 3584 3688
f 3584 3634 3688
f 3634 3647 3684
f 3647 3500 3531
f 3500 3381 3471
f 3381 3402 3471
f 3402 3361 3435
f 3361 3401 3435
f 3401 3261 3259
f 3259 3189 3214
f 3189 3213 3214
f 3213 3303 3360
f 3360 3466 3464
f 3466 3630 3464
f 3630 3631 3663
f 3631 3632 3663
f 3632 3580 3633
f 3633 3615 3616
f 3616 3581 3582
f 3582 3559 3617
f 3617 3601 3636
f 3601 3639 3636
f 3639 3602 3674
f 38 20 8
f 20 40 39
f 39 55 37
f 55 56 41
f 56 52 53
f 52 50 75
f 50 86 71
f 71 69 70
f 69 68 70
f 68 66 67
f 67 64 32
f 64 29 48
f 29 47 14
f 47 27 14
f 27 26 25
f 25 78 91
f 91 107 106
f 107 124 123
f 124 231 232
f 231 323 232
f 323 349 401
f 401 472 402
f 402 325 324
f 325 182 324
f 182 288 183
f 183 236 152
f 236 153 152
f 153 154 152
f 154 109 152
f 109 63 62
f 62 28 13
f 28 4 13
f 4 6 1
f 6 16 2
f 16 18 7
f 18 8 17
f 3674 3656 3692
f 3656 3688 3692
f 3688 3634 3684
f 3684 3647 3682
f 3647 3531 3645
f 3531 3500 3471
f 3471 3402 3499
f 3402 3435 3499
f 3435 3401 3400
f 3401 3259 3400
f 3259 3214 3380
f 3214 3213 3241
f 3213 3360 3359
f 3360 3464 3462
f 3464 3630 3599
f 3630 3663 3680
f 3663 3632 3646
f 3632 3633 3648
f 3633 3616 3651
f 3616 3582 3651
f 3582 3617 3635
f 3617 3636 3635
f 3636 3639 3637
f 3639 3674 3637
f 8 20 17
f 20 39 19
f 39 37 19
f 37 55 41
f 41 56 53
f 53 52 76
f 52 75 76
f 75 50 72
f 50 71 49
f 71 70 49
f 70 68 35
f 68 67 32
f 32 64 48
f 48 29 15
f 29 14 15
f 14 27 12
f 27 25 12
f 25 91 24
f 91 106 24
f 106 107 123
f 123 124 145
f 124 232 234
f 232 323 261
f 323 401 348
f 401 402 399
f 402 324 400
f 324 182 181
f 182 183 80
f 183 152 80
f 152 109 62
f 62 13 152
f 13 4 11
f 4 1 10
f 1 6 2
f 2 16 7
f 7 18 17
f 3674 3692 3694
f 3692 3688 3705
f 3688 3684 3703
f 3684 3682 3711
f 3682 3647 3645
f 3645 3531 3557
f 3531 3471 3499
f 3499 3435 3556
f 3435 3400 3467
f 3400 3259 3380
f 3380 3214 3242
f 3214 3241 3242
f 3241 3213 3359
f 3359 3360 3462
f 3462 3464 3598
f 3464 3599 3598
f 3599 3630 3627
f 3630 3680 3627
f 3680 3663 3664
f 3663 3646 3664
f 3646 3632 3648
f 3648 3633 3651
f 3651 3582 3635
f 3635 3636 3669
f 3636 3637 3673
f 3637 3674 3672
f 17 20 19
f 19 37 36
f 37 41 49
f 41 53 49
f 53 76 73
f 76 75 73
f 75 72 73
f 72 50 49
f 49 70 37
f 70 35 37
f 35 68 32
f 32 48 33
f 48 15 31
f 15 14 5
f 14 12 5
f 12 25 24
f 24 106 42
f 106 123 121
f 123 145 142
f 145 124 44
f 124 234 150
f 234 232 147
f 232 261 205
f 261 323 348
f 348 401 399
f 399 402 490
f 402 400 490
f 400 324 287
f 324 181 206
f 181 182 149
f 182 80 92
f 80 152 79
f 152 13 79
f 13 11 79
f 11 4 10
f 10 1 9
f 1 2 3
f 2 7 5
f 7 17 15
f 3674 3694 3693
f 3694 3692 3707
f 3692 3705 3713
f 3705 3688 3703
f 3703 3684 3711
f 3711 3682 3709
f 3682 3645 3644
f 3645 3557 3600
f 3557 3531 3499
f 3499 3556 3557
f 3556 3435 3467
f 3467 3400 3530
f 3400 3380 3529
f 3380 3242 3302
f 3242 3241 3302
f 3241 3359 3301
f 3359 3462 3378
f 3462 3598 3578
f 3598 3599 3612
f 3599 3627 3612
f 3627 3680 3679
f 3680 3664 3681
f 3664 3646 3683
f 3646 3648 3649
f 3648 3651 3650
f 3651 3635 3653
f 3635 3669 3667
f 3669 3636 3673
f 3673 3637 3672
f 3672 3674 3693
f 17 19 31
f 19 36 31
f 36 37 33
f 53 41 54
f 53 73 51
f 73 72 51
f 72 49 51
f 37 35 33
f 35 32 33
f 33 48 31
f 31 15 17
f 15 5 7
f 5 12 3
f 12 24 9
f 24 42 9
f 42 106 121
f 121 123 142
f 142 145 177
f 145 44 177
f 44 124 150
f 150 234 147
f 147 232 205
f 205 261 260
f 261 348 260
f 348 399 345
f 399 490 471
f 490 400 543
f 400 287 374
f 287 324 206
f 206 181 149
f 149 182 92
f 92 80 45
f 80 79 77
f 79 11 23
f 11 10 22
f 10 9 21
f 9 1 3
f 3 2 5
f 3693 3694 3707
f 3707 3692 3713
f 3713 3705 3704
f 3705 3703 3712
f 3703 3711 3715
f 3711 3709 3714
f 3709 3682 3700
f 3682 3644 3700
f 3644 3645 3600
f 3600 3557 3555
f 3557 3556 3555
f 3556 3467 3555
f 3467 3530 3555
f 3530 3400 3529
f 3529 3380 3379
f 3380 3302 3379
f 3302 3241 3301
f 3301 3359 3378
f 3378 3462 3463
f 3462 3578 3463
f 3578 3598 3577
f 3598 3612 3597
f 3612 3627 3679
f 3679 3680 3681
f 3681 3664 3701
f 3664 3683 3701
f 3683 3646 3665
f 3646 3649 3686
f 3649 3648 3650
f 3650 3651 3652
f 3651 3653 3652
f 3653 3635 3667
f 3667 3669 3657
f 3669 3673 3670
f 3673 3672 3695
f 3672 3693 3691
f 31 36 33
f 3 12 9
f 9 42 21
f 42 121 173
f 121 142 173
f 142 177 200
f 177 44 60
f 44 150 151
f 150 147 151
f 147 205 144
f 205 260 203
f 260 348 345
f 345 399 346
f 399 471 346
f 471 490 543
f 543 400 521
f 400 374 521
f 374 287 347
f 287 206 204
f 206 149 146
f 149 92 93
f 92 45 93
f 45 80 77
f 77 79 179
f 79 23 105
f 23 11 22
f 22 10 21
f 3693 3707 3706
f 3707 3713 3704
f 3704 3705 3712
f 3712 3703 3715
f 3715 3711 3714
f 3714 3709 3697
f 3709 3700 3698
f 3700 3644 3555
f 3644 3600 3555
f 3555 3530 3629
f 3530 3529 3629
f 3529 3379 3528
f 3379 3302 3300
f 3302 3301 3299
f 3301 3378 3358
f 3378 3463 3434
f 3463 3578 3465
f 3578 3577 3548
f 3577 3598 3597
f 3597 3612 3678
f 3612 3679 3678
f 3679 3681 3699
f 3681 3701 3699
f 3701 3683 3702
f 3683 3665 3702
f 3665 3646 3686
f 3686 3649 3650
f 3650 3652 3689
f 3652 3653 3666
f 3653 3667 3666
f 3667 3657 3654
f 3657 3669 3658
f 3669 3670 3658
f 3670 3673 3695
f 3695 3672 3691
f 3691 3693 3706
f 21 42 43
f 42 173 58
f 173 142 200
f 200 177 60
f 60 44 45
f 44 151 125
f 151 147 148
f 147 144 148
f 144 205 203
f 203 260 259
f 260 345 259
f 345 346 343
f 346 471 344
f 471 543 520
f 543 521 587
f 521 374 470
f 374 347 469
f 347 287 204
f 204 206 146
f 146 149 148
f 149 93 125
f 93 45 44
f 45 77 61
f 77 179 61
f 179 79 180
f 79 105 180
f 105 23 61
f 23 22 61
f 22 21 43
f 3706 3707 3704
f 3704 3712 3702
f 3712 3715 3710
f 3715 3714 3708
f 3714 3697 3696
f 3697 3709 3698
f 3698 3700 3628
f 3700 3555 3628
f 3555 3629 3628
f 3629 3529 3613
f 3529 3528 3552
f 3528 3379 3498
f 3379 3300 3399
f 3300 3302 3212
f 3302 3299 3212
f 3299 3301 3358
f 3358 3378 3434
f 3434 3463 3497
f 3463 3465 3550
f 3465 3578 3553
f 3578 3548 3661
f 3548 3577 3545
f 3577 3597 3575
f 3597 3678 3659
f 3678 3679 3699
f 3699 3701 3710
f 3701 3702 3710
f 3702 3665 3685
f 3665 3686 3687
f 3686 3650 3689
f 3689 3652 3691
f 3652 3666 3691
f 3666 3667 3654
f 3654 3657 3655
f 3657 3658 3655
f 3658 3670 3655
f 3670 3695 3666
f 3695 3691 3666
f 3691 3706 3690
f 43 42 58
f 58 173 172
f 173 200 172
f 200 60 227
f 60 45 61
f 44 125 93
f 125 151 148
f 148 144 146
f 144 203 143
f 203 259 202
f 259 345 343
f 343 346 344
f 344 471 373
f 471 520 373
f 520 543 566
f 543 587 566
f 587 521 567
f 521 470 567
f 470 374 469
f 469 347 467
f 347 204 230
f 204 146 178
f 148 149 125
f 61 179 122
f 179 180 122
f 180 105 122
f 105 61 122
f 61 22 43
f 3706 3704 3685
f 3704 3702 3685
f 3702 3712 3710
f 3710 3715 3708
f 3708 3714 3696
f 3696 3697 3675
f 3697 3698 3676
f 3698 3628 3677
f 3628 3629 3626
f 3629 3613 3662
f 3613 3529 3552
f 3552 3528 3498
f 3498 3379 3399
f 3399 3300 3331
f 3300 3212 3160
f 3212 3299 3240
f 3299 3358 3355
f 3358 3434 3433
f 3434 3497 3433
f 3497 3463 3550
f 3550 3465 3553
f 3553 3578 3661
f 3661 3548 3524
f 3548 3545 3524
f 3545 3577 3575
f 3575 3597 3659
f 3659 3678 3696
f 3678 3699 3696
f 3699 3710 3708
f 3685 3665 3687
f 3687 3686 3689
f 3689 3691 3687
f 3666 3654 3668
f 3654 3655 3668
f 3655 3670 3668
f 3695 3670 3671
f 3691 3690 3687
f 3690 3706 3685
f 43 58 59
f 58 172 59
f 172 200 227
f 227 60 59
f 60 61 43
f 146 144 143
f 143 203 202
f 202 259 228
f 259 343 286
f 343 344 342
f 344 373 342
f 373 520 488
f 520 566 542
f 566 587 567
f 567 470 542
f 470 469 542
f 469 467 488
f 467 347 322
f 347 230 322
f 230 204 178
f 178 146 143
f 3708 3696 3699
f 3696 3675 3659
f 3675 3697 3676
f 3676 3698 3677
f 3677 3628 3596
f 3628 3626 3526
f 3626 3629 3662
f 3662 3613 3614
f 3613 3552 3614
f 3552 3498 3549
f 3498 3399 3496
f 3399 3331 3357
f 3331 3300 3188
f 3300 3160 3188
f 3160 3212 3240
f 3240 3299 3356
f 3299 3355 3356
f 3355 3358 3433
f 3433 3497 3495
f 3497 3550 3547
f 3550 3553 3554
f 3553 3661 3554
f 3661 3524 3642
f 3524 3545 3492
f 3545 3575 3520
f 3575 3659 3520
f 3685 3687 3690
f 43 59 60
f 59 172 227
f 143 202 176
f 202 228 174
f 228 259 286
f 286 343 372
f 343 342 372
f 342 373 371
f 373 488 371
f 488 520 469
f 520 542 469
f 542 566 567
f 488 467 519
f 467 322 486
f 322 230 201
f 230 178 176
f 178 143 176
f 3659 3675 3660
f 3675 3676 3660
f 3676 3677 3643
f 3677 3596 3643
f 3596 3628 3527
f 3628 3526 3527
f 3526 3626 3643
f 3626 3662 3643
f 3662 3614 3661
f 3614 3552 3579
f 3552 3549 3551
f 3549 3498 3496
f 3496 3399 3357
f 3357 3331 3238
f 3331 3188 3239
f 3188 3160 3118
f 3160 3240 3187
f 3240 3356 3354
f 3356 3355 3353
f 3355 3433 3432
f 3433 3495 3432
f 3495 3497 3547
f 3547 3550 3551
f 3550 3554 3551
f 3554 3661 3579
f 3661 3642 3662
f 3642 3524 3492
f 3492 3545 3520
f 3520 3659 3640
f 176 202 174
f 174 228 198
f 228 286 321
f 286 372 321
f 372 342 370
f 342 371 370
f 371 488 425
f 488 519 425
f 519 467 486
f 486 322 368
f 322 201 229
f 201 230 176
f 3659 3660 3640
f 3660 3676 3643
f 3643 3596 3576
f 3596 3527 3576
f 3527 3526 3576
f 3526 3643 3576
f 3643 3662 3642
f 3661 3614 3579
f 3579 3552 3551
f 3551 3549 3547
f 3549 3496 3525
f 3496 3357 3461
f 3357 3238 3236
f 3238 3331 3239
f 3239 3188 3135
f 3188 3118 3135
f 3118 3160 3134
f 3160 3187 3134
f 3187 3240 3330
f 3240 3354 3330
f 3354 3356 3353
f 3353 3355 3432
f 3432 3495 3494
f 3495 3547 3546
f 3551 3554 3579
f 3642 3492 3458
f 3492 3520 3519
f 3520 3640 3519
f 176 174 175
f 174 198 175
f 198 228 285
f 228 321 285
f 321 372 369
f 372 370 397
f 370 371 425
f 425 519 427
f 519 486 517
f 486 368 514
f 368 322 229
f 229 201 175
f 201 176 175
f 3640 3660 3641
f 3660 3643 3642
f 3547 3549 3546
f 3549 3525 3546
f 3525 3496 3461
f 3461 3357 3377
f 3357 3236 3377
f 3236 3238 3210
f 3238 3239 3159
f 3239 3135 3159
f 3135 3118 3134
f 3134 3187 3159
f 3187 3330 3210
f 3330 3354 3352
f 3354 3353 3352
f 3353 3432 3398
f 3432 3494 3459
f 3494 3495 3546
f 3642 3458 3641
f 3458 3492 3519
f 3519 3640 3641
f 175 198 199
f 198 285 320
f 285 321 367
f 321 369 367
f 369 372 397
f 397 370 398
f 370 425 398
f 425 427 398
f 427 519 518
f 519 517 518
f 517 486 514
f 514 368 396
f 368 229 396
f 229 175 199
f 3641 3660 3642
f 3546 3525 3523
f 3525 3461 3523
f 3461 3377 3493
f 3377 3236 3208
f 3236 3210 3186
f 3210 3238 3187
f 3238 3159 3187
f 3159 3135 3134
f 3210 3330 3328
f 3330 3352 3328
f 3352 3353 3329
f 3353 3398 3329
f 3398 3432 3459
f 3459 3494 3521
f 3494 3546 3523
f 3641 3458 3519
f 199 198 320
f 320 285 367
f 367 369 423
f 369 397 466
f 397 398 426
f 398 427 468
f 427 518 489
f 518 517 539
f 517 514 539
f 514 396 512
f 396 229 395
f 229 199 395
f 3523 3461 3493
f 3493 3377 3460
f 3377 3208 3325
f 3208 3236 3186
f 3186 3210 3256
f 3210 3328 3256
f 3328 3352 3327
f 3352 3329 3327
f 3329 3398 3376
f 3398 3459 3376
f 3459 3521 3490
f 3521 3494 3523
f 199 320 365
f 320 367 366
f 367 423 366
f 423 369 466
f 466 397 426
f 426 398 468
f 468 427 489
f 489 518 541
f 518 539 541
f 539 514 512
f 512 396 395
f 395 199 365
f 3523 3493 3522
f 3493 3460 3522
f 3460 3377 3325
f 3325 3208 3181
f 3208 3186 3184
f 3186 3256 3258
f 3256 3328 3327
f 3327 3329 3297
f 3329 3376 3326
f 3376 3459 3397
f 3459 3490 3397
f 3490 3521 3522
f 3521 3523 3522
f 365 320 366
f 366 423 424
f 423 466 485
f 466 426 485
f 426 468 487
f 468 489 516
f 489 541 540
f 541 539 565
f 539 512 511
f 512 395 484
f 395 365 422
f 3522 3460 3491
f 3460 3325 3296
f 3325 3181 3296
f 3181 3208 3184
f 3184 3186 3185
f 3186 3258 3185
f 3258 3256 3298
f 3256 3327 3298
f 3327 3297 3298
f 3297 3329 3326
f 3326 3376 3324
f 3376 3397 3324
f 3397 3490 3375
f 3490 3522 3491
f 365 366 422
f 366 424 422
f 424 423 465
f 423 485 465
f 485 426 487
f 487 468 516
f 516 489 540
f 540 541 565
f 565 539 564
f 539 511 564
f 511 512 484
f 484 395 422
f 3491 3460 3295
f 3460 3296 3295
f 3296 3181 3179
f 3181 3184 3156
f 3184 3185 3156
f 3185 3258 3211
f 3258 3298 3237
f 3298 3297 3257
f 3297 3326 3235
f 3326 3324 3254
f 3324 3397 3375
f 3375 3490 3491
f 422 424 464
f 424 465 464
f 465 485 515
f 485 487 515
f 487 516 515
f 516 540 565
f 565 564 515
f 564 511 513
f 511 484 422
f 3491 3295 3322
f 3295 3296 3179
f 3179 3181 3156
f 3156 3185 3158
f 3185 3211 3158
f 3211 3258 3237
f 3237 3298 3257
f 3257 3297 3235
f 3235 3326 3254
f 3254 3324 3323
f 3324 3375 3323
f 3375 3491 3322
f 422 464 511
f 464 465 513
f 465 515 513
f 515 516 565
f 515 564 513
f 513 511 464
f 3322 3295 3253
f 3295 3179 3206
f 3179 3156 3178
f 3156 3158 3133
f 3158 3211 3157
f 3211 3237 3183
f 3237 3257 3209
f 3257 3235 3207
f 3235 3254 3207
f 3254 3323 3255
f 3323 3375 3322
f 3322 3253 3323
f 3253 3295 3206
f 3206 3179 3178
f 3178 3156 3132
f 3156 3133 3132
f 3133 3158 3157
f 3157 3211 3183
f 3183 3237 3209
f 3209 3257 3207
f 3207 3254 3234
f 3254 3255 3234
f 3255 3323 3253
f 3253 3206 3178
f 3178 3132 3180
f 3132 3133 3182
f 3133 3157 3183
f 3183 3209 3182
f 3209 3207 3182
f 3207 3234 3182
f 3234 3255 3233
f 3255 3253 3233
f 3253 3178 3233
f 3178 3180 3233
f 3180 3132 3182
f 3182 3133 3183
f 3182 3234 3180
f 3234 3233 3180

