# https://github.com/mikedh/trimesh
v -0.35546875 0.03515625 -0.03515625
v -0.35546875 0.27734375 -0.04296875
v -0.35546875 0.27734375 -0.03515625
v -0.35546875 0.28515625 -0.03515625
v -0.34765625 0.01953125 -0.04296875
v -0.34765625 0.01953125 -0.03515625
v -0.34765625 0.02734375 -0.04296875
v -0.34765625 0.02734375 -0.03515625
v -0.34765625 0.02734375 -0.02734375
v -0.34765625 0.03515625 -0.04296875
v -0.34765625 0.03515625 -0.03515625
v -0.34765625 0.28515625 -0.04296875
v -0.34765625 0.28515625 -0.03515625
v -0.34765625 0.28515625 -0.02734375
v -0.33984375 0.01953125 -0.05078125
v -0.33984375 0.01953125 -0.04296875
v -0.33984375 0.01953125 -0.02734375
v -0.33984375 0.02734375 -0.04296875
v -0.33203125 0.26171875 -0.03515625
v -0.33203125 0.26171875 -0.02734375
v -0.32421875 -0.01953125 -0.03515625
v -0.32421875 -0.01171875 -0.04296875
v -0.32421875 0.26953125 -0.05078125
v -0.32421875 0.27734375 -0.01953125
v -0.32421875 0.28515625 -0.03515625
v -0.31640625 -0.03515625 -0.03515625
v -0.31640625 -0.02734375 -0.03515625
v -0.31640625 -0.01171875 -0.04296875
v -0.31640625 0.28515625 -0.05078125
v -0.30859375 0.24609375 -0.01953125
v -0.30859375 0.25390625 -0.04296875
v -0.30078125 -0.01953125 -0.05859375
v -0.30078125 -0.01953125 -0.01953125
v -0.30078125 0.00390625 -0.04296875
v -0.30078125 0.01171875 -0.04296875
v -0.30078125 0.01171875 -0.03515625
v -0.30078125 0.05078125 -0.05078125
v -0.30078125 0.26171875 -0.05859375
v -0.30078125 0.26171875 -0.01171875
v -0.30078125 0.27734375 -0.01953125
v -0.30078125 0.28515625 -0.05859375
v -0.30078125 0.28515625 -0.03515625
v -0.29296875 -0.08203125 -0.04296875
v -0.29296875 -0.00390625 -0.05859375
v -0.29296875 0.00390625 -0.05078125
v -0.29296875 0.00390625 -0.02734375
v -0.29296875 0.01171875 -0.05078125
v -0.29296875 0.04296875 -0.03515625
v -0.29296875 0.05078125 -0.05078125
v -0.29296875 0.11328125 -0.08203125
v -0.29296875 0.12109375 -0.08203125
v -0.29296875 0.23828125 -0.01953125
v -0.29296875 0.24609375 -0.04296875
v -0.28515625 -0.10546875 -0.04296875
v -0.28515625 -0.10546875 -0.03515625
v -0.28515625 -0.08984375 -0.04296875
v -0.28515625 -0.08984375 -0.03515625
v -0.28515625 -0.08203125 -0.05078125
v -0.28515625 -0.08203125 -0.03515625
v -0.28515625 -0.03515625 -0.05859375
v -0.28515625 -0.02734375 -0.02734375
v -0.28515625 0.01171875 -0.05078125
v -0.28515625 0.01171875 -0.02734375
v -0.28515625 0.05859375 -0.05859375
v -0.28515625 0.24609375 -0.06640625
v -0.28515625 0.26953125 -0.00390625
v -0.27734375 -0.16015625 -0.03515625
v -0.27734375 -0.16015625 -0.01171875
v -0.27734375 -0.16015625 -0.00390625
v -0.27734375 -0.15234375 -0.04296875
v -0.27734375 -0.15234375 -0.03515625
v -0.27734375 -0.15234375 -0.01171875
v -0.27734375 -0.15234375 0.00390625
v -0.27734375 -0.12890625 -0.05078125
v -0.27734375 -0.12890625 -0.04296875
v -0.27734375 -0.12890625 -0.03515625
v -0.27734375 -0.12890625 -0.01171875
v -0.27734375 -0.12890625 0.00390625
v -0.27734375 -0.10546875 -0.05078125
v -0.27734375 -0.10546875 -0.01171875
v -0.27734375 -0.09765625 -0.05078125
v -0.27734375 -0.08984375 -0.05078125
v -0.27734375 -0.08984375 -0.04296875
v -0.27734375 -0.08984375 -0.03515625
v -0.27734375 -0.08984375 -0.01171875
v -0.27734375 -0.08203125 -0.04296875
v -0.27734375 -0.08203125 -0.03515625
v -0.27734375 -0.08203125 -0.01171875
v -0.27734375 -0.03515625 -0.01953125
v -0.27734375 -0.00390625 -0.01953125
v -0.27734375 0.00390625 -0.05859375
v -0.27734375 0.01171875 -0.06640625
v -0.27734375 0.08203125 -0.04296875
v -0.27734375 0.08984375 -0.04296875
v -0.27734375 0.11328125 -0.09765625
v -0.27734375 0.12109375 -0.10546875
v -0.27734375 0.26953125 -0.07421875
v -0.26953125 -0.18359375 -0.01953125
v -0.26953125 -0.18359375 -0.00390625
v -0.26953125 -0.17578125 -0.01953125
v -0.26953125 -0.17578125 -0.01171875
v -0.26953125 -0.17578125 0.00390625
v -0.26953125 -0.16015625 -0.05078125
v -0.26953125 -0.16015625 -0.04296875
v -0.26953125 -0.16015625 -0.01953125
v -0.26953125 -0.16015625 -0.01171875
v -0.26953125 -0.16015625 -0.00390625
v -0.26953125 -0.16015625 0.00390625
v -0.26953125 -0.16015625 0.01953125
v -0.26953125 -0.15234375 -0.06640625
v -0.26953125 -0.15234375 -0.05078125
v -0.26953125 -0.15234375 0.01953125
v -0.26953125 -0.12890625 -0.06640625
v -0.26953125 -0.12890625 0.01171875
v -0.26953125 -0.10546875 -0.05859375
v -0.26953125 -0.10546875 0.00390625
v -0.26953125 -0.08984375 -0.01171875
v -0.26953125 -0.08984375 -0.00390625
v -0.26953125 -0.08984375 0.01171875
v -0.26953125 -0.08203125 -0.05078125
v -0.26953125 -0.08203125 -0.01171875
v -0.26953125 -0.08203125 -0.00390625
v -0.26953125 -0.03515625 -0.00390625
v -0.26953125 -0.00390625 -0.01171875
v -0.26953125 0.04296875 -0.07421875
v -0.26953125 0.08203125 -0.05078125
v -0.26953125 0.09765625 -0.05078125
v -0.26953125 0.12890625 -0.05078125
v -0.26953125 0.21484375 -0.01171875
v -0.26953125 0.23046875 -0.03515625
v -0.26953125 0.28515625 -0.05078125
v -0.26953125 0.28515625 -0.02734375
v -0.26171875 -0.17578125 -0.05078125
v -0.26171875 -0.16015625 -0.06640625
v -0.26171875 -0.15234375 -0.07421875
v -0.26171875 -0.12890625 -0.07421875
v -0.26171875 -0.10546875 0.01171875
v -0.26171875 -0.09765625 -0.07421875
v -0.26171875 -0.08984375 -0.06640625
v -0.26171875 -0.08984375 -0.05859375
v -0.26171875 -0.08203125 -0.08203125
v -0.26171875 -0.08203125 0.01953125
v -0.26171875 0.03515625 -0.00390625
v -0.26171875 0.04296875 -0.01171875
v -0.26171875 0.04296875 -0.00390625
v -0.26171875 0.08203125 -0.06640625
v -0.26171875 0.08203125 -0.04296875
v -0.26171875 0.08203125 -0.01953125
v -0.26171875 0.09765625 -0.07421875
v -0.26171875 0.09765625 -0.06640625
v -0.26171875 0.09765625 -0.04296875
v -0.26171875 0.09765625 -0.02734375
v -0.26171875 0.10546875 -0.12109375
v -0.26171875 0.11328125 -0.12109375
v -0.26171875 0.12890625 -0.04296875
v -0.26171875 0.16015625 -0.05078125
v -0.26171875 0.16015625 -0.00390625
v -0.26171875 0.20703125 -0.05859375
v -0.26171875 0.20703125 -0.04296875
v -0.26171875 0.20703125 -0.01953125
v -0.26171875 0.21484375 -0.08203125
v -0.26171875 0.23046875 -0.04296875
v -0.26171875 0.23828125 -0.06640625
v -0.26171875 0.25390625 -0.08984375
v -0.26171875 0.26953125 0.01171875
v -0.25390625 -0.19921875 -0.01953125
v -0.25390625 -0.19921875 -0.01171875
v -0.25390625 -0.19921875 -0.00390625
v -0.25390625 -0.19921875 0.00390625
v -0.25390625 -0.18359375 -0.01953125
v -0.25390625 -0.18359375 -0.00390625
v -0.25390625 -0.17578125 -0.00390625
v -0.25390625 -0.17578125 0.01171875
v -0.25390625 -0.16015625 0.01171875
v -0.25390625 -0.10546875 -0.07421875
v -0.25390625 -0.08203125 -0.07421875
v -0.25390625 -0.03515625 0.01171875
v -0.25390625 -0.01171875 0.01171875
v -0.25390625 0.02734375 0.01171875
v -0.25390625 0.03515625 -0.08984375
v -0.25390625 0.04296875 0.00390625
v -0.25390625 0.07421875 -0.01171875
v -0.25390625 0.08203125 -0.02734375
v -0.25390625 0.08203125 -0.00390625
v -0.25390625 0.08984375 -0.02734375
v -0.25390625 0.12890625 -0.00390625
v -0.25390625 0.16015625 -0.03515625
v -0.25390625 0.18359375 -0.10546875
v -0.25390625 0.30078125 -0.05078125
v -0.25390625 0.30078125 -0.04296875
v -0.25390625 0.38671875 -0.05078125
v -0.24609375 -0.20703125 -0.01171875
v -0.24609375 -0.20703125 0.00390625
v -0.24609375 -0.19921875 -0.01953125
v -0.24609375 -0.18359375 -0.01953125
v -0.24609375 -0.18359375 -0.00390625
v -0.24609375 -0.17578125 -0.01171875
v -0.24609375 -0.17578125 0.00390625
v -0.24609375 -0.16796875 -0.06640625
v -0.24609375 -0.16796875 -0.05078125
v -0.24609375 -0.16796875 0.01171875
v -0.24609375 -0.16015625 -0.06640625
v -0.24609375 -0.16015625 -0.05078125
v -0.24609375 -0.16015625 -0.04296875
v -0.24609375 -0.16015625 -0.01953125
v -0.24609375 -0.16015625 -0.01171875
v -0.24609375 -0.16015625 -0.00390625
v -0.24609375 -0.16015625 0.00390625
v -0.24609375 -0.15234375 0.01171875
v -0.24609375 -0.12890625 -0.06640625
v -0.24609375 -0.12109375 0.01171875
v -0.24609375 -0.10546875 -0.07421875
v -0.24609375 -0.10546875 0.01171875
v -0.24609375 -0.08984375 -0.00390625
v -0.24609375 -0.08203125 -0.00390625
v -0.24609375 -0.08203125 0.01171875
v -0.24609375 -0.04296875 -0.09765625
v -0.24609375 -0.03515625 0.00390625
v -0.24609375 -0.01171875 0.00390625
v -0.24609375 -0.00390625 -0.09765625
v -0.24609375 0.01953125 -0.10546875
v -0.24609375 0.02734375 0.00390625
v -0.24609375 0.03515625 -0.11328125
v -0.24609375 0.05859375 -0.01171875
v -0.24609375 0.08203125 -0.12890625
v -0.24609375 0.08203125 -0.08203125
v -0.24609375 0.08984375 -0.02734375
v -0.24609375 0.09765625 -0.09765625
v -0.24609375 0.09765625 -0.08203125
v -0.24609375 0.09765625 -0.02734375
v -0.24609375 0.12890625 -0.07421875
v -0.24609375 0.12890625 -0.02734375
v -0.24609375 0.16015625 -0.08203125
v -0.24609375 0.16015625 -0.01953125
v -0.24609375 0.17578125 -0.01953125
v -0.24609375 0.20703125 -0.02734375
v -0.24609375 0.21484375 -0.10546875
v -0.24609375 0.28515625 0.00390625
v -0.24609375 0.30078125 -0.01953125
v -0.24609375 0.37890625 -0.03515625
v -0.24609375 0.38671875 -0.05078125
v -0.24609375 0.41796875 -0.05859375
v -0.24609375 0.41796875 -0.05078125
v -0.24609375 0.43359375 -0.04296875
v -0.23828125 -0.19921875 -0.05078125
v -0.23828125 -0.19921875 -0.01953125
v -0.23828125 -0.19921875 -0.00390625
v -0.23828125 -0.19140625 -0.05078125
v -0.23828125 -0.19140625 -0.01953125
v -0.23828125 -0.19140625 -0.01171875
v -0.23828125 -0.19140625 -0.00390625
v -0.23828125 -0.19140625 0.00390625
v -0.23828125 -0.19140625 0.01171875
v -0.23828125 -0.16796875 -0.00390625
v -0.23828125 -0.16015625 -0.05859375
v -0.23828125 -0.16015625 -0.01953125
v -0.23828125 -0.16015625 -0.00390625
v -0.23828125 -0.14453125 0.00390625
v -0.23828125 -0.12109375 0.00390625
v -0.23828125 -0.10546875 0.00390625
v -0.23828125 -0.09765625 -0.06640625
v -0.23828125 -0.09765625 -0.05078125
v -0.23828125 -0.08984375 -0.05078125
v -0.23828125 -0.08984375 0.00390625
v -0.23828125 -0.08203125 -0.05078125
v -0.23828125 -0.08203125 -0.00390625
v -0.23828125 -0.01953125 -0.08984375
v -0.23828125 0.01171875 -0.11328125
v -0.23828125 0.02734375 -0.12890625
v -0.23828125 0.04296875 -0.01953125
v -0.23828125 0.04296875 -0.01171875
v -0.23828125 0.04296875 -0.00390625
v -0.23828125 0.05078125 -0.08984375
v -0.23828125 0.07421875 -0.10546875
v -0.23828125 0.08203125 -0.08984375
v -0.23828125 0.08984375 -0.13671875
v -0.23828125 0.09765625 -0.09765625
v -0.23828125 0.12890625 -0.08984375
v -0.23828125 0.16015625 0.01171875
v -0.23828125 0.28515625 -0.09765625
v -0.23828125 0.37890625 -0.02734375
v -0.23828125 0.38671875 -0.06640625
v -0.23828125 0.42578125 -0.04296875
v -0.23828125 0.42578125 -0.03515625
v -0.23046875 -0.20703125 -0.05078125
v -0.23046875 -0.20703125 -0.01953125
v -0.23046875 -0.20703125 -0.01171875
v -0.23046875 -0.20703125 0.00390625
v -0.23046875 -0.19921875 -0.01171875
v -0.23046875 -0.19921875 -0.00390625
v -0.23046875 -0.19921875 0.00390625
v -0.23046875 -0.19921875 0.01171875
v -0.23046875 -0.18359375 -0.00390625
v -0.23046875 -0.18359375 0.01171875
v -0.23046875 -0.16015625 -0.05859375
v -0.23046875 -0.14453125 -0.05859375
v -0.23046875 -0.14453125 -0.05078125
v -0.23046875 -0.14453125 -0.04296875
v -0.23046875 -0.12109375 -0.05859375
v -0.23046875 -0.12109375 -0.05078125
v -0.23046875 -0.12109375 -0.04296875
v -0.23046875 -0.10546875 -0.05859375
v -0.23046875 -0.10546875 -0.05078125
v -0.23046875 -0.08984375 -0.02734375
v -0.23046875 -0.08984375 -0.01171875
v -0.23046875 -0.08203125 -0.05078125
v -0.23046875 -0.08203125 -0.02734375
v -0.23046875 -0.08203125 0.00390625
v -0.23046875 -0.04296875 -0.00390625
v -0.23046875 -0.01171875 -0.01171875
v -0.23046875 0.01171875 -0.10546875
v -0.23046875 0.03515625 -0.09765625
v -0.23046875 0.03515625 -0.07421875
v -0.23046875 0.03515625 -0.02734375
v -0.23046875 0.04296875 -0.09765625
v -0.23046875 0.12890625 -0.10546875
v -0.23046875 0.16015625 -0.08984375
v -0.23046875 0.19921875 0.03515625
v -0.23046875 0.25390625 -0.13671875
v -0.22265625 -0.49609375 0.06640625
v -0.22265625 -0.19921875 -0.01171875
v -0.22265625 -0.19921875 0.00390625
v -0.22265625 -0.19140625 -0.05078125
v -0.22265625 -0.19140625 -0.01953125
v -0.22265625 -0.19140625 -0.00390625
v -0.22265625 -0.19140625 0.01171875
v -0.22265625 -0.14453125 -0.01953125
v -0.22265625 -0.14453125 -0.00390625
v -0.22265625 -0.12109375 -0.01953125
v -0.22265625 -0.12109375 -0.00390625
v -0.22265625 -0.10546875 -0.01171875
v -0.22265625 -0.10546875 -0.00390625
v -0.22265625 -0.08984375 -0.00390625
v -0.22265625 -0.08203125 -0.03515625
v -0.22265625 -0.08203125 -0.01171875
v -0.22265625 -0.08203125 -0.00390625
v -0.22265625 -0.04296875 -0.06640625
v -0.22265625 -0.04296875 -0.01171875
v -0.22265625 -0.01953125 -0.07421875
v -0.22265625 0.01953125 -0.01953125
v -0.22265625 0.03515625 -0.01953125
v -0.22265625 0.03515625 -0.01171875
v -0.22265625 0.07421875 -0.08203125
v -0.22265625 0.07421875 -0.02734375
v -0.22265625 0.09765625 -0.01953125
v -0.22265625 0.16015625 -0.10546875
v -0.22265625 0.19140625 0.01171875
v -0.22265625 0.23046875 0.04296875
v -0.22265625 0.25390625 0.04296875
v -0.22265625 0.38671875 -0.02734375
v -0.21484375 -0.45703125 0.06640625
v -0.21484375 -0.10546875 -0.02734375
v -0.21484375 -0.08984375 -0.02734375
v -0.21484375 -0.08984375 -0.01171875
v -0.21484375 -0.08203125 -0.00390625
v -0.21484375 -0.04296875 -0.05078125
v -0.21484375 -0.01953125 -0.01953125
v -0.21484375 0.01171875 -0.08984375
v -0.21484375 0.03515625 -0.06640625
v -0.21484375 0.03515625 -0.02734375
v -0.21484375 0.08203125 -0.01953125
v -0.21484375 0.09765625 -0.08203125
v -0.21484375 0.12890625 -0.09765625
v -0.21484375 0.16796875 0.00390625
v -0.21484375 0.19140625 -0.09765625
v -0.21484375 0.22265625 -0.11328125
v -0.21484375 0.39453125 -0.04296875
v -0.20703125 -0.22265625 0.00390625
v -0.20703125 -0.21484375 -0.02734375
v -0.20703125 -0.19921875 -0.01953125
v -0.20703125 -0.08203125 -0.01171875
v -0.20703125 -0.08203125 -0.00390625
v -0.20703125 -0.01953125 -0.05078125
v -0.20703125 0.01953125 -0.02734375
v -0.20703125 0.02734375 -0.08984375
v -0.20703125 0.03515625 -0.04296875
v -0.20703125 0.03515625 -0.02734375
v -0.20703125 0.06640625 -0.05078125
v -0.20703125 0.07421875 -0.07421875
v -0.20703125 0.07421875 -0.04296875
v -0.20703125 0.07421875 -0.02734375
v -0.20703125 0.09765625 -0.01171875
v -0.20703125 0.16015625 -0.09765625
v -0.20703125 0.24609375 -0.12109375
v -0.20703125 0.33984375 -0.07421875
v -0.19921875 -0.44140625 -0.03515625
v -0.19921875 -0.41796875 -0.04296875
v -0.19921875 -0.41796875 -0.01171875
v -0.19921875 -0.40234375 -0.01953125
v -0.19921875 -0.21484375 -0.01953125
v -0.19921875 -0.21484375 -0.01171875
v -0.19921875 -0.21484375 0.01171875
v -0.19921875 -0.20703125 -0.05078125
v -0.19921875 -0.20703125 -0.02734375
v -0.19921875 -0.20703125 0.00390625
v -0.19921875 -0.19921875 -0.05078125
v -0.19921875 -0.19921875 -0.01171875
v -0.19921875 -0.19921875 0.01171875
v -0.19921875 -0.04296875 -0.01953125
v -0.19921875 -0.01953125 -0.03515625
v -0.19921875 0.01171875 -0.05859375
v -0.19921875 0.02734375 -0.05859375
v -0.19921875 0.02734375 -0.02734375
v -0.19921875 0.03515625 -0.05859375
v -0.19921875 0.03515625 -0.02734375
v -0.19921875 0.06640625 -0.04296875
v -0.19921875 0.07421875 -0.01953125
v -0.19921875 0.09765625 -0.07421875
v -0.19921875 0.09765625 -0.05078125
v -0.19921875 0.09765625 -0.02734375
v -0.19921875 0.18359375 0.01171875
v -0.19921875 0.19921875 0.03515625
v -0.19921875 0.27734375 -0.12109375
v -0.19921875 0.28515625 0.02734375
v -0.19921875 0.29296875 -0.12109375
v -0.19921875 0.30078125 -0.10546875
v -0.19921875 0.30078125 0.01171875
v -0.19921875 0.30859375 -0.09765625
v -0.19921875 0.33984375 -0.01953125
v -0.19140625 -0.44921875 -0.04296875
v -0.19140625 -0.44921875 -0.03515625
v -0.19140625 -0.44140625 0.01171875
v -0.19140625 -0.43359375 -0.02734375
v -0.19140625 -0.42578125 -0.04296875
v -0.19140625 -0.41796875 -0.03515625
v -0.19140625 -0.40234375 -0.04296875
v -0.19140625 -0.39453125 -0.03515625
v -0.19140625 -0.19921875 0.01171875
v -0.19140625 -0.19140625 -0.05078125
v -0.19140625 -0.19140625 -0.01953125
v -0.19140625 -0.19140625 -0.01171875
v -0.19140625 0.01171875 -0.04296875
v -0.19140625 0.02734375 -0.04296875
v -0.19140625 0.03515625 -0.04296875
v -0.19140625 0.07421875 -0.04296875
v -0.19140625 0.12890625 -0.07421875
v -0.19140625 0.16015625 0.01171875
v -0.19140625 0.17578125 0.01953125
v -0.19140625 0.19140625 -0.10546875
v -0.19140625 0.19921875 0.04296875
v -0.19140625 0.22265625 -0.12109375
v -0.19140625 0.23046875 0.04296875
v -0.19140625 0.24609375 -0.12890625
v -0.19140625 0.25390625 0.05859375
v -0.19140625 0.30078125 -0.10546875
v -0.19140625 0.30859375 -0.09765625
v -0.18359375 -0.49609375 -0.00390625
v -0.18359375 -0.43359375 -0.05859375
v -0.18359375 -0.43359375 -0.02734375
v -0.18359375 -0.42578125 -0.04296875
v -0.18359375 -0.42578125 -0.00390625
v -0.18359375 -0.41796875 -0.05078125
v -0.18359375 -0.41015625 -0.06640625
v -0.18359375 -0.41015625 0.01171875
v -0.18359375 -0.40234375 0.02734375
v -0.18359375 -0.39453125 -0.00390625
v -0.18359375 -0.38671875 -0.05859375
v -0.18359375 -0.38671875 -0.05078125
v -0.18359375 -0.38671875 -0.04296875
v -0.18359375 0.16015625 -0.08203125
v -0.18359375 0.16015625 -0.05078125
v -0.18359375 0.16015625 0.00390625
v -0.18359375 0.23046875 0.05078125
v -0.18359375 0.25390625 0.06640625
v -0.18359375 0.27734375 -0.13671875
v -0.18359375 0.28515625 0.03515625
v -0.18359375 0.29296875 -0.12890625
v -0.18359375 0.30859375 -0.10546875
v -0.18359375 0.30859375 0.00390625
v -0.18359375 0.31640625 -0.08984375
v -0.18359375 0.33984375 -0.05078125
v -0.17578125 -0.44140625 -0.06640625
v -0.17578125 -0.44140625 -0.05859375
v -0.17578125 -0.43359375 -0.07421875
v -0.17578125 -0.43359375 -0.02734375
v -0.17578125 -0.42578125 -0.05859375
v -0.17578125 -0.42578125 -0.05078125
v -0.17578125 -0.41015625 -0.06640625
v -0.17578125 -0.41015625 -0.01171875
v -0.17578125 -0.41015625 0.01171875
v -0.17578125 -0.40234375 -0.00390625
v -0.17578125 -0.38671875 -0.06640625
v -0.17578125 -0.38671875 -0.05078125
v -0.17578125 -0.38671875 0.01171875
v -0.17578125 -0.37890625 -0.01171875
v -0.17578125 0.12890625 -0.05078125
v -0.17578125 0.16015625 -0.06640625
v -0.17578125 0.16015625 -0.01171875
v -0.17578125 0.16796875 -0.03515625
v -0.17578125 0.17578125 -0.01171875
v -0.17578125 0.17578125 -0.00390625
v -0.17578125 0.17578125 0.00390625
v -0.17578125 0.18359375 -0.01953125
v -0.17578125 0.18359375 -0.00390625
v -0.17578125 0.19140625 -0.09765625
v -0.17578125 0.19921875 0.00390625
v -0.17578125 0.19921875 0.02734375
v -0.17578125 0.22265625 -0.11328125
v -0.17578125 0.22265625 0.04296875
v -0.17578125 0.24609375 -0.12109375
v -0.17578125 0.24609375 0.05859375
v -0.17578125 0.27734375 -0.12890625
v -0.17578125 0.29296875 -0.12109375
v -0.17578125 0.29296875 0.01953125
v -0.17578125 0.30859375 -0.10546875
v -0.17578125 0.31640625 -0.08984375
v -0.17578125 0.32421875 -0.05859375
v -0.16796875 -0.44140625 -0.06640625
v -0.16796875 -0.44140625 -0.05859375
v -0.16796875 -0.43359375 -0.07421875
v -0.16796875 -0.41796875 -0.01953125
v -0.16796875 -0.37109375 0.01171875
v -0.16796875 -0.32421875 -0.05859375
v -0.16796875 -0.32421875 -0.05078125
v -0.16796875 0.16015625 -0.02734375
v -0.16796875 0.16796875 -0.04296875
v -0.16796875 0.16796875 -0.01171875
v -0.16796875 0.19140625 -0.08984375
v -0.16796875 0.19140625 -0.07421875
v -0.16796875 0.19921875 -0.06640625
v -0.16796875 0.19921875 0.01171875
v -0.16796875 0.20703125 -0.05859375
v -0.16796875 0.21484375 0.01953125
v -0.16796875 0.24609375 0.04296875
v -0.16796875 0.25390625 -0.09765625
v -0.16796875 0.27734375 0.05859375
v -0.16796875 0.28515625 -0.11328125
v -0.16796875 0.29296875 -0.11328125
v -0.16796875 0.29296875 -0.10546875
v -0.16796875 0.30078125 -0.09765625
v -0.16796875 0.31640625 -0.08203125
v -0.16796875 0.31640625 -0.02734375
v -0.16796875 0.32421875 -0.05859375
v -0.16015625 -0.39453125 0.01171875
v -0.16015625 -0.32421875 -0.05859375
v -0.16015625 0.15234375 -0.00390625
v -0.16015625 0.16015625 -0.03515625
v -0.16015625 0.16796875 -0.03515625
v -0.16015625 0.16796875 -0.01171875
v -0.16015625 0.17578125 -0.03515625
v -0.16015625 0.17578125 -0.02734375
v -0.16015625 0.17578125 -0.01953125
v -0.16015625 0.18359375 -0.01171875
v -0.16015625 0.18359375 0.00390625
v -0.16015625 0.20703125 -0.05859375
v -0.16015625 0.20703125 0.01171875
v -0.16015625 0.22265625 -0.12890625
v -0.16015625 0.22265625 -0.09765625
v -0.16015625 0.22265625 -0.08984375
v -0.16015625 0.22265625 0.02734375
v -0.16015625 0.23046875 -0.08984375
v -0.16015625 0.23046875 -0.07421875
v -0.16015625 0.23046875 -0.06640625
v -0.16015625 0.24609375 -0.08203125
v -0.16015625 0.24609375 0.03515625
v -0.16015625 0.25390625 -0.08984375
v -0.16015625 0.27734375 -0.09765625
v -0.16015625 0.27734375 0.02734375
v -0.16015625 0.28515625 -0.10546875
v -0.16015625 0.28515625 -0.09765625
v -0.16015625 0.29296875 -0.09765625
v -0.16015625 0.30078125 -0.08984375
v -0.16015625 0.30078125 -0.01171875
v -0.16015625 0.30078125 0.00390625
v -0.16015625 0.31640625 -0.08984375
v -0.16015625 0.31640625 -0.05859375
v -0.16015625 0.31640625 -0.04296875
v -0.16015625 0.31640625 -0.03515625
v -0.16015625 0.32421875 -0.06640625
v -0.15234375 -0.49609375 -0.10546875
v -0.15234375 -0.44921875 -0.11328125
v -0.15234375 -0.44140625 -0.10546875
v -0.15234375 -0.42578125 -0.09765625
v -0.15234375 -0.41796875 -0.12890625
v -0.15234375 -0.32421875 -0.07421875
v -0.15234375 0.13671875 -0.03515625
v -0.15234375 0.16796875 -0.01171875
v -0.15234375 0.16796875 0.01171875
v -0.15234375 0.16796875 0.01953125
v -0.15234375 0.17578125 -0.00390625
v -0.15234375 0.17578125 0.00390625
v -0.15234375 0.17578125 0.01953125
v -0.15234375 0.18359375 0.01171875
v -0.15234375 0.18359375 0.02734375
v -0.15234375 0.19921875 0.01953125
v -0.15234375 0.21484375 -0.13671875
v -0.15234375 0.21484375 -0.12109375
v -0.15234375 0.22265625 -0.12109375
v -0.15234375 0.22265625 0.01953125
v -0.15234375 0.24609375 -0.08203125
v -0.15234375 0.24609375 -0.07421875
v -0.15234375 0.24609375 0.01953125
v -0.15234375 0.25390625 -0.10546875
v -0.15234375 0.26953125 -0.08203125
v -0.15234375 0.27734375 -0.07421875
v -0.15234375 0.27734375 0.00390625
v -0.15234375 0.27734375 0.01171875
v -0.15234375 0.28515625 -0.12890625
v -0.15234375 0.28515625 -0.11328125
v -0.15234375 0.28515625 -0.08984375
v -0.15234375 0.28515625 -0.07421875
v -0.15234375 0.29296875 -0.12890625
v -0.15234375 0.29296875 -0.08984375
v -0.15234375 0.30078125 -0.11328125
v -0.15234375 0.30078125 -0.07421875
v -0.15234375 0.30078125 -0.01953125
v -0.15234375 0.33203125 -0.05859375
v -0.15234375 0.33203125 -0.04296875
v -0.15234375 0.33984375 -0.05859375
v -0.15234375 0.33984375 -0.04296875
v -0.14453125 -0.49609375 -0.08984375
v -0.14453125 -0.42578125 0.01171875
v -0.14453125 -0.41796875 -0.12109375
v -0.14453125 -0.41796875 0.03515625
v -0.14453125 -0.40234375 -0.01171875
v -0.14453125 -0.39453125 -0.14453125
v -0.14453125 -0.35546875 -0.12890625
v -0.14453125 -0.33984375 -0.11328125
v -0.14453125 -0.26953125 -0.02734375
v -0.14453125 -0.24609375 -0.06640625
v -0.14453125 -0.23828125 0.04296875
v -0.14453125 -0.22265625 0.01171875
v -0.14453125 -0.21484375 -0.05078125
v -0.14453125 -0.21484375 -0.04296875
v -0.14453125 -0.21484375 -0.02734375
v -0.14453125 -0.19921875 -0.04296875
v -0.14453125 -0.19921875 -0.02734375
v -0.14453125 -0.19140625 -0.03515625
v -0.14453125 0.10546875 -0.00390625
v -0.14453125 0.10546875 0.00390625
v -0.14453125 0.13671875 -0.03515625
v -0.14453125 0.16796875 -0.06640625
v -0.14453125 0.18359375 0.01953125
v -0.14453125 0.19921875 -0.11328125
v -0.14453125 0.19921875 0.03515625
v -0.14453125 0.20703125 -0.12890625
v -0.14453125 0.20703125 0.03515625
v -0.14453125 0.21484375 -0.13671875
v -0.14453125 0.21484375 -0.12109375
v -0.14453125 0.21484375 -0.11328125
v -0.14453125 0.22265625 -0.14453125
v -0.14453125 0.22265625 0.02734375
v -0.14453125 0.23046875 0.05078125
v -0.14453125 0.23046875 0.05859375
v -0.14453125 0.24609375 0.02734375
v -0.14453125 0.26171875 0.05078125
v -0.14453125 0.26171875 0.05859375
v -0.14453125 0.29296875 -0.11328125
v -0.14453125 0.31640625 -0.01953125
v -0.14453125 0.33984375 -0.06640625
v -0.14453125 0.33984375 -0.04296875
v -0.13671875 -0.49609375 -0.14453125
v -0.13671875 -0.45703125 0.10546875
v -0.13671875 -0.44140625 -0.15234375
v -0.13671875 -0.42578125 -0.12890625
v -0.13671875 -0.41796875 -0.12109375
v -0.13671875 -0.40234375 -0.14453125
v -0.13671875 -0.40234375 -0.13671875
v -0.13671875 -0.37109375 -0.13671875
v -0.13671875 -0.35546875 -0.12890625
v -0.13671875 -0.31640625 -0.12109375
v -0.13671875 -0.27734375 0.02734375
v -0.13671875 -0.25390625 -0.08203125
v -0.13671875 -0.25390625 -0.07421875
v -0.13671875 -0.23828125 -0.01171875
v -0.13671875 -0.23046875 -0.05859375
v -0.13671875 -0.22265625 -0.04296875
v -0.13671875 -0.22265625 -0.01171875
v -0.13671875 -0.21484375 -0.05859375
v -0.13671875 -0.20703125 -0.05859375
v -0.13671875 -0.19921875 -0.05859375
v -0.13671875 -0.18359375 -0.05859375
v -0.13671875 -0.18359375 -0.05078125
v -0.13671875 -0.18359375 -0.04296875
v -0.13671875 -0.14453125 -0.04296875
v -0.13671875 0.10546875 -0.00390625
v -0.13671875 0.16015625 -0.06640625
v -0.13671875 0.18359375 -0.10546875
v -0.13671875 0.19140625 -0.12890625
v -0.13671875 0.19140625 -0.10546875
v -0.13671875 0.20703125 -0.13671875
v -0.13671875 0.20703125 -0.12109375
v -0.13671875 0.20703125 -0.11328125
v -0.13671875 0.21484375 -0.14453125
v -0.13671875 0.21484375 -0.13671875
v -0.13671875 0.21484375 -0.11328125
v -0.13671875 0.26953125 0.05078125
v -0.13671875 0.27734375 0.03515625
v -0.13671875 0.27734375 0.05078125
v -0.13671875 0.27734375 0.05859375
v -0.13671875 0.28515625 0.01953125
v -0.13671875 0.29296875 0.01953125
v -0.13671875 0.29296875 0.03515625
v -0.13671875 0.32421875 -0.01953125
v -0.12890625 -0.49609375 -0.14453125
v -0.12890625 -0.44921875 -0.14453125
v -0.12890625 -0.44140625 -0.14453125
v -0.12890625 -0.37109375 -0.12890625
v -0.12890625 -0.32421875 -0.12109375
v -0.12890625 -0.26953125 -0.00390625
v -0.12890625 -0.25390625 -0.09765625
v -0.12890625 -0.23046875 -0.07421875
v -0.12890625 -0.21484375 0.03515625
v -0.12890625 -0.20703125 -0.06640625
v -0.12890625 -0.19921875 0.01953125
v -0.12890625 -0.19140625 -0.01171875
v -0.12890625 -0.18359375 -0.06640625
v -0.12890625 -0.14453125 -0.01953125
v -0.12890625 -0.08203125 -0.02734375
v -0.12890625 0.06640625 0.02734375
v -0.12890625 0.10546875 -0.00390625
v -0.12890625 0.11328125 0.02734375
v -0.12890625 0.12890625 -0.03515625
v -0.12890625 0.16796875 -0.09765625
v -0.12890625 0.18359375 -0.12890625
v -0.12890625 0.19140625 -0.13671875
v -0.12890625 0.20703125 -0.13671875
v -0.12890625 0.20703125 -0.12890625
v -0.12890625 0.21484375 -0.13671875
v -0.12890625 0.25390625 -0.10546875
v -0.12890625 0.30078125 0.01953125
v -0.12890625 0.33984375 -0.06640625
v -0.12109375 -0.49609375 0.11328125
v -0.12109375 -0.42578125 -0.13671875
v -0.12109375 -0.40234375 0.02734375
v -0.12109375 -0.23046875 -0.08203125
v -0.12109375 -0.20703125 -0.07421875
v -0.12109375 -0.15234375 -0.07421875
v -0.12109375 -0.08203125 -0.03515625
v -0.12109375 -0.08203125 -0.01171875
v -0.12109375 -0.05078125 -0.04296875
v -0.12109375 -0.02734375 -0.01953125
v -0.12109375 0.06640625 0.02734375
v -0.12109375 0.15234375 0.06640625
v -0.12109375 0.16015625 -0.11328125
v -0.12109375 0.17578125 -0.13671875
v -0.12109375 0.17578125 -0.10546875
v -0.12109375 0.18359375 0.06640625
v -0.12109375 0.21484375 -0.11328125
v -0.12109375 0.25390625 -0.10546875
v -0.12109375 0.33203125 -0.08984375
v -0.11328125 -0.40234375 0.04296875
v -0.11328125 -0.40234375 0.05078125
v -0.11328125 -0.20703125 -0.08203125
v -0.11328125 -0.15234375 -0.08203125
v -0.11328125 -0.15234375 0.01171875
v -0.11328125 -0.08203125 0.01953125
v -0.11328125 -0.05078125 0.01953125
v -0.11328125 -0.03515625 -0.04296875
v -0.11328125 0.07421875 0.01953125
v -0.11328125 0.11328125 -0.03515625
v -0.11328125 0.12890625 0.05078125
v -0.11328125 0.14453125 -0.12109375
v -0.11328125 0.14453125 -0.11328125
v -0.11328125 0.15234375 -0.09765625
v -0.11328125 0.15234375 -0.06640625
v -0.11328125 0.16015625 -0.12890625
v -0.11328125 0.16015625 -0.09765625
v -0.11328125 0.19921875 -0.14453125
v -0.11328125 0.22265625 0.07421875
v -0.11328125 0.24609375 -0.15234375
v -0.11328125 0.24609375 -0.10546875
v -0.11328125 0.27734375 -0.11328125
v -0.11328125 0.30859375 -0.12109375
v -0.11328125 0.31640625 -0.12890625
v -0.11328125 0.31640625 -0.11328125
v -0.11328125 0.32421875 -0.11328125
v -0.10546875 -0.42578125 0.01953125
v -0.10546875 -0.41796875 -0.12890625
v -0.10546875 -0.38671875 0.03515625
v -0.10546875 -0.23828125 -0.08984375
v -0.10546875 -0.23828125 -0.08203125
v -0.10546875 -0.20703125 -0.08203125
v -0.10546875 -0.19140625 0.01171875
v -0.10546875 -0.15234375 -0.08984375
v -0.10546875 -0.05078125 -0.07421875
v -0.10546875 -0.04296875 0.01171875
v -0.10546875 -0.02734375 -0.01171875
v -0.10546875 -0.00390625 -0.02734375
v -0.10546875 0.01171875 -0.02734375
v -0.10546875 0.03515625 -0.01953125
v -0.10546875 0.08203125 0.05859375
v -0.10546875 0.08984375 0.00390625
v -0.10546875 0.12890625 -0.10546875
v -0.10546875 0.12890625 -0.07421875
v -0.10546875 0.13671875 -0.08984375
v -0.10546875 0.16015625 -0.12890625
v -0.10546875 0.17578125 -0.13671875
v -0.10546875 0.19921875 -0.13671875
v -0.10546875 0.20703125 -0.12890625
v -0.10546875 0.20703125 -0.12109375
v -0.10546875 0.20703125 -0.11328125
v -0.10546875 0.22265625 -0.15234375
v -0.10546875 0.22265625 -0.14453125
v -0.10546875 0.24609375 -0.15234375
v -0.10546875 0.26953125 -0.10546875
v -0.10546875 0.29296875 -0.11328125
v -0.10546875 0.33984375 -0.02734375
v -0.10546875 0.35546875 -0.04296875
v -0.09765625 -0.49609375 0.06640625
v -0.09765625 -0.44140625 0.04296875
v -0.09765625 -0.42578125 0.02734375
v -0.09765625 -0.41796875 -0.12109375
v -0.09765625 -0.40234375 0.01171875
v -0.09765625 -0.37890625 0.02734375
v -0.09765625 -0.23828125 0.05859375
v -0.09765625 -0.22265625 0.04296875
v -0.09765625 -0.19140625 -0.07421875
v -0.09765625 -0.04296875 -0.08984375
v -0.09765625 -0.03515625 -0.03515625
v -0.09765625 -0.03515625 -0.00390625
v -0.09765625 -0.01953125 -0.04296875
v -0.09765625 -0.00390625 0.01953125
v -0.09765625 0.03515625 -0.02734375
v -0.09765625 0.05078125 -0.02734375
v -0.09765625 0.08203125 0.01953125
v -0.09765625 0.08984375 -0.03515625
v -0.09765625 0.08984375 0.05859375
v -0.09765625 0.12109375 0.08984375
v -0.09765625 0.12890625 -0.12109375
v -0.09765625 0.13671875 -0.12109375
v -0.09765625 0.21484375 -0.13671875
v -0.09765625 0.21484375 -0.11328125
v -0.09765625 0.23828125 -0.15234375
v -0.09765625 0.23828125 -0.14453125
v -0.09765625 0.26171875 -0.11328125
v -0.09765625 0.35546875 -0.05859375
v -0.08984375 -0.42578125 0.03515625
v -0.08984375 -0.40234375 0.01953125
v -0.08984375 -0.39453125 0.01953125
v -0.08984375 -0.27734375 0.02734375
v -0.08984375 -0.22265625 0.03515625
v -0.08984375 -0.16015625 -0.07421875
v -0.08984375 -0.05859375 -0.07421875
v -0.08984375 -0.03515625 -0.05859375
v -0.08984375 -0.02734375 -0.06640625
v -0.08984375 -0.02734375 -0.00390625
v -0.08984375 -0.01953125 -0.02734375
v -0.08984375 -0.00390625 -0.06640625
v -0.08984375 0.00390625 0.00390625
v -0.08984375 0.01171875 -0.06640625
v -0.08984375 0.01171875 0.01171875
v -0.08984375 0.01171875 0.01953125
v -0.08984375 0.02734375 0.01171875
v -0.08984375 0.08984375 -0.00390625
v -0.08984375 0.09765625 -0.05859375
v -0.08984375 0.09765625 0.03515625
v -0.08984375 0.10546875 0.08203125
v -0.08984375 0.12109375 -0.10546875
v -0.08984375 0.13671875 -0.12109375
v -0.08984375 0.15234375 -0.12890625
v -0.08984375 0.16015625 -0.12890625
v -0.08984375 0.19140625 -0.13671875
v -0.08984375 0.20703125 -0.14453125
v -0.08984375 0.23828125 -0.15234375
v -0.08984375 0.29296875 -0.11328125
v -0.08984375 0.32421875 0.00390625
v -0.08203125 -0.44140625 -0.12890625
v -0.08203125 -0.44140625 -0.12109375
v -0.08203125 -0.44140625 0.01171875
v -0.08203125 -0.25390625 0.00390625
v -0.08203125 -0.01953125 -0.05078125
v -0.08203125 -0.00390625 -0.02734375
v -0.08203125 0.03515625 -0.06640625
v -0.08203125 0.03515625 0.00390625
v -0.08203125 0.05078125 -0.02734375
v -0.08203125 0.05078125 0.00390625
v -0.08203125 0.05859375 -0.06640625
v -0.08203125 0.12109375 -0.12109375
v -0.08203125 0.12890625 -0.10546875
v -0.08203125 0.13671875 -0.12109375
v -0.08203125 0.14453125 0.08984375
v -0.08203125 0.19921875 -0.13671875
v -0.08203125 0.24609375 -0.11328125
v -0.08203125 0.26171875 0.08203125
v -0.08203125 0.27734375 -0.11328125
v -0.08203125 0.27734375 0.07421875
v -0.08203125 0.28515625 -0.11328125
v -0.08203125 0.30078125 0.03515625
v -0.08203125 0.30859375 -0.11328125
v -0.08203125 0.31640625 -0.12109375
v -0.08203125 0.34765625 -0.08203125
v -0.08203125 0.36328125 -0.01171875
v -0.07421875 -0.45703125 0.00390625
v -0.07421875 -0.44921875 0.01171875
v -0.07421875 -0.43359375 0.01953125
v -0.07421875 -0.34765625 -0.09765625
v -0.07421875 -0.23828125 -0.08203125
v -0.07421875 -0.23046875 -0.01171875
v -0.07421875 -0.21484375 -0.07421875
v -0.07421875 -0.19140625 -0.07421875
v -0.07421875 -0.04296875 -0.07421875
v -0.07421875 -0.03515625 -0.08203125
v -0.07421875 -0.02734375 -0.07421875
v -0.07421875 -0.02734375 0.02734375
v -0.07421875 -0.02734375 0.04296875
v -0.07421875 -0.01171875 -0.08984375
v -0.07421875 -0.01171875 -0.05859375
v -0.07421875 -0.01171875 -0.00390625
v -0.07421875 0.00390625 0.04296875
v -0.07421875 0.01953125 -0.08984375
v -0.07421875 0.02734375 -0.09765625
v -0.07421875 0.03515625 -0.06640625
v -0.07421875 0.05078125 -0.09765625
v -0.07421875 0.05859375 -0.05859375
v -0.07421875 0.07421875 0.00390625
v -0.07421875 0.07421875 0.03515625
v -0.07421875 0.10546875 0.07421875
v -0.07421875 0.12109375 0.08984375
v -0.07421875 0.13671875 -0.12109375
v -0.07421875 0.16015625 -0.12890625
v -0.07421875 0.16796875 0.08203125
v -0.07421875 0.22265625 -0.14453125
v -0.07421875 0.25390625 -0.16015625
v -0.07421875 0.25390625 -0.15234375
v -0.07421875 0.26171875 -0.12109375
v -0.07421875 0.31640625 0.05859375
v -0.07421875 0.33984375 -0.01953125
v -0.07421875 0.33984375 0.02734375
v -0.07421875 0.36328125 -0.01171875
v -0.07421875 0.37109375 -0.03515625
v -0.06640625 -0.44921875 -0.01953125
v -0.06640625 -0.41796875 0.00390625
v -0.06640625 -0.39453125 0.00390625
v -0.06640625 -0.23828125 -0.07421875
v -0.06640625 -0.23828125 -0.05859375
v -0.06640625 -0.20703125 0.00390625
v -0.06640625 -0.19921875 0.01171875
v -0.06640625 -0.16015625 -0.07421875
v -0.06640625 -0.08203125 0.01953125
v -0.06640625 -0.07421875 0.01171875
v -0.06640625 -0.05859375 -0.08203125
v -0.06640625 -0.05859375 -0.07421875
v -0.06640625 -0.05859375 0.01953125
v -0.06640625 -0.03515625 -0.08984375
v -0.06640625 -0.01171875 -0.08203125
v -0.06640625 0.02734375 0.02734375
v -0.06640625 0.03515625 -0.08984375
v -0.06640625 0.03515625 0.01953125
v -0.06640625 0.05078125 0.02734375
v -0.06640625 0.10546875 -0.06640625
v -0.06640625 0.12109375 0.07421875
v -0.06640625 0.12890625 -0.07421875
v -0.06640625 0.15234375 -0.12109375
v -0.06640625 0.17578125 -0.13671875
v -0.06640625 0.20703125 -0.13671875
v -0.06640625 0.20703125 -0.12890625
v -0.06640625 0.20703125 -0.12109375
v -0.06640625 0.21484375 -0.12890625
v -0.06640625 0.22265625 -0.13671875
v -0.06640625 0.23046875 0.08984375
v -0.06640625 0.23828125 -0.14453125
v -0.06640625 0.24609375 -0.15234375
v -0.06640625 0.29296875 0.08984375
v -0.06640625 0.30859375 -0.11328125
v -0.06640625 0.33203125 -0.12109375
v -0.06640625 0.33984375 -0.10546875
v -0.06640625 0.33984375 0.01953125
v -0.06640625 0.37109375 -0.03515625
v -0.06640625 0.41015625 0.05859375
v -0.06640625 0.41015625 0.06640625
v -0.06640625 0.41015625 0.07421875
v -0.06640625 0.41796875 0.05078125
v -0.06640625 0.41796875 0.05859375
v -0.06640625 0.41796875 0.07421875
v -0.06640625 0.42578125 0.05078125
v -0.06640625 0.42578125 0.05859375
v -0.06640625 0.42578125 0.07421875
v -0.06640625 0.44140625 0.05859375
v -0.06640625 0.44140625 0.06640625
v -0.05859375 -0.49609375 -0.01171875
v -0.05859375 -0.47265625 -0.01171875
v -0.05859375 -0.44140625 -0.01171875
v -0.05859375 -0.43359375 -0.00390625
v -0.05859375 -0.41796875 -0.01171875
v -0.05859375 -0.40234375 -0.10546875
v -0.05859375 -0.39453125 -0.00390625
v -0.05859375 -0.37890625 -0.01171875
v -0.05859375 -0.25390625 -0.08203125
v -0.05859375 -0.23828125 -0.04296875
v -0.05859375 -0.23828125 -0.02734375
v -0.05859375 -0.23046875 -0.06640625
v -0.05859375 -0.23046875 -0.01171875
v -0.05859375 -0.23046875 -0.00390625
v -0.05859375 -0.22265625 -0.07421875
v -0.05859375 -0.21484375 0.00390625
v -0.05859375 -0.20703125 -0.01171875
v -0.05859375 -0.14453125 0.01171875
v -0.05859375 -0.05859375 -0.08984375
v -0.05859375 -0.05859375 -0.08203125
v -0.05859375 0.00390625 0.05859375
v -0.05859375 0.02734375 0.04296875
v -0.05859375 0.03515625 0.03515625
v -0.05859375 0.05078125 -0.08203125
v -0.05859375 0.10546875 0.05859375
v -0.05859375 0.11328125 -0.10546875
v -0.05859375 0.12109375 -0.12109375
v -0.05859375 0.12890625 0.09765625
v -0.05859375 0.15234375 -0.12890625
v -0.05859375 0.16796875 -0.12890625
v -0.05859375 0.17578125 -0.12890625
v -0.05859375 0.19140625 -0.13671875
v -0.05859375 0.19140625 0.09765625
v -0.05859375 0.21484375 -0.12109375
v -0.05859375 0.23046875 -0.14453125
v -0.05859375 0.26953125 -0.12109375
v -0.05859375 0.26953125 0.10546875
v -0.05859375 0.27734375 0.09765625
v -0.05859375 0.28515625 0.08203125
v -0.05859375 0.29296875 -0.11328125
v -0.05859375 0.30078125 -0.11328125
v -0.05859375 0.31640625 -0.11328125
v -0.05859375 0.31640625 0.05078125
v -0.05859375 0.32421875 0.00390625
v -0.05859375 0.33203125 -0.12109375
v -0.05859375 0.34765625 -0.03515625
v -0.05859375 0.37890625 -0.05859375
v -0.05859375 0.37890625 -0.05078125
v -0.05859375 0.38671875 -0.05078125
v -0.05859375 0.40234375 0.05078125
v -0.05859375 0.40234375 0.06640625
v -0.05859375 0.40234375 0.07421875
v -0.05859375 0.41015625 0.04296875
v -0.05859375 0.41796875 0.04296875
v -0.05859375 0.41796875 0.07421875
v -0.05859375 0.42578125 0.04296875
v -0.05859375 0.43359375 0.04296875
v -0.05859375 0.43359375 0.07421875
v -0.05859375 0.44140625 0.05078125
v -0.05859375 0.44140625 0.06640625
v -0.05859375 0.44140625 0.07421875
v -0.05078125 -0.49609375 -0.08203125
v -0.05078125 -0.46484375 -0.00390625
v -0.05078125 -0.37890625 -0.00390625
v -0.05078125 -0.26171875 -0.02734375
v -0.05078125 -0.23046875 -0.04296875
v -0.05078125 -0.22265625 -0.02734375
v -0.05078125 -0.21484375 -0.00390625
v -0.05078125 -0.20703125 -0.05859375
v -0.05078125 -0.20703125 -0.04296875
v -0.05078125 -0.20703125 -0.02734375
v -0.05078125 -0.16796875 -0.05859375
v -0.05078125 -0.16015625 -0.07421875
v -0.05078125 -0.15234375 0.01171875
v -0.05078125 -0.06640625 -0.08984375
v -0.05078125 -0.06640625 -0.08203125
v -0.05078125 -0.06640625 -0.07421875
v -0.05078125 0.05078125 -0.06640625
v -0.05078125 0.05078125 0.03515625
v -0.05078125 0.05859375 -0.11328125
v -0.05078125 0.07421875 0.04296875
v -0.05078125 0.12109375 -0.10546875
v -0.05078125 0.12109375 0.07421875
v -0.05078125 0.12890625 -0.12109375
v -0.05078125 0.16796875 -0.12890625
v -0.05078125 0.19140625 -0.13671875
v -0.05078125 0.19921875 -0.13671875
v -0.05078125 0.24609375 -0.12109375
v -0.05078125 0.27734375 0.05859375
v -0.05078125 0.28515625 0.05859375
v -0.05078125 0.30078125 0.03515625
v -0.05078125 0.33203125 -0.01953125
v -0.05078125 0.33984375 -0.00390625
v -0.05078125 0.35546875 0.01171875
v -0.05078125 0.37890625 -0.05078125
v -0.05078125 0.38671875 0.06640625
v -0.05078125 0.39453125 0.04296875
v -0.05078125 0.40234375 0.04296875
v -0.05078125 0.40234375 0.05859375
v -0.05078125 0.40234375 0.07421875
v -0.05078125 0.41015625 0.04296875
v -0.05078125 0.41796875 0.04296875
v -0.05078125 0.41796875 0.07421875
v -0.05078125 0.42578125 0.03515625
v -0.05078125 0.42578125 0.04296875
v -0.05078125 0.43359375 0.04296875
v -0.05078125 0.43359375 0.07421875
v -0.05078125 0.44140625 0.04296875
v -0.05078125 0.44140625 0.07421875
v -0.05078125 0.45703125 0.08984375
v -0.04296875 -0.49609375 -0.12109375
v -0.04296875 -0.49609375 -0.03515625
v -0.04296875 -0.47265625 -0.04296875
v -0.04296875 -0.47265625 -0.03515625
v -0.04296875 -0.46484375 -0.08203125
v -0.04296875 -0.44921875 -0.11328125
v -0.04296875 -0.44921875 -0.10546875
v -0.04296875 -0.44921875 0.00390625
v -0.04296875 -0.43359375 0.00390625
v -0.04296875 -0.42578125 -0.10546875
v -0.04296875 -0.41796875 -0.11328125
v -0.04296875 -0.41796875 0.01171875
v -0.04296875 -0.39453125 -0.08984375
v -0.04296875 -0.39453125 -0.06640625
v -0.04296875 -0.39453125 -0.04296875
v -0.04296875 -0.37109375 -0.08203125
v -0.04296875 -0.28515625 -0.07421875
v -0.04296875 -0.27734375 -0.05859375
v -0.04296875 -0.27734375 -0.03515625
v -0.04296875 -0.20703125 -0.05078125
v -0.04296875 -0.16796875 -0.03515625
v -0.04296875 -0.16796875 -0.01953125
v -0.04296875 -0.05859375 0.02734375
v -0.04296875 -0.05859375 0.04296875
v -0.04296875 0.02734375 0.05078125
v -0.04296875 0.03515625 0.03515625
v -0.04296875 0.05078125 -0.08984375
v -0.04296875 0.05078125 0.04296875
v -0.04296875 0.09765625 -0.07421875
v -0.04296875 0.10546875 0.06640625
v -0.04296875 0.12109375 -0.08203125
v -0.04296875 0.14453125 -0.12109375
v -0.04296875 0.18359375 -0.13671875
v -0.04296875 0.19921875 -0.13671875
v -0.04296875 0.20703125 -0.13671875
v -0.04296875 0.20703125 -0.12890625
v -0.04296875 0.20703125 -0.12109375
v -0.04296875 0.21484375 -0.13671875
v -0.04296875 0.21484375 -0.12109375
v -0.04296875 0.22265625 -0.14453125
v -0.04296875 0.22265625 -0.13671875
v -0.04296875 0.23828125 -0.14453125
v -0.04296875 0.24609375 -0.15234375
v -0.04296875 0.24609375 -0.14453125
v -0.04296875 0.26171875 -0.12890625
v -0.04296875 0.28515625 -0.12109375
v -0.04296875 0.31640625 -0.11328125
v -0.04296875 0.31640625 0.01953125
v -0.04296875 0.33984375 0.03515625
v -0.04296875 0.34765625 -0.01953125
v -0.04296875 0.35546875 -0.08203125
v -0.04296875 0.35546875 -0.05859375
v -0.04296875 0.36328125 -0.01171875
v -0.04296875 0.37109375 0.01171875
v -0.04296875 0.37109375 0.02734375
v -0.04296875 0.38671875 0.03515625
v -0.04296875 0.38671875 0.05078125
v -0.04296875 0.38671875 0.07421875
v -0.04296875 0.39453125 0.03515625
v -0.04296875 0.39453125 0.09765625
v -0.04296875 0.39453125 0.10546875
v -0.04296875 0.40234375 0.03515625
v -0.04296875 0.41015625 0.02734375
v -0.04296875 0.41015625 0.03515625
v -0.04296875 0.41796875 0.08203125
v -0.04296875 0.43359375 0.01953125
v -0.04296875 0.44140625 0.11328125
v -0.04296875 0.44140625 0.13671875
v -0.04296875 0.44921875 0.02734375
v -0.04296875 0.44921875 0.11328125
v -0.04296875 0.45703125 0.08984375
v -0.04296875 0.46484375 0.06640625
v -0.04296875 0.47265625 0.06640625
v -0.04296875 0.48046875 0.08984375
v -0.03515625 -0.49609375 -0.11328125
v -0.03515625 -0.49609375 -0.08984375
v -0.03515625 -0.49609375 -0.08203125
v -0.03515625 -0.49609375 -0.03515625
v -0.03515625 -0.47265625 -0.08203125
v -0.03515625 -0.47265625 -0.02734375
v -0.03515625 -0.45703125 -0.10546875
v -0.03515625 -0.44921875 -0.10546875
v -0.03515625 -0.44921875 -0.08984375
v -0.03515625 -0.44140625 -0.08984375
v -0.03515625 -0.43359375 -0.10546875
v -0.03515625 -0.43359375 -0.08984375
v -0.03515625 -0.39453125 -0.11328125
v -0.03515625 -0.39453125 -0.09765625
v -0.03515625 -0.39453125 -0.08984375
v -0.03515625 -0.39453125 -0.07421875
v -0.03515625 -0.39453125 -0.03515625
v -0.03515625 -0.37109375 -0.08203125
v -0.03515625 -0.06640625 -0.05859375
v -0.03515625 -0.05859375 -0.08203125
v -0.03515625 -0.05859375 -0.06640625
v -0.03515625 0.00390625 0.06640625
v -0.03515625 0.05078125 -0.07421875
v -0.03515625 0.07421875 0.05078125
v -0.03515625 0.14453125 0.10546875
v -0.03515625 0.16796875 -0.12890625
v -0.03515625 0.18359375 -0.13671875
v -0.03515625 0.19140625 -0.13671875
v -0.03515625 0.20703125 -0.13671875
v -0.03515625 0.23046875 -0.14453125
v -0.03515625 0.24609375 -0.12890625
v -0.03515625 0.24609375 0.11328125
v -0.03515625 0.26953125 -0.12890625
v -0.03515625 0.30078125 -0.11328125
v -0.03515625 0.30859375 -0.11328125
v -0.03515625 0.33203125 -0.11328125
v -0.03515625 0.34765625 -0.10546875
v -0.03515625 0.34765625 -0.04296875
v -0.03515625 0.35546875 0.05078125
v -0.03515625 0.36328125 0.09765625
v -0.03515625 0.36328125 0.10546875
v -0.03515625 0.37109375 0.07421875
v -0.03515625 0.37109375 0.08203125
v -0.03515625 0.39453125 0.01953125
v -0.03515625 0.40234375 0.12109375
v -0.03515625 0.41796875 0.01171875
v -0.03515625 0.43359375 0.12890625
v -0.03515625 0.45703125 0.02734375
v -0.03515625 0.47265625 0.02734375
v -0.03515625 0.47265625 0.12109375
v -0.03515625 0.48828125 0.04296875
v -0.03515625 0.48828125 0.06640625
v -0.03515625 0.48828125 0.09765625
v -0.02734375 -0.47265625 -0.03515625
v -0.02734375 -0.46484375 -0.08203125
v -0.02734375 -0.45703125 -0.02734375
v -0.02734375 -0.45703125 -0.01953125
v -0.02734375 -0.44140625 -0.02734375
v -0.02734375 -0.44140625 -0.01953125
v -0.02734375 -0.42578125 -0.02734375
v -0.02734375 -0.42578125 -0.01953125
v -0.02734375 -0.41796875 -0.11328125
v -0.02734375 -0.41796875 -0.08203125
v -0.02734375 -0.41796875 -0.07421875
v -0.02734375 -0.39453125 -0.11328125
v -0.02734375 -0.39453125 -0.08203125
v -0.02734375 -0.38671875 -0.09765625
v -0.02734375 -0.38671875 -0.05859375
v -0.02734375 -0.38671875 -0.04296875
v -0.02734375 -0.10546875 -0.01953125
v -0.02734375 -0.09765625 -0.01953125
v -0.02734375 -0.08984375 0.01171875
v -0.02734375 -0.08984375 0.01953125
v -0.02734375 -0.07421875 -0.05859375
v -0.02734375 0.01953125 0.05078125
v -0.02734375 0.03515625 0.04296875
v -0.02734375 0.05078125 0.05078125
v -0.02734375 0.07421875 0.05859375
v -0.02734375 0.09765625 0.07421875
v -0.02734375 0.11328125 -0.12109375
v -0.02734375 0.11328125 -0.11328125
v -0.02734375 0.12109375 -0.10546875
v -0.02734375 0.12890625 -0.12890625
v -0.02734375 0.13671875 0.08203125
v -0.02734375 0.19140625 -0.13671875
v -0.02734375 0.19921875 -0.13671875
v -0.02734375 0.26171875 -0.12890625
v -0.02734375 0.30078125 -0.12109375
v -0.02734375 0.33984375 -0.12109375
v -0.02734375 0.33984375 0.12109375
v -0.02734375 0.34765625 -0.12109375
v -0.02734375 0.35546875 -0.03515625
v -0.02734375 0.35546875 0.10546875
v -0.02734375 0.36328125 -0.01171875
v -0.02734375 0.37109375 0.12109375
v -0.02734375 0.37890625 0.00390625
v -0.02734375 0.40234375 0.00390625
v -0.02734375 0.41796875 -0.00390625
v -0.02734375 0.41796875 0.13671875
v -0.02734375 0.42578125 0.00390625
v -0.02734375 0.42578125 0.14453125
v -0.02734375 0.44921875 0.00390625
v -0.02734375 0.44921875 0.01171875
v -0.02734375 0.48046875 0.12109375
v -0.02734375 0.49609375 0.06640625
v -0.02734375 0.49609375 0.09765625
v -0.01953125 -0.47265625 -0.07421875
v -0.01953125 -0.45703125 -0.08203125
v -0.01953125 -0.44140625 -0.07421875
v -0.01953125 -0.43359375 -0.07421875
v -0.01953125 -0.39453125 -0.08203125
v -0.01953125 -0.39453125 -0.07421875
v -0.01953125 -0.38671875 -0.09765625
v -0.01953125 -0.12109375 -0.05078125
v -0.01953125 -0.10546875 -0.05078125
v -0.01953125 -0.08203125 -0.05859375
v -0.01953125 -0.08203125 -0.01171875
v -0.01953125 -0.08203125 0.01953125
v -0.01953125 -0.08203125 0.03515625
v -0.01953125 -0.08203125 0.04296875
v -0.01953125 -0.07421875 -0.09765625
v -0.01953125 -0.07421875 -0.05859375
v -0.01953125 -0.07421875 -0.01171875
v -0.01953125 -0.06640625 -0.08203125
v -0.01953125 -0.06640625 -0.06640625
v -0.01953125 0.00390625 0.06640625
v -0.01953125 0.01171875 0.04296875
v -0.01953125 0.01171875 0.05859375
v -0.01953125 0.05859375 -0.12109375
v -0.01953125 0.05859375 -0.09765625
v -0.01953125 0.09765625 -0.08203125
v -0.01953125 0.12109375 -0.08984375
v -0.01953125 0.14453125 -0.12109375
v -0.01953125 0.16015625 -0.12890625
v -0.01953125 0.17578125 -0.13671875
v -0.01953125 0.19140625 0.11328125
v -0.01953125 0.19921875 -0.13671875
v -0.01953125 0.23046875 0.11328125
v -0.01953125 0.26953125 -0.12890625
v -0.01953125 0.28515625 -0.12890625
v -0.01953125 0.31640625 -0.12109375
v -0.01953125 0.32421875 -0.11328125
v -0.01953125 0.33203125 -0.11328125
v -0.01953125 0.33203125 0.12109375
v -0.01953125 0.34765625 0.12890625
v -0.01953125 0.38671875 0.01171875
v -0.01953125 0.40234375 -0.01171875
v -0.01953125 0.40234375 0.13671875
v -0.01953125 0.41796875 0.13671875
v -0.01953125 0.44140625 0.15234375
v -0.01953125 0.44921875 0.14453125
v -0.01953125 0.45703125 0.01953125
v -0.01953125 0.48046875 0.01953125
v -0.01171875 -0.46484375 -0.07421875
v -0.01171875 -0.44140625 -0.07421875
v -0.01171875 -0.08984375 -0.05078125
v -0.01171875 -0.08203125 -0.05859375
v -0.01171875 -0.08203125 0.04296875
v -0.01171875 -0.07421875 -0.10546875
v -0.01171875 -0.07421875 -0.01171875
v -0.01171875 -0.06640625 -0.08984375
v -0.01171875 -0.06640625 -0.06640625
v -0.01171875 0.00390625 0.06640625
v -0.01171875 0.01171875 0.05078125
v -0.01171875 0.01171875 0.05859375
v -0.01171875 0.03515625 0.05078125
v -0.01171875 0.05078125 0.05859375
v -0.01171875 0.05859375 -0.12890625
v -0.01171875 0.05859375 -0.08203125
v -0.01171875 0.07421875 0.07421875
v -0.01171875 0.08984375 0.08984375
v -0.01171875 0.14453125 0.09765625
v -0.01171875 0.15234375 0.12109375
v -0.01171875 0.19140625 -0.13671875
v -0.01171875 0.28515625 -0.12890625
v -0.01171875 0.29296875 -0.12890625
v -0.01171875 0.31640625 -0.12109375
v -0.01171875 0.31640625 0.12890625
v -0.01171875 0.32421875 0.12890625
v -0.01171875 0.33203125 0.12890625
v -0.01171875 0.34765625 0.12890625
v -0.01171875 0.37109375 0.13671875
v -0.01171875 0.39453125 -0.01953125
v -0.01171875 0.39453125 -0.00390625
v -0.01171875 0.41015625 -0.00390625
v -0.01171875 0.41796875 -0.00390625
v -0.01171875 0.44140625 0.15234375
v -0.01171875 0.45703125 0.14453125
v -0.01171875 0.48046875 0.12109375
v -0.01171875 0.49609375 0.03515625
v -0.00390625 -0.08203125 0.04296875
v -0.00390625 -0.07421875 -0.10546875
v -0.00390625 -0.07421875 -0.06640625
v -0.00390625 -0.07421875 -0.01953125
v -0.00390625 -0.06640625 -0.08984375
v -0.00390625 -0.06640625 -0.06640625
v -0.00390625 -0.03515625 -0.12109375
v -0.00390625 0.02734375 -0.12109375
v -0.00390625 0.05859375 -0.12890625
v -0.00390625 0.05859375 -0.10546875
v -0.00390625 0.05859375 -0.08203125
v -0.00390625 0.09765625 -0.08984375
v -0.00390625 0.11328125 -0.12890625
v -0.00390625 0.11328125 -0.11328125
v -0.00390625 0.12109375 -0.11328125
v -0.00390625 0.12109375 -0.09765625
v -0.00390625 0.12890625 -0.12890625
v -0.00390625 0.14453125 -0.12890625
v -0.00390625 0.16015625 -0.12890625
v -0.00390625 0.17578125 -0.13671875
v -0.00390625 0.19140625 -0.13671875
v -0.00390625 0.19921875 -0.13671875
v -0.00390625 0.20703125 -0.12890625
v -0.00390625 0.21484375 -0.12890625
v -0.00390625 0.22265625 -0.13671875
v -0.00390625 0.23046875 -0.14453125
v -0.00390625 0.23046875 -0.13671875
v -0.00390625 0.23046875 0.11328125
v -0.00390625 0.23828125 -0.14453125
v -0.00390625 0.24609375 -0.15234375
v -0.00390625 0.24609375 -0.14453125
v -0.00390625 0.24609375 -0.12890625
v -0.00390625 0.24609375 0.12109375
v -0.00390625 0.26171875 -0.12890625
v -0.00390625 0.26953125 -0.12890625
v -0.00390625 0.27734375 0.11328125
v -0.00390625 0.28515625 -0.12890625
v -0.00390625 0.29296875 -0.12890625
v -0.00390625 0.30078125 -0.12890625
v -0.00390625 0.30859375 -0.14453125
v -0.00390625 0.30859375 -0.13671875
v -0.00390625 0.30859375 -0.12109375
v -0.00390625 0.32421875 -0.12109375
v -0.00390625 0.33203125 -0.11328125
v -0.00390625 0.33984375 -0.11328125
v -0.00390625 0.34765625 -0.12109375
v -0.00390625 0.34765625 -0.11328125
v -0.00390625 0.34765625 -0.05859375
v -0.00390625 0.35546875 -0.11328125
v -0.00390625 0.36328125 -0.11328125
v -0.00390625 0.36328125 -0.05078125
v -0.00390625 0.37109375 -0.08203125
v -0.00390625 0.37109375 -0.02734375
v -0.00390625 0.37890625 -0.09765625
v -0.00390625 0.38671875 -0.00390625
v -0.00390625 0.39453125 -0.07421875
v -0.00390625 0.39453125 -0.01953125
v -0.00390625 0.40234375 -0.08203125
v -0.00390625 0.41015625 -0.01171875
v -0.00390625 0.41796875 -0.01171875
v -0.00390625 0.43359375 -0.01171875
v -0.00390625 0.44140625 -0.00390625
v -0.00390625 0.44140625 0.15234375
v -0.00390625 0.44921875 0.00390625
v -0.00390625 0.45703125 0.14453125
v -0.00390625 0.47265625 0.01953125
v -0.00390625 0.48828125 0.01953125
v -0.00390625 0.48828125 0.12109375
v -0.00390625 0.49609375 0.05859375
v -0.00390625 0.49609375 0.10546875
v 0.00390625 -0.08203125 -0.06640625
v 0.00390625 -0.08203125 0.04296875
v 0.00390625 -0.07421875 -0.10546875
v 0.00390625 -0.07421875 -0.09765625
v 0.00390625 -0.07421875 -0.01953125
v 0.00390625 -0.06640625 -0.06640625
v 0.00390625 0.00390625 0.06640625
v 0.00390625 0.01171875 0.05078125
v 0.00390625 0.03515625 0.05859375
v 0.00390625 0.05078125 0.06640625
v 0.00390625 0.06640625 0.08203125
v 0.00390625 0.08984375 0.09765625
v 0.00390625 0.13671875 0.10546875
v 0.00390625 0.16015625 0.12890625
v 0.00390625 0.19921875 0.12109375
v 0.00390625 0.27734375 0.06640625
v 0.00390625 0.28515625 0.05859375
v 0.00390625 0.29296875 -0.12890625
v 0.00390625 0.30078125 -0.12890625
v 0.00390625 0.30078125 0.04296875
v 0.00390625 0.31640625 -0.12109375
v 0.00390625 0.31640625 0.12890625
v 0.00390625 0.32421875 0.05078125
v 0.00390625 0.32421875 0.12109375
v 0.00390625 0.33203125 0.05859375
v 0.00390625 0.33203125 0.11328125
v 0.00390625 0.33203125 0.12890625
v 0.00390625 0.34765625 0.09765625
v 0.00390625 0.34765625 0.13671875
v 0.00390625 0.35546875 0.07421875
v 0.00390625 0.35546875 0.08203125
v 0.00390625 0.37109375 0.13671875
v 0.00390625 0.39453125 0.14453125
v 0.00390625 0.41015625 0.13671875
v 0.00390625 0.41796875 0.14453125
v 0.00390625 0.43359375 0.15234375
v 0.00390625 0.44140625 0.15234375
v 0.00390625 0.45703125 0.14453125
v 0.00390625 0.48828125 0.12109375
v 0.00390625 0.49609375 0.03515625
v 0.00390625 0.49609375 0.09765625
v 0.01171875 -0.47265625 -0.06640625
v 0.01171875 -0.47265625 -0.05078125
v 0.01171875 -0.08203125 -0.06640625
v 0.01171875 -0.08203125 0.04296875
v 0.01171875 -0.07421875 -0.10546875
v 0.01171875 -0.07421875 -0.01953125
v 0.01171875 -0.07421875 -0.01171875
v 0.01171875 -0.06640625 -0.08984375
v 0.01171875 -0.06640625 -0.06640625
v 0.01171875 0.01171875 0.05078125
v 0.01171875 0.01171875 0.05859375
v 0.01171875 0.03515625 0.05078125
v 0.01171875 0.05078125 0.05859375
v 0.01171875 0.05859375 -0.12890625
v 0.01171875 0.05859375 -0.08203125
v 0.01171875 0.07421875 0.07421875
v 0.01171875 0.08984375 0.08984375
v 0.01171875 0.14453125 0.09765625
v 0.01171875 0.15234375 0.12109375
v 0.01171875 0.19140625 -0.13671875
v 0.01171875 0.28515625 -0.12890625
v 0.01171875 0.29296875 -0.12890625
v 0.01171875 0.31640625 -0.12109375
v 0.01171875 0.31640625 0.12890625
v 0.01171875 0.32421875 0.12890625
v 0.01171875 0.33203125 0.12890625
v 0.01171875 0.34765625 0.12890625
v 0.01171875 0.37109375 0.13671875
v 0.01171875 0.39453125 -0.01953125
v 0.01171875 0.39453125 -0.00390625
v 0.01171875 0.41015625 -0.00390625
v 0.01171875 0.41796875 -0.00390625
v 0.01171875 0.44140625 0.15234375
v 0.01171875 0.45703125 0.14453125
v 0.01171875 0.49609375 0.06640625
v 0.01953125 -0.44140625 -0.05859375
v 0.01953125 -0.43359375 -0.07421875
v 0.01953125 -0.40234375 -0.07421875
v 0.01953125 -0.40234375 -0.05859375
v 0.01953125 -0.38671875 -0.07421875
v 0.01953125 -0.38671875 -0.05078125
v 0.01953125 -0.08984375 -0.05078125
v 0.01953125 -0.08203125 -0.05859375
v 0.01953125 -0.08203125 -0.01171875
v 0.01953125 -0.08203125 0.03515625
v 0.01953125 -0.08203125 0.04296875
v 0.01953125 -0.07421875 -0.09765625
v 0.01953125 -0.07421875 -0.05859375
v 0.01953125 -0.07421875 -0.01171875
v 0.01953125 -0.06640625 -0.08203125
v 0.01953125 -0.06640625 -0.06640625
v 0.01953125 0.00390625 0.06640625
v 0.01953125 0.01171875 0.04296875
v 0.01953125 0.01171875 0.05859375
v 0.01953125 0.05859375 -0.12109375
v 0.01953125 0.05859375 -0.09765625
v 0.01953125 0.09765625 -0.08203125
v 0.01953125 0.12109375 -0.08984375
v 0.01953125 0.14453125 -0.12109375
v 0.01953125 0.16015625 -0.12890625
v 0.01953125 0.17578125 -0.13671875
v 0.01953125 0.19140625 0.11328125
v 0.01953125 0.19921875 -0.13671875
v 0.01953125 0.23046875 0.11328125
v 0.01953125 0.26953125 -0.12890625
v 0.01953125 0.28515625 -0.12890625
v 0.01953125 0.31640625 -0.12109375
v 0.01953125 0.32421875 -0.11328125
v 0.01953125 0.33203125 -0.11328125
v 0.01953125 0.33203125 0.12109375
v 0.01953125 0.34765625 0.12890625
v 0.01953125 0.38671875 0.01171875
v 0.01953125 0.40234375 -0.01171875
v 0.01953125 0.40234375 0.13671875
v 0.01953125 0.41796875 0.13671875
v 0.01953125 0.44140625 0.15234375
v 0.01953125 0.44921875 0.14453125
v 0.01953125 0.45703125 0.01953125
v 0.01953125 0.48046875 0.01953125
v 0.01953125 0.48828125 0.12109375
v 0.01953125 0.49609375 0.09765625
v 0.02734375 -0.47265625 -0.05078125
v 0.02734375 -0.47265625 -0.02734375
v 0.02734375 -0.43359375 -0.02734375
v 0.02734375 -0.41015625 -0.01953125
v 0.02734375 -0.38671875 -0.06640625
v 0.02734375 -0.38671875 -0.01953125
v 0.02734375 -0.12109375 -0.05078125
v 0.02734375 -0.10546875 -0.05078125
v 0.02734375 -0.10546875 -0.01953125
v 0.02734375 -0.09765625 -0.01953125
v 0.02734375 -0.09765625 0.01953125
v 0.02734375 -0.08984375 0.01171875
v 0.02734375 -0.08203125 0.01171875
v 0.02734375 -0.07421875 -0.05859375
v 0.02734375 -0.06640625 -0.05859375
v 0.02734375 0.00390625 0.06640625
v 0.02734375 0.01953125 0.05078125
v 0.02734375 0.03515625 0.04296875
v 0.02734375 0.05078125 0.05078125
v 0.02734375 0.07421875 0.05859375
v 0.02734375 0.09765625 0.07421875
v 0.02734375 0.11328125 -0.12109375
v 0.02734375 0.11328125 -0.11328125
v 0.02734375 0.12109375 -0.10546875
v 0.02734375 0.12890625 -0.12890625
v 0.02734375 0.13671875 0.08203125
v 0.02734375 0.19140625 -0.13671875
v 0.02734375 0.19921875 -0.13671875
v 0.02734375 0.26171875 -0.12890625
v 0.02734375 0.30078125 -0.12109375
v 0.02734375 0.33984375 -0.12109375
v 0.02734375 0.33984375 0.12109375
v 0.02734375 0.34765625 -0.12109375
v 0.02734375 0.35546875 -0.03515625
v 0.02734375 0.35546875 0.10546875
v 0.02734375 0.36328125 -0.01171875
v 0.02734375 0.37109375 0.12109375
v 0.02734375 0.37890625 0.00390625
v 0.02734375 0.40234375 0.00390625
v 0.02734375 0.41796875 -0.00390625
v 0.02734375 0.41796875 0.13671875
v 0.02734375 0.42578125 0.00390625
v 0.02734375 0.42578125 0.14453125
v 0.02734375 0.44921875 0.00390625
v 0.02734375 0.44921875 0.01171875
v 0.02734375 0.48046875 0.12109375
v 0.02734375 0.48828125 0.03515625
v 0.02734375 0.48828125 0.06640625
v 0.03515625 -0.49609375 -0.11328125
v 0.03515625 -0.48828125 -0.11328125
v 0.03515625 -0.45703125 -0.11328125
v 0.03515625 -0.45703125 -0.07421875
v 0.03515625 -0.43359375 -0.10546875
v 0.03515625 -0.41796875 -0.07421875
v 0.03515625 -0.40234375 -0.10546875
v 0.03515625 -0.39453125 -0.10546875
v 0.03515625 -0.38671875 -0.10546875
v 0.03515625 -0.05859375 -0.08203125
v 0.03515625 -0.05859375 -0.06640625
v 0.03515625 0.05078125 -0.07421875
v 0.03515625 0.14453125 0.10546875
v 0.03515625 0.16796875 -0.12890625
v 0.03515625 0.18359375 -0.13671875
v 0.03515625 0.19140625 -0.13671875
v 0.03515625 0.20703125 -0.13671875
v 0.03515625 0.23046875 -0.14453125
v 0.03515625 0.24609375 -0.12890625
v 0.03515625 0.24609375 0.11328125
v 0.03515625 0.26953125 -0.12890625
v 0.03515625 0.30078125 -0.11328125
v 0.03515625 0.30859375 -0.11328125
v 0.03515625 0.33203125 -0.11328125
v 0.03515625 0.34765625 -0.10546875
v 0.03515625 0.34765625 -0.04296875
v 0.03515625 0.35546875 0.05078125
v 0.03515625 0.36328125 0.09765625
v 0.03515625 0.36328125 0.10546875
v 0.03515625 0.37109375 0.07421875
v 0.03515625 0.37109375 0.08203125
v 0.03515625 0.39453125 0.01953125
v 0.03515625 0.40234375 0.12109375
v 0.03515625 0.41796875 0.01171875
v 0.03515625 0.43359375 0.12890625
v 0.03515625 0.47265625 0.12109375
v 0.03515625 0.48828125 0.09765625
v 0.04296875 -0.49609375 -0.11328125
v 0.04296875 -0.49609375 -0.05078125
v 0.04296875 -0.48828125 -0.11328125
v 0.04296875 -0.47265625 -0.05078125
v 0.04296875 -0.47265625 -0.01171875
v 0.04296875 -0.45703125 -0.11328125
v 0.04296875 -0.44921875 -0.11328125
v 0.04296875 -0.44140625 -0.11328125
v 0.04296875 -0.43359375 -0.00390625
v 0.04296875 -0.42578125 -0.10546875
v 0.04296875 -0.41796875 0.00390625
v 0.04296875 -0.41015625 -0.10546875
v 0.04296875 -0.41015625 -0.09765625
v 0.04296875 -0.41015625 -0.08203125
v 0.04296875 -0.41015625 0.00390625
v 0.04296875 -0.40234375 -0.11328125
v 0.04296875 -0.40234375 -0.08984375
v 0.04296875 -0.40234375 -0.06640625
v 0.04296875 -0.40234375 -0.04296875
v 0.04296875 -0.40234375 -0.00390625
v 0.04296875 -0.39453125 -0.10546875
v 0.04296875 -0.38671875 -0.10546875
v 0.04296875 -0.38671875 -0.05078125
v 0.04296875 -0.35546875 -0.08984375
v 0.04296875 -0.35546875 -0.06640625
v 0.04296875 -0.35546875 -0.04296875
v 0.04296875 -0.26953125 -0.07421875
v 0.04296875 -0.26953125 -0.06640625
v 0.04296875 -0.26953125 -0.04296875
v 0.04296875 -0.16796875 -0.05078125
v 0.04296875 -0.16796875 -0.03515625
v 0.04296875 -0.16796875 -0.01953125
v 0.04296875 -0.06640625 -0.08984375
v 0.04296875 -0.06640625 -0.07421875
v 0.04296875 -0.05859375 0.02734375
v 0.04296875 -0.05859375 0.04296875
v 0.04296875 0.00390625 0.05859375
v 0.04296875 0.02734375 0.04296875
v 0.04296875 0.03515625 0.03515625
v 0.04296875 0.05078125 -0.08984375
v 0.04296875 0.05078125 0.04296875
v 0.04296875 0.07421875 0.05078125
v 0.04296875 0.09765625 -0.07421875
v 0.04296875 0.10546875 0.06640625
v 0.04296875 0.12109375 -0.08203125
v 0.04296875 0.14453125 -0.12109375
v 0.04296875 0.18359375 -0.13671875
v 0.04296875 0.19921875 -0.13671875
v 0.04296875 0.20703125 -0.13671875
v 0.04296875 0.20703125 -0.12890625
v 0.04296875 0.20703125 -0.12109375
v 0.04296875 0.21484375 -0.13671875
v 0.04296875 0.21484375 -0.12109375
v 0.04296875 0.22265625 -0.14453125
v 0.04296875 0.22265625 -0.13671875
v 0.04296875 0.23828125 -0.14453125
v 0.04296875 0.24609375 -0.15234375
v 0.04296875 0.24609375 -0.14453125
v 0.04296875 0.26171875 -0.12890625
v 0.04296875 0.28515625 -0.12109375
v 0.04296875 0.31640625 -0.11328125
v 0.04296875 0.31640625 0.01953125
v 0.04296875 0.33984375 0.03515625
v 0.04296875 0.34765625 -0.01953125
v 0.04296875 0.35546875 -0.08203125
v 0.04296875 0.35546875 -0.05859375
v 0.04296875 0.36328125 -0.01171875
v 0.04296875 0.37109375 0.01171875
v 0.04296875 0.37109375 0.02734375
v 0.04296875 0.38671875 0.03515625
v 0.04296875 0.38671875 0.05078125
v 0.04296875 0.38671875 0.07421875
v 0.04296875 0.39453125 0.03515625
v 0.04296875 0.39453125 0.09765625
v 0.04296875 0.39453125 0.10546875
v 0.04296875 0.40234375 0.03515625
v 0.04296875 0.41015625 0.02734375
v 0.04296875 0.41015625 0.03515625
v 0.04296875 0.41796875 0.08203125
v 0.04296875 0.43359375 0.01953125
v 0.04296875 0.44140625 0.11328125
v 0.04296875 0.44140625 0.13671875
v 0.04296875 0.44921875 0.02734375
v 0.04296875 0.44921875 0.11328125
v 0.04296875 0.45703125 0.02734375
v 0.04296875 0.45703125 0.08984375
v 0.04296875 0.46484375 0.06640625
v 0.04296875 0.47265625 0.02734375
v 0.04296875 0.47265625 0.06640625
v 0.04296875 0.48046875 0.02734375
v 0.04296875 0.48046875 0.06640625
v 0.04296875 0.48046875 0.08984375
v 0.05078125 -0.49609375 -0.05078125
v 0.05078125 -0.49609375 -0.02734375
v 0.05078125 -0.47265625 -0.02734375
v 0.05078125 -0.44140625 -0.11328125
v 0.05078125 -0.41015625 -0.11328125
v 0.05078125 -0.39453125 -0.11328125
v 0.05078125 -0.38671875 -0.02734375
v 0.05078125 -0.25390625 -0.07421875
v 0.05078125 -0.25390625 -0.05859375
v 0.05078125 -0.25390625 -0.05078125
v 0.05078125 -0.22265625 -0.04296875
v 0.05078125 -0.22265625 -0.01953125
v 0.05078125 -0.21484375 -0.04296875
v 0.05078125 -0.21484375 -0.01953125
v 0.05078125 -0.20703125 -0.05859375
v 0.05078125 -0.20703125 -0.04296875
v 0.05078125 -0.16796875 0.01171875
v 0.05078125 -0.16015625 -0.05859375
v 0.05078125 -0.06640625 -0.08203125
v 0.05078125 0.05078125 -0.06640625
v 0.05078125 0.05859375 -0.11328125
v 0.05078125 0.12109375 -0.10546875
v 0.05078125 0.12109375 0.07421875
v 0.05078125 0.12890625 -0.12109375
v 0.05078125 0.16796875 -0.12890625
v 0.05078125 0.19140625 -0.13671875
v 0.05078125 0.19921875 -0.13671875
v 0.05078125 0.24609375 -0.12109375
v 0.05078125 0.26953125 0.10546875
v 0.05078125 0.27734375 0.05859375
v 0.05078125 0.27734375 0.09765625
v 0.05078125 0.28515625 0.05859375
v 0.05078125 0.30078125 0.03515625
v 0.05078125 0.33203125 -0.01953125
v 0.05078125 0.33984375 -0.00390625
v 0.05078125 0.35546875 0.01171875
v 0.05078125 0.37890625 -0.05078125
v 0.05078125 0.38671875 0.06640625
v 0.05078125 0.39453125 0.04296875
v 0.05078125 0.40234375 0.04296875
v 0.05078125 0.40234375 0.05859375
v 0.05078125 0.40234375 0.07421875
v 0.05078125 0.41015625 0.04296875
v 0.05078125 0.41796875 0.04296875
v 0.05078125 0.41796875 0.07421875
v 0.05078125 0.42578125 0.03515625
v 0.05078125 0.42578125 0.04296875
v 0.05078125 0.43359375 0.04296875
v 0.05078125 0.43359375 0.07421875
v 0.05078125 0.44140625 0.04296875
v 0.05078125 0.44140625 0.07421875
v 0.05078125 0.45703125 0.08984375
v 0.05859375 -0.49609375 -0.03515625
v 0.05859375 -0.49609375 -0.01953125
v 0.05859375 -0.47265625 -0.01171875
v 0.05859375 -0.41796875 -0.01171875
v 0.05859375 -0.41015625 -0.11328125
v 0.05859375 -0.40234375 -0.11328125
v 0.05859375 -0.40234375 -0.09765625
v 0.05859375 -0.40234375 -0.02734375
v 0.05859375 -0.39453125 -0.11328125
v 0.05859375 -0.35546875 -0.09765625
v 0.05859375 -0.35546875 -0.02734375
v 0.05859375 -0.26953125 -0.01953125
v 0.05859375 -0.23046875 -0.00390625
v 0.05859375 -0.22265625 -0.06640625
v 0.05859375 -0.22265625 -0.05859375
v 0.05859375 -0.22265625 -0.00390625
v 0.05859375 -0.21484375 -0.05859375
v 0.05859375 -0.21484375 0.00390625
v 0.05859375 -0.20703125 -0.01953125
v 0.05859375 -0.20703125 0.00390625
v 0.05859375 -0.16796875 0.01171875
v 0.05859375 -0.05859375 -0.08984375
v 0.05859375 -0.05859375 -0.08203125
v 0.05859375 -0.05859375 -0.07421875
v 0.05859375 0.00390625 0.05859375
v 0.05859375 0.02734375 0.03515625
v 0.05859375 0.03515625 0.02734375
v 0.05859375 0.05078125 -0.08203125
v 0.05859375 0.05078125 0.03515625
v 0.05859375 0.07421875 0.04296875
v 0.05859375 0.10546875 0.05078125
v 0.05859375 0.11328125 -0.10546875
v 0.05859375 0.12109375 -0.12109375
v 0.05859375 0.12109375 0.07421875
v 0.05859375 0.12890625 0.09765625
v 0.05859375 0.15234375 -0.12890625
v 0.05859375 0.16796875 -0.12890625
v 0.05859375 0.17578125 -0.12890625
v 0.05859375 0.19140625 -0.13671875
v 0.05859375 0.19140625 0.09765625
v 0.05859375 0.21484375 -0.12109375
v 0.05859375 0.23046875 -0.14453125
v 0.05859375 0.26953125 -0.12109375
v 0.05859375 0.28515625 0.08203125
v 0.05859375 0.29296875 -0.11328125
v 0.05859375 0.30078125 -0.11328125
v 0.05859375 0.31640625 -0.11328125
v 0.05859375 0.31640625 0.05078125
v 0.05859375 0.32421875 0.00390625
v 0.05859375 0.33203125 -0.12109375
v 0.05859375 0.34765625 -0.03515625
v 0.05859375 0.37890625 -0.05859375
v 0.05859375 0.37890625 -0.05078125
v 0.05859375 0.38671875 -0.05078125
v 0.05859375 0.40234375 0.05078125
v 0.05859375 0.40234375 0.06640625
v 0.05859375 0.40234375 0.07421875
v 0.05859375 0.41015625 0.04296875
v 0.05859375 0.41796875 0.04296875
v 0.05859375 0.41796875 0.07421875
v 0.05859375 0.42578125 0.04296875
v 0.05859375 0.43359375 0.04296875
v 0.05859375 0.43359375 0.07421875
v 0.05859375 0.44140625 0.05078125
v 0.05859375 0.44140625 0.06640625
v 0.05859375 0.44140625 0.07421875
v 0.06640625 -0.49609375 -0.01953125
v 0.06640625 -0.49609375 -0.01171875
v 0.06640625 -0.47265625 -0.01171875
v 0.06640625 -0.42578125 -0.01171875
v 0.06640625 -0.26953125 -0.01171875
v 0.06640625 -0.25390625 -0.08203125
v 0.06640625 -0.25390625 -0.01953125
v 0.06640625 -0.22265625 -0.00390625
v 0.06640625 -0.20703125 0.01171875
v 0.06640625 -0.19140625 -0.07421875
v 0.06640625 -0.16015625 -0.07421875
v 0.06640625 -0.07421875 0.01171875
v 0.06640625 -0.05859375 -0.08203125
v 0.06640625 -0.05859375 -0.07421875
v 0.06640625 -0.05859375 0.01953125
v 0.06640625 -0.03515625 -0.08984375
v 0.06640625 -0.01171875 -0.08203125
v 0.06640625 0.02734375 0.02734375
v 0.06640625 0.03515625 -0.08984375
v 0.06640625 0.03515625 0.01953125
v 0.06640625 0.05078125 0.02734375
v 0.06640625 0.10546875 -0.06640625
v 0.06640625 0.12890625 -0.07421875
v 0.06640625 0.15234375 -0.12109375
v 0.06640625 0.17578125 -0.13671875
v 0.06640625 0.20703125 -0.13671875
v 0.06640625 0.20703125 -0.12890625
v 0.06640625 0.20703125 -0.12109375
v 0.06640625 0.21484375 -0.12890625
v 0.06640625 0.22265625 -0.13671875
v 0.06640625 0.23046875 0.08984375
v 0.06640625 0.23828125 -0.14453125
v 0.06640625 0.24609375 -0.15234375
v 0.06640625 0.29296875 0.08984375
v 0.06640625 0.30859375 -0.11328125
v 0.06640625 0.33203125 -0.12109375
v 0.06640625 0.33984375 -0.10546875
v 0.06640625 0.33984375 0.01953125
v 0.06640625 0.37109375 -0.03515625
v 0.06640625 0.41015625 0.05859375
v 0.06640625 0.41015625 0.06640625
v 0.06640625 0.41015625 0.07421875
v 0.06640625 0.41796875 0.05078125
v 0.06640625 0.41796875 0.05859375
v 0.06640625 0.41796875 0.07421875
v 0.06640625 0.42578125 0.05078125
v 0.06640625 0.42578125 0.05859375
v 0.06640625 0.42578125 0.07421875
v 0.06640625 0.44140625 0.05859375
v 0.06640625 0.44140625 0.06640625
v 0.07421875 -0.49609375 -0.12890625
v 0.07421875 -0.49609375 -0.01171875
v 0.07421875 -0.49609375 0.01953125
v 0.07421875 -0.48828125 -0.12890625
v 0.07421875 -0.46484375 0.01171875
v 0.07421875 -0.45703125 -0.12890625
v 0.07421875 -0.44140625 -0.12890625
v 0.07421875 -0.43359375 -0.00390625
v 0.07421875 -0.41015625 0.00390625
v 0.07421875 -0.40234375 -0.01171875
v 0.07421875 -0.35546875 -0.01171875
v 0.07421875 -0.26953125 -0.08984375
v 0.07421875 -0.25390625 -0.01171875
v 0.07421875 -0.23046875 0.01953125
v 0.07421875 -0.22265625 -0.07421875
v 0.07421875 -0.22265625 0.00390625
v 0.07421875 -0.22265625 0.01171875
v 0.07421875 -0.20703125 0.01953125
v 0.07421875 -0.20703125 0.02734375
v 0.07421875 -0.19140625 -0.08203125
v 0.07421875 -0.19140625 -0.07421875
v 0.07421875 -0.08203125 0.01953125
v 0.07421875 -0.04296875 -0.07421875
v 0.07421875 -0.03515625 -0.08203125
v 0.07421875 -0.02734375 -0.07421875
v 0.07421875 -0.02734375 0.02734375
v 0.07421875 -0.02734375 0.04296875
v 0.07421875 -0.01171875 -0.08984375
v 0.07421875 -0.01171875 -0.05859375
v 0.07421875 -0.01171875 -0.00390625
v 0.07421875 0.00390625 0.04296875
v 0.07421875 0.01953125 -0.08984375
v 0.07421875 0.02734375 -0.09765625
v 0.07421875 0.03515625 -0.06640625
v 0.07421875 0.05078125 -0.09765625
v 0.07421875 0.05859375 -0.05859375
v 0.07421875 0.07421875 0.00390625
v 0.07421875 0.07421875 0.03515625
v 0.07421875 0.10546875 0.07421875
v 0.07421875 0.12109375 0.08984375
v 0.07421875 0.13671875 -0.12109375
v 0.07421875 0.16015625 -0.12890625
v 0.07421875 0.16796875 0.08984375
v 0.07421875 0.22265625 -0.14453125
v 0.07421875 0.25390625 -0.16015625
v 0.07421875 0.25390625 -0.15234375
v 0.07421875 0.26171875 -0.12109375
v 0.07421875 0.31640625 0.05859375
v 0.07421875 0.33984375 -0.01953125
v 0.07421875 0.33984375 0.02734375
v 0.07421875 0.36328125 -0.01171875
v 0.07421875 0.37109375 -0.03515625
v 0.08203125 -0.49609375 0.01171875
v 0.08203125 -0.43359375 0.00390625
v 0.08203125 -0.40234375 -0.11328125
v 0.08203125 -0.40234375 0.00390625
v 0.08203125 -0.36328125 -0.10546875
v 0.08203125 -0.35546875 0.00390625
v 0.08203125 -0.26953125 0.01171875
v 0.08203125 -0.25390625 -0.00390625
v 0.08203125 -0.25390625 0.01171875
v 0.08203125 -0.25390625 0.02734375
v 0.08203125 -0.23046875 0.05078125
v 0.08203125 -0.22265625 0.04296875
v 0.08203125 -0.05859375 -0.08203125
v 0.08203125 -0.01953125 -0.05078125
v 0.08203125 -0.00390625 -0.02734375
v 0.08203125 0.03515625 -0.06640625
v 0.08203125 0.03515625 0.00390625
v 0.08203125 0.05078125 -0.02734375
v 0.08203125 0.05078125 0.00390625
v 0.08203125 0.05859375 -0.06640625
v 0.08203125 0.12109375 -0.12109375
v 0.08203125 0.12890625 -0.10546875
v 0.08203125 0.13671875 -0.12109375
v 0.08203125 0.14453125 0.08984375
v 0.08203125 0.19921875 -0.13671875
v 0.08203125 0.24609375 -0.11328125
v 0.08203125 0.26171875 0.08203125
v 0.08203125 0.27734375 -0.11328125
v 0.08203125 0.27734375 0.07421875
v 0.08203125 0.28515625 -0.11328125
v 0.08203125 0.30078125 0.03515625
v 0.08203125 0.30859375 -0.11328125
v 0.08203125 0.31640625 -0.12109375
v 0.08203125 0.34765625 -0.08203125
v 0.08984375 -0.41796875 0.02734375
v 0.08984375 -0.40234375 0.01953125
v 0.08984375 -0.35546875 0.01953125
v 0.08984375 -0.29296875 0.03515625
v 0.08984375 -0.28515625 0.02734375
v 0.08984375 -0.28515625 0.03515625
v 0.08984375 -0.26953125 0.04296875
v 0.08984375 -0.24609375 0.05078125
v 0.08984375 -0.22265625 -0.08203125
v 0.08984375 -0.16015625 -0.08203125
v 0.08984375 -0.03515625 -0.05859375
v 0.08984375 -0.02734375 -0.06640625
v 0.08984375 -0.02734375 -0.00390625
v 0.08984375 -0.01953125 -0.02734375
v 0.08984375 -0.00390625 -0.06640625
v 0.08984375 0.01171875 -0.06640625
v 0.08984375 0.02734375 0.01171875
v 0.08984375 0.08984375 -0.00390625
v 0.08984375 0.08984375 0.05859375
v 0.08984375 0.09765625 -0.05859375
v 0.08984375 0.09765625 0.03515625
v 0.08984375 0.10546875 0.08203125
v 0.08984375 0.12109375 -0.10546875
v 0.08984375 0.12109375 0.08984375
v 0.08984375 0.13671875 -0.12109375
v 0.08984375 0.15234375 -0.12890625
v 0.08984375 0.16015625 -0.12890625
v 0.08984375 0.19140625 -0.13671875
v 0.08984375 0.20703125 -0.14453125
v 0.08984375 0.23828125 -0.15234375
v 0.08984375 0.29296875 -0.11328125
v 0.08984375 0.32421875 0.00390625
v 0.09765625 -0.49609375 -0.05859375
v 0.09765625 -0.40234375 0.02734375
v 0.09765625 -0.40234375 0.03515625
v 0.09765625 -0.36328125 0.02734375
v 0.09765625 -0.35546875 0.02734375
v 0.09765625 -0.30078125 0.02734375
v 0.09765625 -0.23828125 -0.08984375
v 0.09765625 -0.23828125 -0.08203125
v 0.09765625 -0.19140625 -0.08203125
v 0.09765625 -0.04296875 -0.08984375
v 0.09765625 -0.03515625 -0.03515625
v 0.09765625 -0.03515625 -0.00390625
v 0.09765625 -0.01953125 -0.04296875
v 0.09765625 -0.00390625 0.01953125
v 0.09765625 0.00390625 0.00390625
v 0.09765625 0.01171875 0.01171875
v 0.09765625 0.01171875 0.01953125
v 0.09765625 0.03515625 -0.02734375
v 0.09765625 0.05078125 -0.02734375
v 0.09765625 0.08203125 0.01953125
v 0.09765625 0.08984375 -0.03515625
v 0.09765625 0.12890625 -0.12109375
v 0.09765625 0.13671875 -0.12109375
v 0.09765625 0.21484375 -0.13671875
v 0.09765625 0.21484375 -0.11328125
v 0.09765625 0.23828125 -0.15234375
v 0.09765625 0.23828125 -0.14453125
v 0.09765625 0.26171875 -0.11328125
v 0.09765625 0.35546875 -0.05859375
v 0.10546875 -0.49609375 -0.04296875
v 0.10546875 -0.49609375 -0.03515625
v 0.10546875 -0.46484375 0.06640625
v 0.10546875 -0.41015625 0.03515625
v 0.10546875 -0.41015625 0.04296875
v 0.10546875 -0.40234375 0.04296875
v 0.10546875 -0.39453125 0.03515625
v 0.10546875 -0.21484375 -0.08203125
v 0.10546875 -0.19140625 -0.08203125
v 0.10546875 -0.15234375 -0.08203125
v 0.10546875 -0.08203125 0.01953125
v 0.10546875 -0.05078125 -0.07421875
v 0.10546875 -0.05078125 0.01953125
v 0.10546875 -0.04296875 0.01171875
v 0.10546875 -0.02734375 -0.01171875
v 0.10546875 -0.00390625 -0.02734375
v 0.10546875 0.01171875 -0.02734375
v 0.10546875 0.03515625 -0.02734375
v 0.10546875 0.08203125 0.05859375
v 0.10546875 0.08984375 0.00390625
v 0.10546875 0.12890625 -0.10546875
v 0.10546875 0.12890625 -0.07421875
v 0.10546875 0.13671875 -0.08984375
v 0.10546875 0.16015625 -0.12890625
v 0.10546875 0.17578125 -0.13671875
v 0.10546875 0.19921875 -0.13671875
v 0.10546875 0.20703125 -0.12890625
v 0.10546875 0.20703125 -0.12109375
v 0.10546875 0.20703125 -0.11328125
v 0.10546875 0.22265625 -0.15234375
v 0.10546875 0.22265625 -0.14453125
v 0.10546875 0.24609375 -0.15234375
v 0.10546875 0.26953125 -0.10546875
v 0.10546875 0.29296875 -0.11328125
v 0.10546875 0.33984375 -0.02734375
v 0.10546875 0.35546875 -0.04296875
v 0.11328125 -0.49609375 -0.02734375
v 0.11328125 -0.49609375 0.05859375
v 0.11328125 -0.49609375 0.07421875
v 0.11328125 -0.44140625 0.08203125
v 0.11328125 -0.23828125 -0.09765625
v 0.11328125 -0.23828125 -0.08984375
v 0.11328125 -0.19140625 0.01171875
v 0.11328125 -0.15234375 -0.08984375
v 0.11328125 -0.15234375 0.01171875
v 0.11328125 -0.03515625 -0.04296875
v 0.11328125 0.07421875 0.01953125
v 0.11328125 0.11328125 -0.03515625
v 0.11328125 0.12890625 0.05078125
v 0.11328125 0.14453125 -0.12109375
v 0.11328125 0.14453125 -0.11328125
v 0.11328125 0.15234375 -0.09765625
v 0.11328125 0.15234375 -0.06640625
v 0.11328125 0.16015625 -0.12890625
v 0.11328125 0.16015625 -0.09765625
v 0.11328125 0.19921875 -0.14453125
v 0.11328125 0.22265625 0.06640625
v 0.11328125 0.24609375 -0.15234375
v 0.11328125 0.24609375 -0.10546875
v 0.11328125 0.27734375 -0.11328125
v 0.11328125 0.30859375 -0.12109375
v 0.11328125 0.31640625 -0.12890625
v 0.11328125 0.31640625 -0.11328125
v 0.11328125 0.32421875 -0.11328125
v 0.12109375 -0.49609375 -0.00390625
v 0.12109375 -0.26953125 -0.10546875
v 0.12109375 -0.26171875 -0.10546875
v 0.12109375 -0.23828125 -0.08203125
v 0.12109375 -0.20703125 -0.08203125
v 0.12109375 -0.20703125 -0.07421875
v 0.12109375 -0.19140625 0.01953125
v 0.12109375 -0.15234375 -0.07421875
v 0.12109375 -0.08203125 -0.03515625
v 0.12109375 -0.08203125 -0.01171875
v 0.12109375 -0.05078125 -0.04296875
v 0.12109375 -0.02734375 -0.02734375
v 0.12109375 0.06640625 0.02734375
v 0.12109375 0.15234375 0.06640625
v 0.12109375 0.16015625 -0.11328125
v 0.12109375 0.17578125 -0.13671875
v 0.12109375 0.17578125 -0.10546875
v 0.12109375 0.18359375 0.06640625
v 0.12109375 0.21484375 -0.11328125
v 0.12109375 0.25390625 -0.10546875
v 0.12109375 0.33203125 -0.08984375
v 0.12890625 -0.49609375 -0.14453125
v 0.12890625 -0.49609375 0.08984375
v 0.12890625 -0.49609375 0.10546875
v 0.12890625 -0.48828125 -0.14453125
v 0.12890625 -0.46484375 0.10546875
v 0.12890625 -0.45703125 -0.14453125
v 0.12890625 -0.44921875 0.09765625
v 0.12890625 -0.43359375 -0.14453125
v 0.12890625 -0.43359375 0.08203125
v 0.12890625 -0.26953125 -0.08984375
v 0.12890625 -0.26171875 -0.10546875
v 0.12890625 -0.22265625 -0.06640625
v 0.12890625 -0.20703125 -0.06640625
v 0.12890625 -0.19921875 0.01171875
v 0.12890625 -0.19140625 -0.05859375
v 0.12890625 -0.18359375 -0.06640625
v 0.12890625 -0.14453125 -0.04296875
v 0.12890625 -0.14453125 -0.01953125
v 0.12890625 -0.08203125 -0.02734375
v 0.12890625 0.06640625 0.02734375
v 0.12890625 0.10546875 -0.00390625
v 0.12890625 0.11328125 0.02734375
v 0.12890625 0.12890625 -0.03515625
v 0.12890625 0.16796875 -0.09765625
v 0.12890625 0.18359375 -0.12890625
v 0.12890625 0.19140625 -0.13671875
v 0.12890625 0.20703125 -0.13671875
v 0.12890625 0.20703125 -0.12890625
v 0.12890625 0.21484375 -0.13671875
v 0.12890625 0.25390625 -0.10546875
v 0.12890625 0.33984375 -0.06640625
v 0.13671875 -0.49609375 0.10546875
v 0.13671875 -0.46484375 0.10546875
v 0.13671875 -0.44921875 0.10546875
v 0.13671875 -0.44140625 -0.15234375
v 0.13671875 -0.43359375 0.07421875
v 0.13671875 -0.42578125 0.08203125
v 0.13671875 -0.40234375 -0.14453125
v 0.13671875 -0.40234375 0.03515625
v 0.13671875 -0.35546875 -0.13671875
v 0.13671875 -0.30078125 0.02734375
v 0.13671875 -0.26953125 -0.07421875
v 0.13671875 -0.22265625 -0.05078125
v 0.13671875 -0.22265625 -0.01953125
v 0.13671875 -0.22265625 0.05078125
v 0.13671875 -0.21484375 0.04296875
v 0.13671875 -0.20703125 -0.05859375
v 0.13671875 -0.20703125 -0.02734375
v 0.13671875 -0.20703125 -0.01953125
v 0.13671875 -0.20703125 0.01171875
v 0.13671875 -0.19140625 -0.05078125
v 0.13671875 -0.19140625 -0.04296875
v 0.13671875 -0.19140625 -0.03515625
v 0.13671875 -0.19140625 -0.02734375
v 0.13671875 -0.18359375 -0.05859375
v 0.13671875 -0.18359375 -0.05078125
v 0.13671875 -0.18359375 -0.04296875
v 0.13671875 -0.18359375 -0.03515625
v 0.13671875 -0.14453125 -0.02734375
v 0.13671875 0.10546875 -0.00390625
v 0.13671875 0.16015625 -0.06640625
v 0.13671875 0.18359375 -0.10546875
v 0.13671875 0.19140625 -0.12890625
v 0.13671875 0.19140625 -0.10546875
v 0.13671875 0.20703125 -0.13671875
v 0.13671875 0.20703125 -0.12109375
v 0.13671875 0.20703125 -0.11328125
v 0.13671875 0.21484375 -0.14453125
v 0.13671875 0.21484375 -0.13671875
v 0.13671875 0.21484375 -0.11328125
v 0.13671875 0.26953125 0.05078125
v 0.13671875 0.27734375 0.03515625
v 0.13671875 0.27734375 0.05078125
v 0.13671875 0.27734375 0.05859375
v 0.13671875 0.28515625 0.01953125
v 0.13671875 0.29296875 0.01953125
v 0.13671875 0.29296875 0.03515625
v 0.13671875 0.30078125 0.01953125
v 0.13671875 0.32421875 -0.01953125
v 0.14453125 -0.49609375 -0.15234375
v 0.14453125 -0.49609375 0.03515625
v 0.14453125 -0.48828125 -0.15234375
v 0.14453125 -0.45703125 -0.15234375
v 0.14453125 -0.41796875 -0.15234375
v 0.14453125 -0.41015625 0.03515625
v 0.14453125 -0.40234375 -0.14453125
v 0.14453125 -0.35546875 -0.12890625
v 0.14453125 -0.29296875 0.02734375
v 0.14453125 -0.28515625 0.01953125
v 0.14453125 -0.28515625 0.02734375
v 0.14453125 -0.26953125 0.00390625
v 0.14453125 -0.26171875 0.03515625
v 0.14453125 -0.24609375 -0.01171875
v 0.14453125 -0.24609375 0.01171875
v 0.14453125 -0.24609375 0.04296875
v 0.14453125 -0.23046875 0.02734375
v 0.14453125 -0.22265625 -0.05078125
v 0.14453125 -0.22265625 -0.04296875
v 0.14453125 -0.22265625 -0.03515625
v 0.14453125 -0.22265625 -0.02734375
v 0.14453125 -0.22265625 0.02734375
v 0.14453125 -0.20703125 -0.05078125
v 0.14453125 -0.20703125 -0.02734375
v 0.14453125 0.10546875 -0.00390625
v 0.14453125 0.10546875 0.00390625
v 0.14453125 0.13671875 -0.03515625
v 0.14453125 0.16796875 -0.06640625
v 0.14453125 0.18359375 0.01953125
v 0.14453125 0.19921875 -0.11328125
v 0.14453125 0.19921875 0.03515625
v 0.14453125 0.20703125 -0.12890625
v 0.14453125 0.20703125 0.03515625
v 0.14453125 0.21484375 -0.13671875
v 0.14453125 0.21484375 -0.12109375
v 0.14453125 0.21484375 -0.11328125
v 0.14453125 0.22265625 -0.14453125
v 0.14453125 0.22265625 0.02734375
v 0.14453125 0.23046875 0.05078125
v 0.14453125 0.23046875 0.05859375
v 0.14453125 0.24609375 0.02734375
v 0.14453125 0.26171875 0.05078125
v 0.14453125 0.26171875 0.05859375
v 0.14453125 0.29296875 -0.11328125
v 0.14453125 0.31640625 -0.01953125
v 0.14453125 0.33984375 -0.06640625
v 0.14453125 0.33984375 -0.04296875
v 0.15234375 -0.49609375 -0.07421875
v 0.15234375 -0.49609375 -0.05859375
v 0.15234375 -0.49609375 -0.05078125
v 0.15234375 -0.44140625 0.07421875
v 0.15234375 -0.43359375 -0.08984375
v 0.15234375 -0.41796875 -0.09765625
v 0.15234375 -0.41796875 0.03515625
v 0.15234375 -0.41015625 -0.15234375
v 0.15234375 -0.40234375 -0.16015625
v 0.15234375 -0.40234375 0.02734375
v 0.15234375 -0.40234375 0.03515625
v 0.15234375 -0.39453125 0.02734375
v 0.15234375 -0.36328125 0.02734375
v 0.15234375 -0.35546875 -0.14453125
v 0.15234375 -0.35546875 -0.09765625
v 0.15234375 -0.35546875 0.01953125
v 0.15234375 -0.26953125 -0.05078125
v 0.15234375 -0.26953125 -0.01171875
v 0.15234375 -0.24609375 -0.02734375
v 0.15234375 -0.22265625 -0.03515625
v 0.15234375 -0.22265625 -0.02734375
v 0.15234375 -0.20703125 -0.04296875
v 0.15234375 -0.20703125 -0.03515625
v 0.15234375 0.13671875 -0.03515625
v 0.15234375 0.16796875 0.01171875
v 0.15234375 0.16796875 0.01953125
v 0.15234375 0.17578125 -0.00390625
v 0.15234375 0.17578125 0.00390625
v 0.15234375 0.17578125 0.01953125
v 0.15234375 0.18359375 0.01171875
v 0.15234375 0.18359375 0.02734375
v 0.15234375 0.19921875 0.01953125
v 0.15234375 0.21484375 -0.13671875
v 0.15234375 0.21484375 -0.12109375
v 0.15234375 0.22265625 -0.12109375
v 0.15234375 0.22265625 0.01953125
v 0.15234375 0.24609375 -0.08203125
v 0.15234375 0.24609375 -0.07421875
v 0.15234375 0.24609375 0.01953125
v 0.15234375 0.25390625 -0.10546875
v 0.15234375 0.26953125 -0.08203125
v 0.15234375 0.27734375 -0.07421875
v 0.15234375 0.27734375 0.00390625
v 0.15234375 0.27734375 0.01171875
v 0.15234375 0.28515625 -0.12890625
v 0.15234375 0.28515625 -0.11328125
v 0.15234375 0.28515625 -0.08984375
v 0.15234375 0.28515625 -0.07421875
v 0.15234375 0.29296875 -0.12890625
v 0.15234375 0.29296875 -0.08984375
v 0.15234375 0.30078125 -0.11328125
v 0.15234375 0.30078125 -0.07421875
v 0.15234375 0.30078125 -0.01953125
v 0.15234375 0.33203125 -0.05859375
v 0.15234375 0.33203125 -0.04296875
v 0.15234375 0.33984375 -0.05859375
v 0.15234375 0.33984375 -0.04296875
v 0.16015625 -0.49609375 -0.04296875
v 0.16015625 -0.49609375 0.06640625
v 0.16015625 -0.43359375 -0.08984375
v 0.16015625 -0.41796875 0.01953125
v 0.16015625 -0.41015625 -0.16015625
v 0.16015625 -0.41015625 -0.10546875
v 0.16015625 -0.41015625 0.01953125
v 0.16015625 -0.40234375 -0.10546875
v 0.16015625 -0.40234375 0.02734375
v 0.16015625 -0.35546875 -0.07421875
v 0.16015625 -0.35546875 0.01953125
v 0.16015625 -0.26953125 -0.02734375
v 0.16015625 0.15234375 -0.00390625
v 0.16015625 0.16015625 -0.03515625
v 0.16015625 0.16796875 -0.03515625
v 0.16015625 0.16796875 -0.01171875
v 0.16015625 0.17578125 -0.03515625
v 0.16015625 0.17578125 -0.02734375
v 0.16015625 0.17578125 -0.01953125
v 0.16015625 0.18359375 -0.01171875
v 0.16015625 0.18359375 0.00390625
v 0.16015625 0.20703125 -0.05859375
v 0.16015625 0.20703125 0.01171875
v 0.16015625 0.22265625 -0.12890625
v 0.16015625 0.22265625 -0.09765625
v 0.16015625 0.22265625 -0.08984375
v 0.16015625 0.22265625 0.02734375
v 0.16015625 0.23046875 -0.08984375
v 0.16015625 0.23046875 -0.07421875
v 0.16015625 0.23046875 -0.06640625
v 0.16015625 0.24609375 -0.08203125
v 0.16015625 0.24609375 0.03515625
v 0.16015625 0.25390625 -0.08984375
v 0.16015625 0.27734375 -0.09765625
v 0.16015625 0.27734375 0.02734375
v 0.16015625 0.28515625 -0.10546875
v 0.16015625 0.28515625 -0.09765625
v 0.16015625 0.29296875 -0.09765625
v 0.16015625 0.30078125 -0.08984375
v 0.16015625 0.30078125 -0.01171875
v 0.16015625 0.30078125 0.00390625
v 0.16015625 0.31640625 -0.08984375
v 0.16015625 0.31640625 -0.05859375
v 0.16015625 0.31640625 -0.04296875
v 0.16015625 0.31640625 -0.03515625
v 0.16015625 0.32421875 -0.06640625
v 0.16796875 -0.49609375 -0.08203125
v 0.16796875 -0.49609375 -0.01953125
v 0.16796875 -0.49609375 0.08984375
v 0.16796875 -0.47265625 0.08984375
v 0.16796875 -0.45703125 0.08984375
v 0.16796875 -0.44140625 -0.08984375
v 0.16796875 -0.41796875 -0.10546875
v 0.16796875 -0.41015625 0.01171875
v 0.16796875 -0.40234375 -0.08203125
v 0.16796875 -0.36328125 0.01953125
v 0.16796875 -0.35546875 -0.05859375
v 0.16796875 -0.35546875 -0.01171875
v 0.16796875 0.16015625 -0.02734375
v 0.16796875 0.16796875 -0.04296875
v 0.16796875 0.16796875 -0.01171875
v 0.16796875 0.19140625 -0.08984375
v 0.16796875 0.19140625 -0.07421875
v 0.16796875 0.19921875 -0.06640625
v 0.16796875 0.19921875 0.01171875
v 0.16796875 0.20703125 -0.05859375
v 0.16796875 0.21484375 0.01953125
v 0.16796875 0.24609375 0.04296875
v 0.16796875 0.25390625 -0.09765625
v 0.16796875 0.27734375 0.05859375
v 0.16796875 0.28515625 -0.11328125
v 0.16796875 0.29296875 -0.11328125
v 0.16796875 0.29296875 -0.10546875
v 0.16796875 0.30078125 -0.09765625
v 0.16796875 0.31640625 -0.08203125
v 0.16796875 0.31640625 -0.02734375
v 0.16796875 0.32421875 -0.05859375
v 0.17578125 -0.49609375 -0.05859375
v 0.17578125 -0.45703125 -0.07421875
v 0.17578125 -0.44140625 -0.08203125
v 0.17578125 -0.44140625 0.05078125
v 0.17578125 -0.40234375 0.01953125
v 0.17578125 -0.36328125 -0.05859375
v 0.17578125 -0.36328125 -0.01171875
v 0.17578125 -0.35546875 -0.04296875
v 0.17578125 0.12890625 -0.05078125
v 0.17578125 0.16015625 -0.06640625
v 0.17578125 0.16015625 -0.01171875
v 0.17578125 0.16796875 -0.03515625
v 0.17578125 0.17578125 -0.01171875
v 0.17578125 0.17578125 -0.00390625
v 0.17578125 0.17578125 0.00390625
v 0.17578125 0.18359375 -0.01953125
v 0.17578125 0.18359375 -0.00390625
v 0.17578125 0.19140625 -0.09765625
v 0.17578125 0.19921875 0.00390625
v 0.17578125 0.19921875 0.02734375
v 0.17578125 0.22265625 -0.11328125
v 0.17578125 0.22265625 0.04296875
v 0.17578125 0.24609375 -0.12109375
v 0.17578125 0.24609375 0.05859375
v 0.17578125 0.27734375 -0.12890625
v 0.17578125 0.29296875 -0.12109375
v 0.17578125 0.29296875 0.01953125
v 0.17578125 0.30859375 -0.10546875
v 0.17578125 0.31640625 -0.08984375
v 0.17578125 0.32421875 -0.05859375
v 0.18359375 -0.49609375 0.01171875
v 0.18359375 -0.45703125 -0.05859375
v 0.18359375 -0.44140625 -0.05859375
v 0.18359375 -0.43359375 -0.01171875
v 0.18359375 -0.43359375 -0.00390625
v 0.18359375 -0.41015625 -0.01171875
v 0.18359375 -0.40234375 -0.05859375
v 0.18359375 -0.37890625 -0.03515625
v 0.18359375 -0.37890625 -0.02734375
v 0.18359375 -0.37890625 -0.01953125
v 0.18359375 -0.36328125 -0.04296875
v 0.18359375 0.16015625 -0.08203125
v 0.18359375 0.16015625 -0.05078125
v 0.18359375 0.23046875 0.05078125
v 0.18359375 0.24609375 0.06640625
v 0.18359375 0.25390625 0.06640625
v 0.18359375 0.27734375 -0.13671875
v 0.18359375 0.28515625 0.03515625
v 0.18359375 0.29296875 -0.12890625
v 0.18359375 0.30859375 -0.10546875
v 0.18359375 0.30859375 0.00390625
v 0.18359375 0.31640625 -0.08984375
v 0.18359375 0.33984375 -0.05078125
v 0.19140625 -0.49609375 -0.03515625
v 0.19140625 -0.46484375 -0.00390625
v 0.19140625 -0.45703125 -0.01171875
v 0.19140625 -0.43359375 -0.01171875
v 0.19140625 -0.43359375 -0.00390625
v 0.19140625 -0.42578125 -0.02734375
v 0.19140625 -0.40234375 -0.05859375
v 0.19140625 -0.40234375 -0.01953125
v 0.19140625 -0.40234375 -0.01171875
v 0.19140625 -0.37890625 -0.02734375
v 0.19140625 -0.19921875 0.01171875
v 0.19140625 -0.19140625 -0.05078125
v 0.19140625 -0.19140625 -0.01953125
v 0.19140625 -0.19140625 -0.01171875
v 0.19140625 0.01171875 -0.04296875
v 0.19140625 0.02734375 -0.04296875
v 0.19140625 0.03515625 -0.04296875
v 0.19140625 0.07421875 -0.04296875
v 0.19140625 0.12890625 -0.07421875
v 0.19140625 0.16015625 0.01171875
v 0.19140625 0.17578125 0.01953125
v 0.19140625 0.19140625 -0.10546875
v 0.19140625 0.19921875 0.04296875
v 0.19140625 0.22265625 -0.12109375
v 0.19140625 0.23046875 0.05859375
v 0.19140625 0.24609375 -0.12890625
v 0.19140625 0.25390625 0.05859375
v 0.19140625 0.30078125 -0.10546875
v 0.19140625 0.30859375 -0.09765625
v 0.19921875 -0.49609375 -0.00390625
v 0.19921875 -0.49609375 0.07421875
v 0.19921875 -0.47265625 0.07421875
v 0.19921875 -0.45703125 -0.04296875
v 0.19921875 -0.45703125 -0.01953125
v 0.19921875 -0.45703125 0.07421875
v 0.19921875 -0.44921875 -0.01953125
v 0.19921875 -0.44921875 0.02734375
v 0.19921875 -0.44921875 0.03515625
v 0.19921875 -0.44140625 -0.04296875
v 0.19921875 -0.44140625 -0.03515625
v 0.19921875 -0.44140625 -0.01953125
v 0.19921875 -0.44140625 -0.01171875
v 0.19921875 -0.43359375 -0.05859375
v 0.19921875 -0.43359375 -0.01171875
v 0.19921875 -0.42578125 -0.01953125
v 0.19921875 -0.40234375 -0.03515625
v 0.19921875 -0.40234375 -0.02734375
v 0.19921875 -0.40234375 -0.01953125
v 0.19921875 -0.21484375 -0.01953125
v 0.19921875 -0.21484375 -0.01171875
v 0.19921875 -0.21484375 0.01171875
v 0.19921875 -0.20703125 -0.05078125
v 0.19921875 -0.19921875 -0.05078125
v 0.19921875 -0.19921875 -0.01171875
v 0.19921875 -0.19921875 0.01171875
v 0.19921875 -0.04296875 -0.01953125
v 0.19921875 -0.01953125 -0.03515625
v 0.19921875 0.01171875 -0.05859375
v 0.19921875 0.02734375 -0.05859375
v 0.19921875 0.02734375 -0.02734375
v 0.19921875 0.03515625 -0.05859375
v 0.19921875 0.03515625 -0.02734375
v 0.19921875 0.06640625 -0.04296875
v 0.19921875 0.07421875 -0.01953125
v 0.19921875 0.09765625 -0.07421875
v 0.19921875 0.09765625 -0.05078125
v 0.19921875 0.09765625 -0.02734375
v 0.19921875 0.18359375 0.01171875
v 0.19921875 0.19921875 0.03515625
v 0.19921875 0.27734375 -0.12109375
v 0.19921875 0.28515625 0.02734375
v 0.19921875 0.29296875 -0.12109375
v 0.19921875 0.30078125 -0.10546875
v 0.19921875 0.30078125 0.01171875
v 0.19921875 0.30859375 -0.09765625
v 0.19921875 0.33984375 -0.01953125
v 0.20703125 -0.49609375 -0.01953125
v 0.20703125 -0.49609375 -0.01171875
v 0.20703125 -0.49609375 0.01953125
v 0.20703125 -0.49609375 0.04296875
v 0.20703125 -0.46484375 0.02734375
v 0.20703125 -0.44140625 -0.04296875
v 0.20703125 -0.19921875 -0.01953125
v 0.20703125 -0.08203125 -0.01171875
v 0.20703125 -0.01953125 -0.05078125
v 0.20703125 0.01953125 -0.02734375
v 0.20703125 0.02734375 -0.08984375
v 0.20703125 0.03515625 -0.04296875
v 0.20703125 0.03515625 -0.02734375
v 0.20703125 0.06640625 -0.05078125
v 0.20703125 0.07421875 -0.07421875
v 0.20703125 0.07421875 -0.04296875
v 0.20703125 0.07421875 -0.02734375
v 0.20703125 0.09765625 -0.01171875
v 0.20703125 0.16015625 -0.09765625
v 0.20703125 0.24609375 -0.12109375
v 0.20703125 0.33984375 -0.07421875
v 0.21484375 -0.47265625 0.06640625
v 0.21484375 -0.46484375 0.06640625
v 0.21484375 -0.45703125 0.06640625
v 0.21484375 -0.10546875 -0.02734375
v 0.21484375 -0.08984375 -0.02734375
v 0.21484375 -0.08984375 -0.01171875
v 0.21484375 -0.08203125 -0.00390625
v 0.21484375 -0.04296875 -0.05078125
v 0.21484375 -0.01953125 -0.01953125
v 0.21484375 0.01171875 -0.08984375
v 0.21484375 0.03515625 -0.06640625
v 0.21484375 0.03515625 -0.02734375
v 0.21484375 0.08203125 -0.01953125
v 0.21484375 0.09765625 -0.08203125
v 0.21484375 0.12890625 -0.09765625
v 0.21484375 0.16796875 0.00390625
v 0.21484375 0.19140625 -0.09765625
v 0.21484375 0.22265625 -0.11328125
v 0.21484375 0.39453125 -0.04296875
v 0.22265625 -0.49609375 0.06640625
v 0.22265625 -0.19140625 -0.05078125
v 0.22265625 -0.19140625 -0.01953125
v 0.22265625 -0.19140625 -0.00390625
v 0.22265625 -0.19140625 0.01171875
v 0.22265625 -0.14453125 -0.01953125
v 0.22265625 -0.14453125 -0.00390625
v 0.22265625 -0.12109375 -0.01953125
v 0.22265625 -0.12109375 -0.00390625
v 0.22265625 -0.10546875 -0.01171875
v 0.22265625 -0.10546875 -0.00390625
v 0.22265625 -0.08984375 -0.00390625
v 0.22265625 -0.08203125 -0.03515625
v 0.22265625 -0.08203125 -0.01171875
v 0.22265625 -0.08203125 -0.00390625
v 0.22265625 -0.04296875 -0.06640625
v 0.22265625 -0.04296875 -0.01171875
v 0.22265625 -0.01953125 -0.07421875
v 0.22265625 0.01953125 -0.01953125
v 0.22265625 0.03515625 -0.01953125
v 0.22265625 0.03515625 -0.01171875
v 0.22265625 0.07421875 -0.08203125
v 0.22265625 0.07421875 -0.02734375
v 0.22265625 0.09765625 -0.01953125
v 0.22265625 0.16015625 -0.10546875
v 0.22265625 0.19140625 0.01171875
v 0.22265625 0.23046875 0.03515625
v 0.22265625 0.25390625 0.03515625
v 0.22265625 0.38671875 -0.02734375
v 0.23046875 -0.20703125 -0.05078125
v 0.23046875 -0.20703125 -0.01953125
v 0.23046875 -0.19921875 -0.00390625
v 0.23046875 -0.19921875 0.01171875
v 0.23046875 -0.18359375 -0.00390625
v 0.23046875 -0.18359375 0.01171875
v 0.23046875 -0.16015625 -0.05859375
v 0.23046875 -0.14453125 -0.05859375
v 0.23046875 -0.14453125 -0.05078125
v 0.23046875 -0.14453125 -0.04296875
v 0.23046875 -0.12109375 -0.05859375
v 0.23046875 -0.12109375 -0.05078125
v 0.23046875 -0.12109375 -0.04296875
v 0.23046875 -0.10546875 -0.05859375
v 0.23046875 -0.10546875 -0.05078125
v 0.23046875 -0.08984375 -0.02734375
v 0.23046875 -0.08984375 -0.01171875
v 0.23046875 -0.08203125 -0.05078125
v 0.23046875 -0.08203125 -0.02734375
v 0.23046875 -0.08203125 0.00390625
v 0.23046875 -0.04296875 -0.00390625
v 0.23046875 -0.01171875 -0.01171875
v 0.23046875 0.01171875 -0.10546875
v 0.23046875 0.03515625 -0.09765625
v 0.23046875 0.03515625 -0.07421875
v 0.23046875 0.03515625 -0.02734375
v 0.23046875 0.04296875 -0.09765625
v 0.23046875 0.12890625 -0.10546875
v 0.23046875 0.16015625 -0.08984375
v 0.23046875 0.19921875 0.03515625
v 0.23046875 0.25390625 -0.13671875
v 0.23828125 -0.19921875 -0.05078125
v 0.23828125 -0.19921875 -0.01953125
v 0.23828125 -0.19921875 -0.00390625
v 0.23828125 -0.19140625 -0.05078125
v 0.23828125 -0.19140625 -0.01953125
v 0.23828125 -0.19140625 -0.00390625
v 0.23828125 -0.19140625 0.01171875
v 0.23828125 -0.16796875 -0.00390625
v 0.23828125 -0.16015625 -0.05859375
v 0.23828125 -0.16015625 -0.01953125
v 0.23828125 -0.16015625 -0.00390625
v 0.23828125 -0.14453125 0.00390625
v 0.23828125 -0.12109375 0.00390625
v 0.23828125 -0.10546875 0.00390625
v 0.23828125 -0.09765625 -0.06640625
v 0.23828125 -0.09765625 -0.05078125
v 0.23828125 -0.08984375 -0.05078125
v 0.23828125 -0.08984375 0.00390625
v 0.23828125 -0.08203125 -0.05078125
v 0.23828125 -0.08203125 -0.00390625
v 0.23828125 -0.01953125 -0.08984375
v 0.23828125 0.01171875 -0.11328125
v 0.23828125 0.02734375 -0.12890625
v 0.23828125 0.04296875 -0.01953125
v 0.23828125 0.04296875 -0.01171875
v 0.23828125 0.04296875 -0.00390625
v 0.23828125 0.05078125 -0.08984375
v 0.23828125 0.07421875 -0.10546875
v 0.23828125 0.08203125 -0.08984375
v 0.23828125 0.08984375 -0.13671875
v 0.23828125 0.09765625 -0.09765625
v 0.23828125 0.12890625 -0.08984375
v 0.23828125 0.16015625 0.01171875
v 0.23828125 0.28515625 -0.09765625
v 0.23828125 0.37890625 -0.02734375
v 0.23828125 0.38671875 -0.06640625
v 0.23828125 0.42578125 -0.04296875
v 0.24609375 -0.19921875 -0.01953125
v 0.24609375 -0.18359375 -0.01953125
v 0.24609375 -0.18359375 -0.00390625
v 0.24609375 -0.16796875 -0.06640625
v 0.24609375 -0.16796875 -0.05078125
v 0.24609375 -0.16796875 0.01171875
v 0.24609375 -0.16015625 -0.06640625
v 0.24609375 -0.16015625 -0.05078125
v 0.24609375 -0.16015625 -0.04296875
v 0.24609375 -0.16015625 -0.01953125
v 0.24609375 -0.16015625 -0.00390625
v 0.24609375 -0.15234375 0.01171875
v 0.24609375 -0.12890625 -0.06640625
v 0.24609375 -0.12109375 0.01171875
v 0.24609375 -0.10546875 -0.07421875
v 0.24609375 -0.10546875 0.01171875
v 0.24609375 -0.08984375 -0.00390625
v 0.24609375 -0.08203125 -0.00390625
v 0.24609375 -0.08203125 0.01171875
v 0.24609375 -0.04296875 -0.09765625
v 0.24609375 -0.03515625 0.00390625
v 0.24609375 -0.01171875 0.00390625
v 0.24609375 -0.00390625 -0.09765625
v 0.24609375 0.01953125 -0.10546875
v 0.24609375 0.02734375 0.00390625
v 0.24609375 0.03515625 -0.11328125
v 0.24609375 0.05859375 -0.01171875
v 0.24609375 0.08203125 -0.12890625
v 0.24609375 0.08203125 -0.08203125
v 0.24609375 0.08984375 -0.02734375
v 0.24609375 0.09765625 -0.09765625
v 0.24609375 0.09765625 -0.08203125
v 0.24609375 0.09765625 -0.02734375
v 0.24609375 0.12890625 -0.07421875
v 0.24609375 0.12890625 -0.02734375
v 0.24609375 0.16015625 -0.08203125
v 0.24609375 0.16015625 -0.01953125
v 0.24609375 0.17578125 -0.01953125
v 0.24609375 0.20703125 -0.02734375
v 0.24609375 0.21484375 -0.10546875
v 0.24609375 0.28515625 0.00390625
v 0.24609375 0.30078125 -0.01953125
v 0.24609375 0.37890625 -0.03515625
v 0.24609375 0.38671875 -0.05078125
v 0.24609375 0.41796875 -0.05859375
v 0.24609375 0.41796875 -0.05078125
v 0.24609375 0.43359375 -0.04296875
v 0.25390625 -0.19921875 -0.01953125
v 0.25390625 -0.19921875 -0.00390625
v 0.25390625 -0.18359375 -0.01953125
v 0.25390625 -0.18359375 -0.00390625
v 0.25390625 -0.17578125 -0.00390625
v 0.25390625 -0.17578125 0.01171875
v 0.25390625 -0.16015625 0.01171875
v 0.25390625 -0.10546875 -0.07421875
v 0.25390625 -0.08203125 -0.07421875
v 0.25390625 -0.03515625 0.01171875
v 0.25390625 -0.01171875 0.01171875
v 0.25390625 0.02734375 0.01171875
v 0.25390625 0.03515625 -0.08984375
v 0.25390625 0.04296875 0.00390625
v 0.25390625 0.07421875 -0.01171875
v 0.25390625 0.08203125 -0.02734375
v 0.25390625 0.08203125 -0.00390625
v 0.25390625 0.08984375 -0.02734375
v 0.25390625 0.12890625 -0.00390625
v 0.25390625 0.16015625 -0.03515625
v 0.25390625 0.18359375 -0.10546875
v 0.25390625 0.30078125 -0.05078125
v 0.25390625 0.30078125 -0.04296875
v 0.25390625 0.38671875 -0.05078125
v 0.26171875 -0.17578125 -0.05078125
v 0.26171875 -0.16015625 -0.06640625
v 0.26171875 -0.15234375 -0.07421875
v 0.26171875 -0.12890625 -0.07421875
v 0.26171875 -0.10546875 0.01171875
v 0.26171875 -0.09765625 -0.07421875
v 0.26171875 -0.08984375 -0.06640625
v 0.26171875 -0.08984375 -0.05859375
v 0.26171875 -0.08203125 -0.08203125
v 0.26171875 -0.08203125 0.01953125
v 0.26171875 0.03515625 -0.00390625
v 0.26171875 0.04296875 -0.01171875
v 0.26171875 0.04296875 -0.00390625
v 0.26171875 0.08203125 -0.06640625
v 0.26171875 0.08203125 -0.04296875
v 0.26171875 0.08203125 -0.01953125
v 0.26171875 0.09765625 -0.07421875
v 0.26171875 0.09765625 -0.06640625
v 0.26171875 0.09765625 -0.04296875
v 0.26171875 0.09765625 -0.02734375
v 0.26171875 0.10546875 -0.12109375
v 0.26171875 0.11328125 -0.12109375
v 0.26171875 0.12890625 -0.04296875
v 0.26171875 0.16015625 -0.05078125
v 0.26171875 0.16015625 -0.00390625
v 0.26171875 0.20703125 -0.05859375
v 0.26171875 0.20703125 -0.04296875
v 0.26171875 0.20703125 -0.01953125
v 0.26171875 0.21484375 -0.08203125
v 0.26171875 0.23046875 -0.04296875
v 0.26171875 0.23828125 -0.06640625
v 0.26171875 0.25390625 -0.08984375
v 0.26171875 0.26953125 0.01171875
v 0.26953125 -0.18359375 -0.01953125
v 0.26953125 -0.18359375 -0.00390625
v 0.26953125 -0.17578125 -0.01953125
v 0.26953125 -0.16015625 -0.05078125
v 0.26953125 -0.16015625 -0.04296875
v 0.26953125 -0.16015625 -0.01953125
v 0.26953125 -0.16015625 -0.00390625
v 0.26953125 -0.16015625 0.01953125
v 0.26953125 -0.15234375 -0.06640625
v 0.26953125 -0.15234375 -0.05078125
v 0.26953125 -0.15234375 0.01953125
v 0.26953125 -0.12890625 -0.06640625
v 0.26953125 -0.12890625 0.01171875
v 0.26953125 -0.10546875 -0.05859375
v 0.26953125 -0.10546875 0.00390625
v 0.26953125 -0.08984375 -0.01171875
v 0.26953125 -0.08984375 -0.00390625
v 0.26953125 -0.08984375 0.01171875
v 0.26953125 -0.08203125 -0.05078125
v 0.26953125 -0.08203125 -0.01171875
v 0.26953125 -0.08203125 -0.00390625
v 0.26953125 -0.03515625 -0.00390625
v 0.26953125 -0.00390625 -0.01171875
v 0.26953125 0.04296875 -0.07421875
v 0.26953125 0.08203125 -0.05078125
v 0.26953125 0.09765625 -0.05078125
v 0.26953125 0.12890625 -0.05078125
v 0.26953125 0.21484375 -0.01171875
v 0.26953125 0.23046875 -0.03515625
v 0.26953125 0.28515625 -0.05078125
v 0.26953125 0.28515625 -0.02734375
v 0.27734375 -0.16015625 -0.03515625
v 0.27734375 -0.16015625 -0.01171875
v 0.27734375 -0.16015625 -0.00390625
v 0.27734375 -0.15234375 -0.04296875
v 0.27734375 -0.15234375 -0.03515625
v 0.27734375 -0.15234375 -0.01171875
v 0.27734375 -0.15234375 0.00390625
v 0.27734375 -0.12890625 -0.05078125
v 0.27734375 -0.12890625 -0.04296875
v 0.27734375 -0.12890625 -0.03515625
v 0.27734375 -0.12890625 -0.01171875
v 0.27734375 -0.12890625 0.00390625
v 0.27734375 -0.10546875 -0.05078125
v 0.27734375 -0.10546875 -0.01171875
v 0.27734375 -0.09765625 -0.05078125
v 0.27734375 -0.08984375 -0.05078125
v 0.27734375 -0.08984375 -0.04296875
v 0.27734375 -0.08984375 -0.03515625
v 0.27734375 -0.08984375 -0.01171875
v 0.27734375 -0.08203125 -0.04296875
v 0.27734375 -0.08203125 -0.03515625
v 0.27734375 -0.08203125 -0.01171875
v 0.27734375 -0.03515625 -0.01953125
v 0.27734375 -0.00390625 -0.01953125
v 0.27734375 0.00390625 -0.05859375
v 0.27734375 0.01171875 -0.06640625
v 0.27734375 0.08203125 -0.04296875
v 0.27734375 0.08984375 -0.04296875
v 0.27734375 0.11328125 -0.09765625
v 0.27734375 0.12109375 -0.10546875
v 0.27734375 0.26953125 -0.07421875
v 0.28515625 -0.10546875 -0.04296875
v 0.28515625 -0.10546875 -0.03515625
v 0.28515625 -0.08984375 -0.04296875
v 0.28515625 -0.08984375 -0.03515625
v 0.28515625 -0.08203125 -0.05078125
v 0.28515625 -0.08203125 -0.03515625
v 0.28515625 -0.03515625 -0.05859375
v 0.28515625 -0.02734375 -0.02734375
v 0.28515625 0.01171875 -0.05078125
v 0.28515625 0.01171875 -0.02734375
v 0.28515625 0.05859375 -0.05859375
v 0.28515625 0.24609375 -0.06640625
v 0.28515625 0.26953125 -0.00390625
v 0.29296875 -0.08203125 -0.04296875
v 0.29296875 -0.00390625 -0.05859375
v 0.29296875 0.00390625 -0.05078125
v 0.29296875 0.00390625 -0.02734375
v 0.29296875 0.01171875 -0.05078125
v 0.29296875 0.04296875 -0.03515625
v 0.29296875 0.05078125 -0.05078125
v 0.29296875 0.11328125 -0.08203125
v 0.29296875 0.12109375 -0.08203125
v 0.29296875 0.23828125 -0.01953125
v 0.29296875 0.24609375 -0.04296875
v 0.30078125 -0.01953125 -0.05859375
v 0.30078125 -0.01953125 -0.01953125
v 0.30078125 0.00390625 -0.04296875
v 0.30078125 0.01171875 -0.04296875
v 0.30078125 0.01171875 -0.03515625
v 0.30078125 0.05078125 -0.05078125
v 0.30078125 0.26171875 -0.05859375
v 0.30078125 0.26171875 -0.01171875
v 0.30078125 0.27734375 -0.01953125
v 0.30078125 0.28515625 -0.05859375
v 0.30078125 0.28515625 -0.03515625
v 0.30859375 0.24609375 -0.01953125
v 0.30859375 0.25390625 -0.04296875
v 0.31640625 -0.03515625 -0.03515625
v 0.31640625 -0.02734375 -0.03515625
v 0.31640625 -0.01171875 -0.04296875
v 0.31640625 0.28515625 -0.05078125
v 0.32421875 -0.01953125 -0.03515625
v 0.32421875 -0.01171875 -0.04296875
v 0.32421875 0.26953125 -0.05078125
v 0.32421875 0.27734375 -0.01953125
v 0.32421875 0.28515625 -0.03515625
v 0.33203125 0.26171875 -0.03515625
v 0.33203125 0.26171875 -0.02734375
v 0.33984375 0.01953125 -0.05078125
v 0.33984375 0.01953125 -0.04296875
v 0.33984375 0.01953125 -0.02734375
v 0.33984375 0.02734375 -0.04296875
v 0.34765625 0.01953125 -0.04296875
v 0.34765625 0.01953125 -0.03515625
v 0.34765625 0.02734375 -0.04296875
v 0.34765625 0.02734375 -0.03515625
v 0.34765625 0.02734375 -0.02734375
v 0.34765625 0.03515625 -0.04296875
v 0.34765625 0.03515625 -0.03515625
v 0.34765625 0.28515625 -0.04296875
v 0.34765625 0.28515625 -0.03515625
v 0.34765625 0.28515625 -0.02734375
v 0.35546875 0.03515625 -0.03515625
v 0.35546875 0.27734375 -0.04296875
v 0.35546875 0.27734375 -0.03515625
v 0.35546875 0.28515625 -0.03515625
f 447 320 351
f 447 351 422
f 351 320 653
f 320 447 723
f 447 422 509
f 422 351 612
f 351 653 614
f 653 320 723
f 723 447 800
f 447 509 508
f 509 422 511
f 422 612 615
f 612 351 614
f 614 653 801
f 653 723 801
f 723 800 801
f 800 447 971
f 447 508 572
f 508 509 473
f 509 511 420
f 511 422 615
f 615 612 804
f 612 614 801
f 801 800 860
f 800 971 884
f 971 447 611
f 447 572 611
f 572 508 573
f 508 473 472
f 473 509 477
f 509 420 477
f 420 511 475
f 511 615 481
f 615 804 534
f 804 612 768
f 612 801 768
f 801 860 802
f 860 800 884
f 884 971 922
f 971 611 1082
f 611 572 570
f 572 573 655
f 573 508 472
f 472 473 448
f 473 477 476
f 477 420 450
f 420 475 449
f 475 511 479
f 511 481 479
f 481 615 534
f 534 804 725
f 804 768 802
f 768 801 802
f 802 860 886
f 860 884 885
f 884 922 973
f 922 971 972
f 971 1082 972
f 1082 611 1032
f 611 570 695
f 570 572 571
f 572 655 724
f 655 573 574
f 573 472 510
f 472 448 474
f 448 473 476
f 476 477 452
f 477 450 452
f 450 420 424
f 420 449 421
f 449 475 479
f 479 481 451
f 481 534 455
f 534 725 455
f 725 804 742
f 804 802 829
f 802 886 828
f 886 860 885
f 885 884 973
f 973 922 1033
f 922 972 1033
f 972 1082 1084
f 1082 1032 1157
f 1032 611 1155
f 611 695 1155
f 695 570 652
f 570 571 652
f 571 572 697
f 572 724 697
f 724 655 657
f 655 574 656
f 574 573 510
f 510 472 474
f 474 448 478
f 448 476 478
f 476 452 478
f 452 450 424
f 424 420 421
f 421 449 386
f 449 479 451
f 451 481 480
f 481 455 480
f 455 725 742
f 742 804 829
f 829 802 828
f 828 886 923
f 886 885 974
f 885 973 974
f 973 1033 974
f 1033 972 1084
f 1084 1082 1158
f 1082 1157 1158
f 1157 1032 1155
f 1155 695 696
f 695 652 654
f 652 571 654
f 571 697 654
f 697 724 769
f 724 657 769
f 657 655 656
f 656 574 613
f 574 510 474
f 474 478 574
f 478 452 453
f 452 424 387
f 424 421 386
f 386 449 423
f 449 451 388
f 451 480 454
f 480 455 454
f 455 742 743
f 742 829 743
f 829 828 830
f 828 923 924
f 923 886 974
f 974 1033 1088
f 1033 1084 1160
f 1084 1158 1083
f 1158 1157 1083
f 1155 1032 1081
f 1155 696 1086
f 696 695 654
f 654 697 696
f 697 769 858
f 769 657 698
f 657 656 658
f 656 613 658
f 613 574 616
f 574 478 482
f 478 453 482
f 453 452 426
f 452 387 426
f 387 424 386
f 386 423 387
f 423 449 388
f 388 451 454
f 454 455 456
f 455 743 484
f 743 829 770
f 829 830 770
f 830 828 924
f 924 923 977
f 923 974 975
f 974 1088 975
f 1088 1033 1160
f 1160 1084 1083
f 1083 1157 1159
f 1155 1081 1161
f 1155 1086 1081
f 1086 696 858
f 696 697 858
f 858 769 859
f 769 698 803
f 698 657 658
f 658 613 616
f 616 574 482
f 482 453 457
f 453 426 457
f 426 387 425
f 387 423 425
f 423 388 389
f 388 454 456
f 456 455 484
f 484 743 770
f 770 830 805
f 830 924 978
f 924 977 978
f 977 923 975
f 975 1088 1089
f 1088 1160 1211
f 1160 1083 1208
f 1083 1159 1208
f 1159 1157 1085
f 1155 1161 1085
f 1161 1081 1086
f 1086 858 859
f 859 769 803
f 803 698 976
f 698 658 616
f 616 482 659
f 482 457 458
f 457 426 458
f 426 425 389
f 425 423 389
f 389 388 456
f 456 484 485
f 484 770 805
f 805 830 831
f 830 978 1035
f 978 977 1034
f 977 975 1092
f 975 1089 1092
f 1089 1088 1211
f 1211 1160 1208
f 1208 1159 1261
f 1159 1085 1209
f 1085 1157 1156
f 1155 1085 1156
f 1085 1161 1163
f 1161 1086 1162
f 1086 859 1087
f 859 803 976
f 976 698 887
f 698 616 659
f 659 482 617
f 482 458 483
f 458 426 427
f 426 389 427
f 389 456 427
f 456 485 427
f 485 484 512
f 484 805 512
f 805 831 662
f 831 830 861
f 830 1035 861
f 1035 978 1095
f 978 1034 1171
f 1034 977 1092
f 1092 1089 1215
f 1089 1211 1213
f 1211 1208 1210
f 1208 1261 1210
f 1261 1159 1209
f 1209 1085 1163
f 1163 1161 1162
f 1162 1086 1087
f 1087 859 1090
f 859 976 1090
f 976 887 1096
f 887 698 699
f 698 659 617
f 617 482 618
f 482 483 575
f 483 458 459
f 458 427 459
f 427 485 514
f 485 512 700
f 512 805 662
f 662 831 621
f 831 861 806
f 861 1035 889
f 1035 1095 1099
f 1095 978 1171
f 1171 1034 1214
f 1034 1092 1214
f 1092 1215 1214
f 1215 1089 1213
f 1213 1211 1212
f 1211 1210 1212
f 1210 1261 1308
f 1261 1209 1262
f 1209 1163 1164
f 1163 1162 1164
f 1162 1087 1165
f 1087 1090 1165
f 1090 976 1093
f 976 1096 1093
f 1096 887 1097
f 887 699 771
f 699 698 660
f 698 617 660
f 617 618 699
f 618 482 575
f 575 483 535
f 483 459 535
f 459 427 513
f 427 514 513
f 514 485 619
f 485 700 619
f 700 512 662
f 662 621 700
f 621 831 806
f 806 861 832
f 861 889 984
f 889 1035 981
f 1035 1099 981
f 1099 1095 1098
f 1095 1171 1223
f 1171 1214 1223
f 1214 1215 1213
f 1213 1212 1214
f 1212 1210 1308
f 1308 1261 1262
f 1262 1209 1164
f 1164 1162 1165
f 1165 1090 1091
f 1090 1093 1168
f 1093 1096 1169
f 1096 1097 1098
f 1097 887 979
f 887 771 888
f 771 699 661
f 699 660 617
f 699 618 661
f 618 575 661
f 575 535 701
f 535 459 513
f 513 514 664
f 514 619 620
f 619 700 665
f 700 621 622
f 621 806 703
f 806 832 807
f 832 861 928
f 861 984 928
f 984 889 983
f 889 981 983
f 981 1099 980
f 1099 1098 980
f 1098 1095 1094
f 1095 1223 1222
f 1223 1214 1264
f 1214 1212 1309
f 1212 1308 1309
f 1308 1262 1263
f 1262 1164 1166
f 1164 1165 1166
f 1165 1091 1216
f 1091 1090 1168
f 1168 1093 1169
f 1169 1096 1172
f 1096 1098 1094
f 1098 1097 926
f 1097 979 925
f 979 887 888
f 888 771 772
f 771 661 701
f 661 575 701
f 701 535 663
f 535 513 663
f 513 664 663
f 664 514 620
f 620 619 666
f 619 665 666
f 665 700 622
f 622 621 703
f 703 806 807
f 807 832 703
f 832 928 705
f 928 984 986
f 984 983 986
f 983 981 1037
f 981 980 1036
f 980 1098 926
f 1094 1095 1222
f 1222 1223 1264
f 1264 1214 1309
f 1309 1308 1263
f 1263 1262 1166
f 1166 1165 1216
f 1216 1091 1167
f 1091 1168 1167
f 1168 1169 1221
f 1169 1172 1094
f 1172 1096 1094
f 926 1097 925
f 925 979 888
f 888 772 925
f 772 771 726
f 771 701 663
f 663 664 726
f 664 620 702
f 620 666 702
f 666 665 667
f 665 622 668
f 622 703 705
f 703 832 705
f 705 928 774
f 928 986 927
f 986 983 1038
f 983 1037 1038
f 1037 981 1036
f 1036 980 982
f 980 926 982
f 1094 1222 1170
f 1222 1264 1266
f 1264 1309 1263
f 1263 1166 1217
f 1166 1216 1217
f 1216 1167 1219
f 1167 1168 1221
f 1221 1169 1220
f 1169 1094 1170
f 926 925 890
f 925 772 890
f 772 726 773
f 726 771 663
f 726 664 702
f 702 666 727
f 666 667 669
f 667 665 668
f 668 622 706
f 622 705 706
f 705 774 706
f 774 928 988
f 928 927 1044
f 927 986 1038
f 1038 1037 1041
f 1037 1036 1100
f 1036 982 1100
f 982 926 985
f 1170 1222 1266
f 1266 1264 1218
f 1264 1263 1217
f 1217 1216 1219
f 1219 1167 1267
f 1167 1221 1267
f 1221 1220 1267
f 1220 1169 1170
f 926 890 985
f 890 772 773
f 773 726 744
f 726 702 727
f 727 666 669
f 669 667 624
f 667 668 625
f 668 706 627
f 706 774 708
f 774 988 746
f 988 928 1044
f 1044 927 987
f 927 1038 987
f 1038 1041 987
f 1041 1037 1100
f 1100 982 985
f 1170 1266 1218
f 1218 1264 1217
f 1217 1219 1265
f 1219 1267 1265
f 1267 1220 1265
f 1220 1170 1217
f 985 890 1043
f 890 773 891
f 773 744 775
f 744 726 727
f 727 669 704
f 669 624 623
f 624 667 625
f 625 668 627
f 627 706 628
f 706 708 675
f 708 774 746
f 746 988 1227
f 988 1044 1227
f 1044 987 1102
f 987 1041 1102
f 1041 1100 1040
f 1100 985 1039
f 1170 1218 1217
f 1217 1265 1220
f 985 1043 1042
f 1043 890 891
f 891 773 808
f 773 775 833
f 775 744 745
f 744 727 745
f 727 704 728
f 704 669 623
f 623 624 626
f 624 625 627
f 627 628 626
f 628 706 674
f 706 675 674
f 675 708 709
f 708 746 730
f 746 1227 930
f 1227 1044 1226
f 1044 1102 1226
f 1102 1041 1101
f 1041 1040 1101
f 1040 1100 1039
f 1039 985 1042
f 1042 1043 1228
f 1043 891 929
f 891 808 833
f 808 773 833
f 833 775 834
f 775 745 809
f 745 727 728
f 728 704 707
f 704 623 670
f 623 626 670
f 626 624 627
f 626 628 674
f 674 675 673
f 675 709 729
f 709 708 730
f 730 746 747
f 746 930 747
f 930 1227 1226
f 1226 1102 1224
f 1102 1101 1224
f 1101 1040 1039
f 1039 1042 1101
f 1042 1228 1268
f 1228 1043 1173
f 1043 929 1173
f 929 891 833
f 833 834 932
f 834 775 809
f 809 745 776
f 745 728 776
f 728 707 672
f 707 704 670
f 670 626 671
f 626 674 673
f 673 675 728
f 675 729 731
f 729 709 731
f 709 730 731
f 730 747 732
f 747 930 748
f 930 1226 931
f 1226 1224 1272
f 1224 1101 1268
f 1101 1042 1268
f 1268 1228 1269
f 1228 1173 1276
f 1173 929 1047
f 929 833 1047
f 833 932 1047
f 932 834 835
f 834 809 835
f 809 776 836
f 776 728 675
f 728 672 673
f 672 707 670
f 671 626 673
f 675 731 776
f 731 730 732
f 732 747 748
f 748 930 931
f 931 1226 934
f 1226 1272 934
f 1272 1224 1225
f 1224 1268 1225
f 1268 1269 1225
f 1269 1228 1310
f 1228 1276 1310
f 1276 1173 1279
f 1173 1047 1175
f 1047 932 892
f 932 835 892
f 835 809 836
f 836 776 749
f 673 672 671
f 776 731 749
f 731 732 749
f 732 748 777
f 748 931 777
f 931 934 811
f 934 1272 1273
f 1272 1225 1273
f 1225 1269 1271
f 1269 1310 1271
f 1310 1276 1270
f 1276 1279 1311
f 1279 1173 1175
f 1175 1047 1046
f 1047 892 933
f 892 835 862
f 835 836 810
f 836 749 812
f 749 732 778
f 732 777 778
f 777 931 811
f 811 934 837
f 934 1273 1103
f 1273 1225 1271
f 1271 1310 1277
f 1310 1270 1277
f 1270 1276 1311
f 1311 1279 1316
f 1279 1175 1278
f 1175 1046 1174
f 1046 1047 933
f 933 892 894
f 892 862 894
f 862 835 810
f 810 836 812
f 812 749 778
f 778 777 811
f 811 837 838
f 837 934 895
f 934 1103 895
f 1103 1273 1104
f 1273 1271 1277
f 1277 1270 1314
f 1270 1311 1314
f 1311 1316 1347
f 1316 1279 1278
f 1278 1175 1174
f 1174 1046 1045
f 1046 933 990
f 933 894 893
f 894 862 898
f 862 810 838
f 810 812 811
f 812 778 811
f 811 838 810
f 838 837 863
f 837 895 899
f 895 1103 896
f 1103 1104 896
f 1104 1273 1274
f 1273 1277 1314
f 1314 1311 1348
f 1311 1347 1348
f 1347 1316 1350
f 1316 1278 1315
f 1278 1174 1045
f 1045 1046 990
f 990 933 893
f 893 894 897
f 894 898 936
f 898 862 863
f 862 838 863
f 863 837 899
f 899 895 840
f 895 896 813
f 896 1104 900
f 1104 1274 991
f 1274 1273 1312
f 1273 1314 1312
f 1314 1348 1312
f 1348 1347 1419
f 1347 1350 1415
f 1350 1316 1315
f 1315 1278 1275
f 1278 1045 1275
f 1045 990 989
f 990 893 989
f 893 897 935
f 897 894 936
f 936 898 839
f 898 863 839
f 863 899 779
f 899 840 779
f 840 895 813
f 813 896 843
f 896 900 843
f 900 1104 991
f 991 1274 1176
f 1274 1312 1176
f 1312 1348 1345
f 1348 1419 1416
f 1419 1347 1415
f 1415 1350 1420
f 1350 1315 1349
f 1315 1275 1313
f 1275 1045 935
f 1045 989 935
f 989 893 935
f 935 897 1351
f 897 936 839
f 839 863 779
f 779 840 780
f 840 813 843
f 843 900 844
f 900 991 937
f 991 1176 992
f 1176 1312 1280
f 1312 1345 1280
f 1345 1348 1416
f 1416 1419 1461
f 1419 1415 1458
f 1415 1420 1464
f 1420 1350 1349
f 1349 1315 1313
f 1313 1275 1351
f 1275 935 1351
f 1351 897 902
f 897 839 901
f 839 779 841
f 779 780 841
f 780 840 842
f 840 843 842
f 843 844 842
f 844 900 937
f 937 991 992
f 992 1176 1105
f 1176 1280 1105
f 1280 1345 1317
f 1345 1416 1421
f 1416 1461 1459
f 1461 1419 1458
f 1458 1415 1464
f 1464 1420 1463
f 1420 1349 1418
f 1349 1313 1346
f 1313 1351 1346
f 1351 902 1352
f 902 897 901
f 901 839 841
f 841 780 864
f 780 842 781
f 842 844 781
f 844 937 865
f 937 992 939
f 992 1105 993
f 1105 1280 1229
f 1280 1317 1282
f 1317 1345 1421
f 1421 1416 1459
f 1459 1461 1462
f 1461 1458 1503
f 1458 1464 1503
f 1464 1463 1505
f 1463 1420 1418
f 1418 1349 1346
f 1346 1351 1417
f 1351 1352 1914
f 1352 902 1050
f 902 901 904
f 901 841 938
f 841 864 938
f 864 780 781
f 781 844 814
f 844 865 814
f 865 937 939
f 939 992 993
f 993 1105 1106
f 1105 1229 1106
f 1229 1280 1282
f 1282 1317 1319
f 1317 1421 1319
f 1421 1459 1507
f 1459 1462 1501
f 1462 1461 1503
f 1503 1464 1506
f 1464 1505 1506
f 1505 1463 1502
f 1463 1418 1460
f 1418 1346 1417
f 1417 1351 1460
f 1351 1914 1909
f 1914 1352 1734
f 1352 1050 1283
f 1050 902 904
f 904 901 938
f 938 864 903
f 864 781 903
f 781 814 903
f 814 865 815
f 865 939 867
f 939 993 940
f 993 1106 1049
f 1106 1229 1230
f 1229 1282 1281
f 1282 1319 1281
f 1319 1421 1422
f 1421 1507 1466
f 1507 1459 1552
f 1459 1501 1552
f 1501 1462 1500
f 1462 1503 1498
f 1503 1506 1551
f 1506 1505 1595
f 1505 1502 1654
f 1502 1463 1460
f 1460 1418 1417
f 1460 1351 1502
f 1351 1909 1847
f 1909 1914 1913
f 1914 1734 1916
f 1734 1352 1510
f 1352 1283 1322
f 1283 1050 1107
f 1050 904 994
f 904 938 994
f 938 903 994
f 903 814 868
f 814 815 868
f 815 865 867
f 867 939 940
f 940 993 1049
f 1049 1106 1108
f 1106 1230 1108
f 1230 1229 1281
f 1281 1319 1318
f 1319 1422 1318
f 1422 1421 1466
f 1466 1507 1509
f 1507 1552 1509
f 1552 1501 1658
f 1501 1500 1657
f 1500 1462 1504
f 1462 1498 1504
f 1498 1503 1551
f 1551 1506 1595
f 1595 1505 1594
f 1505 1654 1594
f 1654 1502 1847
f 1502 1351 1847
f 1847 1909 1905
f 1909 1913 1982
f 1913 1914 1916
f 1916 1734 1793
f 1734 1510 1661
f 1510 1352 1469
f 1352 1322 1353
f 1322 1283 1284
f 1283 1107 1284
f 1107 1050 994
f 994 903 868
f 868 815 866
f 815 867 866
f 867 940 907
f 940 1049 907
f 1049 1108 1051
f 1108 1230 1231
f 1230 1281 1320
f 1281 1318 1320
f 1318 1422 1320
f 1422 1466 1465
f 1466 1509 1508
f 1509 1552 1553
f 1552 1658 1659
f 1658 1501 1790
f 1501 1657 1790
f 1657 1500 1656
f 1500 1504 1499
f 1504 1498 1497
f 1498 1551 1550
f 1551 1595 1655
f 1595 1594 1732
f 1594 1654 1732
f 1654 1847 1787
f 1847 1905 1787
f 1905 1909 1906
f 1909 1982 1848
f 1982 1913 1983
f 1913 1916 1850
f 1916 1793 1850
f 1793 1734 1661
f 1661 1510 1511
f 1510 1469 1511
f 1469 1352 1353
f 1353 1322 1354
f 1322 1284 1354
f 1284 1107 1177
f 1107 994 1048
f 994 868 1048
f 868 866 905
f 866 867 906
f 867 907 906
f 907 1049 1051
f 1051 1108 1178
f 1108 1231 1178
f 1231 1230 1320
f 1320 1422 1423
f 1422 1465 1467
f 1465 1466 1508
f 1508 1509 1553
f 1553 1552 1659
f 1659 1658 1791
f 1658 1790 1791
f 1790 1657 1912
f 1657 1656 1908
f 1656 1500 1846
f 1500 1499 1546
f 1499 1504 1497
f 1497 1498 1550
f 1550 1551 1731
f 1551 1655 1842
f 1655 1595 1732
f 1732 1654 1788
f 1654 1787 1788
f 1787 1905 1788
f 1905 1906 1845
f 1906 1909 1848
f 1848 1982 1910
f 1982 1983 2044
f 1983 1913 1850
f 1850 1793 1915
f 1793 1661 1733
f 1661 1511 1596
f 1511 1469 1354
f 1469 1353 1354
f 1354 1284 1355
f 1284 1177 1323
f 1177 1107 1048
f 1048 868 905
f 905 866 846
f 866 906 817
f 906 907 847
f 907 1051 847
f 1051 1178 995
f 1178 1231 1232
f 1231 1320 1321
f 1320 1423 1321
f 1423 1422 1467
f 1467 1465 1508
f 1508 1553 1554
f 1553 1659 1660
f 1659 1791 1792
f 1791 1790 1849
f 1790 1912 1849
f 1912 1657 1908
f 1908 1656 1907
f 1656 1846 1907
f 1846 1500 1549
f 1500 1546 1549
f 1546 1499 1544
f 1499 1497 1544
f 1497 1550 1544
f 1550 1731 1651
f 1731 1551 1842
f 1842 1655 1977
f 1655 1732 1789
f 1732 1788 1845
f 1788 1905 1845
f 1845 1906 1904
f 1906 1848 1910
f 1910 1982 1948
f 1982 2044 1948
f 2044 1983 2045
f 1983 1850 1949
f 1850 1915 1949
f 1915 1793 1953
f 1793 1733 1953
f 1733 1661 1596
f 1596 1511 1470
f 1511 1354 1355
f 1355 1284 1323
f 1323 1177 1285
f 1177 1048 1109
f 1048 905 846
f 846 866 817
f 817 906 845
f 906 847 845
f 847 1051 995
f 995 1178 1110
f 1178 1232 1110
f 1232 1231 1321
f 1321 1423 1424
f 1423 1467 1468
f 1467 1508 1554
f 1554 1553 1660
f 1660 1659 1792
f 1792 1791 1851
f 1791 1849 1851
f 1849 1912 1984
f 1912 1908 2016
f 1908 1907 2013
f 1907 1846 1980
f 1846 1549 1548
f 1549 1546 1545
f 1546 1544 1543
f 1544 1550 1543
f 1550 1651 1543
f 1651 1731 1780
f 1731 1842 1841
f 1842 1977 1841
f 1977 1655 1844
f 1655 1789 1904
f 1789 1732 1845
f 1845 1904 1789
f 1904 1906 1947
f 1906 1910 1947
f 1910 1948 1947
f 1948 2044 1911
f 2044 2045 2014
f 2045 1983 1949
f 1949 1915 2046
f 1915 1953 2017
f 1953 1733 1917
f 1733 1596 1664
f 1596 1470 1512
f 1470 1511 1355
f 1355 1323 1356
f 1323 1285 1356
f 1285 1177 1109
f 1109 1048 941
f 1048 846 941
f 846 817 785
f 817 845 751
f 845 847 783
f 847 995 908
f 995 1110 942
f 1110 1232 1233
f 1232 1321 1324
f 1321 1424 1324
f 1424 1423 1468
f 1468 1467 1555
f 1467 1554 1555
f 1554 1660 1662
f 1660 1792 1794
f 1792 1851 1852
f 1851 1849 1950
f 1849 1984 1950
f 1984 1912 2016
f 2016 1908 2013
f 2013 1907 2014
f 1907 1980 1911
f 1980 1846 2011
f 1846 1548 1843
f 1548 1549 1545
f 1545 1546 1543
f 1543 1651 1652
f 1651 1780 1728
f 1780 1731 1779
f 1731 1841 1779
f 1841 1977 1902
f 1977 1844 1946
f 1844 1655 1904
f 1904 1947 1978
f 1947 1948 1981
f 1948 1911 1980
f 1911 2044 2014
f 2014 2045 2015
f 2045 1949 2046
f 2046 1915 2017
f 2017 1953 2018
f 1953 1917 1951
f 1917 1733 1987
f 1733 1664 1853
f 1664 1596 1512
f 1512 1470 1356
f 1470 1355 1356
f 1356 1285 1360
f 1285 1109 1286
f 1109 941 1111
f 941 846 943
f 846 785 943
f 785 817 751
f 751 845 783
f 783 847 816
f 847 908 816
f 908 995 942
f 942 1110 1053
f 1110 1233 1238
f 1233 1232 1324
f 1324 1424 1425
f 1424 1468 1471
f 1468 1555 1556
f 1555 1554 1662
f 1662 1660 1794
f 1794 1792 1852
f 1852 1851 1952
f 1851 1950 1952
f 1950 1984 2017
f 1984 2016 2015
f 2016 2013 2014
f 2014 1907 1911
f 1980 2011 1981
f 2011 1846 1843
f 1843 1548 1903
f 1548 1545 1653
f 1545 1543 1652
f 1652 1651 1728
f 1728 1780 1782
f 1780 1779 1721
f 1779 1841 1902
f 1902 1977 1901
f 1977 1946 2038
f 1946 1844 1978
f 1844 1904 1978
f 1978 1947 2010
f 1947 1981 2010
f 1981 1948 1980
f 2014 2015 2016
f 2015 2045 2046
f 2046 2017 1984
f 2017 2018 1950
f 2018 1953 1951
f 1951 1917 1987
f 1987 1733 1853
f 1853 1664 1666
f 1664 1512 1513
f 1512 1356 1360
f 1360 1285 1286
f 1286 1109 1111
f 1111 941 943
f 943 785 786
f 785 751 756
f 751 783 713
f 783 816 711
f 816 908 750
f 908 942 909
f 942 1053 909
f 1053 1110 1238
f 1238 1233 1325
f 1233 1324 1325
f 1324 1425 1325
f 1425 1424 1471
f 1471 1468 1556
f 1556 1555 1663
f 1555 1662 1663
f 1662 1794 1795
f 1794 1852 1919
f 1852 1952 1919
f 1952 1950 2018
f 1984 2015 2046
f 1981 2011 2010
f 2011 1843 2042
f 1843 1903 2041
f 1903 1548 1547
f 1548 1653 1730
f 1653 1545 1652
f 1652 1728 1729
f 1728 1782 1726
f 1782 1780 1724
f 1780 1721 1722
f 1721 1779 1896
f 1779 1902 1896
f 1902 1901 1896
f 1901 1977 2038
f 2038 1946 2009
f 1946 1978 2009
f 1978 2010 1979
f 2018 1951 1952
f 1951 1987 2020
f 1987 1853 1854
f 1853 1666 1854
f 1666 1664 1513
f 1513 1512 1360
f 1360 1286 1236
f 1286 1111 1052
f 1111 943 870
f 943 786 870
f 786 785 756
f 756 751 713
f 713 783 711
f 711 816 750
f 750 908 818
f 908 909 819
f 909 1053 998
f 1053 1238 998
f 1238 1325 1326
f 1325 1425 1426
f 1425 1471 1472
f 1471 1556 1557
f 1556 1663 1665
f 1663 1662 1795
f 1795 1794 1919
f 1919 1952 1918
f 2010 2011 2012
f 2011 2042 2043
f 2042 1843 2041
f 2041 1903 2039
f 1903 1547 2073
f 1547 1548 1730
f 1730 1653 1784
f 1653 1652 1729
f 1729 1728 1726
f 1726 1782 1724
f 1724 1780 1722
f 1722 1721 1648
f 1721 1896 1837
f 1896 1901 2008
f 1901 2038 2008
f 2038 2009 2072
f 2009 1978 1979
f 1979 2010 2012
f 1952 1951 1918
f 1951 2020 1918
f 2020 1987 2050
f 1987 1854 2050
f 1854 1666 1955
f 1666 1513 1735
f 1513 1360 1560
f 1360 1236 1359
f 1236 1286 1052
f 1052 1111 870
f 870 786 849
f 786 756 758
f 756 713 677
f 713 711 631
f 711 750 676
f 750 818 733
f 818 908 782
f 908 819 848
f 819 909 872
f 909 998 872
f 998 1238 1179
f 1238 1326 1327
f 1326 1325 1426
f 1426 1425 1472
f 1472 1471 1557
f 1557 1556 1665
f 1665 1663 1796
f 1663 1795 1796
f 1795 1919 1988
f 1919 1918 1988
f 2012 2011 2043
f 2043 2042 2104
f 2042 2041 2104
f 2041 2039 2104
f 2039 1903 2073
f 2073 1547 1786
f 1547 1730 1786
f 1730 1784 1785
f 1784 1653 1729
f 1729 1726 1784
f 1726 1724 1725
f 1724 1722 1723
f 1722 1648 1649
f 1648 1721 1837
f 1837 1896 1976
f 1896 2008 1976
f 2008 2038 2037
f 2038 2072 2037
f 2072 2009 2040
f 2009 1979 2040
f 1979 2012 2074
f 1918 2020 1985
f 2020 2050 2076
f 2050 1854 2051
f 1854 1955 2051
f 1955 1666 1735
f 1735 1513 1560
f 1560 1360 1359
f 1359 1236 1358
f 1236 1052 1235
f 1052 870 996
f 870 849 996
f 849 786 784
f 786 758 755
f 758 756 737
f 756 677 737
f 677 713 631
f 631 711 676
f 676 750 733
f 733 818 710
f 818 782 710
f 782 908 848
f 848 819 734
f 819 872 738
f 872 998 912
f 998 1179 912
f 1179 1238 1327
f 1327 1326 1428
f 1326 1426 1427
f 1426 1472 1473
f 1472 1557 1562
f 1557 1665 1562
f 1665 1796 1799
f 1796 1795 1988
f 1988 1918 1985
f 2012 2043 2074
f 2043 2104 2074
f 2104 2039 2102
f 2039 2073 2102
f 2073 1786 1840
f 1786 1730 1785
f 1785 1784 1783
f 1784 1726 1727
f 1726 1725 1727
f 1725 1724 1723
f 1723 1722 1649
f 1649 1648 1645
f 1648 1837 1893
f 1837 1976 1893
f 1976 2008 2037
f 2037 2072 2097
f 2072 2040 2100
f 2040 1979 2074
f 1985 2020 2076
f 2076 2050 2081
f 2050 2051 2081
f 2051 1955 1990
f 1955 1735 1797
f 1735 1560 1559
f 1560 1359 1358
f 1358 1236 1235
f 1235 1052 996
f 996 849 869
f 849 784 820
f 784 786 755
f 755 758 737
f 737 677 680
f 677 631 632
f 631 676 576
f 676 733 629
f 733 710 629
f 710 782 630
f 782 848 712
f 848 734 752
f 734 819 738
f 738 872 760
f 872 912 760
f 912 1179 1003
f 1179 1327 1003
f 1327 1428 1290
f 1428 1326 1427
f 1427 1426 1473
f 1473 1472 1562
f 1562 1665 1736
f 1665 1799 1736
f 1799 1796 1920
f 1796 1988 1920
f 1988 1985 2048
f 2074 2104 2103
f 2104 2102 2103
f 2102 2073 2131
f 2073 1840 2071
f 1840 1786 1785
f 1785 1783 1778
f 1783 1784 1727
f 1727 1725 1781
f 1725 1723 1838
f 1723 1649 1650
f 1649 1645 1646
f 1645 1648 1775
f 1648 1893 1775
f 1893 1976 2007
f 1976 2037 2036
f 2037 2097 2098
f 2097 2072 2126
f 2072 2100 2126
f 2100 2040 2130
f 2040 2074 2103
f 1985 2076 2048
f 2076 2081 2136
f 2081 2051 2083
f 2051 1990 2049
f 1990 1955 1797
f 1797 1735 1559
f 1559 1560 1358
f 1358 1235 1234
f 1235 996 997
f 996 869 997
f 869 849 820
f 820 784 821
f 784 755 754
f 755 737 714
f 737 680 714
f 680 677 634
f 677 632 634
f 632 631 576
f 576 676 629
f 629 710 630
f 630 782 712
f 712 848 752
f 752 734 584
f 734 738 644
f 738 760 647
f 760 912 1003
f 1003 1327 1290
f 1290 1428 1429
f 1428 1427 1473
f 1473 1562 1474
f 1562 1736 1800
f 1736 1799 1921
f 1799 1920 1921
f 1920 1988 2019
f 1988 2048 2019
f 2103 2102 2132
f 2102 2131 2132
f 2131 2073 2162
f 2073 2071 2127
f 2071 1840 1899
f 1840 1785 1839
f 1785 1778 1839
f 1778 1783 1781
f 1783 1727 1781
f 1781 1725 1778
f 1725 1838 1778
f 1838 1723 1650
f 1650 1649 1646
f 1646 1645 1638
f 1645 1775 1638
f 1775 1893 1938
f 1893 2007 2006
f 2007 1976 2036
f 2036 2037 2098
f 2098 2097 2126
f 2126 2100 2129
f 2100 2130 2169
f 2130 2040 2103
f 2048 2076 2136
f 2136 2081 2174
f 2081 2083 2109
f 2083 2051 2080
f 2051 2049 2080
f 2049 1990 2021
f 1990 1797 1954
f 1797 1559 1798
f 1559 1358 1558
f 1358 1234 1357
f 1234 1235 997
f 997 869 1054
f 869 820 910
f 820 821 871
f 821 784 754
f 754 755 714
f 714 680 678
f 680 634 678
f 634 632 588
f 632 576 520
f 576 629 537
f 629 630 537
f 630 712 536
f 712 752 579
f 752 584 579
f 584 734 635
f 734 644 635
f 644 738 647
f 647 760 875
f 760 1003 951
f 1003 1290 951
f 1290 1429 1292
f 1429 1428 1517
f 1428 1473 1474
f 1474 1562 1597
f 1562 1800 1597
f 1800 1736 1921
f 1921 1920 1991
f 1920 2019 2075
f 2019 2048 2134
f 2103 2132 2101
f 2132 2131 2172
f 2131 2162 2167
f 2162 2073 2127
f 2127 2071 2163
f 2071 1899 2099
f 1899 1840 1897
f 1840 1839 1897
f 1839 1778 1838
f 1838 1650 1777
f 1650 1646 1647
f 1646 1638 1639
f 1638 1775 1772
f 1775 1938 1772
f 1938 1893 2095
f 1893 2006 2069
f 2006 2007 2070
f 2007 2036 2098
f 2098 2126 2096
f 2126 2129 2160
f 2129 2100 2168
f 2100 2169 2168
f 2169 2130 2170
f 2130 2103 2101
f 2048 2136 2134
f 2136 2174 2219
f 2174 2081 2109
f 2109 2083 2080
f 2080 2049 2079
f 2049 2021 2022
f 2021 1990 1954
f 1954 1797 1798
f 1798 1559 1558
f 1558 1358 1357
f 1357 1234 1361
f 1234 997 1237
f 997 1054 1237
f 1054 869 910
f 910 820 871
f 821 820 753
f 821 754 753
f 754 714 735
f 714 678 735
f 678 634 715
f 634 588 587
f 588 632 520
f 520 576 537
f 537 630 536
f 536 712 579
f 579 584 578
f 584 635 582
f 635 644 637
f 644 647 643
f 647 875 690
f 875 760 951
f 951 1290 1292
f 1292 1429 1372
f 1429 1517 1519
f 1517 1428 1474
f 1474 1597 1805
f 1597 1800 1924
f 1800 1921 1957
f 1921 1991 1957
f 1991 1920 1989
f 1920 2075 1986
f 2075 2019 2134
f 2101 2132 2130
f 2132 2172 2130
f 2172 2131 2167
f 2167 2162 2166
f 2162 2127 2163
f 2163 2071 2099
f 2099 1899 1900
f 1899 1897 1898
f 1897 1839 1894
f 1839 1838 1894
f 1838 1777 1894
f 1777 1650 1647
f 1647 1646 1639
f 1639 1638 1541
f 1638 1772 1643
f 1772 1938 1936
f 1938 2095 2200
f 2095 1893 2069
f 2069 2006 2070
f 2070 2007 2096
f 2007 2098 2096
f 2096 2126 2125
f 2126 2160 2125
f 2160 2129 2128
f 2129 2168 2164
f 2168 2169 2164
f 2169 2170 2165
f 2170 2130 2172
f 2134 2136 2219
f 2219 2174 2220
f 2174 2109 2177
f 2109 2080 2137
f 2080 2079 2137
f 2079 2049 2022
f 2022 2021 1956
f 2021 1954 1922
f 1954 1798 1737
f 1798 1558 1561
f 1558 1357 1361
f 1361 1234 1237
f 1237 1054 1287
f 1054 910 1112
f 910 871 999
f 821 753 851
f 753 754 735
f 735 678 715
f 715 634 679
f 634 587 679
f 587 588 547
f 588 520 522
f 520 537 538
f 537 536 538
f 536 579 539
f 579 578 539
f 582 635 637
f 637 644 643
f 643 647 646
f 647 690 646
f 690 875 877
f 875 951 1186
f 951 1292 1186
f 1292 1372 1377
f 1372 1429 1519
f 1519 1517 1862
f 1517 1474 1805
f 1805 1597 1924
f 1924 1800 1957
f 1957 1991 2110
f 1991 1989 2106
f 1989 1920 2047
f 1920 1986 2047
f 1986 2075 2105
f 2075 2134 2173
f 2172 2167 2171
f 2167 2166 2171
f 2166 2162 2161
f 2162 2163 2157
f 2163 2099 2214
f 2099 1900 2159
f 1900 1899 1898
f 1898 1897 1941
f 1897 1894 1941
f 1894 1777 1836
f 1777 1647 1776
f 1647 1639 1640
f 1639 1541 1644
f 1541 1638 1495
f 1638 1643 1593
f 1643 1772 1774
f 1772 1936 1717
f 1936 1938 2200
f 2200 2095 2094
f 2095 2069 2096
f 2069 2070 2096
f 2096 2125 2123
f 2125 2160 2156
f 2160 2128 2215
f 2128 2129 2164
f 2164 2169 2165
f 2165 2170 2166
f 2170 2172 2171
f 2134 2219 2173
f 2219 2220 2263
f 2220 2174 2222
f 2174 2177 2222
f 2177 2109 2137
f 2137 2079 2107
f 2079 2022 2078
f 1956 2021 1922
f 2021 2022 2078
f 1922 1954 1737
f 1737 1798 1561
f 1561 1558 1361
f 1361 1237 1362
f 1237 1287 1362
f 1287 1054 1112
f 1112 910 999
f 999 871 944
f 821 851 850
f 851 753 787
f 753 735 757
f 735 715 757
f 715 679 736
f 679 587 586
f 587 547 586
f 547 588 586
f 588 522 552
f 522 520 538
f 538 536 539
f 539 578 577
f 582 637 633
f 637 643 585
f 643 646 642
f 646 690 689
f 690 877 693
f 877 875 1007
f 875 1186 1007
f 1186 1292 1377
f 1377 1372 1519
f 1519 1862 1604
f 1862 1517 1805
f 1805 1924 2085
f 1924 1957 2085
f 1957 2110 2085
f 2110 1991 2106
f 2106 1989 2077
f 1989 2047 2135
f 2047 1986 2133
f 1986 2105 2133
f 2105 2075 2173
f 2171 2166 2170
f 2166 2161 2216
f 2161 2162 2157
f 2157 2163 2214
f 2214 2099 2159
f 2159 1900 1945
f 1900 1898 1895
f 1898 1941 1942
f 1941 1894 1836
f 1836 1777 1776
f 1776 1647 1640
f 1640 1639 1644
f 1644 1541 1496
f 1541 1495 1496
f 1495 1638 1493
f 1638 1593 1592
f 1593 1643 1642
f 1643 1774 1719
f 1774 1772 1771
f 1772 1717 1771
f 1717 1936 1888
f 1936 2200 2199
f 2200 2094 2153
f 2094 2095 2123
f 2095 2096 2123
f 2123 2125 2155
f 2125 2156 2155
f 2156 2160 2210
f 2160 2215 2210
f 2215 2128 2164
f 2164 2165 2262
f 2165 2166 2216
f 2173 2219 2263
f 2263 2220 2360
f 2220 2222 2274
f 2222 2177 2175
f 2177 2137 2175
f 2137 2107 2175
f 2107 2079 2078
f 2078 2022 1993
f 1956 1922 1801
f 1922 1737 1667
f 1737 1561 1514
f 1561 1361 1362
f 1362 1287 1363
f 1287 1112 1288
f 1112 999 1180
f 999 944 1055
f 944 871 850
f 850 851 911
f 851 787 852
f 787 753 757
f 757 715 736
f 736 679 716
f 679 586 716
f 586 588 638
f 588 552 593
f 552 522 553
f 522 538 545
f 538 539 577
f 577 578 581
f 582 633 581
f 633 637 583
f 637 585 583
f 585 643 642
f 642 646 645
f 646 689 687
f 689 690 693
f 693 877 879
f 877 1007 954
f 1007 1186 1380
f 1186 1377 1380
f 1377 1519 1604
f 1604 1862 1960
f 1862 1805 2085
f 2085 2110 2235
f 2110 2106 2232
f 2106 2077 2270
f 2077 1989 2135
f 2135 2047 2218
f 2047 2133 2218
f 2133 2105 2217
f 2105 2173 2217
f 2216 2161 2213
f 2161 2157 2213
f 2157 2214 2209
f 2214 2159 2209
f 2159 1945 2158
f 1945 1900 1895
f 1895 1898 1942
f 1942 1941 1940
f 1941 1836 1940
f 1836 1776 1892
f 1776 1640 1773
f 1640 1644 1773
f 1644 1496 1542
f 1496 1495 1494
f 1495 1493 1494
f 1493 1638 1590
f 1638 1592 1591
f 1592 1593 1642
f 1642 1643 1719
f 1719 1774 1771
f 1771 1717 1770
f 1717 1888 1628
f 1888 1936 2199
f 2199 2200 2153
f 2153 2094 2124
f 2094 2123 2124
f 2123 2155 2254
f 2155 2156 2256
f 2156 2210 2211
f 2210 2215 2211
f 2215 2164 2262
f 2262 2165 2216
f 2173 2263 2217
f 2263 2360 2310
f 2360 2220 2274
f 2274 2222 2273
f 2222 2175 2138
f 2175 2107 2138
f 2107 2078 2082
f 2078 1993 2052
f 1993 2022 1992
f 1956 1801 1855
f 1801 1922 1667
f 1667 1737 1514
f 1514 1561 1362
f 1362 1363 1514
f 1363 1287 1288
f 1288 1112 1180
f 1180 999 1055
f 1055 944 1000
f 944 850 911
f 911 851 852
f 852 787 736
f 787 757 736
f 736 716 759
f 716 586 684
f 586 638 641
f 638 588 639
f 588 593 720
f 593 552 554
f 552 553 591
f 553 522 545
f 545 538 540
f 538 577 540
f 577 581 542
f 581 578 582
f 581 633 580
f 633 583 580
f 583 585 544
f 585 642 546
f 642 645 589
f 645 646 687
f 687 689 693
f 693 879 721
f 879 877 954
f 954 1007 1009
f 1007 1380 1008
f 1380 1377 1604
f 1604 1960 1742
f 1960 1862 2085
f 2085 2235 1960
f 2235 2110 2232
f 2232 2106 2223
f 2106 2270 2223
f 2270 2077 2265
f 2077 2135 2265
f 2135 2218 2309
f 2218 2133 2217
f 2216 2213 2260
f 2213 2157 2212
f 2157 2209 2206
f 2209 2159 2158
f 2158 1945 1944
f 1945 1895 1944
f 1895 1942 1943
f 1942 1940 1943
f 1940 1836 1892
f 1892 1776 1773
f 1773 1644 1720
f 1644 1542 1720
f 1542 1496 1540
f 1496 1494 1540
f 1494 1493 1491
f 1493 1590 1492
f 1590 1638 1635
f 1638 1591 1634
f 1591 1592 1633
f 1592 1642 1637
f 1642 1719 1637
f 1719 1771 1718
f 1771 1770 1718
f 1770 1717 1718
f 1717 1628 1718
f 1628 1888 1627
f 1888 2199 2121
f 2199 2153 2151
f 2153 2124 2253
f 2124 2123 2254
f 2254 2155 2306
f 2155 2256 2306
f 2256 2156 2258
f 2156 2211 2212
f 2211 2215 2261
f 2215 2262 2261
f 2262 2216 2260
f 2217 2263 2310
f 2310 2360 2311
f 2360 2274 2362
f 2274 2273 2320
f 2273 2222 2176
f 2222 2138 2176
f 2138 2107 2082
f 2082 2078 2052
f 2052 1993 1994
f 1993 1992 1923
f 1956 1855 1992
f 1855 1801 1738
f 1801 1667 1598
f 1667 1514 1515
f 1514 1363 1515
f 1363 1288 1364
f 1288 1180 1289
f 1180 1055 1181
f 1055 1000 1113
f 1000 944 911
f 911 852 1001
f 852 736 788
f 736 759 789
f 759 716 684
f 684 586 641
f 641 638 685
f 638 639 636
f 639 588 640
f 588 720 686
f 720 593 599
f 593 554 599
f 554 552 591
f 591 553 590
f 553 545 551
f 545 540 519
f 540 577 542
f 542 581 580
f 580 583 543
f 583 544 543
f 544 585 546
f 546 642 589
f 589 645 592
f 645 687 688
f 687 693 688
f 693 721 692
f 721 879 857
f 879 954 917
f 954 1009 1013
f 1009 1007 1008
f 1008 1380 1430
f 1380 1604 1742
f 1742 1960 1962
f 1960 2235 2187
f 2235 2232 2231
f 2232 2223 2225
f 2223 2270 2268
f 2270 2265 2264
f 2265 2135 2309
f 2309 2218 2310
f 2218 2217 2310
f 2260 2213 2212
f 2212 2157 2258
f 2157 2206 2258
f 2206 2209 2207
f 2209 2158 2207
f 2158 1944 2208
f 1944 1895 1943
f 1943 1940 1974
f 1940 1892 1939
f 1892 1773 1891
f 1773 1720 1891
f 1720 1542 1641
f 1542 1540 1636
f 1540 1494 1491
f 1491 1493 1492
f 1492 1590 1588
f 1590 1635 1589
f 1635 1638 1634
f 1634 1591 1633
f 1633 1592 1637
f 1637 1719 1718
f 1718 1628 1629
f 1628 1627 1589
f 1627 1888 1887
f 1888 2121 1887
f 2121 2199 2151
f 2151 2153 2253
f 2253 2124 2254
f 2254 2306 2304
f 2306 2256 2353
f 2256 2258 2308
f 2258 2156 2212
f 2212 2211 2259
f 2211 2261 2259
f 2261 2262 2259
f 2262 2260 2259
f 2310 2311 2309
f 2311 2360 2362
f 2362 2274 2325
f 2274 2320 2272
f 2320 2273 2272
f 2273 2176 2272
f 2176 2138 2108
f 2138 2082 2108
f 2082 2052 2108
f 2052 1994 2108
f 1994 1993 1923
f 1923 1992 1855
f 1855 1738 1802
f 1738 1801 1598
f 1598 1667 1515
f 1515 1363 1364
f 1364 1288 1289
f 1289 1180 1181
f 1181 1055 1113
f 1113 1000 1001
f 1000 911 1001
f 1001 852 945
f 852 788 945
f 788 736 789
f 789 759 793
f 759 684 793
f 684 641 761
f 641 685 824
f 685 638 681
f 638 636 681
f 636 639 718
f 639 640 682
f 640 588 686
f 686 720 740
f 720 599 763
f 599 554 595
f 554 591 595
f 591 590 594
f 590 553 551
f 551 545 519
f 519 540 516
f 540 542 516
f 542 580 541
f 580 543 541
f 543 544 493
f 544 546 494
f 546 589 496
f 589 592 523
f 592 645 688
f 688 693 692
f 692 721 694
f 721 857 694
f 857 879 917
f 917 954 1013
f 1013 1009 1060
f 1009 1008 1060
f 1008 1430 1059
f 1430 1380 1744
f 1380 1742 1744
f 1742 1962 1865
f 1962 1960 2187
f 2187 2235 2234
f 2235 2231 2234
f 2231 2232 2225
f 2225 2223 2268
f 2264 2265 2312
f 2265 2309 2312
f 2260 2212 2259
f 2258 2206 2308
f 2206 2207 2257
f 2207 2158 2208
f 2208 1944 1975
f 1944 1943 1975
f 1943 1974 1975
f 1974 1940 1972
f 1940 1939 1972
f 1939 1892 1891
f 1891 1720 1641
f 1641 1542 1636
f 1636 1540 1632
f 1540 1491 1539
f 1491 1492 1457
f 1492 1588 1456
f 1588 1590 1589
f 1589 1635 1634
f 1634 1633 1631
f 1633 1637 1631
f 1637 1718 1631
f 1718 1629 1631
f 1629 1628 1589
f 1589 1627 1587
f 1627 1887 1624
f 1887 2121 2119
f 2121 2151 2197
f 2151 2253 2248
f 2253 2254 2304
f 2304 2306 2351
f 2306 2353 2351
f 2353 2256 2308
f 2309 2311 2312
f 2311 2362 2318
f 2362 2325 2326
f 2325 2274 2279
f 2274 2272 2226
f 2272 2176 2139
f 2176 2108 2139
f 2108 1994 2053
f 1994 1923 1803
f 1923 1855 1802
f 1802 1738 1668
f 1738 1598 1599
f 1598 1515 1516
f 1515 1364 1516
f 1364 1289 1365
f 1289 1181 1328
f 1181 1113 1239
f 1113 1001 1056
f 1001 945 1056
f 945 788 853
f 788 789 853
f 789 793 854
f 793 684 761
f 761 641 795
f 641 824 795
f 824 685 825
f 685 681 719
f 681 636 717
f 636 718 717
f 718 639 682
f 682 640 683
f 640 686 683
f 686 740 739
f 740 720 763
f 763 599 797
f 599 595 601
f 595 591 594
f 594 590 557
f 590 551 556
f 551 519 549
f 519 516 461
f 516 542 541
f 541 543 489
f 543 493 489
f 493 544 494
f 494 546 496
f 496 589 523
f 523 592 555
f 592 688 596
f 688 692 691
f 692 694 649
f 694 857 798
f 857 917 919
f 917 1013 958
f 1013 1060 1061
f 1060 1008 1059
f 1059 1430 1431
f 1430 1744 1743
f 1744 1742 1809
f 1742 1865 1809
f 1865 1962 1964
f 1962 2187 2190
f 2187 2234 2186
f 2234 2231 2230
f 2231 2225 2271
f 2225 2268 2221
f 2264 2312 2267
f 2308 2206 2257
f 2257 2207 2204
f 2207 2208 2204
f 2208 1975 2205
f 1975 1974 2205
f 1974 1972 1973
f 1972 1939 1970
f 1939 1891 1937
f 1891 1641 1636
f 1636 1632 1630
f 1632 1540 1539
f 1539 1491 1457
f 1457 1492 1456
f 1456 1588 1537
f 1588 1589 1587
f 1589 1634 1629
f 1634 1631 1629
f 1587 1627 1586
f 1627 1624 1586
f 1624 1887 1885
f 1887 2119 1885
f 2119 2121 2148
f 2121 2197 2148
f 2197 2151 2248
f 2248 2253 2304
f 2304 2351 2299
f 2351 2353 2410
f 2353 2308 2381
f 2312 2311 2313
f 2311 2318 2313
f 2318 2362 2326
f 2326 2325 2277
f 2325 2279 2327
f 2279 2274 2143
f 2274 2226 2227
f 2226 2272 2229
f 2272 2139 2181
f 2139 2108 2084
f 2108 2053 2054
f 2053 1994 1856
f 1994 1803 1856
f 1803 1923 1802
f 1802 1668 1803
f 1668 1738 1599
f 1599 1598 1516
f 1516 1364 1365
f 1365 1289 1328
f 1328 1181 1239
f 1239 1113 1182
f 1113 1056 1182
f 1056 945 1002
f 945 853 1002
f 853 789 854
f 854 793 855
f 793 761 855
f 761 795 915
f 795 824 953
f 824 825 953
f 825 685 794
f 685 719 794
f 719 681 717
f 717 718 790
f 718 682 791
f 682 683 792
f 683 686 739
f 739 740 762
f 740 763 796
f 763 797 856
f 797 599 764
f 599 601 648
f 601 595 600
f 595 594 600
f 594 557 560
f 557 590 556
f 549 519 548
f 519 461 518
f 461 516 541
f 541 489 461
f 489 493 490
f 493 494 490
f 494 496 491
f 496 523 521
f 523 555 550
f 555 592 596
f 596 688 691
f 691 692 649
f 649 694 651
f 694 798 651
f 798 857 919
f 919 917 958
f 958 1013 1061
f 1061 1060 1431
f 1060 1059 1431
f 1431 1430 1743
f 1743 1744 1745
f 1744 1809 1745
f 1809 1865 1813
f 1865 1964 1929
f 1964 1962 2190
f 2190 2187 2186
f 2186 2234 2184
f 2234 2230 2233
f 2230 2231 2271
f 2271 2225 2269
f 2225 2221 2269
f 2221 2268 2267
f 2264 2267 2268
f 2267 2312 2315
f 2308 2257 2381
f 2257 2204 2354
f 2204 2208 2205
f 2205 1974 2203
f 1974 1973 2203
f 1973 1972 1970
f 1970 1939 1937
f 1937 1891 1890
f 1891 1636 1890
f 1636 1630 1769
f 1630 1632 1539
f 1539 1457 1538
f 1457 1456 1537
f 1537 1588 1625
f 1588 1587 1586
f 1586 1624 1585
f 1624 1885 1622
f 1885 2119 2117
f 2119 2148 2196
f 2148 2197 2244
f 2197 2248 2301
f 2248 2304 2349
f 2304 2299 2244
f 2299 2351 2376
f 2351 2410 2376
f 2410 2353 2379
f 2353 2381 2379
f 2312 2313 2315
f 2313 2318 2359
f 2318 2326 2324
f 2326 2277 2276
f 2277 2325 2327
f 2327 2279 2285
f 2279 2143 2285
f 2143 2274 2183
f 2274 2227 2228
f 2227 2226 2224
f 2226 2229 2182
f 2229 2272 2181
f 2181 2139 2084
f 2084 2108 2054
f 2054 2053 1995
f 2053 1856 1995
f 1856 1803 1739
f 1803 1668 1739
f 1668 1599 1563
f 1599 1516 1475
f 1516 1365 1475
f 1365 1328 1366
f 1328 1239 1291
f 1239 1182 1240
f 1182 1056 1114
f 1056 1002 1114
f 1002 853 873
f 853 854 873
f 854 855 913
f 855 761 914
f 761 915 914
f 915 795 953
f 953 825 952
f 825 794 952
f 794 719 822
f 719 717 822
f 717 790 822
f 790 718 791
f 791 682 792
f 792 683 823
f 683 739 823
f 739 762 874
f 762 740 796
f 796 763 856
f 856 797 880
f 797 764 880
f 764 599 598
f 599 648 598
f 648 601 605
f 601 600 603
f 600 594 560
f 560 557 559
f 557 556 525
f 549 548 525
f 548 519 518
f 518 461 487
f 461 489 486
f 489 490 515
f 490 494 491
f 491 496 521
f 521 523 550
f 550 555 524
f 555 596 597
f 596 691 649
f 649 651 610
f 651 798 799
f 798 919 883
f 919 958 883
f 958 1061 1014
f 1061 1431 1434
f 1431 1743 1745
f 1745 1809 1813
f 1813 1865 1929
f 1929 1964 1999
f 1964 2190 2191
f 2190 2186 2184
f 2184 2234 2233
f 2233 2230 2275
f 2230 2271 2319
f 2271 2269 2317
f 2269 2221 2266
f 2221 2267 2266
f 2267 2315 2266
f 2381 2257 2354
f 2354 2204 2307
f 2204 2205 2203
f 2203 1973 2201
f 1973 1970 1971
f 1970 1937 1969
f 1937 1890 1969
f 1890 1636 1769
f 1769 1630 1626
f 1630 1539 1538
f 1538 1457 1537
f 1537 1625 1716
f 1625 1588 1586
f 1586 1585 1623
f 1585 1624 1622
f 1622 1885 1882
f 1885 2117 1882
f 2117 2119 2196
f 2196 2148 2348
f 2148 2244 2348
f 2244 2197 2245
f 2197 2301 2247
f 2301 2248 2349
f 2349 2304 2244
f 2244 2299 2348
f 2299 2376 2348
f 2376 2410 2406
f 2410 2379 2433
f 2379 2381 2414
f 2315 2313 2356
f 2313 2359 2356
f 2359 2318 2324
f 2324 2326 2276
f 2276 2277 2280
f 2277 2327 2281
f 2327 2285 2281
f 2285 2143 2088
f 2143 2183 2112
f 2183 2274 2228
f 2228 2227 2179
f 2227 2224 2141
f 2224 2226 2178
f 2226 2182 2178
f 2182 2229 2025
f 2229 2181 2086
f 2181 2084 2058
f 2084 2054 2058
f 2054 1995 1996
f 1995 1856 1804
f 1856 1739 1804
f 1739 1668 1600
f 1668 1563 1600
f 1563 1599 1475
f 1475 1365 1366
f 1366 1328 1291
f 1291 1239 1240
f 1240 1182 1183
f 1182 1114 1183
f 1114 1002 1057
f 1002 873 1057
f 873 854 913
f 913 855 953
f 855 914 953
f 914 915 1123
f 915 953 1123
f 953 952 1122
f 952 794 950
f 794 822 950
f 822 790 949
f 790 791 947
f 791 792 948
f 792 823 1004
f 823 739 874
f 874 762 916
f 762 796 826
f 796 856 878
f 856 880 955
f 880 764 881
f 764 598 765
f 598 648 602
f 648 605 565
f 605 601 603
f 603 600 560
f 560 559 561
f 559 557 527
f 557 525 527
f 525 556 549
f 525 548 500
f 548 518 498
f 518 487 495
f 487 461 486
f 486 489 515
f 515 490 517
f 490 491 517
f 491 521 492
f 521 550 497
f 550 524 499
f 524 555 597
f 597 596 606
f 596 649 606
f 649 610 608
f 610 651 650
f 651 799 650
f 799 798 883
f 883 958 920
f 958 1014 920
f 1014 1061 1063
f 1061 1434 1128
f 1434 1431 1746
f 1431 1745 1746
f 1745 1813 1746
f 1813 1929 1869
f 1929 1999 1931
f 1999 1964 2191
f 2191 2190 2189
f 2190 2184 2185
f 2184 2233 2185
f 2233 2275 2278
f 2275 2230 2319
f 2319 2271 2317
f 2317 2269 2316
f 2269 2266 2316
f 2266 2315 2314
f 2381 2354 2414
f 2354 2307 2380
f 2307 2204 2202
f 2204 2203 2202
f 2203 2201 2202
f 2201 1973 1971
f 1971 1970 2004
f 1970 1969 2004
f 1969 1890 1968
f 1890 1769 1835
f 1769 1626 1768
f 1626 1630 1538
f 1538 1537 1626
f 1537 1716 1768
f 1716 1625 1623
f 1625 1586 1623
f 1623 1585 1714
f 1585 1622 1714
f 1622 1882 1714
f 1882 2117 2114
f 2117 2196 2195
f 2196 2348 2375
f 2244 2245 2349
f 2245 2197 2247
f 2247 2301 2302
f 2301 2349 2302
f 2348 2376 2375
f 2376 2406 2375
f 2406 2410 2433
f 2433 2379 2414
f 2315 2356 2314
f 2356 2359 2416
f 2359 2324 2322
f 2324 2276 2329
f 2276 2280 2330
f 2280 2277 2281
f 2281 2285 2287
f 2285 2088 2062
f 2088 2143 2112
f 2112 2183 2111
f 2183 2228 2180
f 2228 2179 2180
f 2179 2227 2141
f 2141 2224 2140
f 2224 2178 2140
f 2178 2182 2142
f 2182 2025 2026
f 2025 2229 2060
f 2229 2086 2060
f 2086 2181 2058
f 2058 2054 1996
f 1996 1995 1958
f 1995 1804 1958
f 1804 1739 1669
f 1739 1600 1669
f 1600 1563 1564
f 1563 1475 1518
f 1475 1366 1518
f 1366 1291 1370
f 1291 1240 1370
f 1240 1183 1370
f 1183 1114 1115
f 1114 1057 1115
f 1057 873 946
f 873 913 946
f 913 953 1005
f 953 914 1123
f 1123 953 1124
f 953 1122 1124
f 1122 952 1121
f 952 950 1121
f 950 822 949
f 949 790 947
f 947 791 948
f 948 792 1004
f 1004 823 1058
f 823 874 1058
f 874 916 1125
f 916 762 826
f 826 796 878
f 878 856 955
f 955 880 1012
f 880 881 1012
f 881 764 765
f 765 598 602
f 602 648 765
f 648 565 604
f 565 605 569
f 605 603 562
f 603 560 561
f 561 559 529
f 559 527 529
f 527 525 502
f 525 500 502
f 500 548 498
f 498 518 495
f 495 487 460
f 487 486 460
f 486 515 409
f 515 517 488
f 517 491 492
f 492 521 497
f 497 550 499
f 499 524 501
f 524 597 558
f 597 606 563
f 606 649 608
f 608 610 609
f 610 650 609
f 650 799 827
f 799 883 921
f 883 920 921
f 920 1014 918
f 1014 1063 1130
f 1063 1061 1128
f 1128 1434 1129
f 1434 1746 1683
f 1746 1813 1869
f 1869 1929 1931
f 1931 1999 2063
f 1999 2191 2192
f 2191 2189 2192
f 2189 2190 2185
f 2185 2233 2278
f 2278 2275 2363
f 2275 2319 2392
f 2319 2317 2390
f 2317 2316 2389
f 2316 2266 2314
f 2414 2354 2380
f 2380 2307 2352
f 2307 2202 2255
f 2202 2201 2255
f 2201 1971 2154
f 1971 2004 2005
f 2004 1969 2001
f 1969 1968 2001
f 1968 1890 1889
f 1890 1835 1889
f 1835 1769 1834
f 1769 1768 1834
f 1768 1626 1537
f 1768 1716 1767
f 1716 1623 1715
f 1623 1714 1766
f 1714 1882 2000
f 1882 2114 2000
f 2114 2117 2195
f 2195 2196 2375
f 2349 2245 2302
f 2245 2247 2302
f 2375 2406 2405
f 2406 2433 2469
f 2433 2414 2472
f 2314 2356 2416
f 2416 2359 2358
f 2359 2322 2321
f 2329 2276 2330
f 2330 2280 2333
f 2280 2281 2286
f 2281 2287 2286
f 2287 2285 2236
f 2285 2062 2089
f 2062 2088 1998
f 2088 2112 2061
f 2112 2111 2087
f 2111 2183 2180
f 2180 2179 2057
f 2179 2141 2056
f 2141 2140 2055
f 2140 2178 2142
f 2142 2182 2059
f 2182 2026 2059
f 2026 2025 1864
f 2025 2060 1864
f 2060 2086 1927
f 2086 2058 1997
f 2058 1996 1997
f 1996 1958 1925
f 1958 1804 1740
f 1804 1669 1740
f 1669 1600 1601
f 1600 1564 1601
f 1564 1563 1518
f 1518 1366 1370
f 1370 1183 1115
f 1115 1057 946
f 946 913 1005
f 1005 953 1123
f 1123 1124 1373
f 1124 1122 1373
f 1122 1121 1371
f 1121 950 1118
f 950 949 1118
f 949 947 1116
f 947 948 1117
f 948 1004 1117
f 1004 1058 1119
f 1058 874 1125
f 1125 916 1187
f 916 826 1006
f 826 878 876
f 878 955 1011
f 955 1012 1127
f 1012 881 1015
f 881 765 1015
f 765 648 766
f 648 604 767
f 604 565 767
f 565 569 722
f 569 605 566
f 605 562 531
f 562 603 561
f 561 529 530
f 529 527 528
f 527 502 503
f 502 500 465
f 500 498 443
f 498 495 441
f 495 460 439
f 460 486 436
f 486 409 408
f 409 515 410
f 515 488 410
f 488 517 492
f 492 497 438
f 497 499 440
f 499 501 463
f 501 524 558
f 558 597 563
f 563 606 567
f 606 608 567
f 608 609 607
f 609 650 569
f 650 827 722
f 827 799 921
f 921 920 959
f 920 918 959
f 918 1014 1016
f 1014 1130 1062
f 1130 1063 1133
f 1063 1128 1064
f 1128 1129 1064
f 1129 1434 1437
f 1434 1683 1684
f 1683 1746 1748
f 1746 1869 1814
f 1869 1931 1932
f 1931 2063 1932
f 2063 1999 2192
f 2192 2189 2237
f 2189 2185 2188
f 2185 2278 2282
f 2278 2363 2328
f 2363 2275 2392
f 2392 2319 2390
f 2390 2317 2389
f 2389 2316 2385
f 2316 2314 2385
f 2414 2380 2411
f 2380 2352 2378
f 2352 2307 2255
f 2255 2201 2154
f 2154 1971 2005
f 2005 2004 2255
f 2001 1969 2002
f 2001 1968 2032
f 1968 1889 1935
f 1889 1835 1886
f 1835 1834 1886
f 1834 1768 1767
f 1767 1716 1715
f 1715 1623 1766
f 1766 1714 2029
f 1714 2000 2029
f 2000 2114 2240
f 2114 2195 2193
f 2195 2375 2193
f 2375 2405 2343
f 2405 2406 2466
f 2406 2469 2466
f 2469 2433 2472
f 2472 2414 2411
f 2314 2416 2385
f 2416 2358 2383
f 2358 2359 2321
f 2321 2322 2365
f 2329 2330 2365
f 2330 2333 2332
f 2333 2280 2286
f 2286 2287 2289
f 2287 2236 2291
f 2236 2285 2284
f 2285 2089 2284
f 2089 2062 1965
f 2062 1998 1965
f 1998 2088 2061
f 2061 2112 2087
f 2087 2111 1959
f 2111 2180 2024
f 2180 2057 2024
f 2057 2179 2056
f 2056 2141 2055
f 2055 2140 2023
f 2140 2142 2023
f 2142 2059 2023
f 2059 2026 1863
f 2026 1864 1863
f 1864 2060 1927
f 1927 2086 1926
f 2086 1997 1926
f 1997 1996 1925
f 1925 1958 1857
f 1958 1740 1857
f 1740 1669 1670
f 1669 1601 1670
f 1601 1564 1370
f 1564 1518 1370
f 1370 1115 1120
f 1115 946 1120
f 946 1005 1120
f 1005 1123 1184
f 1123 1373 1375
f 1373 1122 1371
f 1371 1121 1369
f 1121 1118 1369
f 1118 949 1116
f 1116 947 1117
f 1117 1004 1119
f 1119 1058 1185
f 1058 1125 1185
f 1125 1187 1241
f 1187 916 1006
f 1006 826 876
f 876 878 1011
f 1011 955 1127
f 1127 1012 1190
f 1012 1015 1190
f 1015 765 956
f 765 766 956
f 766 648 767
f 767 565 741
f 565 722 741
f 722 569 650
f 569 566 607
f 566 605 533
f 605 531 533
f 531 562 506
f 562 561 530
f 530 529 505
f 529 528 505
f 528 527 503
f 503 502 465
f 465 500 443
f 443 498 441
f 441 495 439
f 439 460 383
f 460 436 383
f 436 486 408
f 408 409 379
f 409 410 435
f 410 488 462
f 488 492 462
f 492 438 462
f 438 497 440
f 440 499 463
f 463 501 464
f 501 558 526
f 558 563 564
f 563 567 568
f 567 608 607
f 607 609 569
f 722 827 741
f 827 921 1017
f 921 959 1018
f 959 918 1016
f 1016 1014 1062
f 1062 1130 1192
f 1130 1133 1246
f 1133 1063 1064
f 1064 1129 1135
f 1129 1437 1193
f 1437 1434 1684
f 1684 1683 1749
f 1683 1748 1749
f 1748 1746 1814
f 1814 1869 1932
f 1932 2063 2064
f 2063 2192 2239
f 2192 2237 2239
f 2237 2189 2188
f 2188 2185 2282
f 2282 2278 2328
f 2328 2363 2323
f 2363 2392 2361
f 2392 2390 2387
f 2390 2389 2386
f 2389 2385 2386
f 2411 2380 2413
f 2380 2378 2435
f 2378 2352 2305
f 2352 2255 2249
f 2255 2154 2005
f 2255 2004 2252
f 2001 2002 2033
f 2001 2032 2034
f 2032 1968 2033
f 1968 1935 2068
f 1935 1889 1886
f 1886 1834 1884
f 1834 1767 1833
f 1767 1715 1832
f 1715 1766 1832
f 1766 2029 2030
f 2029 2000 2241
f 2000 2240 2241
f 2240 2114 2343
f 2114 2193 2343
f 2193 2375 2343
f 2343 2405 2374
f 2405 2466 2459
f 2466 2469 2465
f 2469 2472 2465
f 2472 2411 2412
f 2385 2416 2382
f 2416 2383 2382
f 2383 2358 2391
f 2358 2321 2394
f 2321 2365 2396
f 2365 2322 2329
f 2365 2330 2367
f 2330 2332 2367
f 2332 2333 2334
f 2333 2286 2289
f 2289 2287 2291
f 2291 2236 2338
f 2236 2284 2288
f 2284 2089 2090
f 2089 1965 1966
f 1965 1998 1866
f 1998 2061 1963
f 2061 2087 2027
f 2087 1959 1928
f 1959 2111 2024
f 2024 2057 1806
f 2057 2056 1859
f 2056 2055 1858
f 2055 2023 1860
f 2023 2059 1861
f 2059 1863 1861
f 1863 1864 1677
f 1864 1927 1678
f 1927 1926 1678
f 1926 1997 1864
f 1997 1925 1864
f 1925 1857 1807
f 1857 1740 1670
f 1670 1601 1370
f 1370 1120 1184
f 1120 1005 1184
f 1184 1123 1374
f 1123 1375 1374
f 1375 1373 1678
f 1373 1371 1677
f 1371 1369 1676
f 1369 1118 1367
f 1118 1116 1367
f 1116 1117 1367
f 1117 1119 1367
f 1119 1185 1368
f 1185 1125 1241
f 1241 1187 1293
f 1187 1006 1294
f 1006 876 1126
f 876 1011 1010
f 1011 1127 1189
f 1127 1190 1297
f 1190 1015 1243
f 1015 956 1243
f 956 766 957
f 766 767 957
f 767 741 957
f 607 566 567
f 566 533 568
f 533 531 507
f 531 506 507
f 506 562 530
f 530 505 506
f 505 528 468
f 528 503 468
f 503 465 467
f 465 443 413
f 443 441 384
f 441 439 366
f 439 383 365
f 383 436 363
f 436 408 362
f 408 379 343
f 379 409 435
f 435 410 407
f 410 462 382
f 462 438 437
f 438 440 411
f 440 463 412
f 463 464 444
f 464 501 526
f 526 558 564
f 564 563 568
f 741 827 882
f 827 1017 1131
f 1017 921 1019
f 921 1018 1019
f 1018 959 1065
f 959 1016 1065
f 1016 1062 1132
f 1062 1192 1132
f 1192 1130 1246
f 1246 1133 1248
f 1133 1064 1134
f 1064 1135 1134
f 1135 1129 1193
f 1193 1437 1439
f 1437 1684 1611
f 1684 1749 1690
f 1749 1748 1688
f 1748 1814 1685
f 1814 1932 1930
f 1932 2064 1933
f 2064 2063 2239
f 2239 2237 2296
f 2237 2188 2282
f 2282 2328 2283
f 2328 2323 2364
f 2323 2363 2361
f 2361 2392 2387
f 2387 2390 2386
f 2386 2385 2355
f 2411 2413 2436
f 2413 2380 2434
f 2380 2435 2434
f 2435 2378 2409
f 2378 2305 2350
f 2305 2352 2249
f 2249 2255 2251
f 2255 2252 2251
f 2252 2004 2003
f 2001 2033 2152
f 2033 2002 2032
f 2002 2001 2032
f 2001 2034 2032
f 2034 2032 2002
f 2033 1968 2150
f 1968 2068 2122
f 2068 1935 2031
f 1935 1886 2031
f 1886 1884 2067
f 1884 1834 1833
f 1833 1767 1832
f 1832 1766 2030
f 2030 2029 2242
f 2029 2241 2242
f 2241 2240 2374
f 2240 2343 2374
f 2374 2405 2459
f 2459 2466 2467
f 2465 2469 2508
f 2465 2472 2432
f 2472 2412 2473
f 2412 2411 2436
f 2385 2382 2355
f 2382 2383 2415
f 2383 2391 2415
f 2391 2358 2394
f 2394 2321 2396
f 2396 2365 2398
f 2365 2367 2398
f 2367 2332 2369
f 2332 2334 2369
f 2334 2333 2289
f 2289 2291 2335
f 2291 2338 2342
f 2338 2236 2290
f 2236 2288 2090
f 2288 2284 2090
f 2090 2089 1966
f 1966 1965 1812
f 1965 1866 1812
f 1866 1998 1963
f 1963 2061 2027
f 2027 2087 1928
f 1928 1959 1680
f 1959 2024 1741
f 2024 1806 1741
f 1806 2057 1859
f 1859 2056 1858
f 1858 2055 1860
f 1860 2023 1861
f 1861 1863 1676
f 1863 1677 1676
f 1677 1864 1679
f 1864 1678 1679
f 1864 1678 1926
f 1864 1925 1807
f 1807 1857 1675
f 1857 1670 1675
f 1670 1370 1675
f 1370 1184 1374
f 1374 1375 1678
f 1678 1373 1679
f 1373 1677 1679
f 1677 1371 1676
f 1676 1369 1673
f 1369 1367 1673
f 1367 1119 1368
f 1368 1185 1376
f 1185 1241 1376
f 1241 1293 1378
f 1293 1187 1294
f 1294 1006 1126
f 1126 876 1010
f 1010 1011 1189
f 1189 1127 1297
f 1297 1190 1391
f 1190 1243 1391
f 1243 956 1245
f 956 957 1245
f 957 741 882
f 568 533 532
f 533 507 532
f 507 506 385
f 506 505 470
f 505 468 470
f 468 503 467
f 467 465 415
f 465 413 415
f 413 443 384
f 384 441 366
f 366 439 365
f 365 383 346
f 383 363 346
f 363 436 362
f 362 408 343
f 343 379 313
f 379 435 406
f 435 407 381
f 407 410 382
f 382 462 437
f 437 438 411
f 411 440 412
f 412 463 442
f 463 444 442
f 444 464 466
f 464 526 466
f 526 564 504
f 564 568 532
f 882 827 1131
f 1131 1017 1398
f 1017 1019 1402
f 1019 1018 1402
f 1018 1065 1402
f 1065 1016 1132
f 1132 1192 1396
f 1192 1246 1392
f 1246 1248 1395
f 1248 1133 1134
f 1134 1135 1136
f 1135 1193 1137
f 1193 1439 1196
f 1439 1437 1611
f 1611 1684 1690
f 1690 1749 1689
f 1749 1688 1689
f 1688 1748 1685
f 1685 1814 1747
f 1814 1930 1816
f 1930 1932 1870
f 1932 1933 1870
f 1933 2064 2028
f 2064 2239 2238
f 2239 2296 2238
f 2296 2237 2294
f 2237 2282 2292
f 2282 2283 2292
f 2283 2328 2364
f 2364 2323 2395
f 2323 2361 2393
f 2361 2387 2388
f 2387 2386 2357
f 2386 2355 2357
f 2436 2413 2474
f 2413 2434 2474
f 2434 2435 2409
f 2409 2378 2350
f 2350 2305 2303
f 2305 2249 2250
f 2249 2251 2035
f 2251 2252 2035
f 2252 2003 2035
f 2001 2152 2249
f 2152 2033 2150
f 2002 2032 2034
f 2150 1968 2122
f 2122 2068 2120
f 2068 2031 2120
f 2031 1886 2067
f 2067 1884 2066
f 1884 1833 1934
f 1833 1832 1883
f 1832 2030 1883
f 2030 2242 2065
f 2242 2241 2374
f 2374 2459 2427
f 2459 2467 2460
f 2465 2508 2467
f 2465 2432 2471
f 2432 2472 2473
f 2473 2412 2474
f 2412 2436 2474
f 2355 2382 2492
f 2382 2415 2445
f 2415 2391 2448
f 2391 2394 2450
f 2394 2396 2452
f 2396 2398 2420
f 2398 2367 2399
f 2367 2369 2368
f 2369 2334 2370
f 2334 2289 2335
f 2335 2291 2371
f 2291 2342 2339
f 2342 2338 2144
f 2338 2290 2092
f 2290 2236 2092
f 2236 2090 2091
f 2090 1966 1815
f 1966 1812 1815
f 1812 1866 1682
f 1866 1963 1811
f 1963 2027 1961
f 2027 1928 1808
f 1928 1680 1605
f 1680 1959 1741
f 1741 1806 1674
f 1806 1859 1672
f 1859 1858 1672
f 1858 1860 1671
f 1860 1861 1673
f 1861 1676 1673
f 1678 1864 1807
f 1807 1675 1602
f 1675 1370 1602
f 1370 1374 1602
f 1374 1678 1602
f 1673 1367 1671
f 1367 1368 1674
f 1368 1376 1603
f 1376 1241 1378
f 1378 1293 1379
f 1293 1294 1329
f 1294 1126 1330
f 1126 1010 1242
f 1010 1189 1188
f 1189 1297 1296
f 1297 1391 1296
f 1391 1243 1390
f 1243 1245 1390
f 1245 957 1191
f 957 882 1191
f 532 507 419
f 507 385 471
f 385 506 470
f 470 468 446
f 468 467 445
f 467 415 416
f 415 413 280
f 413 384 319
f 384 366 237
f 366 365 188
f 365 346 188
f 346 363 316
f 363 362 277
f 362 343 275
f 343 313 275
f 313 379 359
f 379 406 378
f 406 435 380
f 435 381 380
f 381 407 344
f 407 382 361
f 382 437 364
f 437 411 364
f 411 412 347
f 412 442 318
f 442 444 348
f 444 466 414
f 466 526 504
f 504 564 532
f 882 1131 1191
f 1131 1398 1394
f 1398 1017 1402
f 1402 1065 1400
f 1065 1132 1400
f 1132 1396 1400
f 1396 1192 1392
f 1392 1246 1395
f 1395 1248 1397
f 1248 1134 1250
f 1134 1136 1250
f 1136 1135 1137
f 1137 1193 1196
f 1196 1439 1444
f 1439 1611 1614
f 1611 1690 1692
f 1690 1689 1691
f 1689 1688 1572
f 1688 1685 1570
f 1685 1747 1610
f 1747 1814 1816
f 1816 1930 1870
f 1870 1933 1818
f 1933 2028 1817
f 2028 2064 2238
f 2238 2296 2295
f 2296 2294 2295
f 2294 2237 2292
f 2292 2283 2336
f 2283 2364 2331
f 2364 2395 2397
f 2395 2323 2393
f 2393 2361 2388
f 2388 2387 2357
f 2357 2355 2384
f 2474 2434 2430
f 2434 2409 2430
f 2409 2350 2430
f 2350 2303 2430
f 2303 2305 2250
f 2250 2249 2152
f 2249 2035 2001
f 2035 2003 2001
f 2152 2150 2198
f 2150 2122 2149
f 2122 2120 2149
f 2120 2031 2118
f 2031 2067 2116
f 2067 2066 2115
f 2066 1884 1934
f 1934 1833 1883
f 1883 2030 2065
f 2065 2242 2297
f 2242 2374 2297
f 2374 2427 2297
f 2427 2459 2460
f 2460 2467 2429
f 2467 2508 2471
f 2508 2465 2471
f 2471 2432 2473
f 2473 2474 2471
f 2355 2492 2493
f 2492 2382 2491
f 2382 2445 2491
f 2445 2415 2521
f 2415 2448 2521
f 2448 2391 2450
f 2450 2394 2452
f 2452 2396 2420
f 2420 2398 2399
f 2399 2367 2368
f 2368 2369 2401
f 2369 2370 2401
f 2370 2334 2335
f 2335 2371 2402
f 2371 2291 2373
f 2291 2339 2373
f 2339 2342 2293
f 2342 2144 2238
f 2144 2338 2113
f 2338 2092 2113
f 2092 2236 2091
f 2091 2090 1867
f 2090 1815 1867
f 1815 1812 1608
f 1812 1682 1608
f 1682 1866 1811
f 1811 1963 1961
f 1961 2027 1808
f 1808 1928 1605
f 1605 1680 1565
f 1680 1741 1603
f 1741 1674 1603
f 1674 1806 1672
f 1672 1858 1671
f 1671 1860 1673
f 1678 1807 1602
f 1671 1367 1672
f 1367 1674 1672
f 1674 1368 1603
f 1603 1376 1565
f 1376 1378 1565
f 1378 1379 1520
f 1379 1293 1329
f 1329 1294 1330
f 1330 1126 1242
f 1242 1010 1188
f 1188 1189 1296
f 1296 1391 1389
f 1391 1390 1567
f 1390 1245 1393
f 1245 1191 1393
f 532 419 469
f 419 507 471
f 471 385 282
f 385 470 446
f 446 468 445
f 445 467 416
f 416 415 280
f 280 413 319
f 319 384 237
f 237 366 188
f 188 346 317
f 346 316 317
f 316 363 277
f 277 362 275
f 275 313 273
f 313 359 312
f 359 379 376
f 379 378 376
f 378 406 380
f 380 381 378
f 381 344 314
f 344 407 361
f 361 382 345
f 382 364 345
f 364 411 279
f 411 347 279
f 347 412 318
f 318 442 348
f 348 444 349
f 444 414 349
f 414 466 417
f 466 504 417
f 504 532 469
f 1191 1131 1394
f 1394 1398 1686
f 1398 1402 1817
f 1402 1400 1750
f 1400 1396 1687
f 1396 1392 1610
f 1392 1395 1570
f 1395 1397 1572
f 1397 1248 1250
f 1250 1136 1198
f 1136 1137 1067
f 1137 1196 1066
f 1196 1444 1197
f 1444 1439 1614
f 1614 1611 1692
f 1692 1690 1691
f 1691 1689 1574
f 1689 1572 1574
f 1572 1688 1570
f 1570 1685 1610
f 1610 1747 1687
f 1747 1816 1687
f 1816 1870 1750
f 1870 1818 1750
f 1818 1933 1819
f 1933 1817 1819
f 1817 2028 1686
f 2028 2238 2144
f 2238 2295 2342
f 2295 2294 2293
f 2294 2292 2340
f 2292 2336 2340
f 2336 2283 2331
f 2331 2364 2397
f 2397 2395 2417
f 2395 2393 2449
f 2393 2388 2447
f 2388 2357 2384
f 2384 2355 2493
f 2474 2430 2470
f 2430 2303 2407
f 2303 2250 2198
f 2250 2152 2198
f 2198 2150 2149
f 2149 2120 2147
f 2120 2118 2147
f 2118 2031 2116
f 2116 2067 2115
f 2115 2066 2194
f 2066 1934 2093
f 1934 1883 2093
f 1883 2065 2093
f 2065 2297 2344
f 2297 2427 2344
f 2427 2460 2503
f 2460 2429 2428
f 2429 2467 2462
f 2467 2471 2470
f 2471 2474 2470
f 2493 2492 2444
f 2492 2491 2517
f 2491 2445 2537
f 2445 2521 2538
f 2521 2448 2540
f 2448 2450 2541
f 2450 2452 2522
f 2452 2420 2496
f 2420 2399 2422
f 2399 2368 2423
f 2368 2401 2423
f 2401 2370 2402
f 2370 2335 2402
f 2402 2371 2403
f 2371 2373 2403
f 2373 2339 2341
f 2339 2293 2340
f 2293 2342 2295
f 2144 2113 2028
f 2113 2092 1868
f 2092 2091 1868
f 2091 1867 1868
f 1867 1815 1567
f 1815 1608 1567
f 1608 1682 1524
f 1682 1811 1607
f 1811 1961 1810
f 1961 1808 1681
f 1808 1605 1521
f 1605 1565 1520
f 1565 1680 1603
f 1565 1378 1520
f 1520 1379 1476
f 1379 1329 1381
f 1329 1330 1382
f 1330 1242 1331
f 1242 1188 1295
f 1188 1296 1295
f 1296 1389 1295
f 1389 1391 1523
f 1391 1567 1608
f 1567 1390 1569
f 1390 1393 1569
f 1393 1191 1394
f 469 419 417
f 419 471 367
f 471 282 367
f 282 385 241
f 385 446 418
f 446 445 418
f 445 416 418
f 416 280 418
f 280 319 164
f 319 237 164
f 237 188 161
f 188 317 233
f 317 316 278
f 316 277 278
f 277 275 226
f 275 273 228
f 273 313 312
f 312 359 375
f 359 376 404
f 376 378 360
f 378 381 360
f 381 314 360
f 314 344 227
f 344 361 227
f 361 345 230
f 345 364 279
f 279 347 157
f 347 318 157
f 318 348 129
f 348 349 165
f 349 414 238
f 414 417 238
f 417 504 469
f 1394 1686 1609
f 1686 1398 1817
f 1817 1402 1819
f 1402 1750 1818
f 1750 1400 1687
f 1687 1396 1610
f 1610 1392 1570
f 1570 1395 1572
f 1572 1397 1574
f 1397 1250 1399
f 1250 1198 1300
f 1198 1136 1143
f 1136 1067 1139
f 1067 1137 1066
f 1066 1196 1138
f 1196 1197 1138
f 1197 1444 1445
f 1444 1614 1615
f 1614 1692 1751
f 1692 1691 1752
f 1691 1574 1616
f 1687 1816 1750
f 1818 1819 1402
f 1686 2028 1967
f 2293 2294 2340
f 2340 2336 2341
f 2336 2331 2337
f 2331 2397 2366
f 2397 2417 2418
f 2417 2395 2449
f 2449 2393 2447
f 2447 2388 2384
f 2384 2493 2520
f 2470 2430 2468
f 2430 2407 2462
f 2407 2303 2300
f 2303 2198 2300
f 2198 2149 2246
f 2149 2147 2243
f 2147 2118 2146
f 2118 2116 2146
f 2116 2115 2145
f 2115 2194 2298
f 2194 2066 2093
f 2093 2065 2344
f 2344 2427 2503
f 2503 2460 2504
f 2460 2428 2504
f 2428 2429 2431
f 2429 2462 2407
f 2462 2467 2468
f 2467 2470 2468
f 2493 2444 2490
f 2444 2492 2517
f 2517 2491 2564
f 2491 2537 2564
f 2537 2445 2538
f 2538 2521 2567
f 2521 2540 2567
f 2540 2448 2541
f 2541 2450 2522
f 2522 2452 2496
f 2496 2420 2498
f 2420 2422 2498
f 2422 2399 2423
f 2423 2401 2425
f 2401 2402 2425
f 2402 2403 2523
f 2403 2373 2372
f 2373 2341 2372
f 2028 2113 1967
f 2113 1868 1967
f 1868 1867 1569
f 1867 1567 1569
f 1608 1524 1391
f 1524 1682 1607
f 1607 1811 1810
f 1810 1961 1681
f 1681 1808 1521
f 1521 1605 1520
f 1520 1476 1521
f 1476 1379 1381
f 1381 1329 1382
f 1382 1330 1383
f 1330 1331 1386
f 1331 1242 1295
f 1295 1389 1388
f 1389 1523 1522
f 1523 1391 1524
f 1569 1393 1609
f 1393 1394 1609
f 417 419 239
f 419 367 350
f 367 282 242
f 282 241 242
f 241 385 189
f 385 418 189
f 418 280 189
f 280 164 97
f 164 237 161
f 161 188 233
f 233 317 231
f 317 278 231
f 278 277 229
f 277 226 229
f 226 275 228
f 228 273 274
f 273 312 274
f 312 375 311
f 375 359 404
f 404 376 434
f 376 360 434
f 360 314 341
f 314 227 270
f 227 361 230
f 230 345 186
f 345 279 186
f 279 157 235
f 157 318 129
f 129 348 165
f 165 349 238
f 238 417 239
f 1609 1686 1967
f 1574 1397 1399
f 1399 1250 1300
f 1300 1198 1338
f 1198 1143 1251
f 1143 1136 1139
f 1139 1067 1142
f 1067 1066 1069
f 1066 1138 1069
f 1138 1197 1140
f 1197 1445 1194
f 1445 1444 1615
f 1615 1614 1693
f 1614 1751 1693
f 1751 1692 1752
f 1752 1691 1694
f 1691 1616 1698
f 1616 1574 1527
f 2341 2336 2337
f 2337 2331 2366
f 2366 2397 2418
f 2418 2417 2451
f 2417 2449 2495
f 2449 2447 2494
f 2447 2384 2446
f 2384 2520 2446
f 2520 2493 2490
f 2468 2430 2462
f 2407 2300 2408
f 2300 2198 2246
f 2246 2149 2243
f 2243 2147 2347
f 2147 2146 2347
f 2146 2116 2145
f 2145 2115 2345
f 2115 2298 2345
f 2298 2194 2404
f 2194 2093 2344
f 2344 2503 2456
f 2503 2504 2456
f 2504 2428 2505
f 2428 2431 2507
f 2431 2429 2407
f 2490 2444 2519
f 2444 2517 2489
f 2517 2564 2596
f 2564 2537 2631
f 2537 2538 2633
f 2538 2567 2599
f 2567 2540 2707
f 2540 2541 2707
f 2541 2522 2679
f 2522 2496 2602
f 2496 2498 2636
f 2498 2422 2499
f 2422 2423 2454
f 2423 2425 2455
f 2425 2402 2523
f 2523 2403 2426
f 2403 2372 2502
f 2372 2341 2337
f 1967 1868 1609
f 1868 1569 1609
f 1524 1607 1523
f 1607 1810 1606
f 1810 1681 1566
f 1681 1521 1477
f 1521 1476 1477
f 1476 1381 1432
f 1381 1382 1432
f 1382 1383 1384
f 1383 1330 1386
f 1386 1331 1387
f 1331 1295 1388
f 1388 1389 1522
f 1522 1523 1606
f 239 419 350
f 350 367 283
f 367 242 283
f 242 241 243
f 241 189 191
f 189 280 131
f 280 97 131
f 97 164 163
f 164 161 163
f 161 233 156
f 233 231 156
f 231 278 229
f 229 226 146
f 226 228 149
f 228 274 154
f 274 312 315
f 312 311 315
f 311 375 358
f 375 404 402
f 404 434 402
f 434 360 377
f 360 341 377
f 341 314 271
f 314 270 271
f 270 227 224
f 227 230 183
f 230 186 232
f 186 279 234
f 279 235 234
f 235 157 160
f 157 129 160
f 129 165 66
f 165 238 132
f 238 239 132
f 1574 1399 1527
f 1399 1300 1338
f 1338 1198 1251
f 1251 1143 1200
f 1143 1139 1142
f 1142 1067 1068
f 1067 1069 1068
f 1069 1138 1070
f 1138 1140 1145
f 1140 1197 1194
f 1194 1445 1442
f 1445 1615 1612
f 1615 1693 1695
f 1693 1751 1754
f 1751 1752 1754
f 1752 1694 1697
f 1694 1691 1698
f 1698 1616 1575
f 1616 1527 1485
f 2337 2366 2400
f 2366 2418 2419
f 2418 2451 2419
f 2451 2417 2495
f 2495 2449 2494
f 2494 2447 2446
f 2446 2520 2539
f 2520 2490 2536
f 2407 2408 2431
f 2408 2300 2464
f 2300 2246 2377
f 2246 2243 2377
f 2243 2347 2461
f 2347 2146 2346
f 2146 2145 2346
f 2145 2345 2346
f 2345 2298 2506
f 2298 2404 2506
f 2404 2194 2344
f 2344 2456 2404
f 2456 2504 2505
f 2505 2428 2507
f 2507 2431 2463
f 2490 2519 2565
f 2519 2444 2518
f 2444 2489 2518
f 2489 2517 2516
f 2517 2596 2534
f 2596 2564 2631
f 2631 2537 2633
f 2633 2538 2599
f 2599 2567 2600
f 2567 2707 2600
f 2707 2541 2679
f 2679 2522 2602
f 2602 2496 2636
f 2636 2498 2499
f 2499 2422 2454
f 2454 2423 2455
f 2455 2425 2523
f 2523 2426 2638
f 2426 2403 2502
f 2502 2372 2424
f 2372 2337 2400
f 1523 1607 1606
f 1606 1810 1566
f 1566 1681 1477
f 1477 1476 1432
f 1432 1382 1433
f 1382 1384 1433
f 1384 1383 1385
f 1383 1386 1385
f 1386 1387 1435
f 1387 1331 1388
f 1388 1522 1478
f 1522 1606 1566
f 239 350 281
f 350 283 284
f 283 242 244
f 242 243 244
f 243 241 191
f 191 189 190
f 189 131 190
f 131 97 41
f 97 163 65
f 163 161 158
f 161 156 158
f 156 231 128
f 231 229 150
f 229 146 150
f 146 226 149
f 149 228 96
f 228 154 96
f 154 274 276
f 274 315 276
f 315 311 269
f 311 358 267
f 358 375 401
f 375 402 401
f 402 434 433
f 434 377 405
f 377 341 405
f 341 271 342
f 271 270 224
f 224 227 183
f 183 230 147
f 230 232 151
f 232 186 234
f 234 235 236
f 235 160 236
f 160 129 52
f 129 66 52
f 66 165 132
f 132 239 190
f 1527 1399 1485
f 1399 1338 1401
f 1338 1251 1337
f 1251 1200 1301
f 1200 1143 1074
f 1143 1142 1144
f 1142 1068 1144
f 1068 1069 1021
f 1069 1070 1021
f 1070 1138 1145
f 1145 1140 1147
f 1140 1194 1195
f 1194 1442 1247
f 1442 1445 1612
f 1612 1615 1695
f 1695 1693 1700
f 1693 1754 1755
f 1754 1752 1753
f 1752 1697 1753
f 1697 1694 1698
f 1698 1575 1618
f 1575 1616 1485
f 2400 2366 2421
f 2366 2419 2421
f 2419 2451 2453
f 2451 2495 2601
f 2495 2494 2568
f 2494 2446 2539
f 2539 2520 2566
f 2520 2536 2566
f 2536 2490 2565
f 2431 2408 2463
f 2408 2464 2463
f 2464 2300 2377
f 2377 2243 2461
f 2461 2347 2458
f 2347 2346 2458
f 2346 2345 2457
f 2345 2506 2457
f 2506 2404 2456
f 2456 2505 2506
f 2505 2507 2543
f 2507 2463 2524
f 2565 2519 2597
f 2519 2518 2516
f 2518 2489 2516
f 2516 2517 2514
f 2517 2534 2514
f 2534 2596 2595
f 2596 2631 2629
f 2631 2633 2668
f 2633 2599 2634
f 2599 2600 2634
f 2600 2707 2675
f 2707 2679 2739
f 2679 2602 2742
f 2602 2636 2742
f 2636 2499 2501
f 2499 2454 2501
f 2454 2455 2501
f 2455 2523 2501
f 2523 2638 2683
f 2638 2426 2542
f 2426 2502 2542
f 2502 2424 2500
f 2424 2372 2400
f 1566 1477 1478
f 1477 1432 1433
f 1433 1384 1385
f 1385 1386 1433
f 1386 1435 1433
f 1435 1387 1478
f 1387 1388 1478
f 1478 1522 1566
f 239 281 190
f 281 350 284
f 284 283 244
f 244 243 240
f 243 191 240
f 191 190 240
f 190 131 132
f 131 41 42
f 41 97 38
f 97 65 38
f 65 163 162
f 163 158 162
f 158 156 159
f 156 128 187
f 128 231 150
f 150 146 127
f 146 149 93
f 149 96 51
f 96 154 95
f 154 276 153
f 276 315 269
f 269 311 267
f 267 358 339
f 358 401 373
f 401 402 432
f 402 433 432
f 433 434 403
f 434 405 403
f 405 341 342
f 342 271 272
f 271 224 272
f 224 183 182
f 183 147 93
f 147 230 151
f 151 232 155
f 232 234 155
f 234 236 159
f 236 160 130
f 160 52 130
f 52 66 39
f 66 132 40
f 1485 1399 1401
f 1401 1338 1337
f 1337 1251 1301
f 1301 1200 1252
f 1200 1074 1146
f 1074 1143 1144
f 1144 1068 1071
f 1068 1021 1020
f 1021 1070 1022
f 1070 1145 1073
f 1145 1147 1079
f 1147 1140 1141
f 1140 1195 1141
f 1195 1194 1247
f 1247 1442 1440
f 1442 1612 1571
f 1612 1695 1613
f 1695 1700 1702
f 1700 1693 1755
f 1755 1754 1821
f 1754 1753 1821
f 1753 1697 1699
f 1697 1698 1699
f 1698 1618 1759
f 1618 1575 1528
f 1575 1485 1484
f 2400 2421 2497
f 2421 2419 2453
f 2453 2451 2569
f 2451 2601 2569
f 2601 2495 2568
f 2568 2494 2539
f 2539 2566 2635
f 2566 2536 2672
f 2536 2565 2669
f 2463 2464 2525
f 2464 2377 2526
f 2377 2461 2526
f 2461 2458 2524
f 2458 2346 2457
f 2457 2506 2505
f 2505 2543 2457
f 2543 2507 2524
f 2524 2463 2525
f 2565 2597 2669
f 2597 2519 2535
f 2519 2516 2535
f 2516 2514 2535
f 2514 2534 2487
f 2534 2595 2513
f 2595 2596 2629
f 2629 2631 2670
f 2631 2668 2670
f 2668 2633 2671
f 2633 2634 2671
f 2634 2600 2673
f 2600 2675 2673
f 2675 2707 2739
f 2739 2679 2742
f 2742 2636 2805
f 2636 2501 2708
f 2501 2523 2708
f 2523 2683 2708
f 2683 2638 2684
f 2638 2542 2684
f 2542 2502 2571
f 2502 2500 2681
f 2500 2424 2400
f 1478 1477 1435
f 1477 1433 1435
f 190 281 240
f 281 284 244
f 244 240 281
f 132 131 42
f 42 41 29
f 41 38 23
f 38 65 53
f 65 162 53
f 162 158 159
f 159 156 187
f 187 128 155
f 128 150 127
f 127 146 126
f 146 93 126
f 93 149 51
f 51 96 50
f 96 95 50
f 95 154 153
f 153 276 225
f 276 269 225
f 269 267 268
f 267 339 217
f 339 358 373
f 373 401 400
f 401 432 400
f 432 433 403
f 403 405 342
f 342 272 340
f 272 224 182
f 182 183 185
f 183 93 185
f 93 147 126
f 147 151 126
f 151 155 127
f 155 234 187
f 234 159 187
f 159 236 130
f 130 52 53
f 52 39 30
f 39 66 40
f 40 132 42
f 1485 1401 1484
f 1401 1337 1403
f 1337 1301 1339
f 1301 1252 1339
f 1252 1200 1146
f 1146 1074 1149
f 1074 1144 1072
f 1144 1071 1072
f 1071 1068 1023
f 1068 1020 1023
f 1020 1021 960
f 1021 1022 962
f 1022 1070 1073
f 1073 1145 1079
f 1079 1147 1151
f 1147 1141 1201
f 1141 1195 1249
f 1195 1247 1298
f 1247 1440 1298
f 1440 1442 1571
f 1571 1612 1613
f 1613 1695 1696
f 1695 1702 1696
f 1702 1700 1764
f 1700 1755 1758
f 1755 1821 1822
f 1821 1753 1820
f 1753 1699 1756
f 1699 1698 1759
f 1759 1618 1701
f 1618 1528 1576
f 1528 1575 1484
f 2400 2497 2500
f 2497 2421 2570
f 2421 2453 2570
f 2453 2569 2570
f 2569 2601 2771
f 2601 2568 2735
f 2568 2539 2635
f 2635 2566 2705
f 2566 2672 2705
f 2672 2536 2669
f 2525 2464 2526
f 2526 2461 2525
f 2461 2524 2525
f 2524 2458 2543
f 2458 2457 2543
f 2669 2597 2626
f 2597 2535 2562
f 2535 2514 2443
f 2514 2487 2443
f 2487 2534 2513
f 2513 2595 2594
f 2595 2629 2630
f 2629 2670 2630
f 2670 2668 2727
f 2668 2671 2724
f 2671 2634 2673
f 2673 2675 2734
f 2675 2739 2734
f 2739 2742 2741
f 2742 2805 2741
f 2805 2636 2773
f 2636 2708 2773
f 2708 2683 2710
f 2683 2684 2685
f 2684 2542 2639
f 2542 2571 2639
f 2571 2502 2681
f 2681 2500 2680
f 42 29 25
f 29 41 23
f 23 38 19
f 38 53 31
f 53 162 130
f 162 159 130
f 155 128 127
f 127 126 151
f 93 51 37
f 51 50 49
f 50 95 49
f 95 153 64
f 153 225 125
f 225 269 223
f 269 268 223
f 268 267 220
f 267 217 220
f 217 339 337
f 339 373 337
f 373 400 356
f 400 432 374
f 432 403 374
f 403 342 374
f 342 340 374
f 340 272 222
f 272 182 181
f 182 185 184
f 185 93 94
f 53 52 30
f 30 39 20
f 39 40 24
f 40 42 24
f 1484 1401 1403
f 1403 1337 1339
f 1339 1252 1340
f 1252 1146 1254
f 1146 1149 1256
f 1149 1074 1078
f 1074 1072 1075
f 1072 1071 1023
f 1023 1020 963
f 1020 960 963
f 960 1021 961
f 1021 962 961
f 962 1022 1025
f 1022 1073 1025
f 1079 1151 1152
f 1151 1147 1150
f 1147 1201 1150
f 1201 1141 1199
f 1141 1249 1199
f 1249 1195 1299
f 1195 1298 1244
f 1298 1440 1438
f 1440 1571 1525
f 1571 1613 1525
f 1613 1696 1573
f 1696 1702 1619
f 1702 1764 1707
f 1764 1700 1758
f 1758 1755 1822
f 1822 1821 1873
f 1821 1820 1871
f 1820 1753 1823
f 1753 1756 1823
f 1756 1699 1757
f 1699 1759 1757
f 1759 1701 1704
f 1701 1618 1576
f 1576 1528 1486
f 1528 1484 1486
f 2500 2497 2680
f 2497 2570 2680
f 2570 2569 2743
f 2569 2771 2743
f 2771 2601 2735
f 2735 2568 2635
f 2635 2705 2676
f 2705 2672 2674
f 2672 2669 2702
f 2669 2626 2666
f 2626 2597 2627
f 2597 2562 2627
f 2562 2535 2515
f 2535 2443 2515
f 2443 2487 2485
f 2487 2513 2485
f 2513 2594 2533
f 2594 2595 2598
f 2595 2630 2598
f 2630 2670 2732
f 2670 2727 2804
f 2727 2668 2724
f 2724 2671 2728
f 2671 2673 2728
f 2673 2734 2770
f 2734 2739 2736
f 2739 2741 2736
f 2741 2805 2817
f 2805 2773 2839
f 2773 2708 2709
f 2708 2710 2709
f 2710 2683 2685
f 2685 2684 2686
f 2684 2639 2686
f 2639 2571 2637
f 2571 2681 2637
f 2681 2680 2774
f 42 25 24
f 25 29 13
f 29 23 12
f 23 19 2
f 19 38 31
f 31 53 30
f 93 37 48
f 37 51 49
f 49 95 64
f 64 153 125
f 125 225 180
f 225 223 180
f 223 268 221
f 268 220 221
f 220 217 92
f 217 337 141
f 337 373 356
f 356 400 399
f 400 374 357
f 374 340 357
f 340 222 310
f 222 272 181
f 181 182 184
f 184 185 152
f 185 94 152
f 94 93 152
f 30 20 19
f 20 39 24
f 1484 1403 1486
f 1403 1339 1404
f 1339 1340 1404
f 1340 1252 1254
f 1254 1146 1256
f 1256 1149 1257
f 1149 1078 1152
f 1078 1074 1076
f 1074 1075 1076
f 1075 1072 1024
f 1072 1023 1024
f 1023 963 1024
f 963 960 961
f 961 962 965
f 962 1025 965
f 1025 1073 1077
f 1079 1152 1078
f 1152 1151 1080
f 1151 1150 1080
f 1150 1201 1148
f 1201 1199 1303
f 1199 1249 1302
f 1249 1299 1336
f 1299 1195 1244
f 1244 1298 1333
f 1298 1438 1332
f 1438 1440 1525
f 1525 1613 1568
f 1613 1573 1526
f 1573 1696 1617
f 1696 1619 1617
f 1619 1702 1705
f 1702 1707 1705
f 1707 1764 1708
f 1758 1822 1825
f 1822 1873 1825
f 1873 1821 1872
f 1821 1871 1872
f 1871 1820 1874
f 1820 1823 1874
f 1823 1756 1757
f 1757 1759 1760
f 1759 1704 1763
f 1704 1701 1580
f 1701 1576 1578
f 1576 1486 1487
f 2680 2570 2743
f 2743 2771 2818
f 2771 2735 2738
f 2735 2635 2677
f 2635 2676 2677
f 2676 2705 2674
f 2674 2672 2729
f 2672 2702 2725
f 2702 2669 2666
f 2666 2626 2627
f 2627 2562 2563
f 2562 2515 2488
f 2515 2443 2488
f 2443 2485 2442
f 2485 2513 2484
f 2513 2533 2484
f 2533 2594 2623
f 2594 2598 2625
f 2598 2630 2632
f 2630 2732 2632
f 2732 2670 2804
f 2804 2727 2827
f 2727 2724 2801
f 2724 2728 2769
f 2728 2673 2770
f 2770 2734 2706
f 2734 2736 2737
f 2736 2741 2740
f 2741 2817 2740
f 2817 2805 2836
f 2805 2839 2836
f 2839 2773 2840
f 2773 2709 2774
f 2709 2710 2682
f 2710 2685 2682
f 2685 2686 2682
f 2686 2639 2637
f 2637 2681 2709
f 2681 2774 2709
f 2774 2680 2743
f 24 25 14
f 25 13 14
f 13 29 12
f 12 23 2
f 2 19 20
f 19 31 30
f 93 48 144
f 48 37 35
f 37 49 47
f 49 64 47
f 64 125 62
f 125 180 91
f 180 223 221
f 221 220 92
f 92 217 141
f 141 337 306
f 337 356 306
f 356 399 334
f 399 400 357
f 357 340 310
f 310 222 219
f 222 181 179
f 181 184 145
f 184 152 148
f 152 93 148
f 20 24 3
f 1486 1403 1404
f 1404 1340 1405
f 1340 1254 1405
f 1254 1256 1405
f 1256 1257 1406
f 1257 1149 1202
f 1149 1152 1202
f 1078 1076 1027
f 1076 1075 1027
f 1075 1024 1026
f 1024 963 1026
f 963 961 964
f 961 965 964
f 965 1025 968
f 1025 1077 1028
f 1079 1078 1030
f 1152 1080 1154
f 1080 1150 1154
f 1150 1148 1204
f 1148 1201 1253
f 1201 1303 1253
f 1303 1199 1302
f 1302 1249 1336
f 1336 1299 1335
f 1299 1244 1334
f 1244 1333 1334
f 1333 1298 1332
f 1332 1438 1436
f 1438 1525 1479
f 1525 1568 1480
f 1568 1613 1526
f 1526 1573 1483
f 1573 1617 1529
f 1617 1619 1530
f 1619 1705 1703
f 1705 1707 1765
f 1707 1708 1765
f 1708 1764 1763
f 1758 1825 1762
f 1825 1873 1876
f 1873 1872 1876
f 1872 1871 1874
f 1874 1823 1824
f 1823 1757 1824
f 1757 1760 1824
f 1760 1759 1761
f 1759 1763 1761
f 1763 1704 1708
f 1704 1580 1581
f 1580 1701 1578
f 1578 1576 1487
f 1487 1486 1404
f 2743 2818 2774
f 2818 2771 2828
f 2771 2738 2828
f 2738 2735 2677
f 2677 2676 2678
f 2676 2674 2733
f 2674 2729 2733
f 2729 2672 2725
f 2725 2702 2801
f 2702 2666 2701
f 2666 2627 2628
f 2627 2563 2628
f 2563 2562 2488
f 2488 2443 2486
f 2443 2442 2486
f 2442 2485 2441
f 2485 2484 2441
f 2484 2533 2511
f 2533 2623 2560
f 2623 2594 2625
f 2625 2598 2632
f 2632 2732 2731
f 2732 2804 2803
f 2804 2827 2826
f 2827 2727 2801
f 2801 2724 2768
f 2724 2769 2768
f 2769 2728 2770
f 2770 2706 2733
f 2706 2734 2737
f 2737 2736 2740
f 2740 2817 2829
f 2817 2836 2829
f 2836 2839 2849
f 2839 2840 2846
f 2840 2773 2774
f 2709 2682 2637
f 2682 2686 2637
f 24 14 3
f 14 13 4
f 13 12 4
f 12 2 4
f 2 20 3
f 93 144 148
f 144 48 63
f 48 35 63
f 35 37 47
f 47 64 62
f 62 125 91
f 91 180 221
f 221 92 91
f 92 141 58
f 141 306 265
f 306 356 334
f 334 399 371
f 399 357 338
f 357 310 338
f 310 219 309
f 219 222 179
f 179 181 145
f 145 184 148
f 1404 1405 1487
f 1405 1256 1406
f 1406 1257 1408
f 1257 1202 1306
f 1202 1152 1203
f 1078 1027 1029
f 1027 1075 1026
f 1026 963 966
f 963 964 966
f 964 965 967
f 965 968 967
f 968 1025 1028
f 1028 1077 1031
f 1079 1030 1031
f 1030 1078 1029
f 1152 1154 1153
f 1154 1150 1204
f 1204 1148 1305
f 1148 1253 1255
f 1253 1303 1448
f 1303 1302 1448
f 1302 1336 1447
f 1336 1335 1446
f 1335 1299 1334
f 1334 1333 1441
f 1333 1332 1436
f 1436 1438 1479
f 1479 1525 1480
f 1480 1568 1481
f 1568 1526 1481
f 1526 1483 1482
f 1483 1573 1529
f 1529 1617 1530
f 1530 1619 1577
f 1619 1703 1577
f 1703 1705 1620
f 1705 1765 1713
f 1765 1708 1713
f 1763 1764 1830
f 1762 1825 1828
f 1825 1876 1879
f 1876 1872 1875
f 1872 1874 1875
f 1874 1824 1826
f 1824 1760 1826
f 1760 1761 1827
f 1761 1763 1827
f 1708 1704 1706
f 1704 1581 1706
f 1581 1580 1406
f 1580 1578 1405
f 1578 1487 1405
f 2774 2818 2838
f 2818 2828 2837
f 2828 2738 2772
f 2738 2677 2678
f 2678 2676 2737
f 2676 2733 2706
f 2733 2729 2769
f 2729 2725 2768
f 2725 2801 2768
f 2801 2702 2704
f 2702 2701 2704
f 2701 2666 2628
f 2628 2563 2561
f 2563 2488 2486
f 2486 2442 2441
f 2441 2484 2483
f 2484 2511 2483
f 2511 2533 2560
f 2560 2623 2659
f 2623 2625 2624
f 2625 2632 2667
f 2632 2731 2667
f 2731 2732 2803
f 2803 2804 2826
f 2826 2827 2825
f 2827 2801 2835
f 2768 2769 2729
f 2769 2770 2733
f 2706 2737 2676
f 2737 2740 2772
f 2740 2829 2772
f 2829 2836 2842
f 2836 2849 2852
f 2849 2839 2846
f 2846 2840 2851
f 2840 2774 2838
f 3 14 4
f 4 2 3
f 148 144 145
f 144 63 143
f 63 35 36
f 35 47 36
f 47 62 34
f 62 91 45
f 91 92 44
f 92 58 44
f 58 141 176
f 141 265 176
f 265 306 307
f 306 334 307
f 334 371 335
f 371 399 338
f 338 310 309
f 309 219 218
f 219 179 178
f 179 145 143
f 1405 1406 1580
f 1406 1408 1581
f 1408 1257 1306
f 1306 1202 1203
f 1203 1152 1153
f 1029 1027 966
f 1027 1026 966
f 966 964 967
f 967 968 970
f 968 1028 1031
f 1031 1077 1079
f 1031 1030 970
f 1030 1029 969
f 1153 1154 1207
f 1154 1204 1207
f 1204 1305 1258
f 1305 1148 1255
f 1255 1253 1448
f 1448 1302 1447
f 1447 1336 1446
f 1446 1335 1443
f 1335 1334 1443
f 1334 1441 1443
f 1441 1333 1436
f 1436 1479 1480
f 1480 1481 1441
f 1481 1526 1482
f 1482 1483 1446
f 1483 1529 1447
f 1529 1530 1448
f 1530 1577 1448
f 1577 1703 1579
f 1703 1620 1532
f 1620 1705 1713
f 1713 1708 1710
f 1763 1830 1829
f 1830 1764 1831
f 1762 1828 1831
f 1828 1825 1879
f 1879 1876 1878
f 1876 1875 1878
f 1875 1874 1877
f 1874 1826 1877
f 1826 1760 1827
f 1827 1763 1829
f 1708 1706 1709
f 1706 1581 1533
f 2838 2818 2837
f 2837 2828 2841
f 2828 2772 2829
f 2772 2738 2678
f 2678 2737 2772
f 2801 2704 2802
f 2704 2701 2703
f 2701 2628 2700
f 2628 2561 2664
f 2561 2563 2512
f 2563 2486 2512
f 2486 2441 2512
f 2441 2483 2512
f 2483 2511 2531
f 2511 2560 2558
f 2560 2659 2558
f 2659 2623 2662
f 2623 2624 2662
f 2624 2625 2665
f 2625 2667 2665
f 2667 2731 2767
f 2731 2803 2816
f 2803 2826 2825
f 2825 2827 2835
f 2835 2801 2824
f 2829 2842 2841
f 2842 2836 2852
f 2852 2849 2869
f 2849 2846 2865
f 2846 2851 2866
f 2851 2840 2850
f 2840 2838 2850
f 145 144 143
f 143 63 124
f 63 36 90
f 36 47 34
f 34 62 45
f 45 91 44
f 44 58 60
f 58 176 120
f 176 265 263
f 265 307 304
f 307 334 335
f 335 371 336
f 371 338 355
f 338 309 355
f 309 218 308
f 218 219 178
f 178 179 143
f 1581 1408 1533
f 1408 1306 1410
f 1306 1203 1307
f 1203 1153 1205
f 1029 966 969
f 966 967 969
f 967 970 969
f 970 968 1031
f 970 1030 969
f 1153 1207 1206
f 1207 1204 1258
f 1258 1305 1342
f 1305 1255 1304
f 1255 1448 1449
f 1448 1447 1529
f 1447 1446 1483
f 1446 1443 1482
f 1443 1441 1481
f 1441 1436 1480
f 1481 1482 1443
f 1448 1577 1579
f 1579 1703 1532
f 1532 1620 1582
f 1620 1713 1621
f 1713 1710 1621
f 1710 1708 1709
f 1829 1830 1880
f 1830 1831 1881
f 1831 1764 1762
f 1831 1828 1879
f 1879 1878 1881
f 1878 1875 1877
f 1877 1826 1827
f 1827 1829 1877
f 1709 1706 1533
f 2838 2837 2850
f 2837 2841 2853
f 2841 2828 2829
f 2801 2802 2730
f 2802 2704 2730
f 2704 2703 2730
f 2703 2701 2700
f 2700 2628 2664
f 2664 2561 2593
f 2561 2512 2532
f 2512 2483 2532
f 2483 2531 2482
f 2531 2511 2558
f 2558 2659 2719
f 2659 2662 2800
f 2662 2624 2663
f 2624 2665 2663
f 2665 2667 2699
f 2667 2767 2699
f 2767 2731 2816
f 2816 2803 2825
f 2825 2835 2823
f 2835 2824 2833
f 2824 2801 2722
f 2841 2842 2852
f 2852 2869 2853
f 2869 2849 2865
f 2865 2846 2866
f 2866 2851 2867
f 2851 2850 2867
f 143 124 178
f 124 63 90
f 90 36 46
f 36 34 9
f 34 45 10
f 45 44 18
f 44 60 15
f 60 58 43
f 58 120 43
f 120 176 140
f 176 263 140
f 263 265 304
f 304 307 305
f 307 335 305
f 335 336 266
f 336 371 355
f 355 309 308
f 308 218 216
f 218 178 177
f 1533 1408 1410
f 1410 1306 1307
f 1307 1203 1205
f 1205 1153 1206
f 1206 1207 1259
f 1207 1258 1260
f 1258 1342 1343
f 1342 1305 1304
f 1304 1255 1450
f 1255 1449 1450
f 1449 1448 1579
f 1579 1532 1531
f 1532 1582 1489
f 1582 1620 1621
f 1621 1710 1712
f 1710 1709 1712
f 1829 1880 1877
f 1880 1830 1881
f 1881 1831 1879
f 1881 1878 1880
f 1878 1877 1880
f 1709 1533 1534
f 2850 2837 2853
f 2853 2841 2852
f 2801 2730 2726
f 2730 2703 2726
f 2703 2700 2723
f 2700 2664 2698
f 2664 2593 2661
f 2593 2561 2532
f 2532 2483 2482
f 2482 2531 2555
f 2531 2558 2589
f 2558 2719 2589
f 2719 2659 2800
f 2800 2662 2663
f 2663 2665 2699
f 2699 2767 2799
f 2767 2816 2814
f 2816 2825 2823
f 2823 2835 2833
f 2833 2824 2815
f 2824 2722 2815
f 2722 2801 2726
f 2853 2869 2870
f 2869 2865 2871
f 2865 2866 2871
f 2866 2867 2871
f 2867 2850 2870
f 178 124 177
f 124 90 123
f 90 46 89
f 46 36 9
f 9 34 11
f 34 10 11
f 10 45 18
f 18 44 15
f 15 60 32
f 60 43 26
f 43 120 86
f 120 140 82
f 140 263 262
f 263 304 353
f 304 305 354
f 305 335 266
f 336 335 355
f 355 371 372
f 355 308 266
f 308 216 215
f 216 218 177
f 1533 1410 1534
f 1410 1307 1411
f 1307 1205 1344
f 1205 1206 1259
f 1259 1207 1260
f 1260 1258 1343
f 1343 1342 1409
f 1342 1304 1341
f 1304 1450 1451
f 1450 1449 1579
f 1579 1531 1450
f 1531 1532 1489
f 1489 1582 1535
f 1582 1621 1536
f 1621 1712 1584
f 1712 1709 1711
f 1709 1534 1711
f 2850 2853 2870
f 2726 2703 2723
f 2723 2700 2698
f 2698 2664 2661
f 2661 2593 2592
f 2593 2532 2559
f 2532 2482 2559
f 2482 2555 2510
f 2555 2531 2589
f 2589 2719 2621
f 2719 2800 2810
f 2800 2663 2799
f 2663 2699 2799
f 2799 2767 2814
f 2814 2816 2823
f 2823 2833 2834
f 2833 2815 2834
f 2815 2722 2721
f 2722 2726 2723
f 2870 2869 2871
f 2871 2867 2870
f 177 124 123
f 123 90 89
f 89 46 61
f 46 9 17
f 9 11 1
f 11 10 7
f 10 18 7
f 18 15 16
f 15 32 28
f 32 60 26
f 26 43 59
f 43 86 59
f 86 120 82
f 82 140 139
f 140 262 139
f 262 263 353
f 353 304 354
f 354 305 333
f 305 266 333
f 266 308 215
f 215 216 122
f 216 177 142
f 1534 1410 1411
f 1411 1307 1344
f 1344 1205 1259
f 1259 1260 1413
f 1260 1343 1412
f 1343 1409 1412
f 1409 1342 1407
f 1342 1341 1407
f 1451 1450 1531
f 1531 1489 1488
f 1489 1535 1452
f 1535 1582 1536
f 1536 1621 1584
f 1584 1712 1583
f 1712 1711 1583
f 1711 1534 1583
f 2723 2698 2721
f 2698 2661 2697
f 2661 2592 2660
f 2592 2593 2559
f 2559 2482 2510
f 2510 2555 2556
f 2555 2589 2590
f 2589 2621 2590
f 2621 2719 2695
f 2719 2810 2695
f 2810 2800 2820
f 2800 2799 2820
f 2799 2814 2821
f 2814 2823 2832
f 2823 2834 2832
f 2834 2815 2798
f 2815 2721 2766
f 2721 2722 2723
f 177 123 142
f 123 89 122
f 89 61 88
f 61 46 17
f 17 9 6
f 9 1 8
f 1 11 7
f 7 18 16
f 16 15 28
f 28 32 27
f 32 26 27
f 26 59 61
f 59 86 87
f 86 82 83
f 82 139 81
f 139 262 261
f 262 353 303
f 353 354 352
f 354 333 331
f 333 266 264
f 266 215 214
f 215 122 118
f 122 216 142
f 1534 1411 1583
f 1411 1344 1413
f 1344 1259 1413
f 1413 1260 1414
f 1260 1412 1414
f 1412 1409 1452
f 1409 1407 1451
f 1488 1489 1451
f 1489 1452 1451
f 1452 1535 1453
f 1535 1536 1453
f 1536 1584 1490
f 1584 1583 1490
f 2721 2698 2697
f 2697 2661 2660
f 2660 2592 2591
f 2592 2559 2530
f 2559 2510 2530
f 2510 2556 2557
f 2556 2555 2590
f 2590 2621 2587
f 2621 2695 2619
f 2695 2810 2762
f 2810 2820 2812
f 2820 2799 2821
f 2821 2814 2832
f 2832 2834 2862
f 2834 2798 2822
f 2798 2815 2766
f 2766 2721 2697
f 142 123 122
f 122 89 88
f 88 61 59
f 61 17 33
f 17 6 21
f 6 9 8
f 8 1 5
f 1 7 5
f 7 16 5
f 16 28 22
f 28 27 21
f 27 26 33
f 26 61 33
f 59 87 88
f 87 86 83
f 83 82 81
f 81 139 138
f 139 261 138
f 261 262 302
f 262 303 302
f 303 353 352
f 352 354 331
f 331 333 332
f 333 264 332
f 264 266 214
f 214 215 118
f 118 122 117
f 1583 1411 1454
f 1411 1413 1454
f 1413 1414 1490
f 1414 1412 1455
f 1412 1452 1453
f 1452 1409 1451
f 1453 1536 1455
f 1536 1490 1455
f 1490 1583 1454
f 2697 2660 2696
f 2660 2591 2658
f 2591 2592 2530
f 2530 2510 2557
f 2557 2556 2530
f 2557 2556 2622
f 2556 2590 2588
f 2590 2587 2588
f 2587 2621 2619
f 2619 2695 2718
f 2695 2762 2718
f 2762 2810 2819
f 2810 2812 2819
f 2812 2820 2854
f 2820 2821 2857
f 2821 2832 2863
f 2832 2862 2864
f 2862 2834 2822
f 2822 2798 2797
f 2798 2766 2765
f 2766 2697 2696
f 122 88 121
f 33 17 21
f 21 6 22
f 6 8 5
f 5 16 22
f 22 28 21
f 21 27 33
f 88 87 121
f 87 83 84
f 83 81 56
f 81 138 115
f 138 261 212
f 261 302 212
f 302 303 300
f 303 352 301
f 352 331 329
f 331 332 330
f 332 264 260
f 264 214 119
f 214 118 119
f 118 117 85
f 117 122 121
f 1454 1413 1490
f 1490 1414 1455
f 1455 1412 1453
f 2696 2660 2658
f 2658 2591 2657
f 2591 2530 2622
f 2622 2556 2588
f 2588 2587 2529
f 2587 2619 2528
f 2619 2718 2618
f 2718 2762 2790
f 2762 2819 2794
f 2819 2812 2843
f 2812 2854 2830
f 2854 2820 2857
f 2857 2821 2863
f 2863 2832 2864
f 2864 2862 2868
f 2862 2822 2856
f 2822 2797 2813
f 2797 2798 2765
f 2765 2766 2696
f 22 6 5
f 121 87 84
f 84 83 56
f 56 81 54
f 81 115 79
f 115 138 175
f 138 212 175
f 212 302 299
f 302 300 299
f 300 303 301
f 301 352 329
f 329 331 330
f 330 332 260
f 260 264 213
f 264 119 137
f 119 118 85
f 85 117 57
f 117 121 84
f 2696 2658 2720
f 2658 2657 2764
f 2657 2591 2622
f 2622 2588 2554
f 2588 2529 2554
f 2529 2587 2528
f 2528 2619 2618
f 2618 2718 2717
f 2718 2790 2717
f 2790 2762 2794
f 2794 2819 2811
f 2819 2843 2811
f 2843 2812 2830
f 2830 2854 2845
f 2854 2857 2855
f 2857 2863 2860
f 2863 2864 2860
f 2864 2868 2860
f 2868 2862 2861
f 2862 2856 2859
f 2856 2822 2813
f 2813 2797 2796
f 2797 2765 2764
f 2765 2696 2720
f 84 56 57
f 56 54 55
f 54 81 79
f 79 115 74
f 115 175 113
f 175 212 210
f 212 299 210
f 299 300 297
f 300 301 297
f 301 329 298
f 329 330 327
f 330 260 259
f 260 213 259
f 213 264 137
f 137 119 116
f 119 85 116
f 85 57 80
f 57 117 84
f 2720 2658 2764
f 2764 2657 2760
f 2657 2622 2656
f 2622 2554 2620
f 2554 2529 2552
f 2529 2528 2527
f 2528 2618 2586
f 2618 2717 2617
f 2717 2790 2789
f 2790 2794 2791
f 2794 2811 2795
f 2811 2843 2813
f 2843 2830 2844
f 2830 2845 2844
f 2845 2854 2855
f 2855 2857 2860
f 2860 2868 2858
f 2868 2861 2858
f 2861 2862 2859
f 2859 2856 2847
f 2856 2813 2831
f 2813 2796 2811
f 2796 2797 2764
f 2764 2765 2720
f 57 56 55
f 55 54 76
f 54 79 75
f 79 74 75
f 74 115 113
f 113 175 136
f 175 210 136
f 210 299 296
f 299 297 296
f 297 301 298
f 298 329 327
f 327 330 328
f 330 259 328
f 259 213 211
f 213 137 211
f 137 116 114
f 116 85 80
f 80 57 55
f 2764 2760 2759
f 2760 2657 2656
f 2656 2622 2620
f 2620 2554 2553
f 2554 2552 2553
f 2552 2529 2527
f 2527 2528 2586
f 2586 2618 2585
f 2618 2617 2585
f 2617 2717 2716
f 2717 2789 2716
f 2789 2790 2791
f 2791 2794 2795
f 2795 2811 2796
f 2813 2843 2831
f 2843 2844 2831
f 2844 2845 2847
f 2845 2855 2848
f 2855 2860 2858
f 2858 2861 2859
f 2859 2847 2848
f 2847 2856 2831
f 2796 2764 2763
f 55 76 77
f 76 54 75
f 75 74 70
f 74 113 111
f 113 136 135
f 136 210 135
f 210 296 295
f 296 297 255
f 297 298 203
f 298 327 204
f 327 328 256
f 328 259 258
f 259 211 258
f 211 137 114
f 114 116 78
f 116 80 78
f 80 55 77
f 2764 2759 2763
f 2759 2760 2793
f 2760 2656 2761
f 2656 2620 2761
f 2620 2553 2616
f 2553 2552 2551
f 2552 2527 2550
f 2527 2586 2584
f 2586 2585 2583
f 2585 2617 2654
f 2617 2716 2654
f 2716 2789 2757
f 2789 2791 2808
f 2791 2795 2792
f 2795 2796 2763
f 2831 2844 2847
f 2847 2845 2848
f 2848 2855 2858
f 2858 2859 2848
f 77 76 72
f 76 75 71
f 75 70 71
f 70 74 111
f 111 113 110
f 113 135 110
f 135 210 202
f 210 295 202
f 295 296 255
f 255 297 203
f 203 298 204
f 204 327 256
f 256 328 257
f 328 258 257
f 258 211 209
f 211 114 112
f 114 78 112
f 78 80 77
f 2763 2759 2792
f 2759 2793 2809
f 2793 2760 2761
f 2761 2620 2715
f 2620 2616 2655
f 2616 2553 2551
f 2551 2552 2550
f 2550 2527 2584
f 2584 2586 2583
f 2583 2585 2582
f 2585 2654 2582
f 2654 2716 2694
f 2716 2757 2694
f 2757 2789 2787
f 2789 2808 2806
f 2808 2791 2792
f 2792 2795 2763
f 77 72 73
f 72 76 71
f 71 70 67
f 70 111 104
f 111 110 103
f 110 135 134
f 135 202 134
f 202 295 199
f 295 255 199
f 255 203 200
f 203 204 200
f 204 256 205
f 256 257 207
f 257 258 209
f 209 211 112
f 112 78 73
f 78 77 73
f 2792 2759 2809
f 2809 2793 2788
f 2793 2761 2758
f 2761 2715 2758
f 2715 2620 2655
f 2655 2616 2615
f 2616 2551 2615
f 2551 2550 2548
f 2550 2584 2581
f 2584 2583 2580
f 2583 2582 2580
f 2582 2654 2652
f 2654 2694 2652
f 2694 2757 2755
f 2757 2787 2782
f 2787 2789 2806
f 2806 2808 2807
f 2808 2792 2809
f 73 72 69
f 72 71 68
f 71 67 68
f 67 70 104
f 104 111 103
f 103 110 134
f 134 202 199
f 199 255 200
f 200 204 205
f 205 256 207
f 207 257 174
f 257 209 174
f 209 112 174
f 112 73 109
f 2809 2788 2807
f 2788 2793 2758
f 2758 2715 2756
f 2715 2655 2653
f 2655 2615 2653
f 2615 2551 2549
f 2551 2548 2549
f 2548 2550 2581
f 2581 2584 2580
f 2580 2582 2579
f 2582 2652 2579
f 2652 2694 2714
f 2694 2755 2714
f 2755 2757 2782
f 2782 2787 2783
f 2787 2806 2783
f 2806 2807 2784
f 2807 2808 2809
f 73 69 109
f 69 72 68
f 68 67 104
f 103 111 134
f 103 134 104
f 134 199 200
f 200 205 248
f 205 207 170
f 207 174 254
f 174 112 109
f 2807 2788 2785
f 2788 2758 2786
f 2758 2756 2786
f 2756 2715 2653
f 2653 2615 2614
f 2615 2549 2614
f 2549 2548 2612
f 2548 2581 2648
f 2581 2580 2647
f 2580 2579 2611
f 2579 2652 2578
f 2652 2714 2713
f 2714 2755 2713
f 2755 2782 2753
f 2782 2783 2778
f 2783 2806 2784
f 2784 2807 2785
f 109 69 107
f 69 68 104
f 104 134 200
f 200 248 133
f 248 205 249
f 205 170 98
f 170 207 171
f 207 254 172
f 254 174 201
f 174 109 107
f 2785 2788 2786
f 2786 2756 2754
f 2756 2653 2754
f 2653 2614 2651
f 2614 2549 2613
f 2549 2612 2613
f 2612 2548 2648
f 2648 2581 2647
f 2647 2580 2611
f 2611 2579 2578
f 2578 2652 2646
f 2652 2713 2646
f 2713 2755 2752
f 2755 2753 2752
f 2753 2782 2778
f 2778 2783 2779
f 2783 2784 2779
f 2784 2785 2780
f 107 69 104
f 104 200 133
f 133 248 245
f 248 249 323
f 249 205 194
f 205 98 105
f 98 170 166
f 170 171 195
f 171 207 99
f 207 172 107
f 172 254 251
f 254 201 293
f 201 174 173
f 174 107 173
f 2785 2786 2781
f 2786 2754 2781
f 2754 2653 2651
f 2651 2614 2613
f 2613 2612 2650
f 2612 2648 2649
f 2648 2647 2644
f 2647 2611 2644
f 2611 2578 2643
f 2578 2646 2643
f 2646 2713 2712
f 2713 2752 2712
f 2752 2753 2747
f 2753 2778 2748
f 2778 2779 2775
f 2779 2784 2780
f 2780 2785 2781
f 104 69 105
f 104 133 105
f 133 245 100
f 245 248 323
f 323 249 324
f 249 194 286
f 194 205 100
f 205 105 100
f 105 98 99
f 98 166 168
f 166 170 195
f 195 171 196
f 99 207 107
f 107 172 173
f 172 251 253
f 251 254 293
f 293 201 294
f 201 173 294
f 2781 2754 2751
f 2754 2651 2693
f 2651 2613 2693
f 2613 2650 2693
f 2650 2612 2649
f 2649 2648 2644
f 2644 2611 2643
f 2643 2646 2712
f 2712 2752 2747
f 2747 2753 2748
f 2748 2778 2775
f 2775 2779 2776
f 2779 2780 2776
f 2780 2781 2777
f 105 133 100
f 100 245 194
f 245 323 285
f 323 324 396
f 324 249 286
f 286 194 285
f 105 99 107
f 99 98 168
f 168 166 247
f 166 195 246
f 195 196 246
f 173 172 253
f 253 251 292
f 251 293 290
f 293 294 325
f 294 173 253
f 2781 2751 2777
f 2751 2754 2693
f 2693 2650 2610
f 2650 2649 2689
f 2649 2644 2606
f 2644 2643 2712
f 2712 2747 2748
f 2747 2748 2775
f 2753 2747 2712
f 2748 2775 2776
f 2776 2780 2777
f 194 245 285
f 285 323 396
f 396 324 370
f 324 286 390
f 286 285 393
f 99 168 196
f 168 247 196
f 247 166 246
f 246 196 247
f 253 292 326
f 292 251 290
f 290 293 325
f 325 294 326
f 294 253 326
f 2777 2751 2750
f 2751 2693 2750
f 2693 2610 2645
f 2610 2650 2691
f 2650 2689 2690
f 2689 2649 2744
f 2649 2606 2607
f 2606 2644 2711
f 2644 2712 2748
f 2748 2776 2777
f 285 396 393
f 396 370 430
f 370 324 390
f 390 286 393
f 326 292 398
f 292 290 392
f 290 325 391
f 325 326 397
f 2777 2750 2749
f 2750 2693 2692
f 2693 2645 2692
f 2645 2610 2576
f 2610 2691 2608
f 2691 2650 2750
f 2650 2690 2745
f 2690 2689 2641
f 2689 2744 2687
f 2744 2649 2749
f 2649 2607 2640
f 2607 2606 2544
f 2606 2711 2603
f 2711 2644 2748
f 2748 2777 2749
f 393 396 429
f 396 430 429
f 430 370 431
f 370 390 391
f 390 393 429
f 326 398 397
f 398 292 392
f 392 290 391
f 391 325 397
f 2749 2750 2745
f 2750 2692 2691
f 2692 2645 2577
f 2645 2576 2577
f 2576 2610 2608
f 2608 2691 2609
f 2750 2650 2745
f 2690 2641 2642
f 2641 2689 2687
f 2687 2744 2688
f 2744 2749 2745
f 2749 2649 2746
f 2649 2640 2746
f 2640 2607 2573
f 2607 2544 2545
f 2544 2606 2603
f 2603 2711 2746
f 2711 2748 2749
f 429 430 390
f 430 431 391
f 431 370 397
f 370 391 397
f 391 390 430
f 397 398 431
f 398 392 428
f 392 391 431
f 2691 2692 2609
f 2692 2577 2609
f 2577 2576 2546
f 2576 2608 2574
f 2608 2609 2575
f 2642 2641 2604
f 2641 2687 2604
f 2687 2688 2605
f 2688 2744 2745
f 2749 2746 2711
f 2746 2640 2603
f 2640 2573 2572
f 2573 2607 2545
f 2545 2544 2479
f 2544 2603 2572
f 431 398 428
f 428 392 431
f 2609 2577 2547
f 2577 2546 2547
f 2546 2576 2574
f 2574 2608 2575
f 2575 2609 2547
f 2642 2604 2605
f 2604 2687 2605
f 2605 2688 2642
f 2688 2745 2642
f 2603 2640 2572
f 2572 2573 2478
f 2573 2545 2475
f 2545 2479 2509
f 2479 2544 2572
f 2547 2546 2480
f 2546 2574 2476
f 2574 2575 2477
f 2575 2547 2481
f 2572 2478 2479
f 2478 2573 2475
f 2475 2545 2509
f 2509 2479 2439
f 2547 2480 2481
f 2480 2546 2476
f 2476 2574 2477
f 2477 2575 2481
f 2479 2478 2438
f 2478 2475 2438
f 2475 2509 2476
f 2509 2439 2440
f 2439 2479 2438
f 2481 2480 2440
f 2480 2476 2509
f 2476 2477 2440
f 2477 2481 2437
f 2438 2475 2439
f 2475 2476 2439
f 2509 2440 2480
f 2440 2439 2476
f 2481 2440 2437
f 2440 2477 2437
f 368 369 395
f 368 395 322
f 395 369 394
f 369 368 287
f 368 322 288
f 322 395 321
f 395 394 321
f 394 369 287
f 287 368 288
f 288 322 291
f 322 321 289
f 321 394 287
f 287 288 193
f 288 291 193
f 291 322 289
f 289 321 192
f 321 287 192
f 287 193 192
f 193 291 252
f 291 289 250
f 289 192 167
f 192 193 169
f 193 252 169
f 252 291 250
f 250 289 167
f 167 192 169
f 169 252 198
f 252 250 197
f 250 167 101
f 167 169 102
f 169 198 102
f 198 252 197
f 197 250 101
f 101 167 102
f 102 198 208
f 198 197 206
f 197 101 106
f 101 102 108
f 102 208 108
f 208 198 206
f 206 197 106
f 106 101 108

