# https://github.com/mikedh/trimesh
v -0.49609375 -0.01171875 -0.09765625
v -0.49609375 -0.01171875 -0.08984375
v -0.49609375 -0.00390625 -0.09765625
v -0.49609375 -0.00390625 -0.08984375
v -0.49609375 0.01171875 -0.09765625
v -0.49609375 0.16015625 -0.12890625
v -0.49609375 0.16015625 -0.11328125
v -0.49609375 0.16015625 -0.08984375
v -0.49609375 0.16796875 -0.13671875
v -0.49609375 0.16796875 -0.11328125
v -0.49609375 0.17578125 -0.13671875
v -0.49609375 0.17578125 -0.12109375
v -0.49609375 0.17578125 -0.11328125
v -0.49609375 0.17578125 -0.09765625
v -0.49609375 0.23828125 -0.10546875
v -0.49609375 0.23828125 -0.08984375
v -0.49609375 0.26171875 -0.11328125
v -0.49609375 0.26171875 -0.09765625
v -0.49609375 0.26171875 -0.08984375
v -0.49609375 0.27734375 -0.11328125
v -0.49609375 0.27734375 -0.10546875
v -0.49609375 0.27734375 -0.09765625
v -0.49609375 0.27734375 -0.08203125
v -0.49609375 0.28515625 -0.10546875
v -0.49609375 0.28515625 -0.09765625
v -0.49609375 0.28515625 -0.08203125
v -0.48828125 -0.00390625 -0.09765625
v -0.48828125 -0.00390625 -0.08203125
v -0.48828125 0.01171875 -0.10546875
v -0.48828125 0.01171875 -0.08984375
v -0.48828125 0.15234375 -0.11328125
v -0.48828125 0.16015625 -0.12109375
v -0.48828125 0.16796875 -0.12890625
v -0.48828125 0.17578125 -0.10546875
v -0.48828125 0.17578125 -0.09765625
v -0.48828125 0.17578125 -0.08203125
v -0.48828125 0.22265625 -0.09765625
v -0.48828125 0.22265625 -0.08203125
v -0.48828125 0.24609375 -0.08203125
v -0.48828125 0.26953125 -0.11328125
v -0.48828125 0.26953125 -0.08203125
v -0.48828125 0.26953125 -0.06640625
v -0.48828125 0.27734375 -0.05859375
v -0.48828125 0.28515625 -0.08203125
v -0.48046875 -0.01171875 -0.09765625
v -0.48046875 -0.00390625 -0.10546875
v -0.48046875 -0.00390625 -0.08203125
v -0.48046875 0.01953125 -0.09765625
v -0.48046875 0.01953125 -0.08203125
v -0.48046875 0.15234375 -0.09765625
v -0.48046875 0.15234375 -0.08203125
v -0.48046875 0.16015625 -0.12890625
v -0.48046875 0.16796875 -0.12890625
v -0.48046875 0.19140625 -0.08984375
v -0.48046875 0.19140625 -0.08203125
v -0.48046875 0.20703125 -0.08984375
v -0.48046875 0.20703125 -0.08203125
v -0.48046875 0.25390625 -0.10546875
v -0.48046875 0.25390625 -0.07421875
v -0.48046875 0.27734375 -0.09765625
v -0.48046875 0.27734375 -0.06640625
v -0.47265625 -0.00390625 -0.09765625
v -0.47265625 0.01171875 -0.10546875
v -0.47265625 0.01171875 -0.07421875
v -0.47265625 0.03515625 -0.08984375
v -0.47265625 0.16796875 -0.06640625
v -0.47265625 0.17578125 -0.08984375
v -0.47265625 0.23828125 -0.07421875
v -0.47265625 0.25390625 -0.05078125
v -0.47265625 0.26171875 -0.10546875
v -0.47265625 0.26953125 -0.08984375
v -0.47265625 0.26953125 -0.05078125
v -0.47265625 0.27734375 -0.06640625
v -0.46484375 -0.01171875 -0.09765625
v -0.46484375 0.00390625 -0.10546875
v -0.46484375 0.00390625 -0.08203125
v -0.46484375 0.02734375 -0.08984375
v -0.46484375 0.02734375 -0.07421875
v -0.46484375 0.03515625 -0.08203125
v -0.46484375 0.06640625 -0.08984375
v -0.46484375 0.06640625 -0.08203125
v -0.46484375 0.08984375 -0.08203125
v -0.46484375 0.15234375 -0.11328125
v -0.46484375 0.18359375 -0.07421875
v -0.46484375 0.19140625 -0.08203125
v -0.46484375 0.23828125 -0.09765625
v -0.46484375 0.24609375 -0.07421875
v -0.46484375 0.26953125 -0.05078125
v -0.45703125 -0.01171875 -0.08984375
v -0.45703125 -0.00390625 -0.08203125
v -0.45703125 0.01953125 -0.06640625
v -0.45703125 0.03515625 -0.08984375
v -0.45703125 0.04296875 -0.08984375
v -0.45703125 0.07421875 -0.08984375
v -0.45703125 0.08984375 -0.07421875
v -0.45703125 0.09765625 -0.08984375
v -0.45703125 0.12109375 -0.08984375
v -0.45703125 0.12109375 -0.07421875
v -0.45703125 0.13671875 -0.08984375
v -0.45703125 0.13671875 -0.07421875
v -0.45703125 0.14453125 -0.08984375
v -0.45703125 0.14453125 -0.08203125
v -0.45703125 0.14453125 -0.07421875
v -0.45703125 0.16015625 -0.10546875
v -0.45703125 0.16796875 -0.10546875
v -0.45703125 0.18359375 -0.08984375
v -0.45703125 0.20703125 -0.06640625
v -0.45703125 0.21484375 -0.08203125
v -0.45703125 0.24609375 -0.04296875
v -0.44921875 0.01953125 -0.08984375
v -0.44921875 0.01953125 -0.06640625
v -0.44921875 0.16015625 -0.05859375
v -0.44921875 0.19140625 -0.08203125
v -0.44921875 0.25390625 -0.09765625
v -0.44921875 0.26171875 -0.03515625
v -0.44921875 0.26953125 -0.08203125
v -0.44921875 0.26953125 -0.04296875
v -0.44140625 -0.01953125 -0.08984375
v -0.44140625 -0.00390625 -0.07421875
v -0.44140625 0.00390625 -0.06640625
v -0.44140625 0.01171875 -0.08984375
v -0.44140625 0.06640625 -0.07421875
v -0.44140625 0.12109375 -0.06640625
v -0.44140625 0.17578125 -0.06640625
v -0.44140625 0.17578125 -0.05859375
v -0.44140625 0.19140625 -0.05859375
v -0.43359375 -0.01953125 -0.08203125
v -0.43359375 -0.01171875 -0.09765625
v -0.43359375 0.00390625 -0.09765625
v -0.43359375 0.02734375 -0.08984375
v -0.43359375 0.03515625 -0.06640625
v -0.43359375 0.04296875 -0.07421875
v -0.43359375 0.08984375 -0.06640625
v -0.43359375 0.12109375 -0.08203125
v -0.43359375 0.12890625 -0.06640625
v -0.43359375 0.13671875 -0.08203125
v -0.43359375 0.15234375 -0.09765625
v -0.43359375 0.16796875 -0.08984375
v -0.43359375 0.19921875 -0.07421875
v -0.43359375 0.21484375 -0.05859375
v -0.43359375 0.22265625 -0.08203125
v -0.42578125 -0.01953125 -0.08984375
v -0.42578125 0.02734375 -0.05078125
v -0.42578125 0.03515625 -0.05859375
v -0.42578125 0.05078125 -0.08203125
v -0.42578125 0.05859375 -0.08203125
v -0.42578125 0.08203125 -0.08203125
v -0.42578125 0.09765625 -0.08203125
v -0.42578125 0.14453125 -0.08203125
v -0.42578125 0.17578125 -0.08203125
v -0.42578125 0.22265625 -0.05859375
v -0.41796875 -0.16015625 -0.08203125
v -0.41796875 -0.14453125 -0.08984375
v -0.41796875 -0.13671875 -0.08203125
v -0.41796875 -0.12890625 -0.08984375
v -0.41796875 -0.11328125 -0.07421875
v -0.41796875 -0.10546875 -0.08984375
v -0.41796875 -0.08984375 -0.07421875
v -0.41796875 -0.08203125 -0.08984375
v -0.41796875 -0.06640625 -0.08203125
v -0.41796875 -0.06640625 -0.07421875
v -0.41796875 -0.04296875 -0.08203125
v -0.41796875 -0.04296875 -0.07421875
v -0.41796875 -0.03515625 -0.08203125
v -0.41796875 -0.03515625 -0.07421875
v -0.41796875 -0.01953125 -0.07421875
v -0.41796875 0.01953125 -0.08203125
v -0.41796875 0.07421875 -0.05859375
v -0.41796875 0.10546875 -0.05859375
v -0.41796875 0.14453125 -0.05859375
v -0.41796875 0.23046875 -0.03515625
v -0.41796875 0.24609375 -0.08984375
v -0.41796875 0.24609375 -0.01953125
v -0.41796875 0.25390625 -0.07421875
v -0.41796875 0.26171875 -0.05078125
v -0.41015625 -0.15234375 -0.09765625
v -0.41015625 -0.13671875 -0.08984375
v -0.41015625 -0.03515625 -0.08984375
v -0.41015625 0.00390625 -0.07421875
v -0.41015625 0.01953125 -0.05859375
v -0.41015625 0.03515625 -0.08203125
v -0.41015625 0.11328125 -0.05859375
v -0.41015625 0.15234375 -0.04296875
v -0.41015625 0.16796875 -0.05859375
v -0.41015625 0.16796875 -0.05078125
v -0.41015625 0.18359375 -0.06640625
v -0.41015625 0.25390625 -0.02734375
v -0.40234375 -0.15234375 -0.08203125
v -0.40234375 -0.13671875 -0.07421875
v -0.40234375 -0.12109375 -0.06640625
v -0.40234375 -0.11328125 -0.08984375
v -0.40234375 -0.09765625 -0.07421875
v -0.40234375 -0.09765625 -0.05859375
v -0.40234375 -0.08984375 -0.08984375
v -0.40234375 -0.06640625 -0.06640625
v -0.40234375 -0.02734375 -0.07421875
v -0.40234375 0.00390625 -0.08203125
v -0.40234375 0.05859375 -0.05859375
v -0.40234375 0.08203125 -0.07421875
v -0.40234375 0.10546875 -0.07421875
v -0.40234375 0.12109375 -0.07421875
v -0.40234375 0.12890625 -0.07421875
v -0.40234375 0.13671875 -0.07421875
v -0.40234375 0.14453125 -0.08203125
v -0.40234375 0.15234375 -0.07421875
v -0.40234375 0.16015625 -0.07421875
v -0.40234375 0.16015625 -0.05078125
v -0.40234375 0.19921875 -0.07421875
v -0.40234375 0.19921875 -0.04296875
v -0.39453125 -0.13671875 -0.08203125
v -0.39453125 -0.12109375 -0.06640625
v -0.39453125 -0.06640625 -0.08984375
v -0.39453125 -0.00390625 -0.08203125
v -0.39453125 0.04296875 -0.05078125
v -0.39453125 0.05078125 -0.05078125
v -0.39453125 0.08984375 -0.05078125
v -0.39453125 0.12890625 -0.05078125
v -0.38671875 -0.14453125 -0.09765625
v -0.38671875 -0.14453125 -0.08984375
v -0.38671875 -0.13671875 -0.09765625
v -0.38671875 -0.11328125 -0.07421875
v -0.38671875 -0.10546875 -0.05859375
v -0.38671875 -0.08203125 -0.05859375
v -0.38671875 -0.05078125 -0.08203125
v -0.38671875 -0.04296875 -0.06640625
v -0.38671875 -0.01171875 -0.08203125
v -0.38671875 -0.00390625 -0.06640625
v -0.38671875 0.02734375 -0.08203125
v -0.38671875 0.03515625 -0.04296875
v -0.38671875 0.06640625 -0.07421875
v -0.38671875 0.16015625 -0.03515625
v -0.38671875 0.16796875 -0.06640625
v -0.38671875 0.20703125 -0.04296875
v -0.38671875 0.21484375 -0.02734375
v -0.37890625 -0.11328125 -0.07421875
v -0.37890625 -0.10546875 -0.08984375
v -0.37890625 -0.08203125 -0.05859375
v -0.37890625 -0.06640625 -0.05859375
v -0.37890625 0.01953125 -0.07421875
v -0.37890625 0.02734375 -0.05078125
v -0.37890625 0.10546875 -0.05078125
v -0.37890625 0.12109375 -0.06640625
v -0.37890625 0.13671875 -0.08203125
v -0.37890625 0.13671875 -0.04296875
v -0.37890625 0.15234375 -0.04296875
v -0.37890625 0.16015625 -0.05078125
v -0.37890625 0.18359375 -0.02734375
v -0.37890625 0.21484375 -0.08203125
v -0.37890625 0.23046875 -0.07421875
v -0.37890625 0.23046875 -0.01171875
v -0.37109375 -0.08984375 -0.06640625
v -0.37109375 -0.02734375 -0.07421875
v -0.37109375 -0.01953125 -0.05859375
v -0.37109375 0.01171875 -0.08203125
v -0.37109375 0.05078125 -0.07421875
v -0.37109375 0.05078125 -0.03515625
v -0.37109375 0.07421875 -0.04296875
v -0.37109375 0.11328125 -0.06640625
v -0.37109375 0.12890625 -0.08203125
v -0.37109375 0.13671875 -0.06640625
v -0.37109375 0.18359375 -0.06640625
v -0.37109375 0.23828125 -0.05078125
v -0.37109375 0.23828125 -0.02734375
v -0.36328125 -0.13671875 -0.09765625
v -0.36328125 -0.13671875 -0.08984375
v -0.36328125 -0.12890625 -0.09765625
v -0.36328125 -0.08984375 -0.07421875
v -0.36328125 -0.08203125 -0.08203125
v -0.36328125 -0.06640625 -0.05859375
v -0.36328125 -0.03515625 -0.04296875
v -0.36328125 0.00390625 -0.08203125
v -0.36328125 0.01953125 -0.05859375
v -0.36328125 0.04296875 -0.07421875
v -0.36328125 0.04296875 -0.03515625
v -0.36328125 0.05859375 -0.04296875
v -0.36328125 0.09765625 -0.06640625
v -0.36328125 0.12109375 -0.08203125
v -0.36328125 0.12890625 -0.08203125
v -0.36328125 0.14453125 -0.05859375
v -0.36328125 0.19140625 -0.04296875
v -0.36328125 0.22265625 -0.06640625
v -0.35546875 -0.06640625 -0.06640625
v -0.35546875 -0.05859375 -0.08203125
v -0.35546875 -0.00390625 -0.06640625
v -0.35546875 0.00390625 -0.04296875
v -0.35546875 0.01953125 -0.07421875
v -0.35546875 0.02734375 -0.06640625
v -0.35546875 0.08203125 -0.05859375
v -0.35546875 0.12890625 -0.07421875
v -0.35546875 0.14453125 -0.03515625
v -0.35546875 0.14453125 -0.01953125
v -0.35546875 0.17578125 -0.01953125
v -0.35546875 0.19921875 -0.01953125
v -0.35546875 0.21484375 -0.01953125
v -0.35546875 0.23046875 -0.04296875
v -0.34765625 -0.12109375 -0.09765625
v -0.34765625 -0.11328125 -0.08984375
v -0.34765625 -0.07421875 -0.06640625
v -0.34765625 -0.04296875 -0.05078125
v -0.34765625 -0.03515625 -0.08203125
v -0.34765625 0.01953125 -0.07421875
v -0.34765625 0.02734375 -0.05078125
v -0.34765625 0.03515625 -0.04296875
v -0.34765625 0.05078125 -0.06640625
v -0.34765625 0.06640625 -0.06640625
v -0.34765625 0.11328125 -0.04296875
v -0.34765625 0.12109375 -0.07421875
v -0.34765625 0.12890625 -0.05859375
v -0.34765625 0.14453125 -0.04296875
v -0.34765625 0.16015625 -0.06640625
v -0.34765625 0.19140625 -0.06640625
v -0.34765625 0.22265625 -0.02734375
v -0.33984375 -0.12109375 -0.08984375
v -0.33984375 -0.04296875 -0.05859375
v -0.33984375 -0.01171875 -0.03515625
v -0.33984375 0.01171875 -0.06640625
v -0.33984375 0.01953125 -0.03515625
v -0.33984375 0.03515625 -0.05859375
v -0.33984375 0.04296875 -0.02734375
v -0.33984375 0.05859375 -0.02734375
v -0.33984375 0.06640625 -0.03515625
v -0.33984375 0.08203125 -0.03515625
v -0.33984375 0.12109375 -0.05859375
v -0.33984375 0.17578125 -0.03515625
v -0.33203125 -0.09765625 -0.08984375
v -0.33203125 -0.09765625 -0.08203125
v -0.33203125 -0.08984375 -0.09765625
v -0.33203125 -0.05078125 -0.05078125
v -0.33203125 -0.01953125 -0.04296875
v -0.33203125 -0.01171875 -0.07421875
v -0.33203125 0.00390625 -0.02734375
v -0.33203125 0.02734375 -0.06640625
v -0.33203125 0.04296875 -0.03515625
v -0.33203125 0.08984375 -0.05859375
v -0.33203125 0.10546875 -0.05859375
v -0.33203125 0.14453125 -0.05859375
v -0.33203125 0.16015625 -0.01171875
v -0.33203125 0.19140625 -0.01953125
v -0.33203125 0.19921875 -0.06640625
v -0.33203125 0.19921875 -0.01171875
v -0.32421875 -0.08203125 -0.08203125
v -0.32421875 -0.07421875 -0.08984375
v -0.32421875 -0.01953125 -0.04296875
v -0.32421875 -0.00390625 -0.03515625
v -0.32421875 0.01953125 -0.05859375
v -0.32421875 0.02734375 -0.06640625
v -0.32421875 0.02734375 -0.02734375
v -0.32421875 0.03515625 -0.03515625
v -0.32421875 0.04296875 -0.05078125
v -0.32421875 0.05859375 -0.05859375
v -0.32421875 0.07421875 -0.05859375
v -0.32421875 0.10546875 -0.03515625
v -0.32421875 0.12890625 -0.05859375
v -0.32421875 0.12890625 -0.03515625
v -0.32421875 0.12890625 -0.01953125
v -0.32421875 0.17578125 -0.06640625
v -0.32421875 0.20703125 -0.03515625
v -0.32421875 0.20703125 -0.01953125
v -0.31640625 -0.08203125 -0.07421875
v -0.31640625 -0.02734375 -0.04296875
v -0.31640625 -0.01171875 -0.03515625
v -0.31640625 0.00390625 -0.06640625
v -0.31640625 0.00390625 -0.02734375
v -0.31640625 0.01953125 -0.01953125
v -0.31640625 0.03515625 -0.05859375
v -0.31640625 0.05078125 -0.02734375
v -0.31640625 0.05859375 -0.01953125
v -0.31640625 0.06640625 -0.02734375
v -0.31640625 0.08203125 -0.02734375
v -0.31640625 0.12890625 -0.03515625
v -0.31640625 0.16015625 -0.01953125
v -0.30859375 -0.05859375 -0.07421875
v -0.30859375 -0.05859375 -0.06640625
v -0.30859375 -0.05078125 -0.08203125
v -0.30859375 -0.01171875 -0.03515625
v -0.30859375 0.00390625 -0.02734375
v -0.30859375 0.01171875 -0.06640625
v -0.30859375 0.01171875 -0.01953125
v -0.30859375 0.02734375 -0.05859375
v -0.30859375 0.03515625 -0.06640625
v -0.30859375 0.03515625 -0.01171875
v -0.30859375 0.10546875 -0.00390625
v -0.30859375 0.13671875 -0.00390625
v -0.30859375 0.16796875 -0.01171875
v -0.30859375 0.18359375 -0.05078125
v -0.30859375 0.18359375 -0.01171875
v -0.30078125 -0.00390625 -0.02734375
v -0.30078125 0.01171875 -0.02734375
v -0.30078125 0.01953125 -0.05859375
v -0.30078125 0.02734375 -0.01171875
v -0.30078125 0.05078125 -0.04296875
v -0.30078125 0.09765625 -0.04296875
v -0.30078125 0.10546875 -0.04296875
v -0.30078125 0.10546875 -0.02734375
v -0.30078125 0.14453125 -0.01171875
v -0.30078125 0.19140625 -0.02734375
v -0.29296875 -0.03515625 -0.06640625
v -0.29296875 -0.03515625 -0.05078125
v -0.29296875 -0.02734375 -0.07421875
v -0.29296875 0.01171875 -0.01953125
v -0.29296875 0.02734375 -0.01171875
v -0.29296875 0.04296875 -0.05078125
v -0.29296875 0.04296875 -0.01171875
v -0.29296875 0.05859375 -0.01171875
v -0.29296875 0.06640625 -0.05078125
v -0.29296875 0.07421875 -0.01171875
v -0.29296875 0.08203125 -0.04296875
v -0.29296875 0.08984375 -0.01171875
v -0.29296875 0.09765625 -0.01953125
v -0.29296875 0.11328125 -0.03515625
v -0.29296875 0.12109375 0.00390625
v -0.29296875 0.15234375 -0.05859375
v -0.28515625 -0.01953125 -0.06640625
v -0.28515625 -0.01953125 -0.04296875
v -0.28515625 0.01953125 -0.01171875
v -0.28515625 0.03515625 -0.05078125
v -0.28515625 0.06640625 0.00390625
v -0.28515625 0.13671875 -0.05859375
v -0.28515625 0.15234375 -0.00390625
v -0.27734375 -0.01171875 -0.05859375
v -0.27734375 -0.01171875 -0.03515625
v -0.27734375 -0.00390625 -0.05859375
v -0.27734375 0.09765625 0.01171875
v -0.27734375 0.10546875 0.00390625
v -0.27734375 0.12109375 -0.01171875
v -0.27734375 0.13671875 -0.00390625
v -0.27734375 0.16015625 -0.04296875
v -0.27734375 0.16015625 -0.01953125
v -0.26953125 -0.00390625 -0.02734375
v -0.26953125 0.00390625 -0.05078125
v -0.26953125 0.00390625 -0.02734375
v -0.26953125 0.01171875 -0.05859375
v -0.26953125 0.05859375 0.00390625
v -0.26953125 0.08203125 0.00390625
v -0.26953125 0.12890625 -0.00390625
v -0.26953125 0.14453125 -0.04296875
v -0.26953125 0.14453125 -0.01953125
v -0.26171875 0.01171875 -0.04296875
v -0.26171875 0.01171875 -0.01953125
v -0.26171875 0.01953125 -0.05078125
v -0.26171875 0.03515625 -0.00390625
v -0.26171875 0.08984375 0.01171875
v -0.26171875 0.09765625 -0.04296875
v -0.26171875 0.11328125 -0.05078125
v -0.26171875 0.11328125 -0.00390625
v -0.26171875 0.12109375 -0.00390625
v -0.25390625 0.01953125 -0.03515625
v -0.25390625 0.02734375 -0.04296875
v -0.25390625 0.05078125 -0.03515625
v -0.25390625 0.05859375 -0.03515625
v -0.25390625 0.06640625 0.00390625
v -0.25390625 0.08203125 0.01171875
v -0.25390625 0.08984375 -0.04296875
v -0.25390625 0.10546875 0.00390625
v -0.25390625 0.11328125 -0.01171875
v -0.25390625 0.12109375 -0.04296875
v -0.25390625 0.12890625 -0.01953125
v -0.24609375 0.00390625 -0.03515625
v -0.24609375 0.01171875 -0.01171875
v -0.24609375 0.04296875 0.00390625
v -0.24609375 0.07421875 -0.03515625
v -0.24609375 0.09765625 -0.02734375
v -0.24609375 0.09765625 0.00390625
v -0.24609375 0.10546875 -0.03515625
v -0.23828125 -0.00390625 -0.01171875
v -0.23828125 0.02734375 -0.03515625
v -0.23828125 0.02734375 0.01171875
v -0.23828125 0.05078125 -0.03515625
v -0.23828125 0.07421875 -0.02734375
v -0.23828125 0.08203125 0.01171875
v -0.23828125 0.08984375 -0.02734375
v -0.23828125 0.10546875 -0.01171875
v -0.23828125 0.16015625 -0.01171875
v -0.23046875 0.01171875 -0.03515625
v -0.23046875 0.06640625 -0.03515625
v -0.23046875 0.07421875 0.01171875
v -0.23046875 0.09765625 -0.00390625
v -0.23046875 0.12890625 0.00390625
v -0.23046875 0.14453125 -0.00390625
v -0.23046875 0.14453125 0.00390625
v -0.23046875 0.15234375 0.00390625
v -0.22265625 -0.40234375 0.03515625
v -0.22265625 -0.39453125 0.01953125
v -0.22265625 -0.05078125 -0.03515625
v -0.22265625 -0.05078125 -0.01953125
v -0.22265625 0.00390625 0.00390625
v -0.22265625 0.05078125 0.01953125
v -0.22265625 0.07421875 0.01953125
v -0.22265625 0.08984375 -0.03515625
v -0.22265625 0.08984375 0.00390625
v -0.22265625 0.13671875 0.01171875
v -0.22265625 0.14453125 -0.00390625
v -0.22265625 0.15234375 -0.00390625
v -0.22265625 0.16015625 0.00390625
v -0.21484375 -0.41015625 0.01953125
v -0.21484375 -0.41015625 0.02734375
v -0.21484375 -0.37890625 0.01953125
v -0.21484375 -0.37890625 0.02734375
v -0.21484375 -0.04296875 -0.04296875
v -0.21484375 0.00390625 0.01171875
v -0.21484375 0.01171875 -0.03515625
v -0.21484375 0.02734375 -0.02734375
v -0.21484375 0.03515625 0.01171875
v -0.21484375 0.08984375 0.01171875
v -0.21484375 0.11328125 0.00390625
v -0.21484375 0.12109375 0.01953125
v -0.21484375 0.13671875 -0.00390625
v -0.21484375 0.15234375 0.01171875
v -0.21484375 0.23828125 0.04296875
v -0.21484375 0.24609375 0.07421875
v -0.21484375 0.25390625 0.00390625
v -0.21484375 0.26171875 0.04296875
v -0.21484375 0.29296875 0.03515625
v -0.20703125 -0.41796875 0.01953125
v -0.20703125 -0.41796875 0.02734375
v -0.20703125 -0.41015625 0.04296875
v -0.20703125 -0.40234375 0.04296875
v -0.20703125 -0.40234375 0.09765625
v -0.20703125 -0.37890625 0.04296875
v -0.20703125 -0.04296875 -0.00390625
v -0.20703125 -0.03515625 -0.04296875
v -0.20703125 0.02734375 -0.00390625
v -0.20703125 0.04296875 -0.02734375
v -0.20703125 0.04296875 0.01171875
v -0.20703125 0.05859375 0.01953125
v -0.20703125 0.07421875 0.01171875
v -0.20703125 0.08203125 -0.03515625
v -0.20703125 0.08984375 -0.02734375
v -0.20703125 0.08984375 0.01171875
v -0.20703125 0.12890625 0.02734375
v -0.20703125 0.12890625 0.03515625
v -0.20703125 0.14453125 -0.00390625
v -0.20703125 0.15234375 0.00390625
v -0.20703125 0.20703125 0.05078125
v -0.20703125 0.21484375 0.08203125
v -0.20703125 0.22265625 0.01171875
v -0.20703125 0.24609375 0.09765625
v -0.20703125 0.27734375 0.01171875
v -0.20703125 0.27734375 0.08203125
v -0.20703125 0.30078125 0.05859375
v -0.19921875 -0.41015625 0.00390625
v -0.19921875 -0.41015625 0.02734375
v -0.19921875 -0.41015625 0.09765625
v -0.19921875 -0.40234375 0.08203125
v -0.19921875 -0.39453125 0.00390625
v -0.19921875 -0.38671875 0.08203125
v -0.19921875 -0.37890625 0.08984375
v -0.19921875 -0.37109375 0.00390625
v -0.19921875 -0.09765625 -0.04296875
v -0.19921875 -0.03515625 0.00390625
v -0.19921875 -0.02734375 -0.03515625
v -0.19921875 0.01171875 -0.01171875
v -0.19921875 0.04296875 -0.00390625
v -0.19921875 0.05859375 -0.02734375
v -0.19921875 0.05859375 0.01171875
v -0.19921875 0.08203125 -0.02734375
v -0.19921875 0.08984375 -0.01171875
v -0.19921875 0.12109375 0.00390625
v -0.19921875 0.15234375 0.04296875
v -0.19921875 0.22265625 0.11328125
v -0.19921875 0.24609375 -0.01171875
v -0.19921875 0.27734375 -0.01171875
v -0.19921875 0.30078125 0.01953125
v -0.19921875 0.30859375 0.05078125
v -0.19140625 -0.41796875 0.08984375
v -0.19140625 -0.41015625 0.00390625
v -0.19140625 -0.41015625 0.08203125
v -0.19140625 -0.41015625 0.10546875
v -0.19140625 -0.40234375 0.10546875
v -0.19140625 -0.39453125 -0.00390625
v -0.19140625 -0.39453125 0.05078125
v -0.19140625 -0.39453125 0.07421875
v -0.19140625 -0.38671875 0.10546875
v -0.19140625 -0.36328125 0.02734375
v -0.19140625 -0.32421875 -0.01953125
v -0.19140625 -0.29296875 -0.02734375
v -0.19140625 -0.09765625 -0.02734375
v -0.19140625 -0.08984375 -0.05078125
v -0.19140625 -0.08203125 -0.00390625
v -0.19140625 0.05859375 -0.01171875
v -0.19140625 0.08203125 -0.01171875
v -0.19140625 0.10546875 0.03515625
v -0.19140625 0.10546875 0.04296875
v -0.19140625 0.11328125 0.05078125
v -0.19140625 0.14453125 0.01953125
v -0.19140625 0.15234375 0.03515625
v -0.19140625 0.19140625 0.06640625
v -0.19140625 0.19921875 0.02734375
v -0.19140625 0.19921875 0.08984375
v -0.19140625 0.21484375 -0.00390625
v -0.19140625 0.25390625 0.12109375
v -0.19140625 0.28515625 0.10546875
v -0.19140625 0.30078125 -0.00390625
v -0.19140625 0.31640625 0.08203125
v -0.18359375 -0.41015625 0.01953125
v -0.18359375 -0.41015625 0.03515625
v -0.18359375 -0.41015625 0.07421875
v -0.18359375 -0.41015625 0.08984375
v -0.18359375 -0.41015625 0.10546875
v -0.18359375 -0.40234375 -0.04296875
v -0.18359375 -0.40234375 -0.01171875
v -0.18359375 -0.39453125 0.11328125
v -0.18359375 -0.38671875 -0.01953125
v -0.18359375 -0.37890625 -0.03515625
v -0.18359375 -0.37890625 0.08203125
v -0.18359375 -0.37890625 0.10546875
v -0.18359375 -0.37109375 -0.00390625
v -0.18359375 -0.37109375 0.00390625
v -0.18359375 -0.37109375 0.03515625
v -0.18359375 -0.37109375 0.08984375
v -0.18359375 -0.36328125 0.01171875
v -0.18359375 -0.34765625 -0.01953125
v -0.18359375 -0.08203125 -0.04296875
v -0.18359375 -0.02734375 -0.01953125
v -0.18359375 0.12109375 0.06640625
v -0.18359375 0.13671875 0.01171875
v -0.18359375 0.19921875 0.11328125
v -0.18359375 0.23046875 0.12890625
v -0.18359375 0.24609375 -0.02734375
v -0.18359375 0.27734375 -0.01953125
v -0.17578125 -0.41015625 -0.03515625
v -0.17578125 -0.41015625 0.00390625
v -0.17578125 -0.41015625 0.01953125
v -0.17578125 -0.41015625 0.03515625
v -0.17578125 -0.41015625 0.06640625
v -0.17578125 -0.41015625 0.07421875
v -0.17578125 -0.41015625 0.08984375
v -0.17578125 -0.41015625 0.10546875
v -0.17578125 -0.39453125 0.04296875
v -0.17578125 -0.39453125 0.06640625
v -0.17578125 -0.39453125 0.07421875
v -0.17578125 -0.39453125 0.11328125
v -0.17578125 -0.37890625 0.08203125
v -0.17578125 -0.37109375 0.03515625
v -0.17578125 -0.37109375 0.08984375
v -0.17578125 -0.36328125 0.11328125
v -0.17578125 -0.35546875 0.01953125
v -0.17578125 -0.32421875 0.02734375
v -0.17578125 -0.29296875 0.02734375
v -0.17578125 -0.26171875 -0.02734375
v -0.17578125 -0.26171875 0.01953125
v -0.17578125 -0.06640625 -0.03515625
v -0.17578125 -0.06640625 0.00390625
v -0.17578125 0.12109375 0.07421875
v -0.17578125 0.13671875 0.08203125
v -0.17578125 0.18359375 0.04296875
v -0.17578125 0.19140625 0.00390625
v -0.17578125 0.21484375 -0.01953125
v -0.17578125 0.30078125 -0.01953125
v -0.17578125 0.32421875 -0.03515625
v -0.16796875 -0.41015625 0.04296875
v -0.16796875 -0.41015625 0.05078125
v -0.16796875 -0.41015625 0.05859375
v -0.16796875 -0.41015625 0.21484375
v -0.16796875 -0.40234375 0.11328125
v -0.16796875 -0.39453125 0.05859375
v -0.16796875 -0.38671875 0.13671875
v -0.16796875 -0.37109375 0.03515625
v -0.16796875 -0.37109375 0.07421875
v -0.16796875 -0.37109375 0.11328125
v -0.16796875 -0.35546875 0.09765625
v -0.16796875 -0.34765625 -0.08203125
v -0.16796875 -0.34765625 0.11328125
v -0.16796875 -0.33984375 0.02734375
v -0.16796875 -0.32421875 -0.08203125
v -0.16796875 -0.13671875 -0.04296875
v -0.16796875 -0.05859375 -0.01953125
v -0.16796875 0.08984375 0.07421875
v -0.16796875 0.11328125 0.05078125
v -0.16796875 0.14453125 0.07421875
v -0.16796875 0.17578125 0.07421875
v -0.16796875 0.17578125 0.09765625
v -0.16796875 0.20703125 0.12890625
v -0.16796875 0.26171875 0.13671875
v -0.16796875 0.27734375 -0.03515625
v -0.16796875 0.29296875 0.12109375
v -0.16796875 0.32421875 -0.01953125
v -0.16796875 0.32421875 0.00390625
v -0.16796875 0.32421875 0.02734375
v -0.16796875 0.32421875 0.05859375
v -0.16796875 0.32421875 0.09765625
v -0.16796875 0.34765625 -0.06640625
v -0.16796875 0.36328125 -0.09765625
v -0.16796875 0.38671875 -0.13671875
v -0.16796875 0.40234375 -0.16015625
v -0.16796875 0.40234375 -0.12890625
v -0.16796875 0.41015625 -0.16015625
v -0.16015625 -0.41796875 0.19921875
v -0.16015625 -0.41796875 0.21484375
v -0.16015625 -0.41796875 0.23828125
v -0.16015625 -0.41015625 0.11328125
v -0.16015625 -0.41015625 0.13671875
v -0.16015625 -0.40234375 0.19921875
v -0.16015625 -0.39453125 0.04296875
v -0.16015625 -0.39453125 0.05078125
v -0.16015625 -0.39453125 0.19140625
v -0.16015625 -0.39453125 0.22265625
v -0.16015625 -0.38671875 -0.08984375
v -0.16015625 -0.38671875 0.16015625
v -0.16015625 -0.38671875 0.21484375
v -0.16015625 -0.37109375 -0.08984375
v -0.16015625 -0.37109375 0.06640625
v -0.16015625 -0.33984375 0.15234375
v -0.16015625 -0.33203125 0.11328125
v -0.16015625 -0.29296875 -0.08203125
v -0.16015625 -0.13671875 -0.01171875
v -0.16015625 -0.12890625 -0.04296875
v -0.16015625 -0.11328125 0.01171875
v -0.16015625 0.09765625 0.08984375
v -0.16015625 0.10546875 0.08984375
v -0.16015625 0.12890625 0.05078125
v -0.16015625 0.13671875 0.05859375
v -0.16015625 0.16796875 0.05859375
v -0.16015625 0.17578125 0.02734375
v -0.16015625 0.18359375 0.11328125
v -0.16015625 0.19140625 -0.00390625
v -0.16015625 0.23828125 0.14453125
v -0.16015625 0.25390625 -0.03515625
v -0.16015625 0.29296875 -0.04296875
v -0.16015625 0.35546875 -0.01171875
v -0.16015625 0.37109375 -0.05078125
v -0.16015625 0.38671875 -0.08984375
v -0.16015625 0.39453125 -0.16015625
v -0.16015625 0.41015625 -0.16796875
v -0.16015625 0.41796875 -0.16796875
v -0.16015625 0.41796875 -0.16015625
v -0.15234375 -0.41796875 0.19140625
v -0.15234375 -0.41796875 0.22265625
v -0.15234375 -0.41796875 0.23828125
v -0.15234375 -0.41015625 -0.08203125
v -0.15234375 -0.41015625 -0.01953125
v -0.15234375 -0.41015625 0.06640625
v -0.15234375 -0.41015625 0.07421875
v -0.15234375 -0.41015625 0.09765625
v -0.15234375 -0.41015625 0.15234375
v -0.15234375 -0.41015625 0.18359375
v -0.15234375 -0.40234375 0.22265625
v -0.15234375 -0.39453125 0.18359375
v -0.15234375 -0.39453125 0.23828125
v -0.15234375 -0.38671875 0.17578125
v -0.15234375 -0.37890625 0.20703125
v -0.15234375 -0.37109375 0.05078125
v -0.15234375 -0.37109375 0.19921875
v -0.15234375 -0.36328125 0.04296875
v -0.15234375 -0.36328125 0.16015625
v -0.15234375 -0.36328125 0.19140625
v -0.15234375 -0.31640625 0.14453125
v -0.15234375 -0.23828125 -0.02734375
v -0.15234375 -0.11328125 -0.04296875
v -0.15234375 -0.09765625 0.01171875
v -0.15234375 0.10546875 0.07421875
v -0.15234375 0.11328125 0.09765625
v -0.15234375 0.12109375 0.10546875
v -0.15234375 0.12890625 0.10546875
v -0.15234375 0.16015625 0.04296875
v -0.15234375 0.18359375 0.12890625
v -0.15234375 0.20703125 0.14453125
v -0.15234375 0.21484375 -0.03515625
v -0.15234375 0.31640625 -0.05859375
v -0.15234375 0.33203125 -0.08203125
v -0.15234375 0.35546875 -0.11328125
v -0.15234375 0.37890625 -0.14453125
v -0.15234375 0.39453125 -0.16015625
v -0.15234375 0.40234375 -0.12109375
v -0.15234375 0.41015625 -0.16796875
v -0.15234375 0.41796875 -0.16796875
v -0.15234375 0.41796875 -0.16015625
v -0.14453125 -0.41796875 0.13671875
v -0.14453125 -0.41796875 0.20703125
v -0.14453125 -0.41015625 0.01171875
v -0.14453125 -0.41015625 0.03515625
v -0.14453125 -0.41015625 0.05859375
v -0.14453125 -0.41015625 0.11328125
v -0.14453125 -0.41015625 0.17578125
v -0.14453125 -0.39453125 0.20703125
v -0.14453125 -0.39453125 0.21484375
v -0.14453125 -0.38671875 0.22265625
v -0.14453125 -0.37890625 0.23046875
v -0.14453125 -0.37109375 0.06640625
v -0.14453125 -0.37109375 0.07421875
v -0.14453125 -0.37109375 0.22265625
v -0.14453125 -0.35546875 0.08203125
v -0.14453125 -0.33984375 0.19140625
v -0.14453125 -0.31640625 0.10546875
v -0.14453125 -0.29296875 0.05859375
v -0.14453125 -0.28515625 0.13671875
v -0.14453125 -0.26953125 -0.07421875
v -0.14453125 -0.26171875 0.05078125
v -0.14453125 -0.23828125 0.01171875
v -0.14453125 -0.09765625 -0.02734375
v -0.14453125 0.07421875 0.09765625
v -0.14453125 0.07421875 0.10546875
v -0.14453125 0.08203125 0.11328125
v -0.14453125 0.08984375 0.12109375
v -0.14453125 0.12890625 0.10546875
v -0.14453125 0.12890625 0.12109375
v -0.14453125 0.16015625 0.06640625
v -0.14453125 0.16015625 0.08203125
v -0.14453125 0.16015625 0.09765625
v -0.14453125 0.16796875 0.11328125
v -0.14453125 0.16796875 0.12890625
v -0.14453125 0.17578125 0.01953125
v -0.14453125 0.19140625 0.14453125
v -0.14453125 0.33203125 0.03515625
v -0.14453125 0.33203125 0.07421875
v -0.14453125 0.33984375 0.01953125
v -0.14453125 0.37890625 -0.14453125
v -0.14453125 0.37890625 -0.03515625
v -0.14453125 0.39453125 -0.08203125
v -0.14453125 0.40234375 -0.16796875
v -0.14453125 0.40234375 -0.12109375
v -0.14453125 0.41015625 -0.16796875
v -0.13671875 -0.41796875 0.15234375
v -0.13671875 -0.41796875 0.16796875
v -0.13671875 -0.41796875 0.20703125
v -0.13671875 -0.41796875 0.21484375
v -0.13671875 -0.41796875 0.23046875
v -0.13671875 -0.41796875 0.24609375
v -0.13671875 -0.41015625 0.05859375
v -0.13671875 -0.41015625 0.06640625
v -0.13671875 -0.41015625 0.07421875
v -0.13671875 -0.41015625 0.09765625
v -0.13671875 -0.40234375 0.22265625
v -0.13671875 -0.39453125 -0.10546875
v -0.13671875 -0.39453125 0.22265625
v -0.13671875 -0.39453125 0.23828125
v -0.13671875 -0.37109375 0.05859375
v -0.13671875 -0.36328125 0.05078125
v -0.13671875 -0.36328125 0.20703125
v -0.13671875 -0.33984375 0.05078125
v -0.13671875 -0.33984375 0.08984375
v -0.13671875 -0.31640625 0.05859375
v -0.13671875 -0.28515625 0.10546875
v -0.13671875 -0.23828125 0.03515625
v -0.13671875 -0.16015625 -0.02734375
v -0.13671875 -0.15234375 0.00390625
v -0.13671875 -0.08984375 -0.01171875
v -0.13671875 0.01953125 0.13671875
v -0.13671875 0.02734375 0.14453125
v -0.13671875 0.04296875 0.12109375
v -0.13671875 0.05078125 0.12890625
v -0.13671875 0.06640625 0.14453125
v -0.13671875 0.10546875 0.12890625
v -0.13671875 0.11328125 0.08203125
v -0.13671875 0.11328125 0.14453125
v -0.13671875 0.12109375 0.16015625
v -0.13671875 0.12890625 0.08984375
v -0.13671875 0.12890625 0.12109375
v -0.13671875 0.13671875 0.08984375
v -0.13671875 0.14453125 0.10546875
v -0.13671875 0.14453125 0.12109375
v -0.13671875 0.14453125 0.13671875
v -0.13671875 0.14453125 0.16015625
v -0.13671875 0.14453125 0.21484375
v -0.13671875 0.15234375 0.08984375
v -0.13671875 0.16015625 0.10546875
v -0.13671875 0.16015625 0.12109375
v -0.13671875 0.16015625 0.12890625
v -0.13671875 0.16015625 0.19921875
v -0.13671875 0.23828125 0.16015625
v -0.13671875 0.26953125 0.15234375
v -0.13671875 0.30078125 0.12890625
v -0.13671875 0.31640625 0.10546875
v -0.13671875 0.35546875 -0.12109375
v -0.13671875 0.36328125 0.00390625
v -0.13671875 0.38671875 -0.14453125
v -0.13671875 0.39453125 -0.13671875
v -0.13671875 0.40234375 -0.12890625
v -0.12890625 -0.41796875 0.19140625
v -0.12890625 -0.41796875 0.24609375
v -0.12890625 -0.41015625 0.07421875
v -0.12890625 -0.41015625 0.19921875
v -0.12890625 -0.38671875 0.05859375
v -0.12890625 -0.38671875 0.06640625
v -0.12890625 -0.38671875 0.07421875
v -0.12890625 -0.38671875 0.23046875
v -0.12890625 -0.37890625 0.05078125
v -0.12890625 -0.37890625 0.22265625
v -0.12890625 -0.37109375 -0.11328125
v -0.12890625 -0.37109375 0.21484375
v -0.12890625 -0.36328125 0.19921875
v -0.12890625 -0.31640625 0.18359375
v -0.12890625 -0.28515625 0.17578125
v -0.12890625 -0.25390625 0.12890625
v -0.12890625 -0.23828125 -0.06640625
v -0.12890625 -0.14453125 -0.03515625
v -0.12890625 -0.12890625 0.01953125
v -0.12890625 0.04296875 0.10546875
v -0.12890625 0.04296875 0.16015625
v -0.12890625 0.05078125 0.17578125
v -0.12890625 0.07421875 0.16015625
v -0.12890625 0.08203125 0.09765625
v -0.12890625 0.13671875 0.08203125
v -0.12890625 0.13671875 0.23828125
v -0.12890625 0.14453125 0.19921875
v -0.12890625 0.14453125 0.20703125
v -0.12890625 0.15234375 0.08203125
v -0.12890625 0.15234375 0.15234375
v -0.12890625 0.15234375 0.18359375
v -0.12890625 0.15234375 0.20703125
v -0.12890625 0.15234375 0.21484375
v -0.12890625 0.16015625 0.16796875
v -0.12890625 0.16015625 0.21484375
v -0.12890625 0.16015625 0.23046875
v -0.12890625 0.16796875 0.14453125
v -0.12890625 0.17578125 0.14453125
v -0.12890625 0.19140625 -0.01953125
v -0.12890625 0.20703125 0.16015625
v -0.12890625 0.26171875 -0.03515625
v -0.12890625 0.28515625 -0.03515625
v -0.12890625 0.30078125 -0.05078125
v -0.12890625 0.31640625 -0.06640625
v -0.12890625 0.33203125 -0.08984375
v -0.12890625 0.34765625 0.02734375
v -0.12890625 0.36328125 -0.11328125
v -0.12890625 0.39453125 -0.08203125
v -0.12109375 -0.41796875 0.22265625
v -0.12109375 -0.41015625 0.13671875
v -0.12109375 -0.40234375 0.03515625
v -0.12109375 -0.40234375 0.23046875
v -0.12109375 -0.39453125 0.20703125
v -0.12109375 -0.39453125 0.21484375
v -0.12109375 -0.38671875 0.06640625
v -0.12109375 -0.37109375 0.20703125
v -0.12109375 -0.36328125 0.08203125
v -0.12109375 -0.35546875 -0.11328125
v -0.12109375 -0.33984375 0.08984375
v -0.12109375 -0.32421875 -0.11328125
v -0.12109375 -0.31640625 0.08203125
v -0.12109375 -0.30078125 0.05859375
v -0.12109375 -0.25390625 0.10546875
v -0.12109375 -0.23046875 -0.02734375
v -0.12109375 -0.22265625 0.01171875
v -0.12109375 -0.12890625 -0.03515625
v -0.12109375 -0.11328125 0.01953125
v -0.12109375 0.00390625 0.16015625
v -0.12109375 0.01171875 0.16796875
v -0.12109375 0.01953125 0.12109375
v -0.12109375 0.01953125 0.18359375
v -0.12109375 0.02734375 0.19921875
v -0.12109375 0.08203125 0.18359375
v -0.12109375 0.09765625 0.19140625
v -0.12109375 0.12109375 0.19140625
v -0.12109375 0.13671875 0.19140625
v -0.12109375 0.13671875 0.21484375
v -0.12109375 0.15234375 0.25390625
v -0.12109375 0.16796875 0.19140625
v -0.12109375 0.16796875 0.23046875
v -0.12109375 0.17578125 0.16015625
v -0.12109375 0.17578125 0.20703125
v -0.12109375 0.18359375 0.16015625
v -0.12109375 0.19140625 0.16015625
v -0.12109375 0.23828125 -0.03515625
v -0.12109375 0.33984375 0.05859375
v -0.12109375 0.37890625 -0.10546875
v -0.12109375 0.37890625 -0.04296875
v -0.12109375 0.38671875 -0.08984375
v -0.11328125 -0.41796875 0.15234375
v -0.11328125 -0.41796875 0.16796875
v -0.11328125 -0.41796875 0.21484375
v -0.11328125 -0.41796875 0.23046875
v -0.11328125 -0.41015625 -0.08203125
v -0.11328125 -0.41015625 0.07421875
v -0.11328125 -0.41015625 0.08984375
v -0.11328125 -0.41015625 0.11328125
v -0.11328125 -0.41015625 0.19921875
v -0.11328125 -0.41015625 0.21484375
v -0.11328125 -0.39453125 0.21484375
v -0.11328125 -0.39453125 0.22265625
v -0.11328125 -0.37890625 0.21484375
v -0.11328125 -0.36328125 0.07421875
v -0.11328125 -0.34765625 0.04296875
v -0.11328125 -0.33984375 0.19921875
v -0.11328125 -0.30078125 -0.11328125
v -0.11328125 -0.28515625 0.08984375
v -0.11328125 -0.26953125 0.05859375
v -0.11328125 -0.24609375 0.16796875
v -0.11328125 -0.23828125 0.03515625
v -0.11328125 -0.16015625 0.01953125
v -0.11328125 -0.11328125 -0.02734375
v -0.11328125 -0.10546875 -0.00390625
v -0.11328125 -0.00390625 0.20703125
v -0.11328125 -0.00390625 0.22265625
v -0.11328125 0.00390625 0.19140625
v -0.11328125 0.01171875 0.19921875
v -0.11328125 0.01171875 0.21484375
v -0.11328125 0.01953125 0.22265625
v -0.11328125 0.03515625 0.21484375
v -0.11328125 0.04296875 0.10546875
v -0.11328125 0.05078125 0.19921875
v -0.11328125 0.10546875 0.05859375
v -0.11328125 0.12890625 0.21484375
v -0.11328125 0.12890625 0.23046875
v -0.11328125 0.12890625 0.24609375
v -0.11328125 0.13671875 0.26953125
v -0.11328125 0.16015625 0.03515625
v -0.11328125 0.16015625 0.25390625
v -0.11328125 0.16796875 0.01171875
v -0.11328125 0.16796875 0.23046875
v -0.11328125 0.17578125 0.21484375
v -0.11328125 0.31640625 0.08984375
v -0.11328125 0.34765625 -0.08203125
v -0.10546875 -0.41796875 0.19140625
v -0.10546875 -0.41796875 0.23828125
v -0.10546875 -0.41015625 0.01171875
v -0.10546875 -0.40234375 0.23828125
v -0.10546875 -0.39453125 0.23046875
v -0.10546875 -0.38671875 0.06640625
v -0.10546875 -0.38671875 0.22265625
v -0.10546875 -0.37890625 0.02734375
v -0.10546875 -0.36328125 0.19921875
v -0.10546875 -0.33984375 0.08203125
v -0.10546875 -0.32421875 0.04296875
v -0.10546875 -0.32421875 0.05859375
v -0.10546875 -0.29296875 0.05078125
v -0.10546875 -0.29296875 0.06640625
v -0.10546875 -0.26953125 -0.09765625
v -0.10546875 -0.26953125 0.05078125
v -0.10546875 -0.25390625 0.08984375
v -0.10546875 -0.23828125 -0.05859375
v -0.10546875 -0.17578125 0.00390625
v -0.10546875 -0.14453125 0.03515625
v -0.10546875 -0.01953125 0.19921875
v -0.10546875 -0.01953125 0.21484375
v -0.10546875 -0.00390625 0.14453125
v -0.10546875 -0.00390625 0.17578125
v -0.10546875 0.05859375 0.20703125
v -0.10546875 0.08203125 0.06640625
v -0.10546875 0.08203125 0.20703125
v -0.10546875 0.09765625 0.21484375
v -0.10546875 0.12109375 0.21484375
v -0.10546875 0.13671875 0.05859375
v -0.10546875 0.15234375 0.05859375
v -0.10546875 0.15234375 0.27734375
v -0.10546875 0.16796875 0.25390625
v -0.10546875 0.18359375 0.19140625
v -0.10546875 0.19921875 0.16796875
v -0.10546875 0.21484375 0.16796875
v -0.10546875 0.24609375 0.16015625
v -0.10546875 0.26953125 0.15234375
v -0.10546875 0.28515625 -0.01953125
v -0.10546875 0.32421875 -0.05078125
v -0.10546875 0.35546875 -0.06640625
v -0.10546875 0.35546875 0.01171875
v -0.10546875 0.37109375 -0.05078125
v -0.09765625 -0.41796875 0.17578125
v -0.09765625 -0.41796875 0.23828125
v -0.09765625 -0.41796875 0.25390625
v -0.09765625 -0.41015625 -0.02734375
v -0.09765625 -0.40234375 -0.09765625
v -0.09765625 -0.40234375 0.23828125
v -0.09765625 -0.40234375 0.24609375
v -0.09765625 -0.38671875 0.23046875
v -0.09765625 -0.37890625 0.22265625
v -0.09765625 -0.37109375 0.07421875
v -0.09765625 -0.37109375 0.20703125
v -0.09765625 -0.32421875 0.05078125
v -0.09765625 -0.31640625 0.06640625
v -0.09765625 -0.31640625 0.08203125
v -0.09765625 -0.31640625 0.19921875
v -0.09765625 -0.29296875 0.08203125
v -0.09765625 -0.28515625 0.07421875
v -0.09765625 -0.27734375 0.08203125
v -0.09765625 -0.26953125 0.05859375
v -0.09765625 -0.26953125 0.07421875
v -0.09765625 -0.25390625 -0.07421875
v -0.09765625 -0.24609375 0.03515625
v -0.09765625 -0.23046875 0.01171875
v -0.09765625 -0.20703125 0.11328125
v -0.09765625 -0.20703125 0.15234375
v -0.09765625 -0.16015625 -0.01953125
v -0.09765625 -0.12109375 0.02734375
v -0.09765625 -0.00390625 0.24609375
v -0.09765625 0.01953125 0.11328125
v -0.09765625 0.04296875 0.22265625
v -0.09765625 0.05078125 0.07421875
v -0.09765625 0.12890625 0.27734375
v -0.09765625 0.16015625 0.27734375
v -0.09765625 0.19140625 0.17578125
v -0.09765625 0.19140625 0.20703125
v -0.09765625 0.19921875 0.16796875
v -0.09765625 0.21484375 -0.02734375
v -0.09765625 0.26171875 -0.02734375
v -0.09765625 0.29296875 0.12109375
v -0.09765625 0.30078125 -0.02734375
v -0.09765625 0.31640625 0.07421875
v -0.09765625 0.33984375 0.04296875
v -0.09765625 0.34765625 -0.00390625
v -0.08984375 -0.41796875 0.15234375
v -0.08984375 -0.41796875 0.19921875
v -0.08984375 -0.41796875 0.22265625
v -0.08984375 -0.41796875 0.23828125
v -0.08984375 -0.41796875 0.25390625
v -0.08984375 -0.41015625 -0.05859375
v -0.08984375 -0.41015625 0.08984375
v -0.08984375 -0.41015625 0.11328125
v -0.08984375 -0.41015625 0.13671875
v -0.08984375 -0.41015625 0.20703125
v -0.08984375 -0.39453125 0.23046875
v -0.08984375 -0.39453125 0.23828125
v -0.08984375 -0.37890625 0.23828125
v -0.08984375 -0.33984375 0.01953125
v -0.08984375 -0.33984375 0.03515625
v -0.08984375 -0.33984375 0.08203125
v -0.08984375 -0.31640625 0.08203125
v -0.08984375 -0.30859375 0.08203125
v -0.08984375 -0.27734375 0.08203125
v -0.08984375 -0.25390625 0.08203125
v -0.08984375 -0.24609375 0.05859375
v -0.08984375 -0.24609375 0.07421875
v -0.08984375 -0.23046875 -0.02734375
v -0.08984375 -0.23046875 0.03515625
v -0.08984375 -0.22265625 0.01171875
v -0.08984375 -0.21484375 0.08203125
v -0.08984375 -0.20703125 0.03515625
v -0.08984375 -0.18359375 0.12109375
v -0.08984375 -0.14453125 -0.01953125
v -0.08984375 -0.02734375 0.20703125
v -0.08984375 -0.02734375 0.21484375
v -0.08984375 -0.01953125 0.23828125
v -0.08984375 0.06640625 0.22265625
v -0.08984375 0.07421875 0.23046875
v -0.08984375 0.09765625 0.23046875
v -0.08984375 0.12109375 0.23828125
v -0.08984375 0.12109375 0.24609375
v -0.08984375 0.12109375 0.26171875
v -0.08984375 0.13671875 0.29296875
v -0.08984375 0.16796875 0.26953125
v -0.08984375 0.17578125 0.24609375
v -0.08984375 0.18359375 0.22265625
v -0.08984375 0.25390625 0.15234375
v -0.08984375 0.33203125 -0.02734375
v -0.08984375 0.33203125 0.02734375
v -0.08203125 -0.41796875 0.19140625
v -0.08203125 -0.41015625 0.07421875
v -0.08203125 -0.41015625 0.25390625
v -0.08203125 -0.40234375 0.24609375
v -0.08203125 -0.39453125 -0.01171875
v -0.08203125 -0.38671875 -0.10546875
v -0.08203125 -0.38671875 0.07421875
v -0.08203125 -0.37109375 0.19921875
v -0.08203125 -0.37109375 0.22265625
v -0.08203125 -0.36328125 -0.10546875
v -0.08203125 -0.36328125 0.20703125
v -0.08203125 -0.35546875 -0.00390625
v -0.08203125 -0.33203125 0.05859375
v -0.08203125 -0.33203125 0.07421875
v -0.08203125 -0.28515625 0.19140625
v -0.08203125 -0.26953125 -0.08203125
v -0.08203125 -0.23828125 -0.05859375
v -0.08203125 -0.22265625 -0.01953125
v -0.08203125 -0.21484375 0.06640625
v -0.08203125 -0.19921875 0.01171875
v -0.08203125 -0.19921875 0.02734375
v -0.08203125 -0.18359375 0.08984375
v -0.08203125 -0.18359375 0.16796875
v -0.08203125 -0.16796875 0.03515625
v -0.08203125 -0.15234375 0.05078125
v -0.08203125 -0.12890625 0.04296875
v -0.08203125 -0.12109375 -0.00390625
v -0.08203125 -0.11328125 0.01171875
v -0.08203125 -0.03515625 0.21484375
v -0.08203125 -0.02734375 0.19921875
v -0.08203125 -0.02734375 0.22265625
v -0.08203125 -0.01171875 0.16796875
v -0.08203125 -0.00390625 0.11328125
v -0.08203125 0.00390625 0.26171875
v -0.08203125 0.01953125 0.07421875
v -0.08203125 0.03515625 0.23828125
v -0.08203125 0.08203125 0.03515625
v -0.08203125 0.10546875 0.03515625
v -0.08203125 0.12109375 0.23046875
v -0.08203125 0.12109375 0.28515625
v -0.08203125 0.12890625 0.02734375
v -0.08203125 0.14453125 0.30078125
v -0.08203125 0.19140625 -0.00390625
v -0.08203125 0.19921875 0.18359375
v -0.08203125 0.22265625 0.17578125
v -0.08203125 0.24609375 -0.01953125
v -0.08203125 0.28515625 -0.00390625
v -0.08203125 0.28515625 0.11328125
v -0.08203125 0.30859375 0.00390625
v -0.08203125 0.30859375 0.05078125
v -0.07421875 -0.41796875 0.15234375
v -0.07421875 -0.41796875 0.17578125
v -0.07421875 -0.41796875 0.20703125
v -0.07421875 -0.41796875 0.22265625
v -0.07421875 -0.41796875 0.23046875
v -0.07421875 -0.41015625 0.09765625
v -0.07421875 -0.41015625 0.19921875
v -0.07421875 -0.40234375 -0.08203125
v -0.07421875 -0.40234375 0.23046875
v -0.07421875 -0.38671875 0.23046875
v -0.07421875 -0.37890625 0.22265625
v -0.07421875 -0.37109375 0.07421875
v -0.07421875 -0.37109375 0.19921875
v -0.07421875 -0.37109375 0.20703125
v -0.07421875 -0.35546875 0.01171875
v -0.07421875 -0.35546875 0.03515625
v -0.07421875 -0.33984375 0.08203125
v -0.07421875 -0.33984375 0.17578125
v -0.07421875 -0.33203125 -0.11328125
v -0.07421875 -0.30859375 0.08984375
v -0.07421875 -0.29296875 -0.10546875
v -0.07421875 -0.24609375 0.19140625
v -0.07421875 -0.20703125 -0.01953125
v -0.07421875 -0.19921875 0.05078125
v -0.07421875 -0.17578125 0.01953125
v -0.07421875 -0.15234375 0.05859375
v -0.07421875 -0.03515625 0.20703125
v -0.07421875 -0.03515625 0.23046875
v -0.07421875 -0.01953125 0.24609375
v -0.07421875 -0.01171875 0.14453125
v -0.07421875 0.02734375 0.25390625
v -0.07421875 0.05078125 0.23828125
v -0.07421875 0.05859375 0.04296875
v -0.07421875 0.11328125 0.26171875
v -0.07421875 0.11328125 0.27734375
v -0.07421875 0.11328125 0.30078125
v -0.07421875 0.12890625 0.30859375
v -0.07421875 0.15234375 0.03515625
v -0.07421875 0.16015625 0.02734375
v -0.07421875 0.16015625 0.29296875
v -0.07421875 0.16796875 0.27734375
v -0.07421875 0.19921875 0.19921875
v -0.07421875 0.20703125 0.17578125
v -0.07421875 0.21484375 0.17578125
v -0.07421875 0.22265625 -0.00390625
v -0.07421875 0.26953125 -0.00390625
v -0.07421875 0.26953125 0.04296875
v -0.07421875 0.27734375 0.05859375
v -0.07421875 0.28515625 0.01953125
v -0.06640625 -0.41015625 0.08203125
v -0.06640625 -0.41015625 0.11328125
v -0.06640625 -0.41015625 0.13671875
v -0.06640625 -0.41015625 0.19921875
v -0.06640625 -0.39453125 0.08203125
v -0.06640625 -0.39453125 0.19921875
v -0.06640625 -0.39453125 0.20703125
v -0.06640625 -0.39453125 0.21484375
v -0.06640625 -0.38671875 -0.08203125
v -0.06640625 -0.38671875 -0.04296875
v -0.06640625 -0.36328125 -0.04296875
v -0.06640625 -0.33203125 0.16015625
v -0.06640625 -0.31640625 0.09765625
v -0.06640625 -0.31640625 0.17578125
v -0.06640625 -0.28515625 0.16796875
v -0.06640625 -0.22265625 -0.05859375
v -0.06640625 -0.19140625 0.01953125
v -0.06640625 -0.19140625 0.06640625
v -0.06640625 -0.18359375 0.05078125
v -0.06640625 -0.16796875 0.00390625
v -0.06640625 -0.16796875 0.05078125
v -0.06640625 -0.16796875 0.05859375
v -0.06640625 -0.15234375 0.10546875
v -0.06640625 -0.15234375 0.12890625
v -0.06640625 -0.15234375 0.16796875
v -0.06640625 -0.12109375 0.01953125
v -0.06640625 -0.04296875 0.21484375
v -0.06640625 0.00390625 0.08203125
v -0.06640625 0.02734375 0.05078125
v -0.06640625 0.05859375 0.24609375
v -0.06640625 0.11328125 0.25390625
v -0.06640625 0.12109375 0.31640625
v -0.06640625 0.13671875 0.30859375
v -0.06640625 0.14453125 0.30859375
v -0.06640625 0.18359375 0.24609375
v -0.06640625 0.19921875 0.19921875
v -0.06640625 0.19921875 0.21484375
v -0.06640625 0.22265625 0.17578125
v -0.06640625 0.24609375 0.15234375
v -0.06640625 0.27734375 0.04296875
v -0.06640625 0.27734375 0.05859375
v -0.06640625 0.27734375 0.06640625
v -0.06640625 0.27734375 0.08203125
v -0.06640625 0.27734375 0.09765625
v -0.06640625 0.28515625 0.03515625
v -0.05859375 -0.41015625 0.08984375
v -0.05859375 -0.41015625 0.17578125
v -0.05859375 -0.39453125 0.17578125
v -0.05859375 -0.37109375 -0.02734375
v -0.05859375 -0.37109375 0.08203125
v -0.05859375 -0.37109375 0.16015625
v -0.05859375 -0.36328125 -0.12890625
v -0.05859375 -0.36328125 -0.07421875
v -0.05859375 -0.35546875 -0.08203125
v -0.05859375 -0.34765625 0.06640625
v -0.05859375 -0.34765625 0.08984375
v -0.05859375 -0.34765625 0.09765625
v -0.05859375 -0.33984375 -0.15234375
v -0.05859375 -0.33984375 0.14453125
v -0.05859375 -0.31640625 0.12109375
v -0.05859375 -0.31640625 0.13671875
v -0.05859375 -0.30859375 0.15234375
v -0.05859375 -0.30078125 -0.15234375
v -0.05859375 -0.26953125 -0.13671875
v -0.05859375 -0.21484375 0.22265625
v -0.05859375 -0.20703125 -0.05859375
v -0.05859375 -0.18359375 0.02734375
v -0.05859375 -0.18359375 0.21484375
v -0.05859375 -0.17578125 0.02734375
v -0.05859375 -0.17578125 0.04296875
v -0.05859375 -0.15234375 -0.00390625
v -0.05859375 -0.14453125 0.06640625
v -0.05859375 -0.12890625 0.01171875
v -0.05859375 -0.12890625 0.05078125
v -0.05859375 -0.04296875 0.23046875
v -0.05859375 -0.03515625 0.19140625
v -0.05859375 -0.03515625 0.25390625
v -0.05859375 -0.02734375 0.13671875
v -0.05859375 -0.01953125 0.11328125
v -0.05859375 -0.01953125 0.26953125
v -0.05859375 -0.00390625 0.29296875
v -0.05859375 -0.00390625 0.30859375
v -0.05859375 -0.00390625 0.31640625
v -0.05859375 0.00390625 0.26953125
v -0.05859375 0.01171875 0.29296875
v -0.05859375 0.01171875 0.30859375
v -0.05859375 0.02734375 0.26171875
v -0.05859375 0.03515625 0.25390625
v -0.05859375 0.09765625 0.24609375
v -0.05859375 0.10546875 0.32421875
v -0.05859375 0.11328125 0.32421875
v -0.05859375 0.12890625 0.31640625
v -0.05859375 0.13671875 0.31640625
v -0.05859375 0.14453125 0.30859375
v -0.05859375 0.15234375 0.30078125
v -0.05859375 0.17578125 0.01953125
v -0.05859375 0.20703125 0.01171875
v -0.05859375 0.21484375 0.19140625
v -0.05859375 0.22265625 0.01953125
v -0.05859375 0.22265625 0.18359375
v -0.05859375 0.24609375 0.01171875
v -0.05859375 0.26171875 0.03515625
v -0.05859375 0.26171875 0.05078125
v -0.05859375 0.26171875 0.07421875
v -0.05078125 -0.41015625 0.11328125
v -0.05078125 -0.41015625 0.13671875
v -0.05078125 -0.41015625 0.15234375
v -0.05078125 -0.39453125 0.08984375
v -0.05078125 -0.39453125 0.15234375
v -0.05078125 -0.37890625 -0.08203125
v -0.05078125 -0.37890625 -0.01171875
v -0.05078125 -0.37109375 0.08984375
v -0.05078125 -0.34765625 0.12890625
v -0.05078125 -0.24609375 -0.12109375
v -0.05078125 -0.22265625 -0.10546875
v -0.05078125 -0.19140625 -0.01171875
v -0.05078125 -0.16796875 0.01171875
v -0.05078125 -0.15234375 0.08984375
v -0.05078125 -0.14453125 0.08203125
v -0.05078125 -0.12109375 0.02734375
v -0.05078125 -0.11328125 0.10546875
v -0.05078125 -0.11328125 0.13671875
v -0.05078125 -0.03515625 0.12890625
v -0.05078125 -0.03515625 0.17578125
v -0.05078125 -0.03515625 0.26953125
v -0.05078125 -0.02734375 0.11328125
v -0.05078125 -0.02734375 0.28515625
v -0.05078125 -0.02734375 0.30859375
v -0.05078125 -0.01953125 0.08984375
v -0.05078125 -0.01953125 0.29296875
v -0.05078125 -0.01953125 0.30859375
v -0.05078125 -0.01953125 0.32421875
v -0.05078125 -0.01171875 0.33203125
v -0.05078125 -0.00390625 0.29296875
v -0.05078125 0.00390625 0.05859375
v -0.05078125 0.00390625 0.32421875
v -0.05078125 0.01171875 0.29296875
v -0.05078125 0.01171875 0.31640625
v -0.05078125 0.01171875 0.33203125
v -0.05078125 0.04296875 0.24609375
v -0.05078125 0.08984375 0.31640625
v -0.05078125 0.12890625 0.31640625
v -0.05078125 0.16015625 0.29296875
v -0.05078125 0.17578125 0.26953125
v -0.05078125 0.20703125 0.21484375
v -0.05078125 0.23046875 0.17578125
v -0.05078125 0.23828125 0.03515625
v -0.05078125 0.24609375 0.13671875
v -0.05078125 0.26171875 0.09765625
v -0.04296875 -0.39453125 0.11328125
v -0.04296875 -0.39453125 0.13671875
v -0.04296875 -0.37109375 0.13671875
v -0.04296875 -0.19921875 -0.09765625
v -0.04296875 -0.19921875 -0.05078125
v -0.04296875 -0.17578125 0.01171875
v -0.04296875 -0.15234375 0.00390625
v -0.04296875 -0.15234375 0.20703125
v -0.04296875 -0.12890625 0.05859375
v -0.04296875 -0.11328125 0.09765625
v -0.04296875 -0.11328125 0.16015625
v -0.04296875 -0.07421875 0.10546875
v -0.04296875 -0.07421875 0.12890625
v -0.04296875 -0.05078125 0.08984375
v -0.04296875 -0.05078125 0.10546875
v -0.04296875 -0.05078125 0.12890625
v -0.04296875 -0.04296875 0.16015625
v -0.04296875 -0.04296875 0.28515625
v -0.04296875 -0.03515625 0.30078125
v -0.04296875 -0.02734375 0.06640625
v -0.04296875 -0.02734375 0.29296875
v -0.04296875 -0.02734375 0.31640625
v -0.04296875 -0.01953125 0.33984375
v -0.04296875 -0.01171875 0.29296875
v -0.04296875 0.00390625 0.33984375
v -0.04296875 0.01171875 0.33984375
v -0.04296875 0.02734375 0.27734375
v -0.04296875 0.03515625 0.26953125
v -0.04296875 0.03515625 0.30078125
v -0.04296875 0.03515625 0.30859375
v -0.04296875 0.03515625 0.31640625
v -0.04296875 0.04296875 0.26171875
v -0.04296875 0.05078125 0.25390625
v -0.04296875 0.08203125 0.30078125
v -0.04296875 0.08984375 0.26953125
v -0.04296875 0.08984375 0.27734375
v -0.04296875 0.09765625 0.29296875
v -0.04296875 0.10546875 0.01171875
v -0.04296875 0.10546875 0.33203125
v -0.04296875 0.11328125 0.33203125
v -0.04296875 0.12890625 0.01171875
v -0.04296875 0.13671875 0.31640625
v -0.04296875 0.18359375 0.24609375
v -0.04296875 0.21484375 0.21484375
v -0.04296875 0.22265625 0.20703125
v -0.04296875 0.23828125 0.05078125
v -0.04296875 0.23828125 0.17578125
v -0.04296875 0.24609375 0.07421875
v -0.03515625 -0.38671875 -0.07421875
v -0.03515625 -0.37890625 0.01953125
v -0.03515625 -0.37109375 -0.17578125
v -0.03515625 -0.34765625 -0.20703125
v -0.03515625 -0.34765625 0.09765625
v -0.03515625 -0.30859375 -0.20703125
v -0.03515625 -0.26953125 -0.18359375
v -0.03515625 -0.18359375 -0.00390625
v -0.03515625 -0.12890625 0.01953125
v -0.03515625 -0.12109375 0.07421875
v -0.03515625 -0.11328125 0.04296875
v -0.03515625 -0.11328125 0.07421875
v -0.03515625 -0.07421875 0.07421875
v -0.03515625 -0.07421875 0.08984375
v -0.03515625 -0.07421875 0.15234375
v -0.03515625 -0.05078125 0.07421875
v -0.03515625 -0.05078125 0.15234375
v -0.03515625 -0.05078125 0.22265625
v -0.03515625 -0.04296875 0.15234375
v -0.03515625 -0.04296875 0.29296875
v -0.03515625 -0.04296875 0.30078125
v -0.03515625 -0.04296875 0.31640625
v -0.03515625 -0.03515625 0.32421875
v -0.03515625 -0.03515625 0.33203125
v -0.03515625 -0.02734375 0.33984375
v -0.03515625 -0.01171875 0.34765625
v -0.03515625 0.01171875 0.04296875
v -0.03515625 0.01171875 0.34765625
v -0.03515625 0.02734375 0.33984375
v -0.03515625 0.03515625 0.03515625
v -0.03515625 0.03515625 0.33203125
v -0.03515625 0.04296875 0.28515625
v -0.03515625 0.05859375 0.26171875
v -0.03515625 0.07421875 0.26953125
v -0.03515625 0.08203125 0.01953125
v -0.03515625 0.08203125 0.31640625
v -0.03515625 0.08984375 0.32421875
v -0.03515625 0.09765625 0.33203125
v -0.03515625 0.10546875 0.01171875
v -0.03515625 0.12109375 0.00390625
v -0.03515625 0.12890625 0.32421875
v -0.03515625 0.15234375 0.01171875
v -0.03515625 0.16015625 0.27734375
v -0.03515625 0.18359375 0.24609375
v -0.03515625 0.20703125 0.01171875
v -0.03515625 0.21484375 0.22265625
v -0.03515625 0.22265625 0.01953125
v -0.03515625 0.22265625 0.20703125
v -0.03515625 0.23046875 0.20703125
v -0.03515625 0.23828125 0.02734375
v -0.03515625 0.23828125 0.17578125
v -0.03515625 0.24609375 0.13671875
v -0.03515625 0.25390625 0.09765625
v -0.02734375 -0.38671875 -0.13671875
v -0.02734375 -0.23828125 -0.16796875
v -0.02734375 -0.19140625 -0.08203125
v -0.02734375 -0.18359375 -0.04296875
v -0.02734375 -0.15234375 0.01171875
v -0.02734375 -0.11328125 0.19140625
v -0.02734375 -0.05859375 0.05078125
v -0.02734375 -0.05078125 0.24609375
v -0.02734375 -0.05078125 0.26171875
v -0.02734375 -0.04296875 0.18359375
v -0.02734375 -0.04296875 0.19921875
v -0.02734375 -0.02734375 0.04296875
v -0.02734375 -0.02734375 0.34765625
v -0.02734375 0.00390625 0.35546875
v -0.02734375 0.01171875 0.35546875
v -0.02734375 0.01953125 0.34765625
v -0.02734375 0.05078125 0.26171875
v -0.02734375 0.05078125 0.26953125
v -0.02734375 0.05859375 0.01953125
v -0.02734375 0.06640625 0.26171875
v -0.02734375 0.07421875 0.26953125
v -0.02734375 0.08203125 0.27734375
v -0.02734375 0.09765625 -0.01171875
v -0.02734375 0.10546875 0.33203125
v -0.02734375 0.12109375 -0.01953125
v -0.02734375 0.12890625 -0.02734375
v -0.02734375 0.13671875 -0.00390625
v -0.02734375 0.13671875 0.30859375
v -0.02734375 0.16015625 0.26171875
v -0.02734375 0.17578125 0.01171875
v -0.02734375 0.19140625 0.24609375
v -0.02734375 0.19140625 0.25390625
v -0.02734375 0.20703125 -0.00390625
v -0.02734375 0.22265625 -0.00390625
v -0.02734375 0.22265625 0.23046875
v -0.02734375 0.23046875 0.20703125
v -0.02734375 0.23046875 0.23046875
v -0.02734375 0.23828125 0.00390625
v -0.02734375 0.23828125 0.04296875
v -0.02734375 0.23828125 0.17578125
v -0.02734375 0.23828125 0.20703125
v -0.02734375 0.24609375 0.18359375
v -0.02734375 0.25390625 0.13671875
v -0.02734375 0.25390625 0.19140625
v -0.02734375 0.26171875 0.15234375
v -0.02734375 0.26953125 0.16015625
v -0.02734375 0.26953125 0.17578125
v -0.01953125 -0.39453125 -0.05078125
v -0.01953125 -0.31640625 0.16796875
v -0.01953125 -0.28515625 0.20703125
v -0.01953125 -0.18359375 -0.05859375
v -0.01953125 -0.17578125 -0.08984375
v -0.01953125 -0.17578125 -0.06640625
v -0.01953125 -0.16796875 -0.09765625
v -0.01953125 -0.16015625 -0.09765625
v -0.01953125 -0.16015625 -0.07421875
v -0.01953125 -0.16015625 0.00390625
v -0.01953125 -0.15234375 -0.08203125
v -0.01953125 -0.14453125 0.00390625
v -0.01953125 -0.13671875 0.01953125
v -0.01953125 -0.12109375 0.02734375
v -0.01953125 -0.11328125 0.04296875
v -0.01953125 -0.10546875 0.05078125
v -0.01953125 -0.07421875 0.05859375
v -0.01953125 -0.07421875 0.16796875
v -0.01953125 -0.05078125 0.16796875
v -0.01953125 -0.05078125 0.17578125
v -0.01953125 -0.05078125 0.28515625
v -0.01953125 -0.05078125 0.29296875
v -0.01953125 -0.05078125 0.30859375
v -0.01953125 -0.05078125 0.32421875
v -0.01953125 -0.04296875 0.33203125
v -0.01953125 -0.04296875 0.33984375
v -0.01953125 -0.03515625 0.34765625
v -0.01953125 -0.00390625 0.35546875
v -0.01953125 0.00390625 0.35546875
v -0.01953125 0.01171875 0.35546875
v -0.01953125 0.02734375 0.35546875
v -0.01953125 0.03515625 0.02734375
v -0.01953125 0.03515625 0.34765625
v -0.01953125 0.04296875 0.30859375
v -0.01953125 0.04296875 0.32421875
v -0.01953125 0.04296875 0.33984375
v -0.01953125 0.05078125 0.31640625
v -0.01953125 0.05859375 0.26953125
v -0.01953125 0.07421875 0.26953125
v -0.01953125 0.07421875 0.30078125
v -0.01953125 0.07421875 0.31640625
v -0.01953125 0.08203125 -0.00390625
v -0.01953125 0.08203125 0.28515625
v -0.01953125 0.08203125 0.33203125
v -0.01953125 0.08984375 -0.04296875
v -0.01953125 0.09765625 -0.08203125
v -0.01953125 0.11328125 -0.05078125
v -0.01953125 0.11328125 0.33203125
v -0.01953125 0.12109375 0.32421875
v -0.01953125 0.12890625 -0.05859375
v -0.01953125 0.14453125 0.29296875
v -0.01953125 0.16015625 -0.02734375
v -0.01953125 0.16796875 -0.01953125
v -0.01953125 0.16796875 0.26171875
v -0.01953125 0.16796875 0.26953125
v -0.01953125 0.17578125 -0.01171875
v -0.01953125 0.19921875 0.25390625
v -0.01953125 0.22265625 -0.04296875
v -0.01953125 0.23828125 -0.04296875
v -0.01953125 0.25390625 0.01171875
v -0.01953125 0.25390625 0.06640625
v -0.01953125 0.26171875 0.09765625
v -0.01953125 0.26171875 0.23046875
v -0.01953125 0.27734375 0.20703125
v -0.01953125 0.28515625 0.12109375
v -0.01953125 0.29296875 0.14453125
v -0.01953125 0.29296875 0.16796875
v -0.01171875 -0.37890625 0.03515625
v -0.01171875 -0.34765625 0.12109375
v -0.01171875 -0.24609375 0.23828125
v -0.01171875 -0.22265625 -0.18359375
v -0.01171875 -0.20703125 -0.13671875
v -0.01171875 -0.19921875 -0.13671875
v -0.01171875 -0.19140625 -0.12890625
v -0.01171875 -0.18359375 -0.12109375
v -0.01171875 -0.17578125 -0.12109375
v -0.01171875 -0.17578125 -0.04296875
v -0.01171875 -0.16796875 -0.05078125
v -0.01171875 -0.16796875 -0.03515625
v -0.01171875 -0.16015625 -0.05859375
v -0.01171875 -0.14453125 -0.10546875
v -0.01171875 -0.14453125 -0.08984375
v -0.01171875 -0.12890625 -0.09765625
v -0.01171875 -0.12890625 0.01953125
v -0.01171875 -0.04296875 0.30078125
v -0.01171875 -0.03515625 0.34765625
v -0.01171875 -0.02734375 0.34765625
v -0.01171875 -0.01953125 -0.00390625
v -0.01171875 -0.01171875 0.35546875
v -0.01171875 -0.00390625 0.01953125
v -0.01171875 0.00390625 0.35546875
v -0.01171875 0.01171875 0.35546875
v -0.01171875 0.01953125 0.01953125
v -0.01171875 0.01953125 0.35546875
v -0.01171875 0.05078125 0.29296875
v -0.01171875 0.05859375 0.27734375
v -0.01171875 0.06640625 -0.00390625
v -0.01171875 0.07421875 0.27734375
v -0.01171875 0.08203125 -0.07421875
v -0.01171875 0.08203125 -0.03515625
v -0.01171875 0.08203125 0.29296875
v -0.01171875 0.08984375 0.33984375
v -0.01171875 0.10546875 -0.12109375
v -0.01171875 0.10546875 0.33203125
v -0.01171875 0.11328125 -0.12890625
v -0.01171875 0.11328125 -0.08203125
v -0.01171875 0.11328125 0.32421875
v -0.01171875 0.12109375 -0.08984375
v -0.01171875 0.12109375 0.31640625
v -0.01171875 0.13671875 -0.05859375
v -0.01171875 0.14453125 -0.03515625
v -0.01171875 0.14453125 0.27734375
v -0.01171875 0.15234375 0.26953125
v -0.01171875 0.17578125 0.26953125
v -0.01171875 0.18359375 0.27734375
v -0.01171875 0.20703125 -0.04296875
v -0.01171875 0.20703125 0.26953125
v -0.01171875 0.21484375 -0.10546875
v -0.01171875 0.23046875 -0.16796875
v -0.01171875 0.23046875 -0.10546875
v -0.01171875 0.23828125 -0.16796875
v -0.01171875 0.23828125 -0.10546875
v -0.01171875 0.24609375 -0.09765625
v -0.01171875 0.24609375 -0.04296875
v -0.01171875 0.24609375 0.24609375
v -0.01171875 0.26171875 -0.04296875
v -0.01171875 0.26171875 0.02734375
v -0.01171875 0.29296875 0.20703125
v -0.01171875 0.31640625 0.16796875
v -0.00390625 -0.39453125 -0.19921875
v -0.00390625 -0.37890625 -0.23046875
v -0.00390625 -0.34765625 -0.25390625
v -0.00390625 -0.30859375 -0.25390625
v -0.00390625 -0.26953125 -0.23046875
v -0.00390625 -0.21484375 0.25390625
v -0.00390625 -0.20703125 -0.19140625
v -0.00390625 -0.20703125 -0.16015625
v -0.00390625 -0.18359375 0.24609375
v -0.00390625 -0.16015625 -0.11328125
v -0.00390625 -0.15234375 -0.11328125
v -0.00390625 -0.15234375 -0.02734375
v -0.00390625 -0.14453125 -0.06640625
v -0.00390625 -0.14453125 -0.01171875
v -0.00390625 -0.13671875 -0.11328125
v -0.00390625 -0.13671875 -0.07421875
v -0.00390625 -0.12890625 -0.10546875
v -0.00390625 -0.12109375 -0.09765625
v -0.00390625 -0.02734375 -0.01953125
v -0.00390625 -0.01171875 0.35546875
v -0.00390625 -0.00390625 -0.01171875
v -0.00390625 -0.00390625 0.35546875
v -0.00390625 0.00390625 0.35546875
v -0.00390625 0.01171875 0.35546875
v -0.00390625 0.02734375 0.01171875
v -0.00390625 0.06640625 -0.02734375
v -0.00390625 0.07421875 -0.07421875
v -0.00390625 0.08984375 -0.11328125
v -0.00390625 0.09765625 -0.12109375
v -0.00390625 0.10546875 -0.16015625
v -0.00390625 0.10546875 -0.15234375
v -0.00390625 0.11328125 -0.17578125
v -0.00390625 0.11328125 -0.16015625
v -0.00390625 0.12109375 -0.18359375
v -0.00390625 0.12109375 -0.16796875
v -0.00390625 0.12109375 -0.12890625
v -0.00390625 0.12890625 -0.18359375
v -0.00390625 0.12890625 -0.16796875
v -0.00390625 0.12890625 -0.12890625
v -0.00390625 0.12890625 -0.08984375
v -0.00390625 0.14453125 -0.05859375
v -0.00390625 0.15234375 0.26953125
v -0.00390625 0.15234375 0.27734375
v -0.00390625 0.16015625 0.27734375
v -0.00390625 0.17578125 -0.02734375
v -0.00390625 0.17578125 -0.01953125
v -0.00390625 0.18359375 0.29296875
v -0.00390625 0.21484375 0.28515625
v -0.00390625 0.23046875 -0.19140625
v -0.00390625 0.23828125 -0.19921875
v -0.00390625 0.23828125 -0.19140625
v -0.00390625 0.24609375 -0.19921875
v -0.00390625 0.24609375 -0.19140625
v -0.00390625 0.24609375 -0.16015625
v -0.00390625 0.24609375 0.26171875
v -0.00390625 0.25390625 -0.09765625
v -0.00390625 0.26953125 0.03515625
v -0.00390625 0.26953125 0.06640625
v -0.00390625 0.26953125 0.08203125
v -0.00390625 0.27734375 0.23828125
v -0.00390625 0.29296875 0.09765625
v -0.00390625 0.31640625 0.12890625
v 0.00390625 -0.40234375 -0.12109375
v 0.00390625 -0.39453125 -0.02734375
v 0.00390625 -0.19921875 -0.19140625
v 0.00390625 -0.19921875 -0.16796875
v 0.00390625 -0.18359375 -0.19921875
v 0.00390625 -0.16796875 -0.17578125
v 0.00390625 -0.15234375 -0.12109375
v 0.00390625 -0.15234375 0.23046875
v 0.00390625 -0.12890625 -0.10546875
v 0.00390625 -0.12890625 -0.08203125
v 0.00390625 -0.12890625 0.01171875
v 0.00390625 -0.12109375 -0.08984375
v 0.00390625 -0.11328125 0.03515625
v 0.00390625 -0.11328125 0.19921875
v 0.00390625 -0.10546875 0.04296875
v 0.00390625 -0.07421875 0.05078125
v 0.00390625 -0.07421875 0.17578125
v 0.00390625 -0.05859375 0.04296875
v 0.00390625 -0.05859375 0.26171875
v 0.00390625 -0.05859375 0.28515625
v 0.00390625 -0.05859375 0.29296875
v 0.00390625 -0.05078125 0.16796875
v 0.00390625 -0.05078125 0.18359375
v 0.00390625 -0.05078125 0.23828125
v 0.00390625 -0.05078125 0.30078125
v 0.00390625 -0.05078125 0.31640625
v 0.00390625 -0.05078125 0.32421875
v 0.00390625 -0.05078125 0.33203125
v 0.00390625 -0.04296875 0.19140625
v 0.00390625 -0.04296875 0.20703125
v 0.00390625 -0.04296875 0.30078125
v 0.00390625 -0.04296875 0.33984375
v 0.00390625 -0.04296875 0.34765625
v 0.00390625 -0.03515625 -0.01953125
v 0.00390625 -0.03515625 0.00390625
v 0.00390625 -0.03515625 0.34765625
v 0.00390625 -0.02734375 -0.03515625
v 0.00390625 -0.02734375 0.02734375
v 0.00390625 -0.02734375 0.35546875
v 0.00390625 -0.01953125 -0.02734375
v 0.00390625 -0.01171875 -0.02734375
v 0.00390625 -0.01171875 0.35546875
v 0.00390625 -0.00390625 0.35546875
v 0.00390625 0.00390625 -0.01171875
v 0.00390625 0.00390625 0.35546875
v 0.00390625 0.01171875 0.36328125
v 0.00390625 0.02734375 0.36328125
v 0.00390625 0.03515625 0.35546875
v 0.00390625 0.04296875 0.02734375
v 0.00390625 0.04296875 0.33984375
v 0.00390625 0.04296875 0.34765625
v 0.00390625 0.05078125 0.01953125
v 0.00390625 0.05078125 0.31640625
v 0.00390625 0.05078125 0.32421875
v 0.00390625 0.05078125 0.33203125
v 0.00390625 0.05859375 0.00390625
v 0.00390625 0.05859375 0.29296875
v 0.00390625 0.06640625 -0.02734375
v 0.00390625 0.06640625 0.27734375
v 0.00390625 0.07421875 -0.06640625
v 0.00390625 0.07421875 0.28515625
v 0.00390625 0.07421875 0.30078125
v 0.00390625 0.07421875 0.31640625
v 0.00390625 0.07421875 0.33203125
v 0.00390625 0.08203125 0.29296875
v 0.00390625 0.08984375 -0.11328125
v 0.00390625 0.08984375 0.33984375
v 0.00390625 0.09765625 0.33203125
v 0.00390625 0.10546875 -0.16015625
v 0.00390625 0.10546875 -0.15234375
v 0.00390625 0.11328125 -0.17578125
v 0.00390625 0.11328125 0.32421875
v 0.00390625 0.12109375 -0.18359375
v 0.00390625 0.12109375 -0.16796875
v 0.00390625 0.12109375 0.31640625
v 0.00390625 0.12890625 -0.12890625
v 0.00390625 0.12890625 -0.12109375
v 0.00390625 0.12890625 -0.08203125
v 0.00390625 0.12890625 0.30859375
v 0.00390625 0.13671875 0.27734375
v 0.00390625 0.13671875 0.29296875
v 0.00390625 0.14453125 -0.05078125
v 0.00390625 0.14453125 0.26953125
v 0.00390625 0.14453125 0.27734375
v 0.00390625 0.15234375 -0.03515625
v 0.00390625 0.16015625 0.28515625
v 0.00390625 0.16796875 -0.02734375
v 0.00390625 0.18359375 0.29296875
v 0.00390625 0.19140625 -0.05078125
v 0.00390625 0.20703125 -0.10546875
v 0.00390625 0.21484375 0.28515625
v 0.00390625 0.22265625 -0.16796875
v 0.00390625 0.23046875 -0.19140625
v 0.00390625 0.23828125 -0.19921875
v 0.00390625 0.24609375 -0.19921875
v 0.00390625 0.24609375 -0.19140625
v 0.00390625 0.24609375 -0.16015625
v 0.00390625 0.24609375 0.26171875
v 0.00390625 0.25390625 -0.16015625
v 0.00390625 0.25390625 -0.09765625
v 0.00390625 0.25390625 0.26953125
v 0.00390625 0.26171875 -0.03515625
v 0.00390625 0.26953125 0.03515625
v 0.00390625 0.27734375 0.05078125
v 0.00390625 0.27734375 0.07421875
v 0.00390625 0.27734375 0.23828125
v 0.00390625 0.29296875 0.08984375
v 0.00390625 0.30078125 0.20703125
v 0.00390625 0.31640625 0.16796875
v 0.00390625 0.32421875 0.12890625
v 0.01171875 -0.37890625 0.05078125
v 0.01171875 -0.25390625 -0.23046875
v 0.01171875 -0.23828125 -0.22265625
v 0.01171875 -0.22265625 -0.22265625
v 0.01171875 -0.19140625 -0.12890625
v 0.01171875 -0.18359375 -0.17578125
v 0.01171875 -0.18359375 -0.16015625
v 0.01171875 -0.18359375 -0.15234375
v 0.01171875 -0.18359375 -0.12109375
v 0.01171875 -0.17578125 -0.19921875
v 0.01171875 -0.17578125 -0.18359375
v 0.01171875 -0.17578125 -0.16796875
v 0.01171875 -0.17578125 -0.12109375
v 0.01171875 -0.16796875 -0.18359375
v 0.01171875 -0.16796875 -0.16015625
v 0.01171875 -0.16796875 -0.12109375
v 0.01171875 -0.16796875 -0.04296875
v 0.01171875 -0.16796875 -0.03515625
v 0.01171875 -0.16015625 -0.16796875
v 0.01171875 -0.16015625 -0.05078125
v 0.01171875 -0.16015625 -0.02734375
v 0.01171875 -0.15234375 -0.05859375
v 0.01171875 -0.14453125 -0.06640625
v 0.01171875 -0.14453125 -0.01953125
v 0.01171875 -0.13671875 -0.11328125
v 0.01171875 -0.13671875 -0.08203125
v 0.01171875 -0.13671875 0.00390625
v 0.01171875 -0.12890625 -0.10546875
v 0.01171875 -0.12890625 0.01953125
v 0.01171875 -0.12109375 -0.08984375
v 0.01171875 -0.11328125 -0.11328125
v 0.01171875 -0.02734375 -0.01953125
v 0.01171875 -0.01953125 -0.02734375
v 0.01171875 -0.01953125 0.00390625
v 0.01171875 -0.01171875 0.35546875
v 0.01171875 -0.00390625 0.02734375
v 0.01171875 -0.00390625 0.35546875
v 0.01171875 0.00390625 0.35546875
v 0.01171875 0.01171875 0.35546875
v 0.01171875 0.01953125 0.01953125
v 0.01171875 0.06640625 -0.02734375
v 0.01171875 0.07421875 -0.06640625
v 0.01171875 0.09765625 -0.11328125
v 0.01171875 0.10546875 0.33203125
v 0.01171875 0.11328125 -0.16015625
v 0.01171875 0.11328125 -0.12109375
v 0.01171875 0.11328125 0.32421875
v 0.01171875 0.12109375 -0.12109375
v 0.01171875 0.12109375 0.31640625
v 0.01171875 0.12890625 -0.08203125
v 0.01171875 0.15234375 -0.03515625
v 0.01171875 0.15234375 0.26953125
v 0.01171875 0.15234375 0.27734375
v 0.01171875 0.16015625 0.27734375
v 0.01171875 0.18359375 0.27734375
v 0.01171875 0.21484375 -0.10546875
v 0.01171875 0.23046875 -0.16796875
v 0.01171875 0.23828125 -0.19140625
v 0.01171875 0.23828125 -0.16796875
v 0.01171875 0.24609375 -0.09765625
v 0.01171875 0.25390625 -0.09765625
v 0.01171875 0.26171875 -0.04296875
v 0.01171875 0.26953125 0.06640625
v 0.01171875 0.26953125 0.08203125
v 0.01171875 0.27734375 0.23828125
v 0.01171875 0.29296875 0.09765625
v 0.01171875 0.29296875 0.20703125
v 0.01171875 0.31640625 0.12890625
v 0.01171875 0.31640625 0.16796875
v 0.01953125 -0.21484375 -0.14453125
v 0.01953125 -0.20703125 -0.21484375
v 0.01953125 -0.20703125 -0.16015625
v 0.01953125 -0.20703125 -0.15234375
v 0.01953125 -0.20703125 -0.13671875
v 0.01953125 -0.19140625 -0.21484375
v 0.01953125 -0.19140625 -0.16796875
v 0.01953125 -0.18359375 -0.16015625
v 0.01953125 -0.17578125 -0.04296875
v 0.01953125 -0.16796875 -0.20703125
v 0.01953125 -0.16796875 -0.18359375
v 0.01953125 -0.16796875 -0.16015625
v 0.01953125 -0.16796875 -0.05859375
v 0.01953125 -0.16796875 -0.02734375
v 0.01953125 -0.16015625 -0.16796875
v 0.01953125 -0.16015625 -0.10546875
v 0.01953125 -0.16015625 -0.06640625
v 0.01953125 -0.15234375 -0.10546875
v 0.01953125 -0.15234375 -0.08984375
v 0.01953125 -0.15234375 -0.01171875
v 0.01953125 -0.14453125 -0.07421875
v 0.01953125 -0.14453125 -0.00390625
v 0.01953125 -0.13671875 -0.10546875
v 0.01953125 -0.13671875 -0.09765625
v 0.01953125 -0.13671875 -0.08984375
v 0.01953125 -0.12890625 -0.09765625
v 0.01953125 -0.12109375 0.03515625
v 0.01953125 -0.11328125 0.05078125
v 0.01953125 -0.10546875 0.05078125
v 0.01953125 -0.07421875 0.16015625
v 0.01953125 -0.05078125 0.16015625
v 0.01953125 -0.05078125 0.16796875
v 0.01953125 -0.04296875 0.30078125
v 0.01953125 -0.03515625 0.34765625
v 0.01953125 -0.02734375 0.34765625
v 0.01953125 -0.01171875 0.35546875
v 0.01953125 -0.00390625 -0.00390625
v 0.01953125 0.00390625 0.35546875
v 0.01953125 0.01171875 0.35546875
v 0.01953125 0.01953125 0.35546875
v 0.01953125 0.03515625 0.02734375
v 0.01953125 0.05078125 0.29296875
v 0.01953125 0.05859375 0.27734375
v 0.01953125 0.06640625 0.00390625
v 0.01953125 0.07421875 0.27734375
v 0.01953125 0.08203125 -0.02734375
v 0.01953125 0.08203125 0.29296875
v 0.01953125 0.08203125 0.33203125
v 0.01953125 0.08984375 -0.06640625
v 0.01953125 0.08984375 0.33984375
v 0.01953125 0.10546875 -0.07421875
v 0.01953125 0.11328125 0.33203125
v 0.01953125 0.12109375 -0.07421875
v 0.01953125 0.12890625 -0.05078125
v 0.01953125 0.14453125 0.27734375
v 0.01953125 0.16015625 -0.02734375
v 0.01953125 0.16015625 0.01171875
v 0.01953125 0.16796875 0.26953125
v 0.01953125 0.17578125 -0.01171875
v 0.01953125 0.17578125 0.26953125
v 0.01953125 0.20703125 -0.04296875
v 0.01953125 0.20703125 0.26953125
v 0.01953125 0.23046875 -0.10546875
v 0.01953125 0.23828125 -0.10546875
v 0.01953125 0.23828125 -0.04296875
v 0.01953125 0.24609375 -0.04296875
v 0.01953125 0.24609375 0.24609375
v 0.01953125 0.25390625 0.01171875
v 0.01953125 0.26171875 0.02734375
v 0.01953125 0.26171875 0.23046875
v 0.01953125 0.27734375 0.20703125
v 0.01953125 0.29296875 0.14453125
v 0.01953125 0.29296875 0.16796875
v 0.02734375 -0.41015625 -0.18359375
v 0.02734375 -0.40234375 -0.11328125
v 0.02734375 -0.39453125 -0.01953125
v 0.02734375 -0.34765625 0.10546875
v 0.02734375 -0.31640625 0.16796875
v 0.02734375 -0.28515625 0.21484375
v 0.02734375 -0.18359375 -0.10546875
v 0.02734375 -0.18359375 -0.06640625
v 0.02734375 -0.17578125 -0.21484375
v 0.02734375 -0.17578125 -0.17578125
v 0.02734375 -0.16796875 -0.20703125
v 0.02734375 -0.16796875 -0.19140625
v 0.02734375 -0.16796875 -0.10546875
v 0.02734375 -0.16796875 -0.07421875
v 0.02734375 -0.16015625 -0.19921875
v 0.02734375 -0.16015625 -0.08203125
v 0.02734375 -0.16015625 0.01171875
v 0.02734375 -0.14453125 0.01171875
v 0.02734375 -0.13671875 0.03515625
v 0.02734375 -0.11328125 0.18359375
v 0.02734375 -0.07421875 0.05078125
v 0.02734375 -0.05859375 0.04296875
v 0.02734375 -0.05078125 0.28515625
v 0.02734375 -0.05078125 0.29296875
v 0.02734375 -0.05078125 0.30859375
v 0.02734375 -0.05078125 0.32421875
v 0.02734375 -0.04296875 0.18359375
v 0.02734375 -0.04296875 0.20703125
v 0.02734375 -0.04296875 0.33203125
v 0.02734375 -0.04296875 0.33984375
v 0.02734375 -0.03515625 0.34765625
v 0.02734375 -0.02734375 0.03515625
v 0.02734375 -0.00390625 0.35546875
v 0.02734375 0.00390625 0.35546875
v 0.02734375 0.01171875 0.35546875
v 0.02734375 0.02734375 0.35546875
v 0.02734375 0.03515625 0.34765625
v 0.02734375 0.04296875 0.30859375
v 0.02734375 0.04296875 0.32421875
v 0.02734375 0.04296875 0.33984375
v 0.02734375 0.05078125 0.31640625
v 0.02734375 0.05859375 0.26953125
v 0.02734375 0.07421875 0.26953125
v 0.02734375 0.07421875 0.30078125
v 0.02734375 0.07421875 0.31640625
v 0.02734375 0.08203125 0.00390625
v 0.02734375 0.08203125 0.28515625
v 0.02734375 0.10546875 -0.04296875
v 0.02734375 0.10546875 -0.01171875
v 0.02734375 0.10546875 0.33203125
v 0.02734375 0.12109375 -0.04296875
v 0.02734375 0.12109375 0.32421875
v 0.02734375 0.12890625 -0.02734375
v 0.02734375 0.14453125 0.29296875
v 0.02734375 0.16015625 0.26171875
v 0.02734375 0.16796875 -0.01953125
v 0.02734375 0.16796875 0.26171875
v 0.02734375 0.17578125 0.01953125
v 0.02734375 0.19140625 0.25390625
v 0.02734375 0.19921875 0.25390625
v 0.02734375 0.20703125 -0.00390625
v 0.02734375 0.22265625 -0.04296875
v 0.02734375 0.22265625 -0.00390625
v 0.02734375 0.22265625 0.23046875
v 0.02734375 0.23046875 0.20703125
v 0.02734375 0.23046875 0.23046875
v 0.02734375 0.23828125 0.00390625
v 0.02734375 0.23828125 0.20703125
v 0.02734375 0.24609375 0.18359375
v 0.02734375 0.25390625 0.06640625
v 0.02734375 0.25390625 0.19140625
v 0.02734375 0.26171875 0.09765625
v 0.02734375 0.26953125 0.16015625
v 0.02734375 0.26953125 0.17578125
v 0.02734375 0.28515625 0.12109375
v 0.03515625 -0.39453125 -0.23828125
v 0.03515625 -0.37890625 -0.26953125
v 0.03515625 -0.37890625 0.05078125
v 0.03515625 -0.35546875 -0.29296875
v 0.03515625 -0.22265625 -0.21484375
v 0.03515625 -0.20703125 -0.16796875
v 0.03515625 -0.19921875 -0.17578125
v 0.03515625 -0.17578125 -0.21484375
v 0.03515625 -0.17578125 -0.03515625
v 0.03515625 -0.17578125 0.00390625
v 0.03515625 -0.16796875 -0.20703125
v 0.03515625 -0.16796875 -0.19140625
v 0.03515625 -0.14453125 0.01171875
v 0.03515625 -0.12890625 0.03515625
v 0.03515625 -0.12109375 0.05078125
v 0.03515625 -0.12109375 0.06640625
v 0.03515625 -0.10546875 0.07421875
v 0.03515625 -0.07421875 0.07421875
v 0.03515625 -0.07421875 0.14453125
v 0.03515625 -0.05078125 0.14453125
v 0.03515625 -0.05078125 0.23046875
v 0.03515625 -0.05078125 0.24609375
v 0.03515625 -0.05078125 0.26953125
v 0.03515625 -0.02734375 0.34765625
v 0.03515625 0.00390625 0.03515625
v 0.03515625 0.00390625 0.35546875
v 0.03515625 0.01171875 0.35546875
v 0.03515625 0.01953125 0.34765625
v 0.03515625 0.05078125 0.26171875
v 0.03515625 0.05078125 0.26953125
v 0.03515625 0.05859375 0.01953125
v 0.03515625 0.06640625 0.26171875
v 0.03515625 0.07421875 0.26953125
v 0.03515625 0.08203125 0.27734375
v 0.03515625 0.08203125 0.31640625
v 0.03515625 0.10546875 0.00390625
v 0.03515625 0.12109375 -0.01953125
v 0.03515625 0.12109375 0.00390625
v 0.03515625 0.12890625 0.32421875
v 0.03515625 0.13671875 -0.00390625
v 0.03515625 0.13671875 0.30859375
v 0.03515625 0.15234375 0.01953125
v 0.03515625 0.16015625 0.27734375
v 0.03515625 0.18359375 0.24609375
v 0.03515625 0.19140625 0.24609375
v 0.03515625 0.20703125 0.02734375
v 0.03515625 0.22265625 0.02734375
v 0.03515625 0.22265625 0.20703125
v 0.03515625 0.22265625 0.23046875
v 0.03515625 0.23828125 0.05078125
v 0.03515625 0.23828125 0.17578125
v 0.03515625 0.25390625 0.13671875
v 0.03515625 0.26171875 0.15234375
v 0.04296875 -0.39453125 0.08984375
v 0.04296875 -0.39453125 0.10546875
v 0.04296875 -0.39453125 0.12890625
v 0.04296875 -0.39453125 0.15234375
v 0.04296875 -0.39453125 0.16796875
v 0.04296875 -0.37109375 0.12890625
v 0.04296875 -0.31640625 -0.29296875
v 0.04296875 -0.25390625 0.22265625
v 0.04296875 -0.23828125 -0.21484375
v 0.04296875 -0.21484375 -0.19140625
v 0.04296875 -0.21484375 -0.16015625
v 0.04296875 -0.20703125 -0.21484375
v 0.04296875 -0.20703125 -0.19140625
v 0.04296875 -0.20703125 -0.10546875
v 0.04296875 -0.19140625 -0.21484375
v 0.04296875 -0.19140625 -0.09765625
v 0.04296875 -0.18359375 -0.18359375
v 0.04296875 -0.17578125 -0.19921875
v 0.04296875 -0.15234375 0.00390625
v 0.04296875 -0.15234375 0.20703125
v 0.04296875 -0.12890625 0.08984375
v 0.04296875 -0.12890625 0.10546875
v 0.04296875 -0.11328125 0.08984375
v 0.04296875 -0.11328125 0.12890625
v 0.04296875 -0.11328125 0.16015625
v 0.04296875 -0.07421875 0.08984375
v 0.04296875 -0.07421875 0.12109375
v 0.04296875 -0.05859375 0.07421875
v 0.04296875 -0.04296875 0.16015625
v 0.04296875 -0.04296875 0.29296875
v 0.04296875 -0.04296875 0.30078125
v 0.04296875 -0.04296875 0.31640625
v 0.04296875 -0.03515625 0.32421875
v 0.04296875 -0.03515625 0.33203125
v 0.04296875 -0.02734375 0.33984375
v 0.04296875 -0.01171875 0.34765625
v 0.04296875 0.01171875 0.34765625
v 0.04296875 0.02734375 0.03515625
v 0.04296875 0.02734375 0.33984375
v 0.04296875 0.03515625 0.26171875
v 0.04296875 0.03515625 0.30078125
v 0.04296875 0.03515625 0.33203125
v 0.04296875 0.04296875 0.28515625
v 0.04296875 0.05859375 0.26171875
v 0.04296875 0.07421875 0.26953125
v 0.04296875 0.08203125 0.30078125
v 0.04296875 0.08984375 0.26953125
v 0.04296875 0.08984375 0.27734375
v 0.04296875 0.08984375 0.32421875
v 0.04296875 0.09765625 0.29296875
v 0.04296875 0.09765625 0.33203125
v 0.04296875 0.10546875 0.33203125
v 0.04296875 0.11328125 0.33203125
v 0.04296875 0.18359375 0.24609375
v 0.04296875 0.21484375 0.21484375
v 0.04296875 0.22265625 0.20703125
v 0.04296875 0.23828125 0.03515625
v 0.04296875 0.23828125 0.17578125
v 0.04296875 0.24609375 0.07421875
v 0.04296875 0.24609375 0.13671875
v 0.04296875 0.25390625 0.09765625
v 0.05078125 -0.41796875 0.12890625
v 0.05078125 -0.41796875 0.16015625
v 0.05078125 -0.41015625 0.08984375
v 0.05078125 -0.41015625 0.11328125
v 0.05078125 -0.41015625 0.14453125
v 0.05078125 -0.39453125 -0.01171875
v 0.05078125 -0.37109375 0.08984375
v 0.05078125 -0.34765625 0.12890625
v 0.05078125 -0.33984375 0.08984375
v 0.05078125 -0.30859375 0.15234375
v 0.05078125 -0.24609375 -0.21484375
v 0.05078125 -0.23046875 -0.18359375
v 0.05078125 -0.22265625 -0.13671875
v 0.05078125 -0.22265625 -0.10546875
v 0.05078125 -0.21484375 0.22265625
v 0.05078125 -0.19140625 -0.19921875
v 0.05078125 -0.19140625 -0.05859375
v 0.05078125 -0.19140625 -0.01171875
v 0.05078125 -0.18359375 0.00390625
v 0.05078125 -0.18359375 0.22265625
v 0.05078125 -0.16796875 -0.00390625
v 0.05078125 -0.13671875 0.01953125
v 0.05078125 -0.12890625 0.05078125
v 0.05078125 -0.12890625 0.07421875
v 0.05078125 -0.05078125 0.08984375
v 0.05078125 -0.05078125 0.12109375
v 0.05078125 -0.04296875 0.28515625
v 0.05078125 -0.03515625 0.13671875
v 0.05078125 -0.03515625 0.17578125
v 0.05078125 -0.03515625 0.30078125
v 0.05078125 -0.02734375 0.06640625
v 0.05078125 -0.02734375 0.29296875
v 0.05078125 -0.02734375 0.30859375
v 0.05078125 -0.02734375 0.31640625
v 0.05078125 -0.01953125 0.32421875
v 0.05078125 -0.01953125 0.33984375
v 0.05078125 -0.01171875 0.29296875
v 0.05078125 -0.01171875 0.33203125
v 0.05078125 -0.00390625 0.29296875
v 0.05078125 0.00390625 0.33984375
v 0.05078125 0.01171875 0.29296875
v 0.05078125 0.01171875 0.33203125
v 0.05078125 0.01171875 0.33984375
v 0.05078125 0.02734375 0.27734375
v 0.05078125 0.03515625 0.30859375
v 0.05078125 0.03515625 0.31640625
v 0.05078125 0.04296875 0.25390625
v 0.05078125 0.08203125 0.01953125
v 0.05078125 0.08984375 0.31640625
v 0.05078125 0.10546875 0.01953125
v 0.05078125 0.12890625 0.01953125
v 0.05078125 0.12890625 0.31640625
v 0.05078125 0.13671875 0.31640625
v 0.05078125 0.17578125 0.26953125
v 0.05078125 0.20703125 0.21484375
v 0.05078125 0.22265625 0.20703125
v 0.05078125 0.23828125 0.05078125
v 0.05859375 -0.41796875 -0.17578125
v 0.05859375 -0.41015625 0.24609375
v 0.05859375 -0.40234375 -0.10546875
v 0.05859375 -0.39453125 0.19921875
v 0.05859375 -0.37109375 0.16796875
v 0.05859375 -0.34765625 0.09765625
v 0.05859375 -0.34765625 0.16015625
v 0.05859375 -0.32421875 0.11328125
v 0.05859375 -0.31640625 0.13671875
v 0.05859375 -0.28515625 -0.28515625
v 0.05859375 -0.20703125 -0.05859375
v 0.05859375 -0.19921875 -0.01171875
v 0.05859375 -0.19140625 0.02734375
v 0.05859375 -0.18359375 0.01953125
v 0.05859375 -0.17578125 -0.00390625
v 0.05859375 -0.12890625 0.02734375
v 0.05859375 -0.03515625 0.19921875
v 0.05859375 -0.03515625 0.25390625
v 0.05859375 -0.03515625 0.26953125
v 0.05859375 -0.02734375 0.08984375
v 0.05859375 -0.02734375 0.11328125
v 0.05859375 -0.02734375 0.13671875
v 0.05859375 -0.02734375 0.28515625
v 0.05859375 -0.01953125 0.29296875
v 0.05859375 -0.01953125 0.30859375
v 0.05859375 -0.00390625 0.29296875
v 0.05859375 -0.00390625 0.30859375
v 0.05859375 -0.00390625 0.31640625
v 0.05859375 0.00390625 0.06640625
v 0.05859375 0.00390625 0.32421875
v 0.05859375 0.01171875 0.29296875
v 0.05859375 0.01171875 0.30859375
v 0.05859375 0.01171875 0.31640625
v 0.05859375 0.02734375 0.26171875
v 0.05859375 0.03515625 0.24609375
v 0.05859375 0.04296875 0.24609375
v 0.05859375 0.05078125 0.25390625
v 0.05859375 0.10546875 0.32421875
v 0.05859375 0.11328125 0.32421875
v 0.05859375 0.16015625 0.29296875
v 0.05859375 0.17578125 0.01953125
v 0.05859375 0.20703125 0.01171875
v 0.05859375 0.22265625 0.01953125
v 0.05859375 0.23046875 0.17578125
v 0.05859375 0.23828125 0.03515625
v 0.05859375 0.24609375 0.13671875
v 0.05859375 0.26171875 0.05078125
v 0.05859375 0.26171875 0.07421875
v 0.05859375 0.26171875 0.09765625
v 0.06640625 -0.41796875 0.19921875
v 0.06640625 -0.41796875 0.20703125
v 0.06640625 -0.41796875 0.24609375
v 0.06640625 -0.41796875 0.25390625
v 0.06640625 -0.41015625 -0.23828125
v 0.06640625 -0.41015625 0.06640625
v 0.06640625 -0.41015625 0.22265625
v 0.06640625 -0.40234375 0.22265625
v 0.06640625 -0.40234375 0.24609375
v 0.06640625 -0.39453125 0.06640625
v 0.06640625 -0.39453125 0.20703125
v 0.06640625 -0.37109375 0.02734375
v 0.06640625 -0.37109375 0.08203125
v 0.06640625 -0.33984375 0.17578125
v 0.06640625 -0.31640625 0.16015625
v 0.06640625 -0.28515625 0.17578125
v 0.06640625 -0.25390625 -0.22265625
v 0.06640625 -0.23828125 -0.18359375
v 0.06640625 -0.21484375 -0.05859375
v 0.06640625 -0.19921875 0.02734375
v 0.06640625 -0.16015625 -0.01953125
v 0.06640625 -0.15234375 0.07421875
v 0.06640625 -0.15234375 0.09765625
v 0.06640625 -0.15234375 0.12890625
v 0.06640625 -0.15234375 0.16796875
v 0.06640625 -0.14453125 -0.01171875
v 0.06640625 -0.14453125 0.05859375
v 0.06640625 -0.04296875 0.22265625
v 0.06640625 -0.04296875 0.23046875
v 0.06640625 -0.01953125 0.26953125
v 0.06640625 0.00390625 0.26953125
v 0.06640625 0.09765625 0.24609375
v 0.06640625 0.11328125 0.25390625
v 0.06640625 0.12890625 0.31640625
v 0.06640625 0.13671875 0.31640625
v 0.06640625 0.14453125 0.30859375
v 0.06640625 0.15234375 0.30078125
v 0.06640625 0.18359375 0.24609375
v 0.06640625 0.19921875 0.19921875
v 0.06640625 0.21484375 0.19140625
v 0.06640625 0.22265625 -0.00390625
v 0.06640625 0.22265625 0.18359375
v 0.06640625 0.24609375 0.01171875
v 0.06640625 0.26171875 0.03515625
v 0.06640625 0.27734375 0.05859375
v 0.06640625 0.27734375 0.08203125
v 0.07421875 -0.41796875 0.09765625
v 0.07421875 -0.41796875 0.24609375
v 0.07421875 -0.39453125 -0.04296875
v 0.07421875 -0.38671875 0.22265625
v 0.07421875 -0.37890625 -0.01171875
v 0.07421875 -0.37890625 0.20703125
v 0.07421875 -0.37109375 0.19921875
v 0.07421875 -0.34765625 0.08203125
v 0.07421875 -0.33203125 0.08203125
v 0.07421875 -0.31640625 0.08984375
v 0.07421875 -0.26953125 -0.26953125
v 0.07421875 -0.21484375 -0.01171875
v 0.07421875 -0.18359375 0.01171875
v 0.07421875 -0.18359375 0.06640625
v 0.07421875 -0.17578125 0.04296875
v 0.07421875 -0.12890625 0.00390625
v 0.07421875 -0.12890625 0.04296875
v 0.07421875 -0.03515625 0.20703125
v 0.07421875 -0.01953125 0.24609375
v 0.07421875 -0.01171875 0.14453125
v 0.07421875 0.00390625 0.08984375
v 0.07421875 0.02734375 0.05859375
v 0.07421875 0.05859375 0.24609375
v 0.07421875 0.11328125 0.26171875
v 0.07421875 0.11328125 0.27734375
v 0.07421875 0.11328125 0.30078125
v 0.07421875 0.12109375 0.31640625
v 0.07421875 0.13671875 0.30859375
v 0.07421875 0.14453125 0.30859375
v 0.07421875 0.16796875 0.27734375
v 0.07421875 0.19921875 0.19921875
v 0.07421875 0.19921875 0.21484375
v 0.07421875 0.22265625 0.17578125
v 0.07421875 0.24609375 0.15234375
v 0.07421875 0.26953125 -0.00390625
v 0.07421875 0.26953125 0.04296875
v 0.07421875 0.27734375 0.04296875
v 0.07421875 0.27734375 0.05859375
v 0.07421875 0.27734375 0.06640625
v 0.07421875 0.27734375 0.08203125
v 0.07421875 0.27734375 0.09765625
v 0.07421875 0.28515625 0.01953125
v 0.07421875 0.28515625 0.03515625
v 0.08203125 -0.41796875 0.25390625
v 0.08203125 -0.41015625 0.00390625
v 0.08203125 -0.40234375 0.24609375
v 0.08203125 -0.39453125 -0.09765625
v 0.08203125 -0.39453125 0.01171875
v 0.08203125 -0.38671875 0.23046875
v 0.08203125 -0.37890625 -0.03515625
v 0.08203125 -0.35546875 0.01953125
v 0.08203125 -0.25390625 -0.12890625
v 0.08203125 -0.25390625 0.18359375
v 0.08203125 -0.24609375 -0.19921875
v 0.08203125 -0.24609375 -0.06640625
v 0.08203125 -0.21484375 0.03515625
v 0.08203125 -0.19140625 0.06640625
v 0.08203125 -0.19140625 0.09765625
v 0.08203125 -0.18359375 0.17578125
v 0.08203125 -0.17578125 -0.01953125
v 0.08203125 -0.16015625 0.05078125
v 0.08203125 -0.13671875 0.05078125
v 0.08203125 -0.12109375 0.01953125
v 0.08203125 -0.03515625 0.22265625
v 0.08203125 -0.03515625 0.23828125
v 0.08203125 -0.02734375 0.19921875
v 0.08203125 -0.00390625 0.11328125
v 0.08203125 0.02734375 0.24609375
v 0.08203125 0.03515625 0.23828125
v 0.08203125 0.05078125 0.23828125
v 0.08203125 0.05859375 0.05078125
v 0.08203125 0.12109375 0.23046875
v 0.08203125 0.12890625 0.30859375
v 0.08203125 0.15234375 0.04296875
v 0.08203125 0.16015625 0.03515625
v 0.08203125 0.16015625 0.29296875
v 0.08203125 0.19140625 -0.00390625
v 0.08203125 0.20703125 0.17578125
v 0.08203125 0.21484375 0.17578125
v 0.08203125 0.24609375 -0.01953125
v 0.08203125 0.28515625 -0.00390625
v 0.08203125 0.30859375 0.00390625
v 0.08203125 0.30859375 0.05078125
v 0.08984375 -0.41796875 0.12890625
v 0.08984375 -0.41796875 0.21484375
v 0.08984375 -0.41796875 0.23046875
v 0.08984375 -0.41015625 -0.18359375
v 0.08984375 -0.41015625 -0.05078125
v 0.08984375 -0.41015625 0.06640625
v 0.08984375 -0.41015625 0.23828125
v 0.08984375 -0.39453125 -0.08984375
v 0.08984375 -0.39453125 0.02734375
v 0.08984375 -0.39453125 0.06640625
v 0.08984375 -0.38671875 -0.28515625
v 0.08984375 -0.37109375 -0.01953125
v 0.08984375 -0.37109375 0.07421875
v 0.08984375 -0.37109375 0.22265625
v 0.08984375 -0.36328125 0.01953125
v 0.08984375 -0.33984375 0.01953125
v 0.08984375 -0.33984375 0.08203125
v 0.08984375 -0.31640625 0.19140625
v 0.08984375 -0.30859375 0.08203125
v 0.08984375 -0.26171875 -0.16015625
v 0.08984375 -0.25390625 -0.08984375
v 0.08984375 -0.18359375 0.12890625
v 0.08984375 -0.17578125 0.02734375
v 0.08984375 -0.02734375 0.22265625
v 0.08984375 -0.02734375 0.23046875
v 0.08984375 -0.01171875 0.16796875
v 0.08984375 0.00390625 0.26171875
v 0.08984375 0.08203125 0.04296875
v 0.08984375 0.09765625 0.23046875
v 0.08984375 0.10546875 0.03515625
v 0.08984375 0.12109375 0.23828125
v 0.08984375 0.12109375 0.28515625
v 0.08984375 0.12890625 0.03515625
v 0.08984375 0.14453125 0.30078125
v 0.08984375 0.16796875 0.26953125
v 0.08984375 0.17578125 0.24609375
v 0.08984375 0.18359375 0.22265625
v 0.08984375 0.19921875 0.18359375
v 0.08984375 0.22265625 0.17578125
v 0.08984375 0.25390625 0.15234375
v 0.08984375 0.28515625 0.11328125
v 0.08984375 0.33203125 -0.02734375
v 0.08984375 0.33203125 0.02734375
v 0.09765625 -0.41796875 -0.04296875
v 0.09765625 -0.41796875 -0.00390625
v 0.09765625 -0.41796875 0.15234375
v 0.09765625 -0.41015625 -0.24609375
v 0.09765625 -0.41015625 0.01953125
v 0.09765625 -0.41015625 0.20703125
v 0.09765625 -0.40234375 0.22265625
v 0.09765625 -0.39453125 0.23046875
v 0.09765625 -0.37890625 -0.09765625
v 0.09765625 -0.37890625 -0.08984375
v 0.09765625 -0.37890625 0.22265625
v 0.09765625 -0.36328125 -0.31640625
v 0.09765625 -0.36328125 0.02734375
v 0.09765625 -0.36328125 0.21484375
v 0.09765625 -0.33984375 0.02734375
v 0.09765625 -0.33984375 0.20703125
v 0.09765625 -0.32421875 0.01953125
v 0.09765625 -0.30859375 0.04296875
v 0.09765625 -0.23046875 -0.02734375
v 0.09765625 -0.21484375 0.09765625
v 0.09765625 -0.21484375 0.16796875
v 0.09765625 -0.20703125 0.12109375
v 0.09765625 -0.17578125 -0.00390625
v 0.09765625 -0.16015625 0.04296875
v 0.09765625 -0.15234375 -0.03515625
v 0.09765625 -0.12890625 -0.02734375
v 0.09765625 -0.12109375 -0.01171875
v 0.09765625 -0.12109375 0.03515625
v 0.09765625 -0.02734375 0.20703125
v 0.09765625 -0.01953125 0.23828125
v 0.09765625 -0.00390625 0.15234375
v 0.09765625 0.01953125 0.08984375
v 0.09765625 0.04296875 0.22265625
v 0.09765625 0.07421875 0.23046875
v 0.09765625 0.12109375 0.24609375
v 0.09765625 0.12109375 0.26171875
v 0.09765625 0.13671875 0.29296875
v 0.09765625 0.16015625 0.27734375
v 0.09765625 0.19140625 0.17578125
v 0.09765625 0.21484375 -0.01953125
v 0.09765625 0.26171875 -0.02734375
v 0.09765625 0.30078125 -0.02734375
v 0.09765625 0.31640625 0.08203125
v 0.09765625 0.34765625 -0.00390625
v 0.10546875 -0.41015625 -0.08984375
v 0.10546875 -0.41015625 0.06640625
v 0.10546875 -0.37109375 -0.08203125
v 0.10546875 -0.37109375 0.21484375
v 0.10546875 -0.33984375 0.03515625
v 0.10546875 -0.33203125 0.08203125
v 0.10546875 -0.32421875 -0.32421875
v 0.10546875 -0.30078125 0.03515625
v 0.10546875 -0.30078125 0.05078125
v 0.10546875 -0.29296875 -0.11328125
v 0.10546875 -0.28515625 0.03515625
v 0.10546875 -0.28515625 0.08203125
v 0.10546875 -0.26953125 -0.05078125
v 0.10546875 -0.26953125 0.05078125
v 0.10546875 -0.26171875 0.03515625
v 0.10546875 -0.25390625 -0.26171875
v 0.10546875 -0.24609375 0.05859375
v 0.10546875 -0.23828125 0.07421875
v 0.10546875 -0.23046875 0.00390625
v 0.10546875 -0.23046875 0.05078125
v 0.10546875 -0.16015625 -0.03515625
v 0.10546875 -0.12890625 0.03515625
v 0.10546875 -0.10546875 0.00390625
v 0.10546875 -0.01953125 0.19921875
v 0.10546875 -0.01953125 0.21484375
v 0.10546875 -0.00390625 0.17578125
v 0.10546875 -0.00390625 0.24609375
v 0.10546875 0.01953125 0.11328125
v 0.10546875 0.01953125 0.23046875
v 0.10546875 0.05078125 0.07421875
v 0.10546875 0.12109375 0.21484375
v 0.10546875 0.12890625 0.27734375
v 0.10546875 0.15234375 0.27734375
v 0.10546875 0.16796875 0.25390625
v 0.10546875 0.19140625 0.20703125
v 0.10546875 0.19921875 0.16796875
v 0.10546875 0.26953125 0.15234375
v 0.10546875 0.28515625 -0.01953125
v 0.10546875 0.29296875 0.12109375
v 0.10546875 0.32421875 -0.05078125
v 0.10546875 0.33984375 0.04296875
v 0.10546875 0.35546875 -0.06640625
v 0.10546875 0.37109375 -0.05078125
v 0.11328125 -0.41796875 -0.08203125
v 0.11328125 -0.41796875 0.01953125
v 0.11328125 -0.41796875 0.03515625
v 0.11328125 -0.41796875 0.22265625
v 0.11328125 -0.41015625 0.09765625
v 0.11328125 -0.40234375 0.23046875
v 0.11328125 -0.39453125 -0.16796875
v 0.11328125 -0.39453125 0.04296875
v 0.11328125 -0.39453125 0.06640625
v 0.11328125 -0.37890625 0.22265625
v 0.11328125 -0.37109375 0.03515625
v 0.11328125 -0.36328125 0.07421875
v 0.11328125 -0.31640625 -0.10546875
v 0.11328125 -0.31640625 0.02734375
v 0.11328125 -0.29296875 -0.32421875
v 0.11328125 -0.28515625 -0.08203125
v 0.11328125 -0.28515625 0.02734375
v 0.11328125 -0.27734375 0.06640625
v 0.11328125 -0.26171875 0.03515625
v 0.11328125 -0.25390625 0.08984375
v 0.11328125 -0.25390625 0.11328125
v 0.11328125 -0.24609375 -0.00390625
v 0.11328125 -0.16796875 0.01171875
v 0.11328125 -0.15234375 0.02734375
v 0.11328125 -0.00390625 0.14453125
v 0.11328125 -0.00390625 0.20703125
v 0.11328125 -0.00390625 0.22265625
v 0.11328125 0.01953125 0.22265625
v 0.11328125 0.03515625 0.21484375
v 0.11328125 0.05078125 0.20703125
v 0.11328125 0.05859375 0.20703125
v 0.11328125 0.08203125 0.20703125
v 0.11328125 0.09765625 0.21484375
v 0.11328125 0.12890625 0.21484375
v 0.11328125 0.12890625 0.24609375
v 0.11328125 0.13671875 0.26953125
v 0.11328125 0.15234375 0.06640625
v 0.11328125 0.16015625 0.25390625
v 0.11328125 0.16796875 0.01171875
v 0.11328125 0.16796875 0.23046875
v 0.11328125 0.17578125 0.21484375
v 0.11328125 0.18359375 0.19140625
v 0.11328125 0.19921875 0.16796875
v 0.11328125 0.21484375 0.16796875
v 0.11328125 0.23828125 -0.03515625
v 0.11328125 0.24609375 0.16015625
v 0.11328125 0.34765625 -0.08203125
v 0.11328125 0.35546875 0.01171875
v 0.12109375 -0.41796875 0.23046875
v 0.12109375 -0.41796875 0.24609375
v 0.12109375 -0.40234375 -0.23828125
v 0.12109375 -0.40234375 0.23828125
v 0.12109375 -0.38671875 -0.28515625
v 0.12109375 -0.38671875 0.23046875
v 0.12109375 -0.37890625 0.22265625
v 0.12109375 -0.37109375 0.21484375
v 0.12109375 -0.35546875 -0.10546875
v 0.12109375 -0.33203125 -0.12109375
v 0.12109375 -0.31640625 0.03515625
v 0.12109375 -0.30078125 0.04296875
v 0.12109375 -0.27734375 0.03515625
v 0.12109375 -0.26953125 -0.30859375
v 0.12109375 -0.26953125 0.02734375
v 0.12109375 -0.25390625 -0.23046875
v 0.12109375 -0.24609375 -0.01953125
v 0.12109375 -0.24609375 0.02734375
v 0.12109375 -0.24609375 0.04296875
v 0.12109375 -0.16015625 -0.02734375
v 0.12109375 -0.10546875 0.01953125
v 0.12109375 -0.09765625 -0.01953125
v 0.12109375 0.00390625 0.18359375
v 0.12109375 0.01171875 0.19921875
v 0.12109375 0.01171875 0.21484375
v 0.12109375 0.02734375 0.19921875
v 0.12109375 0.03515625 0.20703125
v 0.12109375 0.04296875 0.09765625
v 0.12109375 0.08203125 0.07421875
v 0.12109375 0.09765625 0.19140625
v 0.12109375 0.10546875 0.06640625
v 0.12109375 0.12109375 0.19140625
v 0.12109375 0.12890625 0.23046875
v 0.12109375 0.13671875 0.06640625
v 0.12109375 0.15234375 0.25390625
v 0.12109375 0.16015625 0.04296875
v 0.12109375 0.16796875 0.19140625
v 0.12109375 0.16796875 0.23046875
v 0.12109375 0.17578125 0.16015625
v 0.12109375 0.17578125 0.20703125
v 0.12109375 0.18359375 0.16015625
v 0.12109375 0.31640625 0.08984375
v 0.12109375 0.37890625 -0.10546875
v 0.12109375 0.37890625 -0.04296875
v 0.12109375 0.38671875 -0.08984375
v 0.12890625 -0.41796875 -0.02734375
v 0.12890625 -0.41796875 0.08203125
v 0.12890625 -0.41796875 0.24609375
v 0.12890625 -0.39453125 -0.11328125
v 0.12890625 -0.39453125 0.04296875
v 0.12890625 -0.36328125 -0.11328125
v 0.12890625 -0.33984375 0.03515625
v 0.12890625 -0.31640625 0.18359375
v 0.12890625 -0.28515625 0.09765625
v 0.12890625 -0.28515625 0.17578125
v 0.12890625 -0.26953125 -0.20703125
v 0.12890625 -0.26171875 -0.05078125
v 0.12890625 -0.25390625 0.01953125
v 0.12890625 -0.25390625 0.15234375
v 0.12890625 -0.12890625 -0.04296875
v 0.12890625 -0.11328125 -0.03515625
v 0.12890625 0.00390625 0.15234375
v 0.12890625 0.01171875 0.16796875
v 0.12890625 0.01953125 0.11328125
v 0.12890625 0.01953125 0.18359375
v 0.12890625 0.05078125 0.17578125
v 0.12890625 0.05078125 0.19921875
v 0.12890625 0.08203125 0.09765625
v 0.12890625 0.08203125 0.16796875
v 0.12890625 0.08203125 0.18359375
v 0.12890625 0.13671875 0.19140625
v 0.12890625 0.13671875 0.21484375
v 0.12890625 0.13671875 0.23828125
v 0.12890625 0.14453125 0.20703125
v 0.12890625 0.15234375 0.18359375
v 0.12890625 0.16015625 0.16796875
v 0.12890625 0.16015625 0.21484375
v 0.12890625 0.16015625 0.23046875
v 0.12890625 0.19140625 -0.01953125
v 0.12890625 0.19140625 0.16015625
v 0.12890625 0.26171875 -0.03515625
v 0.12890625 0.28515625 -0.03515625
v 0.12890625 0.30078125 -0.05078125
v 0.12890625 0.31640625 -0.06640625
v 0.12890625 0.33203125 -0.08984375
v 0.12890625 0.33984375 0.05859375
v 0.12890625 0.34765625 0.02734375
v 0.12890625 0.36328125 -0.11328125
v 0.12890625 0.39453125 -0.08203125
v 0.13671875 -0.41796875 0.09765625
v 0.13671875 -0.41796875 0.15234375
v 0.13671875 -0.41796875 0.21484375
v 0.13671875 -0.41796875 0.23828125
v 0.13671875 -0.41015625 -0.10546875
v 0.13671875 -0.41015625 0.03515625
v 0.13671875 -0.39453125 0.07421875
v 0.13671875 -0.39453125 0.22265625
v 0.13671875 -0.37890625 0.21484375
v 0.13671875 -0.35546875 -0.32421875
v 0.13671875 -0.35546875 -0.14453125
v 0.13671875 -0.33984375 0.19921875
v 0.13671875 -0.32421875 0.09765625
v 0.13671875 -0.31640625 0.04296875
v 0.13671875 -0.28515625 0.10546875
v 0.13671875 -0.26953125 -0.08203125
v 0.13671875 -0.25390625 -0.29296875
v 0.13671875 -0.15234375 -0.00390625
v 0.13671875 -0.14453125 0.01171875
v 0.13671875 -0.12109375 0.02734375
v 0.13671875 -0.08984375 -0.00390625
v 0.13671875 0.01953125 0.13671875
v 0.13671875 0.02734375 0.14453125
v 0.13671875 0.04296875 0.10546875
v 0.13671875 0.04296875 0.16015625
v 0.13671875 0.07421875 0.15234375
v 0.13671875 0.11328125 0.14453125
v 0.13671875 0.12109375 0.16015625
v 0.13671875 0.12890625 0.12109375
v 0.13671875 0.13671875 0.08203125
v 0.13671875 0.14453125 0.12109375
v 0.13671875 0.14453125 0.13671875
v 0.13671875 0.14453125 0.16015625
v 0.13671875 0.14453125 0.19921875
v 0.13671875 0.14453125 0.21484375
v 0.13671875 0.15234375 0.08203125
v 0.13671875 0.15234375 0.15234375
v 0.13671875 0.15234375 0.20703125
v 0.13671875 0.15234375 0.21484375
v 0.13671875 0.16015625 0.12109375
v 0.13671875 0.16015625 0.12890625
v 0.13671875 0.16015625 0.19921875
v 0.13671875 0.16796875 0.14453125
v 0.13671875 0.17578125 0.14453125
v 0.13671875 0.20703125 0.16015625
v 0.13671875 0.23828125 0.16015625
v 0.13671875 0.26953125 0.15234375
v 0.13671875 0.30078125 0.12890625
v 0.13671875 0.31640625 0.10546875
v 0.13671875 0.35546875 -0.12109375
v 0.13671875 0.36328125 0.00390625
v 0.13671875 0.39453125 -0.13671875
v 0.13671875 0.40234375 -0.12890625
v 0.14453125 -0.41796875 -0.08984375
v 0.14453125 -0.41796875 0.07421875
v 0.14453125 -0.41796875 0.12890625
v 0.14453125 -0.41796875 0.19140625
v 0.14453125 -0.41796875 0.20703125
v 0.14453125 -0.39453125 -0.23046875
v 0.14453125 -0.39453125 0.04296875
v 0.14453125 -0.39453125 0.07421875
v 0.14453125 -0.39453125 0.20703125
v 0.14453125 -0.39453125 0.22265625
v 0.14453125 -0.37890625 -0.28515625
v 0.14453125 -0.37109375 0.08203125
v 0.14453125 -0.37109375 0.20703125
v 0.14453125 -0.36328125 0.03515625
v 0.14453125 -0.35546875 0.08984375
v 0.14453125 -0.32421875 -0.33203125
v 0.14453125 -0.30078125 -0.15234375
v 0.14453125 -0.30078125 -0.09765625
v 0.14453125 -0.29296875 0.04296875
v 0.14453125 -0.28515625 0.14453125
v 0.14453125 -0.27734375 0.04296875
v 0.14453125 -0.26171875 0.03515625
v 0.14453125 -0.24609375 -0.01171875
v 0.14453125 -0.14453125 -0.04296875
v 0.14453125 -0.09765625 0.01171875
v 0.14453125 0.04296875 0.12109375
v 0.14453125 0.05078125 0.12890625
v 0.14453125 0.06640625 0.13671875
v 0.14453125 0.07421875 0.08984375
v 0.14453125 0.08984375 0.12109375
v 0.14453125 0.10546875 0.12890625
v 0.14453125 0.11328125 0.08203125
v 0.14453125 0.11328125 0.13671875
v 0.14453125 0.12890625 0.08984375
v 0.14453125 0.12890625 0.10546875
v 0.14453125 0.12890625 0.12109375
v 0.14453125 0.13671875 0.08984375
v 0.14453125 0.14453125 0.10546875
v 0.14453125 0.15234375 0.09765625
v 0.14453125 0.16015625 0.10546875
v 0.14453125 0.16796875 0.11328125
v 0.14453125 0.16796875 0.12890625
v 0.14453125 0.19140625 0.14453125
v 0.14453125 0.21484375 -0.03515625
v 0.14453125 0.33203125 0.03515625
v 0.14453125 0.37890625 -0.14453125
v 0.14453125 0.37890625 -0.03515625
v 0.14453125 0.38671875 -0.14453125
v 0.14453125 0.40234375 -0.16796875
v 0.14453125 0.40234375 -0.12109375
v 0.14453125 0.41015625 -0.16796875
v 0.15234375 -0.41796875 -0.10546875
v 0.15234375 -0.41796875 0.01171875
v 0.15234375 -0.41796875 0.09765625
v 0.15234375 -0.41796875 0.20703125
v 0.15234375 -0.41015625 0.03515625
v 0.15234375 -0.40234375 0.21484375
v 0.15234375 -0.38671875 0.21484375
v 0.15234375 -0.37890625 0.08203125
v 0.15234375 -0.37109375 0.03515625
v 0.15234375 -0.34765625 -0.10546875
v 0.15234375 -0.33984375 0.04296875
v 0.15234375 -0.32421875 0.10546875
v 0.15234375 -0.28515625 -0.33203125
v 0.15234375 -0.26953125 -0.06640625
v 0.15234375 -0.26171875 -0.32421875
v 0.15234375 -0.25390625 0.01953125
v 0.15234375 -0.24609375 -0.26953125
v 0.15234375 -0.24609375 -0.04296875
v 0.15234375 -0.14453125 -0.03515625
v 0.15234375 -0.08203125 -0.02734375
v 0.15234375 0.07421875 0.09765625
v 0.15234375 0.08203125 0.11328125
v 0.15234375 0.12890625 0.10546875
v 0.15234375 0.16015625 0.06640625
v 0.15234375 0.16015625 0.08984375
v 0.15234375 0.16015625 0.09765625
v 0.15234375 0.17578125 0.02734375
v 0.15234375 0.20703125 0.14453125
v 0.15234375 0.31640625 -0.05859375
v 0.15234375 0.33203125 -0.08203125
v 0.15234375 0.33203125 0.07421875
v 0.15234375 0.33984375 0.01953125
v 0.15234375 0.35546875 -0.11328125
v 0.15234375 0.37890625 -0.14453125
v 0.15234375 0.39453125 -0.16015625
v 0.15234375 0.39453125 -0.08203125
v 0.15234375 0.40234375 -0.12109375
v 0.15234375 0.41015625 -0.16796875
v 0.15234375 0.41796875 -0.16796875
v 0.15234375 0.41796875 -0.16015625
v 0.16015625 -0.41796875 -0.05859375
v 0.16015625 -0.41796875 0.22265625
v 0.16015625 -0.40234375 0.22265625
v 0.16015625 -0.39453125 -0.11328125
v 0.16015625 -0.39453125 0.04296875
v 0.16015625 -0.38671875 0.21484375
v 0.16015625 -0.37890625 -0.20703125
v 0.16015625 -0.37890625 -0.11328125
v 0.16015625 -0.34765625 0.11328125
v 0.16015625 -0.33984375 0.16015625
v 0.16015625 -0.31640625 0.15234375
v 0.16015625 -0.30859375 0.05078125
v 0.16015625 -0.25390625 -0.01953125
v 0.16015625 -0.25390625 -0.00390625
v 0.16015625 -0.24609375 -0.30859375
v 0.16015625 -0.12890625 -0.01953125
v 0.16015625 -0.10546875 0.01171875
v 0.16015625 -0.08984375 -0.04296875
v 0.16015625 -0.06640625 -0.01171875
v 0.16015625 0.10546875 0.06640625
v 0.16015625 0.10546875 0.08203125
v 0.16015625 0.11328125 0.09765625
v 0.16015625 0.12109375 0.10546875
v 0.16015625 0.16015625 0.04296875
v 0.16015625 0.18359375 0.12890625
v 0.16015625 0.19140625 -0.00390625
v 0.16015625 0.25390625 -0.03515625
v 0.16015625 0.35546875 -0.01171875
v 0.16015625 0.37109375 -0.05078125
v 0.16015625 0.39453125 -0.16015625
v 0.16015625 0.41015625 -0.16796875
v 0.16015625 0.41796875 -0.16796875
v 0.16015625 0.41796875 -0.16015625
v 0.16796875 -0.41796875 -0.02734375
v 0.16796875 -0.41796875 0.01953125
v 0.16796875 -0.41796875 0.08203125
v 0.16796875 -0.41796875 0.10546875
v 0.16796875 -0.41796875 0.11328125
v 0.16796875 -0.41796875 0.12890625
v 0.16796875 -0.41796875 0.15234375
v 0.16796875 -0.41796875 0.16796875
v 0.16796875 -0.41796875 0.18359375
v 0.16796875 -0.41796875 0.19140625
v 0.16796875 -0.41796875 0.22265625
v 0.16796875 -0.41015625 -0.08984375
v 0.16796875 -0.40234375 0.19140625
v 0.16796875 -0.40234375 0.21484375
v 0.16796875 -0.39453125 0.07421875
v 0.16796875 -0.39453125 0.12109375
v 0.16796875 -0.39453125 0.15234375
v 0.16796875 -0.39453125 0.17578125
v 0.16796875 -0.39453125 0.19921875
v 0.16796875 -0.38671875 0.08203125
v 0.16796875 -0.38671875 0.12890625
v 0.16796875 -0.38671875 0.18359375
v 0.16796875 -0.38671875 0.20703125
v 0.16796875 -0.37890625 0.10546875
v 0.16796875 -0.37890625 0.17578125
v 0.16796875 -0.37890625 0.19921875
v 0.16796875 -0.37109375 -0.26953125
v 0.16796875 -0.37109375 0.04296875
v 0.16796875 -0.37109375 0.12109375
v 0.16796875 -0.37109375 0.16015625
v 0.16796875 -0.37109375 0.18359375
v 0.16796875 -0.35546875 0.01953125
v 0.16796875 -0.34765625 -0.31640625
v 0.16796875 -0.34765625 -0.19140625
v 0.16796875 -0.33203125 -0.08984375
v 0.16796875 -0.29296875 -0.08203125
v 0.16796875 -0.29296875 0.04296875
v 0.16796875 -0.27734375 0.03515625
v 0.16796875 -0.26953125 -0.04296875
v 0.16796875 -0.26171875 0.02734375
v 0.16796875 -0.24609375 -0.25390625
v 0.16796875 -0.23828125 -0.29296875
v 0.16796875 -0.23828125 -0.26953125
v 0.16796875 -0.22265625 -0.28515625
v 0.16796875 -0.22265625 -0.26171875
v 0.16796875 -0.22265625 -0.25390625
v 0.16796875 -0.21484375 -0.26171875
v 0.16796875 -0.20703125 -0.25390625
v 0.16796875 -0.12890625 -0.00390625
v 0.16796875 -0.10546875 -0.04296875
v 0.16796875 -0.06640625 0.00390625
v 0.16796875 0.08984375 0.07421875
v 0.16796875 0.09765625 0.08203125
v 0.16796875 0.11328125 0.05078125
v 0.16796875 0.12890625 0.04296875
v 0.16796875 0.13671875 0.05859375
v 0.16796875 0.16796875 0.05859375
v 0.16796875 0.17578125 0.02734375
v 0.16796875 0.18359375 0.11328125
v 0.16796875 0.23828125 0.14453125
v 0.16796875 0.26171875 0.13671875
v 0.16796875 0.27734375 -0.03515625
v 0.16796875 0.29296875 -0.04296875
v 0.16796875 0.32421875 -0.03515625
v 0.16796875 0.32421875 -0.01953125
v 0.16796875 0.32421875 0.00390625
v 0.16796875 0.32421875 0.02734375
v 0.16796875 0.32421875 0.09765625
v 0.16796875 0.34765625 -0.06640625
v 0.16796875 0.36328125 -0.09765625
v 0.16796875 0.38671875 -0.13671875
v 0.16796875 0.38671875 -0.08984375
v 0.16796875 0.40234375 -0.16015625
v 0.16796875 0.40234375 -0.12890625
v 0.16796875 0.41015625 -0.16015625
v 0.17578125 -0.41796875 -0.00390625
v 0.17578125 -0.41796875 0.08984375
v 0.17578125 -0.41796875 0.20703125
v 0.17578125 -0.41796875 0.21484375
v 0.17578125 -0.41015625 -0.05859375
v 0.17578125 -0.40234375 0.16796875
v 0.17578125 -0.39453125 -0.10546875
v 0.17578125 -0.39453125 0.11328125
v 0.17578125 -0.38671875 0.09765625
v 0.17578125 -0.37109375 -0.10546875
v 0.17578125 -0.36328125 0.01953125
v 0.17578125 -0.33203125 0.03515625
v 0.17578125 -0.31640625 -0.33203125
v 0.17578125 -0.26953125 -0.00390625
v 0.17578125 -0.26171875 -0.23828125
v 0.17578125 -0.24609375 -0.24609375
v 0.17578125 -0.22265625 -0.24609375
v 0.17578125 -0.20703125 -0.24609375
v 0.17578125 -0.19921875 -0.26953125
v 0.17578125 -0.19921875 -0.26171875
v 0.17578125 -0.11328125 -0.04296875
v 0.17578125 0.13671875 0.08203125
v 0.17578125 0.14453125 0.07421875
v 0.17578125 0.17578125 0.07421875
v 0.17578125 0.17578125 0.09765625
v 0.17578125 0.19140625 0.00390625
v 0.17578125 0.20703125 0.12890625
v 0.17578125 0.21484375 -0.01953125
v 0.17578125 0.29296875 0.12109375
v 0.17578125 0.30078125 -0.01953125
v 0.17578125 0.32421875 0.05859375
v 0.18359375 -0.41015625 -0.03515625
v 0.18359375 -0.41015625 0.04296875
v 0.18359375 -0.40234375 0.09765625
v 0.18359375 -0.39453125 -0.06640625
v 0.18359375 -0.39453125 0.04296875
v 0.18359375 -0.37890625 0.03515625
v 0.18359375 -0.37109375 -0.06640625
v 0.18359375 -0.37109375 0.01953125
v 0.18359375 -0.33203125 -0.05859375
v 0.18359375 -0.29296875 -0.05078125
v 0.18359375 -0.28515625 -0.33203125
v 0.18359375 -0.28515625 -0.22265625
v 0.18359375 -0.28515625 0.02734375
v 0.18359375 -0.26171875 -0.32421875
v 0.18359375 -0.23828125 -0.31640625
v 0.18359375 -0.20703125 -0.29296875
v 0.18359375 -0.20703125 -0.27734375
v 0.18359375 -0.20703125 -0.25390625
v 0.18359375 -0.20703125 -0.24609375
v 0.18359375 -0.19921875 -0.25390625
v 0.18359375 -0.10546875 -0.03515625
v 0.18359375 -0.03515625 -0.02734375
v 0.18359375 0.12109375 0.07421875
v 0.18359375 0.18359375 0.04296875
v 0.18359375 0.19921875 0.11328125
v 0.18359375 0.23046875 0.12890625
v 0.18359375 0.24609375 -0.02734375
v 0.18359375 0.27734375 -0.01953125
v 0.19140625 -0.41796875 0.02734375
v 0.19140625 -0.41796875 0.06640625
v 0.19140625 -0.41015625 -0.01171875
v 0.19140625 -0.41015625 0.04296875
v 0.19140625 -0.40234375 0.07421875
v 0.19140625 -0.40234375 0.08203125
v 0.19140625 -0.39453125 -0.03515625
v 0.19140625 -0.39453125 -0.01953125
v 0.19140625 -0.37890625 0.02734375
v 0.19140625 -0.37109375 -0.02734375
v 0.19140625 -0.37109375 -0.01171875
v 0.19140625 -0.35546875 -0.25390625
v 0.19140625 -0.33203125 -0.30078125
v 0.19140625 -0.33203125 -0.01953125
v 0.19140625 -0.29296875 -0.01171875
v 0.19140625 -0.23828125 -0.23828125
v 0.19140625 -0.22265625 -0.23828125
v 0.19140625 -0.19921875 -0.26953125
v 0.19140625 -0.09765625 -0.02734375
v 0.19140625 -0.08203125 -0.00390625
v 0.19140625 -0.03515625 -0.03515625
v 0.19140625 -0.02734375 -0.00390625
v 0.19140625 0.05859375 -0.01953125
v 0.19140625 0.07421875 -0.01953125
v 0.19140625 0.07421875 0.01171875
v 0.19140625 0.10546875 0.02734375
v 0.19140625 0.10546875 0.04296875
v 0.19140625 0.11328125 0.05078125
v 0.19140625 0.12109375 0.06640625
v 0.19140625 0.13671875 0.01171875
v 0.19140625 0.21484375 -0.00390625
v 0.19140625 0.25390625 0.12109375
v 0.19140625 0.28515625 0.10546875
v 0.19140625 0.30078125 -0.00390625
v 0.19140625 0.31640625 0.08203125
v 0.19921875 -0.41796875 0.01171875
v 0.19921875 -0.41796875 0.03515625
v 0.19921875 -0.41796875 0.07421875
v 0.19921875 -0.41796875 0.08203125
v 0.19921875 -0.41015625 0.06640625
v 0.19921875 -0.41015625 0.08203125
v 0.19921875 -0.39453125 0.05078125
v 0.19921875 -0.38671875 0.04296875
v 0.19921875 -0.37890625 0.03515625
v 0.19921875 -0.37109375 -0.00390625
v 0.19921875 -0.32421875 -0.23046875
v 0.19921875 -0.21484375 -0.24609375
v 0.19921875 -0.20703125 -0.26171875
v 0.19921875 -0.08984375 -0.01171875
v 0.19921875 0.01171875 -0.01171875
v 0.19921875 0.04296875 -0.01171875
v 0.19921875 0.05859375 0.01171875
v 0.19921875 0.07421875 -0.03515625
v 0.19921875 0.08203125 -0.01953125
v 0.19921875 0.08203125 0.01171875
v 0.19921875 0.14453125 0.01953125
v 0.19921875 0.15234375 0.03515625
v 0.19921875 0.19140625 0.06640625
v 0.19921875 0.19921875 0.02734375
v 0.19921875 0.19921875 0.08984375
v 0.19921875 0.22265625 0.11328125
v 0.19921875 0.24609375 -0.01171875
v 0.19921875 0.27734375 -0.01171875
v 0.19921875 0.30078125 0.01953125
v 0.19921875 0.30859375 0.05078125
v 0.20703125 -0.41796875 0.01953125
v 0.20703125 -0.41796875 0.04296875
v 0.20703125 -0.41796875 0.07421875
v 0.20703125 -0.41015625 0.00390625
v 0.20703125 -0.39453125 -0.01171875
v 0.20703125 -0.39453125 0.00390625
v 0.20703125 -0.37890625 0.00390625
v 0.20703125 -0.30078125 -0.31640625
v 0.20703125 -0.26953125 -0.32421875
v 0.20703125 -0.24609375 -0.23046875
v 0.20703125 -0.22265625 -0.24609375
v 0.20703125 -0.04296875 -0.04296875
v 0.20703125 -0.02734375 0.01171875
v 0.20703125 0.01171875 -0.02734375
v 0.20703125 0.01171875 0.00390625
v 0.20703125 0.02734375 -0.00390625
v 0.20703125 0.02734375 0.01171875
v 0.20703125 0.04296875 -0.02734375
v 0.20703125 0.04296875 0.01171875
v 0.20703125 0.05859375 -0.03515625
v 0.20703125 0.05859375 0.01953125
v 0.20703125 0.07421875 0.01953125
v 0.20703125 0.08203125 -0.03515625
v 0.20703125 0.08203125 0.01953125
v 0.20703125 0.08984375 -0.01953125
v 0.20703125 0.08984375 -0.00390625
v 0.20703125 0.12109375 0.00390625
v 0.20703125 0.12890625 0.02734375
v 0.20703125 0.15234375 0.04296875
v 0.20703125 0.20703125 0.05078125
v 0.20703125 0.21484375 0.08203125
v 0.20703125 0.24609375 0.09765625
v 0.20703125 0.27734375 0.01171875
v 0.20703125 0.30078125 0.05859375
v 0.21484375 -0.41796875 0.02734375
v 0.21484375 -0.41796875 0.04296875
v 0.21484375 -0.41015625 0.01171875
v 0.21484375 -0.40234375 0.03515625
v 0.21484375 -0.40234375 0.04296875
v 0.21484375 -0.39453125 0.01171875
v 0.21484375 -0.38671875 0.01953125
v 0.21484375 -0.30859375 -0.28515625
v 0.21484375 -0.23828125 -0.32421875
v 0.21484375 -0.19140625 -0.29296875
v 0.21484375 0.02734375 -0.02734375
v 0.21484375 0.04296875 0.01953125
v 0.21484375 0.08984375 -0.02734375
v 0.21484375 0.08984375 0.01171875
v 0.21484375 0.11328125 0.00390625
v 0.21484375 0.12109375 0.01953125
v 0.21484375 0.12890625 0.03515625
v 0.21484375 0.14453125 -0.00390625
v 0.21484375 0.15234375 0.00390625
v 0.21484375 0.22265625 0.01171875
v 0.21484375 0.23828125 0.04296875
v 0.21484375 0.24609375 0.07421875
v 0.21484375 0.25390625 0.00390625
v 0.21484375 0.27734375 0.08203125
v 0.21484375 0.29296875 0.03515625
v 0.22265625 -0.27734375 -0.25390625
v 0.22265625 -0.20703125 -0.31640625
v 0.22265625 -0.19921875 -0.26953125
v 0.22265625 -0.05078125 -0.04296875
v 0.22265625 0.00390625 -0.03515625
v 0.22265625 0.00390625 0.01171875
v 0.22265625 0.08984375 -0.01171875
v 0.22265625 0.09765625 0.00390625
v 0.22265625 0.13671875 -0.00390625
v 0.22265625 0.15234375 0.01171875
v 0.22265625 0.26171875 0.04296875
v 0.23046875 -0.22265625 -0.24609375
v 0.23046875 -0.05078125 -0.03515625
v 0.23046875 -0.03515625 -0.00390625
v 0.23046875 0.01171875 -0.03515625
v 0.23046875 0.02734375 0.01171875
v 0.23046875 0.04296875 0.01171875
v 0.23046875 0.06640625 -0.03515625
v 0.23046875 0.07421875 -0.03515625
v 0.23046875 0.07421875 0.01171875
v 0.23046875 0.08984375 0.01171875
v 0.23046875 0.12890625 0.00390625
v 0.23046875 0.13671875 0.01171875
v 0.23046875 0.14453125 -0.00390625
v 0.23046875 0.15234375 -0.00390625
v 0.23046875 0.16015625 0.00390625
v 0.23828125 -0.26953125 -0.30078125
v 0.23828125 -0.24609375 -0.32421875
v 0.23828125 -0.21484375 -0.33203125
v 0.23828125 -0.04296875 -0.01953125
v 0.23828125 0.00390625 0.01171875
v 0.23828125 0.02734375 -0.03515625
v 0.23828125 0.05078125 0.01953125
v 0.23828125 0.07421875 0.01171875
v 0.23828125 0.08984375 -0.03515625
v 0.23828125 0.08984375 -0.01953125
v 0.23828125 0.08984375 -0.00390625
v 0.23828125 0.09765625 -0.04296875
v 0.23828125 0.10546875 -0.01953125
v 0.23828125 0.14453125 -0.00390625
v 0.23828125 0.14453125 0.00390625
v 0.23828125 0.15234375 0.00390625
v 0.24609375 -0.24609375 -0.26171875
v 0.24609375 -0.19140625 -0.31640625
v 0.24609375 -0.19140625 -0.26953125
v 0.24609375 -0.18359375 -0.30078125
v 0.24609375 -0.00390625 -0.03515625
v 0.24609375 0.02734375 0.00390625
v 0.24609375 0.05078125 -0.03515625
v 0.24609375 0.05859375 0.01171875
v 0.24609375 0.06640625 0.01171875
v 0.24609375 0.10546875 -0.04296875
v 0.24609375 0.10546875 -0.00390625
v 0.24609375 0.12109375 -0.02734375
v 0.24609375 0.16015625 -0.01171875
v 0.25390625 -0.24609375 -0.30078125
v 0.25390625 -0.21484375 -0.26171875
v 0.25390625 0.01171875 -0.03515625
v 0.25390625 0.05078125 0.00390625
v 0.25390625 0.07421875 0.00390625
v 0.25390625 0.12109375 -0.00390625
v 0.25390625 0.13671875 -0.04296875
v 0.26171875 -0.23828125 -0.26953125
v 0.26171875 -0.23046875 -0.32421875
v 0.26171875 -0.00390625 -0.04296875
v 0.26171875 0.00390625 -0.01171875
v 0.26171875 0.01171875 -0.04296875
v 0.26171875 0.02734375 -0.03515625
v 0.26171875 0.03515625 -0.00390625
v 0.26171875 0.05859375 0.00390625
v 0.26171875 0.06640625 -0.03515625
v 0.26171875 0.06640625 0.00390625
v 0.26171875 0.08203125 -0.04296875
v 0.26171875 0.09765625 -0.05078125
v 0.26171875 0.10546875 0.00390625
v 0.26171875 0.13671875 -0.02734375
v 0.26953125 -0.20703125 -0.32421875
v 0.26953125 -0.18359375 -0.31640625
v 0.26953125 -0.17578125 -0.30078125
v 0.26953125 -0.01171875 -0.05078125
v 0.26953125 -0.00390625 -0.05859375
v 0.26953125 -0.00390625 -0.02734375
v 0.26953125 0.00390625 -0.05078125
v 0.26953125 0.01171875 -0.01953125
v 0.26953125 0.07421875 -0.04296875
v 0.26953125 0.08984375 -0.05078125
v 0.26953125 0.08984375 -0.00390625
v 0.26953125 0.09765625 -0.00390625
v 0.26953125 0.11328125 0.00390625
v 0.26953125 0.12109375 -0.05078125
v 0.26953125 0.13671875 -0.01171875
v 0.26953125 0.15234375 -0.05078125
v 0.26953125 0.15234375 -0.02734375
v 0.27734375 -0.19140625 -0.27734375
v 0.27734375 -0.01953125 -0.05859375
v 0.27734375 -0.01171875 -0.06640625
v 0.27734375 -0.00390625 -0.02734375
v 0.27734375 0.00390625 -0.02734375
v 0.27734375 0.04296875 -0.04296875
v 0.27734375 0.05859375 -0.05078125
v 0.27734375 0.07421875 -0.04296875
v 0.27734375 0.07421875 -0.00390625
v 0.27734375 0.08203125 -0.05078125
v 0.27734375 0.11328125 -0.00390625
v 0.27734375 0.12890625 -0.00390625
v 0.28515625 -0.22265625 -0.28515625
v 0.28515625 -0.20703125 -0.27734375
v 0.28515625 -0.03515625 -0.05859375
v 0.28515625 -0.02734375 -0.06640625
v 0.28515625 -0.01171875 -0.03515625
v 0.28515625 0.01953125 -0.05859375
v 0.28515625 0.04296875 -0.04296875
v 0.28515625 0.05859375 -0.00390625
v 0.28515625 0.08203125 -0.01171875
v 0.28515625 0.08984375 -0.01953125
v 0.28515625 0.08984375 -0.00390625
v 0.28515625 0.09765625 -0.02734375
v 0.28515625 0.09765625 -0.00390625
v 0.28515625 0.10546875 -0.01171875
v 0.28515625 0.11328125 -0.05078125
v 0.28515625 0.12109375 -0.01171875
v 0.28515625 0.14453125 -0.05859375
v 0.28515625 0.15234375 -0.01171875
v 0.28515625 0.16796875 -0.05078125
v 0.28515625 0.17578125 -0.03515625
v 0.29296875 -0.22265625 -0.31640625
v 0.29296875 -0.21484375 -0.32421875
v 0.29296875 -0.01953125 -0.04296875
v 0.29296875 0.01171875 -0.06640625
v 0.29296875 0.01953125 -0.01171875
v 0.29296875 0.02734375 -0.05859375
v 0.29296875 0.05078125 -0.05859375
v 0.29296875 0.05859375 -0.05859375
v 0.29296875 0.11328125 -0.05859375
v 0.29296875 0.11328125 -0.01171875
v 0.29296875 0.15234375 -0.00390625
v 0.29296875 0.16015625 -0.05859375
v 0.30078125 -0.19921875 -0.33203125
v 0.30078125 -0.05859375 -0.07421875
v 0.30078125 -0.05078125 -0.07421875
v 0.30078125 0.01171875 -0.01953125
v 0.30078125 0.02734375 -0.01953125
v 0.30078125 0.07421875 -0.05078125
v 0.30078125 0.09765625 -0.06640625
v 0.30078125 0.11328125 -0.02734375
v 0.30078125 0.12890625 -0.05078125
v 0.30078125 0.13671875 -0.01171875
v 0.30859375 -0.23046875 -0.31640625
v 0.30859375 -0.22265625 -0.32421875
v 0.30859375 -0.22265625 -0.30078125
v 0.30859375 -0.20703125 -0.28515625
v 0.30859375 -0.18359375 -0.28515625
v 0.30859375 -0.17578125 -0.31640625
v 0.30859375 -0.17578125 -0.30859375
v 0.30859375 -0.08203125 -0.08203125
v 0.30859375 -0.03515625 -0.05078125
v 0.30859375 -0.00390625 -0.02734375
v 0.30859375 0.00390625 -0.07421875
v 0.30859375 0.01171875 -0.02734375
v 0.30859375 0.03515625 -0.01953125
v 0.30859375 0.08984375 -0.05078125
v 0.30859375 0.13671875 -0.01953125
v 0.30859375 0.18359375 -0.01171875
v 0.31640625 -0.21484375 -0.33203125
v 0.31640625 -0.19140625 -0.32421875
v 0.31640625 -0.01171875 -0.03515625
v 0.31640625 0.00390625 -0.02734375
v 0.31640625 0.01171875 -0.01953125
v 0.31640625 0.01953125 -0.05859375
v 0.31640625 0.03515625 -0.05078125
v 0.31640625 0.04296875 -0.05859375
v 0.31640625 0.05078125 -0.02734375
v 0.31640625 0.05859375 -0.06640625
v 0.31640625 0.12109375 -0.06640625
v 0.31640625 0.12890625 -0.02734375
v 0.31640625 0.14453125 -0.05078125
v 0.31640625 0.17578125 -0.00390625
v 0.32421875 -0.23046875 -0.31640625
v 0.32421875 -0.23046875 -0.30078125
v 0.32421875 -0.19921875 -0.33203125
v 0.32421875 -0.18359375 -0.32421875
v 0.32421875 -0.16796875 -0.30859375
v 0.32421875 -0.10546875 -0.08984375
v 0.32421875 -0.07421875 -0.08984375
v 0.32421875 -0.05859375 -0.06640625
v 0.32421875 -0.01171875 -0.07421875
v 0.32421875 -0.01171875 -0.03515625
v 0.32421875 0.00390625 -0.02734375
v 0.32421875 0.01953125 -0.02734375
v 0.32421875 0.02734375 -0.03515625
v 0.32421875 0.07421875 -0.05859375
v 0.32421875 0.07421875 -0.02734375
v 0.32421875 0.09765625 -0.02734375
v 0.32421875 0.11328125 -0.07421875
v 0.32421875 0.11328125 -0.03515625
v 0.32421875 0.12109375 -0.02734375
v 0.32421875 0.13671875 -0.05859375
v 0.32421875 0.16015625 -0.01953125
v 0.32421875 0.19921875 -0.05859375
v 0.32421875 0.20703125 -0.04296875
v 0.33203125 -0.22265625 -0.32421875
v 0.33203125 -0.19140625 -0.32421875
v 0.33203125 -0.17578125 -0.31640625
v 0.33203125 -0.09765625 -0.09765625
v 0.33203125 -0.09765625 -0.08203125
v 0.33203125 -0.08203125 -0.07421875
v 0.33203125 -0.03515625 -0.04296875
v 0.33203125 0.01171875 -0.06640625
v 0.33203125 0.05078125 -0.02734375
v 0.33203125 0.09765625 -0.05859375
v 0.33203125 0.10546875 -0.05859375
v 0.33203125 0.15234375 -0.02734375
v 0.33203125 0.19140625 -0.06640625
v 0.33203125 0.20703125 -0.01171875
v 0.33984375 -0.23046875 -0.32421875
v 0.33984375 -0.23046875 -0.30859375
v 0.33984375 -0.21484375 -0.29296875
v 0.33984375 -0.19921875 -0.29296875
v 0.33984375 -0.18359375 -0.32421875
v 0.33984375 -0.18359375 -0.29296875
v 0.33984375 -0.17578125 -0.32421875
v 0.33984375 -0.17578125 -0.31640625
v 0.33984375 -0.12109375 -0.08984375
v 0.33984375 -0.03515625 -0.08203125
v 0.33984375 -0.02734375 -0.04296875
v 0.33984375 -0.00390625 -0.06640625
v 0.33984375 -0.00390625 -0.02734375
v 0.33984375 0.00390625 -0.02734375
v 0.33984375 0.01953125 -0.04296875
v 0.33984375 0.02734375 -0.05078125
v 0.33984375 0.03515625 -0.02734375
v 0.33984375 0.05078125 -0.06640625
v 0.33984375 0.12890625 -0.07421875
v 0.33984375 0.14453125 -0.03515625
v 0.33984375 0.16015625 -0.05859375
v 0.33984375 0.16015625 -0.05078125
v 0.34765625 -0.22265625 -0.29296875
v 0.34765625 -0.20703125 -0.32421875
v 0.34765625 -0.19140625 -0.32421875
v 0.34765625 -0.16796875 -0.30859375
v 0.34765625 -0.12109375 -0.09765625
v 0.34765625 -0.05078125 -0.05078125
v 0.34765625 -0.04296875 -0.05859375
v 0.34765625 -0.01953125 -0.02734375
v 0.34765625 -0.00390625 -0.03515625
v 0.34765625 0.01953125 -0.03515625
v 0.34765625 0.04296875 -0.06640625
v 0.34765625 0.04296875 -0.03515625
v 0.34765625 0.04296875 -0.02734375
v 0.34765625 0.12109375 -0.07421875
v 0.34765625 0.13671875 -0.02734375
v 0.34765625 0.19921875 -0.00390625
v 0.35546875 -0.21484375 -0.32421875
v 0.35546875 -0.20703125 -0.29296875
v 0.35546875 -0.19921875 -0.31640625
v 0.35546875 -0.19921875 -0.30078125
v 0.35546875 -0.19140625 -0.31640625
v 0.35546875 -0.19140625 -0.30859375
v 0.35546875 -0.19140625 -0.30078125
v 0.35546875 -0.18359375 -0.32421875
v 0.35546875 -0.18359375 -0.30859375
v 0.35546875 -0.18359375 -0.29296875
v 0.35546875 -0.17578125 -0.32421875
v 0.35546875 -0.16796875 -0.31640625
v 0.35546875 -0.16796875 -0.30859375
v 0.35546875 -0.11328125 -0.08203125
v 0.35546875 -0.07421875 -0.05859375
v 0.35546875 -0.06640625 -0.06640625
v 0.35546875 -0.05859375 -0.08203125
v 0.35546875 -0.04296875 -0.05078125
v 0.35546875 -0.02734375 -0.07421875
v 0.35546875 0.00390625 -0.04296875
v 0.35546875 0.01953125 -0.05859375
v 0.35546875 0.02734375 -0.03515625
v 0.35546875 0.06640625 -0.06640625
v 0.35546875 0.07421875 -0.06640625
v 0.35546875 0.07421875 -0.03515625
v 0.35546875 0.09765625 -0.03515625
v 0.35546875 0.11328125 -0.04296875
v 0.35546875 0.12109375 -0.05859375
v 0.35546875 0.12109375 -0.04296875
v 0.35546875 0.12890625 -0.03515625
v 0.35546875 0.14453125 -0.05859375
v 0.35546875 0.18359375 -0.01953125
v 0.35546875 0.22265625 -0.06640625
v 0.35546875 0.23046875 -0.04296875
v 0.36328125 -0.23828125 -0.31640625
v 0.36328125 -0.20703125 -0.31640625
v 0.36328125 -0.19140625 -0.30859375
v 0.36328125 -0.18359375 -0.31640625
v 0.36328125 -0.18359375 -0.30859375
v 0.36328125 -0.13671875 -0.09765625
v 0.36328125 -0.12890625 -0.08984375
v 0.36328125 -0.06640625 -0.05859375
v 0.36328125 -0.03515625 -0.03515625
v 0.36328125 -0.01953125 -0.04296875
v 0.36328125 0.00390625 -0.07421875
v 0.36328125 0.01171875 -0.08203125
v 0.36328125 0.09765625 -0.06640625
v 0.36328125 0.13671875 -0.08203125
v 0.36328125 0.17578125 -0.02734375
v 0.36328125 0.21484375 -0.07421875
v 0.36328125 0.21484375 -0.01171875
v 0.37109375 -0.23828125 -0.30859375
v 0.37109375 -0.23046875 -0.28515625
v 0.37109375 -0.20703125 -0.29296875
v 0.37109375 -0.17578125 -0.31640625
v 0.37109375 -0.17578125 -0.30859375
v 0.37109375 -0.16796875 -0.31640625
v 0.37109375 -0.08984375 -0.08984375
v 0.37109375 -0.08984375 -0.07421875
v 0.37109375 -0.08984375 -0.06640625
v 0.37109375 -0.00390625 -0.05859375
v 0.37109375 0.01953125 -0.04296875
v 0.37109375 0.02734375 -0.06640625
v 0.37109375 0.03515625 -0.07421875
v 0.37109375 0.03515625 -0.05078125
v 0.37109375 0.05078125 -0.07421875
v 0.37109375 0.12109375 -0.06640625
v 0.37109375 0.12890625 -0.07421875
v 0.37109375 0.16015625 -0.04296875
v 0.37109375 0.23046875 -0.01171875
v 0.37890625 -0.23046875 -0.31640625
v 0.37890625 -0.21484375 -0.32421875
v 0.37890625 -0.21484375 -0.31640625
v 0.37890625 -0.21484375 -0.28515625
v 0.37890625 -0.19921875 -0.30859375
v 0.37890625 -0.10546875 -0.09765625
v 0.37890625 -0.10546875 -0.07421875
v 0.37890625 -0.08984375 -0.06640625
v 0.37890625 -0.06640625 -0.04296875
v 0.37890625 -0.05078125 -0.07421875
v 0.37890625 -0.01953125 -0.08203125
v 0.37890625 0.04296875 -0.03515625
v 0.37890625 0.06640625 -0.07421875
v 0.37890625 0.12109375 -0.05078125
v 0.37890625 0.12890625 -0.05078125
v 0.37890625 0.15234375 -0.03515625
v 0.37890625 0.17578125 -0.06640625
v 0.37890625 0.18359375 -0.05859375
v 0.37890625 0.19921875 -0.02734375
v 0.38671875 -0.23046875 -0.28515625
v 0.38671875 -0.22265625 -0.31640625
v 0.38671875 -0.21484375 -0.28515625
v 0.38671875 -0.12890625 -0.09765625
v 0.38671875 -0.11328125 -0.08203125
v 0.38671875 -0.08203125 -0.08203125
v 0.38671875 -0.08203125 -0.05078125
v 0.38671875 -0.04296875 -0.05078125
v 0.38671875 0.00390625 -0.06640625
v 0.38671875 0.06640625 -0.04296875
v 0.38671875 0.07421875 -0.07421875
v 0.38671875 0.07421875 -0.04296875
v 0.38671875 0.09765625 -0.05078125
v 0.38671875 0.13671875 -0.03515625
v 0.38671875 0.22265625 -0.01171875
v 0.39453125 -0.23046875 -0.30078125
v 0.39453125 -0.22265625 -0.30078125
v 0.39453125 -0.20703125 -0.30078125
v 0.39453125 -0.20703125 -0.29296875
v 0.39453125 -0.15234375 -0.08984375
v 0.39453125 -0.11328125 -0.07421875
v 0.39453125 -0.10546875 -0.08984375
v 0.39453125 -0.06640625 -0.05859375
v 0.39453125 -0.04296875 -0.08203125
v 0.39453125 -0.01953125 -0.06640625
v 0.39453125 0.02734375 -0.08203125
v 0.39453125 0.02734375 -0.07421875
v 0.39453125 0.10546875 -0.07421875
v 0.39453125 0.15234375 -0.08203125
v 0.39453125 0.16015625 -0.06640625
v 0.39453125 0.17578125 -0.05078125
v 0.39453125 0.19140625 -0.03515625
v 0.39453125 0.21484375 -0.01953125
v 0.39453125 0.24609375 -0.07421875
v 0.39453125 0.25390625 -0.05078125
v 0.40234375 -0.13671875 -0.07421875
v 0.40234375 -0.12890625 -0.08984375
v 0.40234375 -0.10546875 -0.05859375
v 0.40234375 -0.08203125 -0.06640625
v 0.40234375 0.00390625 -0.08984375
v 0.40234375 0.00390625 -0.05078125
v 0.40234375 0.01953125 -0.05859375
v 0.40234375 0.13671875 -0.07421875
v 0.40234375 0.14453125 -0.08984375
v 0.40234375 0.19921875 -0.06640625
v 0.40234375 0.20703125 -0.06640625
v 0.40234375 0.22265625 -0.08203125
v 0.41015625 -0.15234375 -0.08984375
v 0.41015625 -0.10546875 -0.07421875
v 0.41015625 -0.06640625 -0.08984375
v 0.41015625 -0.04296875 -0.07421875
v 0.41015625 0.02734375 -0.05078125
v 0.41015625 0.04296875 -0.08203125
v 0.41015625 0.12890625 -0.05859375
v 0.41015625 0.13671875 -0.05859375
v 0.41015625 0.16015625 -0.03515625
v 0.41015625 0.18359375 -0.07421875
v 0.41015625 0.21484375 -0.03515625
v 0.41015625 0.25390625 -0.01953125
v 0.41796875 -0.16015625 -0.08203125
v 0.41796875 -0.14453125 -0.08984375
v 0.41796875 -0.13671875 -0.08203125
v 0.41796875 -0.12890625 -0.08984375
v 0.41796875 -0.11328125 -0.07421875
v 0.41796875 -0.10546875 -0.08984375
v 0.41796875 -0.10546875 -0.07421875
v 0.41796875 -0.08984375 -0.08984375
v 0.41796875 -0.08984375 -0.07421875
v 0.41796875 -0.07421875 -0.08203125
v 0.41796875 -0.00390625 -0.07421875
v 0.41796875 0.05078125 -0.05078125
v 0.41796875 0.05859375 -0.08203125
v 0.41796875 0.05859375 -0.05859375
v 0.41796875 0.09765625 -0.06640625
v 0.41796875 0.14453125 -0.04296875
v 0.41796875 0.19921875 -0.04296875
v 0.41796875 0.23828125 -0.01953125
v 0.41796875 0.24609375 -0.08984375
v 0.42578125 -0.05078125 -0.08984375
v 0.42578125 -0.01953125 -0.09765625
v 0.42578125 -0.00390625 -0.06640625
v 0.42578125 0.06640625 -0.08203125
v 0.42578125 0.09765625 -0.08203125
v 0.42578125 0.16796875 -0.07421875
v 0.42578125 0.17578125 -0.08203125
v 0.42578125 0.19140625 -0.05078125
v 0.42578125 0.23046875 -0.03515625
v 0.42578125 0.26171875 -0.08203125
v 0.42578125 0.26953125 -0.06640625
v 0.43359375 -0.05078125 -0.08984375
v 0.43359375 -0.05078125 -0.08203125
v 0.43359375 0.12890625 -0.08203125
v 0.43359375 0.14453125 -0.09765625
v 0.43359375 0.15234375 -0.09765625
v 0.43359375 0.18359375 -0.05859375
v 0.43359375 0.21484375 -0.07421875
v 0.43359375 0.22265625 -0.08203125
v 0.44140625 -0.03515625 -0.09765625
v 0.44140625 -0.02734375 -0.08203125
v 0.44140625 -0.01953125 -0.07421875
v 0.44140625 0.00390625 -0.10546875
v 0.44140625 0.00390625 -0.06640625
v 0.44140625 0.01171875 -0.08203125
v 0.44140625 0.01953125 -0.08984375
v 0.44140625 0.03515625 -0.07421875
v 0.44140625 0.04296875 -0.08984375
v 0.44140625 0.12890625 -0.06640625
v 0.44140625 0.14453125 -0.08203125
v 0.44140625 0.14453125 -0.06640625
v 0.44140625 0.16796875 -0.04296875
v 0.44140625 0.22265625 -0.05859375
v 0.44921875 -0.03515625 -0.09765625
v 0.44921875 -0.03515625 -0.08984375
v 0.44921875 -0.00390625 -0.10546875
v 0.44921875 0.01171875 -0.06640625
v 0.44921875 0.03515625 -0.06640625
v 0.44921875 0.05859375 -0.08984375
v 0.44921875 0.05859375 -0.07421875
v 0.44921875 0.08984375 -0.07421875
v 0.44921875 0.09765625 -0.08984375
v 0.44921875 0.15234375 -0.05078125
v 0.44921875 0.19140625 -0.08203125
v 0.44921875 0.25390625 -0.09765625
v 0.44921875 0.26953125 -0.07421875
v 0.44921875 0.26953125 -0.03515625
v 0.45703125 -0.02734375 -0.09765625
v 0.45703125 -0.02734375 -0.08984375
v 0.45703125 -0.01171875 -0.07421875
v 0.45703125 0.01953125 -0.09765625
v 0.45703125 0.01953125 -0.08203125
v 0.45703125 0.05859375 -0.08984375
v 0.45703125 0.05859375 -0.08203125
v 0.45703125 0.08984375 -0.08984375
v 0.45703125 0.08984375 -0.08203125
v 0.45703125 0.14453125 -0.08984375
v 0.45703125 0.15234375 -0.11328125
v 0.45703125 0.16015625 -0.11328125
v 0.45703125 0.16796875 -0.10546875
v 0.45703125 0.16796875 -0.08203125
v 0.45703125 0.19921875 -0.06640625
v 0.45703125 0.21484375 -0.08203125
v 0.45703125 0.23828125 -0.06640625
v 0.45703125 0.24609375 -0.05078125
v 0.45703125 0.26171875 -0.03515625
v 0.45703125 0.26953125 -0.08984375
v 0.46484375 -0.01953125 -0.09765625
v 0.46484375 0.00390625 -0.10546875
v 0.46484375 0.00390625 -0.08984375
v 0.46484375 0.01953125 -0.07421875
v 0.46484375 0.03515625 -0.09765625
v 0.46484375 0.03515625 -0.08203125
v 0.46484375 0.12890625 -0.09765625
v 0.46484375 0.14453125 -0.07421875
v 0.46484375 0.15234375 -0.07421875
v 0.46484375 0.17578125 -0.05859375
v 0.46484375 0.18359375 -0.06640625
v 0.46484375 0.19140625 -0.08203125
v 0.46484375 0.23828125 -0.09765625
v 0.46484375 0.26953125 -0.05078125
v 0.47265625 -0.00390625 -0.10546875
v 0.47265625 0.00390625 -0.08203125
v 0.47265625 0.01953125 -0.10546875
v 0.47265625 0.01953125 -0.08203125
v 0.47265625 0.03515625 -0.08984375
v 0.47265625 0.12890625 -0.08203125
v 0.47265625 0.14453125 -0.10546875
v 0.47265625 0.16015625 -0.05859375
v 0.47265625 0.17578125 -0.08984375
v 0.47265625 0.24609375 -0.07421875
v 0.47265625 0.25390625 -0.06640625
v 0.47265625 0.25390625 -0.05078125
v 0.47265625 0.26171875 -0.10546875
v 0.47265625 0.26953125 -0.08984375
v 0.47265625 0.26953125 -0.04296875
v 0.47265625 0.27734375 -0.07421875
v 0.47265625 0.27734375 -0.05859375
v 0.48046875 -0.01171875 -0.09765625
v 0.48046875 -0.01171875 -0.08984375
v 0.48046875 -0.01171875 -0.08203125
v 0.48046875 0.01171875 -0.10546875
v 0.48046875 0.01953125 -0.09765625
v 0.48046875 0.01953125 -0.08984375
v 0.48046875 0.01953125 -0.07421875
v 0.48046875 0.14453125 -0.09765625
v 0.48046875 0.15234375 -0.08984375
v 0.48046875 0.15234375 -0.08203125
v 0.48046875 0.16796875 -0.12890625
v 0.48046875 0.19140625 -0.08984375
v 0.48046875 0.20703125 -0.08984375
v 0.48046875 0.20703125 -0.07421875
v 0.48046875 0.25390625 -0.10546875
v 0.48046875 0.25390625 -0.07421875
v 0.48046875 0.27734375 -0.09765625
v 0.48046875 0.27734375 -0.05859375
v 0.48828125 -0.00390625 -0.10546875
v 0.48828125 -0.00390625 -0.08984375
v 0.48828125 0.00390625 -0.10546875
v 0.48828125 0.00390625 -0.08203125
v 0.48828125 0.01171875 -0.10546875
v 0.48828125 0.01171875 -0.08203125
v 0.48828125 0.01953125 -0.08984375
v 0.48828125 0.15234375 -0.11328125
v 0.48828125 0.15234375 -0.10546875
v 0.48828125 0.16015625 -0.12109375
v 0.48828125 0.16015625 -0.08203125
v 0.48828125 0.16796875 -0.12890625
v 0.48828125 0.16796875 -0.07421875
v 0.48828125 0.17578125 -0.10546875
v 0.48828125 0.17578125 -0.09765625
v 0.48828125 0.17578125 -0.08203125
v 0.48828125 0.19140625 -0.08203125
v 0.48828125 0.20703125 -0.08203125
v 0.48828125 0.22265625 -0.08984375
v 0.48828125 0.22265625 -0.08203125
v 0.48828125 0.23828125 -0.09765625
v 0.48828125 0.24609375 -0.08203125
v 0.48828125 0.26953125 -0.11328125
v 0.48828125 0.26953125 -0.08203125
v 0.48828125 0.26953125 -0.05859375
v 0.48828125 0.27734375 -0.05859375
v 0.48828125 0.28515625 -0.08203125
v 0.49609375 -0.01171875 -0.09765625
v 0.49609375 -0.01171875 -0.08984375
v 0.49609375 -0.00390625 -0.09765625
v 0.49609375 -0.00390625 -0.08984375
v 0.49609375 0.00390625 -0.10546875
v 0.49609375 0.00390625 -0.08984375
v 0.49609375 0.00390625 -0.08203125
v 0.49609375 0.01171875 -0.08984375
v 0.49609375 0.15234375 -0.10546875
v 0.49609375 0.16015625 -0.12890625
v 0.49609375 0.16015625 -0.12109375
v 0.49609375 0.16015625 -0.11328125
v 0.49609375 0.16015625 -0.09765625
v 0.49609375 0.16796875 -0.13671875
v 0.49609375 0.16796875 -0.11328125
v 0.49609375 0.17578125 -0.13671875
v 0.49609375 0.17578125 -0.12109375
v 0.49609375 0.17578125 -0.11328125
v 0.49609375 0.17578125 -0.10546875
v 0.49609375 0.17578125 -0.09765625
v 0.49609375 0.17578125 -0.08984375
v 0.49609375 0.23828125 -0.08984375
v 0.49609375 0.26171875 -0.11328125
v 0.49609375 0.26171875 -0.09765625
v 0.49609375 0.26171875 -0.08984375
v 0.49609375 0.27734375 -0.10546875
v 0.49609375 0.27734375 -0.09765625
v 0.49609375 0.27734375 -0.07421875
v 0.49609375 0.28515625 -0.10546875
v 0.49609375 0.28515625 -0.09765625
v 0.49609375 0.28515625 -0.07421875
f 514 515 495
f 514 495 541
f 495 515 496
f 515 514 542
f 514 541 542
f 541 495 545
f 495 496 483
f 496 515 516
f 515 542 596
f 542 541 566
f 541 545 570
f 545 495 483
f 483 496 482
f 496 516 517
f 516 515 596
f 596 542 595
f 542 566 595
f 566 541 570
f 570 545 548
f 545 483 497
f 483 482 498
f 482 496 517
f 517 516 571
f 516 596 571
f 596 595 624
f 595 566 623
f 566 570 601
f 570 548 608
f 548 545 497
f 497 483 498
f 498 482 517
f 517 571 519
f 571 596 629
f 596 624 629
f 624 595 623
f 623 566 622
f 566 601 622
f 601 570 607
f 570 608 607
f 608 548 611
f 548 497 574
f 497 498 574
f 498 517 519
f 519 571 609
f 571 629 609
f 629 624 651
f 624 623 651
f 623 622 770
f 622 601 731
f 601 607 603
f 607 608 637
f 608 611 637
f 611 548 574
f 574 498 519
f 519 609 574
f 609 629 634
f 629 651 694
f 651 623 771
f 623 770 771
f 770 622 731
f 731 601 621
f 601 603 621
f 603 607 604
f 607 637 664
f 637 611 634
f 611 574 634
f 574 609 634
f 634 629 694
f 694 651 652
f 651 771 652
f 771 770 1005
f 770 731 1005
f 731 621 730
f 621 603 600
f 603 604 600
f 604 607 612
f 607 664 612
f 664 637 658
f 637 634 658
f 634 694 658
f 694 652 695
f 652 771 772
f 771 1005 919
f 1005 731 1049
f 731 730 962
f 730 621 600
f 600 604 698
f 604 612 701
f 612 664 638
f 664 658 744
f 658 694 695
f 695 652 656
f 652 772 732
f 772 771 819
f 771 919 819
f 919 1005 1010
f 1005 1049 1138
f 1049 731 962
f 962 730 1050
f 730 600 698
f 698 604 701
f 701 612 662
f 612 638 575
f 638 664 832
f 664 744 830
f 744 658 695
f 695 656 742
f 656 652 653
f 652 732 653
f 732 772 820
f 772 819 820
f 819 919 873
f 919 1010 877
f 1010 1005 1138
f 1138 1049 1094
f 1049 962 1094
f 962 1050 1191
f 1050 730 824
f 730 698 824
f 698 701 824
f 701 662 926
f 662 612 575
f 575 638 639
f 638 832 785
f 832 664 830
f 830 744 828
f 744 695 742
f 742 656 702
f 656 653 630
f 653 732 625
f 732 820 821
f 820 819 874
f 819 873 874
f 873 919 877
f 877 1010 972
f 1010 1138 1145
f 1138 1094 1242
f 1094 962 1191
f 1191 1050 1139
f 1050 824 879
f 824 701 879
f 701 926 879
f 926 662 928
f 662 575 665
f 575 639 576
f 639 638 785
f 785 832 930
f 832 830 1014
f 830 828 972
f 828 744 742
f 742 702 779
f 702 656 630
f 630 653 625
f 625 732 733
f 732 821 733
f 821 820 875
f 820 874 875
f 874 873 827
f 873 877 827
f 877 972 828
f 972 1010 1102
f 1010 1145 1102
f 1145 1138 1242
f 1242 1094 1191
f 1191 1139 1241
f 1139 1050 879
f 879 926 1139
f 926 928 1202
f 928 662 665
f 665 575 576
f 576 639 641
f 639 785 788
f 785 930 976
f 930 832 1014
f 1014 830 972
f 828 742 827
f 742 779 827
f 779 702 780
f 702 630 659
f 630 625 631
f 625 733 626
f 733 821 734
f 821 875 871
f 875 874 779
f 874 827 779
f 827 877 828
f 972 1102 1013
f 1102 1145 1103
f 1145 1242 1243
f 1242 1191 1241
f 1241 1139 1143
f 1139 926 1143
f 926 1202 1143
f 1202 928 1204
f 928 665 705
f 665 576 705
f 576 641 640
f 641 639 788
f 788 785 976
f 976 930 1015
f 930 1014 1015
f 1014 972 1013
f 779 780 875
f 780 702 659
f 659 630 631
f 631 625 626
f 626 733 627
f 733 734 627
f 734 821 871
f 871 875 923
f 1013 1102 1057
f 1102 1103 1057
f 1103 1145 1198
f 1145 1243 1281
f 1243 1242 1285
f 1242 1241 1285
f 1241 1143 1285
f 1143 1202 1286
f 1202 1204 1290
f 1204 928 974
f 928 705 974
f 705 576 640
f 640 641 789
f 641 788 834
f 788 976 978
f 976 1015 1018
f 1015 1014 1013
f 875 780 782
f 780 659 782
f 659 631 633
f 631 626 597
f 626 627 598
f 627 734 628
f 734 871 822
f 871 923 1008
f 923 875 971
f 1013 1057 1015
f 1057 1103 1058
f 1103 1198 1146
f 1198 1145 1281
f 1281 1243 1342
f 1243 1285 1286
f 1285 1143 1286
f 1286 1202 1284
f 1202 1290 1284
f 1290 1204 1295
f 1204 974 1017
f 974 705 787
f 705 640 787
f 640 789 748
f 789 641 834
f 834 788 978
f 978 976 1067
f 976 1018 1067
f 1018 1015 1016
f 875 782 925
f 782 659 661
f 659 633 661
f 633 631 605
f 631 597 572
f 597 626 598
f 598 627 599
f 627 628 599
f 628 734 691
f 734 822 773
f 822 871 964
f 871 1008 963
f 1008 923 971
f 971 875 925
f 1015 1057 1016
f 1057 1058 1062
f 1058 1103 1146
f 1146 1198 1199
f 1198 1281 1199
f 1281 1342 1343
f 1342 1243 1286
f 1286 1284 1342
f 1284 1290 1432
f 1290 1295 1435
f 1295 1204 1149
f 1204 1017 1149
f 1017 974 787
f 787 640 748
f 748 789 932
f 789 834 933
f 834 978 933
f 978 1067 1068
f 1067 1018 1064
f 1018 1016 1064
f 925 782 927
f 782 661 831
f 661 633 635
f 633 605 635
f 605 631 572
f 572 597 567
f 597 598 567
f 598 599 565
f 599 628 602
f 628 691 655
f 691 734 773
f 773 822 965
f 822 964 965
f 964 871 963
f 963 1008 1140
f 1008 971 1055
f 971 925 927
f 1016 1057 1062
f 1062 1058 1107
f 1058 1146 1106
f 1146 1199 1147
f 1199 1281 1343
f 1343 1342 1430
f 1342 1284 1483
f 1284 1432 1483
f 1432 1290 1433
f 1290 1435 1433
f 1435 1295 1296
f 1295 1149 1296
f 1149 1017 1066
f 1017 787 885
f 787 748 885
f 748 932 885
f 932 789 933
f 933 978 1068
f 1068 1067 1112
f 1067 1064 1109
f 1064 1016 1065
f 927 782 831
f 831 661 704
f 661 635 636
f 635 605 610
f 605 572 546
f 572 567 544
f 567 598 565
f 565 599 568
f 599 602 568
f 602 628 632
f 628 655 632
f 655 691 692
f 691 773 768
f 773 965 918
f 965 964 1095
f 964 963 1095
f 963 1140 1135
f 1140 1008 1055
f 1055 971 1012
f 971 927 1012
f 1016 1062 1065
f 1062 1107 1065
f 1107 1058 1106
f 1106 1146 1147
f 1147 1199 1287
f 1199 1343 1287
f 1343 1430 1530
f 1430 1342 1483
f 1483 1432 1659
f 1432 1433 1661
f 1433 1435 1661
f 1435 1296 1436
f 1296 1149 1150
f 1149 1066 1150
f 1066 1017 885
f 885 932 1020
f 932 933 1111
f 933 1068 1111
f 1068 1112 1115
f 1112 1067 1109
f 1109 1064 1110
f 1064 1065 1110
f 927 831 929
f 831 704 784
f 704 661 663
f 661 636 663
f 636 635 606
f 635 610 606
f 610 605 546
f 546 572 544
f 544 567 543
f 567 565 543
f 565 568 543
f 568 602 569
f 602 632 606
f 632 655 660
f 655 692 657
f 692 691 768
f 768 773 918
f 918 965 1096
f 965 1095 1096
f 1095 963 1135
f 1135 1140 1237
f 1140 1055 1195
f 1055 1012 1104
f 1012 927 929
f 1065 1107 1108
f 1107 1106 1061
f 1106 1147 1203
f 1147 1287 1245
f 1287 1343 1431
f 1343 1530 1431
f 1530 1430 1721
f 1430 1483 1721
f 1483 1659 1973
f 1659 1432 1660
f 1432 1661 1660
f 1661 1435 1662
f 1435 1436 1663
f 1436 1296 1346
f 1296 1150 1346
f 1150 1066 1020
f 1066 885 1020
f 1020 932 1150
f 932 1111 1150
f 1111 1068 1113
f 1068 1115 1113
f 1115 1112 1207
f 1112 1109 1152
f 1109 1110 1152
f 1110 1065 1108
f 929 831 784
f 784 704 747
f 704 663 703
f 663 636 660
f 636 606 632
f 606 610 573
f 610 546 547
f 546 544 518
f 544 543 518
f 543 568 569
f 569 602 573
f 602 606 573
f 632 660 636
f 660 655 657
f 657 692 735
f 692 768 813
f 768 918 958
f 918 1096 1097
f 1096 1095 1234
f 1095 1135 1189
f 1135 1237 1233
f 1237 1140 1195
f 1195 1055 1104
f 1104 1012 1059
f 1012 929 1059
f 1108 1107 1063
f 1107 1061 1063
f 1061 1106 1059
f 1106 1203 1059
f 1203 1147 1245
f 1245 1287 1292
f 1287 1431 1434
f 1431 1530 1597
f 1530 1721 1722
f 1721 1483 1973
f 1973 1659 2048
f 1659 1660 2048
f 1660 1661 2049
f 1661 1662 2107
f 1662 1435 1663
f 1663 1436 1484
f 1436 1346 1484
f 1346 1150 1248
f 1150 1111 1151
f 1111 1113 1151
f 1113 1115 1154
f 1115 1207 1154
f 1207 1112 1152
f 1152 1110 1114
f 1110 1108 1114
f 929 784 833
f 784 747 786
f 747 704 703
f 703 663 745
f 663 660 745
f 573 610 547
f 547 546 518
f 518 543 569
f 569 573 547
f 660 657 745
f 657 735 699
f 735 692 813
f 813 768 958
f 958 918 1089
f 918 1097 1089
f 1097 1096 1234
f 1234 1095 1189
f 1189 1135 1233
f 1233 1237 1340
f 1237 1195 1282
f 1195 1104 1200
f 1104 1059 1105
f 1059 929 975
f 1108 1063 1019
f 1063 1061 975
f 1061 1059 975
f 1059 1203 1105
f 1203 1245 1288
f 1245 1292 1345
f 1292 1287 1434
f 1434 1431 1597
f 1597 1530 1722
f 1722 1721 1974
f 1721 1973 1974
f 1973 2048 2272
f 2048 1660 2049
f 2049 1661 2051
f 1661 2107 2051
f 2107 1662 2228
f 1662 1663 2228
f 1663 1484 1832
f 1484 1346 1347
f 1346 1248 1347
f 1248 1150 1151
f 1151 1113 1153
f 1113 1154 1153
f 1154 1207 1251
f 1207 1152 1250
f 1152 1114 1250
f 1114 1108 1019
f 929 833 975
f 833 784 786
f 786 747 882
f 747 703 783
f 703 745 783
f 547 518 569
f 745 657 699
f 699 735 774
f 735 813 814
f 813 958 959
f 958 1089 1046
f 1089 1097 1235
f 1097 1234 1235
f 1234 1189 1233
f 1233 1340 1278
f 1340 1237 1282
f 1282 1195 1200
f 1200 1104 1105
f 1019 1063 975
f 1105 1203 1200
f 1203 1288 1200
f 1288 1245 1289
f 1245 1345 1289
f 1345 1292 1291
f 1292 1434 1598
f 1434 1597 1598
f 1597 1722 1831
f 1722 1974 1975
f 1974 1973 2219
f 1973 2272 2219
f 2272 2048 2049
f 2049 2051 2407
f 2051 2107 2490
f 2107 2228 2541
f 2228 1663 1832
f 1832 1484 1833
f 1484 1347 1601
f 1347 1248 1385
f 1248 1151 1298
f 1151 1153 1206
f 1153 1154 1251
f 1251 1207 1250
f 1250 1114 1155
f 1114 1019 1069
f 975 833 931
f 833 786 884
f 786 882 883
f 882 747 783
f 783 745 746
f 745 699 740
f 699 774 740
f 774 735 814
f 814 813 959
f 959 958 1046
f 1046 1089 1185
f 1089 1235 1184
f 1235 1234 1337
f 1234 1233 1278
f 1278 1340 1382
f 1340 1282 1344
f 1282 1200 1288
f 1019 975 931
f 1288 1289 1344
f 1289 1345 1384
f 1345 1291 1384
f 1291 1292 1293
f 1292 1598 1293
f 1598 1597 1831
f 1831 1722 1975
f 1975 1974 2221
f 1974 2219 2221
f 2219 2272 2443
f 2272 2049 2407
f 2407 2051 2451
f 2051 2490 2451
f 2490 2107 2541
f 2541 2228 2588
f 2228 1832 2324
f 1832 1833 2172
f 1833 1484 1600
f 1484 1601 1600
f 1601 1347 1385
f 1385 1248 1298
f 1298 1151 1206
f 1206 1153 1348
f 1153 1251 1249
f 1251 1250 1350
f 1250 1155 1350
f 1155 1114 1116
f 1114 1069 1116
f 1069 1019 931
f 931 833 884
f 884 786 977
f 786 883 977
f 883 882 1060
f 882 783 973
f 783 746 881
f 746 745 740
f 740 774 738
f 774 814 869
f 814 959 869
f 959 1046 1003
f 1046 1185 1134
f 1185 1089 1184
f 1184 1235 1339
f 1235 1337 1338
f 1337 1234 1278
f 1278 1382 1337
f 1382 1340 1344
f 1344 1282 1288
f 1344 1289 1384
f 1384 1291 1283
f 1291 1293 1244
f 1293 1598 1531
f 1598 1831 1976
f 1831 1975 2167
f 1975 2221 2167
f 2221 2219 2400
f 2219 2443 2400
f 2443 2272 2407
f 2407 2451 2579
f 2451 2490 2673
f 2490 2541 2780
f 2541 2588 2780
f 2588 2228 2324
f 2324 1832 2284
f 1832 2172 2284
f 2172 1833 2109
f 1833 1600 1834
f 1600 1601 1666
f 1601 1385 1602
f 1385 1298 1485
f 1298 1206 1348
f 1348 1153 1249
f 1249 1251 1299
f 1251 1350 1254
f 1350 1155 1255
f 1155 1116 1256
f 1116 1069 1156
f 1069 931 1070
f 931 884 1070
f 884 977 1070
f 977 883 1148
f 883 1060 1148
f 1060 882 973
f 973 783 881
f 881 746 743
f 746 740 743
f 740 738 743
f 738 774 736
f 774 869 736
f 869 959 1003
f 1003 1046 1134
f 1134 1185 1236
f 1185 1184 1279
f 1184 1339 1279
f 1339 1235 1338
f 1338 1337 1383
f 1337 1382 1383
f 1382 1344 1384
f 1384 1283 1383
f 1283 1291 1244
f 1244 1293 1294
f 1293 1531 1294
f 1531 1598 1977
f 1598 1976 1977
f 1976 1831 2050
f 1831 2167 2050
f 2167 2221 2360
f 2221 2400 2360
f 2400 2443 2577
f 2443 2407 2579
f 2579 2451 2673
f 2673 2490 2732
f 2490 2780 2732
f 2780 2588 2782
f 2588 2324 2499
f 2324 2284 2499
f 2284 2172 2285
f 2172 2109 2173
f 2109 1833 2052
f 1833 1834 2052
f 1834 1600 1665
f 1600 1666 1665
f 1666 1601 1900
f 1601 1602 1904
f 1602 1385 1603
f 1385 1485 1603
f 1485 1298 1386
f 1298 1348 1386
f 1348 1249 1299
f 1299 1251 1302
f 1251 1254 1302
f 1254 1350 1351
f 1350 1255 1391
f 1255 1155 1256
f 1256 1116 1257
f 1116 1156 1257
f 1156 1069 1070
f 1070 977 1205
f 977 1148 1205
f 1148 1060 1247
f 1060 973 1201
f 973 881 924
f 881 743 829
f 743 738 741
f 738 736 696
f 736 869 872
f 869 1003 872
f 1003 1134 1090
f 1134 1236 1190
f 1236 1185 1279
f 1279 1339 1280
f 1339 1338 1341
f 1338 1383 1341
f 1383 1382 1384
f 1383 1283 1341
f 1283 1244 1201
f 1244 1294 1247
f 1294 1531 1247
f 1531 1977 1532
f 1977 1976 2171
f 1976 2050 2170
f 2050 2167 2279
f 2167 2360 2448
f 2360 2400 2533
f 2400 2577 2533
f 2577 2443 2579
f 2579 2673 2727
f 2673 2732 2873
f 2732 2780 2928
f 2780 2782 2957
f 2782 2588 2680
f 2588 2499 2680
f 2499 2284 2367
f 2284 2285 2367
f 2285 2172 2173
f 2173 2109 2052
f 2052 1834 1901
f 1834 1665 1901
f 1665 1666 1724
f 1666 1900 1903
f 1900 1601 1904
f 1904 1602 1835
f 1602 1603 1835
f 1603 1485 1604
f 1485 1386 1486
f 1386 1348 1437
f 1348 1299 1387
f 1299 1302 1301
f 1302 1254 1253
f 1254 1351 1304
f 1351 1350 1441
f 1350 1391 1441
f 1391 1255 1353
f 1255 1256 1353
f 1256 1257 1354
f 1257 1156 1389
f 1156 1070 1300
f 1070 1205 1297
f 1205 1148 1247
f 1247 1060 1246
f 1060 1201 1246
f 1201 973 1141
f 973 924 1011
f 924 881 880
f 881 829 880
f 829 743 741
f 741 738 696
f 696 736 727
f 736 872 727
f 872 1003 966
f 1003 1090 966
f 1090 1134 1190
f 1190 1236 1238
f 1236 1279 1238
f 1279 1280 1238
f 1280 1339 1341
f 1341 1283 1280
f 1283 1201 1196
f 1201 1244 1246
f 1244 1247 1246
f 1247 1531 1532
f 1532 1977 1978
f 1977 2171 2283
f 2171 1976 2170
f 2170 2050 2279
f 2279 2167 2318
f 2167 2448 2318
f 2448 2360 2674
f 2360 2533 2674
f 2533 2577 2722
f 2577 2579 2727
f 2727 2673 2873
f 2873 2732 2928
f 2928 2780 2957
f 2957 2782 2960
f 2782 2680 2822
f 2680 2499 2590
f 2499 2367 2590
f 2367 2285 2416
f 2285 2173 2111
f 2173 2052 2110
f 2052 1901 2112
f 1901 1665 1723
f 1665 1724 1723
f 1724 1666 1903
f 1903 1900 2111
f 1900 1904 2175
f 1904 1835 2116
f 1835 1603 1839
f 1603 1604 1839
f 1604 1485 1534
f 1485 1486 1533
f 1486 1386 1437
f 1437 1348 1387
f 1387 1299 1301
f 1301 1302 1253
f 1253 1254 1209
f 1254 1304 1209
f 1304 1351 1390
f 1351 1441 1439
f 1441 1391 1442
f 1391 1353 1443
f 1353 1256 1354
f 1354 1257 1392
f 1257 1389 1392
f 1389 1156 1300
f 1300 1070 1297
f 1297 1205 1599
f 1205 1247 1532
f 1201 1141 1196
f 1141 973 1011
f 1011 924 970
f 924 880 922
f 880 829 878
f 829 741 781
f 741 696 700
f 696 727 693
f 727 872 815
f 872 966 815
f 966 1090 1098
f 1090 1190 1186
f 1190 1238 1239
f 1238 1280 1283
f 1283 1196 1238
f 1532 1978 1599
f 1978 1977 2283
f 2283 2171 2227
f 2171 2170 2227
f 2170 2279 2322
f 2279 2318 2364
f 2318 2448 2408
f 2448 2674 2584
f 2674 2533 2814
f 2533 2722 2814
f 2722 2577 2727
f 2727 2873 2867
f 2873 2928 2987
f 2928 2957 3047
f 2957 2960 3048
f 2960 2782 2822
f 2822 2680 2784
f 2680 2590 2784
f 2590 2367 2630
f 2367 2416 2630
f 2416 2285 2365
f 2285 2111 2174
f 2111 2173 2053
f 2173 2110 2053
f 2110 2052 2112
f 2112 1901 1905
f 1901 1723 1905
f 1723 1724 1725
f 1724 1903 1902
f 1903 2111 2053
f 2111 1900 2174
f 1900 2175 2174
f 2175 1904 2114
f 1904 2116 2114
f 2116 1835 1839
f 1839 1604 1843
f 1604 1534 1605
f 1534 1485 1533
f 1533 1486 1608
f 1486 1437 1608
f 1437 1387 1487
f 1387 1301 1349
f 1301 1253 1208
f 1253 1209 1158
f 1209 1304 1306
f 1304 1390 1306
f 1390 1351 1439
f 1439 1441 1544
f 1441 1442 1546
f 1442 1391 1443
f 1443 1353 1393
f 1353 1354 1393
f 1354 1392 1394
f 1392 1389 1488
f 1389 1300 1667
f 1300 1297 1664
f 1297 1599 1664
f 1599 1205 1532
f 1196 1141 1197
f 1141 1011 1144
f 1011 970 1056
f 970 924 968
f 924 922 921
f 922 880 878
f 878 829 781
f 781 741 700
f 700 696 693
f 693 727 688
f 727 815 688
f 815 966 960
f 966 1098 967
f 1098 1090 1186
f 1186 1190 1240
f 1190 1239 1240
f 1239 1238 1196
f 1599 1978 2108
f 1978 2283 2108
f 2283 2227 2282
f 2227 2170 2226
f 2170 2322 2226
f 2322 2279 2364
f 2364 2318 2408
f 2408 2448 2486
f 2448 2584 2583
f 2584 2674 2733
f 2674 2814 2874
f 2814 2722 2867
f 2722 2727 2867
f 2867 2873 2987
f 2987 2928 3047
f 3047 2957 3048
f 3048 2960 3082
f 2960 2822 2961
f 2822 2784 2882
f 2784 2590 2630
f 2630 2416 2733
f 2416 2365 2493
f 2365 2285 2174
f 2053 2110 2113
f 2110 2112 2113
f 2112 1905 2115
f 1905 1723 1725
f 1725 1724 1836
f 1724 1902 1836
f 1902 1903 2053
f 2174 2175 2368
f 2175 2114 2286
f 2114 2116 2178
f 2116 1839 1979
f 1839 1843 1979
f 1843 1604 1605
f 1605 1534 1536
f 1534 1533 1535
f 1533 1608 1606
f 1608 1437 1539
f 1437 1487 1539
f 1487 1387 1388
f 1387 1349 1388
f 1349 1301 1208
f 1208 1253 1157
f 1253 1158 1157
f 1158 1209 1159
f 1209 1306 1159
f 1306 1390 1352
f 1390 1439 1440
f 1439 1544 1440
f 1544 1441 1545
f 1441 1546 1545
f 1546 1442 1489
f 1442 1443 1445
f 1443 1393 1396
f 1393 1354 1394
f 1394 1392 1444
f 1392 1488 1444
f 1488 1389 1728
f 1389 1667 1728
f 1667 1300 1664
f 1664 1599 2108
f 1196 1197 1239
f 1197 1141 1144
f 1144 1011 1056
f 1056 970 1009
f 970 968 1009
f 968 924 921
f 921 922 966
f 922 878 876
f 878 781 876
f 781 700 778
f 700 693 697
f 693 688 654
f 688 815 769
f 815 960 816
f 960 966 922
f 966 967 968
f 967 1098 1091
f 1098 1186 1187
f 1186 1240 1187
f 1240 1239 1197
f 2108 2283 2366
f 2283 2282 2414
f 2282 2227 2225
f 2227 2226 2169
f 2226 2322 2323
f 2322 2364 2412
f 2364 2408 2412
f 2408 2486 2363
f 2486 2448 2583
f 2583 2584 2539
f 2584 2733 2493
f 2733 2674 2874
f 2874 2814 2986
f 2814 2867 2986
f 2867 2987 2986
f 2987 3047 3081
f 3047 3048 3125
f 3048 3082 3126
f 3082 2960 2961
f 2961 2822 2882
f 2882 2784 2883
f 2784 2630 2930
f 2630 2733 2958
f 2733 2416 2493
f 2493 2365 2417
f 2365 2174 2417
f 2053 2113 2054
f 2113 2112 2115
f 2115 1905 2055
f 1905 1725 1840
f 1725 1836 1910
f 1836 1902 1906
f 1902 2053 2054
f 2174 2368 2417
f 2368 2175 2286
f 2286 2114 2229
f 2114 2178 2229
f 2178 2116 1980
f 2116 1979 1980
f 1979 1843 1985
f 1843 1605 1846
f 1605 1536 1668
f 1536 1534 1538
f 1534 1535 1538
f 1535 1533 1607
f 1533 1606 1607
f 1606 1608 1848
f 1608 1539 1670
f 1539 1487 1541
f 1487 1388 1438
f 1388 1349 1252
f 1349 1208 1252
f 1208 1157 979
f 1157 1158 1022
f 1158 1159 1072
f 1159 1306 1258
f 1306 1352 1258
f 1352 1390 1440
f 1440 1544 1543
f 1544 1545 1735
f 1545 1546 1736
f 1546 1489 1738
f 1489 1442 1445
f 1445 1443 1395
f 1443 1396 1395
f 1396 1393 1397
f 1393 1394 1397
f 1394 1444 1397
f 1444 1488 1547
f 1488 1728 1734
f 1728 1667 2181
f 1667 1664 2176
f 1664 2108 2176
f 1197 1144 1194
f 1144 1056 1054
f 1056 1009 1054
f 1009 968 969
f 968 921 966
f 922 876 920
f 876 781 778
f 778 700 697
f 697 693 654
f 654 688 689
f 688 769 689
f 769 815 775
f 815 816 776
f 816 960 917
f 960 922 920
f 968 967 969
f 967 1091 961
f 1091 1098 1187
f 1187 1240 1192
f 1240 1197 1194
f 2108 2366 2176
f 2366 2283 2414
f 2414 2282 2281
f 2282 2225 2281
f 2225 2227 2169
f 2169 2226 2224
f 2226 2323 2224
f 2323 2322 2415
f 2322 2412 2415
f 2412 2408 2411
f 2408 2363 2411
f 2363 2486 2449
f 2486 2583 2449
f 2583 2539 2625
f 2539 2584 2493
f 2733 2874 2958
f 2874 2986 3020
f 2986 2987 3081
f 3081 3047 3125
f 3125 3048 3126
f 3126 3082 3127
f 3082 2961 3100
f 2961 2882 2962
f 2882 2883 2884
f 2883 2784 2881
f 2784 2930 2881
f 2930 2630 2958
f 2493 2417 2542
f 2054 2113 2177
f 2113 2115 2177
f 2115 2055 2177
f 2055 1905 1981
f 1905 1840 1981
f 1840 1725 1910
f 1910 1836 1906
f 1906 1902 2054
f 2417 2368 2496
f 2368 2286 2458
f 2286 2229 2230
f 2229 2178 2230
f 2178 1980 1908
f 1980 1979 1986
f 1979 1985 1986
f 1985 1843 1915
f 1843 1846 1915
f 1846 1605 1668
f 1668 1536 1537
f 1536 1538 1540
f 1538 1535 1609
f 1535 1607 1609
f 1607 1606 1847
f 1606 1848 1847
f 1848 1608 1851
f 1608 1670 1851
f 1670 1539 1541
f 1541 1487 1542
f 1487 1438 1542
f 1438 1388 1305
f 1388 1252 1303
f 1252 1208 1021
f 1208 979 1021
f 979 1157 1022
f 1022 1158 1072
f 1072 1159 1161
f 1159 1258 1161
f 1258 1352 1305
f 1352 1440 1438
f 1440 1543 1438
f 1543 1544 1733
f 1544 1735 1733
f 1735 1545 1736
f 1736 1546 1738
f 1738 1489 1494
f 1489 1445 1401
f 1445 1395 1361
f 1395 1396 1361
f 1396 1397 1358
f 1397 1444 1446
f 1444 1547 1446
f 1547 1488 1734
f 1734 1728 2120
f 1728 2181 2120
f 2181 1667 2176
f 1194 1144 1142
f 1144 1054 1142
f 1054 1009 1007
f 1009 969 1007
f 920 876 826
f 876 778 826
f 778 697 739
f 697 654 690
f 654 689 690
f 689 769 728
f 769 775 737
f 775 815 776
f 776 816 823
f 816 917 817
f 917 960 920
f 969 967 961
f 961 1091 1047
f 1091 1187 1188
f 1187 1192 1188
f 1192 1240 1193
f 1240 1194 1193
f 2176 2366 2460
f 2366 2414 2629
f 2414 2281 2455
f 2281 2225 2223
f 2225 2169 2223
f 2169 2224 2106
f 2224 2323 2321
f 2323 2415 2321
f 2415 2412 2492
f 2412 2411 2454
f 2411 2363 2361
f 2363 2449 2404
f 2449 2583 2625
f 2625 2539 2777
f 2539 2493 2542
f 2958 2874 3020
f 3020 2986 3081
f 3081 3125 3099
f 3125 3126 3154
f 3126 3127 3175
f 3127 3082 3100
f 3100 2961 2962
f 2962 2882 2963
f 2882 2884 2963
f 2884 2883 2887
f 2883 2881 2886
f 2881 2930 2931
f 2930 2958 3049
f 2542 2417 2496
f 2054 2177 2117
f 2177 2055 2118
f 2055 1981 2058
f 1981 1840 1909
f 1840 1910 1909
f 1910 1906 1982
f 1906 2054 2117
f 2496 2368 2548
f 2368 2458 2548
f 2458 2286 2325
f 2286 2230 2325
f 2230 2178 2179
f 2178 1908 2056
f 1908 1980 1912
f 1980 1986 1912
f 1986 1985 1988
f 1985 1915 1988
f 1915 1846 1727
f 1846 1668 1727
f 1668 1537 1669
f 1537 1536 1540
f 1540 1538 1609
f 1609 1607 1850
f 1607 1847 1850
f 1847 1848 1908
f 1848 1851 1913
f 1851 1670 1854
f 1670 1541 1672
f 1541 1542 1613
f 1542 1438 1543
f 1438 1305 1352
f 1305 1388 1303
f 1303 1252 1071
f 1252 1021 1071
f 1021 979 836
f 979 1022 887
f 1022 1072 935
f 1072 1161 981
f 1161 1258 1305
f 1543 1733 1613
f 1733 1735 1928
f 1735 1736 1993
f 1736 1738 1994
f 1738 1494 1758
f 1494 1489 1401
f 1401 1445 1361
f 1361 1396 1358
f 1358 1397 1355
f 1397 1446 1448
f 1446 1547 1548
f 1547 1734 1737
f 1734 2120 1992
f 2120 2181 2292
f 2181 2176 2372
f 1194 1142 1193
f 1142 1054 1053
f 1054 1007 1053
f 1007 969 1006
f 920 826 870
f 826 778 739
f 739 697 690
f 690 689 728
f 728 769 737
f 737 775 777
f 775 776 777
f 776 823 825
f 823 816 817
f 817 917 870
f 917 920 870
f 969 961 1006
f 961 1047 1004
f 1047 1091 1051
f 1091 1188 1092
f 1188 1192 1136
f 1192 1193 1136
f 2176 2460 2372
f 2460 2366 2633
f 2366 2629 2633
f 2629 2414 2627
f 2414 2455 2627
f 2455 2281 2320
f 2281 2223 2320
f 2223 2169 2106
f 2106 2224 2168
f 2224 2321 2168
f 2321 2415 2413
f 2415 2492 2544
f 2492 2412 2457
f 2412 2454 2456
f 2454 2411 2452
f 2411 2361 2405
f 2361 2363 2316
f 2363 2404 2316
f 2404 2449 2625
f 2625 2777 2815
f 2777 2539 2734
f 2539 2542 2734
f 2958 3020 3099
f 3020 3081 3099
f 3099 3125 3141
f 3125 3154 3161
f 3154 3126 3162
f 3126 3175 3162
f 3175 3127 3176
f 3127 3100 3142
f 3100 2962 3083
f 2962 2963 2992
f 2963 2884 2934
f 2884 2887 2934
f 2887 2883 2885
f 2883 2886 2885
f 2886 2881 2932
f 2881 2931 2932
f 2931 2930 2990
f 2930 3049 2990
f 3049 2958 3099
f 2542 2496 2679
f 2117 2177 2059
f 2177 2118 2059
f 2118 2055 2058
f 2058 1981 1983
f 1981 1909 1983
f 1909 1910 1987
f 1910 1982 1987
f 1982 1906 2117
f 2496 2548 2631
f 2548 2458 2502
f 2458 2325 2502
f 2325 2230 2287
f 2230 2179 2287
f 2179 2178 2056
f 2056 1908 1848
f 1908 1912 1850
f 1912 1986 1916
f 1986 1988 1916
f 1988 1915 1918
f 1915 1727 1917
f 1727 1668 1669
f 1669 1537 1610
f 1537 1540 1610
f 1540 1609 1671
f 1609 1850 1852
f 1850 1847 1908
f 1848 1913 2056
f 1913 1851 1919
f 1851 1854 1919
f 1854 1670 1672
f 1672 1541 1613
f 1613 1542 1543
f 1305 1303 1160
f 1303 1071 1117
f 1071 1021 835
f 1021 836 835
f 836 979 887
f 887 1022 935
f 935 1072 981
f 981 1161 1160
f 1161 1305 1160
f 1613 1733 1731
f 1733 1928 1927
f 1928 1735 1993
f 1993 1736 1994
f 1994 1738 2004
f 1738 1758 2004
f 1758 1494 1619
f 1494 1401 1456
f 1401 1361 1367
f 1361 1358 1311
f 1358 1355 1310
f 1355 1397 1448
f 1448 1446 1548
f 1548 1547 1737
f 1737 1734 1992
f 1992 2120 2292
f 2292 2181 2372
f 1193 1142 1101
f 1142 1053 1101
f 1053 1007 1006
f 870 826 729
f 826 739 729
f 739 690 729
f 690 728 729
f 728 737 729
f 737 777 825
f 777 776 825
f 825 823 818
f 823 817 818
f 817 870 818
f 1006 961 1004
f 1004 1047 1048
f 1047 1051 1048
f 1051 1091 1099
f 1091 1092 1100
f 1092 1188 1136
f 1136 1193 1101
f 2372 2460 2418
f 2460 2633 2461
f 2633 2629 2736
f 2629 2627 2736
f 2627 2455 2675
f 2455 2320 2453
f 2320 2223 2222
f 2223 2106 2104
f 2106 2168 2102
f 2168 2321 2280
f 2321 2413 2280
f 2413 2415 2495
f 2415 2544 2495
f 2544 2492 2497
f 2492 2457 2494
f 2457 2412 2456
f 2456 2454 2540
f 2454 2452 2488
f 2452 2411 2405
f 2405 2361 2358
f 2361 2316 2358
f 2316 2404 2401
f 2404 2625 2623
f 2625 2815 2623
f 2815 2777 2925
f 2777 2734 2875
f 2734 2542 2679
f 3099 3141 3110
f 3141 3125 3161
f 3161 3154 3204
f 3154 3162 3224
f 3162 3175 3225
f 3175 3176 3236
f 3176 3127 3142
f 3142 3100 3083
f 3083 2962 2992
f 2992 2963 2935
f 2963 2934 2935
f 2934 2887 2888
f 2887 2885 2888
f 2885 2886 2888
f 2886 2932 2888
f 2932 2931 2991
f 2931 2990 2991
f 2990 3049 3050
f 3049 3099 3110
f 2679 2496 2631
f 2117 2059 1984
f 2059 2118 2058
f 2058 1983 1987
f 1983 1909 1987
f 1982 1910 1914
f 1982 2117 1984
f 2631 2548 2591
f 2548 2502 2592
f 2502 2325 2503
f 2325 2287 2369
f 2287 2179 2231
f 2179 2056 1913
f 1850 1912 1852
f 1912 1916 1852
f 1916 1988 1920
f 1988 1918 1920
f 1918 1915 1917
f 1917 1727 1922
f 1727 1669 1855
f 1669 1610 1673
f 1610 1540 1611
f 1540 1671 1611
f 1671 1609 1852
f 1913 1919 1989
f 1919 1854 1921
f 1854 1672 1857
f 1672 1613 1731
f 1160 1303 1117
f 1117 1071 886
f 1071 835 886
f 835 836 706
f 836 887 706
f 887 935 750
f 935 981 837
f 981 1160 980
f 1731 1733 1859
f 1733 1927 1926
f 1927 1928 2064
f 1928 1993 2065
f 1993 1994 2065
f 1994 2004 2192
f 2004 1758 1866
f 1758 1619 1617
f 1619 1494 1456
f 1456 1401 1367
f 1367 1361 1260
f 1361 1311 1260
f 1311 1358 1310
f 1310 1355 1398
f 1355 1448 1398
f 1448 1548 1398
f 1548 1737 1742
f 1737 1992 1929
f 1992 2292 2125
f 2292 2372 2291
f 1101 1053 1052
f 1053 1006 1052
f 870 729 818
f 729 737 818
f 737 825 818
f 1006 1004 1048
f 1048 1051 1137
f 1051 1099 1137
f 1099 1091 1100
f 1100 1092 1137
f 1092 1136 1137
f 1136 1101 1052
f 2372 2418 2291
f 2418 2460 2461
f 2461 2633 2547
f 2633 2736 2547
f 2736 2627 2818
f 2627 2675 2818
f 2675 2455 2582
f 2455 2453 2582
f 2453 2320 2410
f 2320 2222 2278
f 2222 2223 2105
f 2223 2104 2105
f 2104 2106 2103
f 2106 2102 2103
f 2102 2168 2101
f 2168 2280 2277
f 2280 2413 2409
f 2413 2495 2489
f 2495 2544 2546
f 2544 2497 2501
f 2497 2492 2494
f 2494 2457 2491
f 2457 2456 2491
f 2456 2540 2491
f 2540 2454 2488
f 2488 2452 2537
f 2452 2405 2534
f 2405 2358 2444
f 2358 2316 2401
f 2401 2404 2484
f 2404 2623 2668
f 2623 2815 2811
f 2815 2925 2811
f 2925 2777 2875
f 2875 2734 2876
f 2734 2679 2876
f 3110 3141 3155
f 3141 3161 3155
f 3161 3204 3205
f 3204 3154 3224
f 3224 3162 3225
f 3225 3175 3236
f 3236 3176 3251
f 3176 3142 3144
f 3142 3083 3144
f 3083 2992 3022
f 2992 2935 2966
f 2935 2934 2888
f 2888 2932 2933
f 2932 2991 2965
f 2991 2990 3021
f 2990 3050 3021
f 3050 3049 3110
f 2679 2631 2781
f 1984 2059 2058
f 2058 1987 1984
f 1982 1914 1911
f 1914 1910 1849
f 2631 2591 2785
f 2591 2548 2592
f 2592 2502 2593
f 2502 2503 2593
f 2503 2325 2369
f 2369 2287 2370
f 2287 2231 2327
f 2231 2179 2232
f 2179 1913 2180
f 1852 1916 1853
f 1916 1920 1853
f 1920 1918 1924
f 1918 1917 1923
f 1917 1922 1923
f 1922 1727 1855
f 1855 1669 1673
f 1673 1610 1675
f 1610 1611 1675
f 1611 1671 1674
f 1671 1852 1853
f 1913 1989 2057
f 1989 1919 1990
f 1919 1921 1990
f 1921 1854 1857
f 1857 1672 1731
f 1160 1117 980
f 1117 886 934
f 886 835 666
f 835 706 666
f 706 887 708
f 887 750 708
f 750 935 837
f 837 981 790
f 981 980 790
f 1731 1859 1857
f 1859 1733 1926
f 1926 1927 2062
f 1927 2064 2063
f 2064 1928 2065
f 2065 1994 2128
f 1994 2192 2128
f 2192 2004 2072
f 2004 1866 2072
f 1866 1758 1864
f 1758 1617 1755
f 1617 1619 1679
f 1619 1456 1561
f 1456 1367 1459
f 1367 1260 1168
f 1260 1311 1166
f 1311 1310 1213
f 1310 1398 1356
f 1398 1548 1549
f 1548 1742 1549
f 1742 1737 1929
f 1929 1992 2125
f 2125 2292 2291
f 1052 1006 1048
f 1048 1137 1093
f 1137 1099 1100
f 1137 1136 1093
f 1136 1052 1093
f 2291 2418 2290
f 2418 2461 2371
f 2461 2547 2501
f 2547 2736 2678
f 2736 2818 2678
f 2818 2675 2817
f 2675 2582 2729
f 2582 2453 2487
f 2453 2410 2450
f 2410 2320 2319
f 2320 2278 2319
f 2278 2222 2268
f 2222 2105 2268
f 2105 2104 2163
f 2104 2103 2166
f 2103 2102 2165
f 2102 2101 2164
f 2101 2168 2277
f 2277 2280 2409
f 2409 2413 2489
f 2489 2495 2628
f 2495 2546 2628
f 2546 2544 2501
f 2501 2497 2500
f 2497 2494 2498
f 2494 2491 2543
f 2491 2540 2586
f 2540 2488 2585
f 2488 2537 2626
f 2537 2452 2534
f 2534 2405 2444
f 2444 2358 2441
f 2358 2401 2441
f 2401 2484 2440
f 2484 2404 2668
f 2668 2623 2811
f 2811 2925 2922
f 2925 2875 2953
f 2875 2876 2955
f 2876 2679 2781
f 3110 3155 3143
f 3155 3161 3205
f 3205 3204 3249
f 3204 3224 3248
f 3224 3225 3247
f 3225 3236 3262
f 3236 3251 3263
f 3251 3176 3252
f 3176 3144 3177
f 3144 3083 3101
f 3083 3022 3101
f 3022 2992 2966
f 2966 2935 2888
f 2888 2933 2966
f 2933 2932 2965
f 2965 2991 2964
f 2991 3021 2964
f 3021 3050 3022
f 3050 3110 3101
f 2781 2631 2785
f 1982 1911 1907
f 1911 1914 1849
f 1849 1910 1844
f 2785 2591 2739
f 2591 2592 2632
f 2592 2593 2545
f 2593 2503 2500
f 2503 2369 2370
f 2370 2287 2327
f 2327 2231 2328
f 2231 2232 2328
f 2232 2179 2180
f 2180 1913 2057
f 1853 1920 1856
f 1920 1924 1856
f 1924 1918 1923
f 1923 1922 1858
f 1922 1855 1858
f 1855 1673 1729
f 1673 1675 1729
f 1675 1611 1612
f 1611 1674 1612
f 1674 1671 1853
f 2057 1989 2182
f 1989 1990 2060
f 1990 1921 1859
f 1921 1857 1859
f 980 1117 934
f 934 886 707
f 886 666 707
f 666 706 577
f 706 708 579
f 708 750 643
f 750 837 667
f 837 790 667
f 790 980 749
f 1859 1926 1991
f 1926 2062 2061
f 2062 1927 2063
f 2063 2064 2123
f 2064 2065 2126
f 2065 2128 2126
f 2128 2192 2186
f 2192 2072 2247
f 2072 1866 1940
f 1866 1864 1936
f 1864 1758 1755
f 1755 1617 1677
f 1617 1679 1760
f 1679 1619 1622
f 1619 1561 1622
f 1561 1456 1459
f 1459 1367 1261
f 1367 1168 1261
f 1168 1260 1074
f 1260 1166 1074
f 1166 1311 1213
f 1213 1310 1356
f 1356 1398 1492
f 1398 1549 1492
f 1549 1742 1743
f 1742 1929 1930
f 1929 2125 2066
f 2125 2291 2124
f 1052 1048 1093
f 2291 2290 2124
f 2290 2418 2371
f 2371 2461 2459
f 2461 2501 2459
f 2501 2547 2546
f 2547 2678 2546
f 2678 2818 2779
f 2818 2817 2779
f 2817 2675 2871
f 2675 2729 2871
f 2729 2582 2672
f 2582 2487 2581
f 2487 2453 2450
f 2450 2410 2447
f 2410 2319 2317
f 2319 2278 2317
f 2278 2268 2269
f 2268 2105 2163
f 2163 2104 2166
f 2166 2103 2162
f 2103 2165 2162
f 2165 2102 2164
f 2164 2101 2277
f 2277 2409 2406
f 2409 2489 2538
f 2489 2628 2676
f 2628 2546 2678
f 2501 2500 2503
f 2500 2497 2593
f 2497 2498 2593
f 2498 2494 2543
f 2543 2491 2586
f 2586 2540 2585
f 2585 2488 2626
f 2626 2537 2730
f 2537 2534 2624
f 2534 2444 2529
f 2444 2441 2528
f 2441 2401 2440
f 2440 2484 2527
f 2484 2668 2527
f 2668 2811 2768
f 2811 2922 2768
f 2922 2925 2953
f 2953 2875 2955
f 2955 2876 2956
f 2876 2781 2956
f 3110 3143 3101
f 3143 3155 3192
f 3155 3205 3192
f 3205 3249 3250
f 3249 3204 3248
f 3248 3224 3246
f 3224 3247 3246
f 3247 3225 3262
f 3262 3236 3278
f 3236 3263 3278
f 3263 3251 3279
f 3251 3252 3301
f 3252 3176 3177
f 3177 3144 3143
f 3144 3101 3143
f 3101 3022 3050
f 3022 2966 3021
f 2966 2933 2964
f 2933 2965 2964
f 2964 3021 2966
f 2781 2785 2879
f 1907 1911 1838
f 1911 1849 1845
f 1849 1844 1726
f 2785 2739 2820
f 2739 2591 2632
f 2632 2592 2589
f 2592 2545 2589
f 2545 2593 2498
f 2503 2370 2459
f 2370 2327 2371
f 2327 2328 2374
f 2328 2232 2326
f 2232 2180 2326
f 2180 2057 2233
f 1853 1856 1674
f 1856 1924 1860
f 1924 1923 1925
f 1923 1858 1925
f 1858 1855 1729
f 1729 1675 1861
f 1675 1612 1676
f 1612 1674 1730
f 2057 2182 2233
f 2182 1989 2119
f 1989 2060 2119
f 2060 1990 1991
f 1990 1859 1991
f 980 934 749
f 934 707 749
f 707 666 549
f 666 577 549
f 577 706 579
f 579 708 643
f 643 750 667
f 667 790 642
f 790 749 613
f 1991 1926 2061
f 2061 2062 2184
f 2062 2063 2185
f 2063 2123 2121
f 2123 2064 2126
f 2126 2128 2186
f 2186 2192 2238
f 2192 2247 2238
f 2247 2072 2138
f 2072 1940 2138
f 1940 1866 1870
f 1866 1936 1870
f 1936 1864 1863
f 1864 1755 1862
f 1755 1677 1754
f 1677 1617 1760
f 1760 1679 1761
f 1679 1622 1764
f 1622 1561 1683
f 1561 1459 1501
f 1459 1261 1216
f 1261 1168 1076
f 1168 1074 989
f 1074 1166 1213
f 1213 1356 1165
f 1356 1492 1493
f 1492 1549 1749
f 1549 1743 1749
f 1743 1742 1931
f 1742 1930 1931
f 1930 1929 2066
f 2066 2125 2124
f 2124 2290 2122
f 2290 2371 2289
f 2371 2459 2370
f 2459 2501 2503
f 2678 2779 2628
f 2779 2817 2816
f 2817 2871 2870
f 2871 2729 2866
f 2729 2672 2725
f 2672 2582 2581
f 2581 2487 2536
f 2487 2450 2447
f 2447 2410 2362
f 2410 2317 2362
f 2317 2278 2275
f 2278 2269 2275
f 2269 2268 2445
f 2268 2163 2442
f 2163 2166 2442
f 2166 2162 2397
f 2162 2165 2314
f 2165 2164 2314
f 2164 2277 2273
f 2277 2406 2273
f 2406 2409 2535
f 2409 2538 2535
f 2538 2489 2676
f 2676 2628 2779
f 2498 2543 2545
f 2543 2586 2587
f 2586 2585 2735
f 2585 2626 2677
f 2626 2730 2778
f 2730 2537 2624
f 2624 2534 2529
f 2529 2444 2528
f 2528 2441 2620
f 2441 2440 2620
f 2440 2527 2717
f 2527 2668 2717
f 2668 2768 2717
f 2768 2922 2852
f 2922 2953 2950
f 2953 2955 2984
f 2955 2956 2988
f 2956 2781 2879
f 3143 3192 3177
f 3192 3205 3250
f 3250 3249 3316
f 3249 3248 3315
f 3248 3246 3277
f 3246 3247 3276
f 3247 3262 3299
f 3262 3278 3336
f 3278 3263 3300
f 3263 3279 3300
f 3279 3251 3301
f 3301 3252 3280
f 3252 3177 3192
f 2879 2785 2820
f 1838 1911 1845
f 1845 1849 1726
f 1726 1844 1841
f 2820 2739 2821
f 2739 2632 2783
f 2632 2589 2738
f 2589 2545 2543
f 2371 2327 2289
f 2327 2374 2289
f 2374 2328 2463
f 2328 2326 2419
f 2326 2180 2233
f 1674 1856 1730
f 1856 1860 1730
f 1860 1924 1925
f 1925 1858 1861
f 1858 1729 1861
f 1861 1675 1676
f 1676 1612 1730
f 2233 2182 2373
f 2182 2119 2288
f 2119 2060 2183
f 2060 1991 2183
f 749 707 578
f 707 549 578
f 549 577 485
f 577 579 520
f 579 643 550
f 643 667 614
f 667 642 614
f 642 790 613
f 613 749 578
f 1991 2061 2183
f 2061 2184 2234
f 2184 2062 2185
f 2185 2063 2121
f 2121 2123 2122
f 2123 2126 2127
f 2126 2186 2187
f 2186 2238 2187
f 2238 2247 2334
f 2247 2138 2335
f 2138 1940 2078
f 1940 1870 1683
f 1870 1936 1764
f 1936 1863 1761
f 1863 1864 1862
f 1862 1755 1754
f 1754 1677 1757
f 1677 1760 1757
f 1760 1761 1757
f 1761 1679 1764
f 1764 1622 1683
f 1683 1561 1769
f 1561 1501 1772
f 1501 1459 1216
f 1216 1261 1076
f 1076 1168 989
f 989 1074 938
f 1074 1213 1165
f 1165 1356 1308
f 1356 1493 1308
f 1493 1492 1750
f 1492 1749 1750
f 1749 1743 1931
f 1931 1930 2129
f 1930 2066 2067
f 2066 2124 2127
f 2124 2122 2123
f 2122 2290 2185
f 2290 2289 2185
f 2779 2816 2676
f 2816 2817 2870
f 2870 2871 2865
f 2871 2866 2862
f 2866 2729 2774
f 2729 2725 2774
f 2725 2672 2726
f 2672 2581 2671
f 2581 2536 2580
f 2536 2487 2532
f 2487 2447 2446
f 2447 2362 2359
f 2362 2317 2359
f 2317 2275 2276
f 2275 2269 2274
f 2269 2445 2398
f 2445 2268 2442
f 2442 2166 2397
f 2397 2162 2314
f 2314 2164 2273
f 2273 2406 2402
f 2406 2535 2485
f 2535 2538 2670
f 2538 2676 2731
f 2543 2587 2589
f 2587 2586 2737
f 2586 2735 2737
f 2735 2585 2677
f 2677 2626 2778
f 2778 2730 2872
f 2730 2624 2723
f 2624 2529 2669
f 2529 2528 2669
f 2528 2620 2769
f 2620 2440 2717
f 2717 2768 2852
f 2852 2922 2950
f 2950 2953 2981
f 2953 2984 2981
f 2984 2955 2988
f 2988 2956 2989
f 2956 2879 2989
f 3192 3250 3252
f 3250 3316 3318
f 3316 3249 3315
f 3315 3248 3277
f 3277 3246 3276
f 3276 3247 3299
f 3299 3262 3336
f 3336 3278 3300
f 3300 3279 3319
f 3279 3301 3319
f 3301 3280 3320
f 3280 3252 3250
f 2879 2820 2929
f 1838 1845 1837
f 1845 1726 1842
f 1726 1841 1836
f 2820 2821 2929
f 2821 2739 2783
f 2783 2632 2738
f 2738 2589 2587
f 2289 2374 2294
f 2374 2463 2375
f 2463 2328 2419
f 2419 2326 2462
f 2326 2233 2462
f 1730 1860 1732
f 1860 1925 1861
f 1861 1676 1732
f 1676 1730 1732
f 2233 2373 2462
f 2373 2182 2288
f 2288 2119 2293
f 2119 2183 2329
f 578 549 484
f 549 485 484
f 485 577 520
f 520 579 550
f 550 643 614
f 614 642 551
f 642 613 521
f 613 578 499
f 2183 2061 2234
f 2234 2184 2330
f 2184 2185 2294
f 2185 2121 2122
f 2123 2127 2124
f 2127 2126 2187
f 2187 2238 2239
f 2238 2334 2239
f 2334 2247 2335
f 2335 2138 2384
f 2138 2078 2384
f 2078 1940 1772
f 1940 1683 1769
f 1683 1870 1764
f 1764 1936 1761
f 1761 1863 1757
f 1863 1862 1757
f 1862 1754 1757
f 1769 1561 1772
f 1772 1501 1626
f 1501 1216 1464
f 1216 1076 1028
f 1076 989 892
f 989 938 888
f 938 1074 1025
f 1074 1165 1025
f 1165 1308 1163
f 1308 1493 1447
f 1493 1750 1447
f 1750 1749 1999
f 1749 1931 1999
f 1931 2129 1999
f 2129 1930 2067
f 2067 2066 2127
f 2185 2289 2294
f 2676 2816 2731
f 2816 2870 2869
f 2870 2865 2921
f 2865 2871 2862
f 2862 2866 2859
f 2866 2774 2863
f 2774 2725 2773
f 2725 2726 2666
f 2726 2672 2671
f 2671 2581 2580
f 2580 2536 2578
f 2536 2532 2578
f 2532 2487 2446
f 2446 2447 2403
f 2447 2359 2403
f 2359 2317 2276
f 2276 2275 2220
f 2275 2274 2220
f 2274 2269 2398
f 2398 2445 2446
f 2445 2442 2720
f 2442 2397 2665
f 2397 2314 2531
f 2314 2273 2402
f 2402 2406 2485
f 2485 2535 2670
f 2670 2538 2728
f 2538 2731 2728
f 2587 2737 2738
f 2737 2735 2877
f 2735 2677 2819
f 2677 2778 2819
f 2778 2872 2927
f 2872 2730 2776
f 2730 2723 2776
f 2723 2624 2669
f 2669 2528 2769
f 2769 2620 2841
f 2620 2717 2841
f 2717 2852 2808
f 2852 2950 2920
f 2950 2981 2920
f 2981 2984 2982
f 2984 2988 2872
f 2988 2989 2927
f 2989 2879 2929
f 3250 3318 3280
f 3318 3316 3357
f 3316 3315 3352
f 3315 3277 3314
f 3277 3276 3314
f 3276 3299 3314
f 3299 3336 3351
f 3336 3300 3337
f 3300 3319 3317
f 3319 3301 3320
f 3320 3280 3338
f 1837 1845 1842
f 1842 1726 1836
f 2929 2821 2880
f 2821 2783 2880
f 2783 2738 2880
f 2294 2374 2375
f 2375 2463 2505
f 2463 2419 2550
f 2419 2462 2549
f 1732 1860 1861
f 2462 2373 2594
f 2373 2288 2504
f 2288 2293 2464
f 2293 2119 2329
f 2329 2183 2376
f 578 484 499
f 484 485 465
f 485 520 486
f 520 550 500
f 550 614 552
f 614 551 552
f 551 642 521
f 521 613 499
f 2183 2234 2376
f 2234 2330 2376
f 2330 2184 2294
f 2127 2187 2067
f 2187 2239 2189
f 2239 2334 2380
f 2334 2335 2471
f 2335 2384 2513
f 2384 2078 2209
f 2078 1772 1943
f 1772 1940 1769
f 1772 1626 1776
f 1626 1501 1571
f 1501 1464 1571
f 1464 1216 1170
f 1216 1028 1170
f 1028 1076 892
f 892 989 888
f 888 938 840
f 938 1025 838
f 1025 1165 1026
f 1165 1163 1026
f 1163 1308 1210
f 1308 1447 1259
f 1447 1750 1744
f 1750 1999 2000
f 1999 2129 2190
f 2129 2067 2189
f 2731 2816 2728
f 2816 2869 2728
f 2869 2870 2861
f 2870 2921 2857
f 2921 2865 2858
f 2865 2862 2858
f 2862 2859 2858
f 2859 2866 2863
f 2863 2774 2813
f 2774 2773 2813
f 2773 2725 2721
f 2725 2666 2721
f 2666 2726 2622
f 2726 2671 2667
f 2671 2580 2578
f 2578 2532 2575
f 2532 2446 2530
f 2446 2403 2398
f 2403 2359 2357
f 2359 2276 2271
f 2276 2220 2271
f 2220 2274 2270
f 2274 2398 2399
f 2446 2445 2530
f 2445 2720 2530
f 2720 2442 2665
f 2665 2397 2719
f 2397 2531 2719
f 2531 2314 2485
f 2314 2402 2485
f 2485 2670 2621
f 2670 2728 2724
f 2738 2737 2878
f 2737 2877 2878
f 2877 2735 2819
f 2819 2778 2927
f 2927 2872 2988
f 2872 2776 2926
f 2776 2723 2812
f 2723 2669 2772
f 2669 2769 2772
f 2769 2841 2916
f 2841 2717 2808
f 2808 2852 2920
f 2920 2981 2947
f 2981 2982 2947
f 2982 2984 2985
f 2984 2872 2985
f 2927 2989 2959
f 2989 2929 2959
f 3280 3318 3338
f 3318 3357 3360
f 3357 3316 3352
f 3352 3315 3335
f 3315 3314 3335
f 3314 3299 3313
f 3299 3351 3313
f 3351 3336 3353
f 3336 3337 3353
f 3337 3300 3317
f 3317 3319 3358
f 3319 3320 3361
f 3320 3338 3362
f 1837 1842 1836
f 2929 2880 2959
f 2880 2738 2878
f 2294 2375 2330
f 2375 2505 2467
f 2505 2463 2550
f 2550 2419 2549
f 2549 2462 2594
f 2594 2373 2504
f 2504 2288 2464
f 2464 2293 2465
f 2293 2329 2466
f 2329 2376 2466
f 499 484 458
f 484 465 458
f 465 485 486
f 486 520 500
f 500 550 552
f 552 551 501
f 551 521 501
f 521 499 474
f 2376 2330 2467
f 2067 2187 2189
f 2189 2239 2240
f 2239 2380 2333
f 2380 2334 2511
f 2334 2471 2511
f 2471 2335 2513
f 2513 2384 2603
f 2384 2209 2424
f 2209 2078 2018
f 2078 1943 2018
f 1943 1772 1776
f 1776 1626 1778
f 1626 1571 1684
f 1571 1464 1468
f 1464 1170 1419
f 1170 1028 1171
f 1028 892 844
f 892 888 791
f 888 840 792
f 840 938 838
f 838 1025 936
f 1025 1026 936
f 1026 1163 1023
f 1163 1210 1162
f 1210 1308 1259
f 1259 1447 1307
f 1447 1744 1490
f 1744 1750 2068
f 1750 2000 2068
f 2000 1999 2190
f 2190 2129 2240
f 2129 2189 2240
f 2728 2869 2775
f 2869 2861 2856
f 2861 2870 2857
f 2857 2921 2847
f 2921 2858 2848
f 2858 2859 2853
f 2859 2863 2854
f 2863 2813 2854
f 2813 2773 2810
f 2773 2721 2771
f 2721 2666 2530
f 2666 2622 2576
f 2622 2726 2667
f 2667 2671 2622
f 2671 2578 2622
f 2578 2575 2576
f 2575 2532 2530
f 2398 2403 2399
f 2403 2357 2315
f 2357 2359 2271
f 2271 2220 2270
f 2270 2274 2399
f 2530 2720 2721
f 2720 2665 2849
f 2665 2719 2847
f 2719 2531 2664
f 2531 2485 2621
f 2621 2670 2718
f 2670 2724 2718
f 2724 2728 2775
f 2878 2877 2959
f 2877 2819 2927
f 2872 2926 2985
f 2926 2776 2868
f 2776 2812 2868
f 2812 2723 2772
f 2772 2769 2842
f 2769 2916 2842
f 2916 2841 2947
f 2841 2808 2947
f 2808 2920 2947
f 2947 2982 2977
f 2982 2985 3044
f 2927 2959 2877
f 3338 3318 3360
f 3360 3357 3356
f 3357 3352 3354
f 3352 3335 3424
f 3335 3314 3402
f 3314 3313 3385
f 3313 3351 3385
f 3351 3353 3386
f 3353 3337 3355
f 3337 3317 3358
f 3358 3319 3361
f 3361 3320 3362
f 3362 3338 3363
f 2959 2880 2878
f 2330 2375 2467
f 2467 2505 2595
f 2505 2550 2683
f 2550 2549 2682
f 2549 2594 2681
f 2594 2504 2786
f 2504 2464 2740
f 2464 2465 2634
f 2465 2293 2466
f 2466 2376 2506
f 499 458 474
f 458 465 459
f 465 486 459
f 486 500 467
f 500 552 522
f 552 501 502
f 501 521 474
f 2376 2467 2506
f 2240 2239 2333
f 2333 2380 2511
f 2511 2471 2602
f 2471 2513 2602
f 2513 2603 2642
f 2603 2384 2424
f 2424 2209 2211
f 2209 2018 2083
f 2018 1943 1871
f 1943 1776 1778
f 1778 1626 1684
f 1684 1571 1629
f 1571 1468 1505
f 1468 1464 1419
f 1419 1170 1171
f 1171 1028 991
f 1028 844 991
f 844 892 791
f 791 888 792
f 792 840 841
f 840 838 841
f 838 936 839
f 936 1026 984
f 1026 1023 984
f 1023 1163 1118
f 1163 1162 1118
f 1162 1210 1259
f 1259 1307 1211
f 1307 1447 1490
f 1490 1744 1739
f 1744 2068 2069
f 2068 2000 2235
f 2000 2190 2235
f 2190 2240 2333
f 2775 2869 2864
f 2869 2856 2864
f 2856 2861 2846
f 2861 2857 2846
f 2857 2847 2846
f 2847 2921 2848
f 2848 2858 2849
f 2858 2853 2849
f 2853 2859 2919
f 2859 2854 2919
f 2854 2813 2810
f 2810 2773 2809
f 2773 2771 2809
f 2771 2721 2850
f 2530 2666 2575
f 2666 2576 2575
f 2576 2622 2578
f 2399 2403 2315
f 2315 2357 2271
f 2271 2270 2315
f 2270 2399 2315
f 2721 2720 2849
f 2849 2665 2848
f 2665 2847 2848
f 2847 2719 2846
f 2719 2664 2846
f 2664 2531 2621
f 2621 2718 2664
f 2718 2724 2855
f 2724 2775 2860
f 2985 2926 3019
f 2926 2868 2954
f 2868 2812 2951
f 2812 2772 2948
f 2772 2842 2948
f 2842 2916 3010
f 2916 2947 2977
f 2977 2982 3044
f 3044 2985 3019
f 3338 3360 3359
f 3360 3356 3359
f 3356 3357 3354
f 3354 3352 3404
f 3352 3424 3404
f 3424 3335 3403
f 3335 3402 3403
f 3402 3314 3385
f 3385 3351 3422
f 3351 3386 3422
f 3386 3353 3387
f 3353 3355 3387
f 3355 3337 3358
f 3358 3361 3388
f 3361 3362 3407
f 3362 3363 3407
f 3363 3338 3359
f 2467 2595 2506
f 2595 2505 2683
f 2683 2550 2682
f 2682 2549 2681
f 2681 2594 2786
f 2786 2504 2740
f 2740 2464 2634
f 2634 2465 2635
f 2465 2466 2596
f 2466 2506 2596
f 474 458 447
f 458 459 447
f 459 486 467
f 467 500 503
f 500 522 503
f 522 552 502
f 502 501 474
f 2333 2511 2470
f 2511 2602 2638
f 2602 2513 2642
f 2642 2603 2748
f 2603 2424 2426
f 2424 2211 2426
f 2211 2209 2083
f 2083 2018 2021
f 2018 1871 1945
f 1871 1943 1778
f 1778 1684 1780
f 1684 1629 1685
f 1629 1571 1505
f 1505 1468 1507
f 1468 1419 1469
f 1419 1171 1174
f 1171 991 1174
f 991 844 893
f 844 791 751
f 791 792 709
f 792 841 793
f 841 838 839
f 839 936 937
f 936 984 937
f 984 1023 982
f 1023 1118 1024
f 1118 1162 1119
f 1162 1259 1211
f 1211 1307 1309
f 1307 1490 1309
f 1490 1739 1491
f 1739 1744 2069
f 2069 2068 2296
f 2068 2235 2295
f 2235 2190 2422
f 2190 2333 2422
f 2775 2864 2924
f 2864 2856 2923
f 2856 2846 2845
f 2849 2853 2850
f 2853 2919 2918
f 2919 2854 2810
f 2810 2809 2851
f 2809 2771 2918
f 2771 2850 2918
f 2850 2721 2849
f 2846 2664 2845
f 2664 2718 2770
f 2718 2855 2843
f 2855 2724 2860
f 2860 2775 2924
f 3019 2926 2954
f 2954 2868 2952
f 2868 2951 2952
f 2951 2812 2948
f 2948 2842 2975
f 2842 3010 2975
f 3010 2916 3043
f 2916 2977 3043
f 2977 3044 3043
f 3044 3019 3045
f 3359 3356 3389
f 3356 3354 3387
f 3354 3404 3425
f 3404 3424 3442
f 3424 3403 3440
f 3403 3402 3440
f 3402 3385 3421
f 3385 3422 3421
f 3422 3386 3423
f 3386 3387 3425
f 3387 3355 3389
f 3355 3358 3388
f 3388 3361 3405
f 3361 3407 3405
f 3407 3363 3406
f 3363 3359 3406
f 2506 2595 2684
f 2595 2683 2741
f 2683 2682 2824
f 2682 2681 2889
f 2681 2786 2823
f 2786 2740 2936
f 2740 2634 2890
f 2634 2635 2890
f 2635 2465 2596
f 2596 2506 2684
f 474 447 466
f 447 459 439
f 459 467 460
f 467 503 487
f 503 522 553
f 522 502 523
f 502 474 466
f 2333 2470 2422
f 2470 2511 2551
f 2511 2638 2551
f 2638 2602 2687
f 2602 2642 2687
f 2642 2748 2745
f 2748 2603 2605
f 2603 2426 2605
f 2426 2211 2429
f 2211 2083 2085
f 2083 2021 2085
f 2021 2018 1945
f 1945 1871 1872
f 1871 1778 1780
f 1780 1684 1685
f 1685 1629 1628
f 1629 1505 1574
f 1505 1507 1574
f 1507 1468 1469
f 1469 1419 1422
f 1419 1174 1422
f 1174 991 1032
f 991 893 1032
f 893 844 847
f 844 751 711
f 751 791 668
f 791 709 668
f 709 792 793
f 793 841 842
f 841 839 842
f 839 937 889
f 937 984 985
f 984 982 985
f 982 1023 1024
f 1024 1118 1119
f 1119 1162 1164
f 1162 1211 1164
f 1211 1309 1212
f 1309 1490 1491
f 1491 1739 1740
f 1739 2069 2070
f 2069 2296 2236
f 2296 2068 2295
f 2295 2235 2331
f 2235 2422 2379
f 2924 2864 2923
f 2923 2856 2845
f 2850 2853 2918
f 2918 2919 2809
f 2919 2810 2851
f 2851 2809 2919
f 2845 2664 2770
f 2770 2718 2843
f 2843 2855 3014
f 2855 2860 2979
f 2860 2924 2980
f 3019 2954 3046
f 2954 2952 2983
f 2952 2951 3017
f 2951 2948 3016
f 2948 2975 2978
f 2975 3010 3011
f 3010 3043 3076
f 3043 3044 3045
f 3045 3019 3046
f 3359 3389 3406
f 3389 3356 3387
f 3387 3354 3425
f 3425 3404 3457
f 3404 3442 3458
f 3442 3424 3440
f 3440 3402 3455
f 3402 3421 3455
f 3421 3422 3441
f 3422 3423 3441
f 3423 3386 3425
f 3389 3355 3388
f 3388 3405 3406
f 3405 3407 3406
f 2684 2595 2741
f 2741 2683 2824
f 2824 2682 2889
f 2889 2681 2823
f 2823 2786 2967
f 2786 2936 2967
f 2936 2740 2890
f 2890 2635 2825
f 2635 2596 2787
f 2596 2684 2787
f 466 447 448
f 447 439 438
f 439 459 441
f 459 460 441
f 460 467 487
f 487 503 524
f 503 553 524
f 553 522 523
f 523 502 468
f 502 466 468
f 2422 2470 2551
f 2551 2638 2685
f 2638 2687 2742
f 2687 2642 2745
f 2745 2748 2827
f 2748 2605 2693
f 2605 2426 2429
f 2429 2211 2212
f 2211 2085 2212
f 2085 2021 2084
f 2021 1945 2020
f 1945 1872 1948
f 1872 1871 1780
f 1780 1685 1786
f 1685 1628 1686
f 1628 1629 1574
f 1574 1507 1576
f 1507 1469 1509
f 1469 1422 1509
f 1422 1174 1221
f 1174 1032 1033
f 1032 893 897
f 893 847 849
f 847 844 712
f 844 711 712
f 711 751 669
f 751 668 582
f 668 709 583
f 709 793 710
f 793 842 794
f 842 839 889
f 889 937 939
f 937 985 939
f 985 982 986
f 982 1024 983
f 1024 1119 1120
f 1119 1164 1120
f 1164 1211 1212
f 1212 1309 1312
f 1309 1491 1357
f 1491 1740 1550
f 1740 1739 2070
f 2070 2069 2236
f 2236 2296 2378
f 2296 2295 2378
f 2295 2331 2377
f 2331 2235 2379
f 2379 2422 2509
f 2924 2923 2949
f 2923 2845 2844
f 2845 2770 2844
f 2770 2843 2917
f 2843 3014 2976
f 3014 2855 2979
f 2979 2860 2980
f 2980 2924 2949
f 3046 2954 2983
f 2983 2952 3018
f 2952 3017 3018
f 3017 2951 3016
f 3016 2948 2978
f 2978 2975 3011
f 3011 3010 3040
f 3010 3076 3040
f 3076 3043 3045
f 3045 3046 3080
f 3406 3389 3388
f 3425 3457 3423
f 3457 3404 3458
f 3458 3442 3456
f 3442 3440 3456
f 3440 3455 3456
f 3455 3421 3441
f 3441 3423 3456
f 2684 2741 2826
f 2741 2824 2891
f 2824 2889 2994
f 2889 2823 3023
f 2823 2967 2993
f 2967 2936 3102
f 2936 2890 3102
f 2890 2825 3051
f 2825 2635 2787
f 2787 2684 2826
f 466 448 449
f 448 447 438
f 438 439 431
f 439 441 415
f 441 460 433
f 460 487 451
f 487 524 555
f 524 553 555
f 553 523 554
f 523 468 475
f 468 466 449
f 2422 2551 2509
f 2551 2685 2636
f 2685 2638 2742
f 2742 2687 2788
f 2687 2745 2788
f 2745 2827 2892
f 2827 2748 2895
f 2748 2693 2750
f 2693 2605 2608
f 2605 2429 2608
f 2429 2212 2387
f 2212 2085 2087
f 2085 2084 2087
f 2084 2021 2020
f 2020 1945 1948
f 1948 1872 1786
f 1872 1780 1786
f 1786 1685 1686
f 1686 1628 1687
f 1628 1574 1575
f 1574 1576 1575
f 1576 1507 1508
f 1507 1509 1508
f 1509 1422 1471
f 1422 1221 1471
f 1221 1174 1033
f 1033 1032 897
f 897 893 849
f 849 847 795
f 847 712 670
f 712 711 585
f 711 669 616
f 669 751 582
f 582 668 583
f 583 709 584
f 709 710 584
f 710 793 794
f 794 842 891
f 842 889 891
f 889 939 890
f 939 985 986
f 986 982 983
f 983 1024 1120
f 1120 1164 1212
f 1212 1312 1316
f 1312 1309 1357
f 1357 1491 1550
f 1550 1740 1741
f 1740 2070 1995
f 2070 2236 2237
f 2236 2378 2332
f 2378 2295 2377
f 2377 2331 2379
f 2379 2509 2507
f 2949 2923 2844
f 2844 2770 2917
f 2917 2843 2976
f 2976 3014 3042
f 3014 2979 2980
f 2980 2949 3015
f 3046 2983 3080
f 2983 3018 3080
f 3018 3017 3078
f 3017 3016 3078
f 3016 2978 3041
f 2978 3011 3041
f 3011 3040 3075
f 3040 3076 3074
f 3076 3045 3079
f 3045 3080 3079
f 3423 3457 3456
f 3457 3458 3456
f 3456 3455 3441
f 2826 2741 2891
f 2891 2824 2994
f 2994 2889 3023
f 3023 2823 2993
f 2993 2967 3111
f 2967 3102 3111
f 3102 2890 3051
f 3051 2825 2995
f 2825 2787 2995
f 2787 2826 2968
f 449 448 416
f 448 438 440
f 438 431 430
f 431 439 415
f 415 441 401
f 441 433 403
f 433 460 451
f 451 487 476
f 487 555 525
f 555 553 580
f 553 554 580
f 554 523 475
f 475 468 469
f 468 449 469
f 2509 2551 2636
f 2636 2685 2686
f 2685 2742 2743
f 2742 2788 2743
f 2788 2745 2892
f 2892 2827 3000
f 2827 2895 2894
f 2895 2748 2896
f 2748 2750 2896
f 2750 2693 2753
f 2693 2608 2699
f 2608 2429 2563
f 2429 2387 2563
f 2387 2212 2089
f 2212 2087 2089
f 2087 2084 2025
f 2084 2020 2023
f 2020 1948 1950
f 1948 1786 1873
f 1786 1686 1790
f 1686 1687 1689
f 1687 1628 1575
f 1575 1576 1635
f 1576 1508 1579
f 1508 1509 1640
f 1509 1471 1581
f 1471 1221 1222
f 1221 1033 996
f 1033 897 996
f 897 849 855
f 849 795 850
f 795 847 670
f 670 712 586
f 712 585 586
f 585 711 616
f 616 669 558
f 669 582 558
f 582 583 506
f 583 584 530
f 584 710 615
f 710 794 752
f 794 891 843
f 891 889 890
f 890 939 940
f 939 986 940
f 986 983 987
f 983 1120 1073
f 1120 1212 1073
f 1212 1316 1167
f 1316 1312 1366
f 1312 1357 1359
f 1357 1550 1399
f 1550 1741 1551
f 1741 1740 1995
f 1995 2070 2237
f 2237 2236 2297
f 2236 2332 2297
f 2332 2378 2421
f 2378 2377 2421
f 2377 2379 2468
f 2379 2507 2468
f 2507 2509 2597
f 2949 2844 2917
f 2917 2976 3012
f 2976 3042 3012
f 3042 3014 2980
f 2980 3015 3042
f 3015 2949 3013
f 3080 3018 3077
f 3018 3078 3077
f 3078 3016 3041
f 3041 3011 3075
f 3075 3040 3074
f 3074 3076 3079
f 3079 3080 3077
f 2826 2891 2996
f 2891 2994 3052
f 2994 3023 3112
f 3023 2993 3128
f 2993 3111 3128
f 3111 3102 3145
f 3102 3051 3145
f 3051 2995 3103
f 2995 2787 2968
f 2968 2826 2996
f 449 416 402
f 416 448 440
f 440 438 430
f 430 431 429
f 431 415 400
f 415 401 388
f 401 441 403
f 403 433 404
f 433 451 417
f 451 476 452
f 476 487 525
f 525 555 526
f 555 580 526
f 580 554 581
f 554 475 527
f 475 469 489
f 469 449 450
f 2509 2636 2597
f 2636 2686 2637
f 2686 2685 2743
f 2743 2788 2789
f 2788 2892 2893
f 2892 3000 3001
f 3000 2827 2894
f 2894 2895 3004
f 2895 2896 3030
f 2896 2750 2938
f 2750 2753 2751
f 2753 2693 2699
f 2699 2608 2563
f 2563 2387 2610
f 2387 2089 2388
f 2089 2087 1955
f 2087 2025 1881
f 2025 2084 2023
f 2023 2020 1950
f 1950 1948 1873
f 1873 1786 1790
f 1790 1686 1689
f 1689 1687 1688
f 1687 1575 1632
f 1575 1635 1632
f 1635 1576 1579
f 1579 1508 1640
f 1640 1509 1581
f 1581 1471 1582
f 1471 1222 1328
f 1222 1221 996
f 996 897 797
f 897 855 797
f 855 849 850
f 850 795 848
f 795 670 645
f 670 586 559
f 586 585 508
f 585 616 533
f 616 558 532
f 558 582 505
f 582 506 505
f 506 583 530
f 530 584 615
f 615 710 752
f 752 794 843
f 843 891 845
f 891 890 941
f 890 940 990
f 940 986 987
f 987 983 1073
f 1073 1212 1167
f 1167 1316 1214
f 1316 1366 1369
f 1366 1312 1359
f 1359 1357 1399
f 1399 1550 1551
f 1551 1741 1745
f 1741 1995 1996
f 1995 2237 2188
f 2237 2297 2241
f 2297 2332 2298
f 2332 2421 2469
f 2421 2377 2420
f 2377 2468 2420
f 2468 2507 2508
f 2507 2597 2552
f 2949 2917 3013
f 2917 3012 3013
f 3012 3042 3013
f 3042 3015 3013
f 3077 3078 3074
f 3078 3041 3075
f 3075 3074 3078
f 3074 3079 3077
f 2996 2891 3052
f 3052 2994 3112
f 3112 3023 3128
f 3128 3111 3180
f 3111 3145 3180
f 3145 3051 3103
f 3103 2995 3053
f 2995 2968 3053
f 2968 2996 3024
f 449 402 450
f 402 416 379
f 416 440 432
f 440 430 432
f 430 429 421
f 429 431 400
f 400 415 388
f 388 401 390
f 401 403 381
f 403 404 366
f 404 433 417
f 417 451 434
f 451 452 434
f 452 476 470
f 476 525 488
f 525 526 488
f 526 580 581
f 581 554 556
f 554 527 556
f 527 475 489
f 489 469 471
f 469 450 461
f 2597 2636 2637
f 2637 2686 2688
f 2686 2743 2744
f 2743 2789 2744
f 2789 2788 2893
f 2893 2892 3001
f 3001 3000 3089
f 3000 2894 3066
f 2894 3004 3066
f 3004 2895 3030
f 3030 2896 3031
f 2896 2938 3031
f 2938 2750 2751
f 2751 2753 2754
f 2753 2699 2755
f 2699 2563 2610
f 2610 2387 2388
f 2388 2089 2259
f 2089 1955 2028
f 1955 2087 1881
f 1881 2025 1802
f 2025 2023 1953
f 2023 1950 1952
f 1950 1873 1876
f 1873 1790 1789
f 1790 1689 1791
f 1689 1688 1690
f 1688 1687 1632
f 1632 1635 1634
f 1635 1579 1637
f 1579 1640 1639
f 1640 1581 1805
f 1581 1582 1703
f 1582 1471 1585
f 1471 1328 1512
f 1328 1222 998
f 1222 996 998
f 996 797 755
f 797 855 798
f 855 850 856
f 850 848 851
f 848 795 796
f 795 645 754
f 645 670 559
f 559 586 508
f 508 585 533
f 533 616 532
f 532 558 507
f 558 505 507
f 505 506 478
f 506 530 491
f 530 615 531
f 615 752 644
f 752 843 753
f 843 845 796
f 845 891 941
f 941 890 990
f 990 940 988
f 940 987 988
f 987 1073 1214
f 1073 1167 1214
f 1214 1316 1319
f 1316 1369 1408
f 1369 1366 1313
f 1366 1359 1405
f 1359 1399 1402
f 1399 1551 1449
f 1551 1745 1614
f 1745 1741 1996
f 1996 1995 2188
f 2188 2237 2241
f 2241 2297 2200
f 2297 2298 2200
f 2298 2332 2423
f 2332 2469 2510
f 2469 2421 2420
f 2420 2468 2508
f 2508 2507 2552
f 2552 2597 2598
f 2996 3052 3054
f 3052 3112 3129
f 3112 3128 3164
f 3128 3180 3164
f 3180 3145 3156
f 3145 3103 3156
f 3103 3053 3113
f 3053 2968 3024
f 3024 2996 3054
f 450 402 391
f 402 379 380
f 379 416 389
f 416 432 389
f 432 430 422
f 430 421 420
f 421 429 387
f 429 400 387
f 400 388 376
f 388 390 378
f 390 401 381
f 381 403 348
f 403 366 348
f 366 404 367
f 404 417 367
f 417 434 406
f 434 452 442
f 452 470 463
f 470 476 488
f 488 526 504
f 526 581 557
f 581 556 557
f 556 527 528
f 527 489 528
f 489 471 528
f 471 469 461
f 461 450 405
f 2597 2637 2598
f 2637 2688 2639
f 2688 2686 2744
f 2744 2789 2746
f 2789 2893 2828
f 2893 3001 3002
f 3001 3089 3067
f 3089 3000 3088
f 3000 3066 3088
f 3066 3004 3091
f 3004 3030 3092
f 3030 3031 3108
f 3031 2938 3068
f 2938 2751 2937
f 2751 2754 2692
f 2754 2753 2755
f 2755 2699 2791
f 2699 2610 2791
f 2610 2388 2565
f 2388 2259 2565
f 2259 2089 2030
f 2089 2028 1958
f 2028 1955 1703
f 1955 1881 1805
f 1881 1802 1805
f 1802 2025 1953
f 1953 2023 1952
f 1952 1950 1876
f 1876 1873 1789
f 1789 1790 1791
f 1791 1689 1690
f 1690 1688 1691
f 1688 1632 1691
f 1632 1634 1691
f 1634 1635 1637
f 1637 1579 1639
f 1639 1640 1805
f 1805 1581 1807
f 1581 1703 1807
f 1703 1582 1704
f 1582 1585 1704
f 1585 1471 1512
f 1512 1328 1474
f 1328 998 1176
f 998 996 802
f 996 755 802
f 755 797 713
f 797 798 713
f 798 855 799
f 855 856 799
f 856 850 851
f 851 848 852
f 848 796 845
f 796 795 754
f 754 645 644
f 645 559 644
f 559 508 531
f 508 533 494
f 533 532 493
f 532 507 493
f 507 505 478
f 478 506 491
f 491 530 531
f 531 615 644
f 644 752 753
f 753 843 796
f 845 941 846
f 941 990 1027
f 990 988 1075
f 988 987 1169
f 987 1214 1169
f 1214 1319 1320
f 1319 1316 1408
f 1408 1369 1410
f 1369 1313 1317
f 1313 1366 1362
f 1366 1405 1362
f 1405 1359 1402
f 1402 1399 1449
f 1449 1551 1614
f 1614 1745 1751
f 1745 1996 1932
f 1996 2188 2130
f 2188 2241 2193
f 2241 2200 2198
f 2200 2298 2202
f 2298 2423 2381
f 2423 2332 2510
f 2510 2469 2553
f 2469 2420 2508
f 2508 2552 2553
f 2552 2598 2599
f 3054 3052 3104
f 3052 3129 3104
f 3129 3112 3164
f 3164 3180 3196
f 3180 3156 3196
f 3156 3103 3113
f 3113 3053 3084
f 3053 3024 3084
f 3024 3054 3055
f 450 391 405
f 391 402 380
f 380 379 346
f 379 389 345
f 389 432 377
f 432 422 377
f 422 430 420
f 420 421 414
f 421 387 375
f 387 400 376
f 376 388 378
f 378 390 364
f 390 381 347
f 381 348 347
f 348 366 333
f 366 367 319
f 367 417 406
f 406 434 408
f 434 442 423
f 442 452 463
f 463 470 490
f 470 488 504
f 504 526 529
f 526 557 529
f 557 556 528
f 528 471 477
f 471 461 462
f 461 405 453
f 2598 2637 2639
f 2639 2688 2640
f 2688 2744 2689
f 2744 2746 2689
f 2746 2789 2828
f 2828 2893 3002
f 3002 3001 3067
f 3067 3089 3121
f 3089 3088 3120
f 3088 3066 3107
f 3066 3091 3107
f 3091 3004 3092
f 3092 3030 3108
f 3108 3031 3068
f 3068 2938 2937
f 2937 2751 2790
f 2751 2692 2752
f 2692 2754 2694
f 2754 2755 2756
f 2755 2791 2792
f 2791 2610 2831
f 2610 2565 2794
f 2565 2259 2390
f 2259 2030 2093
f 2030 2089 1958
f 1958 2028 1704
f 2028 1703 1704
f 1955 2028 1956
f 1955 1805 1807
f 1805 1802 1699
f 1802 1953 1880
f 1953 1952 1880
f 1952 1876 1878
f 1876 1789 1875
f 1789 1791 1875
f 1791 1690 1793
f 1690 1691 1693
f 1691 1634 1694
f 1634 1637 1694
f 1637 1639 1698
f 1639 1805 1699
f 1704 1585 1645
f 1585 1512 1515
f 1512 1474 1515
f 1474 1328 1329
f 1328 1176 1329
f 1176 998 907
f 998 802 716
f 802 755 714
f 755 713 714
f 713 798 671
f 798 799 671
f 799 856 857
f 856 851 857
f 851 852 857
f 852 848 846
f 848 845 846
f 796 754 753
f 754 644 753
f 644 559 531
f 531 508 491
f 508 494 481
f 494 533 493
f 493 507 492
f 507 478 492
f 478 491 480
f 846 941 942
f 941 1027 1029
f 1027 990 1075
f 1075 988 1169
f 1169 1214 1320
f 1320 1319 1409
f 1319 1408 1409
f 1408 1410 1461
f 1410 1369 1317
f 1317 1313 1314
f 1313 1362 1363
f 1362 1405 1400
f 1405 1402 1400
f 1402 1449 1450
f 1449 1614 1552
f 1614 1751 1746
f 1751 1745 1932
f 1932 1996 2130
f 2130 2188 2193
f 2193 2241 2198
f 2198 2200 2242
f 2200 2202 2244
f 2202 2298 2205
f 2298 2381 2252
f 2381 2423 2512
f 2423 2510 2512
f 2510 2553 2554
f 2553 2469 2508
f 2553 2552 2599
f 2599 2598 2600
f 3054 3104 3056
f 3104 3129 3114
f 3129 3164 3146
f 3164 3196 3182
f 3196 3156 3163
f 3156 3113 3130
f 3113 3084 3130
f 3084 3024 3055
f 3055 3054 3056
f 405 391 350
f 391 380 365
f 380 346 365
f 346 379 345
f 345 389 377
f 377 422 362
f 422 420 413
f 420 414 413
f 414 421 375
f 375 387 361
f 387 376 361
f 376 378 363
f 378 364 363
f 364 390 347
f 347 348 302
f 348 333 303
f 333 366 319
f 319 367 320
f 367 406 368
f 406 408 369
f 408 434 423
f 423 442 424
f 442 463 454
f 463 490 477
f 490 470 504
f 504 529 490
f 529 557 528
f 528 477 490
f 477 471 472
f 471 462 472
f 462 461 453
f 453 405 407
f 2598 2639 2600
f 2639 2640 2600
f 2640 2688 2689
f 2689 2746 2747
f 2746 2828 2829
f 2828 3002 3003
f 3002 3067 3003
f 3067 3121 3090
f 3121 3089 3120
f 3120 3088 3107
f 3107 3091 3123
f 3091 3092 3123
f 3092 3108 3124
f 3108 3068 3090
f 3068 2937 2969
f 2937 2790 2969
f 2790 2751 2752
f 2752 2692 2690
f 2692 2694 2695
f 2694 2754 2756
f 2756 2755 2793
f 2755 2792 2793
f 2792 2791 2897
f 2791 2831 2897
f 2831 2610 2794
f 2794 2565 2833
f 2565 2390 2653
f 2390 2259 2260
f 2259 2093 2260
f 2093 2030 2033
f 2030 1958 2033
f 1958 1704 1960
f 1699 1802 1880
f 1880 1952 1878
f 1878 1876 1875
f 1875 1791 1794
f 1791 1793 1794
f 1793 1690 1692
f 1690 1693 1692
f 1693 1691 1694
f 1694 1637 1698
f 1698 1639 1798
f 1639 1699 1798
f 1704 1645 1809
f 1645 1585 1515
f 1515 1474 1516
f 1474 1329 1476
f 1329 1176 1228
f 1176 907 1082
f 907 998 716
f 716 802 714
f 714 713 646
f 713 671 646
f 671 799 672
f 799 857 800
f 857 852 858
f 852 846 853
f 491 508 481
f 481 494 473
f 494 493 473
f 493 492 473
f 492 478 479
f 478 480 479
f 480 491 481
f 846 942 943
f 942 941 1029
f 1029 1027 1121
f 1027 1075 1215
f 1075 1169 1372
f 1169 1320 1372
f 1320 1409 1413
f 1409 1408 1461
f 1461 1410 1563
f 1410 1317 1411
f 1317 1314 1318
f 1314 1313 1363
f 1363 1362 1360
f 1362 1400 1360
f 1400 1402 1450
f 1450 1449 1552
f 1552 1614 1746
f 1746 1751 1932
f 1932 2130 1997
f 2130 2193 2131
f 2193 2198 2191
f 2198 2242 2191
f 2242 2200 2244
f 2244 2202 2249
f 2202 2205 2141
f 2205 2298 2252
f 2252 2381 2253
f 2381 2512 2382
f 2512 2510 2554
f 2554 2553 2599
f 2599 2600 2554
f 3056 3104 3114
f 3114 3129 3146
f 3146 3164 3182
f 3182 3196 3228
f 3196 3163 3195
f 3163 3156 3165
f 3156 3130 3165
f 3130 3084 3057
f 3084 3055 3025
f 3055 3056 3058
f 405 350 351
f 350 391 349
f 391 365 349
f 365 346 332
f 346 345 316
f 345 377 316
f 377 362 316
f 362 422 413
f 413 414 397
f 414 375 360
f 375 361 343
f 361 376 363
f 363 364 331
f 364 347 317
f 347 302 317
f 302 348 303
f 303 333 319
f 319 320 256
f 320 367 368
f 368 406 369
f 369 408 409
f 408 423 382
f 423 424 411
f 424 442 454
f 454 463 472
f 463 477 472
f 490 529 528
f 472 462 455
f 462 453 464
f 453 407 443
f 407 405 351
f 2600 2640 2641
f 2640 2689 2643
f 2689 2747 2749
f 2747 2746 2829
f 2829 2828 3003
f 3003 3067 3090
f 3090 3121 3108
f 3121 3120 3139
f 3120 3107 3122
f 3107 3123 3122
f 3123 3092 3124
f 3124 3108 3140
f 3090 3068 2969
f 2969 2790 2830
f 2790 2752 2830
f 2752 2690 2749
f 2690 2692 2691
f 2692 2695 2691
f 2695 2694 2703
f 2694 2756 2703
f 2756 2793 2703
f 2793 2792 2939
f 2792 2897 2939
f 2897 2831 2898
f 2831 2794 2898
f 2794 2833 2898
f 2833 2565 2653
f 2653 2390 2479
f 2390 2260 2308
f 2260 2093 2094
f 2093 2033 2035
f 2033 1958 1960
f 1960 1704 1809
f 1699 1880 1798
f 1880 1878 1797
f 1878 1875 1794
f 1794 1793 1695
f 1793 1692 1695
f 1692 1693 1695
f 1693 1694 1697
f 1694 1698 1697
f 1698 1798 1796
f 1809 1645 1647
f 1645 1515 1587
f 1515 1516 1587
f 1516 1474 1476
f 1476 1329 1331
f 1329 1228 1331
f 1228 1176 1082
f 1082 907 758
f 907 716 648
f 716 714 647
f 714 646 647
f 646 671 587
f 671 672 587
f 672 799 800
f 800 857 858
f 858 852 898
f 852 853 898
f 853 846 943
f 481 473 480
f 473 492 479
f 479 480 473
f 943 942 1030
f 942 1029 1030
f 1029 1121 1122
f 1121 1027 1215
f 1215 1075 1372
f 1372 1320 1413
f 1413 1409 1500
f 1409 1461 1500
f 1461 1563 1624
f 1563 1410 1566
f 1410 1411 1566
f 1411 1317 1318
f 1318 1314 1315
f 1314 1363 1315
f 1363 1360 1364
f 1360 1400 1451
f 1400 1450 1451
f 1450 1552 1553
f 1552 1746 1747
f 1746 1932 1997
f 1997 2130 2131
f 2131 2193 2191
f 2191 2242 2194
f 2242 2244 2243
f 2244 2249 2245
f 2249 2202 2141
f 2141 2205 2143
f 2205 2252 2140
f 2252 2253 2140
f 2253 2381 2382
f 2382 2512 2555
f 2512 2554 2555
f 2554 2600 2601
f 3056 3114 3085
f 3114 3146 3115
f 3146 3182 3167
f 3182 3228 3167
f 3228 3196 3239
f 3196 3195 3239
f 3195 3163 3178
f 3163 3165 3181
f 3165 3130 3166
f 3130 3057 3147
f 3057 3084 3025
f 3025 3055 3058
f 3058 3056 3085
f 351 350 305
f 350 349 304
f 349 365 332
f 332 346 301
f 346 316 301
f 316 362 284
f 362 413 399
f 413 397 399
f 397 414 398
f 414 360 398
f 360 375 343
f 343 361 344
f 361 363 344
f 363 331 344
f 331 364 317
f 317 302 285
f 302 303 272
f 303 319 274
f 319 256 274
f 256 320 275
f 320 368 321
f 368 369 321
f 369 409 352
f 409 408 382
f 382 423 411
f 411 424 425
f 424 454 445
f 454 472 455
f 455 462 464
f 464 453 443
f 443 407 392
f 407 351 334
f 2600 2641 2601
f 2641 2640 2643
f 2643 2689 2749
f 2749 2747 2830
f 2747 2829 2830
f 2829 3003 2969
f 3003 3090 2969
f 3108 3121 3140
f 3121 3139 3140
f 3139 3120 3138
f 3120 3122 3138
f 3122 3123 3153
f 3123 3124 3153
f 3124 3140 3153
f 2969 2830 2829
f 2830 2752 2749
f 2749 2690 2643
f 2690 2691 2643
f 2691 2695 2696
f 2695 2703 2704
f 2703 2793 2757
f 2793 2939 2940
f 2939 2897 2970
f 2897 2898 2970
f 2898 2833 2941
f 2833 2653 2943
f 2653 2479 2760
f 2479 2390 2308
f 2308 2260 2261
f 2260 2094 2261
f 2094 2093 2035
f 2035 2033 2034
f 2033 1960 2034
f 1960 1809 1886
f 1798 1880 1797
f 1797 1878 1794
f 1794 1695 1696
f 1695 1693 1696
f 1693 1697 1696
f 1697 1698 1796
f 1809 1647 1810
f 1647 1645 1587
f 1587 1516 1520
f 1516 1476 1520
f 1476 1331 1479
f 1331 1228 1333
f 1228 1082 1179
f 1082 758 953
f 758 907 648
f 648 716 590
f 716 647 590
f 647 646 588
f 646 587 588
f 587 672 589
f 672 800 715
f 800 858 801
f 858 898 905
f 898 853 899
f 853 943 944
f 943 1030 1031
f 1030 1029 1122
f 1122 1121 1215
f 1215 1372 1262
f 1372 1413 1414
f 1413 1500 1499
f 1500 1461 1624
f 1624 1563 1773
f 1563 1566 1774
f 1566 1411 1564
f 1411 1318 1412
f 1318 1315 1370
f 1315 1363 1364
f 1364 1360 1403
f 1360 1451 1452
f 1451 1450 1553
f 1553 1552 1747
f 1747 1746 1997
f 1997 2131 1998
f 2131 2191 2132
f 2191 2194 2132
f 2194 2242 2243
f 2243 2244 2245
f 2245 2249 2250
f 2249 2141 2206
f 2141 2143 2010
f 2143 2205 2140
f 2140 2253 2208
f 2253 2382 2254
f 2382 2555 2472
f 2555 2554 2601
f 3085 3114 3115
f 3115 3146 3157
f 3146 3167 3157
f 3167 3228 3240
f 3228 3239 3257
f 3239 3195 3255
f 3195 3178 3208
f 3178 3163 3179
f 3163 3181 3179
f 3181 3165 3209
f 3165 3166 3209
f 3166 3130 3147
f 3147 3057 3116
f 3057 3025 2997
f 3025 3058 3026
f 3058 3085 3060
f 351 305 288
f 305 350 304
f 304 349 318
f 349 332 318
f 332 301 286
f 301 316 284
f 284 362 330
f 362 399 330
f 399 397 374
f 397 398 372
f 398 360 373
f 360 343 314
f 343 344 329
f 344 331 315
f 331 317 285
f 285 302 272
f 272 303 240
f 303 274 240
f 274 256 214
f 256 275 215
f 275 320 321
f 321 369 322
f 369 352 322
f 352 409 410
f 409 382 394
f 382 411 355
f 411 425 395
f 425 424 445
f 445 454 455
f 455 464 456
f 464 443 456
f 443 392 444
f 392 407 334
f 334 351 288
f 2601 2641 2556
f 2641 2643 2556
f 3140 3139 3153
f 3139 3138 3153
f 3138 3122 3153
f 2643 2691 2644
f 2691 2696 2606
f 2696 2695 2700
f 2695 2704 2700
f 2704 2703 2757
f 2757 2793 2940
f 2940 2939 3032
f 2939 2970 3032
f 2970 2898 2941
f 2941 2833 3005
f 2833 2943 3005
f 2943 2653 2760
f 2760 2479 2571
f 2479 2308 2393
f 2308 2261 2310
f 2261 2094 2157
f 2094 2035 2039
f 2035 2034 2039
f 2034 1960 1886
f 1886 1809 1810
f 1797 1794 1796
f 1794 1696 1796
f 1696 1697 1796
f 1810 1647 1648
f 1647 1587 1649
f 1587 1520 1588
f 1520 1476 1479
f 1479 1331 1379
f 1331 1333 1379
f 1333 1228 1179
f 1179 1082 953
f 953 758 718
f 758 648 619
f 648 590 561
f 590 647 536
f 647 588 536
f 588 587 534
f 587 589 534
f 589 672 715
f 715 800 801
f 801 858 905
f 905 898 902
f 898 899 902
f 899 853 944
f 944 943 1031
f 1031 1030 1123
f 1030 1122 1123
f 1122 1215 1262
f 1262 1372 1414
f 1414 1413 1462
f 1413 1499 1462
f 1499 1500 1567
f 1500 1624 1625
f 1624 1773 1777
f 1773 1563 1774
f 1774 1566 1775
f 1566 1564 1775
f 1564 1411 1412
f 1412 1318 1370
f 1370 1315 1368
f 1315 1364 1365
f 1364 1403 1454
f 1403 1360 1452
f 1452 1451 1553
f 1553 1747 1554
f 1747 1997 1998
f 1998 2131 2132
f 2132 2194 2133
f 2194 2243 2196
f 2243 2245 2246
f 2245 2250 2246
f 2250 2249 2206
f 2206 2141 2013
f 2141 2010 2013
f 2010 2143 1941
f 2143 2140 2077
f 2140 2208 2077
f 2208 2253 2254
f 2254 2382 2472
f 2472 2555 2556
f 2555 2601 2556
f 3085 3115 3131
f 3115 3157 3131
f 3157 3167 3168
f 3167 3240 3258
f 3240 3228 3257
f 3257 3239 3265
f 3239 3255 3265
f 3255 3195 3208
f 3208 3178 3193
f 3178 3179 3193
f 3179 3181 3209
f 3209 3166 3197
f 3166 3147 3197
f 3147 3116 3169
f 3116 3057 3059
f 3057 2997 3059
f 2997 3025 3026
f 3026 3058 3060
f 3060 3085 3131
f 288 305 230
f 305 304 273
f 304 318 273
f 318 332 286
f 286 301 271
f 301 284 271
f 284 330 252
f 330 399 374
f 374 397 372
f 372 398 373
f 373 360 328
f 360 314 328
f 314 343 329
f 329 344 315
f 315 331 285
f 285 272 227
f 272 240 227
f 240 274 229
f 274 214 229
f 214 256 215
f 215 275 198
f 275 321 257
f 321 322 257
f 322 352 306
f 352 410 370
f 410 409 394
f 394 382 355
f 355 411 383
f 411 395 383
f 395 425 426
f 425 445 435
f 445 455 446
f 455 456 457
f 456 443 444
f 444 392 393
f 392 334 393
f 334 288 276
f 2556 2643 2644
f 2644 2691 2604
f 2691 2606 2604
f 2606 2696 2645
f 2696 2700 2649
f 2700 2704 2706
f 2704 2757 2758
f 2757 2940 2899
f 2940 3032 3034
f 3032 2970 3033
f 2970 2941 3033
f 2941 3005 3093
f 3005 2943 3036
f 2943 2760 2973
f 2760 2571 2834
f 2571 2479 2393
f 2393 2308 2310
f 2310 2261 2263
f 2261 2157 2263
f 2157 2094 2039
f 2039 2034 1964
f 2034 1886 1962
f 1886 1810 1887
f 1810 1648 1812
f 1648 1647 1649
f 1649 1587 1588
f 1588 1520 1653
f 1520 1479 1589
f 1479 1379 1521
f 1379 1333 1334
f 1333 1179 1229
f 1179 953 1083
f 953 718 909
f 718 758 619
f 619 648 561
f 561 590 536
f 536 588 534
f 534 589 535
f 589 715 617
f 715 801 756
f 801 905 906
f 905 902 949
f 902 899 947
f 899 944 895
f 944 1031 992
f 1031 1123 1172
f 1123 1122 1262
f 1262 1414 1321
f 1414 1462 1463
f 1462 1499 1567
f 1567 1500 1625
f 1625 1624 1777
f 1777 1773 1941
f 1773 1774 2010
f 1774 1775 2013
f 1775 1564 1565
f 1564 1412 1460
f 1412 1370 1371
f 1370 1368 1371
f 1368 1315 1365
f 1365 1364 1404
f 1364 1454 1404
f 1454 1403 1453
f 1403 1452 1453
f 1452 1553 1554
f 1554 1747 1748
f 1747 1998 2001
f 1998 2132 2133
f 2133 2194 2195
f 2194 2196 2195
f 2196 2243 2246
f 2246 2250 2251
f 2250 2206 2207
f 2206 2013 2011
f 2013 2010 1774
f 2010 1941 1773
f 1941 2143 2077
f 2077 2208 2076
f 2208 2254 2255
f 2254 2472 2383
f 2472 2556 2557
f 3131 3157 3148
f 3157 3168 3148
f 3168 3167 3211
f 3167 3258 3211
f 3258 3240 3287
f 3240 3257 3287
f 3257 3265 3266
f 3265 3255 3285
f 3255 3208 3264
f 3208 3193 3226
f 3193 3179 3194
f 3179 3209 3227
f 3209 3197 3229
f 3197 3147 3198
f 3147 3169 3198
f 3169 3116 3117
f 3116 3059 3027
f 3059 2997 2998
f 2997 3026 2999
f 3026 3060 3061
f 3060 3131 3118
f 288 230 199
f 230 305 255
f 305 273 255
f 273 318 287
f 318 286 287
f 286 271 254
f 271 284 226
f 284 252 226
f 252 330 300
f 330 374 300
f 374 372 342
f 372 373 341
f 373 328 359
f 328 314 282
f 314 329 299
f 329 315 270
f 315 285 253
f 285 227 253
f 227 240 180
f 240 229 180
f 229 214 143
f 214 215 144
f 215 198 132
f 198 275 257
f 257 322 241
f 322 306 241
f 306 352 370
f 370 410 394
f 394 355 354
f 355 383 337
f 383 395 371
f 395 426 419
f 426 425 435
f 435 445 446
f 446 455 457
f 457 456 436
f 456 444 436
f 444 393 418
f 393 334 335
f 334 276 335
f 276 288 199
f 2556 2644 2557
f 2644 2604 2558
f 2604 2606 2559
f 2606 2645 2514
f 2645 2696 2649
f 2649 2700 2650
f 2700 2706 2650
f 2706 2704 2758
f 2758 2757 2899
f 2899 2940 3034
f 3034 3032 3069
f 3032 3033 3069
f 3033 2941 3093
f 3093 3005 3036
f 3036 2943 2973
f 2973 2760 2834
f 2834 2571 2655
f 2571 2393 2480
f 2393 2310 2348
f 2310 2263 2311
f 2263 2157 2097
f 2157 2039 1967
f 2039 1964 1965
f 1964 2034 1962
f 1962 1886 1887
f 1887 1810 1812
f 1812 1648 1707
f 1648 1649 1650
f 1649 1588 1651
f 1588 1653 1652
f 1653 1520 1589
f 1589 1479 1521
f 1521 1379 1427
f 1379 1334 1335
f 1334 1333 1229
f 1229 1179 1083
f 1083 953 909
f 909 718 675
f 718 619 620
f 619 561 562
f 561 536 511
f 536 534 509
f 534 535 509
f 535 589 617
f 617 715 756
f 756 801 906
f 906 905 949
f 949 902 947
f 947 899 859
f 899 895 859
f 895 944 992
f 992 1031 1124
f 1031 1172 1124
f 1172 1123 1321
f 1123 1262 1321
f 1321 1414 1463
f 1463 1462 1502
f 1462 1567 1502
f 1567 1625 1627
f 1625 1777 1779
f 1777 1941 1942
f 2013 1775 2011
f 1775 1565 1770
f 1565 1564 1460
f 1460 1412 1371
f 1371 1368 1406
f 1368 1365 1406
f 1365 1404 1406
f 1404 1454 1495
f 1454 1453 1556
f 1453 1452 1554
f 1554 1748 1555
f 1748 1747 2001
f 2001 1998 2133
f 2133 2195 2134
f 2195 2196 2135
f 2196 2246 2199
f 2246 2251 2248
f 2251 2250 2207
f 2207 2206 2011
f 1941 2077 1942
f 2077 2076 2014
f 2076 2208 2144
f 2208 2255 2144
f 2255 2254 2336
f 2254 2383 2336
f 2383 2472 2557
f 3131 3148 3118
f 3148 3168 3149
f 3168 3211 3170
f 3211 3258 3270
f 3258 3287 3288
f 3287 3257 3266
f 3266 3265 3286
f 3265 3285 3286
f 3285 3255 3264
f 3264 3208 3226
f 3226 3193 3206
f 3193 3194 3207
f 3194 3179 3227
f 3227 3209 3229
f 3229 3197 3210
f 3197 3198 3230
f 3198 3169 3183
f 3169 3117 3183
f 3117 3116 3027
f 3027 3059 2998
f 2998 2997 2999
f 2999 3026 3061
f 3061 3060 3118
f 199 230 146
f 230 255 145
f 255 273 228
f 273 287 228
f 287 286 239
f 286 254 239
f 254 271 226
f 226 252 224
f 252 300 283
f 300 374 342
f 342 372 341
f 341 373 359
f 359 328 298
f 328 282 298
f 282 314 299
f 299 329 270
f 270 315 253
f 253 227 196
f 227 180 179
f 180 229 143
f 143 214 144
f 144 215 131
f 215 132 131
f 132 198 168
f 198 257 216
f 257 241 216
f 241 306 244
f 306 370 309
f 370 394 354
f 354 355 291
f 355 337 291
f 337 383 371
f 371 395 384
f 395 419 384
f 419 426 428
f 426 435 437
f 435 446 457
f 457 436 437
f 436 444 418
f 418 393 353
f 393 335 353
f 335 276 323
f 276 199 258
f 2557 2644 2558
f 2558 2604 2559
f 2559 2606 2514
f 2514 2645 2560
f 2645 2649 2697
f 2649 2650 2611
f 2650 2706 2613
f 2706 2758 2707
f 2758 2899 2832
f 2899 3034 2971
f 3034 3069 3070
f 3069 3033 3093
f 3093 3036 3096
f 3036 2973 3037
f 2973 2834 2974
f 2834 2655 2902
f 2655 2571 2480
f 2480 2393 2348
f 2348 2310 2311
f 2311 2263 2265
f 2263 2097 2218
f 2097 2157 1967
f 1967 2039 1965
f 1965 1964 1890
f 1964 1962 1963
f 1962 1887 1889
f 1887 1812 1813
f 1812 1707 1813
f 1707 1648 1650
f 1650 1649 1651
f 1651 1588 1652
f 1652 1653 1714
f 1653 1589 1655
f 1589 1521 1656
f 1521 1427 1590
f 1427 1379 1335
f 1335 1334 1230
f 1334 1229 1232
f 1229 1083 1180
f 1083 909 1041
f 909 675 910
f 675 718 620
f 620 619 562
f 562 561 538
f 561 511 538
f 511 536 509
f 509 535 510
f 535 617 560
f 617 756 673
f 756 906 803
f 906 949 951
f 949 947 1036
f 947 859 903
f 859 895 900
f 895 992 896
f 992 1124 993
f 1124 1172 1263
f 1172 1321 1263
f 1321 1463 1416
f 1463 1502 1503
f 1502 1567 1568
f 1567 1627 1568
f 1627 1625 1779
f 1779 1777 1942
f 2011 1775 2012
f 1775 1770 2012
f 1770 1565 1562
f 1565 1460 1458
f 1460 1371 1407
f 1371 1406 1407
f 1406 1404 1455
f 1404 1495 1455
f 1495 1454 1556
f 1556 1453 1555
f 1453 1554 1555
f 1555 1748 1752
f 1748 2001 2002
f 2001 2133 2134
f 2134 2195 2135
f 2135 2196 2197
f 2196 2199 2197
f 2199 2246 2248
f 2248 2251 2203
f 2251 2207 2203
f 2207 2011 2142
f 1942 2077 2014
f 2014 2076 2144
f 2144 2255 2145
f 2255 2336 2299
f 2336 2383 2473
f 2383 2557 2473
f 3118 3148 3149
f 3149 3168 3170
f 3170 3211 3200
f 3211 3270 3307
f 3270 3258 3329
f 3258 3288 3329
f 3288 3287 3327
f 3287 3266 3286
f 3286 3285 3325
f 3285 3264 3305
f 3264 3226 3254
f 3226 3206 3254
f 3206 3193 3207
f 3207 3194 3284
f 3194 3227 3256
f 3227 3229 3267
f 3229 3210 3268
f 3210 3197 3230
f 3230 3198 3231
f 3198 3183 3199
f 3183 3117 3133
f 3117 3027 3062
f 3027 2998 3028
f 2998 2999 3028
f 2999 3061 3029
f 3061 3118 3063
f 199 146 147
f 146 230 145
f 145 255 181
f 255 228 181
f 228 287 239
f 239 254 213
f 254 226 213
f 226 224 178
f 224 252 283
f 283 300 342
f 342 341 327
f 341 359 325
f 359 298 326
f 298 282 267
f 282 299 269
f 299 270 269
f 270 253 225
f 253 196 225
f 196 227 166
f 227 179 166
f 179 180 120
f 180 143 120
f 143 144 111
f 144 131 91
f 131 132 78
f 132 168 122
f 168 198 216
f 216 241 182
f 241 244 217
f 244 306 309
f 309 370 354
f 354 291 290
f 291 337 292
f 337 371 324
f 371 384 338
f 384 419 386
f 419 428 386
f 428 426 437
f 437 435 457
f 437 436 428
f 436 418 427
f 418 353 412
f 353 335 323
f 323 276 258
f 258 199 200
f 2557 2558 2473
f 2558 2559 2473
f 2559 2514 2425
f 2514 2560 2427
f 2560 2645 2697
f 2697 2649 2705
f 2649 2611 2705
f 2611 2650 2613
f 2613 2706 2707
f 2707 2758 2832
f 2832 2899 2971
f 2971 3034 3070
f 3070 3069 3094
f 3069 3093 3094
f 3093 3096 3094
f 3096 3036 3072
f 3036 3037 3072
f 3037 2973 2974
f 2974 2834 2902
f 2902 2655 2656
f 2655 2480 2521
f 2480 2348 2394
f 2348 2311 2355
f 2311 2265 2349
f 2265 2263 2218
f 2218 2097 2042
f 2097 1967 1968
f 1967 1965 1892
f 1965 1890 1891
f 1890 1964 1963
f 1963 1962 1889
f 1889 1887 1813
f 1813 1707 1708
f 1707 1650 1709
f 1650 1651 1712
f 1651 1652 1712
f 1652 1714 1712
f 1714 1653 1655
f 1655 1589 1656
f 1656 1521 1590
f 1590 1427 1429
f 1427 1335 1336
f 1335 1230 1231
f 1230 1334 1232
f 1232 1229 1180
f 1180 1083 1041
f 1041 909 910
f 910 675 719
f 675 620 649
f 620 562 593
f 562 538 563
f 538 511 512
f 511 509 512
f 509 510 512
f 510 535 560
f 560 617 673
f 673 756 803
f 803 906 951
f 951 949 1081
f 949 1036 1079
f 1036 947 950
f 947 903 950
f 903 859 900
f 900 895 896
f 896 992 945
f 992 993 945
f 993 1124 1125
f 1124 1263 1125
f 1263 1321 1416
f 1416 1463 1503
f 1503 1502 1568
f 1568 1627 1504
f 1627 1779 1781
f 1779 1942 1944
f 2011 2012 2142
f 2012 1770 2009
f 1770 1562 1771
f 1562 1565 1458
f 1458 1460 1407
f 1407 1406 1457
f 1406 1455 1457
f 1455 1495 1557
f 1495 1556 1615
f 1556 1555 1753
f 1555 1752 1753
f 1752 1748 2002
f 2002 2001 2134
f 2134 2135 2003
f 2135 2197 2071
f 2197 2199 2201
f 2199 2248 2201
f 2248 2203 2201
f 2203 2207 2142
f 1942 2014 1944
f 2014 2144 2079
f 2144 2145 2079
f 2145 2255 2299
f 2299 2336 2425
f 2336 2473 2425
f 3118 3149 3132
f 3149 3170 3158
f 3170 3200 3185
f 3200 3211 3212
f 3211 3307 3212
f 3307 3270 3329
f 3329 3288 3327
f 3327 3287 3344
f 3287 3286 3326
f 3286 3325 3326
f 3325 3285 3342
f 3285 3305 3323
f 3305 3264 3254
f 3254 3206 3237
f 3206 3207 3238
f 3207 3284 3238
f 3284 3194 3256
f 3256 3227 3267
f 3267 3229 3268
f 3268 3210 3230
f 3230 3231 3271
f 3231 3198 3199
f 3199 3183 3171
f 3183 3133 3171
f 3133 3117 3062
f 3062 3027 3028
f 3028 2999 3029
f 3029 3061 3063
f 3063 3118 3119
f 199 147 148
f 147 146 94
f 146 145 93
f 145 181 130
f 181 228 167
f 228 239 197
f 239 213 197
f 213 226 178
f 178 224 212
f 224 283 268
f 283 342 327
f 327 341 325
f 325 359 326
f 326 298 267
f 267 282 251
f 282 269 251
f 269 270 238
f 270 225 238
f 225 196 163
f 196 166 165
f 166 179 119
f 179 120 119
f 120 143 111
f 111 144 91
f 91 131 78
f 78 132 79
f 132 122 81
f 122 168 133
f 168 216 169
f 216 182 169
f 182 241 217
f 217 244 170
f 244 309 246
f 309 354 290
f 290 291 231
f 291 292 231
f 292 337 324
f 324 371 338
f 338 384 386
f 386 428 396
f 428 436 427
f 427 418 412
f 412 353 336
f 353 323 336
f 323 258 308
f 258 200 242
f 200 199 148
f 2473 2559 2425
f 2425 2514 2385
f 2514 2427 2385
f 2427 2560 2607
f 2560 2697 2648
f 2697 2705 2701
f 2705 2611 2651
f 2611 2613 2568
f 2613 2707 2615
f 2707 2832 2759
f 2832 2971 2942
f 2971 3070 3035
f 3070 3094 3095
f 3094 3096 3109
f 3096 3072 3109
f 3072 3037 3038
f 3037 2974 3008
f 2974 2902 2945
f 2902 2656 2903
f 2656 2655 2521
f 2521 2480 2394
f 2394 2348 2355
f 2355 2311 2349
f 2349 2265 2351
f 2265 2218 2266
f 2218 2042 2159
f 2042 2097 1968
f 1968 1967 1892
f 1892 1965 1891
f 1891 1890 1817
f 1890 1963 1817
f 1963 1889 1817
f 1889 1813 1888
f 1813 1708 1814
f 1708 1707 1709
f 1709 1650 1711
f 1650 1712 1711
f 1712 1714 1819
f 1714 1655 1820
f 1655 1656 1822
f 1656 1590 1716
f 1590 1429 1591
f 1429 1427 1336
f 1336 1335 1231
f 1231 1230 1273
f 1230 1232 1272
f 1232 1180 1182
f 1180 1041 1085
f 1041 910 911
f 910 719 911
f 719 675 649
f 649 620 593
f 593 562 563
f 563 538 513
f 538 512 513
f 512 510 539
f 510 560 537
f 560 673 618
f 673 803 757
f 803 951 952
f 951 1081 952
f 1081 949 1079
f 1079 1036 1177
f 1036 950 1080
f 950 903 948
f 903 900 901
f 900 896 945
f 945 993 894
f 993 1125 994
f 1125 1263 1217
f 1263 1416 1217
f 1416 1503 1504
f 1503 1568 1504
f 1504 1627 1572
f 1627 1781 1785
f 1781 1779 1944
f 2142 2012 2139
f 2012 2009 2139
f 2009 1770 1771
f 1771 1562 1768
f 1562 1458 1560
f 1458 1407 1498
f 1407 1457 1498
f 1457 1455 1557
f 1557 1495 1618
f 1495 1615 1616
f 1615 1556 1753
f 1753 1752 2002
f 2002 2134 2003
f 2003 2135 2071
f 2071 2197 2136
f 2197 2201 2136
f 2201 2203 2204
f 2203 2142 2204
f 1944 2014 2015
f 2014 2079 2015
f 2079 2145 2080
f 2145 2299 2147
f 2299 2425 2385
f 3118 3132 3119
f 3132 3149 3158
f 3158 3170 3185
f 3185 3200 3214
f 3200 3212 3214
f 3212 3307 3290
f 3307 3329 3346
f 3329 3327 3372
f 3327 3344 3371
f 3344 3287 3326
f 3326 3325 3343
f 3325 3342 3343
f 3342 3285 3323
f 3323 3305 3341
f 3305 3254 3283
f 3254 3237 3283
f 3237 3206 3238
f 3238 3284 3322
f 3284 3256 3324
f 3256 3267 3306
f 3267 3268 3328
f 3268 3230 3269
f 3230 3271 3269
f 3271 3231 3241
f 3231 3199 3241
f 3199 3171 3201
f 3171 3133 3136
f 3133 3062 3086
f 3062 3028 3064
f 3028 3029 3065
f 3029 3063 3087
f 3063 3119 3087
f 148 147 96
f 147 94 96
f 94 146 93
f 93 145 92
f 145 130 92
f 130 181 167
f 167 228 197
f 197 213 142
f 213 178 142
f 178 212 162
f 212 224 268
f 268 283 327
f 327 325 296
f 325 326 313
f 326 267 297
f 267 251 235
f 251 269 237
f 269 238 237
f 238 225 195
f 225 163 195
f 163 196 165
f 165 166 127
f 166 119 127
f 119 120 76
f 120 111 76
f 111 91 64
f 91 78 64
f 78 79 49
f 79 132 81
f 81 122 95
f 122 133 95
f 133 168 169
f 169 182 123
f 182 217 135
f 217 170 135
f 170 244 183
f 244 246 183
f 246 309 245
f 309 290 245
f 290 231 245
f 231 292 247
f 292 324 280
f 324 338 293
f 338 386 340
f 386 396 358
f 396 428 427
f 427 412 385
f 412 336 356
f 336 323 308
f 308 258 242
f 242 200 201
f 200 148 201
f 2385 2427 2300
f 2427 2607 2474
f 2607 2560 2646
f 2560 2648 2646
f 2648 2697 2701
f 2701 2705 2651
f 2651 2611 2614
f 2611 2568 2614
f 2568 2613 2478
f 2613 2615 2519
f 2615 2707 2759
f 2759 2832 2942
f 2942 2971 3035
f 3035 3070 3095
f 3095 3094 3109
f 3109 3072 3098
f 3072 3038 3098
f 3038 3037 3008
f 3008 2974 2945
f 2945 2902 2903
f 2903 2656 2657
f 2656 2521 2657
f 2521 2394 2481
f 2394 2355 2395
f 2355 2349 2350
f 2349 2351 2312
f 2351 2265 2266
f 2266 2218 2159
f 2159 2042 2044
f 2042 1968 1893
f 1968 1892 1822
f 1892 1891 1820
f 1891 1817 1819
f 1817 1889 1816
f 1889 1888 1816
f 1888 1813 1814
f 1814 1708 1710
f 1708 1709 1711
f 1711 1712 1819
f 1819 1714 1820
f 1820 1655 1822
f 1822 1656 1715
f 1656 1716 1715
f 1716 1590 1717
f 1590 1591 1717
f 1591 1429 1482
f 1429 1336 1381
f 1336 1231 1274
f 1231 1273 1274
f 1273 1230 1272
f 1272 1232 1277
f 1232 1182 1277
f 1182 1180 1085
f 1085 1041 911
f 911 719 759
f 719 649 650
f 649 593 677
f 593 563 678
f 563 513 564
f 513 512 539
f 539 510 537
f 537 560 591
f 560 618 591
f 618 673 757
f 757 803 952
f 952 1081 1037
f 1081 1079 1177
f 1177 1036 1225
f 1036 1080 1225
f 1080 950 1000
f 950 948 1000
f 948 903 904
f 903 901 904
f 901 900 854
f 900 945 854
f 945 894 854
f 894 993 994
f 994 1125 1126
f 1125 1217 1126
f 1217 1416 1417
f 1416 1504 1417
f 1504 1572 1417
f 1572 1627 1785
f 1785 1781 1944
f 2142 2139 2204
f 2139 2009 2008
f 2009 1771 1768
f 1768 1562 1560
f 1560 1458 1498
f 1498 1457 1497
f 1457 1557 1496
f 1557 1618 1558
f 1618 1495 1616
f 1616 1615 1759
f 1615 1753 1756
f 1753 2002 2003
f 2003 2071 1933
f 2071 2136 2005
f 2136 2201 2137
f 2201 2204 2137
f 1944 2015 2081
f 2015 2079 2080
f 2080 2145 2147
f 2147 2299 2300
f 2299 2385 2300
f 3119 3132 3158
f 3158 3185 3186
f 3185 3214 3186
f 3214 3212 3213
f 3212 3290 3213
f 3290 3307 3375
f 3307 3346 3347
f 3346 3329 3372
f 3372 3327 3371
f 3371 3344 3370
f 3344 3326 3370
f 3326 3343 3370
f 3343 3342 3394
f 3342 3323 3393
f 3323 3341 3368
f 3341 3305 3340
f 3305 3283 3340
f 3283 3237 3253
f 3237 3238 3253
f 3238 3322 3282
f 3322 3284 3324
f 3324 3256 3306
f 3306 3267 3328
f 3328 3268 3269
f 3269 3271 3330
f 3271 3241 3289
f 3241 3199 3201
f 3201 3171 3184
f 3171 3136 3172
f 3136 3133 3137
f 3133 3086 3134
f 3086 3062 3064
f 3064 3028 3065
f 3065 3029 3087
f 3087 3119 3106
f 148 96 134
f 96 94 82
f 94 93 80
f 93 92 65
f 92 130 110
f 130 167 121
f 167 197 129
f 197 142 128
f 142 178 164
f 178 162 164
f 162 212 160
f 212 268 194
f 268 327 296
f 296 325 313
f 313 326 297
f 297 267 235
f 235 251 221
f 251 237 222
f 237 238 223
f 238 195 223
f 195 163 161
f 163 165 164
f 165 127 164
f 127 119 90
f 119 76 90
f 76 111 64
f 64 78 49
f 49 79 65
f 79 81 80
f 81 95 82
f 95 133 123
f 133 169 123
f 123 182 135
f 135 170 103
f 170 183 112
f 183 246 207
f 246 245 184
f 245 231 185
f 231 247 185
f 247 292 280
f 280 324 293
f 293 338 294
f 338 340 294
f 340 386 358
f 358 396 357
f 396 427 385
f 385 412 356
f 356 336 310
f 336 308 279
f 308 242 277
f 242 201 202
f 201 148 134
f 2300 2427 2474
f 2474 2607 2561
f 2607 2646 2647
f 2646 2648 2701
f 2701 2651 2702
f 2651 2614 2612
f 2614 2568 2518
f 2568 2478 2434
f 2478 2613 2519
f 2519 2615 2654
f 2615 2759 2654
f 2759 2942 2795
f 2942 3035 2972
f 3035 3095 3071
f 3095 3109 3097
f 3109 3098 3097
f 3098 3038 3039
f 3038 3008 2906
f 3008 2945 2905
f 2945 2903 2904
f 2903 2657 2796
f 2657 2521 2481
f 2481 2394 2395
f 2395 2355 2356
f 2355 2350 2356
f 2350 2349 2312
f 2312 2351 2352
f 2351 2266 2352
f 2266 2159 2267
f 2159 2044 2161
f 2044 2042 1894
f 2042 1893 1894
f 1893 1968 1823
f 1968 1822 1823
f 1822 1892 1820
f 1820 1891 1819
f 1819 1817 1816
f 1816 1888 1814
f 1814 1710 1815
f 1710 1708 1711
f 1711 1819 1816
f 1822 1715 1824
f 1715 1716 1824
f 1716 1717 1825
f 1717 1591 1719
f 1591 1482 1525
f 1482 1429 1381
f 1381 1336 1275
f 1336 1274 1275
f 1274 1273 1183
f 1273 1272 1277
f 1277 1182 1183
f 1182 1085 1132
f 1085 911 1042
f 911 759 912
f 759 719 650
f 650 649 677
f 677 593 678
f 678 563 679
f 563 564 679
f 564 513 540
f 513 539 540
f 539 537 592
f 537 591 592
f 591 618 717
f 618 757 717
f 757 952 908
f 952 1037 908
f 1037 1081 1226
f 1081 1177 1226
f 1177 1225 1268
f 1225 1080 1269
f 1080 1000 1130
f 1000 948 999
f 948 904 946
f 904 901 854
f 854 894 904
f 894 994 995
f 994 1126 1077
f 1126 1217 1218
f 1217 1417 1218
f 1417 1572 1418
f 1572 1785 1630
f 1785 1944 2019
f 2204 2139 2075
f 2139 2008 2075
f 2008 2009 1768
f 1768 1560 1767
f 1560 1498 1497
f 1497 1457 1496
f 1496 1557 1558
f 1558 1618 1620
f 1618 1616 1678
f 1616 1759 1678
f 1759 1615 1756
f 1756 1753 1933
f 1753 2003 1933
f 1933 2071 1934
f 2071 2005 1935
f 2005 2136 2137
f 2137 2204 2075
f 1944 2081 2019
f 2081 2015 2080
f 2080 2147 2081
f 2147 2300 2337
f 3119 3158 3173
f 3158 3186 3173
f 3186 3214 3216
f 3214 3213 3216
f 3213 3290 3291
f 3290 3375 3291
f 3375 3307 3347
f 3347 3346 3415
f 3346 3372 3415
f 3372 3371 3412
f 3371 3370 3411
f 3370 3343 3394
f 3394 3342 3393
f 3393 3323 3368
f 3368 3341 3366
f 3341 3340 3366
f 3340 3283 3365
f 3283 3253 3304
f 3253 3238 3282
f 3282 3322 3367
f 3322 3324 3369
f 3324 3306 3396
f 3306 3328 3396
f 3328 3269 3345
f 3269 3330 3345
f 3330 3271 3289
f 3289 3241 3259
f 3241 3201 3259
f 3201 3184 3242
f 3184 3171 3172
f 3172 3136 3150
f 3136 3137 3150
f 3137 3133 3134
f 3134 3086 3105
f 3086 3064 3105
f 3064 3065 3105
f 3065 3087 3106
f 3106 3119 3135
f 134 96 97
f 96 82 97
f 82 94 80
f 80 93 65
f 65 92 77
f 92 110 77
f 110 130 121
f 121 167 129
f 129 197 128
f 128 142 89
f 142 164 118
f 164 162 163
f 162 160 163
f 160 212 159
f 212 194 159
f 194 268 236
f 268 296 236
f 296 313 266
f 313 297 264
f 297 235 265
f 235 221 210
f 221 251 222
f 222 237 193
f 237 223 193
f 223 195 192
f 195 161 158
f 161 163 160
f 164 127 118
f 127 90 118
f 90 76 47
f 76 64 28
f 64 49 30
f 49 65 48
f 65 79 80
f 80 81 82
f 82 95 97
f 95 123 98
f 123 135 103
f 103 170 112
f 112 183 125
f 183 207 125
f 207 246 184
f 184 245 185
f 185 247 209
f 247 280 233
f 280 293 233
f 293 294 234
f 294 340 312
f 340 358 312
f 358 357 295
f 357 396 385
f 385 356 339
f 356 310 261
f 310 336 279
f 279 308 260
f 308 277 307
f 277 242 259
f 242 202 203
f 202 201 134
f 2300 2474 2337
f 2474 2561 2475
f 2561 2607 2647
f 2647 2646 2698
f 2646 2701 2698
f 2701 2702 2698
f 2702 2651 2652
f 2651 2612 2652
f 2612 2614 2567
f 2614 2518 2567
f 2518 2568 2344
f 2568 2434 2344
f 2434 2478 2519
f 2519 2654 2569
f 2654 2759 2795
f 2795 2942 2972
f 2972 3035 3006
f 3035 3071 3006
f 3071 3095 3097
f 3097 3098 3073
f 3098 3039 3073
f 3039 3038 2907
f 3038 2906 2907
f 2906 3008 2905
f 2905 2945 2904
f 2904 2903 2796
f 2796 2657 2658
f 2657 2481 2523
f 2481 2395 2438
f 2395 2356 2396
f 2356 2350 2312
f 2312 2352 2396
f 2352 2266 2313
f 2266 2267 2313
f 2267 2159 2161
f 2161 2044 2099
f 2044 1894 1896
f 1894 1893 1825
f 1893 1823 1824
f 1823 1822 1824
f 1816 1814 1815
f 1815 1710 1816
f 1710 1711 1816
f 1824 1716 1825
f 1825 1717 1827
f 1717 1719 1827
f 1719 1591 1594
f 1591 1525 1594
f 1525 1482 1481
f 1482 1381 1380
f 1381 1275 1276
f 1275 1274 1183
f 1183 1273 1277
f 1183 1182 1133
f 1182 1132 1088
f 1132 1085 1042
f 1042 911 912
f 912 759 760
f 759 650 682
f 650 677 682
f 677 678 720
f 678 679 806
f 679 564 680
f 564 540 594
f 540 539 594
f 539 592 594
f 592 591 676
f 591 717 674
f 717 757 908
f 908 1037 1038
f 1037 1226 1227
f 1226 1177 1330
f 1177 1268 1330
f 1268 1225 1377
f 1225 1269 1377
f 1269 1080 1130
f 1130 1000 999
f 999 948 997
f 948 946 997
f 946 904 894
f 894 995 946
f 995 994 1077
f 1077 1126 1173
f 1126 1218 1173
f 1218 1417 1418
f 1418 1572 1630
f 1630 1785 1782
f 1785 2019 1946
f 2075 2008 2074
f 2008 1768 1767
f 1767 1560 1623
f 1560 1497 1623
f 1497 1496 1559
f 1496 1558 1559
f 1558 1620 1621
f 1620 1618 1678
f 1678 1759 1762
f 1759 1756 1933
f 1933 1934 1759
f 1934 2071 1935
f 1935 2005 2006
f 2005 2137 2073
f 2137 2075 2074
f 2019 2081 2148
f 2081 2147 2148
f 2147 2337 2148
f 3119 3173 3151
f 3173 3186 3187
f 3186 3216 3202
f 3216 3213 3215
f 3213 3291 3215
f 3291 3375 3376
f 3375 3347 3449
f 3347 3415 3432
f 3415 3372 3412
f 3412 3371 3448
f 3371 3411 3448
f 3411 3370 3394
f 3394 3393 3447
f 3393 3368 3429
f 3368 3366 3392
f 3366 3340 3365
f 3365 3283 3304
f 3304 3253 3303
f 3253 3282 3302
f 3282 3367 3302
f 3367 3322 3369
f 3369 3324 3395
f 3324 3396 3395
f 3396 3328 3413
f 3328 3345 3413
f 3345 3330 3416
f 3330 3289 3373
f 3289 3259 3308
f 3259 3201 3242
f 3242 3184 3232
f 3184 3172 3188
f 3172 3150 3188
f 3150 3137 3152
f 3137 3134 3151
f 3134 3105 3106
f 3105 3065 3106
f 3106 3135 3134
f 3135 3119 3151
f 134 97 136
f 65 77 48
f 77 110 48
f 110 121 63
f 121 129 75
f 129 128 75
f 128 89 75
f 89 142 118
f 160 159 158
f 159 194 157
f 194 236 191
f 236 296 266
f 266 313 264
f 264 297 265
f 265 235 210
f 210 221 189
f 221 222 211
f 222 193 190
f 193 223 192
f 192 195 158
f 158 161 160
f 118 90 74
f 90 47 74
f 47 76 28
f 28 64 30
f 30 49 48
f 97 95 98
f 98 123 100
f 123 103 100
f 103 112 51
f 112 125 84
f 125 207 184
f 184 185 126
f 185 209 126
f 209 247 233
f 233 293 234
f 234 294 250
f 294 312 263
f 312 358 295
f 295 357 339
f 357 385 339
f 339 356 311
f 356 261 311
f 261 310 232
f 310 279 232
f 279 260 205
f 260 308 289
f 308 307 289
f 307 277 278
f 277 259 278
f 259 242 203
f 203 202 149
f 202 134 136
f 2337 2474 2475
f 2475 2561 2515
f 2561 2647 2562
f 2647 2698 2652
f 2698 2702 2652
f 2652 2612 2609
f 2612 2567 2566
f 2567 2518 2433
f 2518 2344 2345
f 2344 2434 2306
f 2434 2519 2391
f 2519 2569 2391
f 2569 2654 2708
f 2654 2795 2708
f 2795 2972 2900
f 2972 3006 2900
f 3006 3071 3007
f 3071 3097 3007
f 3097 3073 3009
f 3073 3039 3009
f 3039 2907 2946
f 2907 2906 2799
f 2906 2905 2835
f 2905 2904 2909
f 2904 2796 2909
f 2796 2658 2797
f 2658 2657 2523
f 2523 2481 2438
f 2438 2395 2483
f 2395 2396 2439
f 2396 2356 2312
f 2396 2352 2353
f 2352 2313 2353
f 2313 2267 2354
f 2267 2161 2264
f 2161 2099 2160
f 2099 2044 2047
f 2044 1896 2047
f 1896 1894 1827
f 1894 1825 1827
f 1825 1893 1824
f 1827 1719 1830
f 1719 1594 1720
f 1594 1525 1527
f 1525 1481 1480
f 1481 1482 1380
f 1380 1381 1276
f 1276 1275 1181
f 1275 1183 1086
f 1183 1133 1087
f 1133 1182 1088
f 1088 1132 1045
f 1132 1042 1043
f 1042 912 1002
f 912 760 913
f 760 759 682
f 682 677 720
f 720 678 806
f 806 679 804
f 679 680 804
f 680 564 594
f 594 592 676
f 676 591 674
f 674 717 860
f 717 908 860
f 908 1038 860
f 1038 1037 1227
f 1227 1226 1330
f 1330 1268 1377
f 1377 1269 1267
f 1269 1130 1267
f 1130 999 1129
f 999 997 1035
f 997 946 1034
f 946 995 1034
f 995 1077 1034
f 1077 1173 1127
f 1173 1218 1219
f 1218 1418 1219
f 1418 1630 1415
f 1630 1782 1569
f 1782 1785 1946
f 1946 2019 2150
f 2074 2008 1939
f 2008 1767 1939
f 1767 1623 1766
f 1623 1497 1559
f 1559 1558 1621
f 1621 1620 1681
f 1620 1678 1680
f 1678 1762 1680
f 1762 1759 1865
f 1759 1934 1865
f 1934 1935 1865
f 1935 2006 1937
f 2006 2005 2073
f 2073 2137 2074
f 2019 2148 2150
f 2148 2337 2338
f 3151 3173 3159
f 3173 3187 3159
f 3187 3186 3202
f 3202 3216 3217
f 3216 3215 3217
f 3215 3291 3293
f 3291 3376 3293
f 3376 3375 3451
f 3375 3449 3451
f 3449 3347 3432
f 3432 3415 3491
f 3415 3412 3481
f 3412 3448 3480
f 3448 3411 3464
f 3411 3394 3464
f 3394 3447 3464
f 3447 3393 3429
f 3429 3368 3392
f 3392 3366 3409
f 3366 3365 3409
f 3365 3304 3410
f 3304 3303 3410
f 3303 3253 3281
f 3253 3302 3281
f 3302 3367 3408
f 3367 3369 3430
f 3369 3395 3431
f 3395 3396 3479
f 3396 3413 3466
f 3413 3345 3414
f 3345 3416 3414
f 3416 3330 3373
f 3373 3289 3374
f 3289 3308 3374
f 3308 3259 3309
f 3259 3242 3309
f 3242 3232 3292
f 3232 3184 3218
f 3184 3188 3218
f 3188 3150 3160
f 3150 3152 3160
f 3152 3137 3159
f 3137 3151 3159
f 3151 3134 3135
f 136 97 101
f 48 110 63
f 63 121 75
f 75 89 62
f 89 118 74
f 158 159 157
f 157 194 191
f 191 236 220
f 236 266 220
f 266 264 220
f 264 265 218
f 265 210 219
f 210 189 188
f 189 221 211
f 211 222 190
f 190 193 156
f 193 192 156
f 192 158 156
f 74 47 45
f 47 28 2
f 28 30 4
f 30 48 5
f 97 98 100
f 100 103 99
f 103 51 102
f 51 112 66
f 112 84 66
f 84 125 124
f 125 184 124
f 184 126 124
f 126 209 140
f 209 233 151
f 233 234 151
f 234 250 171
f 250 294 263
f 263 312 262
f 312 295 262
f 295 339 281
f 339 311 281
f 311 261 208
f 261 232 186
f 232 279 206
f 279 205 206
f 205 260 204
f 260 289 243
f 289 307 278
f 278 259 243
f 259 203 243
f 203 149 204
f 149 202 136
f 2337 2475 2338
f 2475 2515 2428
f 2515 2561 2562
f 2562 2647 2609
f 2647 2652 2609
f 2609 2612 2564
f 2612 2566 2564
f 2566 2567 2433
f 2433 2518 2345
f 2345 2344 2216
f 2344 2306 2216
f 2306 2434 2307
f 2434 2391 2307
f 2391 2569 2392
f 2569 2708 2570
f 2708 2795 2900
f 2900 3006 2901
f 3006 3007 2944
f 3007 3097 3009
f 3009 3039 2946
f 2946 2907 2761
f 2907 2799 2761
f 2799 2906 2835
f 2835 2905 2909
f 2909 2796 2797
f 2797 2658 2659
f 2658 2523 2573
f 2523 2438 2525
f 2438 2483 2526
f 2483 2395 2439
f 2439 2396 2524
f 2396 2353 2482
f 2353 2313 2354
f 2354 2267 2264
f 2264 2161 2160
f 2160 2099 2098
f 2099 2047 2100
f 2047 1896 1898
f 1896 1827 1830
f 1830 1719 1720
f 1720 1594 1595
f 1594 1527 1595
f 1527 1525 1480
f 1480 1481 1428
f 1481 1380 1428
f 1380 1276 1271
f 1276 1181 1271
f 1181 1275 1086
f 1086 1183 1087
f 1087 1133 1044
f 1133 1088 1044
f 1088 1045 956
f 1045 1132 1043
f 1043 1042 1002
f 1002 912 913
f 913 760 761
f 760 682 683
f 682 720 721
f 720 806 865
f 806 804 914
f 804 680 805
f 680 594 681
f 594 676 681
f 676 674 861
f 674 860 861
f 860 1038 1039
f 1038 1227 1178
f 1227 1330 1332
f 1330 1377 1426
f 1377 1267 1424
f 1267 1130 1129
f 1129 999 1035
f 1035 997 1078
f 997 1034 1078
f 1034 1077 1127
f 1127 1173 1220
f 1173 1219 1220
f 1219 1418 1415
f 1415 1630 1569
f 1569 1782 1783
f 1782 1946 2016
f 1946 2150 2146
f 2074 1939 2007
f 1939 1767 1766
f 1766 1623 1621
f 1623 1559 1621
f 1621 1681 1682
f 1681 1620 1680
f 1680 1762 1763
f 1762 1865 1867
f 1865 1935 1937
f 1937 2006 1938
f 2006 2073 2007
f 2073 2074 2007
f 2150 2148 2338
f 3159 3187 3203
f 3187 3202 3203
f 3202 3217 3219
f 3217 3215 3233
f 3215 3293 3294
f 3293 3376 3377
f 3376 3451 3452
f 3451 3449 3512
f 3449 3432 3510
f 3432 3491 3510
f 3491 3415 3481
f 3481 3412 3480
f 3480 3448 3509
f 3448 3464 3509
f 3464 3447 3490
f 3447 3429 3462
f 3429 3392 3446
f 3392 3409 3428
f 3409 3365 3410
f 3410 3303 3364
f 3303 3281 3321
f 3281 3302 3321
f 3302 3408 3339
f 3408 3367 3445
f 3367 3430 3445
f 3430 3369 3431
f 3431 3395 3479
f 3479 3396 3466
f 3466 3413 3414
f 3414 3416 3465
f 3416 3373 3433
f 3373 3374 3433
f 3374 3308 3397
f 3308 3309 3397
f 3309 3242 3292
f 3292 3232 3272
f 3232 3218 3244
f 3218 3188 3220
f 3188 3160 3220
f 3160 3152 3174
f 3152 3159 3189
f 136 101 149
f 48 63 29
f 63 75 46
f 75 62 46
f 62 89 74
f 158 157 156
f 157 191 155
f 191 220 177
f 220 264 218
f 218 265 219
f 219 210 188
f 188 189 154
f 189 211 190
f 190 156 189
f 74 45 62
f 45 47 2
f 2 28 4
f 4 30 3
f 30 5 3
f 5 48 29
f 97 100 99
f 99 103 102
f 102 51 50
f 51 66 8
f 66 84 36
f 84 124 107
f 124 126 107
f 126 140 107
f 140 209 151
f 151 234 171
f 171 250 173
f 250 263 187
f 263 262 175
f 262 295 249
f 295 281 249
f 281 311 248
f 311 208 248
f 208 261 186
f 186 232 150
f 232 206 150
f 206 205 150
f 205 204 137
f 204 260 243
f 243 289 278
f 243 203 204
f 204 149 137
f 2338 2475 2428
f 2428 2515 2476
f 2515 2562 2516
f 2562 2609 2516
f 2609 2564 2516
f 2564 2566 2517
f 2566 2433 2432
f 2433 2345 2305
f 2345 2216 2305
f 2216 2306 2307
f 2307 2391 2392
f 2392 2569 2570
f 2570 2708 2709
f 2708 2900 2709
f 2900 2901 2709
f 2901 3006 2944
f 2944 3007 3009
f 3009 2946 2908
f 2946 2761 2798
f 2761 2799 2661
f 2799 2835 2714
f 2835 2909 2836
f 2909 2797 2910
f 2797 2659 2800
f 2659 2658 2573
f 2573 2523 2525
f 2525 2438 2526
f 2526 2483 2618
f 2483 2439 2574
f 2439 2524 2574
f 2524 2396 2482
f 2482 2353 2437
f 2353 2354 2437
f 2354 2264 2347
f 2264 2160 2158
f 2160 2098 2158
f 2098 2099 2100
f 2100 2047 1971
f 2047 1898 1971
f 1898 1896 1830
f 1830 1720 1829
f 1720 1595 1658
f 1595 1527 1528
f 1527 1480 1522
f 1480 1428 1477
f 1428 1380 1378
f 1380 1271 1378
f 1271 1181 1084
f 1181 1086 1084
f 1086 1087 954
f 1087 1044 954
f 1044 1088 956
f 956 1045 916
f 1045 1043 957
f 1043 1002 955
f 1002 913 915
f 913 761 864
f 761 760 683
f 683 682 722
f 682 721 722
f 721 720 808
f 720 865 808
f 865 806 914
f 914 804 954
f 804 805 954
f 805 680 681
f 681 676 863
f 676 861 862
f 861 860 1039
f 1039 1038 1178
f 1178 1227 1332
f 1332 1330 1426
f 1426 1377 1425
f 1377 1424 1425
f 1424 1267 1376
f 1267 1129 1128
f 1129 1035 1128
f 1035 1078 1128
f 1078 1034 1175
f 1034 1127 1175
f 1127 1220 1175
f 1220 1219 1264
f 1219 1415 1373
f 1415 1569 1465
f 1569 1783 1570
f 1783 1782 2016
f 2016 1946 2146
f 2146 2150 2339
f 2007 1939 1938
f 1939 1766 1938
f 1766 1621 1682
f 1682 1681 1765
f 1681 1680 1763
f 1763 1762 1867
f 1867 1865 1937
f 1937 1938 1869
f 1938 2006 2007
f 2150 2338 2339
f 3159 3203 3189
f 3203 3202 3219
f 3219 3217 3233
f 3233 3215 3243
f 3215 3294 3243
f 3294 3293 3349
f 3293 3377 3379
f 3377 3376 3452
f 3452 3451 3513
f 3451 3512 3513
f 3512 3449 3510
f 3510 3491 3555
f 3491 3481 3554
f 3481 3480 3541
f 3480 3509 3520
f 3509 3464 3490
f 3490 3447 3462
f 3462 3429 3446
f 3446 3392 3428
f 3428 3409 3444
f 3409 3410 3444
f 3410 3364 3427
f 3364 3303 3321
f 3321 3302 3339
f 3339 3408 3426
f 3408 3445 3426
f 3445 3430 3463
f 3430 3431 3463
f 3431 3479 3463
f 3479 3466 3543
f 3466 3414 3465
f 3465 3416 3492
f 3416 3433 3492
f 3433 3374 3450
f 3374 3397 3450
f 3397 3309 3378
f 3309 3292 3348
f 3292 3272 3331
f 3272 3232 3244
f 3244 3218 3220
f 3220 3160 3190
f 3160 3174 3190
f 3174 3152 3189
f 149 101 137
f 29 63 46
f 46 62 27
f 156 157 155
f 155 191 177
f 177 220 218
f 218 219 188
f 188 154 152
f 154 189 156
f 62 45 27
f 45 2 27
f 2 4 1
f 4 3 1
f 3 5 27
f 5 29 27
f 99 102 101
f 102 50 83
f 50 51 8
f 8 66 36
f 36 84 55
f 84 107 57
f 107 140 68
f 140 151 87
f 151 171 109
f 171 173 109
f 173 250 187
f 187 263 175
f 175 262 174
f 262 249 174
f 249 281 248
f 248 208 141
f 208 186 139
f 186 150 139
f 150 205 138
f 205 137 138
f 2338 2428 2339
f 2428 2476 2386
f 2476 2515 2516
f 2516 2564 2477
f 2564 2517 2477
f 2517 2566 2432
f 2432 2433 2305
f 2305 2216 2154
f 2216 2307 2217
f 2307 2392 2309
f 2392 2570 2435
f 2570 2709 2572
f 2709 2901 2710
f 2901 2944 2710
f 2944 3009 2908
f 2908 2946 2798
f 2798 2761 2660
f 2761 2661 2660
f 2661 2799 2714
f 2714 2835 2763
f 2835 2836 2763
f 2836 2909 2912
f 2909 2910 2912
f 2910 2797 2800
f 2800 2659 2713
f 2659 2573 2662
f 2573 2525 2617
f 2525 2526 2619
f 2526 2618 2663
f 2618 2483 2574
f 2574 2524 2660
f 2524 2482 2660
f 2482 2437 2522
f 2437 2354 2347
f 2347 2264 2262
f 2264 2158 2262
f 2158 2098 2156
f 2098 2100 2045
f 2100 1971 2045
f 1971 1898 1899
f 1898 1830 1829
f 1829 1720 1658
f 1658 1595 1596
f 1595 1528 1596
f 1528 1527 1522
f 1522 1480 1478
f 1480 1477 1478
f 1477 1428 1378
f 1378 1271 1270
f 1271 1084 1131
f 1084 1086 1001
f 1086 954 1001
f 954 1044 914
f 1044 956 865
f 956 916 808
f 916 1045 957
f 957 1043 955
f 955 1002 915
f 915 913 864
f 864 761 762
f 761 683 684
f 683 722 684
f 722 721 809
f 721 808 809
f 808 865 956
f 865 914 1044
f 954 805 1001
f 805 681 863
f 863 676 862
f 862 861 1040
f 861 1039 1040
f 1039 1178 1131
f 1178 1332 1270
f 1332 1426 1477
f 1426 1425 1477
f 1425 1424 1473
f 1424 1376 1511
f 1376 1267 1224
f 1267 1128 1224
f 1128 1078 1224
f 1078 1175 1223
f 1175 1220 1265
f 1220 1264 1265
f 1264 1219 1322
f 1219 1373 1322
f 1373 1415 1465
f 1465 1569 1570
f 1570 1783 1573
f 1783 2016 2017
f 2016 2146 2082
f 2146 2339 2210
f 1938 1766 1869
f 1766 1682 1765
f 1765 1681 1763
f 1763 1867 1868
f 1867 1937 1868
f 1937 1869 1868
f 3189 3203 3234
f 3203 3219 3234
f 3219 3233 3260
f 3233 3243 3260
f 3243 3294 3273
f 3294 3349 3332
f 3349 3293 3380
f 3293 3379 3380
f 3379 3377 3434
f 3377 3452 3434
f 3452 3513 3434
f 3513 3512 3558
f 3512 3510 3544
f 3510 3555 3544
f 3555 3491 3554
f 3554 3481 3542
f 3481 3541 3542
f 3541 3480 3520
f 3520 3509 3538
f 3509 3490 3538
f 3490 3462 3478
f 3462 3446 3478
f 3446 3428 3477
f 3428 3444 3460
f 3444 3410 3427
f 3427 3364 3391
f 3364 3321 3390
f 3321 3339 3390
f 3339 3426 3390
f 3426 3445 3461
f 3445 3463 3489
f 3463 3479 3519
f 3479 3543 3540
f 3543 3466 3465
f 3465 3492 3543
f 3492 3433 3511
f 3433 3450 3511
f 3450 3397 3467
f 3397 3378 3417
f 3378 3309 3348
f 3348 3292 3331
f 3331 3272 3295
f 3272 3244 3295
f 3244 3220 3235
f 3220 3190 3235
f 3190 3174 3191
f 3174 3189 3191
f 137 101 104
f 29 46 27
f 156 155 154
f 155 177 153
f 177 218 176
f 218 188 176
f 188 152 176
f 152 154 153
f 27 2 1
f 1 3 27
f 101 102 83
f 83 50 32
f 50 8 31
f 8 36 14
f 36 55 54
f 55 84 57
f 57 107 38
f 107 68 38
f 68 140 87
f 87 151 109
f 109 173 115
f 173 187 115
f 187 175 117
f 175 174 116
f 174 249 172
f 249 248 172
f 248 141 172
f 141 208 139
f 139 150 113
f 150 138 106
f 138 137 105
f 2339 2428 2386
f 2386 2476 2430
f 2476 2516 2430
f 2516 2477 2430
f 2477 2517 2431
f 2517 2432 2431
f 2432 2305 2431
f 2305 2154 2215
f 2154 2216 2155
f 2216 2217 2155
f 2217 2307 2309
f 2309 2392 2435
f 2435 2570 2572
f 2572 2709 2710
f 2710 2944 2711
f 2944 2908 2712
f 2908 2798 2712
f 2798 2660 2616
f 2660 2661 2574
f 2661 2714 2574
f 2714 2763 2618
f 2763 2836 2803
f 2836 2912 2803
f 2912 2910 2911
f 2910 2800 2911
f 2800 2713 2801
f 2713 2659 2662
f 2662 2573 2617
f 2617 2525 2619
f 2619 2526 2663
f 2663 2618 2763
f 2618 2574 2714
f 2660 2482 2616
f 2482 2522 2616
f 2522 2437 2347
f 2347 2262 2346
f 2262 2158 2156
f 2156 2098 2095
f 2098 2045 2041
f 2045 1971 1972
f 1971 1899 1972
f 1899 1898 1829
f 1829 1658 1828
f 1658 1596 1657
f 1596 1528 1529
f 1528 1522 1524
f 1522 1478 1518
f 1478 1477 1517
f 1477 1378 1332
f 1378 1270 1332
f 1270 1271 1131
f 1131 1084 1040
f 1084 1001 863
f 808 916 809
f 916 957 811
f 957 955 868
f 955 915 867
f 915 864 866
f 864 762 807
f 762 761 684
f 684 722 686
f 722 809 764
f 1001 805 863
f 863 862 1084
f 862 1040 1084
f 1040 1039 1131
f 1131 1178 1270
f 1477 1425 1475
f 1425 1473 1513
f 1473 1424 1511
f 1511 1376 1472
f 1376 1224 1375
f 1224 1078 1223
f 1223 1175 1266
f 1175 1265 1266
f 1265 1264 1324
f 1264 1322 1323
f 1322 1373 1467
f 1373 1465 1466
f 1465 1570 1573
f 1573 1783 1784
f 1783 2017 1947
f 2017 2016 2082
f 2082 2146 2210
f 2210 2339 2256
f 1869 1766 1765
f 1765 1763 1868
f 1868 1869 1765
f 3189 3234 3221
f 3234 3219 3245
f 3219 3260 3245
f 3260 3243 3273
f 3273 3294 3332
f 3332 3349 3419
f 3349 3380 3436
f 3380 3379 3435
f 3379 3434 3435
f 3434 3513 3493
f 3513 3558 3546
f 3558 3512 3557
f 3512 3544 3557
f 3544 3555 3569
f 3555 3554 3588
f 3554 3542 3600
f 3542 3541 3567
f 3541 3520 3539
f 3520 3538 3539
f 3538 3490 3530
f 3490 3478 3507
f 3478 3446 3477
f 3477 3428 3460
f 3460 3444 3475
f 3444 3427 3475
f 3427 3391 3475
f 3391 3364 3390
f 3390 3426 3443
f 3426 3461 3443
f 3461 3445 3506
f 3445 3489 3506
f 3489 3463 3518
f 3463 3519 3518
f 3519 3479 3540
f 3540 3543 3568
f 3543 3492 3545
f 3492 3511 3545
f 3511 3450 3521
f 3450 3467 3521
f 3467 3397 3417
f 3417 3378 3418
f 3378 3348 3418
f 3348 3331 3398
f 3331 3295 3381
f 3295 3244 3274
f 3244 3235 3274
f 3235 3190 3222
f 3190 3191 3222
f 3191 3189 3221
f 137 104 105
f 104 101 83
f 154 155 153
f 153 177 176
f 176 152 153
f 83 32 52
f 32 50 31
f 31 8 7
f 8 14 7
f 14 36 35
f 36 54 35
f 54 55 57
f 57 38 56
f 38 68 39
f 68 87 59
f 87 109 69
f 109 115 69
f 115 187 117
f 117 175 116
f 116 174 114
f 174 172 114
f 172 141 86
f 141 139 108
f 139 113 108
f 113 150 106
f 106 138 105
f 2339 2386 2340
f 2386 2430 2341
f 2430 2477 2389
f 2477 2431 2343
f 2431 2305 2343
f 2305 2215 2343
f 2215 2154 2027
f 2154 2155 2091
f 2155 2217 2156
f 2217 2309 2156
f 2309 2435 2346
f 2435 2572 2436
f 2572 2710 2520
f 2710 2711 2520
f 2711 2944 2712
f 2712 2798 2616
f 2763 2803 2663
f 2803 2912 2804
f 2912 2911 2914
f 2911 2800 2801
f 2801 2713 2762
f 2713 2662 2764
f 2662 2617 2715
f 2617 2619 2716
f 2619 2663 2766
f 2616 2522 2712
f 2522 2347 2436
f 2347 2346 2436
f 2346 2262 2309
f 2262 2156 2309
f 2156 2095 2096
f 2095 2098 2037
f 2098 2041 2037
f 2041 2045 2046
f 2045 1972 2046
f 1972 1899 1897
f 1899 1829 1828
f 1828 1658 1657
f 1657 1596 1593
f 1596 1529 1593
f 1529 1528 1524
f 1524 1522 1518
f 1518 1478 1517
f 1517 1477 1475
f 809 916 811
f 811 957 868
f 868 955 867
f 867 915 866
f 866 864 807
f 807 762 763
f 762 684 723
f 684 686 685
f 686 722 764
f 764 809 811
f 1475 1425 1513
f 1513 1473 1583
f 1473 1511 1583
f 1511 1472 1641
f 1472 1376 1375
f 1375 1224 1223
f 1223 1266 1326
f 1266 1265 1326
f 1265 1324 1325
f 1324 1264 1323
f 1323 1322 1420
f 1322 1467 1420
f 1467 1373 1466
f 1466 1465 1573
f 1573 1784 1631
f 1784 1783 1947
f 1947 2017 2082
f 2082 2210 2149
f 2210 2256 2151
f 2256 2339 2340
f 3221 3234 3275
f 3234 3245 3275
f 3245 3260 3296
f 3260 3273 3310
f 3273 3332 3310
f 3332 3419 3399
f 3419 3349 3436
f 3436 3380 3453
f 3380 3435 3453
f 3435 3434 3494
f 3434 3493 3494
f 3493 3513 3546
f 3546 3558 3604
f 3558 3557 3571
f 3557 3544 3590
f 3544 3569 3590
f 3569 3555 3588
f 3588 3554 3600
f 3600 3542 3587
f 3542 3567 3587
f 3567 3541 3539
f 3539 3538 3552
f 3538 3530 3552
f 3530 3490 3507
f 3507 3478 3488
f 3478 3477 3488
f 3477 3460 3475
f 3475 3391 3459
f 3391 3390 3459
f 3390 3443 3459
f 3443 3461 3476
f 3461 3506 3504
f 3506 3489 3508
f 3489 3518 3508
f 3518 3519 3537
f 3519 3540 3553
f 3540 3568 3586
f 3568 3543 3545
f 3545 3511 3521
f 3521 3467 3522
f 3467 3417 3482
f 3417 3418 3483
f 3418 3348 3398
f 3398 3331 3381
f 3381 3295 3333
f 3295 3274 3333
f 3274 3235 3334
f 3235 3222 3297
f 3222 3191 3223
f 3191 3221 3223
f 105 104 53
f 104 83 52
f 52 32 33
f 32 31 6
f 31 7 6
f 7 14 10
f 14 35 10
f 35 54 67
f 54 57 56
f 56 38 37
f 38 39 16
f 39 68 59
f 59 87 69
f 69 115 72
f 115 117 72
f 117 116 88
f 116 114 71
f 114 172 86
f 86 141 108
f 108 113 85
f 113 106 85
f 106 105 67
f 2340 2386 2341
f 2341 2430 2342
f 2430 2389 2342
f 2389 2477 2343
f 2343 2215 2258
f 2215 2027 2090
f 2027 2154 2091
f 2091 2155 2092
f 2155 2156 2096
f 2346 2435 2436
f 2436 2572 2520
f 2520 2711 2522
f 2711 2712 2522
f 2663 2803 2766
f 2803 2804 2766
f 2804 2912 2914
f 2914 2911 2913
f 2911 2801 2837
f 2801 2762 2802
f 2762 2713 2764
f 2764 2662 2715
f 2715 2617 2716
f 2716 2619 2766
f 2522 2436 2520
f 2096 2095 2036
f 2095 2037 2036
f 2037 2041 2040
f 2041 2046 2043
f 2046 1972 1970
f 1972 1897 1970
f 1897 1899 1828
f 1828 1657 1826
f 1657 1593 1718
f 1593 1529 1526
f 1529 1524 1526
f 1524 1518 1523
f 1518 1517 1519
f 1517 1475 1514
f 811 868 767
f 868 867 812
f 867 866 810
f 866 807 763
f 763 762 723
f 723 684 685
f 685 686 687
f 686 764 687
f 764 811 767
f 1475 1513 1514
f 1513 1583 1584
f 1583 1511 1642
f 1511 1641 1642
f 1641 1472 1580
f 1472 1375 1580
f 1375 1223 1327
f 1223 1326 1327
f 1326 1265 1325
f 1325 1324 1374
f 1324 1323 1374
f 1323 1420 1421
f 1420 1467 1506
f 1467 1466 1631
f 1466 1573 1631
f 1631 1784 1787
f 1784 1947 1949
f 1947 2082 2149
f 2149 2210 2151
f 2151 2256 2152
f 2256 2340 2257
f 3221 3275 3261
f 3275 3245 3296
f 3296 3260 3310
f 3310 3332 3399
f 3399 3419 3470
f 3419 3436 3470
f 3436 3453 3495
f 3453 3435 3494
f 3494 3493 3548
f 3493 3546 3548
f 3546 3604 3592
f 3604 3558 3573
f 3558 3571 3573
f 3571 3557 3590
f 3590 3569 3602
f 3569 3588 3602
f 3588 3600 3622
f 3600 3587 3635
f 3587 3567 3618
f 3567 3539 3566
f 3539 3552 3566
f 3552 3530 3529
f 3530 3507 3508
f 3507 3488 3505
f 3488 3477 3503
f 3477 3475 3503
f 3475 3459 3499
f 3459 3443 3476
f 3476 3461 3504
f 3504 3506 3507
f 3506 3508 3507
f 3508 3518 3529
f 3518 3537 3529
f 3537 3519 3585
f 3519 3553 3585
f 3553 3540 3586
f 3586 3568 3601
f 3568 3545 3589
f 3545 3521 3556
f 3521 3522 3559
f 3522 3467 3482
f 3482 3417 3483
f 3483 3418 3468
f 3418 3398 3468
f 3398 3381 3469
f 3381 3333 3437
f 3333 3274 3334
f 3334 3235 3311
f 3235 3297 3311
f 3297 3222 3223
f 3223 3221 3261
f 105 53 34
f 53 104 52
f 52 33 53
f 33 32 9
f 32 6 9
f 6 7 10
f 10 35 13
f 35 67 34
f 67 54 85
f 54 56 85
f 56 37 108
f 37 38 16
f 16 39 19
f 39 59 41
f 59 69 42
f 69 72 42
f 72 117 88
f 88 116 73
f 116 71 73
f 71 114 70
f 114 86 58
f 86 108 37
f 108 85 56
f 85 106 67
f 67 105 34
f 2340 2341 2301
f 2341 2342 2303
f 2342 2389 2303
f 2389 2343 2258
f 2258 2215 2090
f 2090 2027 1954
f 2027 2091 2029
f 2091 2092 2029
f 2092 2155 2031
f 2155 2096 2031
f 2766 2804 2807
f 2804 2914 2915
f 2914 2913 2915
f 2913 2911 2837
f 2837 2801 2802
f 2802 2762 2764
f 2764 2715 2765
f 2715 2716 2767
f 2716 2766 2807
f 2096 2036 2032
f 2036 2037 2038
f 2037 2040 2038
f 2040 2041 2043
f 2043 2046 1970
f 1970 1897 1895
f 1897 1828 1826
f 1826 1657 1718
f 1718 1593 1592
f 1593 1526 1592
f 1526 1524 1523
f 1523 1518 1519
f 1519 1517 1586
f 1517 1514 1586
f 767 868 812
f 812 867 810
f 810 866 763
f 763 723 765
f 723 685 724
f 685 687 724
f 687 764 726
f 764 767 726
f 1514 1513 1584
f 1584 1583 1700
f 1583 1642 1700
f 1642 1641 1800
f 1641 1580 1801
f 1580 1375 1510
f 1375 1327 1423
f 1327 1326 1423
f 1326 1325 1423
f 1325 1374 1423
f 1374 1323 1421
f 1421 1420 1506
f 1506 1467 1631
f 1631 1787 1633
f 1787 1784 1949
f 1949 1947 2149
f 2149 2151 1949
f 2151 2152 2022
f 2152 2256 2257
f 2257 2340 2301
f 3261 3275 3350
f 3275 3296 3382
f 3296 3310 3382
f 3310 3399 3382
f 3399 3470 3471
f 3470 3436 3495
f 3495 3453 3514
f 3453 3494 3514
f 3494 3548 3514
f 3548 3546 3592
f 3592 3604 3625
f 3604 3573 3572
f 3573 3571 3572
f 3571 3590 3603
f 3590 3602 3621
f 3602 3588 3622
f 3622 3600 3637
f 3600 3635 3637
f 3635 3587 3618
f 3618 3567 3566
f 3566 3552 3551
f 3552 3529 3551
f 3529 3530 3508
f 3507 3505 3504
f 3505 3488 3503
f 3503 3475 3501
f 3475 3499 3501
f 3499 3459 3487
f 3459 3476 3487
f 3476 3504 3502
f 3529 3537 3551
f 3537 3585 3551
f 3585 3553 3586
f 3586 3601 3619
f 3601 3568 3621
f 3568 3589 3621
f 3589 3545 3556
f 3556 3521 3559
f 3559 3522 3531
f 3522 3482 3531
f 3482 3483 3532
f 3483 3468 3533
f 3468 3398 3469
f 3469 3381 3437
f 3437 3333 3334
f 3334 3311 3438
f 3311 3297 3400
f 3297 3223 3298
f 3223 3261 3298
f 34 53 12
f 53 33 12
f 33 9 11
f 9 6 11
f 6 10 11
f 10 13 11
f 13 35 34
f 37 16 15
f 16 19 18
f 19 39 41
f 41 59 42
f 42 72 43
f 72 88 61
f 88 73 61
f 73 71 44
f 71 70 60
f 70 114 58
f 58 86 15
f 86 37 15
f 2301 2341 2302
f 2341 2303 2302
f 2303 2389 2304
f 2389 2258 2304
f 2258 2090 2026
f 2090 1954 2026
f 1954 2027 1882
f 2027 2029 1882
f 2029 2092 1957
f 2092 2031 1957
f 2031 2096 2032
f 2807 2804 2840
f 2804 2915 2840
f 2915 2913 2838
f 2913 2837 2838
f 2837 2802 2805
f 2802 2764 2765
f 2765 2715 2767
f 2767 2716 2807
f 2032 2036 2038
f 2038 2040 1966
f 2040 2043 1969
f 2043 1970 1969
f 1970 1895 1969
f 1895 1897 1826
f 1826 1718 1821
f 1718 1592 1713
f 1592 1526 1523
f 1523 1519 1654
f 1519 1586 1646
f 1586 1514 1643
f 767 812 766
f 812 810 766
f 810 763 765
f 765 723 724
f 724 687 725
f 687 726 725
f 726 767 766
f 1514 1584 1643
f 1584 1700 1701
f 1700 1642 1800
f 1800 1641 1801
f 1801 1580 1799
f 1580 1510 1799
f 1510 1375 1423
f 1423 1374 1470
f 1374 1421 1470
f 1421 1506 1470
f 1506 1631 1633
f 1633 1787 1788
f 1787 1949 1874
f 1949 2151 2022
f 2022 2152 2153
f 2152 2257 2153
f 2257 2301 2213
f 3261 3350 3312
f 3350 3275 3382
f 3382 3399 3439
f 3399 3471 3439
f 3471 3470 3525
f 3470 3495 3534
f 3495 3514 3549
f 3514 3548 3560
f 3548 3592 3593
f 3592 3625 3593
f 3625 3604 3624
f 3604 3572 3591
f 3572 3571 3570
f 3571 3603 3570
f 3603 3590 3621
f 3621 3602 3622
f 3622 3637 3639
f 3637 3635 3667
f 3635 3618 3662
f 3618 3566 3617
f 3566 3551 3565
f 3504 3505 3502
f 3505 3503 3501
f 3501 3499 3500
f 3499 3487 3500
f 3487 3476 3502
f 3585 3586 3599
f 3586 3619 3599
f 3619 3601 3620
f 3601 3621 3620
f 3621 3589 3603
f 3589 3556 3570
f 3556 3559 3572
f 3559 3531 3591
f 3531 3482 3547
f 3482 3532 3547
f 3532 3483 3533
f 3533 3468 3524
f 3468 3469 3524
f 3469 3437 3496
f 3437 3334 3438
f 3438 3311 3400
f 3400 3297 3383
f 3297 3298 3383
f 3298 3261 3312
f 34 12 13
f 12 33 11
f 15 16 18
f 18 19 22
f 19 41 22
f 41 42 23
f 42 43 23
f 43 72 61
f 61 73 44
f 44 71 60
f 60 70 40
f 70 58 40
f 58 15 17
f 2301 2302 2213
f 2302 2303 2214
f 2303 2304 2214
f 2304 2258 2214
f 2258 2026 2088
f 2026 1954 1801
f 1954 1882 1800
f 1882 2029 1957
f 1957 2031 1959
f 2031 2032 1959
f 2807 2840 2806
f 2840 2915 2839
f 2915 2838 2839
f 2838 2837 2805
f 2805 2802 2765
f 2765 2767 2806
f 2767 2807 2806
f 2032 2038 1961
f 2038 1966 1961
f 1966 2040 1969
f 1969 1895 1818
f 1895 1826 1821
f 1821 1718 1713
f 1713 1592 1654
f 1592 1523 1654
f 1654 1519 1646
f 1646 1586 1644
f 1586 1643 1644
f 766 810 765
f 765 724 725
f 725 726 766
f 1643 1584 1701
f 1701 1700 1803
f 1700 1800 1803
f 1800 1801 1954
f 1801 1799 2026
f 1799 1510 1638
f 1510 1423 1470
f 1470 1506 1578
f 1506 1633 1577
f 1633 1788 1636
f 1788 1787 1874
f 1874 1949 2022
f 2022 2153 2086
f 2153 2257 2213
f 3312 3350 3401
f 3350 3382 3439
f 3439 3471 3497
f 3471 3525 3515
f 3525 3470 3534
f 3534 3495 3549
f 3549 3514 3560
f 3560 3548 3593
f 3593 3625 3644
f 3625 3624 3644
f 3624 3604 3623
f 3604 3591 3605
f 3591 3572 3559
f 3572 3570 3556
f 3570 3603 3589
f 3621 3622 3640
f 3622 3639 3640
f 3639 3637 3667
f 3667 3635 3664
f 3635 3662 3664
f 3662 3618 3617
f 3617 3566 3565
f 3502 3505 3501
f 3501 3500 3502
f 3500 3487 3502
f 3585 3599 3616
f 3599 3619 3636
f 3619 3620 3638
f 3620 3621 3640
f 3591 3531 3574
f 3531 3547 3574
f 3547 3532 3574
f 3532 3533 3575
f 3533 3524 3577
f 3524 3469 3523
f 3469 3496 3523
f 3496 3437 3438
f 3438 3400 3485
f 3400 3383 3486
f 3383 3298 3384
f 3298 3312 3384
f 15 18 17
f 18 22 17
f 22 41 23
f 23 43 26
f 43 61 26
f 61 44 26
f 44 60 25
f 60 40 20
f 40 58 17
f 2213 2302 2214
f 2214 2258 2088
f 2088 2026 1799
f 1800 1882 1803
f 1882 1957 1883
f 1957 1959 1883
f 1959 2032 1885
f 2806 2840 2839
f 2839 2838 2805
f 2805 2765 2806
f 2032 1961 1885
f 1961 1966 1811
f 1966 1969 1818
f 1818 1895 1821
f 1821 1713 1811
f 1713 1654 1706
f 1654 1646 1706
f 1646 1644 1705
f 1644 1643 1702
f 766 765 725
f 1643 1701 1702
f 1701 1803 1804
f 1799 1638 1795
f 1638 1510 1578
f 1510 1470 1578
f 1578 1506 1577
f 1577 1633 1636
f 1636 1788 1792
f 1788 1874 1877
f 1874 2022 1951
f 2022 2086 2024
f 2086 2153 2213
f 3312 3401 3420
f 3401 3350 3439
f 3439 3497 3472
f 3497 3471 3515
f 3515 3525 3550
f 3525 3534 3579
f 3534 3549 3594
f 3549 3560 3594
f 3560 3593 3606
f 3593 3644 3606
f 3644 3624 3673
f 3624 3623 3669
f 3623 3604 3605
f 3605 3591 3574
f 3640 3639 3668
f 3639 3667 3668
f 3667 3664 3666
f 3664 3662 3661
f 3662 3617 3661
f 3617 3565 3616
f 3585 3616 3565
f 3616 3599 3634
f 3599 3636 3634
f 3636 3619 3638
f 3638 3620 3668
f 3620 3640 3668
f 3574 3532 3575
f 3575 3533 3576
f 3533 3577 3576
f 3577 3524 3578
f 3524 3523 3578
f 3523 3496 3561
f 3496 3438 3484
f 3438 3485 3484
f 3485 3400 3486
f 3486 3383 3473
f 3383 3384 3473
f 3384 3312 3420
f 17 22 21
f 22 23 26
f 26 44 25
f 25 60 24
f 60 20 24
f 20 40 17
f 2213 2214 2086
f 2214 2088 2086
f 2088 1799 1879
f 1803 1882 1883
f 1883 1959 1884
f 1959 1885 1884
f 2806 2839 2805
f 1885 1961 1808
f 1961 1811 1808
f 1811 1966 1818
f 1818 1821 1811
f 1811 1713 1706
f 1706 1646 1705
f 1705 1644 1702
f 1702 1701 1806
f 1701 1804 1806
f 1804 1803 1883
f 1799 1795 1879
f 1795 1638 1792
f 1638 1578 1577
f 1577 1636 1638
f 1636 1792 1638
f 1792 1788 1877
f 1877 1874 1951
f 1951 2022 2024
f 2024 2086 2088
f 3420 3401 3454
f 3401 3439 3472
f 3472 3497 3526
f 3497 3515 3550
f 3550 3525 3579
f 3579 3534 3595
f 3534 3594 3595
f 3594 3560 3606
f 3606 3644 3646
f 3644 3673 3681
f 3673 3624 3669
f 3669 3623 3642
f 3623 3605 3641
f 3605 3574 3575
f 3668 3667 3666
f 3666 3664 3663
f 3664 3661 3663
f 3661 3617 3616
f 3616 3634 3661
f 3634 3636 3665
f 3636 3638 3665
f 3638 3668 3665
f 3575 3576 3643
f 3576 3577 3626
f 3577 3578 3607
f 3578 3523 3561
f 3561 3496 3535
f 3496 3484 3535
f 3484 3485 3535
f 3485 3486 3536
f 3486 3473 3517
f 3473 3384 3474
f 3384 3420 3474
f 17 21 20
f 21 22 25
f 22 26 25
f 25 24 21
f 24 20 21
f 2088 1879 2024
f 1883 1884 1806
f 1884 1885 1808
f 1808 1811 1706
f 1706 1705 1808
f 1705 1702 1806
f 1806 1804 1883
f 1879 1795 1792
f 1792 1877 1879
f 1877 1951 1879
f 1951 2024 1879
f 3420 3454 3498
f 3454 3401 3472
f 3472 3526 3516
f 3526 3497 3550
f 3550 3579 3581
f 3579 3595 3629
f 3595 3594 3646
f 3594 3606 3646
f 3646 3644 3681
f 3681 3673 3680
f 3673 3669 3672
f 3669 3642 3671
f 3642 3623 3641
f 3641 3605 3575
f 3668 3666 3665
f 3666 3663 3665
f 3663 3661 3634
f 3634 3665 3663
f 3575 3643 3641
f 3643 3576 3626
f 3626 3577 3647
f 3577 3607 3647
f 3607 3578 3596
f 3578 3561 3596
f 3561 3535 3580
f 3535 3485 3536
f 3536 3486 3517
f 3517 3473 3527
f 3473 3474 3527
f 3474 3420 3498
f 1806 1884 1808
f 1808 1705 1806
f 3498 3454 3516
f 3454 3472 3516
f 3516 3526 3582
f 3526 3550 3581
f 3581 3579 3629
f 3629 3595 3649
f 3595 3646 3649
f 3646 3681 3649
f 3681 3680 3648
f 3680 3673 3672
f 3672 3669 3671
f 3671 3642 3641
f 3641 3643 3670
f 3643 3626 3645
f 3626 3647 3677
f 3647 3607 3648
f 3607 3596 3627
f 3596 3561 3580
f 3580 3535 3536
f 3536 3517 3597
f 3517 3527 3562
f 3527 3474 3528
f 3474 3498 3528
f 3498 3516 3564
f 3516 3582 3583
f 3582 3526 3581
f 3581 3629 3608
f 3629 3649 3650
f 3649 3681 3650
f 3681 3648 3650
f 3648 3680 3679
f 3680 3672 3675
f 3671 3669 3670
f 3671 3641 3670
f 3670 3643 3645
f 3645 3626 3677
f 3677 3647 3679
f 3647 3648 3679
f 3648 3607 3627
f 3627 3596 3628
f 3596 3580 3628
f 3580 3536 3597
f 3597 3517 3562
f 3562 3527 3584
f 3527 3528 3584
f 3528 3498 3564
f 3564 3516 3583
f 3583 3582 3610
f 3582 3581 3609
f 3581 3608 3609
f 3608 3629 3653
f 3629 3650 3651
f 3650 3648 3627
f 3679 3680 3675
f 3675 3672 3670
f 3670 3645 3674
f 3645 3677 3676
f 3627 3628 3651
f 3628 3580 3652
f 3580 3597 3652
f 3597 3562 3630
f 3562 3584 3612
f 3584 3528 3563
f 3528 3564 3563
f 3564 3583 3613
f 3583 3610 3613
f 3610 3582 3609
f 3609 3608 3631
f 3608 3653 3655
f 3653 3629 3651
f 3651 3650 3627
f 3679 3675 3678
f 3675 3670 3676
f 3670 3674 3676
f 3674 3645 3676
f 3651 3628 3653
f 3628 3652 3653
f 3652 3597 3654
f 3597 3630 3654
f 3630 3562 3611
f 3562 3612 3611
f 3612 3584 3614
f 3584 3563 3614
f 3563 3564 3598
f 3564 3613 3598
f 3613 3610 3658
f 3610 3609 3631
f 3631 3608 3655
f 3655 3653 3682
f 3678 3675 3676
f 3653 3652 3682
f 3652 3654 3682
f 3654 3630 3683
f 3630 3611 3656
f 3611 3612 3632
f 3612 3614 3660
f 3614 3563 3615
f 3563 3598 3615
f 3598 3613 3633
f 3613 3658 3659
f 3658 3610 3631
f 3631 3655 3657
f 3655 3682 3685
f 3682 3654 3684
f 3654 3683 3684
f 3683 3630 3656
f 3656 3611 3632
f 3632 3612 3660
f 3660 3614 3615
f 3615 3598 3633
f 3633 3613 3659
f 3659 3658 3688
f 3658 3631 3657
f 3657 3655 3685
f 3685 3682 3684
f 3684 3683 3687
f 3683 3656 3686
f 3656 3632 3686
f 3632 3660 3690
f 3660 3615 3633
f 3633 3659 3691
f 3659 3688 3691
f 3688 3658 3657
f 3657 3685 3687
f 3685 3684 3687
f 3687 3683 3686
f 3686 3632 3689
f 3632 3690 3689
f 3690 3660 3691
f 3660 3633 3691
f 3691 3688 3687
f 3688 3657 3687
f 3687 3686 3690
f 3686 3689 3690
f 3690 3691 3687

